scenario_id,fleet_size,hotpatch_delivery_success,hotpatch_delivery_delay_h,ota_rollout_duration_days,attack_attempt_level,attack_attempt_rate_per_vehicle_day,rollback_failure_rate,effective_hotpatch_success,ota_only_exposure_vehicle_days,hotpatch_first_exposure_vehicle_days,exposure_reduction_vehicle_days,exposure_reduction_fraction,ota_only_expected_attack_attempts,hotpatch_first_expected_attack_attempts,ota_only_expected_successful_attacks,hotpatch_first_expected_successful_attacks,attack_success_probability,model
FS0001,100,0.70,1,7,low,0.0100,0.00,0.700000,350.000000,107.907986,242.092014,0.691691,3.500000,1.079080,2.709000,0.835208,0.774000,uniform_ota_closed_form_expectation
FS0002,100,0.70,1,7,low,0.0100,0.01,0.693000,350.000000,110.328906,239.671094,0.684775,3.500000,1.103289,2.709000,0.853946,0.774000,uniform_ota_closed_form_expectation
FS0003,100,0.70,1,7,low,0.0100,0.05,0.665000,350.000000,120.012587,229.987413,0.657107,3.500000,1.200126,2.709000,0.928897,0.774000,uniform_ota_closed_form_expectation
FS0004,100,0.70,1,7,medium,0.0500,0.00,0.700000,350.000000,107.907986,242.092014,0.691691,17.500000,5.395399,13.545000,4.176039,0.774000,uniform_ota_closed_form_expectation
FS0005,100,0.70,1,7,medium,0.0500,0.01,0.693000,350.000000,110.328906,239.671094,0.684775,17.500000,5.516445,13.545000,4.269729,0.774000,uniform_ota_closed_form_expectation
FS0006,100,0.70,1,7,medium,0.0500,0.05,0.665000,350.000000,120.012587,229.987413,0.657107,17.500000,6.000629,13.545000,4.644487,0.774000,uniform_ota_closed_form_expectation
FS0007,100,0.70,1,7,high,0.2000,0.00,0.700000,350.000000,107.907986,242.092014,0.691691,70.000000,21.581597,54.180000,16.704156,0.774000,uniform_ota_closed_form_expectation
FS0008,100,0.70,1,7,high,0.2000,0.01,0.693000,350.000000,110.328906,239.671094,0.684775,70.000000,22.065781,54.180000,17.078915,0.774000,uniform_ota_closed_form_expectation
FS0009,100,0.70,1,7,high,0.2000,0.05,0.665000,350.000000,120.012587,229.987413,0.657107,70.000000,24.002517,54.180000,18.577948,0.774000,uniform_ota_closed_form_expectation
FS0010,100,0.70,1,14,low,0.0100,0.00,0.700000,700.000000,212.912326,487.087674,0.695840,7.000000,2.129123,5.418000,1.647941,0.774000,uniform_ota_closed_form_expectation
FS0011,100,0.70,1,14,low,0.0100,0.01,0.693000,700.000000,217.783203,482.216797,0.688881,7.000000,2.177832,5.418000,1.685642,0.774000,uniform_ota_closed_form_expectation
FS0012,100,0.70,1,14,low,0.0100,0.05,0.665000,700.000000,237.266710,462.733290,0.661048,7.000000,2.372667,5.418000,1.836444,0.774000,uniform_ota_closed_form_expectation
FS0013,100,0.70,1,14,medium,0.0500,0.00,0.700000,700.000000,212.912326,487.087674,0.695840,35.000000,10.645616,27.090000,8.239707,0.774000,uniform_ota_closed_form_expectation
FS0014,100,0.70,1,14,medium,0.0500,0.01,0.693000,700.000000,217.783203,482.216797,0.688881,35.000000,10.889160,27.090000,8.428210,0.774000,uniform_ota_closed_form_expectation
FS0015,100,0.70,1,14,medium,0.0500,0.05,0.665000,700.000000,237.266710,462.733290,0.661048,35.000000,11.863336,27.090000,9.182222,0.774000,uniform_ota_closed_form_expectation
FS0016,100,0.70,1,14,high,0.2000,0.00,0.700000,700.000000,212.912326,487.087674,0.695840,140.000000,42.582465,108.360000,32.958828,0.774000,uniform_ota_closed_form_expectation
FS0017,100,0.70,1,14,high,0.2000,0.01,0.693000,700.000000,217.783203,482.216797,0.688881,140.000000,43.556641,108.360000,33.712840,0.774000,uniform_ota_closed_form_expectation
FS0018,100,0.70,1,14,high,0.2000,0.05,0.665000,700.000000,237.266710,462.733290,0.661048,140.000000,47.453342,108.360000,36.728887,0.774000,uniform_ota_closed_form_expectation
FS0019,100,0.70,1,30,low,0.0100,0.00,0.700000,1500.000000,452.914641,1047.085359,0.698057,15.000000,4.529146,11.610000,3.505559,0.774000,uniform_ota_closed_form_expectation
FS0020,100,0.70,1,30,low,0.0100,0.01,0.693000,1500.000000,463.385495,1036.614505,0.691076,15.000000,4.633855,11.610000,3.586604,0.774000,uniform_ota_closed_form_expectation
FS0021,100,0.70,1,30,low,0.0100,0.05,0.665000,1500.000000,505.268909,994.731091,0.663154,15.000000,5.052689,11.610000,3.910781,0.774000,uniform_ota_closed_form_expectation
FS0022,100,0.70,1,30,medium,0.0500,0.00,0.700000,1500.000000,452.914641,1047.085359,0.698057,75.000000,22.645732,58.050000,17.527797,0.774000,uniform_ota_closed_form_expectation
FS0023,100,0.70,1,30,medium,0.0500,0.01,0.693000,1500.000000,463.385495,1036.614505,0.691076,75.000000,23.169275,58.050000,17.933019,0.774000,uniform_ota_closed_form_expectation
FS0024,100,0.70,1,30,medium,0.0500,0.05,0.665000,1500.000000,505.268909,994.731091,0.663154,75.000000,25.263445,58.050000,19.553907,0.774000,uniform_ota_closed_form_expectation
FS0025,100,0.70,1,30,high,0.2000,0.00,0.700000,1500.000000,452.914641,1047.085359,0.698057,300.000000,90.582928,232.200000,70.111186,0.774000,uniform_ota_closed_form_expectation
FS0026,100,0.70,1,30,high,0.2000,0.01,0.693000,1500.000000,463.385495,1036.614505,0.691076,300.000000,92.677099,232.200000,71.732075,0.774000,uniform_ota_closed_form_expectation
FS0027,100,0.70,1,30,high,0.2000,0.05,0.665000,1500.000000,505.268909,994.731091,0.663154,300.000000,101.053782,232.200000,78.215627,0.774000,uniform_ota_closed_form_expectation
FS0028,100,0.70,1,60,low,0.0100,0.00,0.700000,3000.000000,902.915654,2097.084346,0.699028,30.000000,9.029157,23.220000,6.988567,0.774000,uniform_ota_closed_form_expectation
FS0029,100,0.70,1,60,low,0.0100,0.01,0.693000,3000.000000,923.886497,2076.113503,0.692038,30.000000,9.238865,23.220000,7.150881,0.774000,uniform_ota_closed_form_expectation
FS0030,100,0.70,1,60,low,0.0100,0.05,0.665000,3000.000000,1007.769871,1992.230129,0.664077,30.000000,10.077699,23.220000,7.800139,0.774000,uniform_ota_closed_form_expectation
FS0031,100,0.70,1,60,medium,0.0500,0.00,0.700000,3000.000000,902.915654,2097.084346,0.699028,150.000000,45.145783,116.100000,34.942836,0.774000,uniform_ota_closed_form_expectation
FS0032,100,0.70,1,60,medium,0.0500,0.01,0.693000,3000.000000,923.886497,2076.113503,0.692038,150.000000,46.194325,116.100000,35.754407,0.774000,uniform_ota_closed_form_expectation
FS0033,100,0.70,1,60,medium,0.0500,0.05,0.665000,3000.000000,1007.769871,1992.230129,0.664077,150.000000,50.388494,116.100000,39.000694,0.774000,uniform_ota_closed_form_expectation
FS0034,100,0.70,1,60,high,0.2000,0.00,0.700000,3000.000000,902.915654,2097.084346,0.699028,600.000000,180.583131,464.400000,139.771343,0.774000,uniform_ota_closed_form_expectation
FS0035,100,0.70,1,60,high,0.2000,0.01,0.693000,3000.000000,923.886497,2076.113503,0.692038,600.000000,184.777299,464.400000,143.017630,0.774000,uniform_ota_closed_form_expectation
FS0036,100,0.70,1,60,high,0.2000,0.05,0.665000,3000.000000,1007.769871,1992.230129,0.664077,600.000000,201.553974,464.400000,156.002776,0.774000,uniform_ota_closed_form_expectation
FS0037,100,0.70,6,7,low,0.0100,0.00,0.700000,350.000000,122.187500,227.812500,0.650893,3.500000,1.221875,2.709000,0.945731,0.774000,uniform_ota_closed_form_expectation
FS0038,100,0.70,6,7,low,0.0100,0.01,0.693000,350.000000,124.465625,225.534375,0.644384,3.500000,1.244656,2.709000,0.963364,0.774000,uniform_ota_closed_form_expectation
FS0039,100,0.70,6,7,low,0.0100,0.05,0.665000,350.000000,133.578125,216.421875,0.618348,3.500000,1.335781,2.709000,1.033895,0.774000,uniform_ota_closed_form_expectation
FS0040,100,0.70,6,7,medium,0.0500,0.00,0.700000,350.000000,122.187500,227.812500,0.650893,17.500000,6.109375,13.545000,4.728656,0.774000,uniform_ota_closed_form_expectation
FS0041,100,0.70,6,7,medium,0.0500,0.01,0.693000,350.000000,124.465625,225.534375,0.644384,17.500000,6.223281,13.545000,4.816820,0.774000,uniform_ota_closed_form_expectation
FS0042,100,0.70,6,7,medium,0.0500,0.05,0.665000,350.000000,133.578125,216.421875,0.618348,17.500000,6.678906,13.545000,5.169473,0.774000,uniform_ota_closed_form_expectation
FS0043,100,0.70,6,7,high,0.2000,0.00,0.700000,350.000000,122.187500,227.812500,0.650893,70.000000,24.437500,54.180000,18.914625,0.774000,uniform_ota_closed_form_expectation
FS0044,100,0.70,6,7,high,0.2000,0.01,0.693000,350.000000,124.465625,225.534375,0.644384,70.000000,24.893125,54.180000,19.267279,0.774000,uniform_ota_closed_form_expectation
FS0045,100,0.70,6,7,high,0.2000,0.05,0.665000,350.000000,133.578125,216.421875,0.618348,70.000000,26.715625,54.180000,20.677894,0.774000,uniform_ota_closed_form_expectation
FS0046,100,0.70,6,14,low,0.0100,0.00,0.700000,700.000000,227.343750,472.656250,0.675223,7.000000,2.273438,5.418000,1.759641,0.774000,uniform_ota_closed_form_expectation
FS0047,100,0.70,6,14,low,0.0100,0.01,0.693000,700.000000,232.070313,467.929687,0.668471,7.000000,2.320703,5.418000,1.796224,0.774000,uniform_ota_closed_form_expectation
FS0048,100,0.70,6,14,low,0.0100,0.05,0.665000,700.000000,250.976563,449.023437,0.641462,7.000000,2.509766,5.418000,1.942559,0.774000,uniform_ota_closed_form_expectation
FS0049,100,0.70,6,14,medium,0.0500,0.00,0.700000,700.000000,227.343750,472.656250,0.675223,35.000000,11.367188,27.090000,8.798203,0.774000,uniform_ota_closed_form_expectation
FS0050,100,0.70,6,14,medium,0.0500,0.01,0.693000,700.000000,232.070313,467.929687,0.668471,35.000000,11.603516,27.090000,8.981121,0.774000,uniform_ota_closed_form_expectation
FS0051,100,0.70,6,14,medium,0.0500,0.05,0.665000,700.000000,250.976563,449.023437,0.641462,35.000000,12.548828,27.090000,9.712793,0.774000,uniform_ota_closed_form_expectation
FS0052,100,0.70,6,14,high,0.2000,0.00,0.700000,700.000000,227.343750,472.656250,0.675223,140.000000,45.468750,108.360000,35.192813,0.774000,uniform_ota_closed_form_expectation
FS0053,100,0.70,6,14,high,0.2000,0.01,0.693000,700.000000,232.070313,467.929687,0.668471,140.000000,46.414063,108.360000,35.924484,0.774000,uniform_ota_closed_form_expectation
FS0054,100,0.70,6,14,high,0.2000,0.05,0.665000,700.000000,250.976563,449.023437,0.641462,140.000000,50.195313,108.360000,38.851172,0.774000,uniform_ota_closed_form_expectation
FS0055,100,0.70,6,30,low,0.0100,0.00,0.700000,1500.000000,467.427083,1032.572917,0.688382,15.000000,4.674271,11.610000,3.617886,0.774000,uniform_ota_closed_form_expectation
FS0056,100,0.70,6,30,low,0.0100,0.01,0.693000,1500.000000,477.752813,1022.247187,0.681498,15.000000,4.777528,11.610000,3.697807,0.774000,uniform_ota_closed_form_expectation
FS0057,100,0.70,6,30,low,0.0100,0.05,0.665000,1500.000000,519.055729,980.944271,0.653963,15.000000,5.190557,11.610000,4.017491,0.774000,uniform_ota_closed_form_expectation
FS0058,100,0.70,6,30,medium,0.0500,0.00,0.700000,1500.000000,467.427083,1032.572917,0.688382,75.000000,23.371354,58.050000,18.089428,0.774000,uniform_ota_closed_form_expectation
FS0059,100,0.70,6,30,medium,0.0500,0.01,0.693000,1500.000000,477.752813,1022.247187,0.681498,75.000000,23.887641,58.050000,18.489034,0.774000,uniform_ota_closed_form_expectation
FS0060,100,0.70,6,30,medium,0.0500,0.05,0.665000,1500.000000,519.055729,980.944271,0.653963,75.000000,25.952786,58.050000,20.087457,0.774000,uniform_ota_closed_form_expectation
FS0061,100,0.70,6,30,high,0.2000,0.00,0.700000,1500.000000,467.427083,1032.572917,0.688382,300.000000,93.485417,232.200000,72.357713,0.774000,uniform_ota_closed_form_expectation
FS0062,100,0.70,6,30,high,0.2000,0.01,0.693000,1500.000000,477.752813,1022.247187,0.681498,300.000000,95.550563,232.200000,73.956135,0.774000,uniform_ota_closed_form_expectation
FS0063,100,0.70,6,30,high,0.2000,0.05,0.665000,1500.000000,519.055729,980.944271,0.653963,300.000000,103.811146,232.200000,80.349827,0.774000,uniform_ota_closed_form_expectation
FS0064,100,0.70,6,60,low,0.0100,0.00,0.700000,3000.000000,917.463542,2082.536458,0.694179,30.000000,9.174635,23.220000,7.101168,0.774000,uniform_ota_closed_form_expectation
FS0065,100,0.70,6,60,low,0.0100,0.01,0.693000,3000.000000,938.288906,2061.711094,0.687237,30.000000,9.382889,23.220000,7.262356,0.774000,uniform_ota_closed_form_expectation
FS0066,100,0.70,6,60,low,0.0100,0.05,0.665000,3000.000000,1021.590365,1978.409635,0.659470,30.000000,10.215904,23.220000,7.907109,0.774000,uniform_ota_closed_form_expectation
FS0067,100,0.70,6,60,medium,0.0500,0.00,0.700000,3000.000000,917.463542,2082.536458,0.694179,150.000000,45.873177,116.100000,35.505839,0.774000,uniform_ota_closed_form_expectation
FS0068,100,0.70,6,60,medium,0.0500,0.01,0.693000,3000.000000,938.288906,2061.711094,0.687237,150.000000,46.914445,116.100000,36.311781,0.774000,uniform_ota_closed_form_expectation
FS0069,100,0.70,6,60,medium,0.0500,0.05,0.665000,3000.000000,1021.590365,1978.409635,0.659470,150.000000,51.079518,116.100000,39.535547,0.774000,uniform_ota_closed_form_expectation
FS0070,100,0.70,6,60,high,0.2000,0.00,0.700000,3000.000000,917.463542,2082.536458,0.694179,600.000000,183.492708,464.400000,142.023356,0.774000,uniform_ota_closed_form_expectation
FS0071,100,0.70,6,60,high,0.2000,0.01,0.693000,3000.000000,938.288906,2061.711094,0.687237,600.000000,187.657781,464.400000,145.247123,0.774000,uniform_ota_closed_form_expectation
FS0072,100,0.70,6,60,high,0.2000,0.05,0.665000,3000.000000,1021.590365,1978.409635,0.659470,600.000000,204.318073,464.400000,158.142188,0.774000,uniform_ota_closed_form_expectation
FS0073,100,0.70,24,7,low,0.0100,0.00,0.700000,350.000000,170.000000,180.000000,0.514286,3.500000,1.700000,2.709000,1.315800,0.774000,uniform_ota_closed_form_expectation
FS0074,100,0.70,24,7,low,0.0100,0.01,0.693000,350.000000,171.800000,178.200000,0.509143,3.500000,1.718000,2.709000,1.329732,0.774000,uniform_ota_closed_form_expectation
FS0075,100,0.70,24,7,low,0.0100,0.05,0.665000,350.000000,179.000000,171.000000,0.488571,3.500000,1.790000,2.709000,1.385460,0.774000,uniform_ota_closed_form_expectation
FS0076,100,0.70,24,7,medium,0.0500,0.00,0.700000,350.000000,170.000000,180.000000,0.514286,17.500000,8.500000,13.545000,6.579000,0.774000,uniform_ota_closed_form_expectation
FS0077,100,0.70,24,7,medium,0.0500,0.01,0.693000,350.000000,171.800000,178.200000,0.509143,17.500000,8.590000,13.545000,6.648660,0.774000,uniform_ota_closed_form_expectation
FS0078,100,0.70,24,7,medium,0.0500,0.05,0.665000,350.000000,179.000000,171.000000,0.488571,17.500000,8.950000,13.545000,6.927300,0.774000,uniform_ota_closed_form_expectation
FS0079,100,0.70,24,7,high,0.2000,0.00,0.700000,350.000000,170.000000,180.000000,0.514286,70.000000,34.000000,54.180000,26.316000,0.774000,uniform_ota_closed_form_expectation
FS0080,100,0.70,24,7,high,0.2000,0.01,0.693000,350.000000,171.800000,178.200000,0.509143,70.000000,34.360000,54.180000,26.594640,0.774000,uniform_ota_closed_form_expectation
FS0081,100,0.70,24,7,high,0.2000,0.05,0.665000,350.000000,179.000000,171.000000,0.488571,70.000000,35.800000,54.180000,27.709200,0.774000,uniform_ota_closed_form_expectation
FS0082,100,0.70,24,14,low,0.0100,0.00,0.700000,700.000000,277.500000,422.500000,0.603571,7.000000,2.775000,5.418000,2.147850,0.774000,uniform_ota_closed_form_expectation
FS0083,100,0.70,24,14,low,0.0100,0.01,0.693000,700.000000,281.725000,418.275000,0.597536,7.000000,2.817250,5.418000,2.180552,0.774000,uniform_ota_closed_form_expectation
FS0084,100,0.70,24,14,low,0.0100,0.05,0.665000,700.000000,298.625000,401.375000,0.573393,7.000000,2.986250,5.418000,2.311358,0.774000,uniform_ota_closed_form_expectation
FS0085,100,0.70,24,14,medium,0.0500,0.00,0.700000,700.000000,277.500000,422.500000,0.603571,35.000000,13.875000,27.090000,10.739250,0.774000,uniform_ota_closed_form_expectation
FS0086,100,0.70,24,14,medium,0.0500,0.01,0.693000,700.000000,281.725000,418.275000,0.597536,35.000000,14.086250,27.090000,10.902758,0.774000,uniform_ota_closed_form_expectation
FS0087,100,0.70,24,14,medium,0.0500,0.05,0.665000,700.000000,298.625000,401.375000,0.573393,35.000000,14.931250,27.090000,11.556788,0.774000,uniform_ota_closed_form_expectation
FS0088,100,0.70,24,14,high,0.2000,0.00,0.700000,700.000000,277.500000,422.500000,0.603571,140.000000,55.500000,108.360000,42.957000,0.774000,uniform_ota_closed_form_expectation
FS0089,100,0.70,24,14,high,0.2000,0.01,0.693000,700.000000,281.725000,418.275000,0.597536,140.000000,56.345000,108.360000,43.611030,0.774000,uniform_ota_closed_form_expectation
FS0090,100,0.70,24,14,high,0.2000,0.05,0.665000,700.000000,298.625000,401.375000,0.573393,140.000000,59.725000,108.360000,46.227150,0.774000,uniform_ota_closed_form_expectation
FS0091,100,0.70,24,30,low,0.0100,0.00,0.700000,1500.000000,518.833333,981.166667,0.654111,15.000000,5.188333,11.610000,4.015770,0.774000,uniform_ota_closed_form_expectation
FS0092,100,0.70,24,30,low,0.0100,0.01,0.693000,1500.000000,528.645000,971.355000,0.647570,15.000000,5.286450,11.610000,4.091712,0.774000,uniform_ota_closed_form_expectation
FS0093,100,0.70,24,30,low,0.0100,0.05,0.665000,1500.000000,567.891667,932.108333,0.621406,15.000000,5.678917,11.610000,4.395482,0.774000,uniform_ota_closed_form_expectation
FS0094,100,0.70,24,30,medium,0.0500,0.00,0.700000,1500.000000,518.833333,981.166667,0.654111,75.000000,25.941667,58.050000,20.078850,0.774000,uniform_ota_closed_form_expectation
FS0095,100,0.70,24,30,medium,0.0500,0.01,0.693000,1500.000000,528.645000,971.355000,0.647570,75.000000,26.432250,58.050000,20.458562,0.774000,uniform_ota_closed_form_expectation
FS0096,100,0.70,24,30,medium,0.0500,0.05,0.665000,1500.000000,567.891667,932.108333,0.621406,75.000000,28.394583,58.050000,21.977408,0.774000,uniform_ota_closed_form_expectation
FS0097,100,0.70,24,30,high,0.2000,0.00,0.700000,1500.000000,518.833333,981.166667,0.654111,300.000000,103.766667,232.200000,80.315400,0.774000,uniform_ota_closed_form_expectation
FS0098,100,0.70,24,30,high,0.2000,0.01,0.693000,1500.000000,528.645000,971.355000,0.647570,300.000000,105.729000,232.200000,81.834246,0.774000,uniform_ota_closed_form_expectation
FS0099,100,0.70,24,30,high,0.2000,0.05,0.665000,1500.000000,567.891667,932.108333,0.621406,300.000000,113.578333,232.200000,87.909630,0.774000,uniform_ota_closed_form_expectation
FS0100,100,0.70,24,60,low,0.0100,0.00,0.700000,3000.000000,969.416667,2030.583333,0.676861,30.000000,9.694167,23.220000,7.503285,0.774000,uniform_ota_closed_form_expectation
FS0101,100,0.70,24,60,low,0.0100,0.01,0.693000,3000.000000,989.722500,2010.277500,0.670092,30.000000,9.897225,23.220000,7.660452,0.774000,uniform_ota_closed_form_expectation
FS0102,100,0.70,24,60,low,0.0100,0.05,0.665000,3000.000000,1070.945833,1929.054167,0.643018,30.000000,10.709458,23.220000,8.289121,0.774000,uniform_ota_closed_form_expectation
FS0103,100,0.70,24,60,medium,0.0500,0.00,0.700000,3000.000000,969.416667,2030.583333,0.676861,150.000000,48.470833,116.100000,37.516425,0.774000,uniform_ota_closed_form_expectation
FS0104,100,0.70,24,60,medium,0.0500,0.01,0.693000,3000.000000,989.722500,2010.277500,0.670092,150.000000,49.486125,116.100000,38.302261,0.774000,uniform_ota_closed_form_expectation
FS0105,100,0.70,24,60,medium,0.0500,0.05,0.665000,3000.000000,1070.945833,1929.054167,0.643018,150.000000,53.547292,116.100000,41.445604,0.774000,uniform_ota_closed_form_expectation
FS0106,100,0.70,24,60,high,0.2000,0.00,0.700000,3000.000000,969.416667,2030.583333,0.676861,600.000000,193.883333,464.400000,150.065700,0.774000,uniform_ota_closed_form_expectation
FS0107,100,0.70,24,60,high,0.2000,0.01,0.693000,3000.000000,989.722500,2010.277500,0.670092,600.000000,197.944500,464.400000,153.209043,0.774000,uniform_ota_closed_form_expectation
FS0108,100,0.70,24,60,high,0.2000,0.05,0.665000,3000.000000,1070.945833,1929.054167,0.643018,600.000000,214.189167,464.400000,165.782415,0.774000,uniform_ota_closed_form_expectation
FS0109,100,0.70,72,7,low,0.0100,0.00,0.700000,350.000000,270.000000,80.000000,0.228571,3.500000,2.700000,2.709000,2.089800,0.774000,uniform_ota_closed_form_expectation
FS0110,100,0.70,72,7,low,0.0100,0.01,0.693000,350.000000,270.800000,79.200000,0.226286,3.500000,2.708000,2.709000,2.095992,0.774000,uniform_ota_closed_form_expectation
FS0111,100,0.70,72,7,low,0.0100,0.05,0.665000,350.000000,274.000000,76.000000,0.217143,3.500000,2.740000,2.709000,2.120760,0.774000,uniform_ota_closed_form_expectation
FS0112,100,0.70,72,7,medium,0.0500,0.00,0.700000,350.000000,270.000000,80.000000,0.228571,17.500000,13.500000,13.545000,10.449000,0.774000,uniform_ota_closed_form_expectation
FS0113,100,0.70,72,7,medium,0.0500,0.01,0.693000,350.000000,270.800000,79.200000,0.226286,17.500000,13.540000,13.545000,10.479960,0.774000,uniform_ota_closed_form_expectation
FS0114,100,0.70,72,7,medium,0.0500,0.05,0.665000,350.000000,274.000000,76.000000,0.217143,17.500000,13.700000,13.545000,10.603800,0.774000,uniform_ota_closed_form_expectation
FS0115,100,0.70,72,7,high,0.2000,0.00,0.700000,350.000000,270.000000,80.000000,0.228571,70.000000,54.000000,54.180000,41.796000,0.774000,uniform_ota_closed_form_expectation
FS0116,100,0.70,72,7,high,0.2000,0.01,0.693000,350.000000,270.800000,79.200000,0.226286,70.000000,54.160000,54.180000,41.919840,0.774000,uniform_ota_closed_form_expectation
FS0117,100,0.70,72,7,high,0.2000,0.05,0.665000,350.000000,274.000000,76.000000,0.217143,70.000000,54.800000,54.180000,42.415200,0.774000,uniform_ota_closed_form_expectation
FS0118,100,0.70,72,14,low,0.0100,0.00,0.700000,700.000000,397.500000,302.500000,0.432143,7.000000,3.975000,5.418000,3.076650,0.774000,uniform_ota_closed_form_expectation
FS0119,100,0.70,72,14,low,0.0100,0.01,0.693000,700.000000,400.525000,299.475000,0.427821,7.000000,4.005250,5.418000,3.100064,0.774000,uniform_ota_closed_form_expectation
FS0120,100,0.70,72,14,low,0.0100,0.05,0.665000,700.000000,412.625000,287.375000,0.410536,7.000000,4.126250,5.418000,3.193718,0.774000,uniform_ota_closed_form_expectation
FS0121,100,0.70,72,14,medium,0.0500,0.00,0.700000,700.000000,397.500000,302.500000,0.432143,35.000000,19.875000,27.090000,15.383250,0.774000,uniform_ota_closed_form_expectation
FS0122,100,0.70,72,14,medium,0.0500,0.01,0.693000,700.000000,400.525000,299.475000,0.427821,35.000000,20.026250,27.090000,15.500318,0.774000,uniform_ota_closed_form_expectation
FS0123,100,0.70,72,14,medium,0.0500,0.05,0.665000,700.000000,412.625000,287.375000,0.410536,35.000000,20.631250,27.090000,15.968588,0.774000,uniform_ota_closed_form_expectation
FS0124,100,0.70,72,14,high,0.2000,0.00,0.700000,700.000000,397.500000,302.500000,0.432143,140.000000,79.500000,108.360000,61.533000,0.774000,uniform_ota_closed_form_expectation
FS0125,100,0.70,72,14,high,0.2000,0.01,0.693000,700.000000,400.525000,299.475000,0.427821,140.000000,80.105000,108.360000,62.001270,0.774000,uniform_ota_closed_form_expectation
FS0126,100,0.70,72,14,high,0.2000,0.05,0.665000,700.000000,412.625000,287.375000,0.410536,140.000000,82.525000,108.360000,63.874350,0.774000,uniform_ota_closed_form_expectation
FS0127,100,0.70,72,30,low,0.0100,0.00,0.700000,1500.000000,649.500000,850.500000,0.567000,15.000000,6.495000,11.610000,5.027130,0.774000,uniform_ota_closed_form_expectation
FS0128,100,0.70,72,30,low,0.0100,0.01,0.693000,1500.000000,658.005000,841.995000,0.561330,15.000000,6.580050,11.610000,5.092959,0.774000,uniform_ota_closed_form_expectation
FS0129,100,0.70,72,30,low,0.0100,0.05,0.665000,1500.000000,692.025000,807.975000,0.538650,15.000000,6.920250,11.610000,5.356274,0.774000,uniform_ota_closed_form_expectation
FS0130,100,0.70,72,30,medium,0.0500,0.00,0.700000,1500.000000,649.500000,850.500000,0.567000,75.000000,32.475000,58.050000,25.135650,0.774000,uniform_ota_closed_form_expectation
FS0131,100,0.70,72,30,medium,0.0500,0.01,0.693000,1500.000000,658.005000,841.995000,0.561330,75.000000,32.900250,58.050000,25.464793,0.774000,uniform_ota_closed_form_expectation
FS0132,100,0.70,72,30,medium,0.0500,0.05,0.665000,1500.000000,692.025000,807.975000,0.538650,75.000000,34.601250,58.050000,26.781368,0.774000,uniform_ota_closed_form_expectation
FS0133,100,0.70,72,30,high,0.2000,0.00,0.700000,1500.000000,649.500000,850.500000,0.567000,300.000000,129.900000,232.200000,100.542600,0.774000,uniform_ota_closed_form_expectation
FS0134,100,0.70,72,30,high,0.2000,0.01,0.693000,1500.000000,658.005000,841.995000,0.561330,300.000000,131.601000,232.200000,101.859174,0.774000,uniform_ota_closed_form_expectation
FS0135,100,0.70,72,30,high,0.2000,0.05,0.665000,1500.000000,692.025000,807.975000,0.538650,300.000000,138.405000,232.200000,107.125470,0.774000,uniform_ota_closed_form_expectation
FS0136,100,0.70,72,60,low,0.0100,0.00,0.700000,3000.000000,1104.750000,1895.250000,0.631750,30.000000,11.047500,23.220000,8.550765,0.774000,uniform_ota_closed_form_expectation
FS0137,100,0.70,72,60,low,0.0100,0.01,0.693000,3000.000000,1123.702500,1876.297500,0.625432,30.000000,11.237025,23.220000,8.697457,0.774000,uniform_ota_closed_form_expectation
FS0138,100,0.70,72,60,low,0.0100,0.05,0.665000,3000.000000,1199.512500,1800.487500,0.600162,30.000000,11.995125,23.220000,9.284227,0.774000,uniform_ota_closed_form_expectation
FS0139,100,0.70,72,60,medium,0.0500,0.00,0.700000,3000.000000,1104.750000,1895.250000,0.631750,150.000000,55.237500,116.100000,42.753825,0.774000,uniform_ota_closed_form_expectation
FS0140,100,0.70,72,60,medium,0.0500,0.01,0.693000,3000.000000,1123.702500,1876.297500,0.625432,150.000000,56.185125,116.100000,43.487287,0.774000,uniform_ota_closed_form_expectation
FS0141,100,0.70,72,60,medium,0.0500,0.05,0.665000,3000.000000,1199.512500,1800.487500,0.600162,150.000000,59.975625,116.100000,46.421134,0.774000,uniform_ota_closed_form_expectation
FS0142,100,0.70,72,60,high,0.2000,0.00,0.700000,3000.000000,1104.750000,1895.250000,0.631750,600.000000,220.950000,464.400000,171.015300,0.774000,uniform_ota_closed_form_expectation
FS0143,100,0.70,72,60,high,0.2000,0.01,0.693000,3000.000000,1123.702500,1876.297500,0.625432,600.000000,224.740500,464.400000,173.949147,0.774000,uniform_ota_closed_form_expectation
FS0144,100,0.70,72,60,high,0.2000,0.05,0.665000,3000.000000,1199.512500,1800.487500,0.600162,600.000000,239.902500,464.400000,185.684535,0.774000,uniform_ota_closed_form_expectation
FS0145,100,0.85,1,7,low,0.0100,0.00,0.850000,350.000000,56.031126,293.968874,0.839911,3.500000,0.560311,2.709000,0.433681,0.774000,uniform_ota_closed_form_expectation
FS0146,100,0.85,1,7,low,0.0100,0.01,0.841500,350.000000,58.970815,291.029185,0.831512,3.500000,0.589708,2.709000,0.456434,0.774000,uniform_ota_closed_form_expectation
FS0147,100,0.85,1,7,low,0.0100,0.05,0.807500,350.000000,70.729570,279.270430,0.797916,3.500000,0.707296,2.709000,0.547447,0.774000,uniform_ota_closed_form_expectation
FS0148,100,0.85,1,7,medium,0.0500,0.00,0.850000,350.000000,56.031126,293.968874,0.839911,17.500000,2.801556,13.545000,2.168405,0.774000,uniform_ota_closed_form_expectation
FS0149,100,0.85,1,7,medium,0.0500,0.01,0.841500,350.000000,58.970815,291.029185,0.831512,17.500000,2.948541,13.545000,2.282171,0.774000,uniform_ota_closed_form_expectation
FS0150,100,0.85,1,7,medium,0.0500,0.05,0.807500,350.000000,70.729570,279.270430,0.797916,17.500000,3.536478,13.545000,2.737234,0.774000,uniform_ota_closed_form_expectation
FS0151,100,0.85,1,7,high,0.2000,0.00,0.850000,350.000000,56.031126,293.968874,0.839911,70.000000,11.206225,54.180000,8.673618,0.774000,uniform_ota_closed_form_expectation
FS0152,100,0.85,1,7,high,0.2000,0.01,0.841500,350.000000,58.970815,291.029185,0.831512,70.000000,11.794163,54.180000,9.128682,0.774000,uniform_ota_closed_form_expectation
FS0153,100,0.85,1,7,high,0.2000,0.05,0.807500,350.000000,70.729570,279.270430,0.797916,70.000000,14.145914,54.180000,10.948937,0.774000,uniform_ota_closed_form_expectation
FS0154,100,0.85,1,14,low,0.0100,0.00,0.850000,700.000000,108.536396,591.463604,0.844948,7.000000,1.085364,5.418000,0.840072,0.774000,uniform_ota_closed_form_expectation
FS0155,100,0.85,1,14,low,0.0100,0.01,0.841500,700.000000,114.451032,585.548968,0.836499,7.000000,1.144510,5.418000,0.885851,0.774000,uniform_ota_closed_form_expectation
FS0156,100,0.85,1,14,low,0.0100,0.05,0.807500,700.000000,138.109577,561.890423,0.802701,7.000000,1.381096,5.418000,1.068968,0.774000,uniform_ota_closed_form_expectation
FS0157,100,0.85,1,14,medium,0.0500,0.00,0.850000,700.000000,108.536396,591.463604,0.844948,35.000000,5.426820,27.090000,4.200359,0.774000,uniform_ota_closed_form_expectation
FS0158,100,0.85,1,14,medium,0.0500,0.01,0.841500,700.000000,114.451032,585.548968,0.836499,35.000000,5.722552,27.090000,4.429255,0.774000,uniform_ota_closed_form_expectation
FS0159,100,0.85,1,14,medium,0.0500,0.05,0.807500,700.000000,138.109577,561.890423,0.802701,35.000000,6.905479,27.090000,5.344841,0.774000,uniform_ota_closed_form_expectation
FS0160,100,0.85,1,14,high,0.2000,0.00,0.850000,700.000000,108.536396,591.463604,0.844948,140.000000,21.707279,108.360000,16.801434,0.774000,uniform_ota_closed_form_expectation
FS0161,100,0.85,1,14,high,0.2000,0.01,0.841500,700.000000,114.451032,585.548968,0.836499,140.000000,22.890206,108.360000,17.717020,0.774000,uniform_ota_closed_form_expectation
FS0162,100,0.85,1,14,high,0.2000,0.05,0.807500,700.000000,138.109577,561.890423,0.802701,140.000000,27.621915,108.360000,21.379362,0.774000,uniform_ota_closed_form_expectation
FS0163,100,0.85,1,30,low,0.0100,0.00,0.850000,1500.000000,228.539207,1271.460793,0.847641,15.000000,2.285392,11.610000,1.768893,0.774000,uniform_ota_closed_form_expectation
FS0164,100,0.85,1,30,low,0.0100,0.01,0.841500,1500.000000,241.253815,1258.746185,0.839164,15.000000,2.412538,11.610000,1.867305,0.774000,uniform_ota_closed_form_expectation
FS0165,100,0.85,1,30,low,0.0100,0.05,0.807500,1500.000000,292.112247,1207.887753,0.805259,15.000000,2.921122,11.610000,2.260949,0.774000,uniform_ota_closed_form_expectation
FS0166,100,0.85,1,30,medium,0.0500,0.00,0.850000,1500.000000,228.539207,1271.460793,0.847641,75.000000,11.426960,58.050000,8.844467,0.774000,uniform_ota_closed_form_expectation
FS0167,100,0.85,1,30,medium,0.0500,0.01,0.841500,1500.000000,241.253815,1258.746185,0.839164,75.000000,12.062691,58.050000,9.336523,0.774000,uniform_ota_closed_form_expectation
FS0168,100,0.85,1,30,medium,0.0500,0.05,0.807500,1500.000000,292.112247,1207.887753,0.805259,75.000000,14.605612,58.050000,11.304744,0.774000,uniform_ota_closed_form_expectation
FS0169,100,0.85,1,30,high,0.2000,0.00,0.850000,1500.000000,228.539207,1271.460793,0.847641,300.000000,45.707841,232.200000,35.377869,0.774000,uniform_ota_closed_form_expectation
FS0170,100,0.85,1,30,high,0.2000,0.01,0.841500,1500.000000,241.253815,1258.746185,0.839164,300.000000,48.250763,232.200000,37.346091,0.774000,uniform_ota_closed_form_expectation
FS0171,100,0.85,1,30,high,0.2000,0.05,0.807500,1500.000000,292.112247,1207.887753,0.805259,300.000000,58.422449,232.200000,45.218976,0.774000,uniform_ota_closed_form_expectation
FS0172,100,0.85,1,60,low,0.0100,0.00,0.850000,3000.000000,453.540437,2546.459563,0.848820,30.000000,4.535404,23.220000,3.510403,0.774000,uniform_ota_closed_form_expectation
FS0173,100,0.85,1,60,low,0.0100,0.01,0.841500,3000.000000,479.005033,2520.994967,0.840332,30.000000,4.790050,23.220000,3.707499,0.774000,uniform_ota_closed_form_expectation
FS0174,100,0.85,1,60,low,0.0100,0.05,0.807500,3000.000000,580.863415,2419.136585,0.806379,30.000000,5.808634,23.220000,4.495883,0.774000,uniform_ota_closed_form_expectation
FS0175,100,0.85,1,60,medium,0.0500,0.00,0.850000,3000.000000,453.540437,2546.459563,0.848820,150.000000,22.677022,116.100000,17.552015,0.774000,uniform_ota_closed_form_expectation
FS0176,100,0.85,1,60,medium,0.0500,0.01,0.841500,3000.000000,479.005033,2520.994967,0.840332,150.000000,23.950252,116.100000,18.537495,0.774000,uniform_ota_closed_form_expectation
FS0177,100,0.85,1,60,medium,0.0500,0.05,0.807500,3000.000000,580.863415,2419.136585,0.806379,150.000000,29.043171,116.100000,22.479414,0.774000,uniform_ota_closed_form_expectation
FS0178,100,0.85,1,60,high,0.2000,0.00,0.850000,3000.000000,453.540437,2546.459563,0.848820,600.000000,90.708087,464.400000,70.208060,0.774000,uniform_ota_closed_form_expectation
FS0179,100,0.85,1,60,high,0.2000,0.01,0.841500,3000.000000,479.005033,2520.994967,0.840332,600.000000,95.801007,464.400000,74.149979,0.774000,uniform_ota_closed_form_expectation
FS0180,100,0.85,1,60,high,0.2000,0.05,0.807500,3000.000000,580.863415,2419.136585,0.806379,600.000000,116.172683,464.400000,89.917657,0.774000,uniform_ota_closed_form_expectation
FS0181,100,0.85,6,7,low,0.0100,0.00,0.850000,350.000000,73.370536,276.629464,0.790370,3.500000,0.733705,2.709000,0.567888,0.774000,uniform_ota_closed_form_expectation
FS0182,100,0.85,6,7,low,0.0100,0.01,0.841500,350.000000,76.136830,273.863170,0.782466,3.500000,0.761368,2.709000,0.589299,0.774000,uniform_ota_closed_form_expectation
FS0183,100,0.85,6,7,low,0.0100,0.05,0.807500,350.000000,87.202009,262.797991,0.750851,3.500000,0.872020,2.709000,0.674944,0.774000,uniform_ota_closed_form_expectation
FS0184,100,0.85,6,7,medium,0.0500,0.00,0.850000,350.000000,73.370536,276.629464,0.790370,17.500000,3.668527,13.545000,2.839440,0.774000,uniform_ota_closed_form_expectation
FS0185,100,0.85,6,7,medium,0.0500,0.01,0.841500,350.000000,76.136830,273.863170,0.782466,17.500000,3.806842,13.545000,2.946495,0.774000,uniform_ota_closed_form_expectation
FS0186,100,0.85,6,7,medium,0.0500,0.05,0.807500,350.000000,87.202009,262.797991,0.750851,17.500000,4.360100,13.545000,3.374718,0.774000,uniform_ota_closed_form_expectation
FS0187,100,0.85,6,7,high,0.2000,0.00,0.850000,350.000000,73.370536,276.629464,0.790370,70.000000,14.674107,54.180000,11.357759,0.774000,uniform_ota_closed_form_expectation
FS0188,100,0.85,6,7,high,0.2000,0.01,0.841500,350.000000,76.136830,273.863170,0.782466,70.000000,15.227366,54.180000,11.785981,0.774000,uniform_ota_closed_form_expectation
FS0189,100,0.85,6,7,high,0.2000,0.05,0.807500,350.000000,87.202009,262.797991,0.750851,70.000000,17.440402,54.180000,13.498871,0.774000,uniform_ota_closed_form_expectation
FS0190,100,0.85,6,14,low,0.0100,0.00,0.850000,700.000000,126.060268,573.939732,0.819914,7.000000,1.260603,5.418000,0.975706,0.774000,uniform_ota_closed_form_expectation
FS0191,100,0.85,6,14,low,0.0100,0.01,0.841500,700.000000,131.799665,568.200335,0.811715,7.000000,1.317997,5.418000,1.020129,0.774000,uniform_ota_closed_form_expectation
FS0192,100,0.85,6,14,low,0.0100,0.05,0.807500,700.000000,154.757254,545.242746,0.778918,7.000000,1.547573,5.418000,1.197821,0.774000,uniform_ota_closed_form_expectation
FS0193,100,0.85,6,14,medium,0.0500,0.00,0.850000,700.000000,126.060268,573.939732,0.819914,35.000000,6.303013,27.090000,4.878532,0.774000,uniform_ota_closed_form_expectation
FS0194,100,0.85,6,14,medium,0.0500,0.01,0.841500,700.000000,131.799665,568.200335,0.811715,35.000000,6.589983,27.090000,5.100647,0.774000,uniform_ota_closed_form_expectation
FS0195,100,0.85,6,14,medium,0.0500,0.05,0.807500,700.000000,154.757254,545.242746,0.778918,35.000000,7.737863,27.090000,5.989106,0.774000,uniform_ota_closed_form_expectation
FS0196,100,0.85,6,14,high,0.2000,0.00,0.850000,700.000000,126.060268,573.939732,0.819914,140.000000,25.212054,108.360000,19.514129,0.774000,uniform_ota_closed_form_expectation
FS0197,100,0.85,6,14,high,0.2000,0.01,0.841500,700.000000,131.799665,568.200335,0.811715,140.000000,26.359933,108.360000,20.402588,0.774000,uniform_ota_closed_form_expectation
FS0198,100,0.85,6,14,high,0.2000,0.05,0.807500,700.000000,154.757254,545.242746,0.778918,140.000000,30.951451,108.360000,23.956423,0.774000,uniform_ota_closed_form_expectation
FS0199,100,0.85,6,30,low,0.0100,0.00,0.850000,1500.000000,246.161458,1253.838542,0.835892,15.000000,2.461615,11.610000,1.905290,0.774000,uniform_ota_closed_form_expectation
FS0200,100,0.85,6,30,low,0.0100,0.01,0.841500,1500.000000,258.699844,1241.300156,0.827533,15.000000,2.586998,11.610000,2.002337,0.774000,uniform_ota_closed_form_expectation
FS0201,100,0.85,6,30,low,0.0100,0.05,0.807500,1500.000000,308.853385,1191.146615,0.794098,15.000000,3.088534,11.610000,2.390525,0.774000,uniform_ota_closed_form_expectation
FS0202,100,0.85,6,30,medium,0.0500,0.00,0.850000,1500.000000,246.161458,1253.838542,0.835892,75.000000,12.308073,58.050000,9.526448,0.774000,uniform_ota_closed_form_expectation
FS0203,100,0.85,6,30,medium,0.0500,0.01,0.841500,1500.000000,258.699844,1241.300156,0.827533,75.000000,12.934992,58.050000,10.011684,0.774000,uniform_ota_closed_form_expectation
FS0204,100,0.85,6,30,medium,0.0500,0.05,0.807500,1500.000000,308.853385,1191.146615,0.794098,75.000000,15.442669,58.050000,11.952626,0.774000,uniform_ota_closed_form_expectation
FS0205,100,0.85,6,30,high,0.2000,0.00,0.850000,1500.000000,246.161458,1253.838542,0.835892,300.000000,49.232292,232.200000,38.105794,0.774000,uniform_ota_closed_form_expectation
FS0206,100,0.85,6,30,high,0.2000,0.01,0.841500,1500.000000,258.699844,1241.300156,0.827533,300.000000,51.739969,232.200000,40.046736,0.774000,uniform_ota_closed_form_expectation
FS0207,100,0.85,6,30,high,0.2000,0.05,0.807500,1500.000000,308.853385,1191.146615,0.794098,300.000000,61.770677,232.200000,47.810504,0.774000,uniform_ota_closed_form_expectation
FS0208,100,0.85,6,60,low,0.0100,0.00,0.850000,3000.000000,471.205729,2528.794271,0.842931,30.000000,4.712057,23.220000,3.647132,0.774000,uniform_ota_closed_form_expectation
FS0209,100,0.85,6,60,low,0.0100,0.01,0.841500,3000.000000,496.493672,2503.506328,0.834502,30.000000,4.964937,23.220000,3.842861,0.774000,uniform_ota_closed_form_expectation
FS0210,100,0.85,6,60,low,0.0100,0.05,0.807500,3000.000000,597.645443,2402.354557,0.800785,30.000000,5.976454,23.220000,4.625776,0.774000,uniform_ota_closed_form_expectation
FS0211,100,0.85,6,60,medium,0.0500,0.00,0.850000,3000.000000,471.205729,2528.794271,0.842931,150.000000,23.560286,116.100000,18.235662,0.774000,uniform_ota_closed_form_expectation
FS0212,100,0.85,6,60,medium,0.0500,0.01,0.841500,3000.000000,496.493672,2503.506328,0.834502,150.000000,24.824684,116.100000,19.214305,0.774000,uniform_ota_closed_form_expectation
FS0213,100,0.85,6,60,medium,0.0500,0.05,0.807500,3000.000000,597.645443,2402.354557,0.800785,150.000000,29.882272,116.100000,23.128879,0.774000,uniform_ota_closed_form_expectation
FS0214,100,0.85,6,60,high,0.2000,0.00,0.850000,3000.000000,471.205729,2528.794271,0.842931,600.000000,94.241146,464.400000,72.942647,0.774000,uniform_ota_closed_form_expectation
FS0215,100,0.85,6,60,high,0.2000,0.01,0.841500,3000.000000,496.493672,2503.506328,0.834502,600.000000,99.298734,464.400000,76.857220,0.774000,uniform_ota_closed_form_expectation
FS0216,100,0.85,6,60,high,0.2000,0.05,0.807500,3000.000000,597.645443,2402.354557,0.800785,600.000000,119.529089,464.400000,92.515515,0.774000,uniform_ota_closed_form_expectation
FS0217,100,0.85,24,7,low,0.0100,0.00,0.850000,350.000000,131.428571,218.571429,0.624490,3.500000,1.314286,2.709000,1.017257,0.774000,uniform_ota_closed_form_expectation
FS0218,100,0.85,24,7,low,0.0100,0.01,0.841500,350.000000,133.614286,216.385714,0.618245,3.500000,1.336143,2.709000,1.034175,0.774000,uniform_ota_closed_form_expectation
FS0219,100,0.85,24,7,low,0.0100,0.05,0.807500,350.000000,142.357143,207.642857,0.593265,3.500000,1.423571,2.709000,1.101844,0.774000,uniform_ota_closed_form_expectation
FS0220,100,0.85,24,7,medium,0.0500,0.00,0.850000,350.000000,131.428571,218.571429,0.624490,17.500000,6.571429,13.545000,5.086286,0.774000,uniform_ota_closed_form_expectation
FS0221,100,0.85,24,7,medium,0.0500,0.01,0.841500,350.000000,133.614286,216.385714,0.618245,17.500000,6.680714,13.545000,5.170873,0.774000,uniform_ota_closed_form_expectation
FS0222,100,0.85,24,7,medium,0.0500,0.05,0.807500,350.000000,142.357143,207.642857,0.593265,17.500000,7.117857,13.545000,5.509221,0.774000,uniform_ota_closed_form_expectation
FS0223,100,0.85,24,7,high,0.2000,0.00,0.850000,350.000000,131.428571,218.571429,0.624490,70.000000,26.285714,54.180000,20.345143,0.774000,uniform_ota_closed_form_expectation
FS0224,100,0.85,24,7,high,0.2000,0.01,0.841500,350.000000,133.614286,216.385714,0.618245,70.000000,26.722857,54.180000,20.683491,0.774000,uniform_ota_closed_form_expectation
FS0225,100,0.85,24,7,high,0.2000,0.05,0.807500,350.000000,142.357143,207.642857,0.593265,70.000000,28.471429,54.180000,22.036886,0.774000,uniform_ota_closed_form_expectation
FS0226,100,0.85,24,14,low,0.0100,0.00,0.850000,700.000000,186.964286,513.035714,0.732908,7.000000,1.869643,5.418000,1.447104,0.774000,uniform_ota_closed_form_expectation
FS0227,100,0.85,24,14,low,0.0100,0.01,0.841500,700.000000,192.094643,507.905357,0.725579,7.000000,1.920946,5.418000,1.486813,0.774000,uniform_ota_closed_form_expectation
FS0228,100,0.85,24,14,low,0.0100,0.05,0.807500,700.000000,212.616071,487.383929,0.696263,7.000000,2.126161,5.418000,1.645648,0.774000,uniform_ota_closed_form_expectation
FS0229,100,0.85,24,14,medium,0.0500,0.00,0.850000,700.000000,186.964286,513.035714,0.732908,35.000000,9.348214,27.090000,7.235518,0.774000,uniform_ota_closed_form_expectation
FS0230,100,0.85,24,14,medium,0.0500,0.01,0.841500,700.000000,192.094643,507.905357,0.725579,35.000000,9.604732,27.090000,7.434063,0.774000,uniform_ota_closed_form_expectation
FS0231,100,0.85,24,14,medium,0.0500,0.05,0.807500,700.000000,212.616071,487.383929,0.696263,35.000000,10.630804,27.090000,8.228242,0.774000,uniform_ota_closed_form_expectation
FS0232,100,0.85,24,14,high,0.2000,0.00,0.850000,700.000000,186.964286,513.035714,0.732908,140.000000,37.392857,108.360000,28.942071,0.774000,uniform_ota_closed_form_expectation
FS0233,100,0.85,24,14,high,0.2000,0.01,0.841500,700.000000,192.094643,507.905357,0.725579,140.000000,38.418929,108.360000,29.736251,0.774000,uniform_ota_closed_form_expectation
FS0234,100,0.85,24,14,high,0.2000,0.05,0.807500,700.000000,212.616071,487.383929,0.696263,140.000000,42.523214,108.360000,32.912968,0.774000,uniform_ota_closed_form_expectation
FS0235,100,0.85,24,30,low,0.0100,0.00,0.850000,1500.000000,308.583333,1191.416667,0.794278,15.000000,3.085833,11.610000,2.388435,0.774000,uniform_ota_closed_form_expectation
FS0236,100,0.85,24,30,low,0.0100,0.01,0.841500,1500.000000,320.497500,1179.502500,0.786335,15.000000,3.204975,11.610000,2.480651,0.774000,uniform_ota_closed_form_expectation
FS0237,100,0.85,24,30,low,0.0100,0.05,0.807500,1500.000000,368.154167,1131.845833,0.754564,15.000000,3.681542,11.610000,2.849513,0.774000,uniform_ota_closed_form_expectation
FS0238,100,0.85,24,30,medium,0.0500,0.00,0.850000,1500.000000,308.583333,1191.416667,0.794278,75.000000,15.429167,58.050000,11.942175,0.774000,uniform_ota_closed_form_expectation
FS0239,100,0.85,24,30,medium,0.0500,0.01,0.841500,1500.000000,320.497500,1179.502500,0.786335,75.000000,16.024875,58.050000,12.403253,0.774000,uniform_ota_closed_form_expectation
FS0240,100,0.85,24,30,medium,0.0500,0.05,0.807500,1500.000000,368.154167,1131.845833,0.754564,75.000000,18.407708,58.050000,14.247566,0.774000,uniform_ota_closed_form_expectation
FS0241,100,0.85,24,30,high,0.2000,0.00,0.850000,1500.000000,308.583333,1191.416667,0.794278,300.000000,61.716667,232.200000,47.768700,0.774000,uniform_ota_closed_form_expectation
FS0242,100,0.85,24,30,high,0.2000,0.01,0.841500,1500.000000,320.497500,1179.502500,0.786335,300.000000,64.099500,232.200000,49.613013,0.774000,uniform_ota_closed_form_expectation
FS0243,100,0.85,24,30,high,0.2000,0.05,0.807500,1500.000000,368.154167,1131.845833,0.754564,300.000000,73.630833,232.200000,56.990265,0.774000,uniform_ota_closed_form_expectation
FS0244,100,0.85,24,60,low,0.0100,0.00,0.850000,3000.000000,534.291667,2465.708333,0.821903,30.000000,5.342917,23.220000,4.135418,0.774000,uniform_ota_closed_form_expectation
FS0245,100,0.85,24,60,low,0.0100,0.01,0.841500,3000.000000,558.948750,2441.051250,0.813684,30.000000,5.589487,23.220000,4.326263,0.774000,uniform_ota_closed_form_expectation
FS0246,100,0.85,24,60,low,0.0100,0.05,0.807500,3000.000000,657.577083,2342.422917,0.780808,30.000000,6.575771,23.220000,5.089647,0.774000,uniform_ota_closed_form_expectation
FS0247,100,0.85,24,60,medium,0.0500,0.00,0.850000,3000.000000,534.291667,2465.708333,0.821903,150.000000,26.714583,116.100000,20.677088,0.774000,uniform_ota_closed_form_expectation
FS0248,100,0.85,24,60,medium,0.0500,0.01,0.841500,3000.000000,558.948750,2441.051250,0.813684,150.000000,27.947437,116.100000,21.631317,0.774000,uniform_ota_closed_form_expectation
FS0249,100,0.85,24,60,medium,0.0500,0.05,0.807500,3000.000000,657.577083,2342.422917,0.780808,150.000000,32.878854,116.100000,25.448233,0.774000,uniform_ota_closed_form_expectation
FS0250,100,0.85,24,60,high,0.2000,0.00,0.850000,3000.000000,534.291667,2465.708333,0.821903,600.000000,106.858333,464.400000,82.708350,0.774000,uniform_ota_closed_form_expectation
FS0251,100,0.85,24,60,high,0.2000,0.01,0.841500,3000.000000,558.948750,2441.051250,0.813684,600.000000,111.789750,464.400000,86.525266,0.774000,uniform_ota_closed_form_expectation
FS0252,100,0.85,24,60,high,0.2000,0.05,0.807500,3000.000000,657.577083,2342.422917,0.780808,600.000000,131.515417,464.400000,101.792933,0.774000,uniform_ota_closed_form_expectation
FS0253,100,0.85,72,7,low,0.0100,0.00,0.850000,350.000000,252.857143,97.142857,0.277551,3.500000,2.528571,2.709000,1.957114,0.774000,uniform_ota_closed_form_expectation
FS0254,100,0.85,72,7,low,0.0100,0.01,0.841500,350.000000,253.828571,96.171429,0.274776,3.500000,2.538286,2.709000,1.964633,0.774000,uniform_ota_closed_form_expectation
FS0255,100,0.85,72,7,low,0.0100,0.05,0.807500,350.000000,257.714286,92.285714,0.263673,3.500000,2.577143,2.709000,1.994709,0.774000,uniform_ota_closed_form_expectation
FS0256,100,0.85,72,7,medium,0.0500,0.00,0.850000,350.000000,252.857143,97.142857,0.277551,17.500000,12.642857,13.545000,9.785571,0.774000,uniform_ota_closed_form_expectation
FS0257,100,0.85,72,7,medium,0.0500,0.01,0.841500,350.000000,253.828571,96.171429,0.274776,17.500000,12.691429,13.545000,9.823166,0.774000,uniform_ota_closed_form_expectation
FS0258,100,0.85,72,7,medium,0.0500,0.05,0.807500,350.000000,257.714286,92.285714,0.263673,17.500000,12.885714,13.545000,9.973543,0.774000,uniform_ota_closed_form_expectation
FS0259,100,0.85,72,7,high,0.2000,0.00,0.850000,350.000000,252.857143,97.142857,0.277551,70.000000,50.571429,54.180000,39.142286,0.774000,uniform_ota_closed_form_expectation
FS0260,100,0.85,72,7,high,0.2000,0.01,0.841500,350.000000,253.828571,96.171429,0.274776,70.000000,50.765714,54.180000,39.292663,0.774000,uniform_ota_closed_form_expectation
FS0261,100,0.85,72,7,high,0.2000,0.05,0.807500,350.000000,257.714286,92.285714,0.263673,70.000000,51.542857,54.180000,39.894171,0.774000,uniform_ota_closed_form_expectation
FS0262,100,0.85,72,14,low,0.0100,0.00,0.850000,700.000000,332.678571,367.321429,0.524745,7.000000,3.326786,5.418000,2.574932,0.774000,uniform_ota_closed_form_expectation
FS0263,100,0.85,72,14,low,0.0100,0.01,0.841500,700.000000,336.351786,363.648214,0.519497,7.000000,3.363518,5.418000,2.603363,0.774000,uniform_ota_closed_form_expectation
FS0264,100,0.85,72,14,low,0.0100,0.05,0.807500,700.000000,351.044643,348.955357,0.498508,7.000000,3.510446,5.418000,2.717086,0.774000,uniform_ota_closed_form_expectation
FS0265,100,0.85,72,14,medium,0.0500,0.00,0.850000,700.000000,332.678571,367.321429,0.524745,35.000000,16.633929,27.090000,12.874661,0.774000,uniform_ota_closed_form_expectation
FS0266,100,0.85,72,14,medium,0.0500,0.01,0.841500,700.000000,336.351786,363.648214,0.519497,35.000000,16.817589,27.090000,13.016814,0.774000,uniform_ota_closed_form_expectation
FS0267,100,0.85,72,14,medium,0.0500,0.05,0.807500,700.000000,351.044643,348.955357,0.498508,35.000000,17.552232,27.090000,13.585428,0.774000,uniform_ota_closed_form_expectation
FS0268,100,0.85,72,14,high,0.2000,0.00,0.850000,700.000000,332.678571,367.321429,0.524745,140.000000,66.535714,108.360000,51.498643,0.774000,uniform_ota_closed_form_expectation
FS0269,100,0.85,72,14,high,0.2000,0.01,0.841500,700.000000,336.351786,363.648214,0.519497,140.000000,67.270357,108.360000,52.067256,0.774000,uniform_ota_closed_form_expectation
FS0270,100,0.85,72,14,high,0.2000,0.05,0.807500,700.000000,351.044643,348.955357,0.498508,140.000000,70.208929,108.360000,54.341711,0.774000,uniform_ota_closed_form_expectation
FS0271,100,0.85,72,30,low,0.0100,0.00,0.850000,1500.000000,467.250000,1032.750000,0.688500,15.000000,4.672500,11.610000,3.616515,0.774000,uniform_ota_closed_form_expectation
FS0272,100,0.85,72,30,low,0.0100,0.01,0.841500,1500.000000,477.577500,1022.422500,0.681615,15.000000,4.775775,11.610000,3.696450,0.774000,uniform_ota_closed_form_expectation
FS0273,100,0.85,72,30,low,0.0100,0.05,0.807500,1500.000000,518.887500,981.112500,0.654075,15.000000,5.188875,11.610000,4.016189,0.774000,uniform_ota_closed_form_expectation
FS0274,100,0.85,72,30,medium,0.0500,0.00,0.850000,1500.000000,467.250000,1032.750000,0.688500,75.000000,23.362500,58.050000,18.082575,0.774000,uniform_ota_closed_form_expectation
FS0275,100,0.85,72,30,medium,0.0500,0.01,0.841500,1500.000000,477.577500,1022.422500,0.681615,75.000000,23.878875,58.050000,18.482249,0.774000,uniform_ota_closed_form_expectation
FS0276,100,0.85,72,30,medium,0.0500,0.05,0.807500,1500.000000,518.887500,981.112500,0.654075,75.000000,25.944375,58.050000,20.080946,0.774000,uniform_ota_closed_form_expectation
FS0277,100,0.85,72,30,high,0.2000,0.00,0.850000,1500.000000,467.250000,1032.750000,0.688500,300.000000,93.450000,232.200000,72.330300,0.774000,uniform_ota_closed_form_expectation
FS0278,100,0.85,72,30,high,0.2000,0.01,0.841500,1500.000000,477.577500,1022.422500,0.681615,300.000000,95.515500,232.200000,73.928997,0.774000,uniform_ota_closed_form_expectation
FS0279,100,0.85,72,30,high,0.2000,0.05,0.807500,1500.000000,518.887500,981.112500,0.654075,300.000000,103.777500,232.200000,80.323785,0.774000,uniform_ota_closed_form_expectation
FS0280,100,0.85,72,60,low,0.0100,0.00,0.850000,3000.000000,698.625000,2301.375000,0.767125,30.000000,6.986250,23.220000,5.407357,0.774000,uniform_ota_closed_form_expectation
FS0281,100,0.85,72,60,low,0.0100,0.01,0.841500,3000.000000,721.638750,2278.361250,0.759454,30.000000,7.216387,23.220000,5.585484,0.774000,uniform_ota_closed_form_expectation
FS0282,100,0.85,72,60,low,0.0100,0.05,0.807500,3000.000000,813.693750,2186.306250,0.728769,30.000000,8.136938,23.220000,6.297990,0.774000,uniform_ota_closed_form_expectation
FS0283,100,0.85,72,60,medium,0.0500,0.00,0.850000,3000.000000,698.625000,2301.375000,0.767125,150.000000,34.931250,116.100000,27.036787,0.774000,uniform_ota_closed_form_expectation
FS0284,100,0.85,72,60,medium,0.0500,0.01,0.841500,3000.000000,721.638750,2278.361250,0.759454,150.000000,36.081937,116.100000,27.927420,0.774000,uniform_ota_closed_form_expectation
FS0285,100,0.85,72,60,medium,0.0500,0.05,0.807500,3000.000000,813.693750,2186.306250,0.728769,150.000000,40.684688,116.100000,31.489948,0.774000,uniform_ota_closed_form_expectation
FS0286,100,0.85,72,60,high,0.2000,0.00,0.850000,3000.000000,698.625000,2301.375000,0.767125,600.000000,139.725000,464.400000,108.147150,0.774000,uniform_ota_closed_form_expectation
FS0287,100,0.85,72,60,high,0.2000,0.01,0.841500,3000.000000,721.638750,2278.361250,0.759454,600.000000,144.327750,464.400000,111.709678,0.774000,uniform_ota_closed_form_expectation
FS0288,100,0.85,72,60,high,0.2000,0.05,0.807500,3000.000000,813.693750,2186.306250,0.728769,600.000000,162.738750,464.400000,125.959793,0.774000,uniform_ota_closed_form_expectation
FS0289,100,0.95,1,7,low,0.0100,0.00,0.950000,350.000000,21.446553,328.553447,0.938724,3.500000,0.214466,2.709000,0.165996,0.774000,uniform_ota_closed_form_expectation
FS0290,100,0.95,1,7,low,0.0100,0.01,0.940500,350.000000,24.732087,325.267913,0.929337,3.500000,0.247321,2.709000,0.191426,0.774000,uniform_ota_closed_form_expectation
FS0291,100,0.95,1,7,low,0.0100,0.05,0.902500,350.000000,37.874225,312.125775,0.891788,3.500000,0.378742,2.709000,0.293147,0.774000,uniform_ota_closed_form_expectation
FS0292,100,0.95,1,7,medium,0.0500,0.00,0.950000,350.000000,21.446553,328.553447,0.938724,17.500000,1.072328,13.545000,0.829982,0.774000,uniform_ota_closed_form_expectation
FS0293,100,0.95,1,7,medium,0.0500,0.01,0.940500,350.000000,24.732087,325.267913,0.929337,17.500000,1.236604,13.545000,0.957132,0.774000,uniform_ota_closed_form_expectation
FS0294,100,0.95,1,7,medium,0.0500,0.05,0.902500,350.000000,37.874225,312.125775,0.891788,17.500000,1.893711,13.545000,1.465733,0.774000,uniform_ota_closed_form_expectation
FS0295,100,0.95,1,7,high,0.2000,0.00,0.950000,350.000000,21.446553,328.553447,0.938724,70.000000,4.289311,54.180000,3.319926,0.774000,uniform_ota_closed_form_expectation
FS0296,100,0.95,1,7,high,0.2000,0.01,0.940500,350.000000,24.732087,325.267913,0.929337,70.000000,4.946417,54.180000,3.828527,0.774000,uniform_ota_closed_form_expectation
FS0297,100,0.95,1,7,high,0.2000,0.05,0.902500,350.000000,37.874225,312.125775,0.891788,70.000000,7.574845,54.180000,5.862930,0.774000,uniform_ota_closed_form_expectation
FS0298,100,0.95,1,14,low,0.0100,0.00,0.950000,700.000000,38.952443,661.047557,0.944354,7.000000,0.389524,5.418000,0.301492,0.774000,uniform_ota_closed_form_expectation
FS0299,100,0.95,1,14,low,0.0100,0.01,0.940500,700.000000,45.562919,654.437081,0.934910,7.000000,0.455629,5.418000,0.352657,0.774000,uniform_ota_closed_form_expectation
FS0300,100,0.95,1,14,low,0.0100,0.05,0.902500,700.000000,72.004821,627.995179,0.897136,7.000000,0.720048,5.418000,0.557317,0.774000,uniform_ota_closed_form_expectation
FS0301,100,0.95,1,14,medium,0.0500,0.00,0.950000,700.000000,38.952443,661.047557,0.944354,35.000000,1.947622,27.090000,1.507460,0.774000,uniform_ota_closed_form_expectation
FS0302,100,0.95,1,14,medium,0.0500,0.01,0.940500,700.000000,45.562919,654.437081,0.934910,35.000000,2.278146,27.090000,1.763285,0.774000,uniform_ota_closed_form_expectation
FS0303,100,0.95,1,14,medium,0.0500,0.05,0.902500,700.000000,72.004821,627.995179,0.897136,35.000000,3.600241,27.090000,2.786587,0.774000,uniform_ota_closed_form_expectation
FS0304,100,0.95,1,14,high,0.2000,0.00,0.950000,700.000000,38.952443,661.047557,0.944354,140.000000,7.790489,108.360000,6.029838,0.774000,uniform_ota_closed_form_expectation
FS0305,100,0.95,1,14,high,0.2000,0.01,0.940500,700.000000,45.562919,654.437081,0.934910,140.000000,9.112584,108.360000,7.053140,0.774000,uniform_ota_closed_form_expectation
FS0306,100,0.95,1,14,high,0.2000,0.05,0.902500,700.000000,72.004821,627.995179,0.897136,140.000000,14.400964,108.360000,11.146346,0.774000,uniform_ota_closed_form_expectation
FS0307,100,0.95,1,30,low,0.0100,0.00,0.950000,1500.000000,78.955584,1421.044416,0.947363,15.000000,0.789556,11.610000,0.611116,0.774000,uniform_ota_closed_form_expectation
FS0308,100,0.95,1,30,low,0.0100,0.01,0.940500,1500.000000,93.166029,1406.833971,0.937889,15.000000,0.931660,11.610000,0.721105,0.774000,uniform_ota_closed_form_expectation
FS0309,100,0.95,1,30,low,0.0100,0.05,0.902500,1500.000000,150.007805,1349.992195,0.899995,15.000000,1.500078,11.610000,1.161060,0.774000,uniform_ota_closed_form_expectation
FS0310,100,0.95,1,30,medium,0.0500,0.00,0.950000,1500.000000,78.955584,1421.044416,0.947363,75.000000,3.947779,58.050000,3.055581,0.774000,uniform_ota_closed_form_expectation
FS0311,100,0.95,1,30,medium,0.0500,0.01,0.940500,1500.000000,93.166029,1406.833971,0.937889,75.000000,4.658301,58.050000,3.605525,0.774000,uniform_ota_closed_form_expectation
FS0312,100,0.95,1,30,medium,0.0500,0.05,0.902500,1500.000000,150.007805,1349.992195,0.899995,75.000000,7.500390,58.050000,5.805302,0.774000,uniform_ota_closed_form_expectation
FS0313,100,0.95,1,30,high,0.2000,0.00,0.950000,1500.000000,78.955584,1421.044416,0.947363,300.000000,15.791117,232.200000,12.222324,0.774000,uniform_ota_closed_form_expectation
FS0314,100,0.95,1,30,high,0.2000,0.01,0.940500,1500.000000,93.166029,1406.833971,0.937889,300.000000,18.633206,232.200000,14.422101,0.774000,uniform_ota_closed_form_expectation
FS0315,100,0.95,1,30,high,0.2000,0.05,0.902500,1500.000000,150.007805,1349.992195,0.899995,300.000000,30.001561,232.200000,23.221208,0.774000,uniform_ota_closed_form_expectation
FS0316,100,0.95,1,60,low,0.0100,0.00,0.950000,3000.000000,153.956959,2846.043041,0.948681,30.000000,1.539570,23.220000,1.191627,0.774000,uniform_ota_closed_form_expectation
FS0317,100,0.95,1,60,low,0.0100,0.01,0.940500,3000.000000,182.417389,2817.582611,0.939194,30.000000,1.824174,23.220000,1.411911,0.774000,uniform_ota_closed_form_expectation
FS0318,100,0.95,1,60,low,0.0100,0.05,0.902500,3000.000000,296.259111,2703.740889,0.901247,30.000000,2.962591,23.220000,2.293046,0.774000,uniform_ota_closed_form_expectation
FS0319,100,0.95,1,60,medium,0.0500,0.00,0.950000,3000.000000,153.956959,2846.043041,0.948681,150.000000,7.697848,116.100000,5.958134,0.774000,uniform_ota_closed_form_expectation
FS0320,100,0.95,1,60,medium,0.0500,0.01,0.940500,3000.000000,182.417389,2817.582611,0.939194,150.000000,9.120869,116.100000,7.059553,0.774000,uniform_ota_closed_form_expectation
FS0321,100,0.95,1,60,medium,0.0500,0.05,0.902500,3000.000000,296.259111,2703.740889,0.901247,150.000000,14.812956,116.100000,11.465228,0.774000,uniform_ota_closed_form_expectation
FS0322,100,0.95,1,60,high,0.2000,0.00,0.950000,3000.000000,153.956959,2846.043041,0.948681,600.000000,30.791392,464.400000,23.832537,0.774000,uniform_ota_closed_form_expectation
FS0323,100,0.95,1,60,high,0.2000,0.01,0.940500,3000.000000,182.417389,2817.582611,0.939194,600.000000,36.483478,464.400000,28.238212,0.774000,uniform_ota_closed_form_expectation
FS0324,100,0.95,1,60,high,0.2000,0.05,0.902500,3000.000000,296.259111,2703.740889,0.901247,600.000000,59.251822,464.400000,45.860910,0.774000,uniform_ota_closed_form_expectation
FS0325,100,0.95,6,7,low,0.0100,0.00,0.950000,350.000000,40.825893,309.174107,0.883355,3.500000,0.408259,2.709000,0.315992,0.774000,uniform_ota_closed_form_expectation
FS0326,100,0.95,6,7,low,0.0100,0.01,0.940500,350.000000,43.917634,306.082366,0.874521,3.500000,0.439176,2.709000,0.339922,0.774000,uniform_ota_closed_form_expectation
FS0327,100,0.95,6,7,low,0.0100,0.05,0.902500,350.000000,56.284598,293.715402,0.839187,3.500000,0.562846,2.709000,0.435643,0.774000,uniform_ota_closed_form_expectation
FS0328,100,0.95,6,7,medium,0.0500,0.00,0.950000,350.000000,40.825893,309.174107,0.883355,17.500000,2.041295,13.545000,1.579962,0.774000,uniform_ota_closed_form_expectation
FS0329,100,0.95,6,7,medium,0.0500,0.01,0.940500,350.000000,43.917634,306.082366,0.874521,17.500000,2.195882,13.545000,1.699612,0.774000,uniform_ota_closed_form_expectation
FS0330,100,0.95,6,7,medium,0.0500,0.05,0.902500,350.000000,56.284598,293.715402,0.839187,17.500000,2.814230,13.545000,2.178214,0.774000,uniform_ota_closed_form_expectation
FS0331,100,0.95,6,7,high,0.2000,0.00,0.950000,350.000000,40.825893,309.174107,0.883355,70.000000,8.165179,54.180000,6.319848,0.774000,uniform_ota_closed_form_expectation
FS0332,100,0.95,6,7,high,0.2000,0.01,0.940500,350.000000,43.917634,306.082366,0.874521,70.000000,8.783527,54.180000,6.798450,0.774000,uniform_ota_closed_form_expectation
FS0333,100,0.95,6,7,high,0.2000,0.05,0.902500,350.000000,56.284598,293.715402,0.839187,70.000000,11.256920,54.180000,8.712856,0.774000,uniform_ota_closed_form_expectation
FS0334,100,0.95,6,14,low,0.0100,0.00,0.950000,700.000000,58.537946,641.462054,0.916374,7.000000,0.585379,5.418000,0.453084,0.774000,uniform_ota_closed_form_expectation
FS0335,100,0.95,6,14,low,0.0100,0.01,0.940500,700.000000,64.952567,635.047433,0.907211,7.000000,0.649526,5.418000,0.502733,0.774000,uniform_ota_closed_form_expectation
FS0336,100,0.95,6,14,low,0.0100,0.05,0.902500,700.000000,90.611049,609.388951,0.870556,7.000000,0.906110,5.418000,0.701330,0.774000,uniform_ota_closed_form_expectation
FS0337,100,0.95,6,14,medium,0.0500,0.00,0.950000,700.000000,58.537946,641.462054,0.916374,35.000000,2.926897,27.090000,2.265419,0.774000,uniform_ota_closed_form_expectation
FS0338,100,0.95,6,14,medium,0.0500,0.01,0.940500,700.000000,64.952567,635.047433,0.907211,35.000000,3.247628,27.090000,2.513664,0.774000,uniform_ota_closed_form_expectation
FS0339,100,0.95,6,14,medium,0.0500,0.05,0.902500,700.000000,90.611049,609.388951,0.870556,35.000000,4.530552,27.090000,3.506648,0.774000,uniform_ota_closed_form_expectation
FS0340,100,0.95,6,14,high,0.2000,0.00,0.950000,700.000000,58.537946,641.462054,0.916374,140.000000,11.707589,108.360000,9.061674,0.774000,uniform_ota_closed_form_expectation
FS0341,100,0.95,6,14,high,0.2000,0.01,0.940500,700.000000,64.952567,635.047433,0.907211,140.000000,12.990513,108.360000,10.054657,0.774000,uniform_ota_closed_form_expectation
FS0342,100,0.95,6,14,high,0.2000,0.05,0.902500,700.000000,90.611049,609.388951,0.870556,140.000000,18.122210,108.360000,14.026590,0.774000,uniform_ota_closed_form_expectation
FS0343,100,0.95,6,30,low,0.0100,0.00,0.950000,1500.000000,98.651042,1401.348958,0.934233,15.000000,0.986510,11.610000,0.763559,0.774000,uniform_ota_closed_form_expectation
FS0344,100,0.95,6,30,low,0.0100,0.01,0.940500,1500.000000,112.664531,1387.335469,0.924890,15.000000,1.126645,11.610000,0.872023,0.774000,uniform_ota_closed_form_expectation
FS0345,100,0.95,6,30,low,0.0100,0.05,0.902500,1500.000000,168.718490,1331.281510,0.887521,15.000000,1.687185,11.610000,1.305881,0.774000,uniform_ota_closed_form_expectation
FS0346,100,0.95,6,30,medium,0.0500,0.00,0.950000,1500.000000,98.651042,1401.348958,0.934233,75.000000,4.932552,58.050000,3.817795,0.774000,uniform_ota_closed_form_expectation
FS0347,100,0.95,6,30,medium,0.0500,0.01,0.940500,1500.000000,112.664531,1387.335469,0.924890,75.000000,5.633227,58.050000,4.360117,0.774000,uniform_ota_closed_form_expectation
FS0348,100,0.95,6,30,medium,0.0500,0.05,0.902500,1500.000000,168.718490,1331.281510,0.887521,75.000000,8.435924,58.050000,6.529406,0.774000,uniform_ota_closed_form_expectation
FS0349,100,0.95,6,30,high,0.2000,0.00,0.950000,1500.000000,98.651042,1401.348958,0.934233,300.000000,19.730208,232.200000,15.271181,0.774000,uniform_ota_closed_form_expectation
FS0350,100,0.95,6,30,high,0.2000,0.01,0.940500,1500.000000,112.664531,1387.335469,0.924890,300.000000,22.532906,232.200000,17.440469,0.774000,uniform_ota_closed_form_expectation
FS0351,100,0.95,6,30,high,0.2000,0.05,0.902500,1500.000000,168.718490,1331.281510,0.887521,300.000000,33.743698,232.200000,26.117622,0.774000,uniform_ota_closed_form_expectation
FS0352,100,0.95,6,60,low,0.0100,0.00,0.950000,3000.000000,173.700521,2826.299479,0.942100,30.000000,1.737005,23.220000,1.344442,0.774000,uniform_ota_closed_form_expectation
FS0353,100,0.95,6,60,low,0.0100,0.01,0.940500,3000.000000,201.963516,2798.036484,0.932679,30.000000,2.019635,23.220000,1.563198,0.774000,uniform_ota_closed_form_expectation
FS0354,100,0.95,6,60,low,0.0100,0.05,0.902500,3000.000000,315.015495,2684.984505,0.894995,30.000000,3.150155,23.220000,2.438220,0.774000,uniform_ota_closed_form_expectation
FS0355,100,0.95,6,60,medium,0.0500,0.00,0.950000,3000.000000,173.700521,2826.299479,0.942100,150.000000,8.685026,116.100000,6.722210,0.774000,uniform_ota_closed_form_expectation
FS0356,100,0.95,6,60,medium,0.0500,0.01,0.940500,3000.000000,201.963516,2798.036484,0.932679,150.000000,10.098176,116.100000,7.815988,0.774000,uniform_ota_closed_form_expectation
FS0357,100,0.95,6,60,medium,0.0500,0.05,0.902500,3000.000000,315.015495,2684.984505,0.894995,150.000000,15.750775,116.100000,12.191100,0.774000,uniform_ota_closed_form_expectation
FS0358,100,0.95,6,60,high,0.2000,0.00,0.950000,3000.000000,173.700521,2826.299479,0.942100,600.000000,34.740104,464.400000,26.888841,0.774000,uniform_ota_closed_form_expectation
FS0359,100,0.95,6,60,high,0.2000,0.01,0.940500,3000.000000,201.963516,2798.036484,0.932679,600.000000,40.392703,464.400000,31.263952,0.774000,uniform_ota_closed_form_expectation
FS0360,100,0.95,6,60,high,0.2000,0.05,0.902500,3000.000000,315.015495,2684.984505,0.894995,600.000000,63.003099,464.400000,48.764399,0.774000,uniform_ota_closed_form_expectation
FS0361,100,0.95,24,7,low,0.0100,0.00,0.950000,350.000000,105.714286,244.285714,0.697959,3.500000,1.057143,2.709000,0.818229,0.774000,uniform_ota_closed_form_expectation
FS0362,100,0.95,24,7,low,0.0100,0.01,0.940500,350.000000,108.157143,241.842857,0.690980,3.500000,1.081571,2.709000,0.837136,0.774000,uniform_ota_closed_form_expectation
FS0363,100,0.95,24,7,low,0.0100,0.05,0.902500,350.000000,117.928571,232.071429,0.663061,3.500000,1.179286,2.709000,0.912767,0.774000,uniform_ota_closed_form_expectation
FS0364,100,0.95,24,7,medium,0.0500,0.00,0.950000,350.000000,105.714286,244.285714,0.697959,17.500000,5.285714,13.545000,4.091143,0.774000,uniform_ota_closed_form_expectation
FS0365,100,0.95,24,7,medium,0.0500,0.01,0.940500,350.000000,108.157143,241.842857,0.690980,17.500000,5.407857,13.545000,4.185681,0.774000,uniform_ota_closed_form_expectation
FS0366,100,0.95,24,7,medium,0.0500,0.05,0.902500,350.000000,117.928571,232.071429,0.663061,17.500000,5.896429,13.545000,4.563836,0.774000,uniform_ota_closed_form_expectation
FS0367,100,0.95,24,7,high,0.2000,0.00,0.950000,350.000000,105.714286,244.285714,0.697959,70.000000,21.142857,54.180000,16.364571,0.774000,uniform_ota_closed_form_expectation
FS0368,100,0.95,24,7,high,0.2000,0.01,0.940500,350.000000,108.157143,241.842857,0.690980,70.000000,21.631429,54.180000,16.742726,0.774000,uniform_ota_closed_form_expectation
FS0369,100,0.95,24,7,high,0.2000,0.05,0.902500,350.000000,117.928571,232.071429,0.663061,70.000000,23.585714,54.180000,18.255343,0.774000,uniform_ota_closed_form_expectation
FS0370,100,0.95,24,14,low,0.0100,0.00,0.950000,700.000000,126.607143,573.392857,0.819133,7.000000,1.266071,5.418000,0.979939,0.774000,uniform_ota_closed_form_expectation
FS0371,100,0.95,24,14,low,0.0100,0.01,0.940500,700.000000,132.341071,567.658929,0.810941,7.000000,1.323411,5.418000,1.024320,0.774000,uniform_ota_closed_form_expectation
FS0372,100,0.95,24,14,low,0.0100,0.05,0.902500,700.000000,155.276786,544.723214,0.778176,7.000000,1.552768,5.418000,1.201842,0.774000,uniform_ota_closed_form_expectation
FS0373,100,0.95,24,14,medium,0.0500,0.00,0.950000,700.000000,126.607143,573.392857,0.819133,35.000000,6.330357,27.090000,4.899696,0.774000,uniform_ota_closed_form_expectation
FS0374,100,0.95,24,14,medium,0.0500,0.01,0.940500,700.000000,132.341071,567.658929,0.810941,35.000000,6.617054,27.090000,5.121599,0.774000,uniform_ota_closed_form_expectation
FS0375,100,0.95,24,14,medium,0.0500,0.05,0.902500,700.000000,155.276786,544.723214,0.778176,35.000000,7.763839,27.090000,6.009212,0.774000,uniform_ota_closed_form_expectation
FS0376,100,0.95,24,14,high,0.2000,0.00,0.950000,700.000000,126.607143,573.392857,0.819133,140.000000,25.321429,108.360000,19.598786,0.774000,uniform_ota_closed_form_expectation
FS0377,100,0.95,24,14,high,0.2000,0.01,0.940500,700.000000,132.341071,567.658929,0.810941,140.000000,26.468214,108.360000,20.486398,0.774000,uniform_ota_closed_form_expectation
FS0378,100,0.95,24,14,high,0.2000,0.05,0.902500,700.000000,155.276786,544.723214,0.778176,140.000000,31.055357,108.360000,24.036846,0.774000,uniform_ota_closed_form_expectation
FS0379,100,0.95,24,30,low,0.0100,0.00,0.950000,1500.000000,168.416667,1331.583333,0.887722,15.000000,1.684167,11.610000,1.303545,0.774000,uniform_ota_closed_form_expectation
FS0380,100,0.95,24,30,low,0.0100,0.01,0.940500,1500.000000,181.732500,1318.267500,0.878845,15.000000,1.817325,11.610000,1.406610,0.774000,uniform_ota_closed_form_expectation
FS0381,100,0.95,24,30,low,0.0100,0.05,0.902500,1500.000000,234.995833,1265.004167,0.843336,15.000000,2.349958,11.610000,1.818868,0.774000,uniform_ota_closed_form_expectation
FS0382,100,0.95,24,30,medium,0.0500,0.00,0.950000,1500.000000,168.416667,1331.583333,0.887722,75.000000,8.420833,58.050000,6.517725,0.774000,uniform_ota_closed_form_expectation
FS0383,100,0.95,24,30,medium,0.0500,0.01,0.940500,1500.000000,181.732500,1318.267500,0.878845,75.000000,9.086625,58.050000,7.033048,0.774000,uniform_ota_closed_form_expectation
FS0384,100,0.95,24,30,medium,0.0500,0.05,0.902500,1500.000000,234.995833,1265.004167,0.843336,75.000000,11.749792,58.050000,9.094339,0.774000,uniform_ota_closed_form_expectation
FS0385,100,0.95,24,30,high,0.2000,0.00,0.950000,1500.000000,168.416667,1331.583333,0.887722,300.000000,33.683333,232.200000,26.070900,0.774000,uniform_ota_closed_form_expectation
FS0386,100,0.95,24,30,high,0.2000,0.01,0.940500,1500.000000,181.732500,1318.267500,0.878845,300.000000,36.346500,232.200000,28.132191,0.774000,uniform_ota_closed_form_expectation
FS0387,100,0.95,24,30,high,0.2000,0.05,0.902500,1500.000000,234.995833,1265.004167,0.843336,300.000000,46.999167,232.200000,36.377355,0.774000,uniform_ota_closed_form_expectation
FS0388,100,0.95,24,60,low,0.0100,0.00,0.950000,3000.000000,244.208333,2755.791667,0.918597,30.000000,2.442083,23.220000,1.890173,0.774000,uniform_ota_closed_form_expectation
FS0389,100,0.95,24,60,low,0.0100,0.01,0.940500,3000.000000,271.766250,2728.233750,0.909411,30.000000,2.717663,23.220000,2.103471,0.774000,uniform_ota_closed_form_expectation
FS0390,100,0.95,24,60,low,0.0100,0.05,0.902500,3000.000000,381.997917,2618.002083,0.872667,30.000000,3.819979,23.220000,2.956664,0.774000,uniform_ota_closed_form_expectation
FS0391,100,0.95,24,60,medium,0.0500,0.00,0.950000,3000.000000,244.208333,2755.791667,0.918597,150.000000,12.210417,116.100000,9.450863,0.774000,uniform_ota_closed_form_expectation
FS0392,100,0.95,24,60,medium,0.0500,0.01,0.940500,3000.000000,271.766250,2728.233750,0.909411,150.000000,13.588313,116.100000,10.517354,0.774000,uniform_ota_closed_form_expectation
FS0393,100,0.95,24,60,medium,0.0500,0.05,0.902500,3000.000000,381.997917,2618.002083,0.872667,150.000000,19.099896,116.100000,14.783319,0.774000,uniform_ota_closed_form_expectation
FS0394,100,0.95,24,60,high,0.2000,0.00,0.950000,3000.000000,244.208333,2755.791667,0.918597,600.000000,48.841667,464.400000,37.803450,0.774000,uniform_ota_closed_form_expectation
FS0395,100,0.95,24,60,high,0.2000,0.01,0.940500,3000.000000,271.766250,2728.233750,0.909411,600.000000,54.353250,464.400000,42.069416,0.774000,uniform_ota_closed_form_expectation
FS0396,100,0.95,24,60,high,0.2000,0.05,0.902500,3000.000000,381.997917,2618.002083,0.872667,600.000000,76.399583,464.400000,59.133278,0.774000,uniform_ota_closed_form_expectation
FS0397,100,0.95,72,7,low,0.0100,0.00,0.950000,350.000000,241.428571,108.571429,0.310204,3.500000,2.414286,2.709000,1.868657,0.774000,uniform_ota_closed_form_expectation
FS0398,100,0.95,72,7,low,0.0100,0.01,0.940500,350.000000,242.514286,107.485714,0.307102,3.500000,2.425143,2.709000,1.877061,0.774000,uniform_ota_closed_form_expectation
FS0399,100,0.95,72,7,low,0.0100,0.05,0.902500,350.000000,246.857143,103.142857,0.294694,3.500000,2.468571,2.709000,1.910674,0.774000,uniform_ota_closed_form_expectation
FS0400,100,0.95,72,7,medium,0.0500,0.00,0.950000,350.000000,241.428571,108.571429,0.310204,17.500000,12.071429,13.545000,9.343286,0.774000,uniform_ota_closed_form_expectation
FS0401,100,0.95,72,7,medium,0.0500,0.01,0.940500,350.000000,242.514286,107.485714,0.307102,17.500000,12.125714,13.545000,9.385303,0.774000,uniform_ota_closed_form_expectation
FS0402,100,0.95,72,7,medium,0.0500,0.05,0.902500,350.000000,246.857143,103.142857,0.294694,17.500000,12.342857,13.545000,9.553371,0.774000,uniform_ota_closed_form_expectation
FS0403,100,0.95,72,7,high,0.2000,0.00,0.950000,350.000000,241.428571,108.571429,0.310204,70.000000,48.285714,54.180000,37.373143,0.774000,uniform_ota_closed_form_expectation
FS0404,100,0.95,72,7,high,0.2000,0.01,0.940500,350.000000,242.514286,107.485714,0.307102,70.000000,48.502857,54.180000,37.541211,0.774000,uniform_ota_closed_form_expectation
FS0405,100,0.95,72,7,high,0.2000,0.05,0.902500,350.000000,246.857143,103.142857,0.294694,70.000000,49.371429,54.180000,38.213486,0.774000,uniform_ota_closed_form_expectation
FS0406,100,0.95,72,14,low,0.0100,0.00,0.950000,700.000000,289.464286,410.535714,0.586480,7.000000,2.894643,5.418000,2.240454,0.774000,uniform_ota_closed_form_expectation
FS0407,100,0.95,72,14,low,0.0100,0.01,0.940500,700.000000,293.569643,406.430357,0.580615,7.000000,2.935696,5.418000,2.272229,0.774000,uniform_ota_closed_form_expectation
FS0408,100,0.95,72,14,low,0.0100,0.05,0.902500,700.000000,309.991071,390.008929,0.557156,7.000000,3.099911,5.418000,2.399331,0.774000,uniform_ota_closed_form_expectation
FS0409,100,0.95,72,14,medium,0.0500,0.00,0.950000,700.000000,289.464286,410.535714,0.586480,35.000000,14.473214,27.090000,11.202268,0.774000,uniform_ota_closed_form_expectation
FS0410,100,0.95,72,14,medium,0.0500,0.01,0.940500,700.000000,293.569643,406.430357,0.580615,35.000000,14.678482,27.090000,11.361145,0.774000,uniform_ota_closed_form_expectation
FS0411,100,0.95,72,14,medium,0.0500,0.05,0.902500,700.000000,309.991071,390.008929,0.557156,35.000000,15.499554,27.090000,11.996654,0.774000,uniform_ota_closed_form_expectation
FS0412,100,0.95,72,14,high,0.2000,0.00,0.950000,700.000000,289.464286,410.535714,0.586480,140.000000,57.892857,108.360000,44.809071,0.774000,uniform_ota_closed_form_expectation
FS0413,100,0.95,72,14,high,0.2000,0.01,0.940500,700.000000,293.569643,406.430357,0.580615,140.000000,58.713929,108.360000,45.444581,0.774000,uniform_ota_closed_form_expectation
FS0414,100,0.95,72,14,high,0.2000,0.05,0.902500,700.000000,309.991071,390.008929,0.557156,140.000000,61.998214,108.360000,47.986618,0.774000,uniform_ota_closed_form_expectation
FS0415,100,0.95,72,30,low,0.0100,0.00,0.950000,1500.000000,345.750000,1154.250000,0.769500,15.000000,3.457500,11.610000,2.676105,0.774000,uniform_ota_closed_form_expectation
FS0416,100,0.95,72,30,low,0.0100,0.01,0.940500,1500.000000,357.292500,1142.707500,0.761805,15.000000,3.572925,11.610000,2.765444,0.774000,uniform_ota_closed_form_expectation
FS0417,100,0.95,72,30,low,0.0100,0.05,0.902500,1500.000000,403.462500,1096.537500,0.731025,15.000000,4.034625,11.610000,3.122800,0.774000,uniform_ota_closed_form_expectation
FS0418,100,0.95,72,30,medium,0.0500,0.00,0.950000,1500.000000,345.750000,1154.250000,0.769500,75.000000,17.287500,58.050000,13.380525,0.774000,uniform_ota_closed_form_expectation
FS0419,100,0.95,72,30,medium,0.0500,0.01,0.940500,1500.000000,357.292500,1142.707500,0.761805,75.000000,17.864625,58.050000,13.827220,0.774000,uniform_ota_closed_form_expectation
FS0420,100,0.95,72,30,medium,0.0500,0.05,0.902500,1500.000000,403.462500,1096.537500,0.731025,75.000000,20.173125,58.050000,15.613999,0.774000,uniform_ota_closed_form_expectation
FS0421,100,0.95,72,30,high,0.2000,0.00,0.950000,1500.000000,345.750000,1154.250000,0.769500,300.000000,69.150000,232.200000,53.522100,0.774000,uniform_ota_closed_form_expectation
FS0422,100,0.95,72,30,high,0.2000,0.01,0.940500,1500.000000,357.292500,1142.707500,0.761805,300.000000,71.458500,232.200000,55.308879,0.774000,uniform_ota_closed_form_expectation
FS0423,100,0.95,72,30,high,0.2000,0.05,0.902500,1500.000000,403.462500,1096.537500,0.731025,300.000000,80.692500,232.200000,62.455995,0.774000,uniform_ota_closed_form_expectation
FS0424,100,0.95,72,60,low,0.0100,0.00,0.950000,3000.000000,427.875000,2572.125000,0.857375,30.000000,4.278750,23.220000,3.311753,0.774000,uniform_ota_closed_form_expectation
FS0425,100,0.95,72,60,low,0.0100,0.01,0.940500,3000.000000,453.596250,2546.403750,0.848801,30.000000,4.535963,23.220000,3.510835,0.774000,uniform_ota_closed_form_expectation
FS0426,100,0.95,72,60,low,0.0100,0.05,0.902500,3000.000000,556.481250,2443.518750,0.814506,30.000000,5.564813,23.220000,4.307165,0.774000,uniform_ota_closed_form_expectation
FS0427,100,0.95,72,60,medium,0.0500,0.00,0.950000,3000.000000,427.875000,2572.125000,0.857375,150.000000,21.393750,116.100000,16.558763,0.774000,uniform_ota_closed_form_expectation
FS0428,100,0.95,72,60,medium,0.0500,0.01,0.940500,3000.000000,453.596250,2546.403750,0.848801,150.000000,22.679813,116.100000,17.554175,0.774000,uniform_ota_closed_form_expectation
FS0429,100,0.95,72,60,medium,0.0500,0.05,0.902500,3000.000000,556.481250,2443.518750,0.814506,150.000000,27.824063,116.100000,21.535824,0.774000,uniform_ota_closed_form_expectation
FS0430,100,0.95,72,60,high,0.2000,0.00,0.950000,3000.000000,427.875000,2572.125000,0.857375,600.000000,85.575000,464.400000,66.235050,0.774000,uniform_ota_closed_form_expectation
FS0431,100,0.95,72,60,high,0.2000,0.01,0.940500,3000.000000,453.596250,2546.403750,0.848801,600.000000,90.719250,464.400000,70.216700,0.774000,uniform_ota_closed_form_expectation
FS0432,100,0.95,72,60,high,0.2000,0.05,0.902500,3000.000000,556.481250,2443.518750,0.814506,600.000000,111.296250,464.400000,86.143298,0.774000,uniform_ota_closed_form_expectation
FS0433,100,1.00,1,7,low,0.0100,0.00,1.000000,350.000000,4.154266,345.845734,0.988131,3.500000,0.041543,2.709000,0.032154,0.774000,uniform_ota_closed_form_expectation
FS0434,100,1.00,1,7,low,0.0100,0.01,0.990000,350.000000,7.612723,342.387277,0.978249,3.500000,0.076127,2.709000,0.058922,0.774000,uniform_ota_closed_form_expectation
FS0435,100,1.00,1,7,low,0.0100,0.05,0.950000,350.000000,21.446553,328.553447,0.938724,3.500000,0.214466,2.709000,0.165996,0.774000,uniform_ota_closed_form_expectation
FS0436,100,1.00,1,7,medium,0.0500,0.00,1.000000,350.000000,4.154266,345.845734,0.988131,17.500000,0.207713,13.545000,0.160770,0.774000,uniform_ota_closed_form_expectation
FS0437,100,1.00,1,7,medium,0.0500,0.01,0.990000,350.000000,7.612723,342.387277,0.978249,17.500000,0.380636,13.545000,0.294612,0.774000,uniform_ota_closed_form_expectation
FS0438,100,1.00,1,7,medium,0.0500,0.05,0.950000,350.000000,21.446553,328.553447,0.938724,17.500000,1.072328,13.545000,0.829982,0.774000,uniform_ota_closed_form_expectation
FS0439,100,1.00,1,7,high,0.2000,0.00,1.000000,350.000000,4.154266,345.845734,0.988131,70.000000,0.830853,54.180000,0.643080,0.774000,uniform_ota_closed_form_expectation
FS0440,100,1.00,1,7,high,0.2000,0.01,0.990000,350.000000,7.612723,342.387277,0.978249,70.000000,1.522545,54.180000,1.178450,0.774000,uniform_ota_closed_form_expectation
FS0441,100,1.00,1,7,high,0.2000,0.05,0.950000,350.000000,21.446553,328.553447,0.938724,70.000000,4.289311,54.180000,3.319926,0.774000,uniform_ota_closed_form_expectation
FS0442,100,1.00,1,14,low,0.0100,0.00,1.000000,700.000000,4.160466,695.839534,0.994056,7.000000,0.041605,5.418000,0.032202,0.774000,uniform_ota_closed_form_expectation
FS0443,100,1.00,1,14,low,0.0100,0.01,0.990000,700.000000,11.118862,688.881138,0.984116,7.000000,0.111189,5.418000,0.086060,0.774000,uniform_ota_closed_form_expectation
FS0444,100,1.00,1,14,low,0.0100,0.05,0.950000,700.000000,38.952443,661.047557,0.944354,7.000000,0.389524,5.418000,0.301492,0.774000,uniform_ota_closed_form_expectation
FS0445,100,1.00,1,14,medium,0.0500,0.00,1.000000,700.000000,4.160466,695.839534,0.994056,35.000000,0.208023,27.090000,0.161010,0.774000,uniform_ota_closed_form_expectation
FS0446,100,1.00,1,14,medium,0.0500,0.01,0.990000,700.000000,11.118862,688.881138,0.984116,35.000000,0.555943,27.090000,0.430300,0.774000,uniform_ota_closed_form_expectation
FS0447,100,1.00,1,14,medium,0.0500,0.05,0.950000,700.000000,38.952443,661.047557,0.944354,35.000000,1.947622,27.090000,1.507460,0.774000,uniform_ota_closed_form_expectation
FS0448,100,1.00,1,14,high,0.2000,0.00,1.000000,700.000000,4.160466,695.839534,0.994056,140.000000,0.832093,108.360000,0.644040,0.774000,uniform_ota_closed_form_expectation
FS0449,100,1.00,1,14,high,0.2000,0.01,0.990000,700.000000,11.118862,688.881138,0.984116,140.000000,2.223772,108.360000,1.721200,0.774000,uniform_ota_closed_form_expectation
FS0450,100,1.00,1,14,high,0.2000,0.05,0.950000,700.000000,38.952443,661.047557,0.944354,140.000000,7.790489,108.360000,6.029838,0.774000,uniform_ota_closed_form_expectation
FS0451,100,1.00,1,30,low,0.0100,0.00,1.000000,1500.000000,4.163773,1495.836227,0.997224,15.000000,0.041638,11.610000,0.032228,0.774000,uniform_ota_closed_form_expectation
FS0452,100,1.00,1,30,low,0.0100,0.01,0.990000,1500.000000,19.122135,1480.877865,0.987252,15.000000,0.191221,11.610000,0.148005,0.774000,uniform_ota_closed_form_expectation
FS0453,100,1.00,1,30,low,0.0100,0.05,0.950000,1500.000000,78.955584,1421.044416,0.947363,15.000000,0.789556,11.610000,0.611116,0.774000,uniform_ota_closed_form_expectation
FS0454,100,1.00,1,30,medium,0.0500,0.00,1.000000,1500.000000,4.163773,1495.836227,0.997224,75.000000,0.208189,58.050000,0.161138,0.774000,uniform_ota_closed_form_expectation
FS0455,100,1.00,1,30,medium,0.0500,0.01,0.990000,1500.000000,19.122135,1480.877865,0.987252,75.000000,0.956107,58.050000,0.740027,0.774000,uniform_ota_closed_form_expectation
FS0456,100,1.00,1,30,medium,0.0500,0.05,0.950000,1500.000000,78.955584,1421.044416,0.947363,75.000000,3.947779,58.050000,3.055581,0.774000,uniform_ota_closed_form_expectation
FS0457,100,1.00,1,30,high,0.2000,0.00,1.000000,1500.000000,4.163773,1495.836227,0.997224,300.000000,0.832755,232.200000,0.644552,0.774000,uniform_ota_closed_form_expectation
FS0458,100,1.00,1,30,high,0.2000,0.01,0.990000,1500.000000,19.122135,1480.877865,0.987252,300.000000,3.824427,232.200000,2.960107,0.774000,uniform_ota_closed_form_expectation
FS0459,100,1.00,1,30,high,0.2000,0.05,0.950000,1500.000000,78.955584,1421.044416,0.947363,300.000000,15.791117,232.200000,12.222324,0.774000,uniform_ota_closed_form_expectation
FS0460,100,1.00,1,60,low,0.0100,0.00,1.000000,3000.000000,4.165220,2995.834780,0.998612,30.000000,0.041652,23.220000,0.032239,0.774000,uniform_ota_closed_form_expectation
FS0461,100,1.00,1,60,low,0.0100,0.01,0.990000,3000.000000,34.123568,2965.876432,0.988625,30.000000,0.341236,23.220000,0.264116,0.774000,uniform_ota_closed_form_expectation
FS0462,100,1.00,1,60,low,0.0100,0.05,0.950000,3000.000000,153.956959,2846.043041,0.948681,30.000000,1.539570,23.220000,1.191627,0.774000,uniform_ota_closed_form_expectation
FS0463,100,1.00,1,60,medium,0.0500,0.00,1.000000,3000.000000,4.165220,2995.834780,0.998612,150.000000,0.208261,116.100000,0.161194,0.774000,uniform_ota_closed_form_expectation
FS0464,100,1.00,1,60,medium,0.0500,0.01,0.990000,3000.000000,34.123568,2965.876432,0.988625,150.000000,1.706178,116.100000,1.320582,0.774000,uniform_ota_closed_form_expectation
FS0465,100,1.00,1,60,medium,0.0500,0.05,0.950000,3000.000000,153.956959,2846.043041,0.948681,150.000000,7.697848,116.100000,5.958134,0.774000,uniform_ota_closed_form_expectation
FS0466,100,1.00,1,60,high,0.2000,0.00,1.000000,3000.000000,4.165220,2995.834780,0.998612,600.000000,0.833044,464.400000,0.644776,0.774000,uniform_ota_closed_form_expectation
FS0467,100,1.00,1,60,high,0.2000,0.01,0.990000,3000.000000,34.123568,2965.876432,0.988625,600.000000,6.824714,464.400000,5.282328,0.774000,uniform_ota_closed_form_expectation
FS0468,100,1.00,1,60,high,0.2000,0.05,0.950000,3000.000000,153.956959,2846.043041,0.948681,600.000000,30.791392,464.400000,23.832537,0.774000,uniform_ota_closed_form_expectation
FS0469,100,1.00,6,7,low,0.0100,0.00,1.000000,350.000000,24.553571,325.446429,0.929847,3.500000,0.245536,2.709000,0.190045,0.774000,uniform_ota_closed_form_expectation
FS0470,100,1.00,6,7,low,0.0100,0.01,0.990000,350.000000,27.808036,322.191964,0.920548,3.500000,0.278080,2.709000,0.215234,0.774000,uniform_ota_closed_form_expectation
FS0471,100,1.00,6,7,low,0.0100,0.05,0.950000,350.000000,40.825893,309.174107,0.883355,3.500000,0.408259,2.709000,0.315992,0.774000,uniform_ota_closed_form_expectation
FS0472,100,1.00,6,7,medium,0.0500,0.00,1.000000,350.000000,24.553571,325.446429,0.929847,17.500000,1.227679,13.545000,0.950223,0.774000,uniform_ota_closed_form_expectation
FS0473,100,1.00,6,7,medium,0.0500,0.01,0.990000,350.000000,27.808036,322.191964,0.920548,17.500000,1.390402,13.545000,1.076171,0.774000,uniform_ota_closed_form_expectation
FS0474,100,1.00,6,7,medium,0.0500,0.05,0.950000,350.000000,40.825893,309.174107,0.883355,17.500000,2.041295,13.545000,1.579962,0.774000,uniform_ota_closed_form_expectation
FS0475,100,1.00,6,7,high,0.2000,0.00,1.000000,350.000000,24.553571,325.446429,0.929847,70.000000,4.910714,54.180000,3.800893,0.774000,uniform_ota_closed_form_expectation
FS0476,100,1.00,6,7,high,0.2000,0.01,0.990000,350.000000,27.808036,322.191964,0.920548,70.000000,5.561607,54.180000,4.304684,0.774000,uniform_ota_closed_form_expectation
FS0477,100,1.00,6,7,high,0.2000,0.05,0.950000,350.000000,40.825893,309.174107,0.883355,70.000000,8.165179,54.180000,6.319848,0.774000,uniform_ota_closed_form_expectation
FS0478,100,1.00,6,14,low,0.0100,0.00,1.000000,700.000000,24.776786,675.223214,0.964605,7.000000,0.247768,5.418000,0.191772,0.774000,uniform_ota_closed_form_expectation
FS0479,100,1.00,6,14,low,0.0100,0.01,0.990000,700.000000,31.529018,668.470982,0.954959,7.000000,0.315290,5.418000,0.244035,0.774000,uniform_ota_closed_form_expectation
FS0480,100,1.00,6,14,low,0.0100,0.05,0.950000,700.000000,58.537946,641.462054,0.916374,7.000000,0.585379,5.418000,0.453084,0.774000,uniform_ota_closed_form_expectation
FS0481,100,1.00,6,14,medium,0.0500,0.00,1.000000,700.000000,24.776786,675.223214,0.964605,35.000000,1.238839,27.090000,0.958862,0.774000,uniform_ota_closed_form_expectation
FS0482,100,1.00,6,14,medium,0.0500,0.01,0.990000,700.000000,31.529018,668.470982,0.954959,35.000000,1.576451,27.090000,1.220173,0.774000,uniform_ota_closed_form_expectation
FS0483,100,1.00,6,14,medium,0.0500,0.05,0.950000,700.000000,58.537946,641.462054,0.916374,35.000000,2.926897,27.090000,2.265419,0.774000,uniform_ota_closed_form_expectation
FS0484,100,1.00,6,14,high,0.2000,0.00,1.000000,700.000000,24.776786,675.223214,0.964605,140.000000,4.955357,108.360000,3.835446,0.774000,uniform_ota_closed_form_expectation
FS0485,100,1.00,6,14,high,0.2000,0.01,0.990000,700.000000,31.529018,668.470982,0.954959,140.000000,6.305804,108.360000,4.880692,0.774000,uniform_ota_closed_form_expectation
FS0486,100,1.00,6,14,high,0.2000,0.05,0.950000,700.000000,58.537946,641.462054,0.916374,140.000000,11.707589,108.360000,9.061674,0.774000,uniform_ota_closed_form_expectation
FS0487,100,1.00,6,30,low,0.0100,0.00,1.000000,1500.000000,24.895833,1475.104167,0.983403,15.000000,0.248958,11.610000,0.192694,0.774000,uniform_ota_closed_form_expectation
FS0488,100,1.00,6,30,low,0.0100,0.01,0.990000,1500.000000,39.646875,1460.353125,0.973569,15.000000,0.396469,11.610000,0.306867,0.774000,uniform_ota_closed_form_expectation
FS0489,100,1.00,6,30,low,0.0100,0.05,0.950000,1500.000000,98.651042,1401.348958,0.934233,15.000000,0.986510,11.610000,0.763559,0.774000,uniform_ota_closed_form_expectation
FS0490,100,1.00,6,30,medium,0.0500,0.00,1.000000,1500.000000,24.895833,1475.104167,0.983403,75.000000,1.244792,58.050000,0.963469,0.774000,uniform_ota_closed_form_expectation
FS0491,100,1.00,6,30,medium,0.0500,0.01,0.990000,1500.000000,39.646875,1460.353125,0.973569,75.000000,1.982344,58.050000,1.534334,0.774000,uniform_ota_closed_form_expectation
FS0492,100,1.00,6,30,medium,0.0500,0.05,0.950000,1500.000000,98.651042,1401.348958,0.934233,75.000000,4.932552,58.050000,3.817795,0.774000,uniform_ota_closed_form_expectation
FS0493,100,1.00,6,30,high,0.2000,0.00,1.000000,1500.000000,24.895833,1475.104167,0.983403,300.000000,4.979167,232.200000,3.853875,0.774000,uniform_ota_closed_form_expectation
FS0494,100,1.00,6,30,high,0.2000,0.01,0.990000,1500.000000,39.646875,1460.353125,0.973569,300.000000,7.929375,232.200000,6.137336,0.774000,uniform_ota_closed_form_expectation
FS0495,100,1.00,6,30,high,0.2000,0.05,0.950000,1500.000000,98.651042,1401.348958,0.934233,300.000000,19.730208,232.200000,15.271181,0.774000,uniform_ota_closed_form_expectation
FS0496,100,1.00,6,60,low,0.0100,0.00,1.000000,3000.000000,24.947917,2975.052083,0.991684,30.000000,0.249479,23.220000,0.193097,0.774000,uniform_ota_closed_form_expectation
FS0497,100,1.00,6,60,low,0.0100,0.01,0.990000,3000.000000,54.698438,2945.301562,0.981767,30.000000,0.546984,23.220000,0.423366,0.774000,uniform_ota_closed_form_expectation
FS0498,100,1.00,6,60,low,0.0100,0.05,0.950000,3000.000000,173.700521,2826.299479,0.942100,30.000000,1.737005,23.220000,1.344442,0.774000,uniform_ota_closed_form_expectation
FS0499,100,1.00,6,60,medium,0.0500,0.00,1.000000,3000.000000,24.947917,2975.052083,0.991684,150.000000,1.247396,116.100000,0.965484,0.774000,uniform_ota_closed_form_expectation
FS0500,100,1.00,6,60,medium,0.0500,0.01,0.990000,3000.000000,54.698438,2945.301562,0.981767,150.000000,2.734922,116.100000,2.116830,0.774000,uniform_ota_closed_form_expectation
FS0501,100,1.00,6,60,medium,0.0500,0.05,0.950000,3000.000000,173.700521,2826.299479,0.942100,150.000000,8.685026,116.100000,6.722210,0.774000,uniform_ota_closed_form_expectation
FS0502,100,1.00,6,60,high,0.2000,0.00,1.000000,3000.000000,24.947917,2975.052083,0.991684,600.000000,4.989583,464.400000,3.861938,0.774000,uniform_ota_closed_form_expectation
FS0503,100,1.00,6,60,high,0.2000,0.01,0.990000,3000.000000,54.698438,2945.301562,0.981767,600.000000,10.939688,464.400000,8.467318,0.774000,uniform_ota_closed_form_expectation
FS0504,100,1.00,6,60,high,0.2000,0.05,0.950000,3000.000000,173.700521,2826.299479,0.942100,600.000000,34.740104,464.400000,26.888841,0.774000,uniform_ota_closed_form_expectation
FS0505,100,1.00,24,7,low,0.0100,0.00,1.000000,350.000000,92.857143,257.142857,0.734694,3.500000,0.928571,2.709000,0.718714,0.774000,uniform_ota_closed_form_expectation
FS0506,100,1.00,24,7,low,0.0100,0.01,0.990000,350.000000,95.428571,254.571429,0.727347,3.500000,0.954286,2.709000,0.738617,0.774000,uniform_ota_closed_form_expectation
FS0507,100,1.00,24,7,low,0.0100,0.05,0.950000,350.000000,105.714286,244.285714,0.697959,3.500000,1.057143,2.709000,0.818229,0.774000,uniform_ota_closed_form_expectation
FS0508,100,1.00,24,7,medium,0.0500,0.00,1.000000,350.000000,92.857143,257.142857,0.734694,17.500000,4.642857,13.545000,3.593571,0.774000,uniform_ota_closed_form_expectation
FS0509,100,1.00,24,7,medium,0.0500,0.01,0.990000,350.000000,95.428571,254.571429,0.727347,17.500000,4.771429,13.545000,3.693086,0.774000,uniform_ota_closed_form_expectation
FS0510,100,1.00,24,7,medium,0.0500,0.05,0.950000,350.000000,105.714286,244.285714,0.697959,17.500000,5.285714,13.545000,4.091143,0.774000,uniform_ota_closed_form_expectation
FS0511,100,1.00,24,7,high,0.2000,0.00,1.000000,350.000000,92.857143,257.142857,0.734694,70.000000,18.571429,54.180000,14.374286,0.774000,uniform_ota_closed_form_expectation
FS0512,100,1.00,24,7,high,0.2000,0.01,0.990000,350.000000,95.428571,254.571429,0.727347,70.000000,19.085714,54.180000,14.772343,0.774000,uniform_ota_closed_form_expectation
FS0513,100,1.00,24,7,high,0.2000,0.05,0.950000,350.000000,105.714286,244.285714,0.697959,70.000000,21.142857,54.180000,16.364571,0.774000,uniform_ota_closed_form_expectation
FS0514,100,1.00,24,14,low,0.0100,0.00,1.000000,700.000000,96.428571,603.571429,0.862245,7.000000,0.964286,5.418000,0.746357,0.774000,uniform_ota_closed_form_expectation
FS0515,100,1.00,24,14,low,0.0100,0.01,0.990000,700.000000,102.464286,597.535714,0.853622,7.000000,1.024643,5.418000,0.793074,0.774000,uniform_ota_closed_form_expectation
FS0516,100,1.00,24,14,low,0.0100,0.05,0.950000,700.000000,126.607143,573.392857,0.819133,7.000000,1.266071,5.418000,0.979939,0.774000,uniform_ota_closed_form_expectation
FS0517,100,1.00,24,14,medium,0.0500,0.00,1.000000,700.000000,96.428571,603.571429,0.862245,35.000000,4.821429,27.090000,3.731786,0.774000,uniform_ota_closed_form_expectation
FS0518,100,1.00,24,14,medium,0.0500,0.01,0.990000,700.000000,102.464286,597.535714,0.853622,35.000000,5.123214,27.090000,3.965368,0.774000,uniform_ota_closed_form_expectation
FS0519,100,1.00,24,14,medium,0.0500,0.05,0.950000,700.000000,126.607143,573.392857,0.819133,35.000000,6.330357,27.090000,4.899696,0.774000,uniform_ota_closed_form_expectation
FS0520,100,1.00,24,14,high,0.2000,0.00,1.000000,700.000000,96.428571,603.571429,0.862245,140.000000,19.285714,108.360000,14.927143,0.774000,uniform_ota_closed_form_expectation
FS0521,100,1.00,24,14,high,0.2000,0.01,0.990000,700.000000,102.464286,597.535714,0.853622,140.000000,20.492857,108.360000,15.861471,0.774000,uniform_ota_closed_form_expectation
FS0522,100,1.00,24,14,high,0.2000,0.05,0.950000,700.000000,126.607143,573.392857,0.819133,140.000000,25.321429,108.360000,19.598786,0.774000,uniform_ota_closed_form_expectation
FS0523,100,1.00,24,30,low,0.0100,0.00,1.000000,1500.000000,98.333333,1401.666667,0.934444,15.000000,0.983333,11.610000,0.761100,0.774000,uniform_ota_closed_form_expectation
FS0524,100,1.00,24,30,low,0.0100,0.01,0.990000,1500.000000,112.350000,1387.650000,0.925100,15.000000,1.123500,11.610000,0.869589,0.774000,uniform_ota_closed_form_expectation
FS0525,100,1.00,24,30,low,0.0100,0.05,0.950000,1500.000000,168.416667,1331.583333,0.887722,15.000000,1.684167,11.610000,1.303545,0.774000,uniform_ota_closed_form_expectation
FS0526,100,1.00,24,30,medium,0.0500,0.00,1.000000,1500.000000,98.333333,1401.666667,0.934444,75.000000,4.916667,58.050000,3.805500,0.774000,uniform_ota_closed_form_expectation
FS0527,100,1.00,24,30,medium,0.0500,0.01,0.990000,1500.000000,112.350000,1387.650000,0.925100,75.000000,5.617500,58.050000,4.347945,0.774000,uniform_ota_closed_form_expectation
FS0528,100,1.00,24,30,medium,0.0500,0.05,0.950000,1500.000000,168.416667,1331.583333,0.887722,75.000000,8.420833,58.050000,6.517725,0.774000,uniform_ota_closed_form_expectation
FS0529,100,1.00,24,30,high,0.2000,0.00,1.000000,1500.000000,98.333333,1401.666667,0.934444,300.000000,19.666667,232.200000,15.222000,0.774000,uniform_ota_closed_form_expectation
FS0530,100,1.00,24,30,high,0.2000,0.01,0.990000,1500.000000,112.350000,1387.650000,0.925100,300.000000,22.470000,232.200000,17.391780,0.774000,uniform_ota_closed_form_expectation
FS0531,100,1.00,24,30,high,0.2000,0.05,0.950000,1500.000000,168.416667,1331.583333,0.887722,300.000000,33.683333,232.200000,26.070900,0.774000,uniform_ota_closed_form_expectation
FS0532,100,1.00,24,60,low,0.0100,0.00,1.000000,3000.000000,99.166667,2900.833333,0.966944,30.000000,0.991667,23.220000,0.767550,0.774000,uniform_ota_closed_form_expectation
FS0533,100,1.00,24,60,low,0.0100,0.01,0.990000,3000.000000,128.175000,2871.825000,0.957275,30.000000,1.281750,23.220000,0.992075,0.774000,uniform_ota_closed_form_expectation
FS0534,100,1.00,24,60,low,0.0100,0.05,0.950000,3000.000000,244.208333,2755.791667,0.918597,30.000000,2.442083,23.220000,1.890173,0.774000,uniform_ota_closed_form_expectation
FS0535,100,1.00,24,60,medium,0.0500,0.00,1.000000,3000.000000,99.166667,2900.833333,0.966944,150.000000,4.958333,116.100000,3.837750,0.774000,uniform_ota_closed_form_expectation
FS0536,100,1.00,24,60,medium,0.0500,0.01,0.990000,3000.000000,128.175000,2871.825000,0.957275,150.000000,6.408750,116.100000,4.960373,0.774000,uniform_ota_closed_form_expectation
FS0537,100,1.00,24,60,medium,0.0500,0.05,0.950000,3000.000000,244.208333,2755.791667,0.918597,150.000000,12.210417,116.100000,9.450863,0.774000,uniform_ota_closed_form_expectation
FS0538,100,1.00,24,60,high,0.2000,0.00,1.000000,3000.000000,99.166667,2900.833333,0.966944,600.000000,19.833333,464.400000,15.351000,0.774000,uniform_ota_closed_form_expectation
FS0539,100,1.00,24,60,high,0.2000,0.01,0.990000,3000.000000,128.175000,2871.825000,0.957275,600.000000,25.635000,464.400000,19.841490,0.774000,uniform_ota_closed_form_expectation
FS0540,100,1.00,24,60,high,0.2000,0.05,0.950000,3000.000000,244.208333,2755.791667,0.918597,600.000000,48.841667,464.400000,37.803450,0.774000,uniform_ota_closed_form_expectation
FS0541,100,1.00,72,7,low,0.0100,0.00,1.000000,350.000000,235.714286,114.285714,0.326531,3.500000,2.357143,2.709000,1.824429,0.774000,uniform_ota_closed_form_expectation
FS0542,100,1.00,72,7,low,0.0100,0.01,0.990000,350.000000,236.857143,113.142857,0.323265,3.500000,2.368571,2.709000,1.833274,0.774000,uniform_ota_closed_form_expectation
FS0543,100,1.00,72,7,low,0.0100,0.05,0.950000,350.000000,241.428571,108.571429,0.310204,3.500000,2.414286,2.709000,1.868657,0.774000,uniform_ota_closed_form_expectation
FS0544,100,1.00,72,7,medium,0.0500,0.00,1.000000,350.000000,235.714286,114.285714,0.326531,17.500000,11.785714,13.545000,9.122143,0.774000,uniform_ota_closed_form_expectation
FS0545,100,1.00,72,7,medium,0.0500,0.01,0.990000,350.000000,236.857143,113.142857,0.323265,17.500000,11.842857,13.545000,9.166371,0.774000,uniform_ota_closed_form_expectation
FS0546,100,1.00,72,7,medium,0.0500,0.05,0.950000,350.000000,241.428571,108.571429,0.310204,17.500000,12.071429,13.545000,9.343286,0.774000,uniform_ota_closed_form_expectation
FS0547,100,1.00,72,7,high,0.2000,0.00,1.000000,350.000000,235.714286,114.285714,0.326531,70.000000,47.142857,54.180000,36.488571,0.774000,uniform_ota_closed_form_expectation
FS0548,100,1.00,72,7,high,0.2000,0.01,0.990000,350.000000,236.857143,113.142857,0.323265,70.000000,47.371429,54.180000,36.665486,0.774000,uniform_ota_closed_form_expectation
FS0549,100,1.00,72,7,high,0.2000,0.05,0.950000,350.000000,241.428571,108.571429,0.310204,70.000000,48.285714,54.180000,37.373143,0.774000,uniform_ota_closed_form_expectation
FS0550,100,1.00,72,14,low,0.0100,0.00,1.000000,700.000000,267.857143,432.142857,0.617347,7.000000,2.678571,5.418000,2.073214,0.774000,uniform_ota_closed_form_expectation
FS0551,100,1.00,72,14,low,0.0100,0.01,0.990000,700.000000,272.178571,427.821429,0.611173,7.000000,2.721786,5.418000,2.106662,0.774000,uniform_ota_closed_form_expectation
FS0552,100,1.00,72,14,low,0.0100,0.05,0.950000,700.000000,289.464286,410.535714,0.586480,7.000000,2.894643,5.418000,2.240454,0.774000,uniform_ota_closed_form_expectation
FS0553,100,1.00,72,14,medium,0.0500,0.00,1.000000,700.000000,267.857143,432.142857,0.617347,35.000000,13.392857,27.090000,10.366071,0.774000,uniform_ota_closed_form_expectation
FS0554,100,1.00,72,14,medium,0.0500,0.01,0.990000,700.000000,272.178571,427.821429,0.611173,35.000000,13.608929,27.090000,10.533311,0.774000,uniform_ota_closed_form_expectation
FS0555,100,1.00,72,14,medium,0.0500,0.05,0.950000,700.000000,289.464286,410.535714,0.586480,35.000000,14.473214,27.090000,11.202268,0.774000,uniform_ota_closed_form_expectation
FS0556,100,1.00,72,14,high,0.2000,0.00,1.000000,700.000000,267.857143,432.142857,0.617347,140.000000,53.571429,108.360000,41.464286,0.774000,uniform_ota_closed_form_expectation
FS0557,100,1.00,72,14,high,0.2000,0.01,0.990000,700.000000,272.178571,427.821429,0.611173,140.000000,54.435714,108.360000,42.133243,0.774000,uniform_ota_closed_form_expectation
FS0558,100,1.00,72,14,high,0.2000,0.05,0.950000,700.000000,289.464286,410.535714,0.586480,140.000000,57.892857,108.360000,44.809071,0.774000,uniform_ota_closed_form_expectation
FS0559,100,1.00,72,30,low,0.0100,0.00,1.000000,1500.000000,285.000000,1215.000000,0.810000,15.000000,2.850000,11.610000,2.205900,0.774000,uniform_ota_closed_form_expectation
FS0560,100,1.00,72,30,low,0.0100,0.01,0.990000,1500.000000,297.150000,1202.850000,0.801900,15.000000,2.971500,11.610000,2.299941,0.774000,uniform_ota_closed_form_expectation
FS0561,100,1.00,72,30,low,0.0100,0.05,0.950000,1500.000000,345.750000,1154.250000,0.769500,15.000000,3.457500,11.610000,2.676105,0.774000,uniform_ota_closed_form_expectation
FS0562,100,1.00,72,30,medium,0.0500,0.00,1.000000,1500.000000,285.000000,1215.000000,0.810000,75.000000,14.250000,58.050000,11.029500,0.774000,uniform_ota_closed_form_expectation
FS0563,100,1.00,72,30,medium,0.0500,0.01,0.990000,1500.000000,297.150000,1202.850000,0.801900,75.000000,14.857500,58.050000,11.499705,0.774000,uniform_ota_closed_form_expectation
FS0564,100,1.00,72,30,medium,0.0500,0.05,0.950000,1500.000000,345.750000,1154.250000,0.769500,75.000000,17.287500,58.050000,13.380525,0.774000,uniform_ota_closed_form_expectation
FS0565,100,1.00,72,30,high,0.2000,0.00,1.000000,1500.000000,285.000000,1215.000000,0.810000,300.000000,57.000000,232.200000,44.118000,0.774000,uniform_ota_closed_form_expectation
FS0566,100,1.00,72,30,high,0.2000,0.01,0.990000,1500.000000,297.150000,1202.850000,0.801900,300.000000,59.430000,232.200000,45.998820,0.774000,uniform_ota_closed_form_expectation
FS0567,100,1.00,72,30,high,0.2000,0.05,0.950000,1500.000000,345.750000,1154.250000,0.769500,300.000000,69.150000,232.200000,53.522100,0.774000,uniform_ota_closed_form_expectation
FS0568,100,1.00,72,60,low,0.0100,0.00,1.000000,3000.000000,292.500000,2707.500000,0.902500,30.000000,2.925000,23.220000,2.263950,0.774000,uniform_ota_closed_form_expectation
FS0569,100,1.00,72,60,low,0.0100,0.01,0.990000,3000.000000,319.575000,2680.425000,0.893475,30.000000,3.195750,23.220000,2.473511,0.774000,uniform_ota_closed_form_expectation
FS0570,100,1.00,72,60,low,0.0100,0.05,0.950000,3000.000000,427.875000,2572.125000,0.857375,30.000000,4.278750,23.220000,3.311753,0.774000,uniform_ota_closed_form_expectation
FS0571,100,1.00,72,60,medium,0.0500,0.00,1.000000,3000.000000,292.500000,2707.500000,0.902500,150.000000,14.625000,116.100000,11.319750,0.774000,uniform_ota_closed_form_expectation
FS0572,100,1.00,72,60,medium,0.0500,0.01,0.990000,3000.000000,319.575000,2680.425000,0.893475,150.000000,15.978750,116.100000,12.367553,0.774000,uniform_ota_closed_form_expectation
FS0573,100,1.00,72,60,medium,0.0500,0.05,0.950000,3000.000000,427.875000,2572.125000,0.857375,150.000000,21.393750,116.100000,16.558763,0.774000,uniform_ota_closed_form_expectation
FS0574,100,1.00,72,60,high,0.2000,0.00,1.000000,3000.000000,292.500000,2707.500000,0.902500,600.000000,58.500000,464.400000,45.279000,0.774000,uniform_ota_closed_form_expectation
FS0575,100,1.00,72,60,high,0.2000,0.01,0.990000,3000.000000,319.575000,2680.425000,0.893475,600.000000,63.915000,464.400000,49.470210,0.774000,uniform_ota_closed_form_expectation
FS0576,100,1.00,72,60,high,0.2000,0.05,0.950000,3000.000000,427.875000,2572.125000,0.857375,600.000000,85.575000,464.400000,66.235050,0.774000,uniform_ota_closed_form_expectation
FS0577,1000,0.70,1,7,low,0.0100,0.00,0.700000,3500.000000,1079.079861,2420.920139,0.691691,35.000000,10.790799,27.090000,8.352078,0.774000,uniform_ota_closed_form_expectation
FS0578,1000,0.70,1,7,low,0.0100,0.01,0.693000,3500.000000,1103.289063,2396.710938,0.684775,35.000000,11.032891,27.090000,8.539457,0.774000,uniform_ota_closed_form_expectation
FS0579,1000,0.70,1,7,low,0.0100,0.05,0.665000,3500.000000,1200.125868,2299.874132,0.657107,35.000000,12.001259,27.090000,9.288974,0.774000,uniform_ota_closed_form_expectation
FS0580,1000,0.70,1,7,medium,0.0500,0.00,0.700000,3500.000000,1079.079861,2420.920139,0.691691,175.000000,53.953993,135.450000,41.760391,0.774000,uniform_ota_closed_form_expectation
FS0581,1000,0.70,1,7,medium,0.0500,0.01,0.693000,3500.000000,1103.289063,2396.710938,0.684775,175.000000,55.164453,135.450000,42.697287,0.774000,uniform_ota_closed_form_expectation
FS0582,1000,0.70,1,7,medium,0.0500,0.05,0.665000,3500.000000,1200.125868,2299.874132,0.657107,175.000000,60.006293,135.450000,46.444871,0.774000,uniform_ota_closed_form_expectation
FS0583,1000,0.70,1,7,high,0.2000,0.00,0.700000,3500.000000,1079.079861,2420.920139,0.691691,700.000000,215.815972,541.800000,167.041563,0.774000,uniform_ota_closed_form_expectation
FS0584,1000,0.70,1,7,high,0.2000,0.01,0.693000,3500.000000,1103.289063,2396.710938,0.684775,700.000000,220.657813,541.800000,170.789147,0.774000,uniform_ota_closed_form_expectation
FS0585,1000,0.70,1,7,high,0.2000,0.05,0.665000,3500.000000,1200.125868,2299.874132,0.657107,700.000000,240.025174,541.800000,185.779484,0.774000,uniform_ota_closed_form_expectation
FS0586,1000,0.70,1,14,low,0.0100,0.00,0.700000,7000.000000,2129.123264,4870.876736,0.695840,70.000000,21.291233,54.180000,16.479414,0.774000,uniform_ota_closed_form_expectation
FS0587,1000,0.70,1,14,low,0.0100,0.01,0.693000,7000.000000,2177.832031,4822.167969,0.688881,70.000000,21.778320,54.180000,16.856420,0.774000,uniform_ota_closed_form_expectation
FS0588,1000,0.70,1,14,low,0.0100,0.05,0.665000,7000.000000,2372.667101,4627.332899,0.661048,70.000000,23.726671,54.180000,18.364443,0.774000,uniform_ota_closed_form_expectation
FS0589,1000,0.70,1,14,medium,0.0500,0.00,0.700000,7000.000000,2129.123264,4870.876736,0.695840,350.000000,106.456163,270.900000,82.397070,0.774000,uniform_ota_closed_form_expectation
FS0590,1000,0.70,1,14,medium,0.0500,0.01,0.693000,7000.000000,2177.832031,4822.167969,0.688881,350.000000,108.891602,270.900000,84.282100,0.774000,uniform_ota_closed_form_expectation
FS0591,1000,0.70,1,14,medium,0.0500,0.05,0.665000,7000.000000,2372.667101,4627.332899,0.661048,350.000000,118.633355,270.900000,91.822217,0.774000,uniform_ota_closed_form_expectation
FS0592,1000,0.70,1,14,high,0.2000,0.00,0.700000,7000.000000,2129.123264,4870.876736,0.695840,1400.000000,425.824653,1083.600000,329.588281,0.774000,uniform_ota_closed_form_expectation
FS0593,1000,0.70,1,14,high,0.2000,0.01,0.693000,7000.000000,2177.832031,4822.167969,0.688881,1400.000000,435.566406,1083.600000,337.128398,0.774000,uniform_ota_closed_form_expectation
FS0594,1000,0.70,1,14,high,0.2000,0.05,0.665000,7000.000000,2372.667101,4627.332899,0.661048,1400.000000,474.533420,1083.600000,367.288867,0.774000,uniform_ota_closed_form_expectation
FS0595,1000,0.70,1,30,low,0.0100,0.00,0.700000,15000.000000,4529.146412,10470.853588,0.698057,150.000000,45.291464,116.100000,35.055593,0.774000,uniform_ota_closed_form_expectation
FS0596,1000,0.70,1,30,low,0.0100,0.01,0.693000,15000.000000,4633.854948,10366.145052,0.691076,150.000000,46.338549,116.100000,35.866037,0.774000,uniform_ota_closed_form_expectation
FS0597,1000,0.70,1,30,low,0.0100,0.05,0.665000,15000.000000,5052.689091,9947.310909,0.663154,150.000000,50.526891,116.100000,39.107814,0.774000,uniform_ota_closed_form_expectation
FS0598,1000,0.70,1,30,medium,0.0500,0.00,0.700000,15000.000000,4529.146412,10470.853588,0.698057,750.000000,226.457321,580.500000,175.277966,0.774000,uniform_ota_closed_form_expectation
FS0599,1000,0.70,1,30,medium,0.0500,0.01,0.693000,15000.000000,4633.854948,10366.145052,0.691076,750.000000,231.692747,580.500000,179.330186,0.774000,uniform_ota_closed_form_expectation
FS0600,1000,0.70,1,30,medium,0.0500,0.05,0.665000,15000.000000,5052.689091,9947.310909,0.663154,750.000000,252.634455,580.500000,195.539068,0.774000,uniform_ota_closed_form_expectation
FS0601,1000,0.70,1,30,high,0.2000,0.00,0.700000,15000.000000,4529.146412,10470.853588,0.698057,3000.000000,905.829282,2322.000000,701.111865,0.774000,uniform_ota_closed_form_expectation
FS0602,1000,0.70,1,30,high,0.2000,0.01,0.693000,15000.000000,4633.854948,10366.145052,0.691076,3000.000000,926.770990,2322.000000,717.320746,0.774000,uniform_ota_closed_form_expectation
FS0603,1000,0.70,1,30,high,0.2000,0.05,0.665000,15000.000000,5052.689091,9947.310909,0.663154,3000.000000,1010.537818,2322.000000,782.156271,0.774000,uniform_ota_closed_form_expectation
FS0604,1000,0.70,1,60,low,0.0100,0.00,0.700000,30000.000000,9029.156539,20970.843461,0.699028,300.000000,90.291565,232.200000,69.885672,0.774000,uniform_ota_closed_form_expectation
FS0605,1000,0.70,1,60,low,0.0100,0.01,0.693000,30000.000000,9238.864974,20761.135026,0.692038,300.000000,92.388650,232.200000,71.508815,0.774000,uniform_ota_closed_form_expectation
FS0606,1000,0.70,1,60,low,0.0100,0.05,0.665000,30000.000000,10077.698712,19922.301288,0.664077,300.000000,100.776987,232.200000,78.001388,0.774000,uniform_ota_closed_form_expectation
FS0607,1000,0.70,1,60,medium,0.0500,0.00,0.700000,30000.000000,9029.156539,20970.843461,0.699028,1500.000000,451.457827,1161.000000,349.428358,0.774000,uniform_ota_closed_form_expectation
FS0608,1000,0.70,1,60,medium,0.0500,0.01,0.693000,30000.000000,9238.864974,20761.135026,0.692038,1500.000000,461.943249,1161.000000,357.544074,0.774000,uniform_ota_closed_form_expectation
FS0609,1000,0.70,1,60,medium,0.0500,0.05,0.665000,30000.000000,10077.698712,19922.301288,0.664077,1500.000000,503.884936,1161.000000,390.006940,0.774000,uniform_ota_closed_form_expectation
FS0610,1000,0.70,1,60,high,0.2000,0.00,0.700000,30000.000000,9029.156539,20970.843461,0.699028,6000.000000,1805.831308,4644.000000,1397.713432,0.774000,uniform_ota_closed_form_expectation
FS0611,1000,0.70,1,60,high,0.2000,0.01,0.693000,30000.000000,9238.864974,20761.135026,0.692038,6000.000000,1847.772995,4644.000000,1430.176298,0.774000,uniform_ota_closed_form_expectation
FS0612,1000,0.70,1,60,high,0.2000,0.05,0.665000,30000.000000,10077.698712,19922.301288,0.664077,6000.000000,2015.539742,4644.000000,1560.027761,0.774000,uniform_ota_closed_form_expectation
FS0613,1000,0.70,6,7,low,0.0100,0.00,0.700000,3500.000000,1221.875000,2278.125000,0.650893,35.000000,12.218750,27.090000,9.457313,0.774000,uniform_ota_closed_form_expectation
FS0614,1000,0.70,6,7,low,0.0100,0.01,0.693000,3500.000000,1244.656250,2255.343750,0.644384,35.000000,12.446563,27.090000,9.633639,0.774000,uniform_ota_closed_form_expectation
FS0615,1000,0.70,6,7,low,0.0100,0.05,0.665000,3500.000000,1335.781250,2164.218750,0.618348,35.000000,13.357813,27.090000,10.338947,0.774000,uniform_ota_closed_form_expectation
FS0616,1000,0.70,6,7,medium,0.0500,0.00,0.700000,3500.000000,1221.875000,2278.125000,0.650893,175.000000,61.093750,135.450000,47.286563,0.774000,uniform_ota_closed_form_expectation
FS0617,1000,0.70,6,7,medium,0.0500,0.01,0.693000,3500.000000,1244.656250,2255.343750,0.644384,175.000000,62.232813,135.450000,48.168197,0.774000,uniform_ota_closed_form_expectation
FS0618,1000,0.70,6,7,medium,0.0500,0.05,0.665000,3500.000000,1335.781250,2164.218750,0.618348,175.000000,66.789063,135.450000,51.694734,0.774000,uniform_ota_closed_form_expectation
FS0619,1000,0.70,6,7,high,0.2000,0.00,0.700000,3500.000000,1221.875000,2278.125000,0.650893,700.000000,244.375000,541.800000,189.146250,0.774000,uniform_ota_closed_form_expectation
FS0620,1000,0.70,6,7,high,0.2000,0.01,0.693000,3500.000000,1244.656250,2255.343750,0.644384,700.000000,248.931250,541.800000,192.672788,0.774000,uniform_ota_closed_form_expectation
FS0621,1000,0.70,6,7,high,0.2000,0.05,0.665000,3500.000000,1335.781250,2164.218750,0.618348,700.000000,267.156250,541.800000,206.778938,0.774000,uniform_ota_closed_form_expectation
FS0622,1000,0.70,6,14,low,0.0100,0.00,0.700000,7000.000000,2273.437500,4726.562500,0.675223,70.000000,22.734375,54.180000,17.596406,0.774000,uniform_ota_closed_form_expectation
FS0623,1000,0.70,6,14,low,0.0100,0.01,0.693000,7000.000000,2320.703125,4679.296875,0.668471,70.000000,23.207031,54.180000,17.962242,0.774000,uniform_ota_closed_form_expectation
FS0624,1000,0.70,6,14,low,0.0100,0.05,0.665000,7000.000000,2509.765625,4490.234375,0.641462,70.000000,25.097656,54.180000,19.425586,0.774000,uniform_ota_closed_form_expectation
FS0625,1000,0.70,6,14,medium,0.0500,0.00,0.700000,7000.000000,2273.437500,4726.562500,0.675223,350.000000,113.671875,270.900000,87.982031,0.774000,uniform_ota_closed_form_expectation
FS0626,1000,0.70,6,14,medium,0.0500,0.01,0.693000,7000.000000,2320.703125,4679.296875,0.668471,350.000000,116.035156,270.900000,89.811211,0.774000,uniform_ota_closed_form_expectation
FS0627,1000,0.70,6,14,medium,0.0500,0.05,0.665000,7000.000000,2509.765625,4490.234375,0.641462,350.000000,125.488281,270.900000,97.127930,0.774000,uniform_ota_closed_form_expectation
FS0628,1000,0.70,6,14,high,0.2000,0.00,0.700000,7000.000000,2273.437500,4726.562500,0.675223,1400.000000,454.687500,1083.600000,351.928125,0.774000,uniform_ota_closed_form_expectation
FS0629,1000,0.70,6,14,high,0.2000,0.01,0.693000,7000.000000,2320.703125,4679.296875,0.668471,1400.000000,464.140625,1083.600000,359.244844,0.774000,uniform_ota_closed_form_expectation
FS0630,1000,0.70,6,14,high,0.2000,0.05,0.665000,7000.000000,2509.765625,4490.234375,0.641462,1400.000000,501.953125,1083.600000,388.511719,0.774000,uniform_ota_closed_form_expectation
FS0631,1000,0.70,6,30,low,0.0100,0.00,0.700000,15000.000000,4674.270833,10325.729167,0.688382,150.000000,46.742708,116.100000,36.178856,0.774000,uniform_ota_closed_form_expectation
FS0632,1000,0.70,6,30,low,0.0100,0.01,0.693000,15000.000000,4777.528125,10222.471875,0.681498,150.000000,47.775281,116.100000,36.978068,0.774000,uniform_ota_closed_form_expectation
FS0633,1000,0.70,6,30,low,0.0100,0.05,0.665000,15000.000000,5190.557292,9809.442708,0.653963,150.000000,51.905573,116.100000,40.174913,0.774000,uniform_ota_closed_form_expectation
FS0634,1000,0.70,6,30,medium,0.0500,0.00,0.700000,15000.000000,4674.270833,10325.729167,0.688382,750.000000,233.713542,580.500000,180.894281,0.774000,uniform_ota_closed_form_expectation
FS0635,1000,0.70,6,30,medium,0.0500,0.01,0.693000,15000.000000,4777.528125,10222.471875,0.681498,750.000000,238.876406,580.500000,184.890338,0.774000,uniform_ota_closed_form_expectation
FS0636,1000,0.70,6,30,medium,0.0500,0.05,0.665000,15000.000000,5190.557292,9809.442708,0.653963,750.000000,259.527865,580.500000,200.874567,0.774000,uniform_ota_closed_form_expectation
FS0637,1000,0.70,6,30,high,0.2000,0.00,0.700000,15000.000000,4674.270833,10325.729167,0.688382,3000.000000,934.854167,2322.000000,723.577125,0.774000,uniform_ota_closed_form_expectation
FS0638,1000,0.70,6,30,high,0.2000,0.01,0.693000,15000.000000,4777.528125,10222.471875,0.681498,3000.000000,955.505625,2322.000000,739.561354,0.774000,uniform_ota_closed_form_expectation
FS0639,1000,0.70,6,30,high,0.2000,0.05,0.665000,15000.000000,5190.557292,9809.442708,0.653963,3000.000000,1038.111458,2322.000000,803.498269,0.774000,uniform_ota_closed_form_expectation
FS0640,1000,0.70,6,60,low,0.0100,0.00,0.700000,30000.000000,9174.635417,20825.364583,0.694179,300.000000,91.746354,232.200000,71.011678,0.774000,uniform_ota_closed_form_expectation
FS0641,1000,0.70,6,60,low,0.0100,0.01,0.693000,30000.000000,9382.889063,20617.110938,0.687237,300.000000,93.828891,232.200000,72.623561,0.774000,uniform_ota_closed_form_expectation
FS0642,1000,0.70,6,60,low,0.0100,0.05,0.665000,30000.000000,10215.903646,19784.096354,0.659470,300.000000,102.159036,232.200000,79.071094,0.774000,uniform_ota_closed_form_expectation
FS0643,1000,0.70,6,60,medium,0.0500,0.00,0.700000,30000.000000,9174.635417,20825.364583,0.694179,1500.000000,458.731771,1161.000000,355.058391,0.774000,uniform_ota_closed_form_expectation
FS0644,1000,0.70,6,60,medium,0.0500,0.01,0.693000,30000.000000,9382.889063,20617.110938,0.687237,1500.000000,469.144453,1161.000000,363.117807,0.774000,uniform_ota_closed_form_expectation
FS0645,1000,0.70,6,60,medium,0.0500,0.05,0.665000,30000.000000,10215.903646,19784.096354,0.659470,1500.000000,510.795182,1161.000000,395.355471,0.774000,uniform_ota_closed_form_expectation
FS0646,1000,0.70,6,60,high,0.2000,0.00,0.700000,30000.000000,9174.635417,20825.364583,0.694179,6000.000000,1834.927083,4644.000000,1420.233563,0.774000,uniform_ota_closed_form_expectation
FS0647,1000,0.70,6,60,high,0.2000,0.01,0.693000,30000.000000,9382.889063,20617.110938,0.687237,6000.000000,1876.577813,4644.000000,1452.471227,0.774000,uniform_ota_closed_form_expectation
FS0648,1000,0.70,6,60,high,0.2000,0.05,0.665000,30000.000000,10215.903646,19784.096354,0.659470,6000.000000,2043.180729,4644.000000,1581.421884,0.774000,uniform_ota_closed_form_expectation
FS0649,1000,0.70,24,7,low,0.0100,0.00,0.700000,3500.000000,1700.000000,1800.000000,0.514286,35.000000,17.000000,27.090000,13.158000,0.774000,uniform_ota_closed_form_expectation
FS0650,1000,0.70,24,7,low,0.0100,0.01,0.693000,3500.000000,1718.000000,1782.000000,0.509143,35.000000,17.180000,27.090000,13.297320,0.774000,uniform_ota_closed_form_expectation
FS0651,1000,0.70,24,7,low,0.0100,0.05,0.665000,3500.000000,1790.000000,1710.000000,0.488571,35.000000,17.900000,27.090000,13.854600,0.774000,uniform_ota_closed_form_expectation
FS0652,1000,0.70,24,7,medium,0.0500,0.00,0.700000,3500.000000,1700.000000,1800.000000,0.514286,175.000000,85.000000,135.450000,65.790000,0.774000,uniform_ota_closed_form_expectation
FS0653,1000,0.70,24,7,medium,0.0500,0.01,0.693000,3500.000000,1718.000000,1782.000000,0.509143,175.000000,85.900000,135.450000,66.486600,0.774000,uniform_ota_closed_form_expectation
FS0654,1000,0.70,24,7,medium,0.0500,0.05,0.665000,3500.000000,1790.000000,1710.000000,0.488571,175.000000,89.500000,135.450000,69.273000,0.774000,uniform_ota_closed_form_expectation
FS0655,1000,0.70,24,7,high,0.2000,0.00,0.700000,3500.000000,1700.000000,1800.000000,0.514286,700.000000,340.000000,541.800000,263.160000,0.774000,uniform_ota_closed_form_expectation
FS0656,1000,0.70,24,7,high,0.2000,0.01,0.693000,3500.000000,1718.000000,1782.000000,0.509143,700.000000,343.600000,541.800000,265.946400,0.774000,uniform_ota_closed_form_expectation
FS0657,1000,0.70,24,7,high,0.2000,0.05,0.665000,3500.000000,1790.000000,1710.000000,0.488571,700.000000,358.000000,541.800000,277.092000,0.774000,uniform_ota_closed_form_expectation
FS0658,1000,0.70,24,14,low,0.0100,0.00,0.700000,7000.000000,2775.000000,4225.000000,0.603571,70.000000,27.750000,54.180000,21.478500,0.774000,uniform_ota_closed_form_expectation
FS0659,1000,0.70,24,14,low,0.0100,0.01,0.693000,7000.000000,2817.250000,4182.750000,0.597536,70.000000,28.172500,54.180000,21.805515,0.774000,uniform_ota_closed_form_expectation
FS0660,1000,0.70,24,14,low,0.0100,0.05,0.665000,7000.000000,2986.250000,4013.750000,0.573393,70.000000,29.862500,54.180000,23.113575,0.774000,uniform_ota_closed_form_expectation
FS0661,1000,0.70,24,14,medium,0.0500,0.00,0.700000,7000.000000,2775.000000,4225.000000,0.603571,350.000000,138.750000,270.900000,107.392500,0.774000,uniform_ota_closed_form_expectation
FS0662,1000,0.70,24,14,medium,0.0500,0.01,0.693000,7000.000000,2817.250000,4182.750000,0.597536,350.000000,140.862500,270.900000,109.027575,0.774000,uniform_ota_closed_form_expectation
FS0663,1000,0.70,24,14,medium,0.0500,0.05,0.665000,7000.000000,2986.250000,4013.750000,0.573393,350.000000,149.312500,270.900000,115.567875,0.774000,uniform_ota_closed_form_expectation
FS0664,1000,0.70,24,14,high,0.2000,0.00,0.700000,7000.000000,2775.000000,4225.000000,0.603571,1400.000000,555.000000,1083.600000,429.570000,0.774000,uniform_ota_closed_form_expectation
FS0665,1000,0.70,24,14,high,0.2000,0.01,0.693000,7000.000000,2817.250000,4182.750000,0.597536,1400.000000,563.450000,1083.600000,436.110300,0.774000,uniform_ota_closed_form_expectation
FS0666,1000,0.70,24,14,high,0.2000,0.05,0.665000,7000.000000,2986.250000,4013.750000,0.573393,1400.000000,597.250000,1083.600000,462.271500,0.774000,uniform_ota_closed_form_expectation
FS0667,1000,0.70,24,30,low,0.0100,0.00,0.700000,15000.000000,5188.333333,9811.666667,0.654111,150.000000,51.883333,116.100000,40.157700,0.774000,uniform_ota_closed_form_expectation
FS0668,1000,0.70,24,30,low,0.0100,0.01,0.693000,15000.000000,5286.450000,9713.550000,0.647570,150.000000,52.864500,116.100000,40.917123,0.774000,uniform_ota_closed_form_expectation
FS0669,1000,0.70,24,30,low,0.0100,0.05,0.665000,15000.000000,5678.916667,9321.083333,0.621406,150.000000,56.789167,116.100000,43.954815,0.774000,uniform_ota_closed_form_expectation
FS0670,1000,0.70,24,30,medium,0.0500,0.00,0.700000,15000.000000,5188.333333,9811.666667,0.654111,750.000000,259.416667,580.500000,200.788500,0.774000,uniform_ota_closed_form_expectation
FS0671,1000,0.70,24,30,medium,0.0500,0.01,0.693000,15000.000000,5286.450000,9713.550000,0.647570,750.000000,264.322500,580.500000,204.585615,0.774000,uniform_ota_closed_form_expectation
FS0672,1000,0.70,24,30,medium,0.0500,0.05,0.665000,15000.000000,5678.916667,9321.083333,0.621406,750.000000,283.945833,580.500000,219.774075,0.774000,uniform_ota_closed_form_expectation
FS0673,1000,0.70,24,30,high,0.2000,0.00,0.700000,15000.000000,5188.333333,9811.666667,0.654111,3000.000000,1037.666667,2322.000000,803.154000,0.774000,uniform_ota_closed_form_expectation
FS0674,1000,0.70,24,30,high,0.2000,0.01,0.693000,15000.000000,5286.450000,9713.550000,0.647570,3000.000000,1057.290000,2322.000000,818.342460,0.774000,uniform_ota_closed_form_expectation
FS0675,1000,0.70,24,30,high,0.2000,0.05,0.665000,15000.000000,5678.916667,9321.083333,0.621406,3000.000000,1135.783333,2322.000000,879.096300,0.774000,uniform_ota_closed_form_expectation
FS0676,1000,0.70,24,60,low,0.0100,0.00,0.700000,30000.000000,9694.166667,20305.833333,0.676861,300.000000,96.941667,232.200000,75.032850,0.774000,uniform_ota_closed_form_expectation
FS0677,1000,0.70,24,60,low,0.0100,0.01,0.693000,30000.000000,9897.225000,20102.775000,0.670092,300.000000,98.972250,232.200000,76.604522,0.774000,uniform_ota_closed_form_expectation
FS0678,1000,0.70,24,60,low,0.0100,0.05,0.665000,30000.000000,10709.458333,19290.541667,0.643018,300.000000,107.094583,232.200000,82.891208,0.774000,uniform_ota_closed_form_expectation
FS0679,1000,0.70,24,60,medium,0.0500,0.00,0.700000,30000.000000,9694.166667,20305.833333,0.676861,1500.000000,484.708333,1161.000000,375.164250,0.774000,uniform_ota_closed_form_expectation
FS0680,1000,0.70,24,60,medium,0.0500,0.01,0.693000,30000.000000,9897.225000,20102.775000,0.670092,1500.000000,494.861250,1161.000000,383.022608,0.774000,uniform_ota_closed_form_expectation
FS0681,1000,0.70,24,60,medium,0.0500,0.05,0.665000,30000.000000,10709.458333,19290.541667,0.643018,1500.000000,535.472917,1161.000000,414.456038,0.774000,uniform_ota_closed_form_expectation
FS0682,1000,0.70,24,60,high,0.2000,0.00,0.700000,30000.000000,9694.166667,20305.833333,0.676861,6000.000000,1938.833333,4644.000000,1500.657000,0.774000,uniform_ota_closed_form_expectation
FS0683,1000,0.70,24,60,high,0.2000,0.01,0.693000,30000.000000,9897.225000,20102.775000,0.670092,6000.000000,1979.445000,4644.000000,1532.090430,0.774000,uniform_ota_closed_form_expectation
FS0684,1000,0.70,24,60,high,0.2000,0.05,0.665000,30000.000000,10709.458333,19290.541667,0.643018,6000.000000,2141.891667,4644.000000,1657.824150,0.774000,uniform_ota_closed_form_expectation
FS0685,1000,0.70,72,7,low,0.0100,0.00,0.700000,3500.000000,2700.000000,800.000000,0.228571,35.000000,27.000000,27.090000,20.898000,0.774000,uniform_ota_closed_form_expectation
FS0686,1000,0.70,72,7,low,0.0100,0.01,0.693000,3500.000000,2708.000000,792.000000,0.226286,35.000000,27.080000,27.090000,20.959920,0.774000,uniform_ota_closed_form_expectation
FS0687,1000,0.70,72,7,low,0.0100,0.05,0.665000,3500.000000,2740.000000,760.000000,0.217143,35.000000,27.400000,27.090000,21.207600,0.774000,uniform_ota_closed_form_expectation
FS0688,1000,0.70,72,7,medium,0.0500,0.00,0.700000,3500.000000,2700.000000,800.000000,0.228571,175.000000,135.000000,135.450000,104.490000,0.774000,uniform_ota_closed_form_expectation
FS0689,1000,0.70,72,7,medium,0.0500,0.01,0.693000,3500.000000,2708.000000,792.000000,0.226286,175.000000,135.400000,135.450000,104.799600,0.774000,uniform_ota_closed_form_expectation
FS0690,1000,0.70,72,7,medium,0.0500,0.05,0.665000,3500.000000,2740.000000,760.000000,0.217143,175.000000,137.000000,135.450000,106.038000,0.774000,uniform_ota_closed_form_expectation
FS0691,1000,0.70,72,7,high,0.2000,0.00,0.700000,3500.000000,2700.000000,800.000000,0.228571,700.000000,540.000000,541.800000,417.960000,0.774000,uniform_ota_closed_form_expectation
FS0692,1000,0.70,72,7,high,0.2000,0.01,0.693000,3500.000000,2708.000000,792.000000,0.226286,700.000000,541.600000,541.800000,419.198400,0.774000,uniform_ota_closed_form_expectation
FS0693,1000,0.70,72,7,high,0.2000,0.05,0.665000,3500.000000,2740.000000,760.000000,0.217143,700.000000,548.000000,541.800000,424.152000,0.774000,uniform_ota_closed_form_expectation
FS0694,1000,0.70,72,14,low,0.0100,0.00,0.700000,7000.000000,3975.000000,3025.000000,0.432143,70.000000,39.750000,54.180000,30.766500,0.774000,uniform_ota_closed_form_expectation
FS0695,1000,0.70,72,14,low,0.0100,0.01,0.693000,7000.000000,4005.250000,2994.750000,0.427821,70.000000,40.052500,54.180000,31.000635,0.774000,uniform_ota_closed_form_expectation
FS0696,1000,0.70,72,14,low,0.0100,0.05,0.665000,7000.000000,4126.250000,2873.750000,0.410536,70.000000,41.262500,54.180000,31.937175,0.774000,uniform_ota_closed_form_expectation
FS0697,1000,0.70,72,14,medium,0.0500,0.00,0.700000,7000.000000,3975.000000,3025.000000,0.432143,350.000000,198.750000,270.900000,153.832500,0.774000,uniform_ota_closed_form_expectation
FS0698,1000,0.70,72,14,medium,0.0500,0.01,0.693000,7000.000000,4005.250000,2994.750000,0.427821,350.000000,200.262500,270.900000,155.003175,0.774000,uniform_ota_closed_form_expectation
FS0699,1000,0.70,72,14,medium,0.0500,0.05,0.665000,7000.000000,4126.250000,2873.750000,0.410536,350.000000,206.312500,270.900000,159.685875,0.774000,uniform_ota_closed_form_expectation
FS0700,1000,0.70,72,14,high,0.2000,0.00,0.700000,7000.000000,3975.000000,3025.000000,0.432143,1400.000000,795.000000,1083.600000,615.330000,0.774000,uniform_ota_closed_form_expectation
FS0701,1000,0.70,72,14,high,0.2000,0.01,0.693000,7000.000000,4005.250000,2994.750000,0.427821,1400.000000,801.050000,1083.600000,620.012700,0.774000,uniform_ota_closed_form_expectation
FS0702,1000,0.70,72,14,high,0.2000,0.05,0.665000,7000.000000,4126.250000,2873.750000,0.410536,1400.000000,825.250000,1083.600000,638.743500,0.774000,uniform_ota_closed_form_expectation
FS0703,1000,0.70,72,30,low,0.0100,0.00,0.700000,15000.000000,6495.000000,8505.000000,0.567000,150.000000,64.950000,116.100000,50.271300,0.774000,uniform_ota_closed_form_expectation
FS0704,1000,0.70,72,30,low,0.0100,0.01,0.693000,15000.000000,6580.050000,8419.950000,0.561330,150.000000,65.800500,116.100000,50.929587,0.774000,uniform_ota_closed_form_expectation
FS0705,1000,0.70,72,30,low,0.0100,0.05,0.665000,15000.000000,6920.250000,8079.750000,0.538650,150.000000,69.202500,116.100000,53.562735,0.774000,uniform_ota_closed_form_expectation
FS0706,1000,0.70,72,30,medium,0.0500,0.00,0.700000,15000.000000,6495.000000,8505.000000,0.567000,750.000000,324.750000,580.500000,251.356500,0.774000,uniform_ota_closed_form_expectation
FS0707,1000,0.70,72,30,medium,0.0500,0.01,0.693000,15000.000000,6580.050000,8419.950000,0.561330,750.000000,329.002500,580.500000,254.647935,0.774000,uniform_ota_closed_form_expectation
FS0708,1000,0.70,72,30,medium,0.0500,0.05,0.665000,15000.000000,6920.250000,8079.750000,0.538650,750.000000,346.012500,580.500000,267.813675,0.774000,uniform_ota_closed_form_expectation
FS0709,1000,0.70,72,30,high,0.2000,0.00,0.700000,15000.000000,6495.000000,8505.000000,0.567000,3000.000000,1299.000000,2322.000000,1005.426000,0.774000,uniform_ota_closed_form_expectation
FS0710,1000,0.70,72,30,high,0.2000,0.01,0.693000,15000.000000,6580.050000,8419.950000,0.561330,3000.000000,1316.010000,2322.000000,1018.591740,0.774000,uniform_ota_closed_form_expectation
FS0711,1000,0.70,72,30,high,0.2000,0.05,0.665000,15000.000000,6920.250000,8079.750000,0.538650,3000.000000,1384.050000,2322.000000,1071.254700,0.774000,uniform_ota_closed_form_expectation
FS0712,1000,0.70,72,60,low,0.0100,0.00,0.700000,30000.000000,11047.500000,18952.500000,0.631750,300.000000,110.475000,232.200000,85.507650,0.774000,uniform_ota_closed_form_expectation
FS0713,1000,0.70,72,60,low,0.0100,0.01,0.693000,30000.000000,11237.025000,18762.975000,0.625432,300.000000,112.370250,232.200000,86.974574,0.774000,uniform_ota_closed_form_expectation
FS0714,1000,0.70,72,60,low,0.0100,0.05,0.665000,30000.000000,11995.125000,18004.875000,0.600162,300.000000,119.951250,232.200000,92.842268,0.774000,uniform_ota_closed_form_expectation
FS0715,1000,0.70,72,60,medium,0.0500,0.00,0.700000,30000.000000,11047.500000,18952.500000,0.631750,1500.000000,552.375000,1161.000000,427.538250,0.774000,uniform_ota_closed_form_expectation
FS0716,1000,0.70,72,60,medium,0.0500,0.01,0.693000,30000.000000,11237.025000,18762.975000,0.625432,1500.000000,561.851250,1161.000000,434.872868,0.774000,uniform_ota_closed_form_expectation
FS0717,1000,0.70,72,60,medium,0.0500,0.05,0.665000,30000.000000,11995.125000,18004.875000,0.600162,1500.000000,599.756250,1161.000000,464.211338,0.774000,uniform_ota_closed_form_expectation
FS0718,1000,0.70,72,60,high,0.2000,0.00,0.700000,30000.000000,11047.500000,18952.500000,0.631750,6000.000000,2209.500000,4644.000000,1710.153000,0.774000,uniform_ota_closed_form_expectation
FS0719,1000,0.70,72,60,high,0.2000,0.01,0.693000,30000.000000,11237.025000,18762.975000,0.625432,6000.000000,2247.405000,4644.000000,1739.491470,0.774000,uniform_ota_closed_form_expectation
FS0720,1000,0.70,72,60,high,0.2000,0.05,0.665000,30000.000000,11995.125000,18004.875000,0.600162,6000.000000,2399.025000,4644.000000,1856.845350,0.774000,uniform_ota_closed_form_expectation
FS0721,1000,0.85,1,7,low,0.0100,0.00,0.850000,3500.000000,560.311260,2939.688740,0.839911,35.000000,5.603113,27.090000,4.336809,0.774000,uniform_ota_closed_form_expectation
FS0722,1000,0.85,1,7,low,0.0100,0.01,0.841500,3500.000000,589.708147,2910.291853,0.831512,35.000000,5.897081,27.090000,4.564341,0.774000,uniform_ota_closed_form_expectation
FS0723,1000,0.85,1,7,low,0.0100,0.05,0.807500,3500.000000,707.295697,2792.704303,0.797916,35.000000,7.072957,27.090000,5.474469,0.774000,uniform_ota_closed_form_expectation
FS0724,1000,0.85,1,7,medium,0.0500,0.00,0.850000,3500.000000,560.311260,2939.688740,0.839911,175.000000,28.015563,135.450000,21.684046,0.774000,uniform_ota_closed_form_expectation
FS0725,1000,0.85,1,7,medium,0.0500,0.01,0.841500,3500.000000,589.708147,2910.291853,0.831512,175.000000,29.485407,135.450000,22.821705,0.774000,uniform_ota_closed_form_expectation
FS0726,1000,0.85,1,7,medium,0.0500,0.05,0.807500,3500.000000,707.295697,2792.704303,0.797916,175.000000,35.364785,135.450000,27.372343,0.774000,uniform_ota_closed_form_expectation
FS0727,1000,0.85,1,7,high,0.2000,0.00,0.850000,3500.000000,560.311260,2939.688740,0.839911,700.000000,112.062252,541.800000,86.736183,0.774000,uniform_ota_closed_form_expectation
FS0728,1000,0.85,1,7,high,0.2000,0.01,0.841500,3500.000000,589.708147,2910.291853,0.831512,700.000000,117.941629,541.800000,91.286821,0.774000,uniform_ota_closed_form_expectation
FS0729,1000,0.85,1,7,high,0.2000,0.05,0.807500,3500.000000,707.295697,2792.704303,0.797916,700.000000,141.459139,541.800000,109.489374,0.774000,uniform_ota_closed_form_expectation
FS0730,1000,0.85,1,14,low,0.0100,0.00,0.850000,7000.000000,1085.363963,5914.636037,0.844948,70.000000,10.853640,54.180000,8.400717,0.774000,uniform_ota_closed_form_expectation
FS0731,1000,0.85,1,14,low,0.0100,0.01,0.841500,7000.000000,1144.510324,5855.489676,0.836499,70.000000,11.445103,54.180000,8.858510,0.774000,uniform_ota_closed_form_expectation
FS0732,1000,0.85,1,14,low,0.0100,0.05,0.807500,7000.000000,1381.095765,5618.904235,0.802701,70.000000,13.810958,54.180000,10.689681,0.774000,uniform_ota_closed_form_expectation
FS0733,1000,0.85,1,14,medium,0.0500,0.00,0.850000,7000.000000,1085.363963,5914.636037,0.844948,350.000000,54.268198,270.900000,42.003585,0.774000,uniform_ota_closed_form_expectation
FS0734,1000,0.85,1,14,medium,0.0500,0.01,0.841500,7000.000000,1144.510324,5855.489676,0.836499,350.000000,57.225516,270.900000,44.292550,0.774000,uniform_ota_closed_form_expectation
FS0735,1000,0.85,1,14,medium,0.0500,0.05,0.807500,7000.000000,1381.095765,5618.904235,0.802701,350.000000,69.054788,270.900000,53.448406,0.774000,uniform_ota_closed_form_expectation
FS0736,1000,0.85,1,14,high,0.2000,0.00,0.850000,7000.000000,1085.363963,5914.636037,0.844948,1400.000000,217.072793,1083.600000,168.014342,0.774000,uniform_ota_closed_form_expectation
FS0737,1000,0.85,1,14,high,0.2000,0.01,0.841500,7000.000000,1144.510324,5855.489676,0.836499,1400.000000,228.902065,1083.600000,177.170198,0.774000,uniform_ota_closed_form_expectation
FS0738,1000,0.85,1,14,high,0.2000,0.05,0.807500,7000.000000,1381.095765,5618.904235,0.802701,1400.000000,276.219153,1083.600000,213.793624,0.774000,uniform_ota_closed_form_expectation
FS0739,1000,0.85,1,30,low,0.0100,0.00,0.850000,15000.000000,2285.392072,12714.607928,0.847641,150.000000,22.853921,116.100000,17.688935,0.774000,uniform_ota_closed_form_expectation
FS0740,1000,0.85,1,30,low,0.0100,0.01,0.841500,15000.000000,2412.538151,12587.461849,0.839164,150.000000,24.125382,116.100000,18.673045,0.774000,uniform_ota_closed_form_expectation
FS0741,1000,0.85,1,30,low,0.0100,0.05,0.807500,15000.000000,2921.122468,12078.877532,0.805259,150.000000,29.211225,116.100000,22.609488,0.774000,uniform_ota_closed_form_expectation
FS0742,1000,0.85,1,30,medium,0.0500,0.00,0.850000,15000.000000,2285.392072,12714.607928,0.847641,750.000000,114.269604,580.500000,88.444673,0.774000,uniform_ota_closed_form_expectation
FS0743,1000,0.85,1,30,medium,0.0500,0.01,0.841500,15000.000000,2412.538151,12587.461849,0.839164,750.000000,120.626908,580.500000,93.365226,0.774000,uniform_ota_closed_form_expectation
FS0744,1000,0.85,1,30,medium,0.0500,0.05,0.807500,15000.000000,2921.122468,12078.877532,0.805259,750.000000,146.056123,580.500000,113.047440,0.774000,uniform_ota_closed_form_expectation
FS0745,1000,0.85,1,30,high,0.2000,0.00,0.850000,15000.000000,2285.392072,12714.607928,0.847641,3000.000000,457.078414,2322.000000,353.778693,0.774000,uniform_ota_closed_form_expectation
FS0746,1000,0.85,1,30,high,0.2000,0.01,0.841500,15000.000000,2412.538151,12587.461849,0.839164,3000.000000,482.507630,2322.000000,373.460906,0.774000,uniform_ota_closed_form_expectation
FS0747,1000,0.85,1,30,high,0.2000,0.05,0.807500,15000.000000,2921.122468,12078.877532,0.805259,3000.000000,584.224494,2322.000000,452.189758,0.774000,uniform_ota_closed_form_expectation
FS0748,1000,0.85,1,60,low,0.0100,0.00,0.850000,30000.000000,4535.404369,25464.595631,0.848820,300.000000,45.354044,232.200000,35.104030,0.774000,uniform_ota_closed_form_expectation
FS0749,1000,0.85,1,60,low,0.0100,0.01,0.841500,30000.000000,4790.050326,25209.949674,0.840332,300.000000,47.900503,232.200000,37.074990,0.774000,uniform_ota_closed_form_expectation
FS0750,1000,0.85,1,60,low,0.0100,0.05,0.807500,30000.000000,5808.634151,24191.365849,0.806379,300.000000,58.086342,232.200000,44.958828,0.774000,uniform_ota_closed_form_expectation
FS0751,1000,0.85,1,60,medium,0.0500,0.00,0.850000,30000.000000,4535.404369,25464.595631,0.848820,1500.000000,226.770218,1161.000000,175.520149,0.774000,uniform_ota_closed_form_expectation
FS0752,1000,0.85,1,60,medium,0.0500,0.01,0.841500,30000.000000,4790.050326,25209.949674,0.840332,1500.000000,239.502516,1161.000000,185.374948,0.774000,uniform_ota_closed_form_expectation
FS0753,1000,0.85,1,60,medium,0.0500,0.05,0.807500,30000.000000,5808.634151,24191.365849,0.806379,1500.000000,290.431708,1161.000000,224.794142,0.774000,uniform_ota_closed_form_expectation
FS0754,1000,0.85,1,60,high,0.2000,0.00,0.850000,30000.000000,4535.404369,25464.595631,0.848820,6000.000000,907.080874,4644.000000,702.080596,0.774000,uniform_ota_closed_form_expectation
FS0755,1000,0.85,1,60,high,0.2000,0.01,0.841500,30000.000000,4790.050326,25209.949674,0.840332,6000.000000,958.010065,4644.000000,741.499790,0.774000,uniform_ota_closed_form_expectation
FS0756,1000,0.85,1,60,high,0.2000,0.05,0.807500,30000.000000,5808.634151,24191.365849,0.806379,6000.000000,1161.726830,4644.000000,899.176567,0.774000,uniform_ota_closed_form_expectation
FS0757,1000,0.85,6,7,low,0.0100,0.00,0.850000,3500.000000,733.705357,2766.294643,0.790370,35.000000,7.337054,27.090000,5.678879,0.774000,uniform_ota_closed_form_expectation
FS0758,1000,0.85,6,7,low,0.0100,0.01,0.841500,3500.000000,761.368304,2738.631696,0.782466,35.000000,7.613683,27.090000,5.892991,0.774000,uniform_ota_closed_form_expectation
FS0759,1000,0.85,6,7,low,0.0100,0.05,0.807500,3500.000000,872.020089,2627.979911,0.750851,35.000000,8.720201,27.090000,6.749435,0.774000,uniform_ota_closed_form_expectation
FS0760,1000,0.85,6,7,medium,0.0500,0.00,0.850000,3500.000000,733.705357,2766.294643,0.790370,175.000000,36.685268,135.450000,28.394397,0.774000,uniform_ota_closed_form_expectation
FS0761,1000,0.85,6,7,medium,0.0500,0.01,0.841500,3500.000000,761.368304,2738.631696,0.782466,175.000000,38.068415,135.450000,29.464953,0.774000,uniform_ota_closed_form_expectation
FS0762,1000,0.85,6,7,medium,0.0500,0.05,0.807500,3500.000000,872.020089,2627.979911,0.750851,175.000000,43.601004,135.450000,33.747177,0.774000,uniform_ota_closed_form_expectation
FS0763,1000,0.85,6,7,high,0.2000,0.00,0.850000,3500.000000,733.705357,2766.294643,0.790370,700.000000,146.741071,541.800000,113.577589,0.774000,uniform_ota_closed_form_expectation
FS0764,1000,0.85,6,7,high,0.2000,0.01,0.841500,3500.000000,761.368304,2738.631696,0.782466,700.000000,152.273661,541.800000,117.859813,0.774000,uniform_ota_closed_form_expectation
FS0765,1000,0.85,6,7,high,0.2000,0.05,0.807500,3500.000000,872.020089,2627.979911,0.750851,700.000000,174.404018,541.800000,134.988710,0.774000,uniform_ota_closed_form_expectation
FS0766,1000,0.85,6,14,low,0.0100,0.00,0.850000,7000.000000,1260.602679,5739.397321,0.819914,70.000000,12.606027,54.180000,9.757065,0.774000,uniform_ota_closed_form_expectation
FS0767,1000,0.85,6,14,low,0.0100,0.01,0.841500,7000.000000,1317.996652,5682.003348,0.811715,70.000000,13.179967,54.180000,10.201294,0.774000,uniform_ota_closed_form_expectation
FS0768,1000,0.85,6,14,low,0.0100,0.05,0.807500,7000.000000,1547.572545,5452.427455,0.778918,70.000000,15.475725,54.180000,11.978211,0.774000,uniform_ota_closed_form_expectation
FS0769,1000,0.85,6,14,medium,0.0500,0.00,0.850000,7000.000000,1260.602679,5739.397321,0.819914,350.000000,63.030134,270.900000,48.785324,0.774000,uniform_ota_closed_form_expectation
FS0770,1000,0.85,6,14,medium,0.0500,0.01,0.841500,7000.000000,1317.996652,5682.003348,0.811715,350.000000,65.899833,270.900000,51.006470,0.774000,uniform_ota_closed_form_expectation
FS0771,1000,0.85,6,14,medium,0.0500,0.05,0.807500,7000.000000,1547.572545,5452.427455,0.778918,350.000000,77.378627,270.900000,59.891057,0.774000,uniform_ota_closed_form_expectation
FS0772,1000,0.85,6,14,high,0.2000,0.00,0.850000,7000.000000,1260.602679,5739.397321,0.819914,1400.000000,252.120536,1083.600000,195.141295,0.774000,uniform_ota_closed_form_expectation
FS0773,1000,0.85,6,14,high,0.2000,0.01,0.841500,7000.000000,1317.996652,5682.003348,0.811715,1400.000000,263.599330,1083.600000,204.025882,0.774000,uniform_ota_closed_form_expectation
FS0774,1000,0.85,6,14,high,0.2000,0.05,0.807500,7000.000000,1547.572545,5452.427455,0.778918,1400.000000,309.514509,1083.600000,239.564230,0.774000,uniform_ota_closed_form_expectation
FS0775,1000,0.85,6,30,low,0.0100,0.00,0.850000,15000.000000,2461.614583,12538.385417,0.835892,150.000000,24.616146,116.100000,19.052897,0.774000,uniform_ota_closed_form_expectation
FS0776,1000,0.85,6,30,low,0.0100,0.01,0.841500,15000.000000,2586.998437,12413.001562,0.827533,150.000000,25.869984,116.100000,20.023368,0.774000,uniform_ota_closed_form_expectation
FS0777,1000,0.85,6,30,low,0.0100,0.05,0.807500,15000.000000,3088.533854,11911.466146,0.794098,150.000000,30.885339,116.100000,23.905252,0.774000,uniform_ota_closed_form_expectation
FS0778,1000,0.85,6,30,medium,0.0500,0.00,0.850000,15000.000000,2461.614583,12538.385417,0.835892,750.000000,123.080729,580.500000,95.264484,0.774000,uniform_ota_closed_form_expectation
FS0779,1000,0.85,6,30,medium,0.0500,0.01,0.841500,15000.000000,2586.998437,12413.001562,0.827533,750.000000,129.349922,580.500000,100.116840,0.774000,uniform_ota_closed_form_expectation
FS0780,1000,0.85,6,30,medium,0.0500,0.05,0.807500,15000.000000,3088.533854,11911.466146,0.794098,750.000000,154.426693,580.500000,119.526260,0.774000,uniform_ota_closed_form_expectation
FS0781,1000,0.85,6,30,high,0.2000,0.00,0.850000,15000.000000,2461.614583,12538.385417,0.835892,3000.000000,492.322917,2322.000000,381.057938,0.774000,uniform_ota_closed_form_expectation
FS0782,1000,0.85,6,30,high,0.2000,0.01,0.841500,15000.000000,2586.998437,12413.001562,0.827533,3000.000000,517.399688,2322.000000,400.467358,0.774000,uniform_ota_closed_form_expectation
FS0783,1000,0.85,6,30,high,0.2000,0.05,0.807500,15000.000000,3088.533854,11911.466146,0.794098,3000.000000,617.706771,2322.000000,478.105041,0.774000,uniform_ota_closed_form_expectation
FS0784,1000,0.85,6,60,low,0.0100,0.00,0.850000,30000.000000,4712.057292,25287.942708,0.842931,300.000000,47.120573,232.200000,36.471323,0.774000,uniform_ota_closed_form_expectation
FS0785,1000,0.85,6,60,low,0.0100,0.01,0.841500,30000.000000,4964.936719,25035.063281,0.834502,300.000000,49.649367,232.200000,38.428610,0.774000,uniform_ota_closed_form_expectation
FS0786,1000,0.85,6,60,low,0.0100,0.05,0.807500,30000.000000,5976.454427,24023.545573,0.800785,300.000000,59.764544,232.200000,46.257757,0.774000,uniform_ota_closed_form_expectation
FS0787,1000,0.85,6,60,medium,0.0500,0.00,0.850000,30000.000000,4712.057292,25287.942708,0.842931,1500.000000,235.602865,1161.000000,182.356617,0.774000,uniform_ota_closed_form_expectation
FS0788,1000,0.85,6,60,medium,0.0500,0.01,0.841500,30000.000000,4964.936719,25035.063281,0.834502,1500.000000,248.246836,1161.000000,192.143051,0.774000,uniform_ota_closed_form_expectation
FS0789,1000,0.85,6,60,medium,0.0500,0.05,0.807500,30000.000000,5976.454427,24023.545573,0.800785,1500.000000,298.822721,1161.000000,231.288786,0.774000,uniform_ota_closed_form_expectation
FS0790,1000,0.85,6,60,high,0.2000,0.00,0.850000,30000.000000,4712.057292,25287.942708,0.842931,6000.000000,942.411458,4644.000000,729.426469,0.774000,uniform_ota_closed_form_expectation
FS0791,1000,0.85,6,60,high,0.2000,0.01,0.841500,30000.000000,4964.936719,25035.063281,0.834502,6000.000000,992.987344,4644.000000,768.572204,0.774000,uniform_ota_closed_form_expectation
FS0792,1000,0.85,6,60,high,0.2000,0.05,0.807500,30000.000000,5976.454427,24023.545573,0.800785,6000.000000,1195.290885,4644.000000,925.155145,0.774000,uniform_ota_closed_form_expectation
FS0793,1000,0.85,24,7,low,0.0100,0.00,0.850000,3500.000000,1314.285714,2185.714286,0.624490,35.000000,13.142857,27.090000,10.172571,0.774000,uniform_ota_closed_form_expectation
FS0794,1000,0.85,24,7,low,0.0100,0.01,0.841500,3500.000000,1336.142857,2163.857143,0.618245,35.000000,13.361429,27.090000,10.341746,0.774000,uniform_ota_closed_form_expectation
FS0795,1000,0.85,24,7,low,0.0100,0.05,0.807500,3500.000000,1423.571429,2076.428571,0.593265,35.000000,14.235714,27.090000,11.018443,0.774000,uniform_ota_closed_form_expectation
FS0796,1000,0.85,24,7,medium,0.0500,0.00,0.850000,3500.000000,1314.285714,2185.714286,0.624490,175.000000,65.714286,135.450000,50.862857,0.774000,uniform_ota_closed_form_expectation
FS0797,1000,0.85,24,7,medium,0.0500,0.01,0.841500,3500.000000,1336.142857,2163.857143,0.618245,175.000000,66.807143,135.450000,51.708729,0.774000,uniform_ota_closed_form_expectation
FS0798,1000,0.85,24,7,medium,0.0500,0.05,0.807500,3500.000000,1423.571429,2076.428571,0.593265,175.000000,71.178571,135.450000,55.092214,0.774000,uniform_ota_closed_form_expectation
FS0799,1000,0.85,24,7,high,0.2000,0.00,0.850000,3500.000000,1314.285714,2185.714286,0.624490,700.000000,262.857143,541.800000,203.451429,0.774000,uniform_ota_closed_form_expectation
FS0800,1000,0.85,24,7,high,0.2000,0.01,0.841500,3500.000000,1336.142857,2163.857143,0.618245,700.000000,267.228571,541.800000,206.834914,0.774000,uniform_ota_closed_form_expectation
FS0801,1000,0.85,24,7,high,0.2000,0.05,0.807500,3500.000000,1423.571429,2076.428571,0.593265,700.000000,284.714286,541.800000,220.368857,0.774000,uniform_ota_closed_form_expectation
FS0802,1000,0.85,24,14,low,0.0100,0.00,0.850000,7000.000000,1869.642857,5130.357143,0.732908,70.000000,18.696429,54.180000,14.471036,0.774000,uniform_ota_closed_form_expectation
FS0803,1000,0.85,24,14,low,0.0100,0.01,0.841500,7000.000000,1920.946429,5079.053571,0.725579,70.000000,19.209464,54.180000,14.868125,0.774000,uniform_ota_closed_form_expectation
FS0804,1000,0.85,24,14,low,0.0100,0.05,0.807500,7000.000000,2126.160714,4873.839286,0.696263,70.000000,21.261607,54.180000,16.456484,0.774000,uniform_ota_closed_form_expectation
FS0805,1000,0.85,24,14,medium,0.0500,0.00,0.850000,7000.000000,1869.642857,5130.357143,0.732908,350.000000,93.482143,270.900000,72.355179,0.774000,uniform_ota_closed_form_expectation
FS0806,1000,0.85,24,14,medium,0.0500,0.01,0.841500,7000.000000,1920.946429,5079.053571,0.725579,350.000000,96.047321,270.900000,74.340627,0.774000,uniform_ota_closed_form_expectation
FS0807,1000,0.85,24,14,medium,0.0500,0.05,0.807500,7000.000000,2126.160714,4873.839286,0.696263,350.000000,106.308036,270.900000,82.282420,0.774000,uniform_ota_closed_form_expectation
FS0808,1000,0.85,24,14,high,0.2000,0.00,0.850000,7000.000000,1869.642857,5130.357143,0.732908,1400.000000,373.928571,1083.600000,289.420714,0.774000,uniform_ota_closed_form_expectation
FS0809,1000,0.85,24,14,high,0.2000,0.01,0.841500,7000.000000,1920.946429,5079.053571,0.725579,1400.000000,384.189286,1083.600000,297.362507,0.774000,uniform_ota_closed_form_expectation
FS0810,1000,0.85,24,14,high,0.2000,0.05,0.807500,7000.000000,2126.160714,4873.839286,0.696263,1400.000000,425.232143,1083.600000,329.129679,0.774000,uniform_ota_closed_form_expectation
FS0811,1000,0.85,24,30,low,0.0100,0.00,0.850000,15000.000000,3085.833333,11914.166667,0.794278,150.000000,30.858333,116.100000,23.884350,0.774000,uniform_ota_closed_form_expectation
FS0812,1000,0.85,24,30,low,0.0100,0.01,0.841500,15000.000000,3204.975000,11795.025000,0.786335,150.000000,32.049750,116.100000,24.806506,0.774000,uniform_ota_closed_form_expectation
FS0813,1000,0.85,24,30,low,0.0100,0.05,0.807500,15000.000000,3681.541667,11318.458333,0.754564,150.000000,36.815417,116.100000,28.495133,0.774000,uniform_ota_closed_form_expectation
FS0814,1000,0.85,24,30,medium,0.0500,0.00,0.850000,15000.000000,3085.833333,11914.166667,0.794278,750.000000,154.291667,580.500000,119.421750,0.774000,uniform_ota_closed_form_expectation
FS0815,1000,0.85,24,30,medium,0.0500,0.01,0.841500,15000.000000,3204.975000,11795.025000,0.786335,750.000000,160.248750,580.500000,124.032532,0.774000,uniform_ota_closed_form_expectation
FS0816,1000,0.85,24,30,medium,0.0500,0.05,0.807500,15000.000000,3681.541667,11318.458333,0.754564,750.000000,184.077083,580.500000,142.475663,0.774000,uniform_ota_closed_form_expectation
FS0817,1000,0.85,24,30,high,0.2000,0.00,0.850000,15000.000000,3085.833333,11914.166667,0.794278,3000.000000,617.166667,2322.000000,477.687000,0.774000,uniform_ota_closed_form_expectation
FS0818,1000,0.85,24,30,high,0.2000,0.01,0.841500,15000.000000,3204.975000,11795.025000,0.786335,3000.000000,640.995000,2322.000000,496.130130,0.774000,uniform_ota_closed_form_expectation
FS0819,1000,0.85,24,30,high,0.2000,0.05,0.807500,15000.000000,3681.541667,11318.458333,0.754564,3000.000000,736.308333,2322.000000,569.902650,0.774000,uniform_ota_closed_form_expectation
FS0820,1000,0.85,24,60,low,0.0100,0.00,0.850000,30000.000000,5342.916667,24657.083333,0.821903,300.000000,53.429167,232.200000,41.354175,0.774000,uniform_ota_closed_form_expectation
FS0821,1000,0.85,24,60,low,0.0100,0.01,0.841500,30000.000000,5589.487500,24410.512500,0.813684,300.000000,55.894875,232.200000,43.262633,0.774000,uniform_ota_closed_form_expectation
FS0822,1000,0.85,24,60,low,0.0100,0.05,0.807500,30000.000000,6575.770833,23424.229167,0.780808,300.000000,65.757708,232.200000,50.896466,0.774000,uniform_ota_closed_form_expectation
FS0823,1000,0.85,24,60,medium,0.0500,0.00,0.850000,30000.000000,5342.916667,24657.083333,0.821903,1500.000000,267.145833,1161.000000,206.770875,0.774000,uniform_ota_closed_form_expectation
FS0824,1000,0.85,24,60,medium,0.0500,0.01,0.841500,30000.000000,5589.487500,24410.512500,0.813684,1500.000000,279.474375,1161.000000,216.313166,0.774000,uniform_ota_closed_form_expectation
FS0825,1000,0.85,24,60,medium,0.0500,0.05,0.807500,30000.000000,6575.770833,23424.229167,0.780808,1500.000000,328.788542,1161.000000,254.482331,0.774000,uniform_ota_closed_form_expectation
FS0826,1000,0.85,24,60,high,0.2000,0.00,0.850000,30000.000000,5342.916667,24657.083333,0.821903,6000.000000,1068.583333,4644.000000,827.083500,0.774000,uniform_ota_closed_form_expectation
FS0827,1000,0.85,24,60,high,0.2000,0.01,0.841500,30000.000000,5589.487500,24410.512500,0.813684,6000.000000,1117.897500,4644.000000,865.252665,0.774000,uniform_ota_closed_form_expectation
FS0828,1000,0.85,24,60,high,0.2000,0.05,0.807500,30000.000000,6575.770833,23424.229167,0.780808,6000.000000,1315.154167,4644.000000,1017.929325,0.774000,uniform_ota_closed_form_expectation
FS0829,1000,0.85,72,7,low,0.0100,0.00,0.850000,3500.000000,2528.571429,971.428571,0.277551,35.000000,25.285714,27.090000,19.571143,0.774000,uniform_ota_closed_form_expectation
FS0830,1000,0.85,72,7,low,0.0100,0.01,0.841500,3500.000000,2538.285714,961.714286,0.274776,35.000000,25.382857,27.090000,19.646331,0.774000,uniform_ota_closed_form_expectation
FS0831,1000,0.85,72,7,low,0.0100,0.05,0.807500,3500.000000,2577.142857,922.857143,0.263673,35.000000,25.771429,27.090000,19.947086,0.774000,uniform_ota_closed_form_expectation
FS0832,1000,0.85,72,7,medium,0.0500,0.00,0.850000,3500.000000,2528.571429,971.428571,0.277551,175.000000,126.428571,135.450000,97.855714,0.774000,uniform_ota_closed_form_expectation
FS0833,1000,0.85,72,7,medium,0.0500,0.01,0.841500,3500.000000,2538.285714,961.714286,0.274776,175.000000,126.914286,135.450000,98.231657,0.774000,uniform_ota_closed_form_expectation
FS0834,1000,0.85,72,7,medium,0.0500,0.05,0.807500,3500.000000,2577.142857,922.857143,0.263673,175.000000,128.857143,135.450000,99.735429,0.774000,uniform_ota_closed_form_expectation
FS0835,1000,0.85,72,7,high,0.2000,0.00,0.850000,3500.000000,2528.571429,971.428571,0.277551,700.000000,505.714286,541.800000,391.422857,0.774000,uniform_ota_closed_form_expectation
FS0836,1000,0.85,72,7,high,0.2000,0.01,0.841500,3500.000000,2538.285714,961.714286,0.274776,700.000000,507.657143,541.800000,392.926629,0.774000,uniform_ota_closed_form_expectation
FS0837,1000,0.85,72,7,high,0.2000,0.05,0.807500,3500.000000,2577.142857,922.857143,0.263673,700.000000,515.428571,541.800000,398.941714,0.774000,uniform_ota_closed_form_expectation
FS0838,1000,0.85,72,14,low,0.0100,0.00,0.850000,7000.000000,3326.785714,3673.214286,0.524745,70.000000,33.267857,54.180000,25.749321,0.774000,uniform_ota_closed_form_expectation
FS0839,1000,0.85,72,14,low,0.0100,0.01,0.841500,7000.000000,3363.517857,3636.482143,0.519497,70.000000,33.635179,54.180000,26.033628,0.774000,uniform_ota_closed_form_expectation
FS0840,1000,0.85,72,14,low,0.0100,0.05,0.807500,7000.000000,3510.446429,3489.553571,0.498508,70.000000,35.104464,54.180000,27.170855,0.774000,uniform_ota_closed_form_expectation
FS0841,1000,0.85,72,14,medium,0.0500,0.00,0.850000,7000.000000,3326.785714,3673.214286,0.524745,350.000000,166.339286,270.900000,128.746607,0.774000,uniform_ota_closed_form_expectation
FS0842,1000,0.85,72,14,medium,0.0500,0.01,0.841500,7000.000000,3363.517857,3636.482143,0.519497,350.000000,168.175893,270.900000,130.168141,0.774000,uniform_ota_closed_form_expectation
FS0843,1000,0.85,72,14,medium,0.0500,0.05,0.807500,7000.000000,3510.446429,3489.553571,0.498508,350.000000,175.522321,270.900000,135.854277,0.774000,uniform_ota_closed_form_expectation
FS0844,1000,0.85,72,14,high,0.2000,0.00,0.850000,7000.000000,3326.785714,3673.214286,0.524745,1400.000000,665.357143,1083.600000,514.986429,0.774000,uniform_ota_closed_form_expectation
FS0845,1000,0.85,72,14,high,0.2000,0.01,0.841500,7000.000000,3363.517857,3636.482143,0.519497,1400.000000,672.703571,1083.600000,520.672564,0.774000,uniform_ota_closed_form_expectation
FS0846,1000,0.85,72,14,high,0.2000,0.05,0.807500,7000.000000,3510.446429,3489.553571,0.498508,1400.000000,702.089286,1083.600000,543.417107,0.774000,uniform_ota_closed_form_expectation
FS0847,1000,0.85,72,30,low,0.0100,0.00,0.850000,15000.000000,4672.500000,10327.500000,0.688500,150.000000,46.725000,116.100000,36.165150,0.774000,uniform_ota_closed_form_expectation
FS0848,1000,0.85,72,30,low,0.0100,0.01,0.841500,15000.000000,4775.775000,10224.225000,0.681615,150.000000,47.757750,116.100000,36.964498,0.774000,uniform_ota_closed_form_expectation
FS0849,1000,0.85,72,30,low,0.0100,0.05,0.807500,15000.000000,5188.875000,9811.125000,0.654075,150.000000,51.888750,116.100000,40.161893,0.774000,uniform_ota_closed_form_expectation
FS0850,1000,0.85,72,30,medium,0.0500,0.00,0.850000,15000.000000,4672.500000,10327.500000,0.688500,750.000000,233.625000,580.500000,180.825750,0.774000,uniform_ota_closed_form_expectation
FS0851,1000,0.85,72,30,medium,0.0500,0.01,0.841500,15000.000000,4775.775000,10224.225000,0.681615,750.000000,238.788750,580.500000,184.822493,0.774000,uniform_ota_closed_form_expectation
FS0852,1000,0.85,72,30,medium,0.0500,0.05,0.807500,15000.000000,5188.875000,9811.125000,0.654075,750.000000,259.443750,580.500000,200.809463,0.774000,uniform_ota_closed_form_expectation
FS0853,1000,0.85,72,30,high,0.2000,0.00,0.850000,15000.000000,4672.500000,10327.500000,0.688500,3000.000000,934.500000,2322.000000,723.303000,0.774000,uniform_ota_closed_form_expectation
FS0854,1000,0.85,72,30,high,0.2000,0.01,0.841500,15000.000000,4775.775000,10224.225000,0.681615,3000.000000,955.155000,2322.000000,739.289970,0.774000,uniform_ota_closed_form_expectation
FS0855,1000,0.85,72,30,high,0.2000,0.05,0.807500,15000.000000,5188.875000,9811.125000,0.654075,3000.000000,1037.775000,2322.000000,803.237850,0.774000,uniform_ota_closed_form_expectation
FS0856,1000,0.85,72,60,low,0.0100,0.00,0.850000,30000.000000,6986.250000,23013.750000,0.767125,300.000000,69.862500,232.200000,54.073575,0.774000,uniform_ota_closed_form_expectation
FS0857,1000,0.85,72,60,low,0.0100,0.01,0.841500,30000.000000,7216.387500,22783.612500,0.759454,300.000000,72.163875,232.200000,55.854839,0.774000,uniform_ota_closed_form_expectation
FS0858,1000,0.85,72,60,low,0.0100,0.05,0.807500,30000.000000,8136.937500,21863.062500,0.728769,300.000000,81.369375,232.200000,62.979896,0.774000,uniform_ota_closed_form_expectation
FS0859,1000,0.85,72,60,medium,0.0500,0.00,0.850000,30000.000000,6986.250000,23013.750000,0.767125,1500.000000,349.312500,1161.000000,270.367875,0.774000,uniform_ota_closed_form_expectation
FS0860,1000,0.85,72,60,medium,0.0500,0.01,0.841500,30000.000000,7216.387500,22783.612500,0.759454,1500.000000,360.819375,1161.000000,279.274196,0.774000,uniform_ota_closed_form_expectation
FS0861,1000,0.85,72,60,medium,0.0500,0.05,0.807500,30000.000000,8136.937500,21863.062500,0.728769,1500.000000,406.846875,1161.000000,314.899481,0.774000,uniform_ota_closed_form_expectation
FS0862,1000,0.85,72,60,high,0.2000,0.00,0.850000,30000.000000,6986.250000,23013.750000,0.767125,6000.000000,1397.250000,4644.000000,1081.471500,0.774000,uniform_ota_closed_form_expectation
FS0863,1000,0.85,72,60,high,0.2000,0.01,0.841500,30000.000000,7216.387500,22783.612500,0.759454,6000.000000,1443.277500,4644.000000,1117.096785,0.774000,uniform_ota_closed_form_expectation
FS0864,1000,0.85,72,60,high,0.2000,0.05,0.807500,30000.000000,8136.937500,21863.062500,0.728769,6000.000000,1627.387500,4644.000000,1259.597925,0.774000,uniform_ota_closed_form_expectation
FS0865,1000,0.95,1,7,low,0.0100,0.00,0.950000,3500.000000,214.465526,3285.534474,0.938724,35.000000,2.144655,27.090000,1.659963,0.774000,uniform_ota_closed_form_expectation
FS0866,1000,0.95,1,7,low,0.0100,0.01,0.940500,3500.000000,247.320871,3252.679129,0.929337,35.000000,2.473209,27.090000,1.914264,0.774000,uniform_ota_closed_form_expectation
FS0867,1000,0.95,1,7,low,0.0100,0.05,0.902500,3500.000000,378.742250,3121.257750,0.891788,35.000000,3.787422,27.090000,2.931465,0.774000,uniform_ota_closed_form_expectation
FS0868,1000,0.95,1,7,medium,0.0500,0.00,0.950000,3500.000000,214.465526,3285.534474,0.938724,175.000000,10.723276,135.450000,8.299816,0.774000,uniform_ota_closed_form_expectation
FS0869,1000,0.95,1,7,medium,0.0500,0.01,0.940500,3500.000000,247.320871,3252.679129,0.929337,175.000000,12.366044,135.450000,9.571318,0.774000,uniform_ota_closed_form_expectation
FS0870,1000,0.95,1,7,medium,0.0500,0.05,0.902500,3500.000000,378.742250,3121.257750,0.891788,175.000000,18.937112,135.450000,14.657325,0.774000,uniform_ota_closed_form_expectation
FS0871,1000,0.95,1,7,high,0.2000,0.00,0.950000,3500.000000,214.465526,3285.534474,0.938724,700.000000,42.893105,541.800000,33.199263,0.774000,uniform_ota_closed_form_expectation
FS0872,1000,0.95,1,7,high,0.2000,0.01,0.940500,3500.000000,247.320871,3252.679129,0.929337,700.000000,49.464174,541.800000,38.285271,0.774000,uniform_ota_closed_form_expectation
FS0873,1000,0.95,1,7,high,0.2000,0.05,0.902500,3500.000000,378.742250,3121.257750,0.891788,700.000000,75.748450,541.800000,58.629300,0.774000,uniform_ota_closed_form_expectation
FS0874,1000,0.95,1,14,low,0.0100,0.00,0.950000,7000.000000,389.524430,6610.475570,0.944354,70.000000,3.895244,54.180000,3.014919,0.774000,uniform_ota_closed_form_expectation
FS0875,1000,0.95,1,14,low,0.0100,0.01,0.940500,7000.000000,455.629185,6544.370815,0.934910,70.000000,4.556292,54.180000,3.526570,0.774000,uniform_ota_closed_form_expectation
FS0876,1000,0.95,1,14,low,0.0100,0.05,0.902500,7000.000000,720.048208,6279.951792,0.897136,70.000000,7.200482,54.180000,5.573173,0.774000,uniform_ota_closed_form_expectation
FS0877,1000,0.95,1,14,medium,0.0500,0.00,0.950000,7000.000000,389.524430,6610.475570,0.944354,350.000000,19.476221,270.900000,15.074595,0.774000,uniform_ota_closed_form_expectation
FS0878,1000,0.95,1,14,medium,0.0500,0.01,0.940500,7000.000000,455.629185,6544.370815,0.934910,350.000000,22.781459,270.900000,17.632849,0.774000,uniform_ota_closed_form_expectation
FS0879,1000,0.95,1,14,medium,0.0500,0.05,0.902500,7000.000000,720.048208,6279.951792,0.897136,350.000000,36.002410,270.900000,27.865866,0.774000,uniform_ota_closed_form_expectation
FS0880,1000,0.95,1,14,high,0.2000,0.00,0.950000,7000.000000,389.524430,6610.475570,0.944354,1400.000000,77.904886,1083.600000,60.298382,0.774000,uniform_ota_closed_form_expectation
FS0881,1000,0.95,1,14,high,0.2000,0.01,0.940500,7000.000000,455.629185,6544.370815,0.934910,1400.000000,91.125837,1083.600000,70.531398,0.774000,uniform_ota_closed_form_expectation
FS0882,1000,0.95,1,14,high,0.2000,0.05,0.902500,7000.000000,720.048208,6279.951792,0.897136,1400.000000,144.009642,1083.600000,111.463463,0.774000,uniform_ota_closed_form_expectation
FS0883,1000,0.95,1,30,low,0.0100,0.00,0.950000,15000.000000,789.555845,14210.444155,0.947363,150.000000,7.895558,116.100000,6.111162,0.774000,uniform_ota_closed_form_expectation
FS0884,1000,0.95,1,30,low,0.0100,0.01,0.940500,15000.000000,931.660286,14068.339714,0.937889,150.000000,9.316603,116.100000,7.211051,0.774000,uniform_ota_closed_form_expectation
FS0885,1000,0.95,1,30,low,0.0100,0.05,0.902500,15000.000000,1500.078053,13499.921947,0.899995,150.000000,15.000781,116.100000,11.610604,0.774000,uniform_ota_closed_form_expectation
FS0886,1000,0.95,1,30,medium,0.0500,0.00,0.950000,15000.000000,789.555845,14210.444155,0.947363,750.000000,39.477792,580.500000,30.555811,0.774000,uniform_ota_closed_form_expectation
FS0887,1000,0.95,1,30,medium,0.0500,0.01,0.940500,15000.000000,931.660286,14068.339714,0.937889,750.000000,46.583014,580.500000,36.055253,0.774000,uniform_ota_closed_form_expectation
FS0888,1000,0.95,1,30,medium,0.0500,0.05,0.902500,15000.000000,1500.078053,13499.921947,0.899995,750.000000,75.003903,580.500000,58.053021,0.774000,uniform_ota_closed_form_expectation
FS0889,1000,0.95,1,30,high,0.2000,0.00,0.950000,15000.000000,789.555845,14210.444155,0.947363,3000.000000,157.911169,2322.000000,122.223245,0.774000,uniform_ota_closed_form_expectation
FS0890,1000,0.95,1,30,high,0.2000,0.01,0.940500,15000.000000,931.660286,14068.339714,0.937889,3000.000000,186.332057,2322.000000,144.221012,0.774000,uniform_ota_closed_form_expectation
FS0891,1000,0.95,1,30,high,0.2000,0.05,0.902500,15000.000000,1500.078053,13499.921947,0.899995,3000.000000,300.015611,2322.000000,232.212083,0.774000,uniform_ota_closed_form_expectation
FS0892,1000,0.95,1,60,low,0.0100,0.00,0.950000,30000.000000,1539.569589,28460.430411,0.948681,300.000000,15.395696,232.200000,11.916269,0.774000,uniform_ota_closed_form_expectation
FS0893,1000,0.95,1,60,low,0.0100,0.01,0.940500,30000.000000,1824.173893,28175.826107,0.939194,300.000000,18.241739,232.200000,14.119106,0.774000,uniform_ota_closed_form_expectation
FS0894,1000,0.95,1,60,low,0.0100,0.05,0.902500,30000.000000,2962.591110,27037.408890,0.901247,300.000000,29.625911,232.200000,22.930455,0.774000,uniform_ota_closed_form_expectation
FS0895,1000,0.95,1,60,medium,0.0500,0.00,0.950000,30000.000000,1539.569589,28460.430411,0.948681,1500.000000,76.978479,1161.000000,59.581343,0.774000,uniform_ota_closed_form_expectation
FS0896,1000,0.95,1,60,medium,0.0500,0.01,0.940500,30000.000000,1824.173893,28175.826107,0.939194,1500.000000,91.208695,1161.000000,70.595530,0.774000,uniform_ota_closed_form_expectation
FS0897,1000,0.95,1,60,medium,0.0500,0.05,0.902500,30000.000000,2962.591110,27037.408890,0.901247,1500.000000,148.129555,1161.000000,114.652276,0.774000,uniform_ota_closed_form_expectation
FS0898,1000,0.95,1,60,high,0.2000,0.00,0.950000,30000.000000,1539.569589,28460.430411,0.948681,6000.000000,307.913918,4644.000000,238.325372,0.774000,uniform_ota_closed_form_expectation
FS0899,1000,0.95,1,60,high,0.2000,0.01,0.940500,30000.000000,1824.173893,28175.826107,0.939194,6000.000000,364.834779,4644.000000,282.382119,0.774000,uniform_ota_closed_form_expectation
FS0900,1000,0.95,1,60,high,0.2000,0.05,0.902500,30000.000000,2962.591110,27037.408890,0.901247,6000.000000,592.518222,4644.000000,458.609104,0.774000,uniform_ota_closed_form_expectation
FS0901,1000,0.95,6,7,low,0.0100,0.00,0.950000,3500.000000,408.258929,3091.741071,0.883355,35.000000,4.082589,27.090000,3.159924,0.774000,uniform_ota_closed_form_expectation
FS0902,1000,0.95,6,7,low,0.0100,0.01,0.940500,3500.000000,439.176339,3060.823661,0.874521,35.000000,4.391763,27.090000,3.399225,0.774000,uniform_ota_closed_form_expectation
FS0903,1000,0.95,6,7,low,0.0100,0.05,0.902500,3500.000000,562.845982,2937.154018,0.839187,35.000000,5.628460,27.090000,4.356428,0.774000,uniform_ota_closed_form_expectation
FS0904,1000,0.95,6,7,medium,0.0500,0.00,0.950000,3500.000000,408.258929,3091.741071,0.883355,175.000000,20.412946,135.450000,15.799621,0.774000,uniform_ota_closed_form_expectation
FS0905,1000,0.95,6,7,medium,0.0500,0.01,0.940500,3500.000000,439.176339,3060.823661,0.874521,175.000000,21.958817,135.450000,16.996124,0.774000,uniform_ota_closed_form_expectation
FS0906,1000,0.95,6,7,medium,0.0500,0.05,0.902500,3500.000000,562.845982,2937.154018,0.839187,175.000000,28.142299,135.450000,21.782140,0.774000,uniform_ota_closed_form_expectation
FS0907,1000,0.95,6,7,high,0.2000,0.00,0.950000,3500.000000,408.258929,3091.741071,0.883355,700.000000,81.651786,541.800000,63.198482,0.774000,uniform_ota_closed_form_expectation
FS0908,1000,0.95,6,7,high,0.2000,0.01,0.940500,3500.000000,439.176339,3060.823661,0.874521,700.000000,87.835268,541.800000,67.984497,0.774000,uniform_ota_closed_form_expectation
FS0909,1000,0.95,6,7,high,0.2000,0.05,0.902500,3500.000000,562.845982,2937.154018,0.839187,700.000000,112.569196,541.800000,87.128558,0.774000,uniform_ota_closed_form_expectation
FS0910,1000,0.95,6,14,low,0.0100,0.00,0.950000,7000.000000,585.379464,6414.620536,0.916374,70.000000,5.853795,54.180000,4.530837,0.774000,uniform_ota_closed_form_expectation
FS0911,1000,0.95,6,14,low,0.0100,0.01,0.940500,7000.000000,649.525670,6350.474330,0.907211,70.000000,6.495257,54.180000,5.027329,0.774000,uniform_ota_closed_form_expectation
FS0912,1000,0.95,6,14,low,0.0100,0.05,0.902500,7000.000000,906.110491,6093.889509,0.870556,70.000000,9.061105,54.180000,7.013295,0.774000,uniform_ota_closed_form_expectation
FS0913,1000,0.95,6,14,medium,0.0500,0.00,0.950000,7000.000000,585.379464,6414.620536,0.916374,350.000000,29.268973,270.900000,22.654185,0.774000,uniform_ota_closed_form_expectation
FS0914,1000,0.95,6,14,medium,0.0500,0.01,0.940500,7000.000000,649.525670,6350.474330,0.907211,350.000000,32.476283,270.900000,25.136643,0.774000,uniform_ota_closed_form_expectation
FS0915,1000,0.95,6,14,medium,0.0500,0.05,0.902500,7000.000000,906.110491,6093.889509,0.870556,350.000000,45.305525,270.900000,35.066476,0.774000,uniform_ota_closed_form_expectation
FS0916,1000,0.95,6,14,high,0.2000,0.00,0.950000,7000.000000,585.379464,6414.620536,0.916374,1400.000000,117.075893,1083.600000,90.616741,0.774000,uniform_ota_closed_form_expectation
FS0917,1000,0.95,6,14,high,0.2000,0.01,0.940500,7000.000000,649.525670,6350.474330,0.907211,1400.000000,129.905134,1083.600000,100.546574,0.774000,uniform_ota_closed_form_expectation
FS0918,1000,0.95,6,14,high,0.2000,0.05,0.902500,7000.000000,906.110491,6093.889509,0.870556,1400.000000,181.222098,1083.600000,140.265904,0.774000,uniform_ota_closed_form_expectation
FS0919,1000,0.95,6,30,low,0.0100,0.00,0.950000,15000.000000,986.510417,14013.489583,0.934233,150.000000,9.865104,116.100000,7.635591,0.774000,uniform_ota_closed_form_expectation
FS0920,1000,0.95,6,30,low,0.0100,0.01,0.940500,15000.000000,1126.645313,13873.354687,0.924890,150.000000,11.266453,116.100000,8.720235,0.774000,uniform_ota_closed_form_expectation
FS0921,1000,0.95,6,30,low,0.0100,0.05,0.902500,15000.000000,1687.184896,13312.815104,0.887521,150.000000,16.871849,116.100000,13.058811,0.774000,uniform_ota_closed_form_expectation
FS0922,1000,0.95,6,30,medium,0.0500,0.00,0.950000,15000.000000,986.510417,14013.489583,0.934233,750.000000,49.325521,580.500000,38.177953,0.774000,uniform_ota_closed_form_expectation
FS0923,1000,0.95,6,30,medium,0.0500,0.01,0.940500,15000.000000,1126.645313,13873.354687,0.924890,750.000000,56.332266,580.500000,43.601174,0.774000,uniform_ota_closed_form_expectation
FS0924,1000,0.95,6,30,medium,0.0500,0.05,0.902500,15000.000000,1687.184896,13312.815104,0.887521,750.000000,84.359245,580.500000,65.294055,0.774000,uniform_ota_closed_form_expectation
FS0925,1000,0.95,6,30,high,0.2000,0.00,0.950000,15000.000000,986.510417,14013.489583,0.934233,3000.000000,197.302083,2322.000000,152.711813,0.774000,uniform_ota_closed_form_expectation
FS0926,1000,0.95,6,30,high,0.2000,0.01,0.940500,15000.000000,1126.645313,13873.354687,0.924890,3000.000000,225.329063,2322.000000,174.404694,0.774000,uniform_ota_closed_form_expectation
FS0927,1000,0.95,6,30,high,0.2000,0.05,0.902500,15000.000000,1687.184896,13312.815104,0.887521,3000.000000,337.436979,2322.000000,261.176222,0.774000,uniform_ota_closed_form_expectation
FS0928,1000,0.95,6,60,low,0.0100,0.00,0.950000,30000.000000,1737.005208,28262.994792,0.942100,300.000000,17.370052,232.200000,13.444420,0.774000,uniform_ota_closed_form_expectation
FS0929,1000,0.95,6,60,low,0.0100,0.01,0.940500,30000.000000,2019.635156,27980.364844,0.932679,300.000000,20.196352,232.200000,15.631976,0.774000,uniform_ota_closed_form_expectation
FS0930,1000,0.95,6,60,low,0.0100,0.05,0.902500,30000.000000,3150.154948,26849.845052,0.894995,300.000000,31.501549,232.200000,24.382199,0.774000,uniform_ota_closed_form_expectation
FS0931,1000,0.95,6,60,medium,0.0500,0.00,0.950000,30000.000000,1737.005208,28262.994792,0.942100,1500.000000,86.850260,1161.000000,67.222102,0.774000,uniform_ota_closed_form_expectation
FS0932,1000,0.95,6,60,medium,0.0500,0.01,0.940500,30000.000000,2019.635156,27980.364844,0.932679,1500.000000,100.981758,1161.000000,78.159881,0.774000,uniform_ota_closed_form_expectation
FS0933,1000,0.95,6,60,medium,0.0500,0.05,0.902500,30000.000000,3150.154948,26849.845052,0.894995,1500.000000,157.507747,1161.000000,121.910996,0.774000,uniform_ota_closed_form_expectation
FS0934,1000,0.95,6,60,high,0.2000,0.00,0.950000,30000.000000,1737.005208,28262.994792,0.942100,6000.000000,347.401042,4644.000000,268.888406,0.774000,uniform_ota_closed_form_expectation
FS0935,1000,0.95,6,60,high,0.2000,0.01,0.940500,30000.000000,2019.635156,27980.364844,0.932679,6000.000000,403.927031,4644.000000,312.639522,0.774000,uniform_ota_closed_form_expectation
FS0936,1000,0.95,6,60,high,0.2000,0.05,0.902500,30000.000000,3150.154948,26849.845052,0.894995,6000.000000,630.030990,4644.000000,487.643986,0.774000,uniform_ota_closed_form_expectation
FS0937,1000,0.95,24,7,low,0.0100,0.00,0.950000,3500.000000,1057.142857,2442.857143,0.697959,35.000000,10.571429,27.090000,8.182286,0.774000,uniform_ota_closed_form_expectation
FS0938,1000,0.95,24,7,low,0.0100,0.01,0.940500,3500.000000,1081.571429,2418.428571,0.690980,35.000000,10.815714,27.090000,8.371363,0.774000,uniform_ota_closed_form_expectation
FS0939,1000,0.95,24,7,low,0.0100,0.05,0.902500,3500.000000,1179.285714,2320.714286,0.663061,35.000000,11.792857,27.090000,9.127671,0.774000,uniform_ota_closed_form_expectation
FS0940,1000,0.95,24,7,medium,0.0500,0.00,0.950000,3500.000000,1057.142857,2442.857143,0.697959,175.000000,52.857143,135.450000,40.911429,0.774000,uniform_ota_closed_form_expectation
FS0941,1000,0.95,24,7,medium,0.0500,0.01,0.940500,3500.000000,1081.571429,2418.428571,0.690980,175.000000,54.078571,135.450000,41.856814,0.774000,uniform_ota_closed_form_expectation
FS0942,1000,0.95,24,7,medium,0.0500,0.05,0.902500,3500.000000,1179.285714,2320.714286,0.663061,175.000000,58.964286,135.450000,45.638357,0.774000,uniform_ota_closed_form_expectation
FS0943,1000,0.95,24,7,high,0.2000,0.00,0.950000,3500.000000,1057.142857,2442.857143,0.697959,700.000000,211.428571,541.800000,163.645714,0.774000,uniform_ota_closed_form_expectation
FS0944,1000,0.95,24,7,high,0.2000,0.01,0.940500,3500.000000,1081.571429,2418.428571,0.690980,700.000000,216.314286,541.800000,167.427257,0.774000,uniform_ota_closed_form_expectation
FS0945,1000,0.95,24,7,high,0.2000,0.05,0.902500,3500.000000,1179.285714,2320.714286,0.663061,700.000000,235.857143,541.800000,182.553429,0.774000,uniform_ota_closed_form_expectation
FS0946,1000,0.95,24,14,low,0.0100,0.00,0.950000,7000.000000,1266.071429,5733.928571,0.819133,70.000000,12.660714,54.180000,9.799393,0.774000,uniform_ota_closed_form_expectation
FS0947,1000,0.95,24,14,low,0.0100,0.01,0.940500,7000.000000,1323.410714,5676.589286,0.810941,70.000000,13.234107,54.180000,10.243199,0.774000,uniform_ota_closed_form_expectation
FS0948,1000,0.95,24,14,low,0.0100,0.05,0.902500,7000.000000,1552.767857,5447.232143,0.778176,70.000000,15.527679,54.180000,12.018423,0.774000,uniform_ota_closed_form_expectation
FS0949,1000,0.95,24,14,medium,0.0500,0.00,0.950000,7000.000000,1266.071429,5733.928571,0.819133,350.000000,63.303571,270.900000,48.996964,0.774000,uniform_ota_closed_form_expectation
FS0950,1000,0.95,24,14,medium,0.0500,0.01,0.940500,7000.000000,1323.410714,5676.589286,0.810941,350.000000,66.170536,270.900000,51.215995,0.774000,uniform_ota_closed_form_expectation
FS0951,1000,0.95,24,14,medium,0.0500,0.05,0.902500,7000.000000,1552.767857,5447.232143,0.778176,350.000000,77.638393,270.900000,60.092116,0.774000,uniform_ota_closed_form_expectation
FS0952,1000,0.95,24,14,high,0.2000,0.00,0.950000,7000.000000,1266.071429,5733.928571,0.819133,1400.000000,253.214286,1083.600000,195.987857,0.774000,uniform_ota_closed_form_expectation
FS0953,1000,0.95,24,14,high,0.2000,0.01,0.940500,7000.000000,1323.410714,5676.589286,0.810941,1400.000000,264.682143,1083.600000,204.863979,0.774000,uniform_ota_closed_form_expectation
FS0954,1000,0.95,24,14,high,0.2000,0.05,0.902500,7000.000000,1552.767857,5447.232143,0.778176,1400.000000,310.553571,1083.600000,240.368464,0.774000,uniform_ota_closed_form_expectation
FS0955,1000,0.95,24,30,low,0.0100,0.00,0.950000,15000.000000,1684.166667,13315.833333,0.887722,150.000000,16.841667,116.100000,13.035450,0.774000,uniform_ota_closed_form_expectation
FS0956,1000,0.95,24,30,low,0.0100,0.01,0.940500,15000.000000,1817.325000,13182.675000,0.878845,150.000000,18.173250,116.100000,14.066095,0.774000,uniform_ota_closed_form_expectation
FS0957,1000,0.95,24,30,low,0.0100,0.05,0.902500,15000.000000,2349.958333,12650.041667,0.843336,150.000000,23.499583,116.100000,18.188678,0.774000,uniform_ota_closed_form_expectation
FS0958,1000,0.95,24,30,medium,0.0500,0.00,0.950000,15000.000000,1684.166667,13315.833333,0.887722,750.000000,84.208333,580.500000,65.177250,0.774000,uniform_ota_closed_form_expectation
FS0959,1000,0.95,24,30,medium,0.0500,0.01,0.940500,15000.000000,1817.325000,13182.675000,0.878845,750.000000,90.866250,580.500000,70.330478,0.774000,uniform_ota_closed_form_expectation
FS0960,1000,0.95,24,30,medium,0.0500,0.05,0.902500,15000.000000,2349.958333,12650.041667,0.843336,750.000000,117.497917,580.500000,90.943388,0.774000,uniform_ota_closed_form_expectation
FS0961,1000,0.95,24,30,high,0.2000,0.00,0.950000,15000.000000,1684.166667,13315.833333,0.887722,3000.000000,336.833333,2322.000000,260.709000,0.774000,uniform_ota_closed_form_expectation
FS0962,1000,0.95,24,30,high,0.2000,0.01,0.940500,15000.000000,1817.325000,13182.675000,0.878845,3000.000000,363.465000,2322.000000,281.321910,0.774000,uniform_ota_closed_form_expectation
FS0963,1000,0.95,24,30,high,0.2000,0.05,0.902500,15000.000000,2349.958333,12650.041667,0.843336,3000.000000,469.991667,2322.000000,363.773550,0.774000,uniform_ota_closed_form_expectation
FS0964,1000,0.95,24,60,low,0.0100,0.00,0.950000,30000.000000,2442.083333,27557.916667,0.918597,300.000000,24.420833,232.200000,18.901725,0.774000,uniform_ota_closed_form_expectation
FS0965,1000,0.95,24,60,low,0.0100,0.01,0.940500,30000.000000,2717.662500,27282.337500,0.909411,300.000000,27.176625,232.200000,21.034708,0.774000,uniform_ota_closed_form_expectation
FS0966,1000,0.95,24,60,low,0.0100,0.05,0.902500,30000.000000,3819.979167,26180.020833,0.872667,300.000000,38.199792,232.200000,29.566639,0.774000,uniform_ota_closed_form_expectation
FS0967,1000,0.95,24,60,medium,0.0500,0.00,0.950000,30000.000000,2442.083333,27557.916667,0.918597,1500.000000,122.104167,1161.000000,94.508625,0.774000,uniform_ota_closed_form_expectation
FS0968,1000,0.95,24,60,medium,0.0500,0.01,0.940500,30000.000000,2717.662500,27282.337500,0.909411,1500.000000,135.883125,1161.000000,105.173539,0.774000,uniform_ota_closed_form_expectation
FS0969,1000,0.95,24,60,medium,0.0500,0.05,0.902500,30000.000000,3819.979167,26180.020833,0.872667,1500.000000,190.998958,1161.000000,147.833194,0.774000,uniform_ota_closed_form_expectation
FS0970,1000,0.95,24,60,high,0.2000,0.00,0.950000,30000.000000,2442.083333,27557.916667,0.918597,6000.000000,488.416667,4644.000000,378.034500,0.774000,uniform_ota_closed_form_expectation
FS0971,1000,0.95,24,60,high,0.2000,0.01,0.940500,30000.000000,2717.662500,27282.337500,0.909411,6000.000000,543.532500,4644.000000,420.694155,0.774000,uniform_ota_closed_form_expectation
FS0972,1000,0.95,24,60,high,0.2000,0.05,0.902500,30000.000000,3819.979167,26180.020833,0.872667,6000.000000,763.995833,4644.000000,591.332775,0.774000,uniform_ota_closed_form_expectation
FS0973,1000,0.95,72,7,low,0.0100,0.00,0.950000,3500.000000,2414.285714,1085.714286,0.310204,35.000000,24.142857,27.090000,18.686571,0.774000,uniform_ota_closed_form_expectation
FS0974,1000,0.95,72,7,low,0.0100,0.01,0.940500,3500.000000,2425.142857,1074.857143,0.307102,35.000000,24.251429,27.090000,18.770606,0.774000,uniform_ota_closed_form_expectation
FS0975,1000,0.95,72,7,low,0.0100,0.05,0.902500,3500.000000,2468.571429,1031.428571,0.294694,35.000000,24.685714,27.090000,19.106743,0.774000,uniform_ota_closed_form_expectation
FS0976,1000,0.95,72,7,medium,0.0500,0.00,0.950000,3500.000000,2414.285714,1085.714286,0.310204,175.000000,120.714286,135.450000,93.432857,0.774000,uniform_ota_closed_form_expectation
FS0977,1000,0.95,72,7,medium,0.0500,0.01,0.940500,3500.000000,2425.142857,1074.857143,0.307102,175.000000,121.257143,135.450000,93.853029,0.774000,uniform_ota_closed_form_expectation
FS0978,1000,0.95,72,7,medium,0.0500,0.05,0.902500,3500.000000,2468.571429,1031.428571,0.294694,175.000000,123.428571,135.450000,95.533714,0.774000,uniform_ota_closed_form_expectation
FS0979,1000,0.95,72,7,high,0.2000,0.00,0.950000,3500.000000,2414.285714,1085.714286,0.310204,700.000000,482.857143,541.800000,373.731429,0.774000,uniform_ota_closed_form_expectation
FS0980,1000,0.95,72,7,high,0.2000,0.01,0.940500,3500.000000,2425.142857,1074.857143,0.307102,700.000000,485.028571,541.800000,375.412114,0.774000,uniform_ota_closed_form_expectation
FS0981,1000,0.95,72,7,high,0.2000,0.05,0.902500,3500.000000,2468.571429,1031.428571,0.294694,700.000000,493.714286,541.800000,382.134857,0.774000,uniform_ota_closed_form_expectation
FS0982,1000,0.95,72,14,low,0.0100,0.00,0.950000,7000.000000,2894.642857,4105.357143,0.586480,70.000000,28.946429,54.180000,22.404536,0.774000,uniform_ota_closed_form_expectation
FS0983,1000,0.95,72,14,low,0.0100,0.01,0.940500,7000.000000,2935.696429,4064.303571,0.580615,70.000000,29.356964,54.180000,22.722290,0.774000,uniform_ota_closed_form_expectation
FS0984,1000,0.95,72,14,low,0.0100,0.05,0.902500,7000.000000,3099.910714,3900.089286,0.557156,70.000000,30.999107,54.180000,23.993309,0.774000,uniform_ota_closed_form_expectation
FS0985,1000,0.95,72,14,medium,0.0500,0.00,0.950000,7000.000000,2894.642857,4105.357143,0.586480,350.000000,144.732143,270.900000,112.022679,0.774000,uniform_ota_closed_form_expectation
FS0986,1000,0.95,72,14,medium,0.0500,0.01,0.940500,7000.000000,2935.696429,4064.303571,0.580615,350.000000,146.784821,270.900000,113.611452,0.774000,uniform_ota_closed_form_expectation
FS0987,1000,0.95,72,14,medium,0.0500,0.05,0.902500,7000.000000,3099.910714,3900.089286,0.557156,350.000000,154.995536,270.900000,119.966545,0.774000,uniform_ota_closed_form_expectation
FS0988,1000,0.95,72,14,high,0.2000,0.00,0.950000,7000.000000,2894.642857,4105.357143,0.586480,1400.000000,578.928571,1083.600000,448.090714,0.774000,uniform_ota_closed_form_expectation
FS0989,1000,0.95,72,14,high,0.2000,0.01,0.940500,7000.000000,2935.696429,4064.303571,0.580615,1400.000000,587.139286,1083.600000,454.445807,0.774000,uniform_ota_closed_form_expectation
FS0990,1000,0.95,72,14,high,0.2000,0.05,0.902500,7000.000000,3099.910714,3900.089286,0.557156,1400.000000,619.982143,1083.600000,479.866179,0.774000,uniform_ota_closed_form_expectation
FS0991,1000,0.95,72,30,low,0.0100,0.00,0.950000,15000.000000,3457.500000,11542.500000,0.769500,150.000000,34.575000,116.100000,26.761050,0.774000,uniform_ota_closed_form_expectation
FS0992,1000,0.95,72,30,low,0.0100,0.01,0.940500,15000.000000,3572.925000,11427.075000,0.761805,150.000000,35.729250,116.100000,27.654440,0.774000,uniform_ota_closed_form_expectation
FS0993,1000,0.95,72,30,low,0.0100,0.05,0.902500,15000.000000,4034.625000,10965.375000,0.731025,150.000000,40.346250,116.100000,31.227998,0.774000,uniform_ota_closed_form_expectation
FS0994,1000,0.95,72,30,medium,0.0500,0.00,0.950000,15000.000000,3457.500000,11542.500000,0.769500,750.000000,172.875000,580.500000,133.805250,0.774000,uniform_ota_closed_form_expectation
FS0995,1000,0.95,72,30,medium,0.0500,0.01,0.940500,15000.000000,3572.925000,11427.075000,0.761805,750.000000,178.646250,580.500000,138.272198,0.774000,uniform_ota_closed_form_expectation
FS0996,1000,0.95,72,30,medium,0.0500,0.05,0.902500,15000.000000,4034.625000,10965.375000,0.731025,750.000000,201.731250,580.500000,156.139988,0.774000,uniform_ota_closed_form_expectation
FS0997,1000,0.95,72,30,high,0.2000,0.00,0.950000,15000.000000,3457.500000,11542.500000,0.769500,3000.000000,691.500000,2322.000000,535.221000,0.774000,uniform_ota_closed_form_expectation
FS0998,1000,0.95,72,30,high,0.2000,0.01,0.940500,15000.000000,3572.925000,11427.075000,0.761805,3000.000000,714.585000,2322.000000,553.088790,0.774000,uniform_ota_closed_form_expectation
FS0999,1000,0.95,72,30,high,0.2000,0.05,0.902500,15000.000000,4034.625000,10965.375000,0.731025,3000.000000,806.925000,2322.000000,624.559950,0.774000,uniform_ota_closed_form_expectation
FS1000,1000,0.95,72,60,low,0.0100,0.00,0.950000,30000.000000,4278.750000,25721.250000,0.857375,300.000000,42.787500,232.200000,33.117525,0.774000,uniform_ota_closed_form_expectation
FS1001,1000,0.95,72,60,low,0.0100,0.01,0.940500,30000.000000,4535.962500,25464.037500,0.848801,300.000000,45.359625,232.200000,35.108350,0.774000,uniform_ota_closed_form_expectation
FS1002,1000,0.95,72,60,low,0.0100,0.05,0.902500,30000.000000,5564.812500,24435.187500,0.814506,300.000000,55.648125,232.200000,43.071649,0.774000,uniform_ota_closed_form_expectation
FS1003,1000,0.95,72,60,medium,0.0500,0.00,0.950000,30000.000000,4278.750000,25721.250000,0.857375,1500.000000,213.937500,1161.000000,165.587625,0.774000,uniform_ota_closed_form_expectation
FS1004,1000,0.95,72,60,medium,0.0500,0.01,0.940500,30000.000000,4535.962500,25464.037500,0.848801,1500.000000,226.798125,1161.000000,175.541749,0.774000,uniform_ota_closed_form_expectation
FS1005,1000,0.95,72,60,medium,0.0500,0.05,0.902500,30000.000000,5564.812500,24435.187500,0.814506,1500.000000,278.240625,1161.000000,215.358244,0.774000,uniform_ota_closed_form_expectation
FS1006,1000,0.95,72,60,high,0.2000,0.00,0.950000,30000.000000,4278.750000,25721.250000,0.857375,6000.000000,855.750000,4644.000000,662.350500,0.774000,uniform_ota_closed_form_expectation
FS1007,1000,0.95,72,60,high,0.2000,0.01,0.940500,30000.000000,4535.962500,25464.037500,0.848801,6000.000000,907.192500,4644.000000,702.166995,0.774000,uniform_ota_closed_form_expectation
FS1008,1000,0.95,72,60,high,0.2000,0.05,0.902500,30000.000000,5564.812500,24435.187500,0.814506,6000.000000,1112.962500,4644.000000,861.432975,0.774000,uniform_ota_closed_form_expectation
FS1009,1000,1.00,1,7,low,0.0100,0.00,1.000000,3500.000000,41.542659,3458.457341,0.988131,35.000000,0.415427,27.090000,0.321540,0.774000,uniform_ota_closed_form_expectation
FS1010,1000,1.00,1,7,low,0.0100,0.01,0.990000,3500.000000,76.127232,3423.872768,0.978249,35.000000,0.761272,27.090000,0.589225,0.774000,uniform_ota_closed_form_expectation
FS1011,1000,1.00,1,7,low,0.0100,0.05,0.950000,3500.000000,214.465526,3285.534474,0.938724,35.000000,2.144655,27.090000,1.659963,0.774000,uniform_ota_closed_form_expectation
FS1012,1000,1.00,1,7,medium,0.0500,0.00,1.000000,3500.000000,41.542659,3458.457341,0.988131,175.000000,2.077133,135.450000,1.607701,0.774000,uniform_ota_closed_form_expectation
FS1013,1000,1.00,1,7,medium,0.0500,0.01,0.990000,3500.000000,76.127232,3423.872768,0.978249,175.000000,3.806362,135.450000,2.946124,0.774000,uniform_ota_closed_form_expectation
FS1014,1000,1.00,1,7,medium,0.0500,0.05,0.950000,3500.000000,214.465526,3285.534474,0.938724,175.000000,10.723276,135.450000,8.299816,0.774000,uniform_ota_closed_form_expectation
FS1015,1000,1.00,1,7,high,0.2000,0.00,1.000000,3500.000000,41.542659,3458.457341,0.988131,700.000000,8.308532,541.800000,6.430804,0.774000,uniform_ota_closed_form_expectation
FS1016,1000,1.00,1,7,high,0.2000,0.01,0.990000,3500.000000,76.127232,3423.872768,0.978249,700.000000,15.225446,541.800000,11.784496,0.774000,uniform_ota_closed_form_expectation
FS1017,1000,1.00,1,7,high,0.2000,0.05,0.950000,3500.000000,214.465526,3285.534474,0.938724,700.000000,42.893105,541.800000,33.199263,0.774000,uniform_ota_closed_form_expectation
FS1018,1000,1.00,1,14,low,0.0100,0.00,1.000000,7000.000000,41.604663,6958.395337,0.994056,70.000000,0.416047,54.180000,0.322020,0.774000,uniform_ota_closed_form_expectation
FS1019,1000,1.00,1,14,low,0.0100,0.01,0.990000,7000.000000,111.188616,6888.811384,0.984116,70.000000,1.111886,54.180000,0.860600,0.774000,uniform_ota_closed_form_expectation
FS1020,1000,1.00,1,14,low,0.0100,0.05,0.950000,7000.000000,389.524430,6610.475570,0.944354,70.000000,3.895244,54.180000,3.014919,0.774000,uniform_ota_closed_form_expectation
FS1021,1000,1.00,1,14,medium,0.0500,0.00,1.000000,7000.000000,41.604663,6958.395337,0.994056,350.000000,2.080233,270.900000,1.610100,0.774000,uniform_ota_closed_form_expectation
FS1022,1000,1.00,1,14,medium,0.0500,0.01,0.990000,7000.000000,111.188616,6888.811384,0.984116,350.000000,5.559431,270.900000,4.302999,0.774000,uniform_ota_closed_form_expectation
FS1023,1000,1.00,1,14,medium,0.0500,0.05,0.950000,7000.000000,389.524430,6610.475570,0.944354,350.000000,19.476221,270.900000,15.074595,0.774000,uniform_ota_closed_form_expectation
FS1024,1000,1.00,1,14,high,0.2000,0.00,1.000000,7000.000000,41.604663,6958.395337,0.994056,1400.000000,8.320933,1083.600000,6.440402,0.774000,uniform_ota_closed_form_expectation
FS1025,1000,1.00,1,14,high,0.2000,0.01,0.990000,7000.000000,111.188616,6888.811384,0.984116,1400.000000,22.237723,1083.600000,17.211998,0.774000,uniform_ota_closed_form_expectation
FS1026,1000,1.00,1,14,high,0.2000,0.05,0.950000,7000.000000,389.524430,6610.475570,0.944354,1400.000000,77.904886,1083.600000,60.298382,0.774000,uniform_ota_closed_form_expectation
FS1027,1000,1.00,1,30,low,0.0100,0.00,1.000000,15000.000000,41.637731,14958.362269,0.997224,150.000000,0.416377,116.100000,0.322276,0.774000,uniform_ota_closed_form_expectation
FS1028,1000,1.00,1,30,low,0.0100,0.01,0.990000,15000.000000,191.221354,14808.778646,0.987252,150.000000,1.912214,116.100000,1.480053,0.774000,uniform_ota_closed_form_expectation
FS1029,1000,1.00,1,30,low,0.0100,0.05,0.950000,15000.000000,789.555845,14210.444155,0.947363,150.000000,7.895558,116.100000,6.111162,0.774000,uniform_ota_closed_form_expectation
FS1030,1000,1.00,1,30,medium,0.0500,0.00,1.000000,15000.000000,41.637731,14958.362269,0.997224,750.000000,2.081887,580.500000,1.611380,0.774000,uniform_ota_closed_form_expectation
FS1031,1000,1.00,1,30,medium,0.0500,0.01,0.990000,15000.000000,191.221354,14808.778646,0.987252,750.000000,9.561068,580.500000,7.400266,0.774000,uniform_ota_closed_form_expectation
FS1032,1000,1.00,1,30,medium,0.0500,0.05,0.950000,15000.000000,789.555845,14210.444155,0.947363,750.000000,39.477792,580.500000,30.555811,0.774000,uniform_ota_closed_form_expectation
FS1033,1000,1.00,1,30,high,0.2000,0.00,1.000000,15000.000000,41.637731,14958.362269,0.997224,3000.000000,8.327546,2322.000000,6.445521,0.774000,uniform_ota_closed_form_expectation
FS1034,1000,1.00,1,30,high,0.2000,0.01,0.990000,15000.000000,191.221354,14808.778646,0.987252,3000.000000,38.244271,2322.000000,29.601066,0.774000,uniform_ota_closed_form_expectation
FS1035,1000,1.00,1,30,high,0.2000,0.05,0.950000,15000.000000,789.555845,14210.444155,0.947363,3000.000000,157.911169,2322.000000,122.223245,0.774000,uniform_ota_closed_form_expectation
FS1036,1000,1.00,1,60,low,0.0100,0.00,1.000000,30000.000000,41.652199,29958.347801,0.998612,300.000000,0.416522,232.200000,0.322388,0.774000,uniform_ota_closed_form_expectation
FS1037,1000,1.00,1,60,low,0.0100,0.01,0.990000,30000.000000,341.235677,29658.764323,0.988625,300.000000,3.412357,232.200000,2.641164,0.774000,uniform_ota_closed_form_expectation
FS1038,1000,1.00,1,60,low,0.0100,0.05,0.950000,30000.000000,1539.569589,28460.430411,0.948681,300.000000,15.395696,232.200000,11.916269,0.774000,uniform_ota_closed_form_expectation
FS1039,1000,1.00,1,60,medium,0.0500,0.00,1.000000,30000.000000,41.652199,29958.347801,0.998612,1500.000000,2.082610,1161.000000,1.611940,0.774000,uniform_ota_closed_form_expectation
FS1040,1000,1.00,1,60,medium,0.0500,0.01,0.990000,30000.000000,341.235677,29658.764323,0.988625,1500.000000,17.061784,1161.000000,13.205821,0.774000,uniform_ota_closed_form_expectation
FS1041,1000,1.00,1,60,medium,0.0500,0.05,0.950000,30000.000000,1539.569589,28460.430411,0.948681,1500.000000,76.978479,1161.000000,59.581343,0.774000,uniform_ota_closed_form_expectation
FS1042,1000,1.00,1,60,high,0.2000,0.00,1.000000,30000.000000,41.652199,29958.347801,0.998612,6000.000000,8.330440,4644.000000,6.447760,0.774000,uniform_ota_closed_form_expectation
FS1043,1000,1.00,1,60,high,0.2000,0.01,0.990000,30000.000000,341.235677,29658.764323,0.988625,6000.000000,68.247135,4644.000000,52.823283,0.774000,uniform_ota_closed_form_expectation
FS1044,1000,1.00,1,60,high,0.2000,0.05,0.950000,30000.000000,1539.569589,28460.430411,0.948681,6000.000000,307.913918,4644.000000,238.325372,0.774000,uniform_ota_closed_form_expectation
FS1045,1000,1.00,6,7,low,0.0100,0.00,1.000000,3500.000000,245.535714,3254.464286,0.929847,35.000000,2.455357,27.090000,1.900446,0.774000,uniform_ota_closed_form_expectation
FS1046,1000,1.00,6,7,low,0.0100,0.01,0.990000,3500.000000,278.080357,3221.919643,0.920548,35.000000,2.780804,27.090000,2.152342,0.774000,uniform_ota_closed_form_expectation
FS1047,1000,1.00,6,7,low,0.0100,0.05,0.950000,3500.000000,408.258929,3091.741071,0.883355,35.000000,4.082589,27.090000,3.159924,0.774000,uniform_ota_closed_form_expectation
FS1048,1000,1.00,6,7,medium,0.0500,0.00,1.000000,3500.000000,245.535714,3254.464286,0.929847,175.000000,12.276786,135.450000,9.502232,0.774000,uniform_ota_closed_form_expectation
FS1049,1000,1.00,6,7,medium,0.0500,0.01,0.990000,3500.000000,278.080357,3221.919643,0.920548,175.000000,13.904018,135.450000,10.761710,0.774000,uniform_ota_closed_form_expectation
FS1050,1000,1.00,6,7,medium,0.0500,0.05,0.950000,3500.000000,408.258929,3091.741071,0.883355,175.000000,20.412946,135.450000,15.799621,0.774000,uniform_ota_closed_form_expectation
FS1051,1000,1.00,6,7,high,0.2000,0.00,1.000000,3500.000000,245.535714,3254.464286,0.929847,700.000000,49.107143,541.800000,38.008929,0.774000,uniform_ota_closed_form_expectation
FS1052,1000,1.00,6,7,high,0.2000,0.01,0.990000,3500.000000,278.080357,3221.919643,0.920548,700.000000,55.616071,541.800000,43.046839,0.774000,uniform_ota_closed_form_expectation
FS1053,1000,1.00,6,7,high,0.2000,0.05,0.950000,3500.000000,408.258929,3091.741071,0.883355,700.000000,81.651786,541.800000,63.198482,0.774000,uniform_ota_closed_form_expectation
FS1054,1000,1.00,6,14,low,0.0100,0.00,1.000000,7000.000000,247.767857,6752.232143,0.964605,70.000000,2.477679,54.180000,1.917723,0.774000,uniform_ota_closed_form_expectation
FS1055,1000,1.00,6,14,low,0.0100,0.01,0.990000,7000.000000,315.290179,6684.709821,0.954959,70.000000,3.152902,54.180000,2.440346,0.774000,uniform_ota_closed_form_expectation
FS1056,1000,1.00,6,14,low,0.0100,0.05,0.950000,7000.000000,585.379464,6414.620536,0.916374,70.000000,5.853795,54.180000,4.530837,0.774000,uniform_ota_closed_form_expectation
FS1057,1000,1.00,6,14,medium,0.0500,0.00,1.000000,7000.000000,247.767857,6752.232143,0.964605,350.000000,12.388393,270.900000,9.588616,0.774000,uniform_ota_closed_form_expectation
FS1058,1000,1.00,6,14,medium,0.0500,0.01,0.990000,7000.000000,315.290179,6684.709821,0.954959,350.000000,15.764509,270.900000,12.201730,0.774000,uniform_ota_closed_form_expectation
FS1059,1000,1.00,6,14,medium,0.0500,0.05,0.950000,7000.000000,585.379464,6414.620536,0.916374,350.000000,29.268973,270.900000,22.654185,0.774000,uniform_ota_closed_form_expectation
FS1060,1000,1.00,6,14,high,0.2000,0.00,1.000000,7000.000000,247.767857,6752.232143,0.964605,1400.000000,49.553571,1083.600000,38.354464,0.774000,uniform_ota_closed_form_expectation
FS1061,1000,1.00,6,14,high,0.2000,0.01,0.990000,7000.000000,315.290179,6684.709821,0.954959,1400.000000,63.058036,1083.600000,48.806920,0.774000,uniform_ota_closed_form_expectation
FS1062,1000,1.00,6,14,high,0.2000,0.05,0.950000,7000.000000,585.379464,6414.620536,0.916374,1400.000000,117.075893,1083.600000,90.616741,0.774000,uniform_ota_closed_form_expectation
FS1063,1000,1.00,6,30,low,0.0100,0.00,1.000000,15000.000000,248.958333,14751.041667,0.983403,150.000000,2.489583,116.100000,1.926938,0.774000,uniform_ota_closed_form_expectation
FS1064,1000,1.00,6,30,low,0.0100,0.01,0.990000,15000.000000,396.468750,14603.531250,0.973569,150.000000,3.964688,116.100000,3.068668,0.774000,uniform_ota_closed_form_expectation
FS1065,1000,1.00,6,30,low,0.0100,0.05,0.950000,15000.000000,986.510417,14013.489583,0.934233,150.000000,9.865104,116.100000,7.635591,0.774000,uniform_ota_closed_form_expectation
FS1066,1000,1.00,6,30,medium,0.0500,0.00,1.000000,15000.000000,248.958333,14751.041667,0.983403,750.000000,12.447917,580.500000,9.634688,0.774000,uniform_ota_closed_form_expectation
FS1067,1000,1.00,6,30,medium,0.0500,0.01,0.990000,15000.000000,396.468750,14603.531250,0.973569,750.000000,19.823438,580.500000,15.343341,0.774000,uniform_ota_closed_form_expectation
FS1068,1000,1.00,6,30,medium,0.0500,0.05,0.950000,15000.000000,986.510417,14013.489583,0.934233,750.000000,49.325521,580.500000,38.177953,0.774000,uniform_ota_closed_form_expectation
FS1069,1000,1.00,6,30,high,0.2000,0.00,1.000000,15000.000000,248.958333,14751.041667,0.983403,3000.000000,49.791667,2322.000000,38.538750,0.774000,uniform_ota_closed_form_expectation
FS1070,1000,1.00,6,30,high,0.2000,0.01,0.990000,15000.000000,396.468750,14603.531250,0.973569,3000.000000,79.293750,2322.000000,61.373363,0.774000,uniform_ota_closed_form_expectation
FS1071,1000,1.00,6,30,high,0.2000,0.05,0.950000,15000.000000,986.510417,14013.489583,0.934233,3000.000000,197.302083,2322.000000,152.711813,0.774000,uniform_ota_closed_form_expectation
FS1072,1000,1.00,6,60,low,0.0100,0.00,1.000000,30000.000000,249.479167,29750.520833,0.991684,300.000000,2.494792,232.200000,1.930969,0.774000,uniform_ota_closed_form_expectation
FS1073,1000,1.00,6,60,low,0.0100,0.01,0.990000,30000.000000,546.984375,29453.015625,0.981767,300.000000,5.469844,232.200000,4.233659,0.774000,uniform_ota_closed_form_expectation
FS1074,1000,1.00,6,60,low,0.0100,0.05,0.950000,30000.000000,1737.005208,28262.994792,0.942100,300.000000,17.370052,232.200000,13.444420,0.774000,uniform_ota_closed_form_expectation
FS1075,1000,1.00,6,60,medium,0.0500,0.00,1.000000,30000.000000,249.479167,29750.520833,0.991684,1500.000000,12.473958,1161.000000,9.654844,0.774000,uniform_ota_closed_form_expectation
FS1076,1000,1.00,6,60,medium,0.0500,0.01,0.990000,30000.000000,546.984375,29453.015625,0.981767,1500.000000,27.349219,1161.000000,21.168295,0.774000,uniform_ota_closed_form_expectation
FS1077,1000,1.00,6,60,medium,0.0500,0.05,0.950000,30000.000000,1737.005208,28262.994792,0.942100,1500.000000,86.850260,1161.000000,67.222102,0.774000,uniform_ota_closed_form_expectation
FS1078,1000,1.00,6,60,high,0.2000,0.00,1.000000,30000.000000,249.479167,29750.520833,0.991684,6000.000000,49.895833,4644.000000,38.619375,0.774000,uniform_ota_closed_form_expectation
FS1079,1000,1.00,6,60,high,0.2000,0.01,0.990000,30000.000000,546.984375,29453.015625,0.981767,6000.000000,109.396875,4644.000000,84.673181,0.774000,uniform_ota_closed_form_expectation
FS1080,1000,1.00,6,60,high,0.2000,0.05,0.950000,30000.000000,1737.005208,28262.994792,0.942100,6000.000000,347.401042,4644.000000,268.888406,0.774000,uniform_ota_closed_form_expectation
FS1081,1000,1.00,24,7,low,0.0100,0.00,1.000000,3500.000000,928.571429,2571.428571,0.734694,35.000000,9.285714,27.090000,7.187143,0.774000,uniform_ota_closed_form_expectation
FS1082,1000,1.00,24,7,low,0.0100,0.01,0.990000,3500.000000,954.285714,2545.714286,0.727347,35.000000,9.542857,27.090000,7.386171,0.774000,uniform_ota_closed_form_expectation
FS1083,1000,1.00,24,7,low,0.0100,0.05,0.950000,3500.000000,1057.142857,2442.857143,0.697959,35.000000,10.571429,27.090000,8.182286,0.774000,uniform_ota_closed_form_expectation
FS1084,1000,1.00,24,7,medium,0.0500,0.00,1.000000,3500.000000,928.571429,2571.428571,0.734694,175.000000,46.428571,135.450000,35.935714,0.774000,uniform_ota_closed_form_expectation
FS1085,1000,1.00,24,7,medium,0.0500,0.01,0.990000,3500.000000,954.285714,2545.714286,0.727347,175.000000,47.714286,135.450000,36.930857,0.774000,uniform_ota_closed_form_expectation
FS1086,1000,1.00,24,7,medium,0.0500,0.05,0.950000,3500.000000,1057.142857,2442.857143,0.697959,175.000000,52.857143,135.450000,40.911429,0.774000,uniform_ota_closed_form_expectation
FS1087,1000,1.00,24,7,high,0.2000,0.00,1.000000,3500.000000,928.571429,2571.428571,0.734694,700.000000,185.714286,541.800000,143.742857,0.774000,uniform_ota_closed_form_expectation
FS1088,1000,1.00,24,7,high,0.2000,0.01,0.990000,3500.000000,954.285714,2545.714286,0.727347,700.000000,190.857143,541.800000,147.723429,0.774000,uniform_ota_closed_form_expectation
FS1089,1000,1.00,24,7,high,0.2000,0.05,0.950000,3500.000000,1057.142857,2442.857143,0.697959,700.000000,211.428571,541.800000,163.645714,0.774000,uniform_ota_closed_form_expectation
FS1090,1000,1.00,24,14,low,0.0100,0.00,1.000000,7000.000000,964.285714,6035.714286,0.862245,70.000000,9.642857,54.180000,7.463571,0.774000,uniform_ota_closed_form_expectation
FS1091,1000,1.00,24,14,low,0.0100,0.01,0.990000,7000.000000,1024.642857,5975.357143,0.853622,70.000000,10.246429,54.180000,7.930736,0.774000,uniform_ota_closed_form_expectation
FS1092,1000,1.00,24,14,low,0.0100,0.05,0.950000,7000.000000,1266.071429,5733.928571,0.819133,70.000000,12.660714,54.180000,9.799393,0.774000,uniform_ota_closed_form_expectation
FS1093,1000,1.00,24,14,medium,0.0500,0.00,1.000000,7000.000000,964.285714,6035.714286,0.862245,350.000000,48.214286,270.900000,37.317857,0.774000,uniform_ota_closed_form_expectation
FS1094,1000,1.00,24,14,medium,0.0500,0.01,0.990000,7000.000000,1024.642857,5975.357143,0.853622,350.000000,51.232143,270.900000,39.653679,0.774000,uniform_ota_closed_form_expectation
FS1095,1000,1.00,24,14,medium,0.0500,0.05,0.950000,7000.000000,1266.071429,5733.928571,0.819133,350.000000,63.303571,270.900000,48.996964,0.774000,uniform_ota_closed_form_expectation
FS1096,1000,1.00,24,14,high,0.2000,0.00,1.000000,7000.000000,964.285714,6035.714286,0.862245,1400.000000,192.857143,1083.600000,149.271429,0.774000,uniform_ota_closed_form_expectation
FS1097,1000,1.00,24,14,high,0.2000,0.01,0.990000,7000.000000,1024.642857,5975.357143,0.853622,1400.000000,204.928571,1083.600000,158.614714,0.774000,uniform_ota_closed_form_expectation
FS1098,1000,1.00,24,14,high,0.2000,0.05,0.950000,7000.000000,1266.071429,5733.928571,0.819133,1400.000000,253.214286,1083.600000,195.987857,0.774000,uniform_ota_closed_form_expectation
FS1099,1000,1.00,24,30,low,0.0100,0.00,1.000000,15000.000000,983.333333,14016.666667,0.934444,150.000000,9.833333,116.100000,7.611000,0.774000,uniform_ota_closed_form_expectation
FS1100,1000,1.00,24,30,low,0.0100,0.01,0.990000,15000.000000,1123.500000,13876.500000,0.925100,150.000000,11.235000,116.100000,8.695890,0.774000,uniform_ota_closed_form_expectation
FS1101,1000,1.00,24,30,low,0.0100,0.05,0.950000,15000.000000,1684.166667,13315.833333,0.887722,150.000000,16.841667,116.100000,13.035450,0.774000,uniform_ota_closed_form_expectation
FS1102,1000,1.00,24,30,medium,0.0500,0.00,1.000000,15000.000000,983.333333,14016.666667,0.934444,750.000000,49.166667,580.500000,38.055000,0.774000,uniform_ota_closed_form_expectation
FS1103,1000,1.00,24,30,medium,0.0500,0.01,0.990000,15000.000000,1123.500000,13876.500000,0.925100,750.000000,56.175000,580.500000,43.479450,0.774000,uniform_ota_closed_form_expectation
FS1104,1000,1.00,24,30,medium,0.0500,0.05,0.950000,15000.000000,1684.166667,13315.833333,0.887722,750.000000,84.208333,580.500000,65.177250,0.774000,uniform_ota_closed_form_expectation
FS1105,1000,1.00,24,30,high,0.2000,0.00,1.000000,15000.000000,983.333333,14016.666667,0.934444,3000.000000,196.666667,2322.000000,152.220000,0.774000,uniform_ota_closed_form_expectation
FS1106,1000,1.00,24,30,high,0.2000,0.01,0.990000,15000.000000,1123.500000,13876.500000,0.925100,3000.000000,224.700000,2322.000000,173.917800,0.774000,uniform_ota_closed_form_expectation
FS1107,1000,1.00,24,30,high,0.2000,0.05,0.950000,15000.000000,1684.166667,13315.833333,0.887722,3000.000000,336.833333,2322.000000,260.709000,0.774000,uniform_ota_closed_form_expectation
FS1108,1000,1.00,24,60,low,0.0100,0.00,1.000000,30000.000000,991.666667,29008.333333,0.966944,300.000000,9.916667,232.200000,7.675500,0.774000,uniform_ota_closed_form_expectation
FS1109,1000,1.00,24,60,low,0.0100,0.01,0.990000,30000.000000,1281.750000,28718.250000,0.957275,300.000000,12.817500,232.200000,9.920745,0.774000,uniform_ota_closed_form_expectation
FS1110,1000,1.00,24,60,low,0.0100,0.05,0.950000,30000.000000,2442.083333,27557.916667,0.918597,300.000000,24.420833,232.200000,18.901725,0.774000,uniform_ota_closed_form_expectation
FS1111,1000,1.00,24,60,medium,0.0500,0.00,1.000000,30000.000000,991.666667,29008.333333,0.966944,1500.000000,49.583333,1161.000000,38.377500,0.774000,uniform_ota_closed_form_expectation
FS1112,1000,1.00,24,60,medium,0.0500,0.01,0.990000,30000.000000,1281.750000,28718.250000,0.957275,1500.000000,64.087500,1161.000000,49.603725,0.774000,uniform_ota_closed_form_expectation
FS1113,1000,1.00,24,60,medium,0.0500,0.05,0.950000,30000.000000,2442.083333,27557.916667,0.918597,1500.000000,122.104167,1161.000000,94.508625,0.774000,uniform_ota_closed_form_expectation
FS1114,1000,1.00,24,60,high,0.2000,0.00,1.000000,30000.000000,991.666667,29008.333333,0.966944,6000.000000,198.333333,4644.000000,153.510000,0.774000,uniform_ota_closed_form_expectation
FS1115,1000,1.00,24,60,high,0.2000,0.01,0.990000,30000.000000,1281.750000,28718.250000,0.957275,6000.000000,256.350000,4644.000000,198.414900,0.774000,uniform_ota_closed_form_expectation
FS1116,1000,1.00,24,60,high,0.2000,0.05,0.950000,30000.000000,2442.083333,27557.916667,0.918597,6000.000000,488.416667,4644.000000,378.034500,0.774000,uniform_ota_closed_form_expectation
FS1117,1000,1.00,72,7,low,0.0100,0.00,1.000000,3500.000000,2357.142857,1142.857143,0.326531,35.000000,23.571429,27.090000,18.244286,0.774000,uniform_ota_closed_form_expectation
FS1118,1000,1.00,72,7,low,0.0100,0.01,0.990000,3500.000000,2368.571429,1131.428571,0.323265,35.000000,23.685714,27.090000,18.332743,0.774000,uniform_ota_closed_form_expectation
FS1119,1000,1.00,72,7,low,0.0100,0.05,0.950000,3500.000000,2414.285714,1085.714286,0.310204,35.000000,24.142857,27.090000,18.686571,0.774000,uniform_ota_closed_form_expectation
FS1120,1000,1.00,72,7,medium,0.0500,0.00,1.000000,3500.000000,2357.142857,1142.857143,0.326531,175.000000,117.857143,135.450000,91.221429,0.774000,uniform_ota_closed_form_expectation
FS1121,1000,1.00,72,7,medium,0.0500,0.01,0.990000,3500.000000,2368.571429,1131.428571,0.323265,175.000000,118.428571,135.450000,91.663714,0.774000,uniform_ota_closed_form_expectation
FS1122,1000,1.00,72,7,medium,0.0500,0.05,0.950000,3500.000000,2414.285714,1085.714286,0.310204,175.000000,120.714286,135.450000,93.432857,0.774000,uniform_ota_closed_form_expectation
FS1123,1000,1.00,72,7,high,0.2000,0.00,1.000000,3500.000000,2357.142857,1142.857143,0.326531,700.000000,471.428571,541.800000,364.885714,0.774000,uniform_ota_closed_form_expectation
FS1124,1000,1.00,72,7,high,0.2000,0.01,0.990000,3500.000000,2368.571429,1131.428571,0.323265,700.000000,473.714286,541.800000,366.654857,0.774000,uniform_ota_closed_form_expectation
FS1125,1000,1.00,72,7,high,0.2000,0.05,0.950000,3500.000000,2414.285714,1085.714286,0.310204,700.000000,482.857143,541.800000,373.731429,0.774000,uniform_ota_closed_form_expectation
FS1126,1000,1.00,72,14,low,0.0100,0.00,1.000000,7000.000000,2678.571429,4321.428571,0.617347,70.000000,26.785714,54.180000,20.732143,0.774000,uniform_ota_closed_form_expectation
FS1127,1000,1.00,72,14,low,0.0100,0.01,0.990000,7000.000000,2721.785714,4278.214286,0.611173,70.000000,27.217857,54.180000,21.066621,0.774000,uniform_ota_closed_form_expectation
FS1128,1000,1.00,72,14,low,0.0100,0.05,0.950000,7000.000000,2894.642857,4105.357143,0.586480,70.000000,28.946429,54.180000,22.404536,0.774000,uniform_ota_closed_form_expectation
FS1129,1000,1.00,72,14,medium,0.0500,0.00,1.000000,7000.000000,2678.571429,4321.428571,0.617347,350.000000,133.928571,270.900000,103.660714,0.774000,uniform_ota_closed_form_expectation
FS1130,1000,1.00,72,14,medium,0.0500,0.01,0.990000,7000.000000,2721.785714,4278.214286,0.611173,350.000000,136.089286,270.900000,105.333107,0.774000,uniform_ota_closed_form_expectation
FS1131,1000,1.00,72,14,medium,0.0500,0.05,0.950000,7000.000000,2894.642857,4105.357143,0.586480,350.000000,144.732143,270.900000,112.022679,0.774000,uniform_ota_closed_form_expectation
FS1132,1000,1.00,72,14,high,0.2000,0.00,1.000000,7000.000000,2678.571429,4321.428571,0.617347,1400.000000,535.714286,1083.600000,414.642857,0.774000,uniform_ota_closed_form_expectation
FS1133,1000,1.00,72,14,high,0.2000,0.01,0.990000,7000.000000,2721.785714,4278.214286,0.611173,1400.000000,544.357143,1083.600000,421.332429,0.774000,uniform_ota_closed_form_expectation
FS1134,1000,1.00,72,14,high,0.2000,0.05,0.950000,7000.000000,2894.642857,4105.357143,0.586480,1400.000000,578.928571,1083.600000,448.090714,0.774000,uniform_ota_closed_form_expectation
FS1135,1000,1.00,72,30,low,0.0100,0.00,1.000000,15000.000000,2850.000000,12150.000000,0.810000,150.000000,28.500000,116.100000,22.059000,0.774000,uniform_ota_closed_form_expectation
FS1136,1000,1.00,72,30,low,0.0100,0.01,0.990000,15000.000000,2971.500000,12028.500000,0.801900,150.000000,29.715000,116.100000,22.999410,0.774000,uniform_ota_closed_form_expectation
FS1137,1000,1.00,72,30,low,0.0100,0.05,0.950000,15000.000000,3457.500000,11542.500000,0.769500,150.000000,34.575000,116.100000,26.761050,0.774000,uniform_ota_closed_form_expectation
FS1138,1000,1.00,72,30,medium,0.0500,0.00,1.000000,15000.000000,2850.000000,12150.000000,0.810000,750.000000,142.500000,580.500000,110.295000,0.774000,uniform_ota_closed_form_expectation
FS1139,1000,1.00,72,30,medium,0.0500,0.01,0.990000,15000.000000,2971.500000,12028.500000,0.801900,750.000000,148.575000,580.500000,114.997050,0.774000,uniform_ota_closed_form_expectation
FS1140,1000,1.00,72,30,medium,0.0500,0.05,0.950000,15000.000000,3457.500000,11542.500000,0.769500,750.000000,172.875000,580.500000,133.805250,0.774000,uniform_ota_closed_form_expectation
FS1141,1000,1.00,72,30,high,0.2000,0.00,1.000000,15000.000000,2850.000000,12150.000000,0.810000,3000.000000,570.000000,2322.000000,441.180000,0.774000,uniform_ota_closed_form_expectation
FS1142,1000,1.00,72,30,high,0.2000,0.01,0.990000,15000.000000,2971.500000,12028.500000,0.801900,3000.000000,594.300000,2322.000000,459.988200,0.774000,uniform_ota_closed_form_expectation
FS1143,1000,1.00,72,30,high,0.2000,0.05,0.950000,15000.000000,3457.500000,11542.500000,0.769500,3000.000000,691.500000,2322.000000,535.221000,0.774000,uniform_ota_closed_form_expectation
FS1144,1000,1.00,72,60,low,0.0100,0.00,1.000000,30000.000000,2925.000000,27075.000000,0.902500,300.000000,29.250000,232.200000,22.639500,0.774000,uniform_ota_closed_form_expectation
FS1145,1000,1.00,72,60,low,0.0100,0.01,0.990000,30000.000000,3195.750000,26804.250000,0.893475,300.000000,31.957500,232.200000,24.735105,0.774000,uniform_ota_closed_form_expectation
FS1146,1000,1.00,72,60,low,0.0100,0.05,0.950000,30000.000000,4278.750000,25721.250000,0.857375,300.000000,42.787500,232.200000,33.117525,0.774000,uniform_ota_closed_form_expectation
FS1147,1000,1.00,72,60,medium,0.0500,0.00,1.000000,30000.000000,2925.000000,27075.000000,0.902500,1500.000000,146.250000,1161.000000,113.197500,0.774000,uniform_ota_closed_form_expectation
FS1148,1000,1.00,72,60,medium,0.0500,0.01,0.990000,30000.000000,3195.750000,26804.250000,0.893475,1500.000000,159.787500,1161.000000,123.675525,0.774000,uniform_ota_closed_form_expectation
FS1149,1000,1.00,72,60,medium,0.0500,0.05,0.950000,30000.000000,4278.750000,25721.250000,0.857375,1500.000000,213.937500,1161.000000,165.587625,0.774000,uniform_ota_closed_form_expectation
FS1150,1000,1.00,72,60,high,0.2000,0.00,1.000000,30000.000000,2925.000000,27075.000000,0.902500,6000.000000,585.000000,4644.000000,452.790000,0.774000,uniform_ota_closed_form_expectation
FS1151,1000,1.00,72,60,high,0.2000,0.01,0.990000,30000.000000,3195.750000,26804.250000,0.893475,6000.000000,639.150000,4644.000000,494.702100,0.774000,uniform_ota_closed_form_expectation
FS1152,1000,1.00,72,60,high,0.2000,0.05,0.950000,30000.000000,4278.750000,25721.250000,0.857375,6000.000000,855.750000,4644.000000,662.350500,0.774000,uniform_ota_closed_form_expectation
FS1153,10000,0.70,1,7,low,0.0100,0.00,0.700000,35000.000000,10790.798611,24209.201389,0.691691,350.000000,107.907986,270.900000,83.520781,0.774000,uniform_ota_closed_form_expectation
FS1154,10000,0.70,1,7,low,0.0100,0.01,0.693000,35000.000000,11032.890625,23967.109375,0.684775,350.000000,110.328906,270.900000,85.394573,0.774000,uniform_ota_closed_form_expectation
FS1155,10000,0.70,1,7,low,0.0100,0.05,0.665000,35000.000000,12001.258681,22998.741319,0.657107,350.000000,120.012587,270.900000,92.889742,0.774000,uniform_ota_closed_form_expectation
FS1156,10000,0.70,1,7,medium,0.0500,0.00,0.700000,35000.000000,10790.798611,24209.201389,0.691691,1750.000000,539.539931,1354.500000,417.603906,0.774000,uniform_ota_closed_form_expectation
FS1157,10000,0.70,1,7,medium,0.0500,0.01,0.693000,35000.000000,11032.890625,23967.109375,0.684775,1750.000000,551.644531,1354.500000,426.972867,0.774000,uniform_ota_closed_form_expectation
FS1158,10000,0.70,1,7,medium,0.0500,0.05,0.665000,35000.000000,12001.258681,22998.741319,0.657107,1750.000000,600.062934,1354.500000,464.448711,0.774000,uniform_ota_closed_form_expectation
FS1159,10000,0.70,1,7,high,0.2000,0.00,0.700000,35000.000000,10790.798611,24209.201389,0.691691,7000.000000,2158.159722,5418.000000,1670.415625,0.774000,uniform_ota_closed_form_expectation
FS1160,10000,0.70,1,7,high,0.2000,0.01,0.693000,35000.000000,11032.890625,23967.109375,0.684775,7000.000000,2206.578125,5418.000000,1707.891469,0.774000,uniform_ota_closed_form_expectation
FS1161,10000,0.70,1,7,high,0.2000,0.05,0.665000,35000.000000,12001.258681,22998.741319,0.657107,7000.000000,2400.251736,5418.000000,1857.794844,0.774000,uniform_ota_closed_form_expectation
FS1162,10000,0.70,1,14,low,0.0100,0.00,0.700000,70000.000000,21291.232639,48708.767361,0.695840,700.000000,212.912326,541.800000,164.794141,0.774000,uniform_ota_closed_form_expectation
FS1163,10000,0.70,1,14,low,0.0100,0.01,0.693000,70000.000000,21778.320313,48221.679688,0.688881,700.000000,217.783203,541.800000,168.564199,0.774000,uniform_ota_closed_form_expectation
FS1164,10000,0.70,1,14,low,0.0100,0.05,0.665000,70000.000000,23726.671007,46273.328993,0.661048,700.000000,237.266710,541.800000,183.644434,0.774000,uniform_ota_closed_form_expectation
FS1165,10000,0.70,1,14,medium,0.0500,0.00,0.700000,70000.000000,21291.232639,48708.767361,0.695840,3500.000000,1064.561632,2709.000000,823.970703,0.774000,uniform_ota_closed_form_expectation
FS1166,10000,0.70,1,14,medium,0.0500,0.01,0.693000,70000.000000,21778.320313,48221.679688,0.688881,3500.000000,1088.916016,2709.000000,842.820996,0.774000,uniform_ota_closed_form_expectation
FS1167,10000,0.70,1,14,medium,0.0500,0.05,0.665000,70000.000000,23726.671007,46273.328993,0.661048,3500.000000,1186.333550,2709.000000,918.222168,0.774000,uniform_ota_closed_form_expectation
FS1168,10000,0.70,1,14,high,0.2000,0.00,0.700000,70000.000000,21291.232639,48708.767361,0.695840,14000.000000,4258.246528,10836.000000,3295.882813,0.774000,uniform_ota_closed_form_expectation
FS1169,10000,0.70,1,14,high,0.2000,0.01,0.693000,70000.000000,21778.320313,48221.679688,0.688881,14000.000000,4355.664063,10836.000000,3371.283984,0.774000,uniform_ota_closed_form_expectation
FS1170,10000,0.70,1,14,high,0.2000,0.05,0.665000,70000.000000,23726.671007,46273.328993,0.661048,14000.000000,4745.334201,10836.000000,3672.888672,0.774000,uniform_ota_closed_form_expectation
FS1171,10000,0.70,1,30,low,0.0100,0.00,0.700000,150000.000000,45291.464120,104708.535880,0.698057,1500.000000,452.914641,1161.000000,350.555932,0.774000,uniform_ota_closed_form_expectation
FS1172,10000,0.70,1,30,low,0.0100,0.01,0.693000,150000.000000,46338.549479,103661.450521,0.691076,1500.000000,463.385495,1161.000000,358.660373,0.774000,uniform_ota_closed_form_expectation
FS1173,10000,0.70,1,30,low,0.0100,0.05,0.665000,150000.000000,50526.890914,99473.109086,0.663154,1500.000000,505.268909,1161.000000,391.078136,0.774000,uniform_ota_closed_form_expectation
FS1174,10000,0.70,1,30,medium,0.0500,0.00,0.700000,150000.000000,45291.464120,104708.535880,0.698057,7500.000000,2264.573206,5805.000000,1752.779661,0.774000,uniform_ota_closed_form_expectation
FS1175,10000,0.70,1,30,medium,0.0500,0.01,0.693000,150000.000000,46338.549479,103661.450521,0.691076,7500.000000,2316.927474,5805.000000,1793.301865,0.774000,uniform_ota_closed_form_expectation
FS1176,10000,0.70,1,30,medium,0.0500,0.05,0.665000,150000.000000,50526.890914,99473.109086,0.663154,7500.000000,2526.344546,5805.000000,1955.390678,0.774000,uniform_ota_closed_form_expectation
FS1177,10000,0.70,1,30,high,0.2000,0.00,0.700000,150000.000000,45291.464120,104708.535880,0.698057,30000.000000,9058.292824,23220.000000,7011.118646,0.774000,uniform_ota_closed_form_expectation
FS1178,10000,0.70,1,30,high,0.2000,0.01,0.693000,150000.000000,46338.549479,103661.450521,0.691076,30000.000000,9267.709896,23220.000000,7173.207459,0.774000,uniform_ota_closed_form_expectation
FS1179,10000,0.70,1,30,high,0.2000,0.05,0.665000,150000.000000,50526.890914,99473.109086,0.663154,30000.000000,10105.378183,23220.000000,7821.562714,0.774000,uniform_ota_closed_form_expectation
FS1180,10000,0.70,1,60,low,0.0100,0.00,0.700000,300000.000000,90291.565394,209708.434606,0.699028,3000.000000,902.915654,2322.000000,698.856716,0.774000,uniform_ota_closed_form_expectation
FS1181,10000,0.70,1,60,low,0.0100,0.01,0.693000,300000.000000,92388.649740,207611.350260,0.692038,3000.000000,923.886497,2322.000000,715.088149,0.774000,uniform_ota_closed_form_expectation
FS1182,10000,0.70,1,60,low,0.0100,0.05,0.665000,300000.000000,100776.987124,199223.012876,0.664077,3000.000000,1007.769871,2322.000000,780.013880,0.774000,uniform_ota_closed_form_expectation
FS1183,10000,0.70,1,60,medium,0.0500,0.00,0.700000,300000.000000,90291.565394,209708.434606,0.699028,15000.000000,4514.578270,11610.000000,3494.283581,0.774000,uniform_ota_closed_form_expectation
FS1184,10000,0.70,1,60,medium,0.0500,0.01,0.693000,300000.000000,92388.649740,207611.350260,0.692038,15000.000000,4619.432487,11610.000000,3575.440745,0.774000,uniform_ota_closed_form_expectation
FS1185,10000,0.70,1,60,medium,0.0500,0.05,0.665000,300000.000000,100776.987124,199223.012876,0.664077,15000.000000,5038.849356,11610.000000,3900.069402,0.774000,uniform_ota_closed_form_expectation
FS1186,10000,0.70,1,60,high,0.2000,0.00,0.700000,300000.000000,90291.565394,209708.434606,0.699028,60000.000000,18058.313079,46440.000000,13977.134323,0.774000,uniform_ota_closed_form_expectation
FS1187,10000,0.70,1,60,high,0.2000,0.01,0.693000,300000.000000,92388.649740,207611.350260,0.692038,60000.000000,18477.729948,46440.000000,14301.762980,0.774000,uniform_ota_closed_form_expectation
FS1188,10000,0.70,1,60,high,0.2000,0.05,0.665000,300000.000000,100776.987124,199223.012876,0.664077,60000.000000,20155.397425,46440.000000,15600.277607,0.774000,uniform_ota_closed_form_expectation
FS1189,10000,0.70,6,7,low,0.0100,0.00,0.700000,35000.000000,12218.750000,22781.250000,0.650893,350.000000,122.187500,270.900000,94.573125,0.774000,uniform_ota_closed_form_expectation
FS1190,10000,0.70,6,7,low,0.0100,0.01,0.693000,35000.000000,12446.562500,22553.437500,0.644384,350.000000,124.465625,270.900000,96.336394,0.774000,uniform_ota_closed_form_expectation
FS1191,10000,0.70,6,7,low,0.0100,0.05,0.665000,35000.000000,13357.812500,21642.187500,0.618348,350.000000,133.578125,270.900000,103.389469,0.774000,uniform_ota_closed_form_expectation
FS1192,10000,0.70,6,7,medium,0.0500,0.00,0.700000,35000.000000,12218.750000,22781.250000,0.650893,1750.000000,610.937500,1354.500000,472.865625,0.774000,uniform_ota_closed_form_expectation
FS1193,10000,0.70,6,7,medium,0.0500,0.01,0.693000,35000.000000,12446.562500,22553.437500,0.644384,1750.000000,622.328125,1354.500000,481.681969,0.774000,uniform_ota_closed_form_expectation
FS1194,10000,0.70,6,7,medium,0.0500,0.05,0.665000,35000.000000,13357.812500,21642.187500,0.618348,1750.000000,667.890625,1354.500000,516.947344,0.774000,uniform_ota_closed_form_expectation
FS1195,10000,0.70,6,7,high,0.2000,0.00,0.700000,35000.000000,12218.750000,22781.250000,0.650893,7000.000000,2443.750000,5418.000000,1891.462500,0.774000,uniform_ota_closed_form_expectation
FS1196,10000,0.70,6,7,high,0.2000,0.01,0.693000,35000.000000,12446.562500,22553.437500,0.644384,7000.000000,2489.312500,5418.000000,1926.727875,0.774000,uniform_ota_closed_form_expectation
FS1197,10000,0.70,6,7,high,0.2000,0.05,0.665000,35000.000000,13357.812500,21642.187500,0.618348,7000.000000,2671.562500,5418.000000,2067.789375,0.774000,uniform_ota_closed_form_expectation
FS1198,10000,0.70,6,14,low,0.0100,0.00,0.700000,70000.000000,22734.375000,47265.625000,0.675223,700.000000,227.343750,541.800000,175.964063,0.774000,uniform_ota_closed_form_expectation
FS1199,10000,0.70,6,14,low,0.0100,0.01,0.693000,70000.000000,23207.031250,46792.968750,0.668471,700.000000,232.070313,541.800000,179.622422,0.774000,uniform_ota_closed_form_expectation
FS1200,10000,0.70,6,14,low,0.0100,0.05,0.665000,70000.000000,25097.656250,44902.343750,0.641462,700.000000,250.976563,541.800000,194.255859,0.774000,uniform_ota_closed_form_expectation
FS1201,10000,0.70,6,14,medium,0.0500,0.00,0.700000,70000.000000,22734.375000,47265.625000,0.675223,3500.000000,1136.718750,2709.000000,879.820313,0.774000,uniform_ota_closed_form_expectation
FS1202,10000,0.70,6,14,medium,0.0500,0.01,0.693000,70000.000000,23207.031250,46792.968750,0.668471,3500.000000,1160.351563,2709.000000,898.112109,0.774000,uniform_ota_closed_form_expectation
FS1203,10000,0.70,6,14,medium,0.0500,0.05,0.665000,70000.000000,25097.656250,44902.343750,0.641462,3500.000000,1254.882813,2709.000000,971.279297,0.774000,uniform_ota_closed_form_expectation
FS1204,10000,0.70,6,14,high,0.2000,0.00,0.700000,70000.000000,22734.375000,47265.625000,0.675223,14000.000000,4546.875000,10836.000000,3519.281250,0.774000,uniform_ota_closed_form_expectation
FS1205,10000,0.70,6,14,high,0.2000,0.01,0.693000,70000.000000,23207.031250,46792.968750,0.668471,14000.000000,4641.406250,10836.000000,3592.448438,0.774000,uniform_ota_closed_form_expectation
FS1206,10000,0.70,6,14,high,0.2000,0.05,0.665000,70000.000000,25097.656250,44902.343750,0.641462,14000.000000,5019.531250,10836.000000,3885.117188,0.774000,uniform_ota_closed_form_expectation
FS1207,10000,0.70,6,30,low,0.0100,0.00,0.700000,150000.000000,46742.708333,103257.291667,0.688382,1500.000000,467.427083,1161.000000,361.788563,0.774000,uniform_ota_closed_form_expectation
FS1208,10000,0.70,6,30,low,0.0100,0.01,0.693000,150000.000000,47775.281250,102224.718750,0.681498,1500.000000,477.752813,1161.000000,369.780677,0.774000,uniform_ota_closed_form_expectation
FS1209,10000,0.70,6,30,low,0.0100,0.05,0.665000,150000.000000,51905.572917,98094.427083,0.653963,1500.000000,519.055729,1161.000000,401.749134,0.774000,uniform_ota_closed_form_expectation
FS1210,10000,0.70,6,30,medium,0.0500,0.00,0.700000,150000.000000,46742.708333,103257.291667,0.688382,7500.000000,2337.135417,5805.000000,1808.942813,0.774000,uniform_ota_closed_form_expectation
FS1211,10000,0.70,6,30,medium,0.0500,0.01,0.693000,150000.000000,47775.281250,102224.718750,0.681498,7500.000000,2388.764063,5805.000000,1848.903384,0.774000,uniform_ota_closed_form_expectation
FS1212,10000,0.70,6,30,medium,0.0500,0.05,0.665000,150000.000000,51905.572917,98094.427083,0.653963,7500.000000,2595.278646,5805.000000,2008.745672,0.774000,uniform_ota_closed_form_expectation
FS1213,10000,0.70,6,30,high,0.2000,0.00,0.700000,150000.000000,46742.708333,103257.291667,0.688382,30000.000000,9348.541667,23220.000000,7235.771250,0.774000,uniform_ota_closed_form_expectation
FS1214,10000,0.70,6,30,high,0.2000,0.01,0.693000,150000.000000,47775.281250,102224.718750,0.681498,30000.000000,9555.056250,23220.000000,7395.613538,0.774000,uniform_ota_closed_form_expectation
FS1215,10000,0.70,6,30,high,0.2000,0.05,0.665000,150000.000000,51905.572917,98094.427083,0.653963,30000.000000,10381.114583,23220.000000,8034.982688,0.774000,uniform_ota_closed_form_expectation
FS1216,10000,0.70,6,60,low,0.0100,0.00,0.700000,300000.000000,91746.354167,208253.645833,0.694179,3000.000000,917.463542,2322.000000,710.116781,0.774000,uniform_ota_closed_form_expectation
FS1217,10000,0.70,6,60,low,0.0100,0.01,0.693000,300000.000000,93828.890625,206171.109375,0.687237,3000.000000,938.288906,2322.000000,726.235613,0.774000,uniform_ota_closed_form_expectation
FS1218,10000,0.70,6,60,low,0.0100,0.05,0.665000,300000.000000,102159.036458,197840.963542,0.659470,3000.000000,1021.590365,2322.000000,790.710942,0.774000,uniform_ota_closed_form_expectation
FS1219,10000,0.70,6,60,medium,0.0500,0.00,0.700000,300000.000000,91746.354167,208253.645833,0.694179,15000.000000,4587.317708,11610.000000,3550.583906,0.774000,uniform_ota_closed_form_expectation
FS1220,10000,0.70,6,60,medium,0.0500,0.01,0.693000,300000.000000,93828.890625,206171.109375,0.687237,15000.000000,4691.444531,11610.000000,3631.178067,0.774000,uniform_ota_closed_form_expectation
FS1221,10000,0.70,6,60,medium,0.0500,0.05,0.665000,300000.000000,102159.036458,197840.963542,0.659470,15000.000000,5107.951823,11610.000000,3953.554711,0.774000,uniform_ota_closed_form_expectation
FS1222,10000,0.70,6,60,high,0.2000,0.00,0.700000,300000.000000,91746.354167,208253.645833,0.694179,60000.000000,18349.270833,46440.000000,14202.335625,0.774000,uniform_ota_closed_form_expectation
FS1223,10000,0.70,6,60,high,0.2000,0.01,0.693000,300000.000000,93828.890625,206171.109375,0.687237,60000.000000,18765.778125,46440.000000,14524.712269,0.774000,uniform_ota_closed_form_expectation
FS1224,10000,0.70,6,60,high,0.2000,0.05,0.665000,300000.000000,102159.036458,197840.963542,0.659470,60000.000000,20431.807292,46440.000000,15814.218844,0.774000,uniform_ota_closed_form_expectation
FS1225,10000,0.70,24,7,low,0.0100,0.00,0.700000,35000.000000,17000.000000,18000.000000,0.514286,350.000000,170.000000,270.900000,131.580000,0.774000,uniform_ota_closed_form_expectation
FS1226,10000,0.70,24,7,low,0.0100,0.01,0.693000,35000.000000,17180.000000,17820.000000,0.509143,350.000000,171.800000,270.900000,132.973200,0.774000,uniform_ota_closed_form_expectation
FS1227,10000,0.70,24,7,low,0.0100,0.05,0.665000,35000.000000,17900.000000,17100.000000,0.488571,350.000000,179.000000,270.900000,138.546000,0.774000,uniform_ota_closed_form_expectation
FS1228,10000,0.70,24,7,medium,0.0500,0.00,0.700000,35000.000000,17000.000000,18000.000000,0.514286,1750.000000,850.000000,1354.500000,657.900000,0.774000,uniform_ota_closed_form_expectation
FS1229,10000,0.70,24,7,medium,0.0500,0.01,0.693000,35000.000000,17180.000000,17820.000000,0.509143,1750.000000,859.000000,1354.500000,664.866000,0.774000,uniform_ota_closed_form_expectation
FS1230,10000,0.70,24,7,medium,0.0500,0.05,0.665000,35000.000000,17900.000000,17100.000000,0.488571,1750.000000,895.000000,1354.500000,692.730000,0.774000,uniform_ota_closed_form_expectation
FS1231,10000,0.70,24,7,high,0.2000,0.00,0.700000,35000.000000,17000.000000,18000.000000,0.514286,7000.000000,3400.000000,5418.000000,2631.600000,0.774000,uniform_ota_closed_form_expectation
FS1232,10000,0.70,24,7,high,0.2000,0.01,0.693000,35000.000000,17180.000000,17820.000000,0.509143,7000.000000,3436.000000,5418.000000,2659.464000,0.774000,uniform_ota_closed_form_expectation
FS1233,10000,0.70,24,7,high,0.2000,0.05,0.665000,35000.000000,17900.000000,17100.000000,0.488571,7000.000000,3580.000000,5418.000000,2770.920000,0.774000,uniform_ota_closed_form_expectation
FS1234,10000,0.70,24,14,low,0.0100,0.00,0.700000,70000.000000,27750.000000,42250.000000,0.603571,700.000000,277.500000,541.800000,214.785000,0.774000,uniform_ota_closed_form_expectation
FS1235,10000,0.70,24,14,low,0.0100,0.01,0.693000,70000.000000,28172.500000,41827.500000,0.597536,700.000000,281.725000,541.800000,218.055150,0.774000,uniform_ota_closed_form_expectation
FS1236,10000,0.70,24,14,low,0.0100,0.05,0.665000,70000.000000,29862.500000,40137.500000,0.573393,700.000000,298.625000,541.800000,231.135750,0.774000,uniform_ota_closed_form_expectation
FS1237,10000,0.70,24,14,medium,0.0500,0.00,0.700000,70000.000000,27750.000000,42250.000000,0.603571,3500.000000,1387.500000,2709.000000,1073.925000,0.774000,uniform_ota_closed_form_expectation
FS1238,10000,0.70,24,14,medium,0.0500,0.01,0.693000,70000.000000,28172.500000,41827.500000,0.597536,3500.000000,1408.625000,2709.000000,1090.275750,0.774000,uniform_ota_closed_form_expectation
FS1239,10000,0.70,24,14,medium,0.0500,0.05,0.665000,70000.000000,29862.500000,40137.500000,0.573393,3500.000000,1493.125000,2709.000000,1155.678750,0.774000,uniform_ota_closed_form_expectation
FS1240,10000,0.70,24,14,high,0.2000,0.00,0.700000,70000.000000,27750.000000,42250.000000,0.603571,14000.000000,5550.000000,10836.000000,4295.700000,0.774000,uniform_ota_closed_form_expectation
FS1241,10000,0.70,24,14,high,0.2000,0.01,0.693000,70000.000000,28172.500000,41827.500000,0.597536,14000.000000,5634.500000,10836.000000,4361.103000,0.774000,uniform_ota_closed_form_expectation
FS1242,10000,0.70,24,14,high,0.2000,0.05,0.665000,70000.000000,29862.500000,40137.500000,0.573393,14000.000000,5972.500000,10836.000000,4622.715000,0.774000,uniform_ota_closed_form_expectation
FS1243,10000,0.70,24,30,low,0.0100,0.00,0.700000,150000.000000,51883.333333,98116.666667,0.654111,1500.000000,518.833333,1161.000000,401.577000,0.774000,uniform_ota_closed_form_expectation
FS1244,10000,0.70,24,30,low,0.0100,0.01,0.693000,150000.000000,52864.500000,97135.500000,0.647570,1500.000000,528.645000,1161.000000,409.171230,0.774000,uniform_ota_closed_form_expectation
FS1245,10000,0.70,24,30,low,0.0100,0.05,0.665000,150000.000000,56789.166667,93210.833333,0.621406,1500.000000,567.891667,1161.000000,439.548150,0.774000,uniform_ota_closed_form_expectation
FS1246,10000,0.70,24,30,medium,0.0500,0.00,0.700000,150000.000000,51883.333333,98116.666667,0.654111,7500.000000,2594.166667,5805.000000,2007.885000,0.774000,uniform_ota_closed_form_expectation
FS1247,10000,0.70,24,30,medium,0.0500,0.01,0.693000,150000.000000,52864.500000,97135.500000,0.647570,7500.000000,2643.225000,5805.000000,2045.856150,0.774000,uniform_ota_closed_form_expectation
FS1248,10000,0.70,24,30,medium,0.0500,0.05,0.665000,150000.000000,56789.166667,93210.833333,0.621406,7500.000000,2839.458333,5805.000000,2197.740750,0.774000,uniform_ota_closed_form_expectation
FS1249,10000,0.70,24,30,high,0.2000,0.00,0.700000,150000.000000,51883.333333,98116.666667,0.654111,30000.000000,10376.666667,23220.000000,8031.540000,0.774000,uniform_ota_closed_form_expectation
FS1250,10000,0.70,24,30,high,0.2000,0.01,0.693000,150000.000000,52864.500000,97135.500000,0.647570,30000.000000,10572.900000,23220.000000,8183.424600,0.774000,uniform_ota_closed_form_expectation
FS1251,10000,0.70,24,30,high,0.2000,0.05,0.665000,150000.000000,56789.166667,93210.833333,0.621406,30000.000000,11357.833333,23220.000000,8790.963000,0.774000,uniform_ota_closed_form_expectation
FS1252,10000,0.70,24,60,low,0.0100,0.00,0.700000,300000.000000,96941.666667,203058.333333,0.676861,3000.000000,969.416667,2322.000000,750.328500,0.774000,uniform_ota_closed_form_expectation
FS1253,10000,0.70,24,60,low,0.0100,0.01,0.693000,300000.000000,98972.250000,201027.750000,0.670092,3000.000000,989.722500,2322.000000,766.045215,0.774000,uniform_ota_closed_form_expectation
FS1254,10000,0.70,24,60,low,0.0100,0.05,0.665000,300000.000000,107094.583333,192905.416667,0.643018,3000.000000,1070.945833,2322.000000,828.912075,0.774000,uniform_ota_closed_form_expectation
FS1255,10000,0.70,24,60,medium,0.0500,0.00,0.700000,300000.000000,96941.666667,203058.333333,0.676861,15000.000000,4847.083333,11610.000000,3751.642500,0.774000,uniform_ota_closed_form_expectation
FS1256,10000,0.70,24,60,medium,0.0500,0.01,0.693000,300000.000000,98972.250000,201027.750000,0.670092,15000.000000,4948.612500,11610.000000,3830.226075,0.774000,uniform_ota_closed_form_expectation
FS1257,10000,0.70,24,60,medium,0.0500,0.05,0.665000,300000.000000,107094.583333,192905.416667,0.643018,15000.000000,5354.729167,11610.000000,4144.560375,0.774000,uniform_ota_closed_form_expectation
FS1258,10000,0.70,24,60,high,0.2000,0.00,0.700000,300000.000000,96941.666667,203058.333333,0.676861,60000.000000,19388.333333,46440.000000,15006.570000,0.774000,uniform_ota_closed_form_expectation
FS1259,10000,0.70,24,60,high,0.2000,0.01,0.693000,300000.000000,98972.250000,201027.750000,0.670092,60000.000000,19794.450000,46440.000000,15320.904300,0.774000,uniform_ota_closed_form_expectation
FS1260,10000,0.70,24,60,high,0.2000,0.05,0.665000,300000.000000,107094.583333,192905.416667,0.643018,60000.000000,21418.916667,46440.000000,16578.241500,0.774000,uniform_ota_closed_form_expectation
FS1261,10000,0.70,72,7,low,0.0100,0.00,0.700000,35000.000000,27000.000000,8000.000000,0.228571,350.000000,270.000000,270.900000,208.980000,0.774000,uniform_ota_closed_form_expectation
FS1262,10000,0.70,72,7,low,0.0100,0.01,0.693000,35000.000000,27080.000000,7920.000000,0.226286,350.000000,270.800000,270.900000,209.599200,0.774000,uniform_ota_closed_form_expectation
FS1263,10000,0.70,72,7,low,0.0100,0.05,0.665000,35000.000000,27400.000000,7600.000000,0.217143,350.000000,274.000000,270.900000,212.076000,0.774000,uniform_ota_closed_form_expectation
FS1264,10000,0.70,72,7,medium,0.0500,0.00,0.700000,35000.000000,27000.000000,8000.000000,0.228571,1750.000000,1350.000000,1354.500000,1044.900000,0.774000,uniform_ota_closed_form_expectation
FS1265,10000,0.70,72,7,medium,0.0500,0.01,0.693000,35000.000000,27080.000000,7920.000000,0.226286,1750.000000,1354.000000,1354.500000,1047.996000,0.774000,uniform_ota_closed_form_expectation
FS1266,10000,0.70,72,7,medium,0.0500,0.05,0.665000,35000.000000,27400.000000,7600.000000,0.217143,1750.000000,1370.000000,1354.500000,1060.380000,0.774000,uniform_ota_closed_form_expectation
FS1267,10000,0.70,72,7,high,0.2000,0.00,0.700000,35000.000000,27000.000000,8000.000000,0.228571,7000.000000,5400.000000,5418.000000,4179.600000,0.774000,uniform_ota_closed_form_expectation
FS1268,10000,0.70,72,7,high,0.2000,0.01,0.693000,35000.000000,27080.000000,7920.000000,0.226286,7000.000000,5416.000000,5418.000000,4191.984000,0.774000,uniform_ota_closed_form_expectation
FS1269,10000,0.70,72,7,high,0.2000,0.05,0.665000,35000.000000,27400.000000,7600.000000,0.217143,7000.000000,5480.000000,5418.000000,4241.520000,0.774000,uniform_ota_closed_form_expectation
FS1270,10000,0.70,72,14,low,0.0100,0.00,0.700000,70000.000000,39750.000000,30250.000000,0.432143,700.000000,397.500000,541.800000,307.665000,0.774000,uniform_ota_closed_form_expectation
FS1271,10000,0.70,72,14,low,0.0100,0.01,0.693000,70000.000000,40052.500000,29947.500000,0.427821,700.000000,400.525000,541.800000,310.006350,0.774000,uniform_ota_closed_form_expectation
FS1272,10000,0.70,72,14,low,0.0100,0.05,0.665000,70000.000000,41262.500000,28737.500000,0.410536,700.000000,412.625000,541.800000,319.371750,0.774000,uniform_ota_closed_form_expectation
FS1273,10000,0.70,72,14,medium,0.0500,0.00,0.700000,70000.000000,39750.000000,30250.000000,0.432143,3500.000000,1987.500000,2709.000000,1538.325000,0.774000,uniform_ota_closed_form_expectation
FS1274,10000,0.70,72,14,medium,0.0500,0.01,0.693000,70000.000000,40052.500000,29947.500000,0.427821,3500.000000,2002.625000,2709.000000,1550.031750,0.774000,uniform_ota_closed_form_expectation
FS1275,10000,0.70,72,14,medium,0.0500,0.05,0.665000,70000.000000,41262.500000,28737.500000,0.410536,3500.000000,2063.125000,2709.000000,1596.858750,0.774000,uniform_ota_closed_form_expectation
FS1276,10000,0.70,72,14,high,0.2000,0.00,0.700000,70000.000000,39750.000000,30250.000000,0.432143,14000.000000,7950.000000,10836.000000,6153.300000,0.774000,uniform_ota_closed_form_expectation
FS1277,10000,0.70,72,14,high,0.2000,0.01,0.693000,70000.000000,40052.500000,29947.500000,0.427821,14000.000000,8010.500000,10836.000000,6200.127000,0.774000,uniform_ota_closed_form_expectation
FS1278,10000,0.70,72,14,high,0.2000,0.05,0.665000,70000.000000,41262.500000,28737.500000,0.410536,14000.000000,8252.500000,10836.000000,6387.435000,0.774000,uniform_ota_closed_form_expectation
FS1279,10000,0.70,72,30,low,0.0100,0.00,0.700000,150000.000000,64950.000000,85050.000000,0.567000,1500.000000,649.500000,1161.000000,502.713000,0.774000,uniform_ota_closed_form_expectation
FS1280,10000,0.70,72,30,low,0.0100,0.01,0.693000,150000.000000,65800.500000,84199.500000,0.561330,1500.000000,658.005000,1161.000000,509.295870,0.774000,uniform_ota_closed_form_expectation
FS1281,10000,0.70,72,30,low,0.0100,0.05,0.665000,150000.000000,69202.500000,80797.500000,0.538650,1500.000000,692.025000,1161.000000,535.627350,0.774000,uniform_ota_closed_form_expectation
FS1282,10000,0.70,72,30,medium,0.0500,0.00,0.700000,150000.000000,64950.000000,85050.000000,0.567000,7500.000000,3247.500000,5805.000000,2513.565000,0.774000,uniform_ota_closed_form_expectation
FS1283,10000,0.70,72,30,medium,0.0500,0.01,0.693000,150000.000000,65800.500000,84199.500000,0.561330,7500.000000,3290.025000,5805.000000,2546.479350,0.774000,uniform_ota_closed_form_expectation
FS1284,10000,0.70,72,30,medium,0.0500,0.05,0.665000,150000.000000,69202.500000,80797.500000,0.538650,7500.000000,3460.125000,5805.000000,2678.136750,0.774000,uniform_ota_closed_form_expectation
FS1285,10000,0.70,72,30,high,0.2000,0.00,0.700000,150000.000000,64950.000000,85050.000000,0.567000,30000.000000,12990.000000,23220.000000,10054.260000,0.774000,uniform_ota_closed_form_expectation
FS1286,10000,0.70,72,30,high,0.2000,0.01,0.693000,150000.000000,65800.500000,84199.500000,0.561330,30000.000000,13160.100000,23220.000000,10185.917400,0.774000,uniform_ota_closed_form_expectation
FS1287,10000,0.70,72,30,high,0.2000,0.05,0.665000,150000.000000,69202.500000,80797.500000,0.538650,30000.000000,13840.500000,23220.000000,10712.547000,0.774000,uniform_ota_closed_form_expectation
FS1288,10000,0.70,72,60,low,0.0100,0.00,0.700000,300000.000000,110475.000000,189525.000000,0.631750,3000.000000,1104.750000,2322.000000,855.076500,0.774000,uniform_ota_closed_form_expectation
FS1289,10000,0.70,72,60,low,0.0100,0.01,0.693000,300000.000000,112370.250000,187629.750000,0.625432,3000.000000,1123.702500,2322.000000,869.745735,0.774000,uniform_ota_closed_form_expectation
FS1290,10000,0.70,72,60,low,0.0100,0.05,0.665000,300000.000000,119951.250000,180048.750000,0.600162,3000.000000,1199.512500,2322.000000,928.422675,0.774000,uniform_ota_closed_form_expectation
FS1291,10000,0.70,72,60,medium,0.0500,0.00,0.700000,300000.000000,110475.000000,189525.000000,0.631750,15000.000000,5523.750000,11610.000000,4275.382500,0.774000,uniform_ota_closed_form_expectation
FS1292,10000,0.70,72,60,medium,0.0500,0.01,0.693000,300000.000000,112370.250000,187629.750000,0.625432,15000.000000,5618.512500,11610.000000,4348.728675,0.774000,uniform_ota_closed_form_expectation
FS1293,10000,0.70,72,60,medium,0.0500,0.05,0.665000,300000.000000,119951.250000,180048.750000,0.600162,15000.000000,5997.562500,11610.000000,4642.113375,0.774000,uniform_ota_closed_form_expectation
FS1294,10000,0.70,72,60,high,0.2000,0.00,0.700000,300000.000000,110475.000000,189525.000000,0.631750,60000.000000,22095.000000,46440.000000,17101.530000,0.774000,uniform_ota_closed_form_expectation
FS1295,10000,0.70,72,60,high,0.2000,0.01,0.693000,300000.000000,112370.250000,187629.750000,0.625432,60000.000000,22474.050000,46440.000000,17394.914700,0.774000,uniform_ota_closed_form_expectation
FS1296,10000,0.70,72,60,high,0.2000,0.05,0.665000,300000.000000,119951.250000,180048.750000,0.600162,60000.000000,23990.250000,46440.000000,18568.453500,0.774000,uniform_ota_closed_form_expectation
FS1297,10000,0.85,1,7,low,0.0100,0.00,0.850000,35000.000000,5603.112599,29396.887401,0.839911,350.000000,56.031126,270.900000,43.368092,0.774000,uniform_ota_closed_form_expectation
FS1298,10000,0.85,1,7,low,0.0100,0.01,0.841500,35000.000000,5897.081473,29102.918527,0.831512,350.000000,58.970815,270.900000,45.643411,0.774000,uniform_ota_closed_form_expectation
FS1299,10000,0.85,1,7,low,0.0100,0.05,0.807500,35000.000000,7072.956969,27927.043031,0.797916,350.000000,70.729570,270.900000,54.744687,0.774000,uniform_ota_closed_form_expectation
FS1300,10000,0.85,1,7,medium,0.0500,0.00,0.850000,35000.000000,5603.112599,29396.887401,0.839911,1750.000000,280.155630,1354.500000,216.840458,0.774000,uniform_ota_closed_form_expectation
FS1301,10000,0.85,1,7,medium,0.0500,0.01,0.841500,35000.000000,5897.081473,29102.918527,0.831512,1750.000000,294.854074,1354.500000,228.217053,0.774000,uniform_ota_closed_form_expectation
FS1302,10000,0.85,1,7,medium,0.0500,0.05,0.807500,35000.000000,7072.956969,27927.043031,0.797916,1750.000000,353.647848,1354.500000,273.723435,0.774000,uniform_ota_closed_form_expectation
FS1303,10000,0.85,1,7,high,0.2000,0.00,0.850000,35000.000000,5603.112599,29396.887401,0.839911,7000.000000,1120.622520,5418.000000,867.361830,0.774000,uniform_ota_closed_form_expectation
FS1304,10000,0.85,1,7,high,0.2000,0.01,0.841500,35000.000000,5897.081473,29102.918527,0.831512,7000.000000,1179.416295,5418.000000,912.868212,0.774000,uniform_ota_closed_form_expectation
FS1305,10000,0.85,1,7,high,0.2000,0.05,0.807500,35000.000000,7072.956969,27927.043031,0.797916,7000.000000,1414.591394,5418.000000,1094.893739,0.774000,uniform_ota_closed_form_expectation
FS1306,10000,0.85,1,14,low,0.0100,0.00,0.850000,70000.000000,10853.639633,59146.360367,0.844948,700.000000,108.536396,541.800000,84.007171,0.774000,uniform_ota_closed_form_expectation
FS1307,10000,0.85,1,14,low,0.0100,0.01,0.841500,70000.000000,11445.103237,58554.896763,0.836499,700.000000,114.451032,541.800000,88.585099,0.774000,uniform_ota_closed_form_expectation
FS1308,10000,0.85,1,14,low,0.0100,0.05,0.807500,70000.000000,13810.957651,56189.042349,0.802701,700.000000,138.109577,541.800000,106.896812,0.774000,uniform_ota_closed_form_expectation
FS1309,10000,0.85,1,14,medium,0.0500,0.00,0.850000,70000.000000,10853.639633,59146.360367,0.844948,3500.000000,542.681982,2709.000000,420.035854,0.774000,uniform_ota_closed_form_expectation
FS1310,10000,0.85,1,14,medium,0.0500,0.01,0.841500,70000.000000,11445.103237,58554.896763,0.836499,3500.000000,572.255162,2709.000000,442.925495,0.774000,uniform_ota_closed_form_expectation
FS1311,10000,0.85,1,14,medium,0.0500,0.05,0.807500,70000.000000,13810.957651,56189.042349,0.802701,3500.000000,690.547883,2709.000000,534.484061,0.774000,uniform_ota_closed_form_expectation
FS1312,10000,0.85,1,14,high,0.2000,0.00,0.850000,70000.000000,10853.639633,59146.360367,0.844948,14000.000000,2170.727927,10836.000000,1680.143415,0.774000,uniform_ota_closed_form_expectation
FS1313,10000,0.85,1,14,high,0.2000,0.01,0.841500,70000.000000,11445.103237,58554.896763,0.836499,14000.000000,2289.020647,10836.000000,1771.701981,0.774000,uniform_ota_closed_form_expectation
FS1314,10000,0.85,1,14,high,0.2000,0.05,0.807500,70000.000000,13810.957651,56189.042349,0.802701,14000.000000,2762.191530,10836.000000,2137.936244,0.774000,uniform_ota_closed_form_expectation
FS1315,10000,0.85,1,30,low,0.0100,0.00,0.850000,150000.000000,22853.920718,127146.079282,0.847641,1500.000000,228.539207,1161.000000,176.889346,0.774000,uniform_ota_closed_form_expectation
FS1316,10000,0.85,1,30,low,0.0100,0.01,0.841500,150000.000000,24125.381510,125874.618490,0.839164,1500.000000,241.253815,1161.000000,186.730453,0.774000,uniform_ota_closed_form_expectation
FS1317,10000,0.85,1,30,low,0.0100,0.05,0.807500,150000.000000,29211.224682,120788.775318,0.805259,1500.000000,292.112247,1161.000000,226.094879,0.774000,uniform_ota_closed_form_expectation
FS1318,10000,0.85,1,30,medium,0.0500,0.00,0.850000,150000.000000,22853.920718,127146.079282,0.847641,7500.000000,1142.696036,5805.000000,884.446732,0.774000,uniform_ota_closed_form_expectation
FS1319,10000,0.85,1,30,medium,0.0500,0.01,0.841500,150000.000000,24125.381510,125874.618490,0.839164,7500.000000,1206.269076,5805.000000,933.652264,0.774000,uniform_ota_closed_form_expectation
FS1320,10000,0.85,1,30,medium,0.0500,0.05,0.807500,150000.000000,29211.224682,120788.775318,0.805259,7500.000000,1460.561234,5805.000000,1130.474395,0.774000,uniform_ota_closed_form_expectation
FS1321,10000,0.85,1,30,high,0.2000,0.00,0.850000,150000.000000,22853.920718,127146.079282,0.847641,30000.000000,4570.784144,23220.000000,3537.786927,0.774000,uniform_ota_closed_form_expectation
FS1322,10000,0.85,1,30,high,0.2000,0.01,0.841500,150000.000000,24125.381510,125874.618490,0.839164,30000.000000,4825.076302,23220.000000,3734.609058,0.774000,uniform_ota_closed_form_expectation
FS1323,10000,0.85,1,30,high,0.2000,0.05,0.807500,150000.000000,29211.224682,120788.775318,0.805259,30000.000000,5842.244936,23220.000000,4521.897581,0.774000,uniform_ota_closed_form_expectation
FS1324,10000,0.85,1,60,low,0.0100,0.00,0.850000,300000.000000,45354.043692,254645.956308,0.848820,3000.000000,453.540437,2322.000000,351.040298,0.774000,uniform_ota_closed_form_expectation
FS1325,10000,0.85,1,60,low,0.0100,0.01,0.841500,300000.000000,47900.503255,252099.496745,0.840332,3000.000000,479.005033,2322.000000,370.749895,0.774000,uniform_ota_closed_form_expectation
FS1326,10000,0.85,1,60,low,0.0100,0.05,0.807500,300000.000000,58086.341508,241913.658492,0.806379,3000.000000,580.863415,2322.000000,449.588283,0.774000,uniform_ota_closed_form_expectation
FS1327,10000,0.85,1,60,medium,0.0500,0.00,0.850000,300000.000000,45354.043692,254645.956308,0.848820,15000.000000,2267.702185,11610.000000,1755.201491,0.774000,uniform_ota_closed_form_expectation
FS1328,10000,0.85,1,60,medium,0.0500,0.01,0.841500,300000.000000,47900.503255,252099.496745,0.840332,15000.000000,2395.025163,11610.000000,1853.749476,0.774000,uniform_ota_closed_form_expectation
FS1329,10000,0.85,1,60,medium,0.0500,0.05,0.807500,300000.000000,58086.341508,241913.658492,0.806379,15000.000000,2904.317075,11610.000000,2247.941416,0.774000,uniform_ota_closed_form_expectation
FS1330,10000,0.85,1,60,high,0.2000,0.00,0.850000,300000.000000,45354.043692,254645.956308,0.848820,60000.000000,9070.808738,46440.000000,7020.805964,0.774000,uniform_ota_closed_form_expectation
FS1331,10000,0.85,1,60,high,0.2000,0.01,0.841500,300000.000000,47900.503255,252099.496745,0.840332,60000.000000,9580.100651,46440.000000,7414.997904,0.774000,uniform_ota_closed_form_expectation
FS1332,10000,0.85,1,60,high,0.2000,0.05,0.807500,300000.000000,58086.341508,241913.658492,0.806379,60000.000000,11617.268302,46440.000000,8991.765665,0.774000,uniform_ota_closed_form_expectation
FS1333,10000,0.85,6,7,low,0.0100,0.00,0.850000,35000.000000,7337.053571,27662.946429,0.790370,350.000000,73.370536,270.900000,56.788795,0.774000,uniform_ota_closed_form_expectation
FS1334,10000,0.85,6,7,low,0.0100,0.01,0.841500,35000.000000,7613.683036,27386.316964,0.782466,350.000000,76.136830,270.900000,58.929907,0.774000,uniform_ota_closed_form_expectation
FS1335,10000,0.85,6,7,low,0.0100,0.05,0.807500,35000.000000,8720.200893,26279.799107,0.750851,350.000000,87.202009,270.900000,67.494355,0.774000,uniform_ota_closed_form_expectation
FS1336,10000,0.85,6,7,medium,0.0500,0.00,0.850000,35000.000000,7337.053571,27662.946429,0.790370,1750.000000,366.852679,1354.500000,283.943973,0.774000,uniform_ota_closed_form_expectation
FS1337,10000,0.85,6,7,medium,0.0500,0.01,0.841500,35000.000000,7613.683036,27386.316964,0.782466,1750.000000,380.684152,1354.500000,294.649533,0.774000,uniform_ota_closed_form_expectation
FS1338,10000,0.85,6,7,medium,0.0500,0.05,0.807500,35000.000000,8720.200893,26279.799107,0.750851,1750.000000,436.010045,1354.500000,337.471775,0.774000,uniform_ota_closed_form_expectation
FS1339,10000,0.85,6,7,high,0.2000,0.00,0.850000,35000.000000,7337.053571,27662.946429,0.790370,7000.000000,1467.410714,5418.000000,1135.775893,0.774000,uniform_ota_closed_form_expectation
FS1340,10000,0.85,6,7,high,0.2000,0.01,0.841500,35000.000000,7613.683036,27386.316964,0.782466,7000.000000,1522.736607,5418.000000,1178.598134,0.774000,uniform_ota_closed_form_expectation
FS1341,10000,0.85,6,7,high,0.2000,0.05,0.807500,35000.000000,8720.200893,26279.799107,0.750851,7000.000000,1744.040179,5418.000000,1349.887098,0.774000,uniform_ota_closed_form_expectation
FS1342,10000,0.85,6,14,low,0.0100,0.00,0.850000,70000.000000,12606.026786,57393.973214,0.819914,700.000000,126.060268,541.800000,97.570647,0.774000,uniform_ota_closed_form_expectation
FS1343,10000,0.85,6,14,low,0.0100,0.01,0.841500,70000.000000,13179.966518,56820.033482,0.811715,700.000000,131.799665,541.800000,102.012941,0.774000,uniform_ota_closed_form_expectation
FS1344,10000,0.85,6,14,low,0.0100,0.05,0.807500,70000.000000,15475.725446,54524.274554,0.778918,700.000000,154.757254,541.800000,119.782115,0.774000,uniform_ota_closed_form_expectation
FS1345,10000,0.85,6,14,medium,0.0500,0.00,0.850000,70000.000000,12606.026786,57393.973214,0.819914,3500.000000,630.301339,2709.000000,487.853237,0.774000,uniform_ota_closed_form_expectation
FS1346,10000,0.85,6,14,medium,0.0500,0.01,0.841500,70000.000000,13179.966518,56820.033482,0.811715,3500.000000,658.998326,2709.000000,510.064704,0.774000,uniform_ota_closed_form_expectation
FS1347,10000,0.85,6,14,medium,0.0500,0.05,0.807500,70000.000000,15475.725446,54524.274554,0.778918,3500.000000,773.786272,2709.000000,598.910575,0.774000,uniform_ota_closed_form_expectation
FS1348,10000,0.85,6,14,high,0.2000,0.00,0.850000,70000.000000,12606.026786,57393.973214,0.819914,14000.000000,2521.205357,10836.000000,1951.412946,0.774000,uniform_ota_closed_form_expectation
FS1349,10000,0.85,6,14,high,0.2000,0.01,0.841500,70000.000000,13179.966518,56820.033482,0.811715,14000.000000,2635.993304,10836.000000,2040.258817,0.774000,uniform_ota_closed_form_expectation
FS1350,10000,0.85,6,14,high,0.2000,0.05,0.807500,70000.000000,15475.725446,54524.274554,0.778918,14000.000000,3095.145089,10836.000000,2395.642299,0.774000,uniform_ota_closed_form_expectation
FS1351,10000,0.85,6,30,low,0.0100,0.00,0.850000,150000.000000,24616.145833,125383.854167,0.835892,1500.000000,246.161458,1161.000000,190.528969,0.774000,uniform_ota_closed_form_expectation
FS1352,10000,0.85,6,30,low,0.0100,0.01,0.841500,150000.000000,25869.984375,124130.015625,0.827533,1500.000000,258.699844,1161.000000,200.233679,0.774000,uniform_ota_closed_form_expectation
FS1353,10000,0.85,6,30,low,0.0100,0.05,0.807500,150000.000000,30885.338542,119114.661458,0.794098,1500.000000,308.853385,1161.000000,239.052520,0.774000,uniform_ota_closed_form_expectation
FS1354,10000,0.85,6,30,medium,0.0500,0.00,0.850000,150000.000000,24616.145833,125383.854167,0.835892,7500.000000,1230.807292,5805.000000,952.644844,0.774000,uniform_ota_closed_form_expectation
FS1355,10000,0.85,6,30,medium,0.0500,0.01,0.841500,150000.000000,25869.984375,124130.015625,0.827533,7500.000000,1293.499219,5805.000000,1001.168395,0.774000,uniform_ota_closed_form_expectation
FS1356,10000,0.85,6,30,medium,0.0500,0.05,0.807500,150000.000000,30885.338542,119114.661458,0.794098,7500.000000,1544.266927,5805.000000,1195.262602,0.774000,uniform_ota_closed_form_expectation
FS1357,10000,0.85,6,30,high,0.2000,0.00,0.850000,150000.000000,24616.145833,125383.854167,0.835892,30000.000000,4923.229167,23220.000000,3810.579375,0.774000,uniform_ota_closed_form_expectation
FS1358,10000,0.85,6,30,high,0.2000,0.01,0.841500,150000.000000,25869.984375,124130.015625,0.827533,30000.000000,5173.996875,23220.000000,4004.673581,0.774000,uniform_ota_closed_form_expectation
FS1359,10000,0.85,6,30,high,0.2000,0.05,0.807500,150000.000000,30885.338542,119114.661458,0.794098,30000.000000,6177.067708,23220.000000,4781.050406,0.774000,uniform_ota_closed_form_expectation
FS1360,10000,0.85,6,60,low,0.0100,0.00,0.850000,300000.000000,47120.572917,252879.427083,0.842931,3000.000000,471.205729,2322.000000,364.713234,0.774000,uniform_ota_closed_form_expectation
FS1361,10000,0.85,6,60,low,0.0100,0.01,0.841500,300000.000000,49649.367187,250350.632812,0.834502,3000.000000,496.493672,2322.000000,384.286102,0.774000,uniform_ota_closed_form_expectation
FS1362,10000,0.85,6,60,low,0.0100,0.05,0.807500,300000.000000,59764.544271,240235.455729,0.800785,3000.000000,597.645443,2322.000000,462.577573,0.774000,uniform_ota_closed_form_expectation
FS1363,10000,0.85,6,60,medium,0.0500,0.00,0.850000,300000.000000,47120.572917,252879.427083,0.842931,15000.000000,2356.028646,11610.000000,1823.566172,0.774000,uniform_ota_closed_form_expectation
FS1364,10000,0.85,6,60,medium,0.0500,0.01,0.841500,300000.000000,49649.367187,250350.632812,0.834502,15000.000000,2482.468359,11610.000000,1921.430510,0.774000,uniform_ota_closed_form_expectation
FS1365,10000,0.85,6,60,medium,0.0500,0.05,0.807500,300000.000000,59764.544271,240235.455729,0.800785,15000.000000,2988.227214,11610.000000,2312.887863,0.774000,uniform_ota_closed_form_expectation
FS1366,10000,0.85,6,60,high,0.2000,0.00,0.850000,300000.000000,47120.572917,252879.427083,0.842931,60000.000000,9424.114583,46440.000000,7294.264688,0.774000,uniform_ota_closed_form_expectation
FS1367,10000,0.85,6,60,high,0.2000,0.01,0.841500,300000.000000,49649.367187,250350.632812,0.834502,60000.000000,9929.873437,46440.000000,7685.722041,0.774000,uniform_ota_closed_form_expectation
FS1368,10000,0.85,6,60,high,0.2000,0.05,0.807500,300000.000000,59764.544271,240235.455729,0.800785,60000.000000,11952.908854,46440.000000,9251.551453,0.774000,uniform_ota_closed_form_expectation
FS1369,10000,0.85,24,7,low,0.0100,0.00,0.850000,35000.000000,13142.857143,21857.142857,0.624490,350.000000,131.428571,270.900000,101.725714,0.774000,uniform_ota_closed_form_expectation
FS1370,10000,0.85,24,7,low,0.0100,0.01,0.841500,35000.000000,13361.428571,21638.571429,0.618245,350.000000,133.614286,270.900000,103.417457,0.774000,uniform_ota_closed_form_expectation
FS1371,10000,0.85,24,7,low,0.0100,0.05,0.807500,35000.000000,14235.714286,20764.285714,0.593265,350.000000,142.357143,270.900000,110.184429,0.774000,uniform_ota_closed_form_expectation
FS1372,10000,0.85,24,7,medium,0.0500,0.00,0.850000,35000.000000,13142.857143,21857.142857,0.624490,1750.000000,657.142857,1354.500000,508.628571,0.774000,uniform_ota_closed_form_expectation
FS1373,10000,0.85,24,7,medium,0.0500,0.01,0.841500,35000.000000,13361.428571,21638.571429,0.618245,1750.000000,668.071429,1354.500000,517.087286,0.774000,uniform_ota_closed_form_expectation
FS1374,10000,0.85,24,7,medium,0.0500,0.05,0.807500,35000.000000,14235.714286,20764.285714,0.593265,1750.000000,711.785714,1354.500000,550.922143,0.774000,uniform_ota_closed_form_expectation
FS1375,10000,0.85,24,7,high,0.2000,0.00,0.850000,35000.000000,13142.857143,21857.142857,0.624490,7000.000000,2628.571429,5418.000000,2034.514286,0.774000,uniform_ota_closed_form_expectation
FS1376,10000,0.85,24,7,high,0.2000,0.01,0.841500,35000.000000,13361.428571,21638.571429,0.618245,7000.000000,2672.285714,5418.000000,2068.349143,0.774000,uniform_ota_closed_form_expectation
FS1377,10000,0.85,24,7,high,0.2000,0.05,0.807500,35000.000000,14235.714286,20764.285714,0.593265,7000.000000,2847.142857,5418.000000,2203.688571,0.774000,uniform_ota_closed_form_expectation
FS1378,10000,0.85,24,14,low,0.0100,0.00,0.850000,70000.000000,18696.428571,51303.571429,0.732908,700.000000,186.964286,541.800000,144.710357,0.774000,uniform_ota_closed_form_expectation
FS1379,10000,0.85,24,14,low,0.0100,0.01,0.841500,70000.000000,19209.464286,50790.535714,0.725579,700.000000,192.094643,541.800000,148.681254,0.774000,uniform_ota_closed_form_expectation
FS1380,10000,0.85,24,14,low,0.0100,0.05,0.807500,70000.000000,21261.607143,48738.392857,0.696263,700.000000,212.616071,541.800000,164.564839,0.774000,uniform_ota_closed_form_expectation
FS1381,10000,0.85,24,14,medium,0.0500,0.00,0.850000,70000.000000,18696.428571,51303.571429,0.732908,3500.000000,934.821429,2709.000000,723.551786,0.774000,uniform_ota_closed_form_expectation
FS1382,10000,0.85,24,14,medium,0.0500,0.01,0.841500,70000.000000,19209.464286,50790.535714,0.725579,3500.000000,960.473214,2709.000000,743.406268,0.774000,uniform_ota_closed_form_expectation
FS1383,10000,0.85,24,14,medium,0.0500,0.05,0.807500,70000.000000,21261.607143,48738.392857,0.696263,3500.000000,1063.080357,2709.000000,822.824196,0.774000,uniform_ota_closed_form_expectation
FS1384,10000,0.85,24,14,high,0.2000,0.00,0.850000,70000.000000,18696.428571,51303.571429,0.732908,14000.000000,3739.285714,10836.000000,2894.207143,0.774000,uniform_ota_closed_form_expectation
FS1385,10000,0.85,24,14,high,0.2000,0.01,0.841500,70000.000000,19209.464286,50790.535714,0.725579,14000.000000,3841.892857,10836.000000,2973.625071,0.774000,uniform_ota_closed_form_expectation
FS1386,10000,0.85,24,14,high,0.2000,0.05,0.807500,70000.000000,21261.607143,48738.392857,0.696263,14000.000000,4252.321429,10836.000000,3291.296786,0.774000,uniform_ota_closed_form_expectation
FS1387,10000,0.85,24,30,low,0.0100,0.00,0.850000,150000.000000,30858.333333,119141.666667,0.794278,1500.000000,308.583333,1161.000000,238.843500,0.774000,uniform_ota_closed_form_expectation
FS1388,10000,0.85,24,30,low,0.0100,0.01,0.841500,150000.000000,32049.750000,117950.250000,0.786335,1500.000000,320.497500,1161.000000,248.065065,0.774000,uniform_ota_closed_form_expectation
FS1389,10000,0.85,24,30,low,0.0100,0.05,0.807500,150000.000000,36815.416667,113184.583333,0.754564,1500.000000,368.154167,1161.000000,284.951325,0.774000,uniform_ota_closed_form_expectation
FS1390,10000,0.85,24,30,medium,0.0500,0.00,0.850000,150000.000000,30858.333333,119141.666667,0.794278,7500.000000,1542.916667,5805.000000,1194.217500,0.774000,uniform_ota_closed_form_expectation
FS1391,10000,0.85,24,30,medium,0.0500,0.01,0.841500,150000.000000,32049.750000,117950.250000,0.786335,7500.000000,1602.487500,5805.000000,1240.325325,0.774000,uniform_ota_closed_form_expectation
FS1392,10000,0.85,24,30,medium,0.0500,0.05,0.807500,150000.000000,36815.416667,113184.583333,0.754564,7500.000000,1840.770833,5805.000000,1424.756625,0.774000,uniform_ota_closed_form_expectation
FS1393,10000,0.85,24,30,high,0.2000,0.00,0.850000,150000.000000,30858.333333,119141.666667,0.794278,30000.000000,6171.666667,23220.000000,4776.870000,0.774000,uniform_ota_closed_form_expectation
FS1394,10000,0.85,24,30,high,0.2000,0.01,0.841500,150000.000000,32049.750000,117950.250000,0.786335,30000.000000,6409.950000,23220.000000,4961.301300,0.774000,uniform_ota_closed_form_expectation
FS1395,10000,0.85,24,30,high,0.2000,0.05,0.807500,150000.000000,36815.416667,113184.583333,0.754564,30000.000000,7363.083333,23220.000000,5699.026500,0.774000,uniform_ota_closed_form_expectation
FS1396,10000,0.85,24,60,low,0.0100,0.00,0.850000,300000.000000,53429.166667,246570.833333,0.821903,3000.000000,534.291667,2322.000000,413.541750,0.774000,uniform_ota_closed_form_expectation
FS1397,10000,0.85,24,60,low,0.0100,0.01,0.841500,300000.000000,55894.875000,244105.125000,0.813684,3000.000000,558.948750,2322.000000,432.626332,0.774000,uniform_ota_closed_form_expectation
FS1398,10000,0.85,24,60,low,0.0100,0.05,0.807500,300000.000000,65757.708333,234242.291667,0.780808,3000.000000,657.577083,2322.000000,508.964663,0.774000,uniform_ota_closed_form_expectation
FS1399,10000,0.85,24,60,medium,0.0500,0.00,0.850000,300000.000000,53429.166667,246570.833333,0.821903,15000.000000,2671.458333,11610.000000,2067.708750,0.774000,uniform_ota_closed_form_expectation
FS1400,10000,0.85,24,60,medium,0.0500,0.01,0.841500,300000.000000,55894.875000,244105.125000,0.813684,15000.000000,2794.743750,11610.000000,2163.131662,0.774000,uniform_ota_closed_form_expectation
FS1401,10000,0.85,24,60,medium,0.0500,0.05,0.807500,300000.000000,65757.708333,234242.291667,0.780808,15000.000000,3287.885417,11610.000000,2544.823313,0.774000,uniform_ota_closed_form_expectation
FS1402,10000,0.85,24,60,high,0.2000,0.00,0.850000,300000.000000,53429.166667,246570.833333,0.821903,60000.000000,10685.833333,46440.000000,8270.835000,0.774000,uniform_ota_closed_form_expectation
FS1403,10000,0.85,24,60,high,0.2000,0.01,0.841500,300000.000000,55894.875000,244105.125000,0.813684,60000.000000,11178.975000,46440.000000,8652.526650,0.774000,uniform_ota_closed_form_expectation
FS1404,10000,0.85,24,60,high,0.2000,0.05,0.807500,300000.000000,65757.708333,234242.291667,0.780808,60000.000000,13151.541667,46440.000000,10179.293250,0.774000,uniform_ota_closed_form_expectation
FS1405,10000,0.85,72,7,low,0.0100,0.00,0.850000,35000.000000,25285.714286,9714.285714,0.277551,350.000000,252.857143,270.900000,195.711429,0.774000,uniform_ota_closed_form_expectation
FS1406,10000,0.85,72,7,low,0.0100,0.01,0.841500,35000.000000,25382.857143,9617.142857,0.274776,350.000000,253.828571,270.900000,196.463314,0.774000,uniform_ota_closed_form_expectation
FS1407,10000,0.85,72,7,low,0.0100,0.05,0.807500,35000.000000,25771.428571,9228.571429,0.263673,350.000000,257.714286,270.900000,199.470857,0.774000,uniform_ota_closed_form_expectation
FS1408,10000,0.85,72,7,medium,0.0500,0.00,0.850000,35000.000000,25285.714286,9714.285714,0.277551,1750.000000,1264.285714,1354.500000,978.557143,0.774000,uniform_ota_closed_form_expectation
FS1409,10000,0.85,72,7,medium,0.0500,0.01,0.841500,35000.000000,25382.857143,9617.142857,0.274776,1750.000000,1269.142857,1354.500000,982.316571,0.774000,uniform_ota_closed_form_expectation
FS1410,10000,0.85,72,7,medium,0.0500,0.05,0.807500,35000.000000,25771.428571,9228.571429,0.263673,1750.000000,1288.571429,1354.500000,997.354286,0.774000,uniform_ota_closed_form_expectation
FS1411,10000,0.85,72,7,high,0.2000,0.00,0.850000,35000.000000,25285.714286,9714.285714,0.277551,7000.000000,5057.142857,5418.000000,3914.228571,0.774000,uniform_ota_closed_form_expectation
FS1412,10000,0.85,72,7,high,0.2000,0.01,0.841500,35000.000000,25382.857143,9617.142857,0.274776,7000.000000,5076.571429,5418.000000,3929.266286,0.774000,uniform_ota_closed_form_expectation
FS1413,10000,0.85,72,7,high,0.2000,0.05,0.807500,35000.000000,25771.428571,9228.571429,0.263673,7000.000000,5154.285714,5418.000000,3989.417143,0.774000,uniform_ota_closed_form_expectation
FS1414,10000,0.85,72,14,low,0.0100,0.00,0.850000,70000.000000,33267.857143,36732.142857,0.524745,700.000000,332.678571,541.800000,257.493214,0.774000,uniform_ota_closed_form_expectation
FS1415,10000,0.85,72,14,low,0.0100,0.01,0.841500,70000.000000,33635.178571,36364.821429,0.519497,700.000000,336.351786,541.800000,260.336282,0.774000,uniform_ota_closed_form_expectation
FS1416,10000,0.85,72,14,low,0.0100,0.05,0.807500,70000.000000,35104.464286,34895.535714,0.498508,700.000000,351.044643,541.800000,271.708554,0.774000,uniform_ota_closed_form_expectation
FS1417,10000,0.85,72,14,medium,0.0500,0.00,0.850000,70000.000000,33267.857143,36732.142857,0.524745,3500.000000,1663.392857,2709.000000,1287.466071,0.774000,uniform_ota_closed_form_expectation
FS1418,10000,0.85,72,14,medium,0.0500,0.01,0.841500,70000.000000,33635.178571,36364.821429,0.519497,3500.000000,1681.758929,2709.000000,1301.681411,0.774000,uniform_ota_closed_form_expectation
FS1419,10000,0.85,72,14,medium,0.0500,0.05,0.807500,70000.000000,35104.464286,34895.535714,0.498508,3500.000000,1755.223214,2709.000000,1358.542768,0.774000,uniform_ota_closed_form_expectation
FS1420,10000,0.85,72,14,high,0.2000,0.00,0.850000,70000.000000,33267.857143,36732.142857,0.524745,14000.000000,6653.571429,10836.000000,5149.864286,0.774000,uniform_ota_closed_form_expectation
FS1421,10000,0.85,72,14,high,0.2000,0.01,0.841500,70000.000000,33635.178571,36364.821429,0.519497,14000.000000,6727.035714,10836.000000,5206.725643,0.774000,uniform_ota_closed_form_expectation
FS1422,10000,0.85,72,14,high,0.2000,0.05,0.807500,70000.000000,35104.464286,34895.535714,0.498508,14000.000000,7020.892857,10836.000000,5434.171071,0.774000,uniform_ota_closed_form_expectation
FS1423,10000,0.85,72,30,low,0.0100,0.00,0.850000,150000.000000,46725.000000,103275.000000,0.688500,1500.000000,467.250000,1161.000000,361.651500,0.774000,uniform_ota_closed_form_expectation
FS1424,10000,0.85,72,30,low,0.0100,0.01,0.841500,150000.000000,47757.750000,102242.250000,0.681615,1500.000000,477.577500,1161.000000,369.644985,0.774000,uniform_ota_closed_form_expectation
FS1425,10000,0.85,72,30,low,0.0100,0.05,0.807500,150000.000000,51888.750000,98111.250000,0.654075,1500.000000,518.887500,1161.000000,401.618925,0.774000,uniform_ota_closed_form_expectation
FS1426,10000,0.85,72,30,medium,0.0500,0.00,0.850000,150000.000000,46725.000000,103275.000000,0.688500,7500.000000,2336.250000,5805.000000,1808.257500,0.774000,uniform_ota_closed_form_expectation
FS1427,10000,0.85,72,30,medium,0.0500,0.01,0.841500,150000.000000,47757.750000,102242.250000,0.681615,7500.000000,2387.887500,5805.000000,1848.224925,0.774000,uniform_ota_closed_form_expectation
FS1428,10000,0.85,72,30,medium,0.0500,0.05,0.807500,150000.000000,51888.750000,98111.250000,0.654075,7500.000000,2594.437500,5805.000000,2008.094625,0.774000,uniform_ota_closed_form_expectation
FS1429,10000,0.85,72,30,high,0.2000,0.00,0.850000,150000.000000,46725.000000,103275.000000,0.688500,30000.000000,9345.000000,23220.000000,7233.030000,0.774000,uniform_ota_closed_form_expectation
FS1430,10000,0.85,72,30,high,0.2000,0.01,0.841500,150000.000000,47757.750000,102242.250000,0.681615,30000.000000,9551.550000,23220.000000,7392.899700,0.774000,uniform_ota_closed_form_expectation
FS1431,10000,0.85,72,30,high,0.2000,0.05,0.807500,150000.000000,51888.750000,98111.250000,0.654075,30000.000000,10377.750000,23220.000000,8032.378500,0.774000,uniform_ota_closed_form_expectation
FS1432,10000,0.85,72,60,low,0.0100,0.00,0.850000,300000.000000,69862.500000,230137.500000,0.767125,3000.000000,698.625000,2322.000000,540.735750,0.774000,uniform_ota_closed_form_expectation
FS1433,10000,0.85,72,60,low,0.0100,0.01,0.841500,300000.000000,72163.875000,227836.125000,0.759454,3000.000000,721.638750,2322.000000,558.548392,0.774000,uniform_ota_closed_form_expectation
FS1434,10000,0.85,72,60,low,0.0100,0.05,0.807500,300000.000000,81369.375000,218630.625000,0.728769,3000.000000,813.693750,2322.000000,629.798963,0.774000,uniform_ota_closed_form_expectation
FS1435,10000,0.85,72,60,medium,0.0500,0.00,0.850000,300000.000000,69862.500000,230137.500000,0.767125,15000.000000,3493.125000,11610.000000,2703.678750,0.774000,uniform_ota_closed_form_expectation
FS1436,10000,0.85,72,60,medium,0.0500,0.01,0.841500,300000.000000,72163.875000,227836.125000,0.759454,15000.000000,3608.193750,11610.000000,2792.741962,0.774000,uniform_ota_closed_form_expectation
FS1437,10000,0.85,72,60,medium,0.0500,0.05,0.807500,300000.000000,81369.375000,218630.625000,0.728769,15000.000000,4068.468750,11610.000000,3148.994813,0.774000,uniform_ota_closed_form_expectation
FS1438,10000,0.85,72,60,high,0.2000,0.00,0.850000,300000.000000,69862.500000,230137.500000,0.767125,60000.000000,13972.500000,46440.000000,10814.715000,0.774000,uniform_ota_closed_form_expectation
FS1439,10000,0.85,72,60,high,0.2000,0.01,0.841500,300000.000000,72163.875000,227836.125000,0.759454,60000.000000,14432.775000,46440.000000,11170.967850,0.774000,uniform_ota_closed_form_expectation
FS1440,10000,0.85,72,60,high,0.2000,0.05,0.807500,300000.000000,81369.375000,218630.625000,0.728769,60000.000000,16273.875000,46440.000000,12595.979250,0.774000,uniform_ota_closed_form_expectation
FS1441,10000,0.95,1,7,low,0.0100,0.00,0.950000,35000.000000,2144.655258,32855.344742,0.938724,350.000000,21.446553,270.900000,16.599632,0.774000,uniform_ota_closed_form_expectation
FS1442,10000,0.95,1,7,low,0.0100,0.01,0.940500,35000.000000,2473.208705,32526.791295,0.929337,350.000000,24.732087,270.900000,19.142635,0.774000,uniform_ota_closed_form_expectation
FS1443,10000,0.95,1,7,low,0.0100,0.05,0.902500,35000.000000,3787.422495,31212.577505,0.891788,350.000000,37.874225,270.900000,29.314650,0.774000,uniform_ota_closed_form_expectation
FS1444,10000,0.95,1,7,medium,0.0500,0.00,0.950000,35000.000000,2144.655258,32855.344742,0.938724,1750.000000,107.232763,1354.500000,82.998158,0.774000,uniform_ota_closed_form_expectation
FS1445,10000,0.95,1,7,medium,0.0500,0.01,0.940500,35000.000000,2473.208705,32526.791295,0.929337,1750.000000,123.660435,1354.500000,95.713177,0.774000,uniform_ota_closed_form_expectation
FS1446,10000,0.95,1,7,medium,0.0500,0.05,0.902500,35000.000000,3787.422495,31212.577505,0.891788,1750.000000,189.371125,1354.500000,146.573251,0.774000,uniform_ota_closed_form_expectation
FS1447,10000,0.95,1,7,high,0.2000,0.00,0.950000,35000.000000,2144.655258,32855.344742,0.938724,7000.000000,428.931052,5418.000000,331.992634,0.774000,uniform_ota_closed_form_expectation
FS1448,10000,0.95,1,7,high,0.2000,0.01,0.940500,35000.000000,2473.208705,32526.791295,0.929337,7000.000000,494.641741,5418.000000,382.852708,0.774000,uniform_ota_closed_form_expectation
FS1449,10000,0.95,1,7,high,0.2000,0.05,0.902500,35000.000000,3787.422495,31212.577505,0.891788,7000.000000,757.484499,5418.000000,586.293002,0.774000,uniform_ota_closed_form_expectation
FS1450,10000,0.95,1,14,low,0.0100,0.00,0.950000,70000.000000,3895.244296,66104.755704,0.944354,700.000000,38.952443,541.800000,30.149191,0.774000,uniform_ota_closed_form_expectation
FS1451,10000,0.95,1,14,low,0.0100,0.01,0.940500,70000.000000,4556.291853,65443.708147,0.934910,700.000000,45.562919,541.800000,35.265699,0.774000,uniform_ota_closed_form_expectation
FS1452,10000,0.95,1,14,low,0.0100,0.05,0.902500,70000.000000,7200.482081,62799.517919,0.897136,700.000000,72.004821,541.800000,55.731731,0.774000,uniform_ota_closed_form_expectation
FS1453,10000,0.95,1,14,medium,0.0500,0.00,0.950000,70000.000000,3895.244296,66104.755704,0.944354,3500.000000,194.762215,2709.000000,150.745954,0.774000,uniform_ota_closed_form_expectation
FS1454,10000,0.95,1,14,medium,0.0500,0.01,0.940500,70000.000000,4556.291853,65443.708147,0.934910,3500.000000,227.814593,2709.000000,176.328495,0.774000,uniform_ota_closed_form_expectation
FS1455,10000,0.95,1,14,medium,0.0500,0.05,0.902500,70000.000000,7200.482081,62799.517919,0.897136,3500.000000,360.024104,2709.000000,278.658657,0.774000,uniform_ota_closed_form_expectation
FS1456,10000,0.95,1,14,high,0.2000,0.00,0.950000,70000.000000,3895.244296,66104.755704,0.944354,14000.000000,779.048859,10836.000000,602.983817,0.774000,uniform_ota_closed_form_expectation
FS1457,10000,0.95,1,14,high,0.2000,0.01,0.940500,70000.000000,4556.291853,65443.708147,0.934910,14000.000000,911.258371,10836.000000,705.313979,0.774000,uniform_ota_closed_form_expectation
FS1458,10000,0.95,1,14,high,0.2000,0.05,0.902500,70000.000000,7200.482081,62799.517919,0.897136,14000.000000,1440.096416,10836.000000,1114.634626,0.774000,uniform_ota_closed_form_expectation
FS1459,10000,0.95,1,30,low,0.0100,0.00,0.950000,150000.000000,7895.558449,142104.441551,0.947363,1500.000000,78.955584,1161.000000,61.111622,0.774000,uniform_ota_closed_form_expectation
FS1460,10000,0.95,1,30,low,0.0100,0.01,0.940500,150000.000000,9316.602865,140683.397135,0.937889,1500.000000,93.166029,1161.000000,72.110506,0.774000,uniform_ota_closed_form_expectation
FS1461,10000,0.95,1,30,low,0.0100,0.05,0.902500,150000.000000,15000.780527,134999.219473,0.899995,1500.000000,150.007805,1161.000000,116.106041,0.774000,uniform_ota_closed_form_expectation
FS1462,10000,0.95,1,30,medium,0.0500,0.00,0.950000,150000.000000,7895.558449,142104.441551,0.947363,7500.000000,394.777922,5805.000000,305.558112,0.774000,uniform_ota_closed_form_expectation
FS1463,10000,0.95,1,30,medium,0.0500,0.01,0.940500,150000.000000,9316.602865,140683.397135,0.937889,7500.000000,465.830143,5805.000000,360.552531,0.774000,uniform_ota_closed_form_expectation
FS1464,10000,0.95,1,30,medium,0.0500,0.05,0.902500,150000.000000,15000.780527,134999.219473,0.899995,7500.000000,750.039026,5805.000000,580.530206,0.774000,uniform_ota_closed_form_expectation
FS1465,10000,0.95,1,30,high,0.2000,0.00,0.950000,150000.000000,7895.558449,142104.441551,0.947363,30000.000000,1579.111690,23220.000000,1222.232448,0.774000,uniform_ota_closed_form_expectation
FS1466,10000,0.95,1,30,high,0.2000,0.01,0.940500,150000.000000,9316.602865,140683.397135,0.937889,30000.000000,1863.320573,23220.000000,1442.210123,0.774000,uniform_ota_closed_form_expectation
FS1467,10000,0.95,1,30,high,0.2000,0.05,0.902500,150000.000000,15000.780527,134999.219473,0.899995,30000.000000,3000.156105,23220.000000,2322.120826,0.774000,uniform_ota_closed_form_expectation
FS1468,10000,0.95,1,60,low,0.0100,0.00,0.950000,300000.000000,15395.695891,284604.304109,0.948681,3000.000000,153.956959,2322.000000,119.162686,0.774000,uniform_ota_closed_form_expectation
FS1469,10000,0.95,1,60,low,0.0100,0.01,0.940500,300000.000000,18241.738932,281758.261068,0.939194,3000.000000,182.417389,2322.000000,141.191059,0.774000,uniform_ota_closed_form_expectation
FS1470,10000,0.95,1,60,low,0.0100,0.05,0.902500,300000.000000,29625.911097,270374.088903,0.901247,3000.000000,296.259111,2322.000000,229.304552,0.774000,uniform_ota_closed_form_expectation
FS1471,10000,0.95,1,60,medium,0.0500,0.00,0.950000,300000.000000,15395.695891,284604.304109,0.948681,15000.000000,769.784795,11610.000000,595.813431,0.774000,uniform_ota_closed_form_expectation
FS1472,10000,0.95,1,60,medium,0.0500,0.01,0.940500,300000.000000,18241.738932,281758.261068,0.939194,15000.000000,912.086947,11610.000000,705.955297,0.774000,uniform_ota_closed_form_expectation
FS1473,10000,0.95,1,60,medium,0.0500,0.05,0.902500,300000.000000,29625.911097,270374.088903,0.901247,15000.000000,1481.295555,11610.000000,1146.522759,0.774000,uniform_ota_closed_form_expectation
FS1474,10000,0.95,1,60,high,0.2000,0.00,0.950000,300000.000000,15395.695891,284604.304109,0.948681,60000.000000,3079.139178,46440.000000,2383.253724,0.774000,uniform_ota_closed_form_expectation
FS1475,10000,0.95,1,60,high,0.2000,0.01,0.940500,300000.000000,18241.738932,281758.261068,0.939194,60000.000000,3648.347786,46440.000000,2823.821187,0.774000,uniform_ota_closed_form_expectation
FS1476,10000,0.95,1,60,high,0.2000,0.05,0.902500,300000.000000,29625.911097,270374.088903,0.901247,60000.000000,5925.182219,46440.000000,4586.091038,0.774000,uniform_ota_closed_form_expectation
FS1477,10000,0.95,6,7,low,0.0100,0.00,0.950000,35000.000000,4082.589286,30917.410714,0.883355,350.000000,40.825893,270.900000,31.599241,0.774000,uniform_ota_closed_form_expectation
FS1478,10000,0.95,6,7,low,0.0100,0.01,0.940500,35000.000000,4391.763393,30608.236607,0.874521,350.000000,43.917634,270.900000,33.992249,0.774000,uniform_ota_closed_form_expectation
FS1479,10000,0.95,6,7,low,0.0100,0.05,0.902500,35000.000000,5628.459821,29371.540179,0.839187,350.000000,56.284598,270.900000,43.564279,0.774000,uniform_ota_closed_form_expectation
FS1480,10000,0.95,6,7,medium,0.0500,0.00,0.950000,35000.000000,4082.589286,30917.410714,0.883355,1750.000000,204.129464,1354.500000,157.996205,0.774000,uniform_ota_closed_form_expectation
FS1481,10000,0.95,6,7,medium,0.0500,0.01,0.940500,35000.000000,4391.763393,30608.236607,0.874521,1750.000000,219.588170,1354.500000,169.961243,0.774000,uniform_ota_closed_form_expectation
FS1482,10000,0.95,6,7,medium,0.0500,0.05,0.902500,35000.000000,5628.459821,29371.540179,0.839187,1750.000000,281.422991,1354.500000,217.821395,0.774000,uniform_ota_closed_form_expectation
FS1483,10000,0.95,6,7,high,0.2000,0.00,0.950000,35000.000000,4082.589286,30917.410714,0.883355,7000.000000,816.517857,5418.000000,631.984821,0.774000,uniform_ota_closed_form_expectation
FS1484,10000,0.95,6,7,high,0.2000,0.01,0.940500,35000.000000,4391.763393,30608.236607,0.874521,7000.000000,878.352679,5418.000000,679.844973,0.774000,uniform_ota_closed_form_expectation
FS1485,10000,0.95,6,7,high,0.2000,0.05,0.902500,35000.000000,5628.459821,29371.540179,0.839187,7000.000000,1125.691964,5418.000000,871.285580,0.774000,uniform_ota_closed_form_expectation
FS1486,10000,0.95,6,14,low,0.0100,0.00,0.950000,70000.000000,5853.794643,64146.205357,0.916374,700.000000,58.537946,541.800000,45.308371,0.774000,uniform_ota_closed_form_expectation
FS1487,10000,0.95,6,14,low,0.0100,0.01,0.940500,70000.000000,6495.256696,63504.743304,0.907211,700.000000,64.952567,541.800000,50.273287,0.774000,uniform_ota_closed_form_expectation
FS1488,10000,0.95,6,14,low,0.0100,0.05,0.902500,70000.000000,9061.104911,60938.895089,0.870556,700.000000,90.611049,541.800000,70.132952,0.774000,uniform_ota_closed_form_expectation
FS1489,10000,0.95,6,14,medium,0.0500,0.00,0.950000,70000.000000,5853.794643,64146.205357,0.916374,3500.000000,292.689732,2709.000000,226.541853,0.774000,uniform_ota_closed_form_expectation
FS1490,10000,0.95,6,14,medium,0.0500,0.01,0.940500,70000.000000,6495.256696,63504.743304,0.907211,3500.000000,324.762835,2709.000000,251.366434,0.774000,uniform_ota_closed_form_expectation
FS1491,10000,0.95,6,14,medium,0.0500,0.05,0.902500,70000.000000,9061.104911,60938.895089,0.870556,3500.000000,453.055246,2709.000000,350.664760,0.774000,uniform_ota_closed_form_expectation
FS1492,10000,0.95,6,14,high,0.2000,0.00,0.950000,70000.000000,5853.794643,64146.205357,0.916374,14000.000000,1170.758929,10836.000000,906.167411,0.774000,uniform_ota_closed_form_expectation
FS1493,10000,0.95,6,14,high,0.2000,0.01,0.940500,70000.000000,6495.256696,63504.743304,0.907211,14000.000000,1299.051339,10836.000000,1005.465737,0.774000,uniform_ota_closed_form_expectation
FS1494,10000,0.95,6,14,high,0.2000,0.05,0.902500,70000.000000,9061.104911,60938.895089,0.870556,14000.000000,1812.220982,10836.000000,1402.659040,0.774000,uniform_ota_closed_form_expectation
FS1495,10000,0.95,6,30,low,0.0100,0.00,0.950000,150000.000000,9865.104167,140134.895833,0.934233,1500.000000,98.651042,1161.000000,76.355906,0.774000,uniform_ota_closed_form_expectation
FS1496,10000,0.95,6,30,low,0.0100,0.01,0.940500,150000.000000,11266.453125,138733.546875,0.924890,1500.000000,112.664531,1161.000000,87.202347,0.774000,uniform_ota_closed_form_expectation
FS1497,10000,0.95,6,30,low,0.0100,0.05,0.902500,150000.000000,16871.848958,133128.151042,0.887521,1500.000000,168.718490,1161.000000,130.588111,0.774000,uniform_ota_closed_form_expectation
FS1498,10000,0.95,6,30,medium,0.0500,0.00,0.950000,150000.000000,9865.104167,140134.895833,0.934233,7500.000000,493.255208,5805.000000,381.779531,0.774000,uniform_ota_closed_form_expectation
FS1499,10000,0.95,6,30,medium,0.0500,0.01,0.940500,150000.000000,11266.453125,138733.546875,0.924890,7500.000000,563.322656,5805.000000,436.011736,0.774000,uniform_ota_closed_form_expectation
FS1500,10000,0.95,6,30,medium,0.0500,0.05,0.902500,150000.000000,16871.848958,133128.151042,0.887521,7500.000000,843.592448,5805.000000,652.940555,0.774000,uniform_ota_closed_form_expectation
FS1501,10000,0.95,6,30,high,0.2000,0.00,0.950000,150000.000000,9865.104167,140134.895833,0.934233,30000.000000,1973.020833,23220.000000,1527.118125,0.774000,uniform_ota_closed_form_expectation
FS1502,10000,0.95,6,30,high,0.2000,0.01,0.940500,150000.000000,11266.453125,138733.546875,0.924890,30000.000000,2253.290625,23220.000000,1744.046944,0.774000,uniform_ota_closed_form_expectation
FS1503,10000,0.95,6,30,high,0.2000,0.05,0.902500,150000.000000,16871.848958,133128.151042,0.887521,30000.000000,3374.369792,23220.000000,2611.762219,0.774000,uniform_ota_closed_form_expectation
FS1504,10000,0.95,6,60,low,0.0100,0.00,0.950000,300000.000000,17370.052083,282629.947917,0.942100,3000.000000,173.700521,2322.000000,134.444203,0.774000,uniform_ota_closed_form_expectation
FS1505,10000,0.95,6,60,low,0.0100,0.01,0.940500,300000.000000,20196.351562,279803.648438,0.932679,3000.000000,201.963516,2322.000000,156.319761,0.774000,uniform_ota_closed_form_expectation
FS1506,10000,0.95,6,60,low,0.0100,0.05,0.902500,300000.000000,31501.549479,268498.450521,0.894995,3000.000000,315.015495,2322.000000,243.821993,0.774000,uniform_ota_closed_form_expectation
FS1507,10000,0.95,6,60,medium,0.0500,0.00,0.950000,300000.000000,17370.052083,282629.947917,0.942100,15000.000000,868.502604,11610.000000,672.221016,0.774000,uniform_ota_closed_form_expectation
FS1508,10000,0.95,6,60,medium,0.0500,0.01,0.940500,300000.000000,20196.351562,279803.648438,0.932679,15000.000000,1009.817578,11610.000000,781.598805,0.774000,uniform_ota_closed_form_expectation
FS1509,10000,0.95,6,60,medium,0.0500,0.05,0.902500,300000.000000,31501.549479,268498.450521,0.894995,15000.000000,1575.077474,11610.000000,1219.109965,0.774000,uniform_ota_closed_form_expectation
FS1510,10000,0.95,6,60,high,0.2000,0.00,0.950000,300000.000000,17370.052083,282629.947917,0.942100,60000.000000,3474.010417,46440.000000,2688.884063,0.774000,uniform_ota_closed_form_expectation
FS1511,10000,0.95,6,60,high,0.2000,0.01,0.940500,300000.000000,20196.351562,279803.648438,0.932679,60000.000000,4039.270313,46440.000000,3126.395222,0.774000,uniform_ota_closed_form_expectation
FS1512,10000,0.95,6,60,high,0.2000,0.05,0.902500,300000.000000,31501.549479,268498.450521,0.894995,60000.000000,6300.309896,46440.000000,4876.439859,0.774000,uniform_ota_closed_form_expectation
FS1513,10000,0.95,24,7,low,0.0100,0.00,0.950000,35000.000000,10571.428571,24428.571429,0.697959,350.000000,105.714286,270.900000,81.822857,0.774000,uniform_ota_closed_form_expectation
FS1514,10000,0.95,24,7,low,0.0100,0.01,0.940500,35000.000000,10815.714286,24184.285714,0.690980,350.000000,108.157143,270.900000,83.713629,0.774000,uniform_ota_closed_form_expectation
FS1515,10000,0.95,24,7,low,0.0100,0.05,0.902500,35000.000000,11792.857143,23207.142857,0.663061,350.000000,117.928571,270.900000,91.276714,0.774000,uniform_ota_closed_form_expectation
FS1516,10000,0.95,24,7,medium,0.0500,0.00,0.950000,35000.000000,10571.428571,24428.571429,0.697959,1750.000000,528.571429,1354.500000,409.114286,0.774000,uniform_ota_closed_form_expectation
FS1517,10000,0.95,24,7,medium,0.0500,0.01,0.940500,35000.000000,10815.714286,24184.285714,0.690980,1750.000000,540.785714,1354.500000,418.568143,0.774000,uniform_ota_closed_form_expectation
FS1518,10000,0.95,24,7,medium,0.0500,0.05,0.902500,35000.000000,11792.857143,23207.142857,0.663061,1750.000000,589.642857,1354.500000,456.383571,0.774000,uniform_ota_closed_form_expectation
FS1519,10000,0.95,24,7,high,0.2000,0.00,0.950000,35000.000000,10571.428571,24428.571429,0.697959,7000.000000,2114.285714,5418.000000,1636.457143,0.774000,uniform_ota_closed_form_expectation
FS1520,10000,0.95,24,7,high,0.2000,0.01,0.940500,35000.000000,10815.714286,24184.285714,0.690980,7000.000000,2163.142857,5418.000000,1674.272571,0.774000,uniform_ota_closed_form_expectation
FS1521,10000,0.95,24,7,high,0.2000,0.05,0.902500,35000.000000,11792.857143,23207.142857,0.663061,7000.000000,2358.571429,5418.000000,1825.534286,0.774000,uniform_ota_closed_form_expectation
FS1522,10000,0.95,24,14,low,0.0100,0.00,0.950000,70000.000000,12660.714286,57339.285714,0.819133,700.000000,126.607143,541.800000,97.993929,0.774000,uniform_ota_closed_form_expectation
FS1523,10000,0.95,24,14,low,0.0100,0.01,0.940500,70000.000000,13234.107143,56765.892857,0.810941,700.000000,132.341071,541.800000,102.431989,0.774000,uniform_ota_closed_form_expectation
FS1524,10000,0.95,24,14,low,0.0100,0.05,0.902500,70000.000000,15527.678571,54472.321429,0.778176,700.000000,155.276786,541.800000,120.184232,0.774000,uniform_ota_closed_form_expectation
FS1525,10000,0.95,24,14,medium,0.0500,0.00,0.950000,70000.000000,12660.714286,57339.285714,0.819133,3500.000000,633.035714,2709.000000,489.969643,0.774000,uniform_ota_closed_form_expectation
FS1526,10000,0.95,24,14,medium,0.0500,0.01,0.940500,70000.000000,13234.107143,56765.892857,0.810941,3500.000000,661.705357,2709.000000,512.159946,0.774000,uniform_ota_closed_form_expectation
FS1527,10000,0.95,24,14,medium,0.0500,0.05,0.902500,70000.000000,15527.678571,54472.321429,0.778176,3500.000000,776.383929,2709.000000,600.921161,0.774000,uniform_ota_closed_form_expectation
FS1528,10000,0.95,24,14,high,0.2000,0.00,0.950000,70000.000000,12660.714286,57339.285714,0.819133,14000.000000,2532.142857,10836.000000,1959.878571,0.774000,uniform_ota_closed_form_expectation
FS1529,10000,0.95,24,14,high,0.2000,0.01,0.940500,70000.000000,13234.107143,56765.892857,0.810941,14000.000000,2646.821429,10836.000000,2048.639786,0.774000,uniform_ota_closed_form_expectation
FS1530,10000,0.95,24,14,high,0.2000,0.05,0.902500,70000.000000,15527.678571,54472.321429,0.778176,14000.000000,3105.535714,10836.000000,2403.684643,0.774000,uniform_ota_closed_form_expectation
FS1531,10000,0.95,24,30,low,0.0100,0.00,0.950000,150000.000000,16841.666667,133158.333333,0.887722,1500.000000,168.416667,1161.000000,130.354500,0.774000,uniform_ota_closed_form_expectation
FS1532,10000,0.95,24,30,low,0.0100,0.01,0.940500,150000.000000,18173.250000,131826.750000,0.878845,1500.000000,181.732500,1161.000000,140.660955,0.774000,uniform_ota_closed_form_expectation
FS1533,10000,0.95,24,30,low,0.0100,0.05,0.902500,150000.000000,23499.583333,126500.416667,0.843336,1500.000000,234.995833,1161.000000,181.886775,0.774000,uniform_ota_closed_form_expectation
FS1534,10000,0.95,24,30,medium,0.0500,0.00,0.950000,150000.000000,16841.666667,133158.333333,0.887722,7500.000000,842.083333,5805.000000,651.772500,0.774000,uniform_ota_closed_form_expectation
FS1535,10000,0.95,24,30,medium,0.0500,0.01,0.940500,150000.000000,18173.250000,131826.750000,0.878845,7500.000000,908.662500,5805.000000,703.304775,0.774000,uniform_ota_closed_form_expectation
FS1536,10000,0.95,24,30,medium,0.0500,0.05,0.902500,150000.000000,23499.583333,126500.416667,0.843336,7500.000000,1174.979167,5805.000000,909.433875,0.774000,uniform_ota_closed_form_expectation
FS1537,10000,0.95,24,30,high,0.2000,0.00,0.950000,150000.000000,16841.666667,133158.333333,0.887722,30000.000000,3368.333333,23220.000000,2607.090000,0.774000,uniform_ota_closed_form_expectation
FS1538,10000,0.95,24,30,high,0.2000,0.01,0.940500,150000.000000,18173.250000,131826.750000,0.878845,30000.000000,3634.650000,23220.000000,2813.219100,0.774000,uniform_ota_closed_form_expectation
FS1539,10000,0.95,24,30,high,0.2000,0.05,0.902500,150000.000000,23499.583333,126500.416667,0.843336,30000.000000,4699.916667,23220.000000,3637.735500,0.774000,uniform_ota_closed_form_expectation
FS1540,10000,0.95,24,60,low,0.0100,0.00,0.950000,300000.000000,24420.833333,275579.166667,0.918597,3000.000000,244.208333,2322.000000,189.017250,0.774000,uniform_ota_closed_form_expectation
FS1541,10000,0.95,24,60,low,0.0100,0.01,0.940500,300000.000000,27176.625000,272823.375000,0.909411,3000.000000,271.766250,2322.000000,210.347078,0.774000,uniform_ota_closed_form_expectation
FS1542,10000,0.95,24,60,low,0.0100,0.05,0.902500,300000.000000,38199.791667,261800.208333,0.872667,3000.000000,381.997917,2322.000000,295.666388,0.774000,uniform_ota_closed_form_expectation
FS1543,10000,0.95,24,60,medium,0.0500,0.00,0.950000,300000.000000,24420.833333,275579.166667,0.918597,15000.000000,1221.041667,11610.000000,945.086250,0.774000,uniform_ota_closed_form_expectation
FS1544,10000,0.95,24,60,medium,0.0500,0.01,0.940500,300000.000000,27176.625000,272823.375000,0.909411,15000.000000,1358.831250,11610.000000,1051.735388,0.774000,uniform_ota_closed_form_expectation
FS1545,10000,0.95,24,60,medium,0.0500,0.05,0.902500,300000.000000,38199.791667,261800.208333,0.872667,15000.000000,1909.989583,11610.000000,1478.331938,0.774000,uniform_ota_closed_form_expectation
FS1546,10000,0.95,24,60,high,0.2000,0.00,0.950000,300000.000000,24420.833333,275579.166667,0.918597,60000.000000,4884.166667,46440.000000,3780.345000,0.774000,uniform_ota_closed_form_expectation
FS1547,10000,0.95,24,60,high,0.2000,0.01,0.940500,300000.000000,27176.625000,272823.375000,0.909411,60000.000000,5435.325000,46440.000000,4206.941550,0.774000,uniform_ota_closed_form_expectation
FS1548,10000,0.95,24,60,high,0.2000,0.05,0.902500,300000.000000,38199.791667,261800.208333,0.872667,60000.000000,7639.958333,46440.000000,5913.327750,0.774000,uniform_ota_closed_form_expectation
FS1549,10000,0.95,72,7,low,0.0100,0.00,0.950000,35000.000000,24142.857143,10857.142857,0.310204,350.000000,241.428571,270.900000,186.865714,0.774000,uniform_ota_closed_form_expectation
FS1550,10000,0.95,72,7,low,0.0100,0.01,0.940500,35000.000000,24251.428571,10748.571429,0.307102,350.000000,242.514286,270.900000,187.706057,0.774000,uniform_ota_closed_form_expectation
FS1551,10000,0.95,72,7,low,0.0100,0.05,0.902500,35000.000000,24685.714286,10314.285714,0.294694,350.000000,246.857143,270.900000,191.067429,0.774000,uniform_ota_closed_form_expectation
FS1552,10000,0.95,72,7,medium,0.0500,0.00,0.950000,35000.000000,24142.857143,10857.142857,0.310204,1750.000000,1207.142857,1354.500000,934.328571,0.774000,uniform_ota_closed_form_expectation
FS1553,10000,0.95,72,7,medium,0.0500,0.01,0.940500,35000.000000,24251.428571,10748.571429,0.307102,1750.000000,1212.571429,1354.500000,938.530286,0.774000,uniform_ota_closed_form_expectation
FS1554,10000,0.95,72,7,medium,0.0500,0.05,0.902500,35000.000000,24685.714286,10314.285714,0.294694,1750.000000,1234.285714,1354.500000,955.337143,0.774000,uniform_ota_closed_form_expectation
FS1555,10000,0.95,72,7,high,0.2000,0.00,0.950000,35000.000000,24142.857143,10857.142857,0.310204,7000.000000,4828.571429,5418.000000,3737.314286,0.774000,uniform_ota_closed_form_expectation
FS1556,10000,0.95,72,7,high,0.2000,0.01,0.940500,35000.000000,24251.428571,10748.571429,0.307102,7000.000000,4850.285714,5418.000000,3754.121143,0.774000,uniform_ota_closed_form_expectation
FS1557,10000,0.95,72,7,high,0.2000,0.05,0.902500,35000.000000,24685.714286,10314.285714,0.294694,7000.000000,4937.142857,5418.000000,3821.348571,0.774000,uniform_ota_closed_form_expectation
FS1558,10000,0.95,72,14,low,0.0100,0.00,0.950000,70000.000000,28946.428571,41053.571429,0.586480,700.000000,289.464286,541.800000,224.045357,0.774000,uniform_ota_closed_form_expectation
FS1559,10000,0.95,72,14,low,0.0100,0.01,0.940500,70000.000000,29356.964286,40643.035714,0.580615,700.000000,293.569643,541.800000,227.222904,0.774000,uniform_ota_closed_form_expectation
FS1560,10000,0.95,72,14,low,0.0100,0.05,0.902500,70000.000000,30999.107143,39000.892857,0.557156,700.000000,309.991071,541.800000,239.933089,0.774000,uniform_ota_closed_form_expectation
FS1561,10000,0.95,72,14,medium,0.0500,0.00,0.950000,70000.000000,28946.428571,41053.571429,0.586480,3500.000000,1447.321429,2709.000000,1120.226786,0.774000,uniform_ota_closed_form_expectation
FS1562,10000,0.95,72,14,medium,0.0500,0.01,0.940500,70000.000000,29356.964286,40643.035714,0.580615,3500.000000,1467.848214,2709.000000,1136.114518,0.774000,uniform_ota_closed_form_expectation
FS1563,10000,0.95,72,14,medium,0.0500,0.05,0.902500,70000.000000,30999.107143,39000.892857,0.557156,3500.000000,1549.955357,2709.000000,1199.665446,0.774000,uniform_ota_closed_form_expectation
FS1564,10000,0.95,72,14,high,0.2000,0.00,0.950000,70000.000000,28946.428571,41053.571429,0.586480,14000.000000,5789.285714,10836.000000,4480.907143,0.774000,uniform_ota_closed_form_expectation
FS1565,10000,0.95,72,14,high,0.2000,0.01,0.940500,70000.000000,29356.964286,40643.035714,0.580615,14000.000000,5871.392857,10836.000000,4544.458071,0.774000,uniform_ota_closed_form_expectation
FS1566,10000,0.95,72,14,high,0.2000,0.05,0.902500,70000.000000,30999.107143,39000.892857,0.557156,14000.000000,6199.821429,10836.000000,4798.661786,0.774000,uniform_ota_closed_form_expectation
FS1567,10000,0.95,72,30,low,0.0100,0.00,0.950000,150000.000000,34575.000000,115425.000000,0.769500,1500.000000,345.750000,1161.000000,267.610500,0.774000,uniform_ota_closed_form_expectation
FS1568,10000,0.95,72,30,low,0.0100,0.01,0.940500,150000.000000,35729.250000,114270.750000,0.761805,1500.000000,357.292500,1161.000000,276.544395,0.774000,uniform_ota_closed_form_expectation
FS1569,10000,0.95,72,30,low,0.0100,0.05,0.902500,150000.000000,40346.250000,109653.750000,0.731025,1500.000000,403.462500,1161.000000,312.279975,0.774000,uniform_ota_closed_form_expectation
FS1570,10000,0.95,72,30,medium,0.0500,0.00,0.950000,150000.000000,34575.000000,115425.000000,0.769500,7500.000000,1728.750000,5805.000000,1338.052500,0.774000,uniform_ota_closed_form_expectation
FS1571,10000,0.95,72,30,medium,0.0500,0.01,0.940500,150000.000000,35729.250000,114270.750000,0.761805,7500.000000,1786.462500,5805.000000,1382.721975,0.774000,uniform_ota_closed_form_expectation
FS1572,10000,0.95,72,30,medium,0.0500,0.05,0.902500,150000.000000,40346.250000,109653.750000,0.731025,7500.000000,2017.312500,5805.000000,1561.399875,0.774000,uniform_ota_closed_form_expectation
FS1573,10000,0.95,72,30,high,0.2000,0.00,0.950000,150000.000000,34575.000000,115425.000000,0.769500,30000.000000,6915.000000,23220.000000,5352.210000,0.774000,uniform_ota_closed_form_expectation
FS1574,10000,0.95,72,30,high,0.2000,0.01,0.940500,150000.000000,35729.250000,114270.750000,0.761805,30000.000000,7145.850000,23220.000000,5530.887900,0.774000,uniform_ota_closed_form_expectation
FS1575,10000,0.95,72,30,high,0.2000,0.05,0.902500,150000.000000,40346.250000,109653.750000,0.731025,30000.000000,8069.250000,23220.000000,6245.599500,0.774000,uniform_ota_closed_form_expectation
FS1576,10000,0.95,72,60,low,0.0100,0.00,0.950000,300000.000000,42787.500000,257212.500000,0.857375,3000.000000,427.875000,2322.000000,331.175250,0.774000,uniform_ota_closed_form_expectation
FS1577,10000,0.95,72,60,low,0.0100,0.01,0.940500,300000.000000,45359.625000,254640.375000,0.848801,3000.000000,453.596250,2322.000000,351.083498,0.774000,uniform_ota_closed_form_expectation
FS1578,10000,0.95,72,60,low,0.0100,0.05,0.902500,300000.000000,55648.125000,244351.875000,0.814506,3000.000000,556.481250,2322.000000,430.716488,0.774000,uniform_ota_closed_form_expectation
FS1579,10000,0.95,72,60,medium,0.0500,0.00,0.950000,300000.000000,42787.500000,257212.500000,0.857375,15000.000000,2139.375000,11610.000000,1655.876250,0.774000,uniform_ota_closed_form_expectation
FS1580,10000,0.95,72,60,medium,0.0500,0.01,0.940500,300000.000000,45359.625000,254640.375000,0.848801,15000.000000,2267.981250,11610.000000,1755.417488,0.774000,uniform_ota_closed_form_expectation
FS1581,10000,0.95,72,60,medium,0.0500,0.05,0.902500,300000.000000,55648.125000,244351.875000,0.814506,15000.000000,2782.406250,11610.000000,2153.582438,0.774000,uniform_ota_closed_form_expectation
FS1582,10000,0.95,72,60,high,0.2000,0.00,0.950000,300000.000000,42787.500000,257212.500000,0.857375,60000.000000,8557.500000,46440.000000,6623.505000,0.774000,uniform_ota_closed_form_expectation
FS1583,10000,0.95,72,60,high,0.2000,0.01,0.940500,300000.000000,45359.625000,254640.375000,0.848801,60000.000000,9071.925000,46440.000000,7021.669950,0.774000,uniform_ota_closed_form_expectation
FS1584,10000,0.95,72,60,high,0.2000,0.05,0.902500,300000.000000,55648.125000,244351.875000,0.814506,60000.000000,11129.625000,46440.000000,8614.329750,0.774000,uniform_ota_closed_form_expectation
FS1585,10000,1.00,1,7,low,0.0100,0.00,1.000000,35000.000000,415.426587,34584.573413,0.988131,350.000000,4.154266,270.900000,3.215402,0.774000,uniform_ota_closed_form_expectation
FS1586,10000,1.00,1,7,low,0.0100,0.01,0.990000,35000.000000,761.272321,34238.727679,0.978249,350.000000,7.612723,270.900000,5.892248,0.774000,uniform_ota_closed_form_expectation
FS1587,10000,1.00,1,7,low,0.0100,0.05,0.950000,35000.000000,2144.655258,32855.344742,0.938724,350.000000,21.446553,270.900000,16.599632,0.774000,uniform_ota_closed_form_expectation
FS1588,10000,1.00,1,7,medium,0.0500,0.00,1.000000,35000.000000,415.426587,34584.573413,0.988131,1750.000000,20.771329,1354.500000,16.077009,0.774000,uniform_ota_closed_form_expectation
FS1589,10000,1.00,1,7,medium,0.0500,0.01,0.990000,35000.000000,761.272321,34238.727679,0.978249,1750.000000,38.063616,1354.500000,29.461239,0.774000,uniform_ota_closed_form_expectation
FS1590,10000,1.00,1,7,medium,0.0500,0.05,0.950000,35000.000000,2144.655258,32855.344742,0.938724,1750.000000,107.232763,1354.500000,82.998158,0.774000,uniform_ota_closed_form_expectation
FS1591,10000,1.00,1,7,high,0.2000,0.00,1.000000,35000.000000,415.426587,34584.573413,0.988131,7000.000000,83.085317,5418.000000,64.308036,0.774000,uniform_ota_closed_form_expectation
FS1592,10000,1.00,1,7,high,0.2000,0.01,0.990000,35000.000000,761.272321,34238.727679,0.978249,7000.000000,152.254464,5418.000000,117.844955,0.774000,uniform_ota_closed_form_expectation
FS1593,10000,1.00,1,7,high,0.2000,0.05,0.950000,35000.000000,2144.655258,32855.344742,0.938724,7000.000000,428.931052,5418.000000,331.992634,0.774000,uniform_ota_closed_form_expectation
FS1594,10000,1.00,1,14,low,0.0100,0.00,1.000000,70000.000000,416.046627,69583.953373,0.994056,700.000000,4.160466,541.800000,3.220201,0.774000,uniform_ota_closed_form_expectation
FS1595,10000,1.00,1,14,low,0.0100,0.01,0.990000,70000.000000,1111.886161,68888.113839,0.984116,700.000000,11.118862,541.800000,8.605999,0.774000,uniform_ota_closed_form_expectation
FS1596,10000,1.00,1,14,low,0.0100,0.05,0.950000,70000.000000,3895.244296,66104.755704,0.944354,700.000000,38.952443,541.800000,30.149191,0.774000,uniform_ota_closed_form_expectation
FS1597,10000,1.00,1,14,medium,0.0500,0.00,1.000000,70000.000000,416.046627,69583.953373,0.994056,3500.000000,20.802331,2709.000000,16.101004,0.774000,uniform_ota_closed_form_expectation
FS1598,10000,1.00,1,14,medium,0.0500,0.01,0.990000,70000.000000,1111.886161,68888.113839,0.984116,3500.000000,55.594308,2709.000000,43.029994,0.774000,uniform_ota_closed_form_expectation
FS1599,10000,1.00,1,14,medium,0.0500,0.05,0.950000,70000.000000,3895.244296,66104.755704,0.944354,3500.000000,194.762215,2709.000000,150.745954,0.774000,uniform_ota_closed_form_expectation
FS1600,10000,1.00,1,14,high,0.2000,0.00,1.000000,70000.000000,416.046627,69583.953373,0.994056,14000.000000,83.209325,10836.000000,64.404018,0.774000,uniform_ota_closed_form_expectation
FS1601,10000,1.00,1,14,high,0.2000,0.01,0.990000,70000.000000,1111.886161,68888.113839,0.984116,14000.000000,222.377232,10836.000000,172.119978,0.774000,uniform_ota_closed_form_expectation
FS1602,10000,1.00,1,14,high,0.2000,0.05,0.950000,70000.000000,3895.244296,66104.755704,0.944354,14000.000000,779.048859,10836.000000,602.983817,0.774000,uniform_ota_closed_form_expectation
FS1603,10000,1.00,1,30,low,0.0100,0.00,1.000000,150000.000000,416.377315,149583.622685,0.997224,1500.000000,4.163773,1161.000000,3.222760,0.774000,uniform_ota_closed_form_expectation
FS1604,10000,1.00,1,30,low,0.0100,0.01,0.990000,150000.000000,1912.213542,148087.786458,0.987252,1500.000000,19.122135,1161.000000,14.800533,0.774000,uniform_ota_closed_form_expectation
FS1605,10000,1.00,1,30,low,0.0100,0.05,0.950000,150000.000000,7895.558449,142104.441551,0.947363,1500.000000,78.955584,1161.000000,61.111622,0.774000,uniform_ota_closed_form_expectation
FS1606,10000,1.00,1,30,medium,0.0500,0.00,1.000000,150000.000000,416.377315,149583.622685,0.997224,7500.000000,20.818866,5805.000000,16.113802,0.774000,uniform_ota_closed_form_expectation
FS1607,10000,1.00,1,30,medium,0.0500,0.01,0.990000,150000.000000,1912.213542,148087.786458,0.987252,7500.000000,95.610677,5805.000000,74.002664,0.774000,uniform_ota_closed_form_expectation
FS1608,10000,1.00,1,30,medium,0.0500,0.05,0.950000,150000.000000,7895.558449,142104.441551,0.947363,7500.000000,394.777922,5805.000000,305.558112,0.774000,uniform_ota_closed_form_expectation
FS1609,10000,1.00,1,30,high,0.2000,0.00,1.000000,150000.000000,416.377315,149583.622685,0.997224,30000.000000,83.275463,23220.000000,64.455208,0.774000,uniform_ota_closed_form_expectation
FS1610,10000,1.00,1,30,high,0.2000,0.01,0.990000,150000.000000,1912.213542,148087.786458,0.987252,30000.000000,382.442708,23220.000000,296.010656,0.774000,uniform_ota_closed_form_expectation
FS1611,10000,1.00,1,30,high,0.2000,0.05,0.950000,150000.000000,7895.558449,142104.441551,0.947363,30000.000000,1579.111690,23220.000000,1222.232448,0.774000,uniform_ota_closed_form_expectation
FS1612,10000,1.00,1,60,low,0.0100,0.00,1.000000,300000.000000,416.521991,299583.478009,0.998612,3000.000000,4.165220,2322.000000,3.223880,0.774000,uniform_ota_closed_form_expectation
FS1613,10000,1.00,1,60,low,0.0100,0.01,0.990000,300000.000000,3412.356771,296587.643229,0.988625,3000.000000,34.123568,2322.000000,26.411641,0.774000,uniform_ota_closed_form_expectation
FS1614,10000,1.00,1,60,low,0.0100,0.05,0.950000,300000.000000,15395.695891,284604.304109,0.948681,3000.000000,153.956959,2322.000000,119.162686,0.774000,uniform_ota_closed_form_expectation
FS1615,10000,1.00,1,60,medium,0.0500,0.00,1.000000,300000.000000,416.521991,299583.478009,0.998612,15000.000000,20.826100,11610.000000,16.119401,0.774000,uniform_ota_closed_form_expectation
FS1616,10000,1.00,1,60,medium,0.0500,0.01,0.990000,300000.000000,3412.356771,296587.643229,0.988625,15000.000000,170.617839,11610.000000,132.058207,0.774000,uniform_ota_closed_form_expectation
FS1617,10000,1.00,1,60,medium,0.0500,0.05,0.950000,300000.000000,15395.695891,284604.304109,0.948681,15000.000000,769.784795,11610.000000,595.813431,0.774000,uniform_ota_closed_form_expectation
FS1618,10000,1.00,1,60,high,0.2000,0.00,1.000000,300000.000000,416.521991,299583.478009,0.998612,60000.000000,83.304398,46440.000000,64.477604,0.774000,uniform_ota_closed_form_expectation
FS1619,10000,1.00,1,60,high,0.2000,0.01,0.990000,300000.000000,3412.356771,296587.643229,0.988625,60000.000000,682.471354,46440.000000,528.232828,0.774000,uniform_ota_closed_form_expectation
FS1620,10000,1.00,1,60,high,0.2000,0.05,0.950000,300000.000000,15395.695891,284604.304109,0.948681,60000.000000,3079.139178,46440.000000,2383.253724,0.774000,uniform_ota_closed_form_expectation
FS1621,10000,1.00,6,7,low,0.0100,0.00,1.000000,35000.000000,2455.357143,32544.642857,0.929847,350.000000,24.553571,270.900000,19.004464,0.774000,uniform_ota_closed_form_expectation
FS1622,10000,1.00,6,7,low,0.0100,0.01,0.990000,35000.000000,2780.803571,32219.196429,0.920548,350.000000,27.808036,270.900000,21.523420,0.774000,uniform_ota_closed_form_expectation
FS1623,10000,1.00,6,7,low,0.0100,0.05,0.950000,35000.000000,4082.589286,30917.410714,0.883355,350.000000,40.825893,270.900000,31.599241,0.774000,uniform_ota_closed_form_expectation
FS1624,10000,1.00,6,7,medium,0.0500,0.00,1.000000,35000.000000,2455.357143,32544.642857,0.929847,1750.000000,122.767857,1354.500000,95.022321,0.774000,uniform_ota_closed_form_expectation
FS1625,10000,1.00,6,7,medium,0.0500,0.01,0.990000,35000.000000,2780.803571,32219.196429,0.920548,1750.000000,139.040179,1354.500000,107.617098,0.774000,uniform_ota_closed_form_expectation
FS1626,10000,1.00,6,7,medium,0.0500,0.05,0.950000,35000.000000,4082.589286,30917.410714,0.883355,1750.000000,204.129464,1354.500000,157.996205,0.774000,uniform_ota_closed_form_expectation
FS1627,10000,1.00,6,7,high,0.2000,0.00,1.000000,35000.000000,2455.357143,32544.642857,0.929847,7000.000000,491.071429,5418.000000,380.089286,0.774000,uniform_ota_closed_form_expectation
FS1628,10000,1.00,6,7,high,0.2000,0.01,0.990000,35000.000000,2780.803571,32219.196429,0.920548,7000.000000,556.160714,5418.000000,430.468393,0.774000,uniform_ota_closed_form_expectation
FS1629,10000,1.00,6,7,high,0.2000,0.05,0.950000,35000.000000,4082.589286,30917.410714,0.883355,7000.000000,816.517857,5418.000000,631.984821,0.774000,uniform_ota_closed_form_expectation
FS1630,10000,1.00,6,14,low,0.0100,0.00,1.000000,70000.000000,2477.678571,67522.321429,0.964605,700.000000,24.776786,541.800000,19.177232,0.774000,uniform_ota_closed_form_expectation
FS1631,10000,1.00,6,14,low,0.0100,0.01,0.990000,70000.000000,3152.901786,66847.098214,0.954959,700.000000,31.529018,541.800000,24.403460,0.774000,uniform_ota_closed_form_expectation
FS1632,10000,1.00,6,14,low,0.0100,0.05,0.950000,70000.000000,5853.794643,64146.205357,0.916374,700.000000,58.537946,541.800000,45.308371,0.774000,uniform_ota_closed_form_expectation
FS1633,10000,1.00,6,14,medium,0.0500,0.00,1.000000,70000.000000,2477.678571,67522.321429,0.964605,3500.000000,123.883929,2709.000000,95.886161,0.774000,uniform_ota_closed_form_expectation
FS1634,10000,1.00,6,14,medium,0.0500,0.01,0.990000,70000.000000,3152.901786,66847.098214,0.954959,3500.000000,157.645089,2709.000000,122.017299,0.774000,uniform_ota_closed_form_expectation
FS1635,10000,1.00,6,14,medium,0.0500,0.05,0.950000,70000.000000,5853.794643,64146.205357,0.916374,3500.000000,292.689732,2709.000000,226.541853,0.774000,uniform_ota_closed_form_expectation
FS1636,10000,1.00,6,14,high,0.2000,0.00,1.000000,70000.000000,2477.678571,67522.321429,0.964605,14000.000000,495.535714,10836.000000,383.544643,0.774000,uniform_ota_closed_form_expectation
FS1637,10000,1.00,6,14,high,0.2000,0.01,0.990000,70000.000000,3152.901786,66847.098214,0.954959,14000.000000,630.580357,10836.000000,488.069196,0.774000,uniform_ota_closed_form_expectation
FS1638,10000,1.00,6,14,high,0.2000,0.05,0.950000,70000.000000,5853.794643,64146.205357,0.916374,14000.000000,1170.758929,10836.000000,906.167411,0.774000,uniform_ota_closed_form_expectation
FS1639,10000,1.00,6,30,low,0.0100,0.00,1.000000,150000.000000,2489.583333,147510.416667,0.983403,1500.000000,24.895833,1161.000000,19.269375,0.774000,uniform_ota_closed_form_expectation
FS1640,10000,1.00,6,30,low,0.0100,0.01,0.990000,150000.000000,3964.687500,146035.312500,0.973569,1500.000000,39.646875,1161.000000,30.686681,0.774000,uniform_ota_closed_form_expectation
FS1641,10000,1.00,6,30,low,0.0100,0.05,0.950000,150000.000000,9865.104167,140134.895833,0.934233,1500.000000,98.651042,1161.000000,76.355906,0.774000,uniform_ota_closed_form_expectation
FS1642,10000,1.00,6,30,medium,0.0500,0.00,1.000000,150000.000000,2489.583333,147510.416667,0.983403,7500.000000,124.479167,5805.000000,96.346875,0.774000,uniform_ota_closed_form_expectation
FS1643,10000,1.00,6,30,medium,0.0500,0.01,0.990000,150000.000000,3964.687500,146035.312500,0.973569,7500.000000,198.234375,5805.000000,153.433406,0.774000,uniform_ota_closed_form_expectation
FS1644,10000,1.00,6,30,medium,0.0500,0.05,0.950000,150000.000000,9865.104167,140134.895833,0.934233,7500.000000,493.255208,5805.000000,381.779531,0.774000,uniform_ota_closed_form_expectation
FS1645,10000,1.00,6,30,high,0.2000,0.00,1.000000,150000.000000,2489.583333,147510.416667,0.983403,30000.000000,497.916667,23220.000000,385.387500,0.774000,uniform_ota_closed_form_expectation
FS1646,10000,1.00,6,30,high,0.2000,0.01,0.990000,150000.000000,3964.687500,146035.312500,0.973569,30000.000000,792.937500,23220.000000,613.733625,0.774000,uniform_ota_closed_form_expectation
FS1647,10000,1.00,6,30,high,0.2000,0.05,0.950000,150000.000000,9865.104167,140134.895833,0.934233,30000.000000,1973.020833,23220.000000,1527.118125,0.774000,uniform_ota_closed_form_expectation
FS1648,10000,1.00,6,60,low,0.0100,0.00,1.000000,300000.000000,2494.791667,297505.208333,0.991684,3000.000000,24.947917,2322.000000,19.309687,0.774000,uniform_ota_closed_form_expectation
FS1649,10000,1.00,6,60,low,0.0100,0.01,0.990000,300000.000000,5469.843750,294530.156250,0.981767,3000.000000,54.698438,2322.000000,42.336591,0.774000,uniform_ota_closed_form_expectation
FS1650,10000,1.00,6,60,low,0.0100,0.05,0.950000,300000.000000,17370.052083,282629.947917,0.942100,3000.000000,173.700521,2322.000000,134.444203,0.774000,uniform_ota_closed_form_expectation
FS1651,10000,1.00,6,60,medium,0.0500,0.00,1.000000,300000.000000,2494.791667,297505.208333,0.991684,15000.000000,124.739583,11610.000000,96.548438,0.774000,uniform_ota_closed_form_expectation
FS1652,10000,1.00,6,60,medium,0.0500,0.01,0.990000,300000.000000,5469.843750,294530.156250,0.981767,15000.000000,273.492188,11610.000000,211.682953,0.774000,uniform_ota_closed_form_expectation
FS1653,10000,1.00,6,60,medium,0.0500,0.05,0.950000,300000.000000,17370.052083,282629.947917,0.942100,15000.000000,868.502604,11610.000000,672.221016,0.774000,uniform_ota_closed_form_expectation
FS1654,10000,1.00,6,60,high,0.2000,0.00,1.000000,300000.000000,2494.791667,297505.208333,0.991684,60000.000000,498.958333,46440.000000,386.193750,0.774000,uniform_ota_closed_form_expectation
FS1655,10000,1.00,6,60,high,0.2000,0.01,0.990000,300000.000000,5469.843750,294530.156250,0.981767,60000.000000,1093.968750,46440.000000,846.731813,0.774000,uniform_ota_closed_form_expectation
FS1656,10000,1.00,6,60,high,0.2000,0.05,0.950000,300000.000000,17370.052083,282629.947917,0.942100,60000.000000,3474.010417,46440.000000,2688.884063,0.774000,uniform_ota_closed_form_expectation
FS1657,10000,1.00,24,7,low,0.0100,0.00,1.000000,35000.000000,9285.714286,25714.285714,0.734694,350.000000,92.857143,270.900000,71.871429,0.774000,uniform_ota_closed_form_expectation
FS1658,10000,1.00,24,7,low,0.0100,0.01,0.990000,35000.000000,9542.857143,25457.142857,0.727347,350.000000,95.428571,270.900000,73.861714,0.774000,uniform_ota_closed_form_expectation
FS1659,10000,1.00,24,7,low,0.0100,0.05,0.950000,35000.000000,10571.428571,24428.571429,0.697959,350.000000,105.714286,270.900000,81.822857,0.774000,uniform_ota_closed_form_expectation
FS1660,10000,1.00,24,7,medium,0.0500,0.00,1.000000,35000.000000,9285.714286,25714.285714,0.734694,1750.000000,464.285714,1354.500000,359.357143,0.774000,uniform_ota_closed_form_expectation
FS1661,10000,1.00,24,7,medium,0.0500,0.01,0.990000,35000.000000,9542.857143,25457.142857,0.727347,1750.000000,477.142857,1354.500000,369.308571,0.774000,uniform_ota_closed_form_expectation
FS1662,10000,1.00,24,7,medium,0.0500,0.05,0.950000,35000.000000,10571.428571,24428.571429,0.697959,1750.000000,528.571429,1354.500000,409.114286,0.774000,uniform_ota_closed_form_expectation
FS1663,10000,1.00,24,7,high,0.2000,0.00,1.000000,35000.000000,9285.714286,25714.285714,0.734694,7000.000000,1857.142857,5418.000000,1437.428571,0.774000,uniform_ota_closed_form_expectation
FS1664,10000,1.00,24,7,high,0.2000,0.01,0.990000,35000.000000,9542.857143,25457.142857,0.727347,7000.000000,1908.571429,5418.000000,1477.234286,0.774000,uniform_ota_closed_form_expectation
FS1665,10000,1.00,24,7,high,0.2000,0.05,0.950000,35000.000000,10571.428571,24428.571429,0.697959,7000.000000,2114.285714,5418.000000,1636.457143,0.774000,uniform_ota_closed_form_expectation
FS1666,10000,1.00,24,14,low,0.0100,0.00,1.000000,70000.000000,9642.857143,60357.142857,0.862245,700.000000,96.428571,541.800000,74.635714,0.774000,uniform_ota_closed_form_expectation
FS1667,10000,1.00,24,14,low,0.0100,0.01,0.990000,70000.000000,10246.428571,59753.571429,0.853622,700.000000,102.464286,541.800000,79.307357,0.774000,uniform_ota_closed_form_expectation
FS1668,10000,1.00,24,14,low,0.0100,0.05,0.950000,70000.000000,12660.714286,57339.285714,0.819133,700.000000,126.607143,541.800000,97.993929,0.774000,uniform_ota_closed_form_expectation
FS1669,10000,1.00,24,14,medium,0.0500,0.00,1.000000,70000.000000,9642.857143,60357.142857,0.862245,3500.000000,482.142857,2709.000000,373.178571,0.774000,uniform_ota_closed_form_expectation
FS1670,10000,1.00,24,14,medium,0.0500,0.01,0.990000,70000.000000,10246.428571,59753.571429,0.853622,3500.000000,512.321429,2709.000000,396.536786,0.774000,uniform_ota_closed_form_expectation
FS1671,10000,1.00,24,14,medium,0.0500,0.05,0.950000,70000.000000,12660.714286,57339.285714,0.819133,3500.000000,633.035714,2709.000000,489.969643,0.774000,uniform_ota_closed_form_expectation
FS1672,10000,1.00,24,14,high,0.2000,0.00,1.000000,70000.000000,9642.857143,60357.142857,0.862245,14000.000000,1928.571429,10836.000000,1492.714286,0.774000,uniform_ota_closed_form_expectation
FS1673,10000,1.00,24,14,high,0.2000,0.01,0.990000,70000.000000,10246.428571,59753.571429,0.853622,14000.000000,2049.285714,10836.000000,1586.147143,0.774000,uniform_ota_closed_form_expectation
FS1674,10000,1.00,24,14,high,0.2000,0.05,0.950000,70000.000000,12660.714286,57339.285714,0.819133,14000.000000,2532.142857,10836.000000,1959.878571,0.774000,uniform_ota_closed_form_expectation
FS1675,10000,1.00,24,30,low,0.0100,0.00,1.000000,150000.000000,9833.333333,140166.666667,0.934444,1500.000000,98.333333,1161.000000,76.110000,0.774000,uniform_ota_closed_form_expectation
FS1676,10000,1.00,24,30,low,0.0100,0.01,0.990000,150000.000000,11235.000000,138765.000000,0.925100,1500.000000,112.350000,1161.000000,86.958900,0.774000,uniform_ota_closed_form_expectation
FS1677,10000,1.00,24,30,low,0.0100,0.05,0.950000,150000.000000,16841.666667,133158.333333,0.887722,1500.000000,168.416667,1161.000000,130.354500,0.774000,uniform_ota_closed_form_expectation
FS1678,10000,1.00,24,30,medium,0.0500,0.00,1.000000,150000.000000,9833.333333,140166.666667,0.934444,7500.000000,491.666667,5805.000000,380.550000,0.774000,uniform_ota_closed_form_expectation
FS1679,10000,1.00,24,30,medium,0.0500,0.01,0.990000,150000.000000,11235.000000,138765.000000,0.925100,7500.000000,561.750000,5805.000000,434.794500,0.774000,uniform_ota_closed_form_expectation
FS1680,10000,1.00,24,30,medium,0.0500,0.05,0.950000,150000.000000,16841.666667,133158.333333,0.887722,7500.000000,842.083333,5805.000000,651.772500,0.774000,uniform_ota_closed_form_expectation
FS1681,10000,1.00,24,30,high,0.2000,0.00,1.000000,150000.000000,9833.333333,140166.666667,0.934444,30000.000000,1966.666667,23220.000000,1522.200000,0.774000,uniform_ota_closed_form_expectation
FS1682,10000,1.00,24,30,high,0.2000,0.01,0.990000,150000.000000,11235.000000,138765.000000,0.925100,30000.000000,2247.000000,23220.000000,1739.178000,0.774000,uniform_ota_closed_form_expectation
FS1683,10000,1.00,24,30,high,0.2000,0.05,0.950000,150000.000000,16841.666667,133158.333333,0.887722,30000.000000,3368.333333,23220.000000,2607.090000,0.774000,uniform_ota_closed_form_expectation
FS1684,10000,1.00,24,60,low,0.0100,0.00,1.000000,300000.000000,9916.666667,290083.333333,0.966944,3000.000000,99.166667,2322.000000,76.755000,0.774000,uniform_ota_closed_form_expectation
FS1685,10000,1.00,24,60,low,0.0100,0.01,0.990000,300000.000000,12817.500000,287182.500000,0.957275,3000.000000,128.175000,2322.000000,99.207450,0.774000,uniform_ota_closed_form_expectation
FS1686,10000,1.00,24,60,low,0.0100,0.05,0.950000,300000.000000,24420.833333,275579.166667,0.918597,3000.000000,244.208333,2322.000000,189.017250,0.774000,uniform_ota_closed_form_expectation
FS1687,10000,1.00,24,60,medium,0.0500,0.00,1.000000,300000.000000,9916.666667,290083.333333,0.966944,15000.000000,495.833333,11610.000000,383.775000,0.774000,uniform_ota_closed_form_expectation
FS1688,10000,1.00,24,60,medium,0.0500,0.01,0.990000,300000.000000,12817.500000,287182.500000,0.957275,15000.000000,640.875000,11610.000000,496.037250,0.774000,uniform_ota_closed_form_expectation
FS1689,10000,1.00,24,60,medium,0.0500,0.05,0.950000,300000.000000,24420.833333,275579.166667,0.918597,15000.000000,1221.041667,11610.000000,945.086250,0.774000,uniform_ota_closed_form_expectation
FS1690,10000,1.00,24,60,high,0.2000,0.00,1.000000,300000.000000,9916.666667,290083.333333,0.966944,60000.000000,1983.333333,46440.000000,1535.100000,0.774000,uniform_ota_closed_form_expectation
FS1691,10000,1.00,24,60,high,0.2000,0.01,0.990000,300000.000000,12817.500000,287182.500000,0.957275,60000.000000,2563.500000,46440.000000,1984.149000,0.774000,uniform_ota_closed_form_expectation
FS1692,10000,1.00,24,60,high,0.2000,0.05,0.950000,300000.000000,24420.833333,275579.166667,0.918597,60000.000000,4884.166667,46440.000000,3780.345000,0.774000,uniform_ota_closed_form_expectation
FS1693,10000,1.00,72,7,low,0.0100,0.00,1.000000,35000.000000,23571.428571,11428.571429,0.326531,350.000000,235.714286,270.900000,182.442857,0.774000,uniform_ota_closed_form_expectation
FS1694,10000,1.00,72,7,low,0.0100,0.01,0.990000,35000.000000,23685.714286,11314.285714,0.323265,350.000000,236.857143,270.900000,183.327429,0.774000,uniform_ota_closed_form_expectation
FS1695,10000,1.00,72,7,low,0.0100,0.05,0.950000,35000.000000,24142.857143,10857.142857,0.310204,350.000000,241.428571,270.900000,186.865714,0.774000,uniform_ota_closed_form_expectation
FS1696,10000,1.00,72,7,medium,0.0500,0.00,1.000000,35000.000000,23571.428571,11428.571429,0.326531,1750.000000,1178.571429,1354.500000,912.214286,0.774000,uniform_ota_closed_form_expectation
FS1697,10000,1.00,72,7,medium,0.0500,0.01,0.990000,35000.000000,23685.714286,11314.285714,0.323265,1750.000000,1184.285714,1354.500000,916.637143,0.774000,uniform_ota_closed_form_expectation
FS1698,10000,1.00,72,7,medium,0.0500,0.05,0.950000,35000.000000,24142.857143,10857.142857,0.310204,1750.000000,1207.142857,1354.500000,934.328571,0.774000,uniform_ota_closed_form_expectation
FS1699,10000,1.00,72,7,high,0.2000,0.00,1.000000,35000.000000,23571.428571,11428.571429,0.326531,7000.000000,4714.285714,5418.000000,3648.857143,0.774000,uniform_ota_closed_form_expectation
FS1700,10000,1.00,72,7,high,0.2000,0.01,0.990000,35000.000000,23685.714286,11314.285714,0.323265,7000.000000,4737.142857,5418.000000,3666.548571,0.774000,uniform_ota_closed_form_expectation
FS1701,10000,1.00,72,7,high,0.2000,0.05,0.950000,35000.000000,24142.857143,10857.142857,0.310204,7000.000000,4828.571429,5418.000000,3737.314286,0.774000,uniform_ota_closed_form_expectation
FS1702,10000,1.00,72,14,low,0.0100,0.00,1.000000,70000.000000,26785.714286,43214.285714,0.617347,700.000000,267.857143,541.800000,207.321429,0.774000,uniform_ota_closed_form_expectation
FS1703,10000,1.00,72,14,low,0.0100,0.01,0.990000,70000.000000,27217.857143,42782.142857,0.611173,700.000000,272.178571,541.800000,210.666214,0.774000,uniform_ota_closed_form_expectation
FS1704,10000,1.00,72,14,low,0.0100,0.05,0.950000,70000.000000,28946.428571,41053.571429,0.586480,700.000000,289.464286,541.800000,224.045357,0.774000,uniform_ota_closed_form_expectation
FS1705,10000,1.00,72,14,medium,0.0500,0.00,1.000000,70000.000000,26785.714286,43214.285714,0.617347,3500.000000,1339.285714,2709.000000,1036.607143,0.774000,uniform_ota_closed_form_expectation
FS1706,10000,1.00,72,14,medium,0.0500,0.01,0.990000,70000.000000,27217.857143,42782.142857,0.611173,3500.000000,1360.892857,2709.000000,1053.331071,0.774000,uniform_ota_closed_form_expectation
FS1707,10000,1.00,72,14,medium,0.0500,0.05,0.950000,70000.000000,28946.428571,41053.571429,0.586480,3500.000000,1447.321429,2709.000000,1120.226786,0.774000,uniform_ota_closed_form_expectation
FS1708,10000,1.00,72,14,high,0.2000,0.00,1.000000,70000.000000,26785.714286,43214.285714,0.617347,14000.000000,5357.142857,10836.000000,4146.428571,0.774000,uniform_ota_closed_form_expectation
FS1709,10000,1.00,72,14,high,0.2000,0.01,0.990000,70000.000000,27217.857143,42782.142857,0.611173,14000.000000,5443.571429,10836.000000,4213.324286,0.774000,uniform_ota_closed_form_expectation
FS1710,10000,1.00,72,14,high,0.2000,0.05,0.950000,70000.000000,28946.428571,41053.571429,0.586480,14000.000000,5789.285714,10836.000000,4480.907143,0.774000,uniform_ota_closed_form_expectation
FS1711,10000,1.00,72,30,low,0.0100,0.00,1.000000,150000.000000,28500.000000,121500.000000,0.810000,1500.000000,285.000000,1161.000000,220.590000,0.774000,uniform_ota_closed_form_expectation
FS1712,10000,1.00,72,30,low,0.0100,0.01,0.990000,150000.000000,29715.000000,120285.000000,0.801900,1500.000000,297.150000,1161.000000,229.994100,0.774000,uniform_ota_closed_form_expectation
FS1713,10000,1.00,72,30,low,0.0100,0.05,0.950000,150000.000000,34575.000000,115425.000000,0.769500,1500.000000,345.750000,1161.000000,267.610500,0.774000,uniform_ota_closed_form_expectation
FS1714,10000,1.00,72,30,medium,0.0500,0.00,1.000000,150000.000000,28500.000000,121500.000000,0.810000,7500.000000,1425.000000,5805.000000,1102.950000,0.774000,uniform_ota_closed_form_expectation
FS1715,10000,1.00,72,30,medium,0.0500,0.01,0.990000,150000.000000,29715.000000,120285.000000,0.801900,7500.000000,1485.750000,5805.000000,1149.970500,0.774000,uniform_ota_closed_form_expectation
FS1716,10000,1.00,72,30,medium,0.0500,0.05,0.950000,150000.000000,34575.000000,115425.000000,0.769500,7500.000000,1728.750000,5805.000000,1338.052500,0.774000,uniform_ota_closed_form_expectation
FS1717,10000,1.00,72,30,high,0.2000,0.00,1.000000,150000.000000,28500.000000,121500.000000,0.810000,30000.000000,5700.000000,23220.000000,4411.800000,0.774000,uniform_ota_closed_form_expectation
FS1718,10000,1.00,72,30,high,0.2000,0.01,0.990000,150000.000000,29715.000000,120285.000000,0.801900,30000.000000,5943.000000,23220.000000,4599.882000,0.774000,uniform_ota_closed_form_expectation
FS1719,10000,1.00,72,30,high,0.2000,0.05,0.950000,150000.000000,34575.000000,115425.000000,0.769500,30000.000000,6915.000000,23220.000000,5352.210000,0.774000,uniform_ota_closed_form_expectation
FS1720,10000,1.00,72,60,low,0.0100,0.00,1.000000,300000.000000,29250.000000,270750.000000,0.902500,3000.000000,292.500000,2322.000000,226.395000,0.774000,uniform_ota_closed_form_expectation
FS1721,10000,1.00,72,60,low,0.0100,0.01,0.990000,300000.000000,31957.500000,268042.500000,0.893475,3000.000000,319.575000,2322.000000,247.351050,0.774000,uniform_ota_closed_form_expectation
FS1722,10000,1.00,72,60,low,0.0100,0.05,0.950000,300000.000000,42787.500000,257212.500000,0.857375,3000.000000,427.875000,2322.000000,331.175250,0.774000,uniform_ota_closed_form_expectation
FS1723,10000,1.00,72,60,medium,0.0500,0.00,1.000000,300000.000000,29250.000000,270750.000000,0.902500,15000.000000,1462.500000,11610.000000,1131.975000,0.774000,uniform_ota_closed_form_expectation
FS1724,10000,1.00,72,60,medium,0.0500,0.01,0.990000,300000.000000,31957.500000,268042.500000,0.893475,15000.000000,1597.875000,11610.000000,1236.755250,0.774000,uniform_ota_closed_form_expectation
FS1725,10000,1.00,72,60,medium,0.0500,0.05,0.950000,300000.000000,42787.500000,257212.500000,0.857375,15000.000000,2139.375000,11610.000000,1655.876250,0.774000,uniform_ota_closed_form_expectation
FS1726,10000,1.00,72,60,high,0.2000,0.00,1.000000,300000.000000,29250.000000,270750.000000,0.902500,60000.000000,5850.000000,46440.000000,4527.900000,0.774000,uniform_ota_closed_form_expectation
FS1727,10000,1.00,72,60,high,0.2000,0.01,0.990000,300000.000000,31957.500000,268042.500000,0.893475,60000.000000,6391.500000,46440.000000,4947.021000,0.774000,uniform_ota_closed_form_expectation
FS1728,10000,1.00,72,60,high,0.2000,0.05,0.950000,300000.000000,42787.500000,257212.500000,0.857375,60000.000000,8557.500000,46440.000000,6623.505000,0.774000,uniform_ota_closed_form_expectation
