:1000000000000420F9020000210300002303000087
:10001000C59700002703000029030000000000002E
:100020000000000000000000000000007D6D0000E6
:100030002D03000000000000A16D0000310300004E
:10004000C14A000033030000E9240000330300002C
:1000500033030000330300001D4F00003303000092
:1000600033030000330300003303000033030000B8
:1000700033030000330300003303000033030000A8
:1000800033030000B17000003303000033030000AD
:100090003303000033030000330300003303000088
:1000A0003303000033030000330300003303000078
:1000B00033030000330300000000000000000000D4
:1000C0003303000033030000330300003303000058
:1000D000330300003303000033030000000000007E
:1000E0000000000000000000000000000000000010
:1000F0000000000000000000000000000000000000
:1001000000000000000000000000000000000000EF
:1001100000000000000000000000000000000000DF
:1001200000000000000000000000000000000000CF
:1001300000000000000000000000000000000000BF
:1001400000000000000000000000000000000000AF
:10015000000000000000000000000000000000009F
:10016000000000000000000000000000000000008F
:10017000000000000000000000000000000000007F
:10018000000000000000000000000000000000006F
:10019000000000000000000000000000000000005F
:1001A000000000000000000000000000000000004F
:1001B000000000000000000000000000000000003F
:1001C000000000000000000000000000000000002F
:1001D000000000000000000000000000000000001F
:1001E000000000000000000000000000000000000F
:1001F00000000000000000000000000000000000FF
:100200000348044B834202D0034B03B118477047A5
:100210002841002028410020000000000548064930
:100220000B1AD90F01EBA301491002D0034B03B104
:100230001847704728410020284100200000000096
:1002400010B5064C237843B9FFF7DAFF044B13B11E
:100250000448AFF300800123237010BD2841002023
:100260000000000008C7000008B5044B1BB104499A
:100270000448AFF30080BDE80840CFE7000000006D
:100280002C41002008C70000A3F5803A704700BF4A
:10029000154B002B08BF114B9D46FFF7F5FF0021C2
:1002A0008B460F461148124A121A09F0B5FB0C4B47
:1002B000002B00D098470B4B002B00D09847002014
:1002C000002104000D000B4809F086FA09F0B4FA89
:1002D0002000290003F060FE09F084FA0000080005
:1002E0000000000000000000000004202841002061
:1002F00044BE00200D9800000649074A074B9B1A90
:1003000003DD043BC858D050FBDC04F099F8FFF73C
:10031000BFFF000078C700000040002028410020F7
:10032000FEE7FEE7FEE7FEE7FEE7FEE7FEE7FEE7A5
:10033000FEE7FEE700B585B00190019B002B0AD0D7
:10034000074B43F001030393019B9B010293039B23
:100350000298984700E000BF05B05DF804FB00BFBD
:1003600060BA000000B583B00190019B002B0AD059
:100370004FF47A70FFF7DEFF019B013B0193019B75
:10038000002BF5D100E000BF03B05DF804FB08B519
:1003900003F03CFB00BF08BD00B589B0039002919B
:1003A0000192019B002B33D0002307930323069374
:1003B000029A079B1344019A1946002003F0A6FAFB
:1003C0000590079A059B13440793019A059BD31A3E
:1003D0000193059B002B13D10F4B1B7883F0010376
:1003E000DBB2002B13D10120FFF7BCFF069B013BC2
:1003F0000693069B002B03D1074B00221A7007E0DF
:10040000054B01221A70019B002BD1D100E000BFE7
:1004100000BF09B05DF804FB4441002000B585B081
:1004200003900291054B00934023054A02990398DB
:1004300000F012F800BF05B05DF804FB990300005E
:100440004841002082B0019000BF02B0704782B0E6
:10045000019000BF02B0704700B5A1B005900491B3
:1004600003920293049801F023FF039B1593029BD0
:1004700016930023179300238DF8603000231993FF
:10048000229B1A9300231F930FA91F9B08220498F5
:1004900001F0CCFF08231F93119B1293BDF840304D
:1004A000ADF84C30BDF84230ADF84E3000238DF839
:1004B00051309DF83C3003F00303DBB2012B26D111
:1004C0000F9BC3F395231C939DF83C30C3F3C203E9
:1004D000DBB28DF85030BDF83C30C3F38313DBB290
:1004E0001B931B9B9A0009A91F9B049801F09EFF78
:1004F0001B9B9B001F9A13441F9312AA09A915ABBB
:10050000009313461B9A1C9800F074FE2FE09DF890
:100510003C3003F00303DBB2022B28D1BDF83E30A0
:10052000C3F389139BB21E939DF83C30C3F3C203FF
:10053000DBB28DF850301E9B082B28BF08231D937B
:1005400007A91F9B1D9A049801F070FF1F9A1D9B1D
:1005500013441F931E9A1D9BD31A1E9315AB12AA08
:1005600007A81D9900F0E8FE1E9B002BE3D104981C
:1005700001F0ADFE00BF21B05DF804FB82B0019038
:10058000019BDB6801225A7100BF02B07047000076
:1005900000B583B04FF0FF330193FFF7F8FE04215D
:1005A000054800F03BFD01900348FFF7E7FF00BF5F
:1005B00003B05DF804FB00BF4CC7000000B583B07A
:1005C00001900091019B1B681B6800990198984756
:1005D00000BF03B05DF804FB00B583B00190019B40
:1005E0001B685B680198984700BF03B05DF804FB87
:1005F00000B583B00190019B1B689B6801989847E8
:1006000000BF03B05DF804FB82B001900B468DF88B
:100610000330019BDB689DF803201A7100BF02B014
:10062000704782B00190019BDB681B79184602B0CD
:10063000704782B00190019BDB6801225A7100BFB4
:1006400002B0704782B00190019BDB685B7918466D
:1006500002B0704700B585B0019000910C4B0022AC
:100660001A700C4801F088FD0390039B002B01D009
:10067000039B08E0084801F0EDFE084A084BD31A36
:10068000DB0802930023184605B05DF804FB00BFA9
:10069000704600205CC7000078BA00004CC700001C
:1006A0000CC70000024A034BD31ADB0818467047F8
:1006B0004CC700000CC7000000B587B001900B4686
:1006C0008DF803309DF80330002B1FD0FFF7EAFFB1
:1006D00004900023059313E0059B9B000E4A1344EE
:1006E0000393039B1B881A46019B1B689A4204D103
:1006F000019B059A1A60002309E0059B01330593CD
:10070000059A049B9A42E7D3052300E0002318468C
:1007100007B05DF804FB00BF2841002000B585B09C
:1007200001900B468DF803309DF8032001AB114674
:100730001846FFF7C1FF0346002B07D1019BDB00E2
:10074000054A13440393039B1B6800E000231846EB
:1007500005B05DF804FB00BF0CC7000084B0019039
:100760000B468DF80330019BDB00174A13440293BC
:100770009DF80330013B032B1CD801A252F823F053
:100780009107000099070000A1070000AB070000D7
:1007900002238DF80F3011E004238DF80F300DE0A7
:1007A000029B1B798DF80F3008E0029B5B798DF876
:1007B0000F3003E000238DF80F3000BF9DF80F309D
:1007C000184604B0704700BF0CC7000084B0019009
:1007D000009100238DF80F30019B1B7803F0040378
:1007E000DBB2002B24D0019B1B78C3F30103DBB2E7
:1007F000012B02D0022B0CD017E0009B1B68019A42
:100800001288C2F38312D2B213449A1C009B1A605E
:100810000BE0009B1B68019A5288C2F3891292B2C6
:1008200013449A1C009B1A6000BF01238DF80F30FF
:100830009DF80F30184604B07047000000B58BB02B
:100840000023ADF826303B4801F067F83A4801F044
:1008500064F83A4B9B680493394B1B680693049ADF
:10086000069B134002339B00344A1344043308931D
:1008700004AB19460898FFF7A9FF0346002B09D0DF
:10088000049A069B134002339B002C4A1344043302
:100890000893EDE700BF0023079311E0049B5A1C67
:1008A0000492069A1340079A920001A90A44234928
:1008B00002339B000B445B681360079B0133079373
:1008C000079B012BEAD99DF80430C3F30103DBB287
:1008D000012B10D0022B1CD1BDF80A30ADF8263008
:1008E000BDF80630C3F389139BB203339A08049B07
:1008F000134404930EE0BDF80A30ADF82630BDF87D
:100900000430C3F38313DBB21A46049B13440493ED
:1009100000E000BF084801F00CF80590059B002B93
:1009200002D0049B054A9360BDF8263018460BB0F0
:100930005DF804FB88660020846600207046002075
:100940000840002000B585B00021074800F06EFF88
:100950000390039B0293029B83F310030193019B7B
:10096000184605B05DF804FB8C66002000B589B020
:100970000390029101920093039B1B0C0693FFF7D7
:10098000E1FF0790079B1904009B5A1C0A9B134028
:10099000069A0A431B4902339B000B445A60009A93
:1009A0000A9B134002339B00164A134404330593F9
:1009B000039B03F00703D9B2059A137861F3C503CB
:1009C0001370019B03F00F03D9B2059A138861F3EA
:1009D00089131380029BC3F31501059A136861F311
:1009E0009F231360059A1378012161F301031370AB
:1009F000059A13786FF38203137000BF09B05DF896
:100A000004FB00BF7046002000BF704700B58BB0EC
:100A10000390029113468DF80730039B023308932D
:100A200001238DF81F30002000F0ECFE3E4B5A6889
:100A3000029B1A603D4B1A683B4B99683A4B5B68C6
:100A4000CB1A13440133099314E00121384800F014
:100A500034FFFFF7F3FE05900599354800F02DFFB0
:100A6000324B1A68304B99682F4B5B68CB1A134492
:100A700001330993089A099B9A42E6D89DF81F30E2
:100A8000002B48D0002304939DF80730002B17D08B
:100A90009DF81030012262F301038DF810309DF8AB
:100AA000103043F004038DF81030039B03F00F0364
:100AB000DAB2BDF8103062F38913ADF8103016E0E9
:100AC0009DF81030022262F301038DF810309DF87A
:100AD000103043F004038DF81030039BC3F3090377
:100AE0009AB2BDF8123062F38F13ADF812300E4B8C
:100AF0005A680E4B1B68134002339B000A4A13448A
:100B000004330693049A069B1A60074B5A68089BA5
:100B10001344054A5360002000F07DFE9DF81F300D
:100B200018460BB05DF804FB70460020084000201A
:100B30008C66002000B58BB005900491039202935F
:100B4000204B1B68079306AB012219460298FFF75A
:100B50005DFF0346002B24D0069B0233099300233C
:100B6000089311E0089B9B00039A1A44099B591CA7
:100B7000099107990B401268134902339B000B44FB
:100B80005A60089B01330893089A029B9A42E9D362
:100B9000069A079B00931346029A04990598FFF75B
:100BA000E5FE094B1B78002B05D000BF00F02AF8AA
:100BB0000346002BFAD1FFF727FF00BF0BB05DF80B
:100BC00004FB00BF084000207046002000B583B041
:100BD000019000910023002200990198FFF7AAFFDD
:100BE00000BF03B05DF804FB054B9A68044B5B68DB
:100BF0009A420CBF01230023DBB21846704700BFA6
:100C00007046002000B599B0FFF7EEFF0346002BB9
:100C100001D00023BFE19C4B03F500531A4600238B
:100C20009361BFF34F8F00BF974B9B680493974B23
:100C30001B681093049A109B134002339B00924A46
:100C400013440433119300231793002316930023B6
:100C50000F9304AB19461198FFF7B8FD0346002B1C
:100C60001AD0894B03F500539B69002B14D1864B96
:100C70005A68049B9A4205D8834B5B68824A93600A
:100C8000002388E1049A109B134002339B007E4AA4
:100C9000134404331193DCE70023159311E0049B04
:100CA0005A1C0492109A1340159A920001A90A4402
:100CB000754902339B000B445B681360159B01333D
:100CC0001593159B012BEAD99DF8043003F003031B
:100CD000DBB2022B40F09C80BDF80630C3F38913D1
:100CE0009BB20D93BDF80630C3F389139BB2502B12
:100CF00028BF50239BB20C930C9BC3F309039AB2F9
:100D0000BDF8063062F38F13ADF806300C9B083344
:100D10000B939DF80430C3F3C203DBB20F930B991E
:100D20005B4801F034FA1790179B002B00F0D2803B
:100D3000179801F0BDFA01A9169B0822179801F037
:100D400061FB169B08331693049BDA43109B1340F8
:100D500001339B000A930C9A0A9B9A4242D90A9B40
:100D6000002B08D0049A109B134002339B00464A84
:100D70001344043300E0474B08930A9B002B02D036
:100D80000A9BDBB201E00C9BDBB28DF81F300A9BA3
:100D9000002B01D03F4B00E0002306930A9B002B61
:100DA00006D00C9BDAB20A9BDBB2D31ADBB200E0AE
:100DB00000238DF817309DF81F20169B089917986F
:100DC00001F020FB9DF81F30169A13441693069BE2
:100DD000002B16D09DF81720169B0699179801F046
:100DE00011FB0EE0049A109B134002339B00264A2D
:100DF000134404330993169B0C9A0999179801F030
:100E000001FB0D9B03339A08049B1344049361E098
:100E10009DF8043003F00303DBB2012B5AD1BDF877
:100E20000430C3F38313DBB2062B28BF0623DAB2E8
:100E3000BDF8043062F38913ADF80430BDF8043016
:100E4000C3F38313DBB202330E939DF80430C3F374
:100E5000C203DBB20F930E9B9B0019460C4801F0B6
:100E600096F91790179B002B34D0179801F020FAB1
:100E700001A9169B0822179801F0C4FA169B0833A3
:100E80001693002315931CE07046002008400020B4
:100E90005CC700007C460020049B5A1C0492109AF8
:100EA000134002339B003E4A1344191D169B042233
:100EB000179801F0A7FA169B04331693159B01337C
:100EC0001593BDF80430C3F38313DBB21A46159BA8
:100ED0009342E1D3179B002B3CD0314B03F50053D9
:100EE0001B6914932E4B03F500539B69002B1BD0F9
:100EF000179801F0ECF948E000238DF84F30149872
:100F0000FFF7A0FB0346002B02D001238DF84F30E2
:100F10009DF84F30002B03D017991498FFF74EFB24
:100F2000149BDB681B681493149B002BE4D1179867
:100F300001F0CDF9002000F065FC194B03F50053DA
:100F40009B69002B02D1049B154A9360002000F09E
:100F500062FC1AE0124B03F500531B69129306E082
:100F60001298FFF745FB129BDB681B681293129BDC
:100F7000002BF5D10B4A0C4BD31ADB081B0443F0B2
:100F800002030A491846FFF721FEFFF72DFE03462C
:100F900083F00103DBB2184619B05DF804FB00BF13
:100FA000704600203CC700000CC7000088BA000053
:100FB00000B585B00023039324E0174B03F50053DD
:100FC0001B69029301238DF807300FE00298FFF7A9
:100FD00028FB03461A46039B934203D100238DF856
:100FE000073006E0029BDB681B680293029B002B24
:100FF000ECD19DF80730002B01D0039B07E0039B49
:1010000001330393039B092BD7DD4FF0FF331846C1
:1010100005B05DF804FB00BF7046002000B585B048
:1010200001900B468DF80330FFF7C2FF0390039B3E
:10103000B3F1FF3F01D1039B27E0039BDBB21946CD
:101040000198FFF7E1FA134B03F500531B69002BDE
:101050000AD1104B03F500531A46019B1361019B03
:10106000DB6800221A600FE00A4B03F500531B698E
:10107000DA68019BDB6812681A60064B03F50053BF
:101080001B69DB68019A1A60039B184605B05DF87E
:1010900004FB00BF7046002000B583B00D4B03F584
:1010A00000531B6901930B4B01221A7009E0019850
:1010B000FFF7BFFA0198FFF78FFA019BDB681B6807
:1010C0000193019B002BF2D100BF00BF03B05DF87C
:1010D00004FB00BF7046002082B00190009100BF69
:1010E00002B0704710B584B003900291039BDB8877
:1010F000002B0AD0039BDB881A461F4B0093134634
:101100001E4A1F49029800F0D4FC039B1B7A052B52
:101110002ED0039B5B7A002B12D0039B9B881A4630
:10112000039B1B7A19461046FFF718FB03461A4625
:10113000144B53F822301A461349029800F0B9FCB8
:10114000039B1B6819460298FFF7C6FF039B1B7A97
:101150001A460E4B53F82240039B9B8800211846E9
:10116000FFF7DCFA034622460949029800F0A1FC89
:1011700000BF04B010BD00BFBCBA0000CCBA000074
:1011800004BB0000204000201CBB00000C400020DD
:1011900020BB000000B585B00390029113468DF886
:1011A0000730039B1B7A052B0FD0039B5B7A002B28
:1011B00006D00D4B1B681A460C49029800F079FCCA
:1011C0000B49029800F075FC07E09DF80730002BF2
:1011D00003D00749029800F06CFC029800F051FC23
:1011E00000BF05B05DF804FB204000201CBB0000E0
:1011F0002CBB000030B58BB007900691059204938C
:101200000E9B1B7B8DF827300E9B00221A730E99C4
:101210000498FFF767FF059B062B7FD801A252F8C1
:1012200023F000BF411200004B1200005B120000CF
:101230006F1200008D120000B5120000E5120000D0
:1012400007990E9800F035FC69E0069B1B681A466A
:1012500007990E9800F02DFC61E0069B1A68069B2A
:1012600004331B6807990E9800F023FC57E0069B97
:101270001A68069B04331968069B08331B680093A1
:101280000B4607990E9800F014FC48E0069B19687D
:10129000069B04331868069B08331B68069A0C32B9
:1012A00012680192009303460A4607990E9800F0CF
:1012B00000FC34E0069B1868069B04331C68069B00
:1012C00008331B68069A0C321268069910310968B7
:1012D0000291019200932346024607990E9800F06E
:1012E000E8FB1CE0069B1C68069B04331D68069BFC
:1012F00008331B68069A0C32126806991031096887
:1013000006981430006803900291019200932B46D6
:10131000224607990E9800F0CCFB00E000BF0022A7
:101320000E990498FFF736FF0E9B9DF827201A733D
:1013300000BF0BB030BD00BF00B587B00390029175
:1013400001920093029B082B62D8009B1B7B8DF8B7
:101350001330009B00221A7300990198FFF7C2FE18
:101360000023059314E0059A029B9A4209D2039A3E
:10137000059B13441B781A462749009800F099FBF7
:1013800003E02649009800F094FB059B0133059388
:10139000059B072BE7D92249009800F08AFB002320
:1013A000059328E0059A029B9A421DD2039A059B59
:1013B00013441B788DF812309DF812307E2B0CD818
:1013C0009DF812300133174A13441B7803F097033A
:1013D000002B02D09DF8123000E02E231A4612494D
:1013E000009800F066FB03E01049009800F061FBF4
:1013F000059B01330593059B072BD3D90122009947
:101400000198FFF7C7FE009B9DF813201A7300E0B8
:1014100000BF07B05DF804FB30BB000038BB000024
:101420003CBB000064C5000040BB000044BB0000A2
:1014300000B587B001900023039300230493019B20
:10144000059303AB1A46002144F2010000F018F89E
:1014500000BF07B05DF804FBBFF34F8F00BF064B22
:10146000DB6803F4E0620449044B1343CB60BFF331
:101470004F8F00BF00BFFDE700ED00E00400FA055C
:1014800000B585B003900291019272B600BFFFF7DC
:1014900003FE00BFFFF7B6FB0346002BFAD10F4A4D
:1014A0000F4BD31ADB081B0443F001030D49184608
:1014B000FFF78CFB0C4B1B6803F00103002B00D0E3
:1014C00000BE064A064BD31ADB081B0443F0020396
:1014D00006491846FFF77AFBFFF7BEFF3CC700003E
:1014E0000CC7000048BB0000F0ED00E054BB00005A
:1014F00084B00190019B9B680393019BDA68039B76
:10150000D31A184604B0704782B001900B468DF88C
:101510000330019B1A68019BDB68019989880B40A5
:1015200013449DF803201A70019BDB685A1C019B31
:10153000DA6000BF02B0704784B003900B4601929E
:10154000ADF80A30039B1A68039B9968BDF80A300E
:101550000B44039989880B4013441A78019B1A7035
:1015600000BF04B0704700B583B001900091009AAD
:1015700000210198FFF7E0FF019B9B685A1C019B2B
:101580009A6000BF03B05DF804FB00B583B0019022
:101590000B468DF803300198FFF7AAFF0246019B26
:1015A0009B889A4207D89DF8033019460198FFF7A7
:1015B000ABFF002300E00423184603B05DF804FBF2
:1015C00000B583B0019000910198FFF791FF0346A9
:1015D000002B05D000990198FFF7C5FF002300E01C
:1015E0000523184603B05DF804FB000000B587B082
:1015F0000390029113468DF8073000230593039B57
:101600001B781A46114B9B5C002B09D0039B0433BB
:101610009DF807200299184601F0D8FE05900FE0CA
:10162000039B1B781A46094B9B5C002B08D1039B3C
:101630000C339DF807200299184601F095FC05909F
:10164000059B184607B05DF804FB00BFBC66002090
:1016500000B585B0019000238DF80F30019B1B78F9
:101660001A46114B9B5C002B08D0019B0433184693
:1016700001F042FF03468DF80F300EE0019B1B780E
:101680001A46094B9B5C002B07D1019B0C33184673
:1016900001F0D6FC03468DF80F309DF80F30184648
:1016A00005B05DF804FB00BFBC66002000B587B044
:1016B0000390029113468DF8073000230593039B96
:1016C0001B781A46114B9B5C002B09D0039B0433FB
:1016D0009DF807200299184601F026FF05900FE0BB
:1016E000039B1B781A46094B9B5C002B08D1039B7C
:1016F0000C339DF807200299184601F0F9FC05907B
:10170000059B184607B05DF804FB00BFBC660020CF
:1017100000B587B00190114B1B788DF817300199F7
:101720000F48FFF74DFF04909DF81730002B10D0A5
:101730000A4B00221A7001220A490B48FFF7B6FF34
:101740000390039B0293029B002B02D00298FFF7A9
:101750006FFE049B184607B05DF804FB95660020F9
:1017600098660020946600204440002000B585B0B3
:1017700003468DF807309DF8073019461048FFF7EB
:1017800004FF0390039B002B15D10E48FFF760FF69
:10179000034683F00103DBB2002B0CD00A49084852
:1017A000FFF70EFF0346002B05D10122064905482D
:1017B000FFF71CFF0390039B184605B05DF804FB80
:1017C000A8660020444000209066002072B600BF4A
:1017D000034B1B680133024A136000BF704700BF10
:1017E000B8660020064B1B68013B054A1360044B9A
:1017F0001B68002B01D162B600BF00BF704700BF5D
:10180000B866002000B583B00190FFF7DFFF00BF8E
:1018100003B05DF804FB00B583B003468DF80730D4
:10182000FFF7E0FF00BF03B05DF804FB10B487B022
:1018300001900091019B009A53E8004F104643E845
:10184000000191F0000FF7D1059404900391059BDE
:10185000184607B05DF8044B704710B487B001908C
:101860000091019B009A53E8004F44EA020043E8CC
:10187000000191F0000FF6D1059404900391049BB0
:10188000184607B05DF8044B704710B487B001905C
:101890000091019B009A53E8004F04EA020043E8DC
:1018A000000191F0000FF6D1059404900391059B7F
:1018B000184607B05DF8044B704710B487B001902C
:1018C0000091019B009A53E8004F04EB020043E8AB
:1018D000000191F0000FF6D1059404900391049B50
:1018E000184607B05DF8044B704710B487B00190FC
:1018F0000091019B009A53E8004FA4EB020043E8DB
:10190000000191F0000FF6D1059404900391049B1F
:10191000184607B05DF8044B704700B583B00190DE
:1019200001210198FFF799FF0346184603B05DF8BF
:1019300004FB00B583B0019000210198FFF7A5FFDB
:101940000346184603B05DF804FB82B001900B46D5
:101950008DF80330019BDA689DF803300199098AFC
:1019600001FB03F31344184602B0704782B00190A4
:101970000091009B019AD2689B1A019A128AB3FBCC
:10198000F2F3DBB2184602B0704784B00190019BBD
:10199000002B01D10E2320E0019B9A68019B5B681C
:1019A000D31A8DF80F30019B1B68019A52681A6098
:1019B00007E0019B1A681368591C11609DF80F20FD
:1019C0001A709DF80F305A1E8DF80F20002BF0D1A1
:1019D000019B1B6800221A710023184604B070474F
:1019E00000B585B00190002303930020FFF70AFFA4
:1019F000019B1B681A68019B5B689A421FD9019B77
:101A00001B681A68013A1A601B681B78194601980E
:101A1000FFF79BFF0390019B9A68019B1B681B6863
:101A2000D31A8DF80B30019B1B681B799DF80B2096
:101A30009A4204D9019B1B689DF80B201A71002063
:101A4000FFF7E9FE039B184605B05DF804FB10B5EF
:101A500084B001900091009B03930020FFF7D2FE19
:101A6000019B1B681C68621C1A6003990198FFF7B0
:101A70007DFF034623700020FFF7CDFE00BF04B0BA
:101A800010BD00B583B00190019B9B68002B0CD06A
:101A9000019B5B69019A1069019A1168019A926829
:101AA0009847019B00229A6000E000BF03B05DF8F8
:101AB00004FB0EB400B584B00190059B002B0AD046
:101AC0000023039306AB039303AB1A4605990198D1
:101AD00000F0B4F900E000BF04B05DF804EB03B01F
:101AE000704700B583B001900B468DF803309DF828
:101AF00003300A2B03D10D210198FFF7F2FF019B60
:101B00001A68019B9B68581C0199886013449DF8D2
:101B100003201A70019B9A68019B5B689A4202D36A
:101B20000198FFF7AEFF00BF03B05DF804FB00B5FE
:101B300087B0039002910192009300230593009BCC
:101B400003F00103002B24D00BE0029B013302932E
:101B5000059B013305939DF8133019460398FFF751
:101B6000C0FF029B1B788DF813309DF81330002BBB
:101B7000EBD106E0019B013B019320210398FFF785
:101B8000B0FF019A059B9A422ED9019B002BF1D1FF
:101B90002AE0029B002B0BD0029808F031F8059048
:101BA00006E0019B013B019320210398FFF799FF79
:101BB000019A059B9A420FD9019B002BF1D10BE0B2
:101BC000029B01330293059B013305939DF813306B
:101BD00019460398FFF785FF029B1B788DF8133099
:101BE0009DF81330002BEBD100BF07B05DF804FB6C
:101BF00000B589B00390029101920093029B079374
:101C00000123069307E0079A019BB2FBF3F30793C6
:101C1000069B01330693079A019B9A42F3D2009ADE
:101C2000069B9A4201D9009B06930B9B03F001038C
:101C3000002B22D10A9B002B1FD00B9B03F0020329
:101C4000002B06D0009B002B03D130238DF81730DA
:101C500002E020238DF8173008E00A9B013B0A932D
:101C60009DF8173019460398FFF73BFF0A9B002B9E
:101C700003D0069A0A9B9A42EFD301230793009B55
:101C8000012B03D9009B013B009309E0029A079BBB
:101C9000B2FBF3F30493049A019B9A4200D205E04D
:101CA000079B019A02FB03F30793E8E7029A079B5D
:101CB000B2FBF3F30493049B079A02FB03F3029A2B
:101CC000D31A0293154A049B13441B7819460398B0
:101CD000FFF707FF079A019BB2FBF3F30793079BFC
:101CE000002BE3D10B9B03F00103002B11D00A9BC7
:101CF000002B0ED006E00A9B013B0A93202103989B
:101D0000FFF7EFFE0A9B002B03D0069A0A9B9A422C
:101D1000F1D300BF09B05DF804FB00BF64BB000055
:101D200000B589B00590049103920293049B002BA7
:101D3000B8BF5B4206930123079307E0039B069A13
:101D400092FBF3F30693079B01330793039B069AD9
:101D50009A42F3DA029A079B9A4201D9029B0793AF
:101D60000A9B002B0AD0049B002B04DB0B9B03F087
:101D70000403002B02D00A9B013B0A930B9B03F048
:101D80000203002B02D0029B002B16D00B9B03F00A
:101D90000103002B11D10A9B002B0ED006E00A9BF9
:101DA000013B0A9320210598FFF79BFE0A9B002B1D
:101DB00003D0079A0A9B9A42F1D3049B002B07DABF
:101DC000049B5B4204932D210598FFF78AFE08E0EF
:101DD0000B9B03F00403002B03D02B210598FFF786
:101DE00080FE0B9B03F00203002B19D00B9B03F02A
:101DF0000103002B14D1029B002B11D10A9B002B55
:101E00000ED006E00A9B013B0A9330210598FFF7AC
:101E100068FE0A9B002B03D0079A0A9B9A42F1D3D3
:101E200004990B9B01930A9B0093029B039A0598CC
:101E3000FFF7DEFE00BF09B05DF804FB00B58FB010
:101E4000059004910392049B002B00F09181049B68
:101E50001B788DF83730049B013304939DF837309D
:101E6000002B00F07C819DF83730252B40F06B81F2
:101E700000230A9301230C93049B1B788DF83730C1
:101E80009DF83730302B0DD0302B1BDC2B2B11D095
:101E90002D2B17D10A9B43F001030A93049B0133B6
:101EA000049312E00A9B43F002030A93049B01335C
:101EB00004930AE00A9B43F004030A93049B013352
:101EC000049302E000230C9300BF0C9B002BD3D1A2
:101ED000002309939DF837302A2B0CD1039B1B68F4
:101EE000191D039A11601B68099A13440993049BF6
:101EF000013304931AE0049B1B788DF837309DF86A
:101F000037302F2B12D99DF83730392B0ED8049B40
:101F100001330493099A13469B0013445B001A464D
:101F20009DF837301344303B0993D3E700230B93DC
:101F3000049B1B788DF837309DF837302E2B1DD140
:101F4000049B01330493049B1B788DF837309DF874
:101F500037302F2B12D99DF83730392B0ED8049BF0
:101F6000013304930B9A13469B0013445B001A46FB
:101F70009DF837301344303B0B93E4E7049B1B7808
:101F80008DF837309DF837306C2B03D09DF8373003
:101F9000682B07D1049B01330493049B1B788DF8B5
:101FA0003730EFE79DF83730252B00F0C280252B26
:101FB000C0F2C480782B00F3C180582BC0F2BE80E1
:101FC000583B202B00F2BA8001A252F823F000BF48
:101FD000BF2000003D2100003D2100003D21000008
:101FE0003D2100003D2100003D2100003D21000079
:101FF0003D2100003D2100003D2100005520000052
:10200000772000003D2100003D2100003D2100001F
:102010003D210000772000003D2100003D2100000F
:102020003D2100003D2100003D2100003D21000038
:10203000FF2000003D2100003D210000E3200000C2
:102040003D2100009B2000003D2100003D210000BB
:10205000BF200000039B1B68191D039A11601B68B9
:102060000C930C9B8DF81F309DF81F301946059876
:10207000FFF737FD63E0039B1B68191D039A11608E
:102080001B680C930A9B0193099B00930B9B0A22EC
:102090000C990598FFF744FE51E0039B1B68191D3E
:1020A000039A11601B680C930C990A9B0193099B7E
:1020B00000930B9B0A220598FFF79AFD3FE0039BD4
:1020C0001B68191D039A11601B680C930C990A9BDD
:1020D0000193099B00930B9B10220598FFF788FD45
:1020E0002DE0039B1B68191D039A11601B68089360
:1020F0000A9B099A08990598FFF719FD1FE0039BB1
:102100001B68191D039A11601B680C9330210598F8
:10211000FFF7E7FC78210598FFF7E3FC0C99002313
:10212000019308230093082310220598FFF760FD10
:1021300005E025210598FFF7D4FC00E000BF049BD3
:102140000133049305E09DF8373019460598FFF7F1
:10215000C8FC049B1B78002B7FF479AE00E000BF25
:10216000059B1B7B002B04D00598FFF78AFC00E041
:1021700000BF0FB05DF804FB00B583B0019001987B
:10218000FFF703FC0346184603B05DF804FB00B5F7
:102190008BB001900091019B1B8A043B0793009A2E
:1021A000079B1344DA1C079BB2FBF3F38DF81B303B
:1021B0000198FFF715FC0590059B002B01D100232A
:1021C00038E0059B00221A71059B01225A71079B7A
:1021D0009AB2059BDA80059B09939DF81B30013B61
:1021E0000493099B019A1A60002308931DE001984B
:1021F000FFF7F6FB0390039B002B0ED0059B5B794A
:102200000133DAB2059B5A71099B039A1A60039B4A
:10221000019A1A60039B099304E0059800F00EF8F8
:10222000002307E0089B01330893089A049B9A4215
:10223000DDD3059B18460BB05DF804FB00B58BB0F1
:102240000190019B0793079B5B798DF81B30019BE5
:1022500008939DF81B30013B05930023099305E08B
:10226000089B1B680893099B01330993099A059BF6
:102270009A42F5D3089B1B680493019B08930023A3
:1022800009930BE0089B1B68039308990498FFF7D8
:10229000DEFB039B0893099B013309939DF81B30D8
:1022A000099A9A42EED300BF00BF0BB05DF804FB61
:1022B00000B585B00190019B0393039B043301217A
:1022C0001846FFF7FAFA00BF05B05DF804FB00B549
:1022D00087B00190019B0593059B043301211846AB
:1022E000FFF703FB0346039303AB0493049B1B78A4
:1022F000002B02D10198FFF7A1FF00BF07B05DF8E6
:1023000004FB00B591B00390029101920093039BEE
:102310000993039B0F93099BDB881A46099B5B7902
:1023200002FB03F3043B0893099BDB880793009BA4
:102330001A1D079BB2FBF3F30E93009B0433079A1D
:10234000B3FBF2F2079901FB02F29B1A0D93019B7A
:102350001A68009B1344089A9A4203D2089A009B79
:10236000D31A01E0019B1B680C93019B0C9A1A6025
:1023700005E00F9B1B680F930E9B013B0E930E9B7A
:10238000002BF6D100230B93079A0D9BD31A0A93C7
:102390000A9A0C9B934228BF13460A932AE0029A9A
:1023A0000B9B134406930F9A0D9B13440433059320
:1023B0009DF84830002B05D00A9A0599069807F039
:1023C00091FA04E00A9A0699059807F08BFA00231F
:1023D0000D930F9B1B680F930C9A0A9BD31A0C93B7
:1023E0000B9A0A9B13440B93079A0C9B934228BFAA
:1023F00013460A930C9B002BD1D100BF00BF11B034
:102400005DF804FB00B589B0059004910392029336
:10241000039B079307AA00230093029B0499059846
:10242000FFF76FFF00BF09B05DF804FB00B589B08E
:102430000590049103920293039B079307AA01233B
:102440000093029B04990598FFF75BFF00BF09B05A
:102450005DF804FB82B00190019B9B6800229A60AA
:10246000019B9B6800221A61019B9B6800225A61B4
:10247000019B9B680022DA60019B9B6800225A60E6
:10248000019B9B6800221A6000BF02B0704700B534
:1024900087B00390029101920023059309E0029B0B
:1024A0005A1C02921B781846FFF760F9059B01330E
:1024B0000593059A019B9A42F1DB019B184607B0F0
:1024C0005DF804FB00B585B003900291019200BF56
:1024D0000298FFF71DF90346052BF9D00123184692
:1024E00005B05DF804FB000008B5024B1B68984777
:1024F00000BF08BDC066002082B00190019B044A65
:10250000934201D1034B00E00023184602B070470C
:1025100000200040C066002000B587B00190009107
:102520000198FFF7E9FF0390039B002B1ED00023C7
:102530008DF817300020FFF765F9039B1B79002BFE
:1025400003D001238DF8173005E0039B009A1A6031
:10255000039B01221A710020FFF75DF99DF81730E7
:10256000002B03D011230493049B02E00023049367
:10257000049B184607B05DF804FB000082B00346D8
:102580008DF807309DF90730002B0CDB9DF80730E4
:1025900003F01F0205499DF907305B09012000FA8D
:1025A00002F241F8232000BF02B0704700E100E0D2
:1025B00082B0034600918DF807309DF90730002B5B
:1025C0000ADB009BDAB20C499DF907305201D2B206
:1025D0000B4483F800230BE0009BDAB207499DF817
:1025E000073003F00F03043B5201D2B20B441A76BA
:1025F00000BF02B0704700BF00E100E000ED00E066
:1026000082B00190019B03F06043B3F1005F0CBF07
:1026100001230023DBB2184602B0704782B001905C
:10262000019B1B0B5BB2184602B0704700B583B02C
:1026300003460A468DF8073013468DF806309DF89C
:1026400006209DF9073011461846FFF7B1FF00BF7D
:1026500003B05DF804FB00B583B003468DF8073086
:102660009DF907301846FFF789FF00BF03B05DF8FA
:1026700004FB82B001900B468DF803309DF80330C7
:10268000019A134401221A6000BF02B0704784B05F
:1026900001900B46ADF80230BDF80230019A1344A8
:1026A00000221A60BDF80230019A13441B6803939C
:1026B000039B00BF04B0704782B001900B46ADF899
:1026C0000230BDF80230019A13441B68002B14BF7E
:1026D00001230023DBB2184602B0704782B001909C
:1026E0000091019B009AC3F8042300BF02B0704719
:1026F00082B001900091019B009AC3F8082300BFAB
:1027000002B0704782B00190019B0722C3F80025F8
:1027100000BF02B0704784B0039002910192009311
:10272000039B029AC3F80825039B019AC3F80C2562
:10273000039B009AC3F8102500BF04B0704782B015
:1027400001900091009A019BC3F8242500BF02B0BC
:10275000704784B0039002910192029A039BC3F8E0
:102760004425039B019AC3F8482500BF04B0704775
:1027700084B0039002910192029A039BC3F834251E
:10278000039B019AC3F8382500BF04B0704784B09A
:1027900001900B468DF8033013468DF802309DF8FA
:1027A0000230002B14BF01230023DBB203939DF8FA
:1027B0000330032B10D0032B13DC012B02D0022B90
:1027C00005D00EE0039B43F0020303930AE0039B52
:1027D00043F00403039305E0039B43F006030393D4
:1027E00000E000BF019B039AC3F8542500BF04B06A
:1027F000704782B001900B468DF803309DF803209E
:10280000019BC3F8C02500BF02B0704782B00190A1
:10281000019B0122C3F8502500BF02B0704782B06F
:102820000190019B0022C3F8502500BF02B0704701
:1028300082B00190019B0122C3F8402500BF02B085
:10284000704782B00190019B0022C3F8402500BF71
:1028500002B0704782B00190019B1B681F2B02D809
:102860004FF0A04306E0019B1B6803F01F02019B91
:102870001A60024B184602B0704700BF00030050B8
:1028800000B585B00190084611461A4603468DF8FA
:1028900003300B468DF8023013468DF8013001AB42
:1028A0001846FFF7D7FF03909DF803209DF80230EC
:1028B0005B001A439DF801309B001A439DF81830C5
:1028C0001B0242EA03019DF81C301B04019A1943C4
:1028D000039B02F5E07243F8221000BF05B05DF8DB
:1028E00004FB00B585B003900023019300230093FF
:1028F0000023012201210398FFF7C2FF00BF05B0AA
:102900005DF804FB00B585B003900B468DF80B30E5
:102910009DF80B300022019200220092002200213B
:102920000398FFF7ADFF00BF05B05DF804FB00B5ED
:1029300085B0019001AB1846FFF78CFF0390019B17
:10294000012202FA03F31946039800F018F800BFB9
:1029500005B05DF804FB00B585B0019001AB1846E9
:10296000FFF778FF0390019B012202FA03F3194657
:10297000039800F00EF800BF05B05DF804FB82B0CC
:1029800001900091019B009AC3F8082500BF02B096
:10299000704782B001900091019B009AC3F80C250A
:1029A00000BF02B07047000000B58DB005900491E3
:1029B00003920293059B1B791A461346DB001344CE
:1029C0009B00664A13440A930A9B1B7F002B03D08B
:1029D00008230793079BBDE0059B1B680993059B94
:1029E0001A68059B1B7919465D4B53F8213019462F
:1029F0001046FFF791FD0346002B03D011230793E8
:102A0000079BA7E00A9B039A1A600A9B029A5A60E6
:102A1000049B1B7B012B05D8049B1B781846FFF7F2
:102A20009AFF04E0049B1B781846FFF780FF049B85
:102A30001B781846002301930023009300230022F3
:102A40000121FFF71DFF049B5B78FF2B09D0049B3E
:102A50005B780B930B98FFF77EFF0B98FFF741FF16
:102A600002E04FF0FF330B93049B9B78FF2B07D0C2
:102A7000049B9B78089301210898FFF743FF02E02D
:102A80004FF0FF330893049B9A780A9B83F8202029
:102A9000049BDA780A9BDA77049BDB78FF2B17D04C
:102AA000049B1B79002B05D0049BDB781846FFF7AD
:102AB00052FF04E0049BDB781846FFF738FF049BC5
:102AC000DB781846FFF70DFF049B1A790A9B9A776B
:102AD000049B1B781946089B0B9A0998FFF71BFE6D
:102AE000049B9B6819460998FFF729FE049B197BF4
:102AF000049B5B7B1A460998FFF749FE049B9B7970
:102B000019460998FFF775FE0998FFF7FBFD0A9B28
:102B10001B68002B15D0059B1B681846FFF77EFD30
:102B200003461A46049B5B7919461046FFF77EFD63
:102B3000059B1B681846FFF771FD03461846FFF713
:102B40008AFD0A9B00225A770A9B01221A770023EA
:102B50000793079B18460DB05DF804FBC86600207C
:102B600080BB000000B583B00190019BDB7FFF2B91
:102B70000ED0019B9B7F002B05D0019BDB7F18466D
:102B8000FFF7E9FE04E0019BDB7F1846FFF7CFFE6D
:102B9000019B00225A77019B00221A72019B1B683D
:102BA000019A02F10800019A52681146984700BF45
:102BB00003B05DF804FB00B583B001900B468DF8BF
:102BC00003309DF8033083F00103DBB2002B04D007
:102BD00040210198FFF78CFD03E040210198FFF7A9
:102BE0007DFD00BF03B05DF804FB00B583B001902C
:102BF0000091009B03F00103002B03D00198FFF725
:102C000005FE02E00198FFF70AFE009B03F00203B5
:102C1000002B03D00198FFF70BFE02E00198FFF7AD
:102C200010FE00BF03B05DF804FB00B587B0039051
:102C3000029101920093019B1B68002B0AD0019B1B
:102C40001B681846FFF7DCFC034683F00103DBB288
:102C5000002B0ED1019B9B68002B11D0019B9B6820
:102C60001846FFF7CDFC034683F00103DBB2002BCF
:102C700006D0029B00225A7710230593059B54E04F
:102C8000019B1968019B5B681A460398FFF761FD79
:102C9000019B9968019BDB681A460398FFF768FD62
:102CA0004FF48C710398FFF7F2FC00990398FFF73B
:102CB0009CFF009B03F00803002B03D11021039815
:102CC000FFF7D7FC029B1B68002B1FD100BF4FF4FE
:102CD0008C710398FFF7F0FC034683F00103DBB22D
:102CE000002BF4D1029BDB7FFF2B1BD0029B9B7F31
:102CF000002B05D0029BDB7F1846FFF72CFE11E06E
:102D0000029BDB7F1846FFF712FE0BE0009B03F0EF
:102D10000403002B0CBF01230023DBB219460398E8
:102D2000FFF749FF00230593059B184607B05DF8A0
:102D300004FB000010B586B0039002910192039B42
:102D40001B791A461346DB0013449B001F4A1344A9
:102D5000049300230593049B5B7FDBB2002B03D01D
:102D600011230593059B2EE0049B1B68002B07D0C5
:102D7000019B03F01403002B02D1049B01225A771C
:102D8000049B029A03F10C0413460FCB84E80F0056
:102D9000049BDB7FFF2B0ED0049B9B7F002B05D079
:102DA000049BDB7F1846FFF7C2FD04E0049BDB7F3A
:102DB0001846FFF7D0FD039B1868019B029A0499FF
:102DC000FFF733FF0346184606B010BDC866002063
:102DD00000B583B0019000914FF48C710198FFF71A
:102DE0006BFC0346002B07D04FF48C710198FFF762
:102DF0004EFC0098FFF7B6FE00BF03B05DF804FB81
:102E000008B503490348FFF7E3FF00BF08BD00BF53
:102E1000C866002000F0024084B001900B46ADF877
:102E20000230BDF80230019A134400221A60BDF846
:102E30000230019A13441B680393039B00BF04B044
:102E4000704782B001900B46ADF80230BDF80230F9
:102E5000019A13441B68002B14BF01230023DBB22B
:102E6000184602B0704782B001900091019B009A11
:102E7000C3F8042300BF02B0704782B001900091F4
:102E8000019B009AC3F8082300BF02B0704782B0CC
:102E90000190019BD3F81835DBB2184602B0704799
:102EA00082B001900B468DF803309DF80320019B02
:102EB000C3F81C2500BF02B0704782B001900B46DA
:102EC0008DF803309DF80330019A134401221A60F3
:102ED00000BF02B0704700B585B0019000914FF47B
:102EE0008E710198FFF798FF009B9A68009B1B6A00
:102EF00013441B788DF80F30009B1B6A5A1C009BF3
:102F00001A629DF80F3019460198FFF7C9FF00BFFC
:102F100005B05DF804FB00B585B001900091009B01
:102F20005B69039316E0009B93F82830DBB2002B1B
:102F300001D0002314E04FF48E710198FFF781FF58
:102F4000034683F00103DBB2002BECD1009901981A
:102F5000FFF7C1FF009B1B6A039A9A42EBD801233B
:102F6000184605B05DF804FB00B587B003900291E8
:102F70000192039B1B791A462C2302FB03F32F4A71
:102F800013440493039800F05BF80346002B03D02E
:102F900011230593059B4CE0049B019A5A61049B05
:102FA000029A9A60049B00221A62049B002283F812
:102FB000282000230593039B1B684FF48E7118464D
:102FC000FFF72AFF039B1B6808211846FFF775FFD0
:102FD000039B1B6804991846FFF77DFF049B5B6801
:102FE000002B25D1039B1B6804991846FFF793FF1C
:102FF000034683F00103DBB2002B02D00F230593BD
:1030000013E000BF039B1B684FF48E711846FFF757
:1030100018FF034683F00103DBB2002BF2D1039BC0
:103020001B680C211846FFF748FF049B00225A61D9
:10303000059B184607B05DF804FB00BFEC66002056
:1030400082B00190019B1B791946074A2C2301FB92
:1030500003F3134414331B68002B14BF0123002314
:10306000DBB2184602B07047EC66002000B583B0B2
:103070000190019B1B684FF492711846FFF7CCFE3C
:10308000019B1B684FF484711846FFF7C5FE019B36
:103090001B6800211846FFF710FF00BF03B05DF862
:1030A00004FB10B582B001900091009B9B69002B3E
:1030B00008D14FF484710198FFF7AEFE0198FFF735
:1030C000E6FE13E04FF484710198FFF7A5FE009B24
:1030D000DA68009B5B6AD4180198FFF7D8FE0346B4
:1030E0002370009B5B6A5A1C009B5A6202B010BDA1
:1030F00000B589B0039002910192039B1B791A4697
:103100002C2302FB03F36E4A1344059300238DF82E
:103110001330059B5B68002B06D0039B1B684FF4A4
:1031200001711846FFF7A9FE059B9B69002B15D07E
:10313000059BDB69002B0ED0059B5B68002B06D03E
:10314000039B1B684FF401711846FFF78CFE112397
:103150000793079BB0E001238DF813309DF81330DF
:1031600083F00103DBB2002B0CD0059B019A9A611E
:10317000059B029ADA60059B00225A62059B002299
:10318000DA6105E0059B029A1A61059B019ADA61F2
:10319000059B93F8293083F00103DBB2002B09D0A3
:1031A0009DF8133083F00103DBB2002B02D00398AB
:1031B000FFF75CFF059B5B68002B73D1039B1B68CB
:1031C0004FF4A2711846FFF727FE039B1B684FF4CC
:1031D00092711846FFF735FE03468DF81930039BB0
:1031E0001B684FF484711846FFF72BFE03468DF8D9
:1031F0001B30039B1B684FF4A2711846FFF721FE9A
:1032000003468DF81A309DF81B3083F00103DBB2C2
:10321000002B0DD09DF81A3083F00103DBB2002B98
:1032200006D09DF8193083F00103DBB2002BCCD11E
:103230009DF81930002B0FD19DF81A30002B0BD1BF
:10324000039B1B6805991846FFF72BFF059B9A699E
:10325000059B5B6A9A42B8D8059B00229A619DF84B
:103260001930002B03D003230793079B24E09DF81C
:103270001A30002B03D00F230793079B1CE0059BFC
:1032800093F82930002B06D0039B1B6800211846B9
:10329000FFF713FE0DE0039B1B6804211846FFF7A0
:1032A0000CFE06E0039B1B684FF401711846FFF704
:1032B000DAFD00230793079B184609B05DF804FB6D
:1032C000EC66002082B00190019B03F06043B3F1F3
:1032D000005F0CBF01230023DBB2184602B0704729
:1032E00084B001900B46ADF80230BDF80230019A6F
:1032F000134400221A60BDF80230019A13441B687F
:103300000393039B00BF04B0704782B001900B464B
:10331000ADF80230BDF80230019A13441B68002B4F
:1033200014BF01230023DBB2184602B0704782B0FD
:1033300001900091019BD3F80022009B1A43019B4E
:10334000C3F8002200BF02B0704782B00190009124
:10335000019B009AC3F8042300BF02B0704782B0FB
:1033600001900091019B009AC3F8082300BF02B0AE
:10337000704782B001900B468DF803309DF8033002
:10338000019A134401221A6000BF02B0704784B052
:10339000039002910192029A039BC3F84425039B78
:1033A000019AC3F8482500BF04B0704784B0039069
:1033B00002910192029A039BC3F83425039B019A60
:1033C000C3F8382500BF04B07047000000B589B0CD
:1033D000039002910192039B1B791A461346DB006E
:1033E00013449B00434A134405930298FFF76AFF76
:1033F000034683F00103DBB2002B03D010230793B5
:10340000079B73E0039800F077F80346002B03D086
:1034100011230793079B69E0059B019A5A61059B5D
:10342000029A9A6000230793039B1B684FF49071E4
:103430001846FFF755FF039B1B684FF4AC71184605
:10344000FFF74EFF039B1868059B9968059B5B6916
:103450001A46FFF79CFF039B1B6808211846FFF7DD
:1034600088FF059B5B68002B3FD1039B1B684FF4D3
:1034700090711846FFF749FF03468DF81A30039BF9
:103480001B684FF4AC711846FFF73FFF03468DF8F9
:103490001B309DF81A3083F00103DBB2002B06D0FD
:1034A0009DF81B3083F00103DBB2002BDDD19DF8CA
:1034B0001B30002B02D00F23079313E0039B1B68E4
:1034C0000C211846FFF755FF00BF039B1B684FF404
:1034D000AC711846FFF719FF034683F00103DBB216
:1034E000002BF2D1059B00225A61079B184609B0B8
:1034F0005DF804FB1867002082B00190019B1B79E6
:103500001946084A0B46DB000B449B001344143356
:103510001B68002B14BF01230023DBB2184602B046
:10352000704700BF1867002000B58BB00390029170
:103530000192039B1B791A461346DB0013449B0040
:103540006F4A134406930298FFF7BCFE034683F0CC
:103550000103DBB2002B03D010230893089BCAE0C1
:1035600000238DF81F30069B5B68002B06D0039B61
:103570001B684FF404711846FFF7F1FE069B9B6928
:10358000002B15D0069BDB69002B0ED0069B5B68D9
:10359000002B06D0039B1B684FF404711846FFF7FD
:1035A000D4FE11230893089BA5E001238DF81F305A
:1035B0009DF81F3083F00103DBB2002B09D0069B7E
:1035C000019A9A61069B029ADA60069B0022DA61F0
:1035D00005E0069B029A1A61069B019ADA610023B4
:1035E0000893039B1B684FF488711846FFF778FE19
:1035F000039B1B684FF4A2711846FFF771FE039BF3
:103600001B68019A02991846FFF7D0FE9DF81F30FB
:1036100083F00103DBB2002B06D0039B1B68002163
:103620001846FFF7A6FE05E0039B1B6820211846FD
:10363000FFF77DFE039B1B791946314A0B46DB00E1
:103640000B449B00134404331B68002B4BD1039B9A
:103650001B684FF488711846FFF757FE03468DF834
:103660002730039B1B684FF4A2711846FFF74DFEED
:1036700003468DF81730039B1B684FF49271184670
:10368000FFF743FE03468DF816309DF8273083F090
:103690000103DBB2002B0DD09DF8173083F001033E
:1036A000DBB2002B06D09DF8163083F00103DBB2AD
:1036B000002BCCD1039B1B791946114A0B46DB002A
:1036C0000B449B001344183300221A609DF81630F7
:1036D000002B01D0032308939DF81730002B09D04D
:1036E0000F23089306E0039B1B684FF404711846F0
:1036F000FFF72BFE089B18460BB05DF804FB00BFDC
:103700001867002000B583B01F4B0193019B022274
:103710001A61019B02225A61019B1C4A9A61019B1A
:103720001B4ADA61019B4FF400721A62019B00226E
:103730009A62019B00225A62019B0022DA62019B7D
:10374000124A9A64019B134ADA64019B10221A659B
:10375000019B00229A65019B00225A65019B002271
:10376000DA65019B07330C49184606F0D7F9019B2F
:103770000A49184606F0D2F9019B20229A7100BF2F
:1037800003B05DF804FB00BF3C67002094BB000061
:10379000B4670020B4690020A0BB0000A4BB0000F7
:1037A00000B589B003900291019200230693039B18
:1037B000DB680593039B1B690493049A059B9A425B
:1037C00005D9049A059BD31A013B079307E0039B95
:1037D0009A680499059BCB1A1344013B0793039BFA
:1037E0009A68059BD31A079A934228BF13460793FA
:1037F000079A019B934228BF13460793039B5A687D
:10380000059B1344079A0299184606F06BF8069A2E
:10381000079B13440693029A079B13440293019A51
:10382000079BD31A0193059A079B13440593039BA7
:103830009B68059A9A4201D100230593039B059A40
:10384000DA60019B002BB5D1069B184609B05DF8E4
:1038500004FB00B589B0039002910192039BDB68E1
:103860000793039B9A68079BD31A0693069A019BBA
:103870009A420ED9039B5A68079B1344019A0299F6
:10388000184606F02FF8079A019B1A44039BDA604A
:103890001AE0069B0593039B5A68079B1344059AFD
:1038A0000299184606F01EF8019A069BD31A059352
:1038B000039B5868029A069B1344059A194606F022
:1038C00011F8039B059ADA6000BF09B05DF804FBAC
:1038D00086B00190019B1B690493019BDB680393F5
:1038E000049A039B9A4208D8019B9A68039BD21AB8
:1038F000049B1344013B059304E0049A039BD31AF1
:10390000013B0593059B184606B0704700B589B08A
:10391000039002910192029B0693039B5A1C13464B
:103920005B001344DB00204A13440593059B5B694D
:10393000022B29D0022B2ED8002B02D0012B13D022
:1039400029E00598FFF7C4FF0490049A019B9A426E
:1039500002D20023079321E0019B0793019A069965
:103960000598FFF776FF19E00598FFF7B1FF04907F
:10397000019A049B934228BF13460793079A06991E
:103980000598FFF766FF09E0019A06990598FFF789
:1039900007FF079002E00023079300BF079B18462C
:1039A00009B05DF804FB00BF3C67002000B587B09C
:1039B0000390029101920B4B1B78002B01D1FFF772
:1039C000A1FE0020FDF71EFF019A02990398FFF760
:1039D0009DFF05900020FDF71EFF059B184607B0D0
:1039E0005DF804FB3C67002000B585B001900091B4
:1039F000009806F005F90390039A00990198FFF7E3
:103A0000D5FF0346184605B05DF804FB08B5FFF77F
:103A100079FE00BF08BD000000B585B00190019B94
:103A2000002B0AD0074B43F001030393019B9B013A
:103A30000293039B0298984700E000BF05B05DF831
:103A400004FB00BFE0BD000082B00190019B1B6839
:103A50001F2B02D84FF0A04306E0019B1B6803F028
:103A60001F02019B1A60024B184602B0704700BF4C
:103A70000003005000B585B00190084611461A4673
:103A800003468DF803300B468DF8023013468DF84F
:103A9000013001AB1846FFF7D7FF03909DF80320D4
:103AA0009DF802305B001A439DF801309B001A43D9
:103AB0009DF818301B0242EA03019DF81C301B04DC
:103AC000019A1943039B02F5E07243F8221000BFEC
:103AD00005B05DF804FB00B585B0039000230193A9
:103AE000002300930023012201210398FFF7C2FF66
:103AF00000BF05B05DF804FB00B585B0019001ABD7
:103B00001846FFF7A1FF0390019B012202FA03F37D
:103B10001946039800F004F800BF05B05DF804FBF7
:103B200082B001900091019B009AC3F8082500BF64
:103B300002B0704700B583B00190019B002B0AD002
:103B40004FF47A70FFF768FF019B013B0193019BE3
:103B5000002BF5D100E000BF03B05DF804FB0123AA
:103B60001846704701231846704700B583B001908E
:103B70000091019802F0E0F800BF03B05DF804FB8B
:103B800000B583B000F07CFD0190019B852B07D030
:103B9000019B0093009B002B02D00098FDF748FC8E
:103BA000002000F0CBFD00BF03B05DF804FB00B5C2
:103BB00083B000210020FCF74DFD0190019B002BFC
:103BC00002D00198FDF734FCFCF7E2FC00BF03B023
:103BD0005DF804FB10B586B01A4B01AC0FCB84E83E
:103BE0000F001120FFF777FF1120FFF785FF2F232C
:103BF0008DF804302D238DF805302E238DF80630F6
:103C0000FF238DF807304FF08053039300238DF886
:103C1000103000238DF811302C20FFF75CFF2C2092
:103C2000FFF76AFF01A9002300220748FEF7BCFE48
:103C30000590059B002B02D00598FDF7F9FB00BF0E
:103C400006B010BDB4BB0000ACBB000070B592B0B4
:103C5000884B4FF4FC621A60864B40F2E1725A6066
:103C6000844B40F2E9729A60824B4FF4FD62DA6055
:103C700002228049804804F037FA7F497F4804F0E7
:103C8000D5FA40F2E97240F2E1717D4804F075F92D
:103C90007B497C4804F0BDFA7A4A78497A4804F0B6
:103CA000B5FB0FA82C23794A794905F097FC0FAB97
:103CB0001946784805F07EF8012300930323AC22CF
:103CC0000021744805F0EDF903461A46724B1A605C
:103CD00040F22133099308238DF8283002238DF810
:103CE000293050238DF82A3003238DF82B30A5235B
:103CF0008DF82C305A238DF82D3000238DF82E307E
:103D000000238DF82F3000238DF83030624B1B6874
:103D1000002B3BD109AB19465E4805F0C1FA0346BA
:103D20001A465E4B1A600A20FFF704FF05AB1946DE
:103D3000584805F031FA03461A46594B1A60584B59
:103D40001B68002B22D1059B564A13609DF8193041
:103D50001A069DF81A301B041A439DF81B301B02EB
:103D600013439DF81C2013434F4A13609DF81D30E8
:103D70001A069DF81E301B041A439DF81F301B02C3
:103D800013439DF820201343484A136000230093F7
:103D90000323AC2200213F4805F083F903468DF848
:103DA00047309DF84730424A13600DAB19463948F9
:103DB00005F0E0F89DF837301A463E4B1A609DF842
:103DC00038301A463C4B1A609DF839301A463B4B46
:103DD0001A609DF834301A46394B1A609DF8353018
:103DE0001A46384B1A609DF836301A46364B1A6020
:103DF0009DF84730002B22D09DF847109DF83730B2
:103E00001D469DF834301E469DF838309DF835200B
:103E10009DF839009DF8364003940290019200937A
:103E200033462A46294804F0E0FCFCF7EBFE034643
:103E300083F00103DBB2002BF7D020BFF5E7154A72
:103E40002349244805F0EAFA0123224A0E49224870
:103E500004F010FE214B204A1A60204B01225A60C8
:103E60001E4B1F4A9A601D4B0022DA6000BF12B041
:103E700070BD00BFC4690020D4690020E86900203B
:103E8000EC690020E86A0020EC6A0020ACBB00006E
:103E9000B46B0020AC6B0020784000207C400020F8
:103EA0008040002084400020884000208C4000207A
:103EB000584000205C40002060400020644000200A
:103EC000684000206C40002070400020C4BB00000F
:103ED000BC6B0020C06B0020786B00209C6B002026
:103EE0006B3B000000B587B04FF47A70FFF722FEFD
:103EF0004FF4FD63019308238DF8083002238DF8F9
:103F0000093050238DF80A3003238DF80B3000233D
:103F10008DF80C3000238DF80D3000238DF80E3015
:103F200000238DF80F3000238DF81030144B1B68E0
:103F30000133134A136001AB1946124805F0B0F97A
:103F400003468DF817309DF817300F4A13609DF81F
:103F50001730002B0AD10D4B1B6801330B4A13603D
:103F60004FF4FD610A4804F040FC05E09DF817306D
:103F70001946084804F039FC00BF07B05DF804FB9F
:103F8000CC6B0020AC6B002074400020D06B002074
:103F900028BC000060BC000000B589B0FFF7F0FD50
:103FA000FFF705FE304804F020FCFFF7D8FD03467C
:103FB00083F00103DBB2002B0CD02C4804F015FC7D
:103FC000FCF720FE034683F00103DBB2002BF7D0A1
:103FD00020BFF5E7FFF7C6FD034683F00103DBB220
:103FE000002B0CD0224804F000FCFCF70BFE03462B
:103FF00083F00103DBB2002BF7D020BFF5E7FFF71A
:10400000E9FDFFF723FE012304931A4B03931A4B98
:1040100002930223019340F2E973009340F2E173AB
:104020004FF4FD624FF4FC61144804F0DEFBFFF72F
:1040300059FF0023019301230093114B4FF4407269
:104040001049114801F0D8FC0346012B01D100238F
:1040500000E004230793079B002B02D00798FDF78D
:10406000E7F901F0E9FEFEE794BC0000C4BC0000E3
:1040700018BD000000127A0090D003006CBD000053
:104080009C6B0020CCBD0000118C0000BFF34F8F53
:1040900000BF064BDB6803F4E0620449044B1343A2
:1040A000CB60BFF34F8F00BF00BFFDE700ED00E026
:1040B0000400FA0582B0164B1B680193154B1B6870
:1040C0000093019B082B1FD1009B052B1AD801A23E
:1040D00052F823F0ED400000F1400000F5400000F0
:1040E000F9400000FD4000000141000001230CE008
:1040F00001230AE0012308E0012306E0012304E094
:10410000012302E0012300E00023184602B07047BB
:10411000300100103401001082B0164B1B6801936F
:10412000154B1B680093019B082B1FD1009B052B8F
:104130001AD801A252F823F0514100005541000065
:10414000594100005D4100006141000065410000EF
:1041500001230CE001230AE0012308E0012306E02B
:10416000012304E0012302E0012300E000231846BC
:1041700002B07047300100103401001082B0164BBD
:104180001B680193154B1B680093019B082B1FD1E3
:10419000009B052B1AD801A252F823F0B54100006C
:1041A000B9410000BD410000C1410000C54100000F
:1041B000C941000001230CE000230AE0002308E0CD
:1041C000002306E0002304E0002302E0002300E0D7
:1041D0000023184602B0704730010010340100106F
:1041E00082B0164B1B680193154B1B680093019B13
:1041F000082B1FD1009B052B1AD801A252F823F0DF
:10420000194200001D42000021420000254200002A
:10421000294200002D42000001230CE000230AE0A7
:10422000002308E0002306E0002304E0002302E06E
:10423000002300E00023184602B070473001001050
:104240003401001082B0164B1B680193154B1B689C
:104250000093019B082B1FD1009B052B1AD801A2AC
:1042600052F823F07D4200008142000085420000A8
:10427000894200008D4200009142000001230CE0C1
:1042800000230AE0002308E0002306E0002304E006
:10429000002302E0002300E00023184602B070472C
:1042A000300100103401001082B0164B1B680193DE
:1042B000154B1B680093019B082B1FD1009B052BFE
:1042C0001AD801A252F823F0E1420000E5420000B2
:1042D000E9420000ED420000F1420000F54200001A
:1042E00001230CE000230AE0002308E0002306E09D
:1042F000002304E0002302E0002300E0002318462E
:1043000002B07047300100103401001082B0164B2B
:104310001B680193154B1B680093019B082B1FD151
:10432000009B052B1AD801A252F823F04543000048
:10433000494300004D430000514300005543000035
:104340005943000001230CE001230AE0012308E0A7
:10435000012306E0012304E0012302E0012300E041
:104360000023184602B070473001001034010010DD
:1043700082B0164B1B680193154B1B680093019B81
:10438000082B1FD1009B052B1AD801A252F823F04D
:10439000A9430000AD430000B1430000B543000055
:1043A000B9430000BD43000000230CE000230AE0F5
:1043B000002308E0002306E0012304E0012302E0DB
:1043C000012300E00023184602B0704730010010BE
:1043D0003401001008B5FFF7CBFF0346002B07D0D0
:1043E0004FF010234FF08042D3F80832C2F858350E
:1043F00000BF08BD00BF044BD3F80034002BFAD037
:1044000000BF00BF704700BF00E0014000B583B0AF
:104410000190054A019BC2F80435FFF7EBFF00BF8E
:1044200003B05DF804FB00BF00E00140024B034A0B
:104430001A6000BF704700BF904000200090D0037A
:1044400008B5FFF737FE0346002B0ED04FF0804330
:104450000022C3F80C214FF080430022C3F8102142
:104460004FF080430022C3F83825FFF755FE03467E
:10447000002B76D04FF08053734AD3F80434C2F83F
:1044800020354FF08053704AD3F80834C2F82435F1
:104490004FF080536C4AD3F80C34C2F828354FF0F3
:1044A0008053694AD3F81034C2F82C354FF080534A
:1044B000654AD3F81434C2F830354FF08053624A5D
:1044C000D3F81834C2F834354FF080535E4AD3F82D
:1044D0001C34C2F840354FF080535B4AD3F8203487
:1044E000C2F844354FF08053574AD3F82434C2F809
:1044F00048354FF08053544AD3F82834C2F84C352D
:104500004FF08053504AD3F82C34C2F850354FF056
:1045100080534D4AD3F83034C2F854354FF08053AD
:10452000494AD3F83434C2F860354FF08053464AD4
:10453000D3F83834C2F864354FF08053424AD3F888
:104540003C34C2F868354FF080533F4AD3F84034CA
:10455000C2F86C354FF080533B4AD3F84434C2F86C
:104560007035FFF70BFE0346002B02D0374B384A5D
:104570001A60FFF735FE0346002B03D0354BFB22B4
:10458000C3F81825FFF75EFE0346002B0AD0324B16
:104590001B6823F00F02314B1B6803F00F032E49F9
:1045A00013430B60FFF780FE0346002B03D02C4B18
:1045B0004FF400721A60FFF7A9FE0346002B0DD0DE
:1045C0004FF08043D3F8003403F00103002B05D0F3
:1045D0004FF080436FF00102C3F80024214BD3F861
:1045E0008830204A43F47003C2F88830BFF34F8FFD
:1045F00000BFBFF36F8F00BFFFF7ECFE4FF010233B
:10460000D3F80032002B05DB4FF01023D3F804322F
:10461000002B15DA0120FFF7F9FE4FF010231222CC
:10462000C3F80022FFF7E6FE4FF010231222C3F872
:104630000422FFF7DFFE0020FFF7E8FEFFF726FD6C
:10464000FFF7F4FE00BF08BD00C000408C560040DC
:104650004881030000F00040E40E004058020010C2
:104660004096024000ED00E0044BD3F80034002BEC
:1046700014BF01230023DBB218467047000001403D
:1046800000B583B000230193144B1B78002B02D09C
:104690008523019314E0114B00229A600F4B0022F6
:1046A0005A600E4B00221A610C4B0022DA600C4853
:1046B00000F0D6F9019000F0EDF9084B01221A70D4
:1046C000FFF7D2FF0346002B02D0044B01229A7061
:1046D000019B184603B05DF804FB00BFD46B0020BB
:1046E0000148000084B001900091019B1B68039376
:1046F00006E0039A009B9A420DD0039B1B6803932C
:10470000039B002BF5D1019B1A68009B1A60019B4B
:10471000009A1A6000E000BF04B0704784B00190B6
:10472000019B1B680393039B002B03D0039B1A6818
:10473000019B1A60039B184604B0704700B583B014
:1047400001901A4B9B78DBB2002B12D0019B002BFF
:1047500003D0019B5B68012098470020FDF752F8C9
:10476000124BDB680133114AD3600020FDF753F888
:1047700017E00020FDF746F8019B002B03D00199BC
:104780000B48FFF7AFFF094BDB68002B01D100F0AE
:1047900089F9064BDB680133044AD3600020FDF73A
:1047A0003AF800BF03B05DF804FB00BFD46B0020F3
:1047B000E46B002000B585B003468DF807309DF806
:1047C0000730002B02D10C4B039301E00B4B0393FA
:1047D0000398FFF7A3FF0290029B002B06D0029BD9
:1047E0005B689DF8072010469847F1E700BF00BFBF
:1047F00005B05DF804FB00BFDC6B0020E46B00201B
:1048000000B583B003468DF807309DF80730002BC4
:1048100005D10A4B01225A700020FFF7CBFF9DF80B
:104820000730012B05D1054B01229A700120FFF7BB
:10483000C1FF00BF03B05DF804FB00BFD46B0020D4
:1048400082B003468DF807309DF90730002B0CDB52
:104850009DF8073003F01F0205499DF907305B09F9
:10486000012000FA02F241F8232000BF02B0704795
:1048700000E100E082B0034600918DF807309DF919
:104880000730002B0ADB009BDAB20C499DF9073098
:104890005201D2B20B4483F800230BE0009BDAB242
:1048A00007499DF8073003F00F03043B5201D2B2D1
:1048B0000B441A7600BF02B0704700BF00E100E071
:1048C00000ED00E082B00190019B1B0B5BB218462B
:1048D00002B0704700B583B003460A468DF8073032
:1048E00013468DF806309DF806209DF907301146D5
:1048F0001846FFF7BFFF00BF03B05DF804FB00B52B
:1049000083B003468DF807309DF907301846FFF74E
:1049100097FF00BF03B05DF804FB000082B00346C0
:104920008DF807300F4A9DF90730002B00DA1F334E
:104930005B115BB252F823209DF90730594203F016
:104940001F0301F01F0158BF4B425BB222FA03F371
:1049500003F00103002B14BF01230023DBB2184630
:1049600002B0704700E100E082B001904FF0804259
:10497000019BC2F8043300BF02B0704782B00190BF
:104980004FF08042019BC2F8083300BF02B070476D
:1049900082B003468DF807309DF8073003F180435D
:1049A00001221A6000BF02B0704784B00346ADF820
:1049B0000630BDF8063003F1804300221A60BDF8CE
:1049C000063003F180431B680393039B00BF04B0D0
:1049D000704782B00346ADF80630BDF8063003F1EB
:1049E00080431B68002B14BF01230023DBB2184651
:1049F00002B0704782B001904FF08042019BC2F834
:104A0000183500BF02B0704700B583B006238DF89B
:104A100007304FF08040FFF755FF03461846FFF779
:104A20007DFF034683F00103DBB2002B13D04FF070
:104A30008040FFF747FF03461A469DF807301946A6
:104A40001046FFF747FF4FF08040FFF73BFF03465C
:104A50001846FFF754FF00BF03B05DF804FB0000E9
:104A600084B0019000230393094B1B79002B02D0E3
:104A70008523039308E0064A019B1360044B01223F
:104A80001A71034B00225A71039B184604B07047F9
:104A9000E86B002008B5FFF7B7FF0120FFF7AAFF7A
:104AA00000BF08BD08B54FF48270FFF77EFF0220FB
:104AB000FFF75AFF0820FFF76BFF00BF08BD00009B
:104AC00008B54FF48070FFF784FF0346002B14D025
:104AD0004FF48070FFF769FF0120FFF74FFF114B84
:104AE0005B7983F00103DBB2002B06D00D4B012272
:104AF0005A710C4B1B68002098474FF48270FFF7E7
:104B000068FF0346002B0AD04FF48270FFF74DFF79
:104B10000220FFF733FF034B1B680120984700BFBB
:104B200008BD00BFE86B002000B583B00346ADF8B8
:104B30000630BDF80630184600F026F803461B681C
:104B4000012B0CBF01230023DBB2184603B05DF834
:104B500004FB00B585B00346ADF80630BDF806305D
:104B6000184600F011F803461A4600231360BDF8FA
:104B70000630184600F008F803461B680393039BB1
:104B800000BF05B05DF804FB82B00346ADF8063007
:104B9000BDF8063003F1804303F5C043184602B068
:104BA0007047000082B00190034BD3F80423019BAF
:104BB0001340184602B070470060004082B0019078
:104BC000054A019B03F5A27352F823301B0A03F038
:104BD0003F03184602B070470060004082B0019069
:104BE000064A019B03F5A27352F823301B0C03F015
:104BF0000303DBB2184602B0704700BF00600040FC
:104C000082B00190019B1B681F2B02D84FF0A0437C
:104C100006E0019B1B6803F01F02019B1A60024B18
:104C2000184602B0704700BF0003005000B585B0C1
:104C300001900B468DF8033001AB1846FFF7E0FFFB
:104C40000390019A039B02F5E07253F82230019A17
:104C500023F44031039B02F5E07243F82210019ADD
:104C6000039B02F5E07253F822309DF803201204F2
:104C70001146019A1943039B02F5E07243F8221092
:104C800000BF05B05DF804FB00B585B0019001AB35
:104C90001846FFF7B5FF0390019A039B02F5E072F7
:104CA00053F822301B0C03F00303DBB2184605B0A7
:104CB0005DF804FB88B0039002910192164A05AB9F
:104CC00092E8030083E80300039B079319E0079B26
:104CD0009B0020336B4453F80C3CD3F82025019BF8
:104CE0001A60079B9B0020336B4453F80C3C019ADD
:104CF0001268C3F82025019B04330193079B0133FD
:104D00000793039A029B1344079A9A42DFD300BF8A
:104D100000BF08B0704700BFF8BD000000B585B007
:104D2000019001AB1846FFF76BFF0390019B012236
:104D300002FA03F31A46039BC3F8202500BF05B00F
:104D40005DF804FB84B001900091009B0393019BEC
:104D5000DB080293019B03F0070301930122019BEF
:104D600002FA03F30399029A0A4412781340184690
:104D700004B0704782B00190044A019B134424336D
:104D800093F90030184602B0704700BFF06B002066
:104D900082B00190034A019B52F82330184602B0BA
:104DA000704700BFF06B002084B00190074A019B60
:104DB0001344543393F900308DF80F309DF80F30C1
:104DC00023F0C003184604B0704700BFF06B00200A
:104DD00084B00190074A019B1344543393F9003087
:104DE0008DF80F309DF80F309B09DBB2184604B0E8
:104DF000704700BFF06B002000B585B00190019AAC
:104E000002210020FFF756FF002303930BE0039BD2
:104E10009B00019A13441B68002B01D0012306E07C
:104E2000039B01330393039B012BF0D90023184606
:104E300005B05DF804FB000000B587B001900023C9
:104E400005935BE0344A059B1344543393F90030D7
:104E5000B3F1FF3F4ED00598FFF7A6FF04900199EC
:104E60000498FFF76FFF0346002B44D00598FFF727
:104E7000AFFF03468DF80F300498FFF705FF034698
:104E80008DF80E309DF80E30022B01D1032300E087
:104E900002238DF80D309DF80D3019460498FFF768
:104EA000C5FE0498FFF73AFF0498FFF763FF034637
:104EB0001846FFF76DFF0290029B002B1BD09DF858
:104EC0000F30032B0FD09DF80E30022B03D19DF82D
:104ED0000F30012B07D09DF80E30032B0BD19DF81E
:104EE0000F30022B07D19DF80F20029B114604982A
:104EF000984700E000BF059B01330593059B002BFD
:104F0000A0D00198FFF778FF0346002B97D100BF90
:104F100000BF07B05DF804FBF06B002000B58BB05C
:104F20000023089301AB00221A605A604FF480738B
:104F3000ADF81A30012309930023079321E0BDF84F
:104F40001A301846FFF7F0FD0346002B0ED00998E3
:104F5000FFF728FE0346002B08D0BDF81A3018468C
:104F6000FFF7F7FD089A099B13430893099B5B0021
:104F70000993BDF81A300433ADF81A30079B01339A
:104F80000793079B072BDAD94FF4BE70FFF7CCFDD0
:104F90000346002B0DD04FF4BE70FFF7DAFD089BDF
:104FA00043F00043089301AB1A4602210020FFF7AB
:104FB00081FE089BDBB2002B29D00123099300233B
:104FC000079321E0099A089B1340002B16D00798FD
:104FD000FFF7F4FD05900798FFF700FE03468DF8F4
:104FE00013300798FFF7D4FE0390039B002B05D0E6
:104FF0009DF81320039B114605989847099B5B0079
:105000000993079B01330793079B072BDAD9089B6A
:10501000002B03DA01AB1846FFF70EFF00BF0BB001
:105020005DF804FB00B589B00190002305930023CF
:105030000493019B002B22D00823DB43019A9A4260
:105040001BD80822019B13440193019B03F0070323
:10505000002B14D0019B03F00703C3F10803039353
:10506000039BDB43019A9A4204D8019A039B1344A1
:10507000019304E00023019301E00023019300F079
:1050800009FF3C4B1B68002B01D100F0B9F8019BD4
:10509000002B67DB019B002B64D0374B1B68019A08
:1050A0009A425FD8354B0693344B1B68079304E054
:1050B000079B0693079B1B680793079B5B68019AF6
:1050C0009A4203D9079B1B68002BF1D1294B1B681F
:1050D000079A9A4246D0069B1B6808221344059300
:1050E000079B1A68069B1A60079B5A68019BD21A95
:1050F00008235B009A4213D9079A019B1344029339
:10510000079B5A68019BD21A029B5A60079B019A1F
:105110005A60069B1A68029B1A60069B029A1A60E4
:10512000154B1A68079B5B68D31A134A1360124B1E
:105130001A68134B1B689A4203D20F4B1B68104A24
:105140001360079B5B680493079B5B6843F0004216
:10515000079B5A60079B00221A600A4B1B680133A9
:10516000084A136000F0A0FE059B184609B05DF8E0
:1051700004FB00BF54BC002058BC00204CBC0020E5
:105180005CBC002060BC002000B585B00190019B94
:105190000393019B002B2BD008235B42039A1344FB
:1051A0000393039B0293029B5B68DB0F03F00103F5
:1051B000DBB2002B1CD0029B1B68002B18D1029B7A
:1051C0005B6823F00042029B5A6000F063FE029B82
:1051D0005A68094B1B681344074A1360029800F091
:1051E00065F8064B1B680133044A136000F05CFE4F
:1051F00000BF05B05DF804FB58BC002064BC002073
:1052000084B04FF4A0430293234B0393039B03F01A
:105210000703002B0CD0039B07330393039B23F05E
:1052200007030393029A039BD31A1B4A1344029366
:10523000039B1A4A1360194B00225A60039A029B7F
:10524000134401930822019B9B1A0193019B23F0B5
:1052500007030193019B124A1360114B1B68002244
:105260005A600F4B1B6800221A60039B0093009B3F
:10527000019AD21A009B5A60094B1A68009B1A6067
:10528000009B5B68074A1360009B5B68064A1360DB
:1052900000BF04B0704700BF4C6C00204CBC002025
:1052A00054BC00205CBC002058BC002084B001909D
:1052B000264B039302E0039B1B680393039B1B682D
:1052C000019A9A42F7D8039B0293039B5B68029A68
:1052D0001344019A9A4208D1039B5A68019B5B6868
:1052E0001A44039B5A60039B0193019B0293019B09
:1052F0005B68029A1A44039B1B689A4218D1039B6D
:105300001A68134B1B689A420DD0019B5A68039B85
:105310001B685B681A44019B5A60039B1B681A68F0
:10532000019B1A6008E00A4B1A68019B1A6003E0AF
:10533000039B1A68019B1A60039A019B9A4202D050
:10534000039B019A1A6000BF04B070474CBC002058
:1053500054BC002082B00190019B03F10802019B24
:105360005A60019B4FF0FF329A60019B03F10802E3
:10537000019BDA60019B03F10802019B1A61019B0A
:1053800000221A6000BF02B0704782B00190019BFA
:1053900000221A6100BF02B0704784B001900091F2
:1053A000019B5B680393009B039A5A60039B9A6876
:1053B000009B9A60039B9B68009A5A60039B009A2B
:1053C0009A60009B019A1A61019B1B685A1C019B01
:1053D0001A6000BF04B0704784B001900091009B38
:1053E0001B680293029BB3F1FF3F03D1019B1B6932
:1053F00003930CE0019B0833039302E0039B5B687B
:105400000393039B5B681B68029A9A42F6D2039B44
:105410005A68009B5A60009B5B68009A9A60009BE8
:10542000039A9A60039B009A5A60009B019A1A6142
:10543000019B1B685A1C019B1A6000BF04B0704797
:1054400084B00190019B1B690393019B5B68019AE7
:1054500092689A60019B9B68019A52685A60039B0C
:105460005B68019A9A4203D1019B9A68039B5A6038
:10547000019B00221A61039B1B685A1E039B1A6042
:10548000039B1B68184604B07047000000B585B048
:105490000190009101230393019B0293029B002B37
:1054A0005FD0029BDB6B002B5BD0029B1A6C029BD4
:1054B000DB6B0021A3FB0223002B00D001210B4654
:1054C000002B4ED101F024FD029B1A68029BDB6B7E
:1054D0000299096C01FB03F31A44029B9A60029B38
:1054E00000229A63029B1A68029B5A60029B1A6808
:1054F000029BDB6B013B0299096C01FB03F31A442D
:10550000029BDA60029BFF2283F84420029BFF2269
:1055100083F84520009B002B16D1029B1B69002BB2
:105520001CD0029B1033184600F064FF0346002B8A
:1055300014D00F4B4FF080525A6040BFBFF34F8FD3
:1055400000BFBFF36F8F09E0029B10331846FFF7CF
:1055500001FF029B24331846FFF7FCFE01F0EAFC32
:1055600001E000230393039B184605B05DF804FB9C
:1055700000ED00E000B58BB00590049113468DF866
:105580000F3000230993059B002B2ED00021049A95
:10559000059BA3FB0223002B00D001210B46002B0F
:1055A00023D1059B049A02FB03F313F1490F1CD886
:1055B000059B049A02FB03F30893089B48331846A3
:1055C000FFF730FD0990099B002B0ED0099B079334
:1055D000079B483307939DF80F20099B00931346C0
:1055E000079A0499059800F005F8099B18460BB036
:1055F0005DF804FB00B585B00390029101928DF82F
:105600000330029B002B03D1069B069A1A6002E02E
:10561000069B019A1A60069B039ADA63069B029A1C
:105620001A6401210698FFF731FF00BF05B05DF84D
:1056300004FB000000B58BB003900291019200239F
:105640000993039B089301F063FC089B9B6B0793F2
:10565000079B002B22D00299089800F091F8079B35
:105660005A1E089B9A63089B1B69002B12D0089B4B
:105670001033184600F0BEFE0346002B0AD03F4B05
:105680004FF080525A6040BFBFF34F8F00BFBFF34F
:105690006F8F00BF01F04EFC01236BE0019B002BDC
:1056A00003D101F047FC002364E0099B002B05D1E6
:1056B00005AB184600F064FF0123099301F03AFCA2
:1056C00000F0E8FB01F024FC089B93F844305BB247
:1056D000B3F1FF3F03D1089B002283F84420089BCD
:1056E00093F845305BB2B3F1FF3F03D1089B002232
:1056F00083F8452001F01EFC01AA05AB11461846AF
:1057000000F050FF0346002B25D1089800F0B4F8B4
:105710000346002B19D0089B2433019A11461846E2
:1057200000F01CFE089800F050F800F0BDFB0346A6
:10573000002B88D1114B4FF080525A6040BFBFF30D
:105740004F8F00BFBFF36F8F13E0089800F03DF854
:1057500000F0AAFB77E7089800F037F800F0A4FB08
:10576000089800F089F80346002B3FF46CAF002343
:1057700000E068E718460BB05DF804FB00ED00E0C0
:1057800000B583B001900091019B1B6C002B18D0D9
:10579000019BDA68019B1B6C1A44019BDA60019B38
:1057A000DA68019B9B689A4203D3019B1A68019BAC
:1057B000DA60019BD968019B1B6C1A46009804F0C3
:1057C00091F800BF03B05DF804FB00B585B001900F
:1057D00001F09EFB019B93F845308DF80F3013E0EC
:1057E000019B5B6A002B14D0019B2433184600F008
:1057F00001FE0346002B01D000F01CFF9DF80F3086
:10580000013BDBB28DF80F309DF90F30002BE7DC48
:1058100000E000BF019BFF2283F8452001F08AFBD6
:1058200001F076FB019B93F844308DF80E3013E0C5
:10583000019B1B69002B14D0019B1033184600F00C
:10584000D9FD0346002B01D000F0F4FE9DF80E3088
:10585000013BDBB28DF80E309DF90E30002BE7DCFA
:1058600000E000BF019BFF2283F8442001F062FBAF
:1058700000BF05B05DF804FB00B585B0019001F0F4
:1058800047FB019B9B6B002B02D10123039301E09B
:105890000023039301F04EFB039B184605B05DF80F
:1058A00004FB000084B00190009100230293009B50
:1058B000002B24D0002303931EE0174A039BDB0038
:1058C00013445B68019A9A4205D1039BDB00124A9C
:1058D0001344029313E0029B002B0AD10E4A039B50
:1058E00052F83330002B04D1039BDB000A4A1344E7
:1058F0000293039B01330393039B012BDDD9029B8E
:10590000002B05D0029B009A1A60029B019A5A60F4
:1059100000BF04B0704700BF68BC002000B587B06E
:10592000039002910192039B059301F0F1FA059B0C
:1059300093F844305BB2B3F1FF3F03D1059B0022E3
:1059400083F84420059B93F845305BB2B3F1FF3FE9
:1059500003D1059B002283F8452001F0EBFA059B5B
:105960009B6B002B06D1059B2433019A02991846A4
:1059700000F00AFD0598FFF728FF00BF07B05DF8AB
:1059800004FB00B58BB00790069105920493059B2C
:105990009B001846FFF746FB0890089B002B13D08E
:1059A0006420FFF73FFB0990099B002B08D064227D
:1059B0000021099804F030F8099B089A1A6305E061
:1059C0000898FFF7E1FB01E000230993099B002BF6
:1059D0000DD000230393099B02930D9B01930C9B15
:1059E0000093049B059A0699079800F027F8099BF5
:1059F00018460BB05DF804FB00B589B00590049122
:105A0000039202930B9B01930A9B0093029B039AC0
:105A100004990598FFF7B5FF0690069B002B05D06B
:105A2000069800F07BF80123079302E04FF0FF3364
:105A30000793079B184609B05DF804FB00B587B0D3
:105A400003900291019200930A9B186B019B9B00AB
:105A50001A46A52103F0E0FF0A9B1A6B019B03F194
:105A60008043013B9B0013440493049B23F00703F2
:105A70000493029B002B1ED00023059312E0029A90
:105A8000059B134419780A9A059B134434330A463C
:105A90001A70029A059B13441B78002B06D0059BB5
:105AA00001330593059B1F2BE9D900E000BF0A9B3A
:105AB000002283F85320089B022B01D9022308936C
:105AC0000A9B089ADA620A9B089A5A650A9B043371
:105AD0001846FFF75AFC0A9B18331846FFF755FC87
:105AE0000A9B0A9A1A61089BC3F103020A9B9A61F6
:105AF0000A9B0A9A5A62009A0399049801F0AAF93B
:105B000002460A9B1A60099B002B02D0099B0A9A45
:105B10001A6000BF07B05DF804FB000000B585B057
:105B2000019001F0F5F9424B1B680133404A1360C4
:105B3000404B1B68002B09D13E4A019B13603C4B34
:105B40001B68012B10D100F083FD0DE03A4B1B6860
:105B5000002B09D1374B1B68DA6A019BDB6A9A423A
:105B600002D8344A019B1360344B1B680133334A1B
:105B70001360019BDA6A324B1B689A4203D9019B7E
:105B8000DB6A2F4A1360019BDA6A2E4913469B0099
:105B900013449B000B4404331B680393019B039A3B
:105BA0009A60039B9A68019BDA60039B9B68019A49
:105BB00004325A60019B1A1D039B9A60019BDA6AAA
:105BC00013469B0013449B001E4A1A44019B5A61D2
:105BD000019BDA6A1B4913469B0013449B000B444C
:105BE0001B68019AD26A591C164813469B0013443D
:105BF0009B000344196001F09DF90F4B1B68002BBB
:105C000011D00C4B1B68DA6A019BDB6A9A420AD2FC
:105C10000D4B4FF080525A6040BFBFF34F8F00BF13
:105C2000BFF36F8F00BF00BF05B05DF804FB00BF7E
:105C300028BD002078BC002034BD002044BD0020D9
:105C400030BD00207CBC002000ED00E000B587B036
:105C500001900023059301F05BF9019B002B02D119
:105C60002E4B1B6800E0019B0493049B04331846F1
:105C7000FFF7E6FB049B9B6A002B04D0049B1833C0
:105C80001846FFF7DDFB264B1B680133244A1360DF
:105C9000224B1B68049A9A4201D1012300E00023A1
:105CA0000393204B1B68002B10D0039B002B0DD0BF
:105CB000049B043319461C48FFF76FFB1B4B1B6802
:105CC00001331A4A13600123059306E0184B1B6841
:105CD000013B174A136000F035FD01F02BF9059BDD
:105CE000012B02D0049800F01DFD0E4B1B68002B09
:105CF0000FD00A4B1B68049A9A420AD10D4B4FF001
:105D000080525A6040BFBFF34F8F00BFBFF36F8F09
:105D100000BF00BF07B05DF804FB00BF78BC0020E7
:105D200044BD002034BD0020FCBC002010BD00207C
:105D300028BD002000ED00E000B585B001900023F3
:105D40000393019B002B08D000F0A4F800210198D8
:105D500000F028FD00F0A8F80390039B002B0AD167
:105D6000074B4FF080525A6040BFBFF34F8F00BFC8
:105D7000BFF36F8F00BF00BF05B05DF804FB00BF2D
:105D800000ED00E000B58FB001230D9300230293D6
:105D900003AB00221A605A609A60DA601A615A6195
:105DA0009A6100230A9300230B9311E01F4A0B9B77
:105DB0001344197802AA0B9B13440A461A7002AACC
:105DC0000B9B13441B78002B06D00B9B01330B93CA
:105DD0000B9B1E2BEAD900E000BF02AA0B9B1344C9
:105DE00000221A7000230C9316E0114B0A930C9BAF
:105DF0009B00104A134402A901930023009300233F
:105E00004FF400720A98FFF7F7FD0D900D9B012BE0
:105E100006D10C9B01330C930C9B002BE5DD00E0BD
:105E200000BF0D9B18460FB05DF804FB08BE0000D4
:105E3000456600004CBD002000B583B0FFF7A2FF0F
:105E40000190019B012B02D100F01CFD0190019BF0
:105E5000012B11D140230093009B83F3118800BFD5
:105E6000084B4FF0FF321A60074B01221A60074BB4
:105E700000221A6001F026F8054B1B6800BF03B032
:105E80005DF804FB48BD002034BD00202CBD00207F
:105E900094400020034B1B680133024A136000BF8B
:105EA000704700BF50BD002000B589B000230793A4
:105EB0000023069301F02CF8002304936F4B1B681A
:105EC000013B6E4A13606D4B1B68002B40F0CE8087
:105ED0006B4B1B68002B00F0C9808FE0694BDB68BF
:105EE000DB680793079B9B6A0393079BDB69079A11
:105EF000126A9A60079B1B6A079AD2695A60039BD1
:105F00005A68079B18339A4203D1079B1A6A039B6E
:105F10005A60079B00229A62039B1B685A1E039BD0
:105F20001A60079B5B690293079B9B68079AD2687C
:105F30009A60079BDB68079A92685A60029B5A68CE
:105F4000079B04339A4203D1079BDA68029B5A608D
:105F5000079B00225A61029B1B685A1E029B1A6013
:105F6000079BDA6A484B1B689A4203D9079BDB6A96
:105F7000454A1360079BDA6A444913469B00134461
:105F80009B000B4404331B680193079B019A9A60A2
:105F9000019B9A68079BDA60019B9B68079A043211
:105FA0005A60079B1A1D019B9A60079BDA6A134689
:105FB0009B0013449B00354A1A44079B5A61079B78
:105FC000DA6A324913469B0013449B000B441B685A
:105FD000079AD26A591C2D4813469B0013449B0014
:105FE00003441960079BDA6A294B1B68DB6A9A42F3
:105FF00004D9284A049B012142F82310214B1B6835
:10600000002B7FF46BAF079B002B01D000F09AFBB5
:10601000214B1B680593059B002B12D000F04AF81A
:106020000346002B04D01B4A049B012142F8231095
:10603000059B013B0593059B002BEFD1164B0022DE
:106040001A60144A049B52F82330002B0ED001230F
:1060500006930F4B1B68114B4FF080525A6040BFA4
:10606000BFF34F8F00BFBFF36F8F00BF00F062FF21
:10607000069B184609B05DF804FB00BF50BD002028
:1060800028BD0020E8BC002030BD00207CBC0020E2
:1060900078BC00203CBD002038BD002000ED00E0B1
:1060A00082B0034B1B680193019B184602B07047F6
:1060B0002CBD002000B589B000230793764B1B68E8
:1060C000002B40F0DF80754B1B6801330693734A49
:1060D000069B1360069B002B10D1714B1B68059328
:1060E000704B1B686E4A13606E4A059B13606E4BC3
:1060F0001B6801336C4A136000F024FB6B4B1B6878
:10610000069A9A42C0F0A980654B1B681B68002B59
:1061100004D1664B4FF0FF321A609EE0604B1B6863
:10612000DB68DB680493049B5B680393069A039B1C
:106130009A4203D25D4A039B13608EE0049B5B6925
:106140000293049B9B68049AD2689A60049BDB6864
:10615000049A92685A60029B5A68049B04339A42DC
:1061600003D1049BDA68029B5A60049B00225A61A7
:10617000029B1B685A1E029B1A60049B9B6A002BA1
:106180001ED0049B9B6A0193049BDB69049A126AEC
:106190009A60049B1B6A049AD2695A60019B5A68F0
:1061A000049B18339A4203D1049B1A6A019B5A60DC
:1061B000049B00229A62019B1B685A1E019B1A6075
:1061C000049BDA6A3A4B1B689A4203D9049BDB6A48
:1061D000374A1360049BDA6A364913469B0013441E
:1061E0009B000B4404331B680093049B009A9A6045
:1061F000009B9A68049BDA60009B9B68049A0432B7
:106200005A60049B1A1D009B9A60049BDA6A13462D
:106210009B0013449B00274A1A44049B5A61049B29
:10622000DA6A244913469B0013449B000B441B6805
:10623000049AD26A591C1F4813469B0013449B00C2
:1062400003441960049BDA6A1B4B1B68DB6A9A42A1
:106250007FF65AAF0123079356E7174B1B68DA6A9C
:10626000144913469B0013449B000B441B68012BED
:1062700001D901230793114B1B68002B07D0012381
:10628000079304E00E4B1B6801330D4A1360079B14
:10629000184609B05DF804FB50BD00202CBD00205D
:1062A000E0BC0020E4BC002040BD002048BD002030
:1062B00030BD00207CBC002078BC00203CBD00200C
:1062C00038BD002082B0204B1B68002B03D01F4B31
:1062D00001221A6034E01D4B00221A601C4B1B681F
:1062E000019302E0019B013B01931A49019A134675
:1062F0009B0013449B000B441B68002BF2D0019AB7
:1063000013469B0013449B00124A13440093009BC6
:106310005B685A68009B5A60009B5A68009B083370
:106320009A4203D1009BDA68009B5A60009B5B682D
:10633000DB68094A1360064A019B1360064B1B6821
:1063400000BF02B0704700BF50BD00203CBD002020
:1063500030BD00207CBC002078BC002000B583B09C
:1063600001900091074B1B68183319460198FFF7FD
:1063700033F80121009800F015FA00BF03B05DF872
:1063800004FB00BF78BC002000B587B003900291E9
:106390000192039B5B680593154B1B68059ADA61B4
:1063A000134B1B68059A92681A62114B1A68059B79
:1063B0009B6818325A600E4B1B6803F11802059B4C
:1063C0009A600B4B1B68039A9A62039B1B685A1CCA
:1063D000039B1A60019B002B02D04FF0FF33029306
:1063E0000199029800F0DEF900BF07B05DF804FBE8
:1063F00078BC002088B00190019BDB68DB680693C5
:10640000069B9B6A0593069BDB69069A126A9A6053
:10641000069B1B6A069AD2695A60059B5A68069BBE
:1064200018339A4203D1069B1A6A059B5A60069B51
:1064300000229A62059B1B685A1E059B1A604A4BF4
:106440001B68002B61D1069B5B690393069B9B68CD
:10645000069AD2689A60069BDB68069A92685A6030
:10646000039B5A68069B04339A4203D1069BDA6861
:10647000039B5A60069B00225A61039B1B685A1EAD
:10648000039B1A60069BDA6A384B1B689A4203D951
:10649000069BDB6A354A1360069BDA6A3449134669
:1064A0009B0013449B000B4404331B680293069B20
:1064B000029A9A60029B9A68069BDA60029B9B682C
:1064C000069A04325A60069B1A1D029B9A60069B2C
:1064D000DA6A13469B0013449B00254A1A44069B24
:1064E0005A61069BDA6A224913469B0013449B00BB
:1064F0000B441B68069AD26A591C1D4813469B0020
:1065000013449B00034419601BE01A4B5B6804931F
:10651000069B049ADA61049B9A68069B1A62049BA4
:106520009B68069A18325A60069B03F11802049B76
:106530009A60069B0F4A9A620E4B1B6801330D4A04
:106540001360069BDA6A0C4B1B68DB6A9A4205D91A
:1065500001230793094B01221A6001E000230793EE
:10656000079B184608B0704750BD002030BD002082
:106570007CBC0020E8BC002078BC00203CBD002092
:1065800082B00190054B1A68019B1A60044B1A688F
:10659000019B5A6000BF02B0704700BF40BD0020A1
:1065A0002CBD002000B587B00190009100F0B0FC38
:1065B0001E4B1B680493019B5B68049AD31A0393D8
:1065C000009B1B68B3F1FF3F02D10023059326E037
:1065D000019B1A68164B1B689A420AD0019B5B68A4
:1065E000049A9A4205D301230593009B00221A6066
:1065F00015E0009B1B68039A9A420BD2009B1A6815
:10660000039BD21A009B1A600198FFF7B9FF002381
:10661000059304E0009B00221A600123059300F01B
:1066200089FC059B184607B05DF804FB2CBD0020D3
:1066300040BD0020024B01221A6000BF704700BF1E
:106640003CBD002000B583B0019000F03FF8FCE7AE
:1066500000B583B0002301930CE0019A13469B0020
:1066600013449B00114A13441846FEF773FE019B26
:1066700001330193019B022BEFD90D48FEF76AFE0F
:106680000C48FEF767FE0C48FEF764FE0B48FEF769
:1066900061FE0B48FEF75EFE0A4B054A1A600A4B84
:1066A000044A1A6000BF03B05DF804FB7CBC002004
:1066B000B8BC0020CCBC0020E8BC0020FCBC002002
:1066C00014BD0020E0BC0020E4BC002000B583B075
:1066D00019E000F01DFC104BDB68DB680193019BA7
:1066E00004331846FEF7ACFE0C4B1B68013B0B4A0B
:1066F00013600B4B1B68013B094A136000F01AFC46
:10670000019800F00FF8064B1B68002BE1D100BF89
:1067100000BF03B05DF804FBFCBC002028BD0020D6
:1067200010BD002000B583B00190019B1B6B184683
:10673000FEF72AFD0198FEF727FD00BF03B05DF8C4
:1067400004FB0000084B1B681B68002B04D1074B9F
:106750004FF0FF321A6005E0034B1B68DB681B68D3
:10676000024A136000BF7047E0BC002048BD002013
:1067700082B00A4B1B68002B02D10123019308E071
:10678000074B1B68002B02D10223019301E0002379
:106790000193019B184602B0704700BF34BD002032
:1067A00050BD002000B589B0019000912F4B1B68AF
:1067B00007932F4B1B6806932E4B1B6805932E4B9C
:1067C0001B6804331846FEF73BFE019BB3F1FF3F05
:1067D00024D1009B002B21D0284B5B680493264BCF
:1067E0001B68049A9A60244B1B68049A9268DA60CA
:1067F000214B1A68049B9B6804325A601E4B1B682D
:106800001A1D049B9A601C4B1B681C4A5A611B4B47
:106810001B680133194A136000BF22E0079A019BED
:1068200013440393144B1B68039A5A60039A079B03
:106830009A4207D2104B1B68043319460598FEF79D
:10684000CBFD0EE00C4B1B68043319460698FEF78F
:10685000C3FD0B4B1B68039A9A4202D2084A039B62
:10686000136000BF09B05DF804FB00BF2CBD002021
:10687000E0BC0020E4BC002078BC002014BD002057
:1068800048BD002000B585B00023039300F030FA26
:10689000094B1B68002B0AD0084B0193022300937D
:1068A0000023502206490748FFF7A6F80390039BF0
:1068B000184605B05DF804FB84BD002088BD0020AB
:1068C00010BE00006569000000B585B0039002911C
:1068D000019208E0039B9B69029A13440293039B75
:1068E0001B6A03989847039B9A69029BD118029BE5
:1068F000019A039800F0D0F80346002BEAD100BFBC
:1069000000BF05B05DF804FB00B585B001900091B3
:10691000134B1B68DB68DB680393039B0433184647
:10692000FEF78EFD039B93F8243003F00403002B45
:1069300005D0009A01990398FFF7C6FF08E0039B72
:1069400093F8243023F00103DAB2039B83F8242068
:10695000039B1B6A0398984700BF05B05DF804FBD2
:106960007CBD002000B585B0019002AB184600F058
:1069700057F80390029B1946039800F003F800F0C3
:10698000CDF8F2E700B585B001900091FFF782FAEB
:1069900002AB184600F062F80390029B002B32D144
:1069A000009B002B0AD1019A039B9A4206D8FFF75D
:1069B0007BFA03990198FFF7A7FF27E0009B002BC4
:1069C00008D0144B1B681B68002B01D1012300E089
:1069D00000230093104B1868019A039BD31A009A66
:1069E0001946FEF79BFFFFF75FFA0346002B0DD118
:1069F0000A4B4FF080525A6040BFBFF34F8F00BF29
:106A0000BFF36F8F02E0FFF74FFAFFE700BF05B05B
:106A10005DF804FB80BD002084BD002000ED00E097
:106A200084B001900C4B1B681B68002B01D1012224
:106A300000E00022019B1A60019B1B68002B05D11E
:106A4000054B1B68DB681B68039301E0002303937D
:106A5000039B184604B070477CBD002000B585B08C
:106A60000190FFF71DFB03900A4B1B68039A9A42A3
:106A700005D200F019F9019B01221A6002E0019B86
:106A800000221A60034A039B1360039B184605B05B
:106A90005DF804FB8CBD002000B587B00390029127
:106AA0000192009300230593039B029A5A60039B73
:106AB000039A1A61029A019B9A4212D8019A009B8A
:106AC000D21A039B9B699A4202D3012305931BE0D0
:106AD000104B1A68039B043319461046FEF77CFCE2
:106AE00012E0019A009B9A4206D2029A009B9A42B7
:106AF00002D30123059307E0074B1A68039B043375
:106B000019461046FEF768FC059B184607B05DF86D
:106B100004FB00BF80BD00207CBD002000B589B013
:106B200001AB00221A605A609A60DA60AAE0019B09
:106B3000002B0ADA01AB04330793079B1B68079A03
:106B40005068079A926811469847019B002BC0F243
:106B50009980039B0693069B002B00F09380069B75
:106B60005B69002B04D0069B04331846FEF768FCD3
:106B70006B461846FFF772FF0590019B013B082BFF
:106B80007DD801A252F823F0AD6B0000AD6B000080
:106B9000156C0000296C0000556C0000AD6B000006
:106BA000AD6B0000156C0000296C0000069B93F88B
:106BB000243043F00103DAB2069B83F82420029AC2
:106BC000069B9B69D118029B059A0698FFF764FF04
:106BD0000346002B55D0069B93F8243003F00403A2
:106BE000002B09D0029A069B9B691344059A19460B
:106BF0000698FFF769FE08E0069B93F8243023F01F
:106C00000103DAB2069B83F82420069B1B6A0698D0
:106C1000984736E0069B93F8243023F00103DAB25C
:106C2000069B83F824202DE0069B93F8243043F044
:106C30000103DAB2069B83F82420029A069B9A612C
:106C4000069B9A69059BD118059B059A0698FFF744
:106C500023FF17E0069B93F8243003F00203002B78
:106C600003D10698FEF790FA0CE0069B93F82430C7
:106C700023F00103DAB2069B83F8242002E000BF70
:106C800000E000BF074B1B6801A900221846FEF771
:106C9000D1FC0346002B7FF44AAF00BF00BF09B010
:106CA0005DF804FB84BD002000B583B009E00E4B05
:106CB0001B68DB681B6800934FF0FF310098FFF7FB
:106CC00023FE094B1B681B68002BF0D1064B1B6889
:106CD0000193064B1B68044A1360044A019B13602E
:106CE00000BF03B05DF804FB7CBD002080BD002028
:106CF00008B500F00DF9134B1B68002B1DD112488D
:106D0000FEF728FB1148FEF725FB114B0E4A1A60CF
:106D1000104B0E4A1A60002210212020FEF72AFC98
:106D20000346084A1360074B1B68002B05D0054B30
:106D30001B6809491846FEF7B5FD00F0FBF800BFD7
:106D400008BD00BF84BD002054BD002068BD0020E8
:106D50007CBD002080BD002018BE000006480068F1
:106D600080F3088862B661B6BFF34F8FBFF36F8FB1
:106D700000DF00BF00BF000000000000074B1968E3
:106D80000868B0E8F04F80F30988BFF36F8F4FF0C9
:106D9000000080F31188704700BF000078BC00201D
:106DA000EFF30980BFF36F8F154B1A681EF0100FB9
:106DB00008BF20ED108A20E9F04F10604DF8043D27
:106DC0004FF0400080F31188BFF34F8FBFF36F8FF8
:106DD000FFF778FA4FF0000080F3118808BC1968BB
:106DE0000868B0E8F04F1EF0100F08BFB0EC108A32
:106DF00080F30988BFF36F8F704700BF00BF0000AA
:106E000078BC002082B0034600918DF807309DF9D0
:106E10000730002B0ADB009BDAB20C499DF90730E2
:106E20005201D2B20B4483F800230BE0009BDAB28C
:106E300007499DF8073003F00F03043B5201D2B21B
:106E40000B441A7600BF02B0704700BF00E100E0BB
:106E500000ED00E084B0039002910192039B043B9B
:106E60000393002343F080731A46039B1A60039B2D
:106E7000043B0393029A039B1A60039B043B039316
:106E80000B4A039B1A60039B143B0393019A039BD9
:106E90001A60039B043B0393039B6FF002021A608A
:106EA000039B203B0393039B184604B0704700BF2D
:106EB000B56E000082B040230193019B83F31188DB
:106EC00000BFFEE708B50F216FF00100FFF79AFF42
:106ED00000F032F90B4B00221A6000F041F80A4B27
:106EE0005B68094A43F040435360084B1B69074AFB
:106EF00043F010031361FFF731FFFFF7DBFF0023BF
:106F0000184608BD90BD002030EF00E000ED00E025
:106F100082B040230193019B83F3118800BF044B8F
:106F20001B680133024A136000BF02B0704700BF04
:106F300090BD002082B0094B1B68013B074A1360DB
:106F4000064B1B68002B05D100230193019B83F3A3
:106F5000118800BF00BF02B0704700BF90BD002085
:106F6000044BD3F88830034A43F47003C2F88830E6
:106F700000BF704700ED00E082B003468DF8073097
:106F80009DF90730002B0CDB9DF8073003F01F0242
:106F900005499DF907305B09012000FA02F241F82A
:106FA000232000BF02B0704700E100E082B003463A
:106FB00000918DF807309DF90730002B0ADB009B0C
:106FC000DAB20C499DF907305201D2B20B4483F872
:106FD00000230BE0009BDAB207499DF8073003F06D
:106FE0000F03043B5201D2B20B441A7600BF02B029
:106FF000704700BF00E100E000ED00E084B0EFF377
:1070000011830193019B039340230293029B83F31B
:10701000118800BF039B184604B0704782B00190EE
:107020000091019B009AC3F8042300BF02B070478F
:1070300084B001900B46ADF80230BDF80230019AE1
:10704000134400221A60BDF80230019A13441B68F1
:107050000393039B00BF04B0704782B00190019B73
:10706000D3F80435184602B0704782B00190009101
:10707000019B009AC3F8082500BF02B0704782B098
:1070800001900B468DF803309DF80320019B1344BB
:107090001A460123136000BF02B0704782B001900E
:1070A0000091019B009AC3F8442300BF02B07047CF
:1070B00000B587B000230593FFF7A0FF03901C489D
:1070C000FFF7CBFF02904FF480711948FFF7B0FF34
:1070D000FEF7E6FF0246029B9B1A23F07F430493D0
:1070E000049B012B0DD9FFF743FB0346022B08D06D
:1070F0000123049305E0FEF7DDFF0246059B1343E1
:107100000593049B5A1E0492002BF4D1059B002B7F
:1071100004D0084B4FF080525A6040BF039B01934C
:10712000019B83F3118800BF00BF07B05DF804FB2B
:107130000010014000ED00E008B50020FDF7FEFA68
:107140001F210E48FFF791FF01210C48FFF766FF52
:1071500008210A48FFF793FF00210848FFF78FFF37
:1071600002210648FFF79AFF0F211120FFF71EFFAB
:107170001120FFF701FF00BF08BD00BF0010014054
:1071800000B583B0019028220021019802F044FC50
:1071900000BF03B05DF804FB00B585B00390029119
:1071A00013468DF80730039B002B06D0029B002B63
:1071B00003D09DF80730002B01D1002388E003980D
:1071C000FFF7DEFF029B1A78039B1A70039B1B7864
:1071D0002E2B39D02E2B65DC102B02D0272B0FD075
:1071E00060E09DF80730022B01D0002370E0039B84
:1071F00001225A70029B5A78039B9A70012367E020
:107200009DF80730012B01D8002361E0039B012288
:107210005A70029B5A78039B9A709DF80730023B84
:10722000DAB2039B9A71039B9B79202B01D900232F
:107230004EE0039BD81D029B991C039B9B791A4629
:1072400002F050FB012343E09DF80730022B01D8E8
:1072500000233DE0039B0122DA70029B01331B787F
:107260001B021AB2029B02331B781BB213431BB2E0
:107270009AB2039B9A809DF80730033BDAB2039BD6
:107280009A71039B9B79202B01D9002320E0039B5B
:10729000D81D029BD91C039B9B791A4602F022FB46
:1072A000012315E09DF80730013BDAB2039B9A7188
:1072B000039B9B79202B01D9002309E0039BD81D58
:1072C000029B591C039B9B791A4602F00BFB01237E
:1072D000184605B05DF804FB00B585B00390029137
:1072E0000192039B002B05D0029B002B02D0019B37
:1072F000002B01D100232EE0039B1B7883F00103B8
:10730000DBB2002B13D0029B7F221A70029B013349
:10731000039A92F823201A70029B0233039A92F880
:1073200024201A70019B03221A70012313E0039B8F
:107330005A78029B1A70029B581C039BD91C039B12
:107340009B781A4602F0CEFA039B9B780133DAB29F
:10735000019B1A700123184605B05DF804FB00B5C7
:1073600085B00390029113468DF80730039B002BE4
:1073700006D0029B002B03D09DF80730002B01D1D3
:1073800000233FE025220021039802F045FB029BE9
:107390001A78039B5A70029B1B787F2B1FD19DF894
:1073A0000730032B01D000232CE0039B00221A702E
:1073B000029B5A78039B83F82320029B9A78039BB5
:1073C00083F82420039B02229A70029B5A78039B25
:1073D000DA70029B9A78039B1A71012312E0039BD7
:1073E00001221A709DF80730013BDAB2039B9A70B4
:1073F000039BD81C029B591C039B9B781A4602F0E6
:1074000071FA0123184605B05DF804FB82B003460B
:107410008DF807309DF807304033DBB2184602B0D4
:10742000704700B585B0039001921A460B468DF85F
:107430000B3013468DF80A30039B002B24D02522F5
:107440000021039802F0E8FA039B01221A709DF8CC
:107450000B301846FFF7DAFF03461A46039B5A70B3
:10746000039B9DF80A209A70019B002B0DD09DF87C
:107470000A30002B09D0039B03339DF80A200199A1
:10748000184602F02FFA00E000BF05B05DF804FBDB
:1074900000B583B001900B468DF8033013468DF88C
:1074A0000230019B002B15D025220021019802F00B
:1074B000B3FA019B00221A70019B7F225A70019B34
:1074C0009DF8032083F82320019B9DF8022083F878
:1074D000242000E000BF03B05DF804FB00B585B0D8
:1074E0000390029101928DF80330039B002B01D190
:1074F000012321E09DF80330082B01D902231BE072
:1075000010220021039802F087FA039B029A1A6066
:10751000039B9DF803201A71019B002B0BD09DF853
:107520000330002B07D0039B05339DF803200199FE
:10753000184602F0D7F90023184605B05DF804FBA1
:1075400000B587B00390029101928DF803300023BB
:10755000049300230593039B002B01D1012325E015
:107560009DF80330072B01D903231FE09DF803305A
:10757000002B04D0019B002B01D1012316E09DF8C4
:1075800003308DF810309DF80330002B07D09DF8A4
:10759000032004AB01330199184602F0A3F904AAB1
:1075A000082302990398FFF799FF0346184607B08E
:1075B0005DF804FB00B587B0039002910192039B34
:1075C000002B02D0019B002B01D1012341E0039B42
:1075D0001B79002B03D0039B1B79082B01D90223B5
:1075E00037E0039B5B791B09DBB2002B01D004233E
:1075F0002FE0039B5B7903F00F038DF817309DF8A4
:107600001730072B01D9032323E09DF817300133EE
:10761000DAB2039B1B799A4201D9022319E09DF843
:107620001730002B04D0029B002B01D1012310E066
:107630009DF81730002B07D0039B06339DF81720C9
:107640001946029802F04EF9019B9DF817201A7016
:107650000023184607B05DF804FB84B00190009148
:10766000019B002B06D0009B002B03D0019B1B79B4
:10767000002B01D1002325E0019B5B791B098DF8CC
:107680000F309DF80F30002B0BD1019B1B79012B84
:1076900001D8002316E0019B9A79009B1A70012300
:1076A00010E09DF80F30012B0BD1019B1B79022BB1
:1076B00001D8002306E0019BDA79009B1A700123B0
:1076C00000E00023184604B0704784B00390029194
:1076D0000192039B002B06D0039B029A1A60039B26
:1076E000019A5A6000E000BF04B0704782B0019078
:1076F0000091019B002B0AD0009B002B07D0009B20
:107700001A68019B1B689A4201D1012300E0002303
:1077100003F00103DBB2184602B0704700B585B034
:1077200003900291009313468DF80730039B002BC2
:1077300001D1012308E0039B59689DF80730029AA4
:107740000098FFF7FDFE0346184605B05DF804FB00
:1077500000B583B00190B2220021019802F05CF9DB
:10776000019B012283F8B020019B41F234221A8050
:10777000019B01229A70019B0122DA70019B012278
:107780001A7100BF03B05DF804FB84B001900B4692
:10779000ADF80230019B002B01D1002324E000232F
:1077A0008DF80F3018E09DF80F30019A162101FB7B
:1077B00003F313441B88BDF802209A4207D19DF8B9
:1077C0000F30162202FB03F3019A13440CE09DF8DC
:1077D0000F3001338DF80F30019B93F8B0309DF8D6
:1077E0000F209A42DFD30023184604B0704700B53B
:1077F00085B00390029113468DF80730039B002B50
:1078000002D0029B002B01D1002319E09DF8073024
:10781000102B01D9002313E0039B06331022002113
:10782000184602F0F9F8039B06339DF807200299E9
:10783000184602F057F8039B9DF807205A71012360
:10784000184605B05DF804FB00B583B0019018221E
:107850000021019802F0E0F8019B01221A70019BBF
:1078600001221A6100BF03B05DF804FB00B583B0CC
:10787000019020220021019802F0CEF800BF03B051
:107880005DF804FB00B585B00390029100931346A8
:10789000ADF80630039B002B28D0029B002B25D08F
:1078A000009B002B22D0039B01221A70039BBDF882
:1078B00006205A80039B9DF818201A71039B0533FC
:1078C00010220021184602F0A7F8039B05339DF80B
:1078D00018200099184602F005F8029B1A69039BCC
:1078E0009A61029B5A69039BDA6100E000BF05B010
:1078F0005DF804FB00B585B0039002910093134638
:10790000ADF80630039B002B05D0029B002B02D064
:10791000009B002B01D1002336E0039B1B7883F0F2
:107920000103DBB2002B01D000232DE0039B5B8819
:10793000BDF806209A4201D0002325E0039B1B7965
:107940009DF818209A4201D000231DE0039B9A69FC
:10795000029B1B699A4201D0002315E0039BDA6960
:10796000029B5B699A4201D000230DE0039B053323
:107970009DF818200099184601F082FF0346002B5D
:107980000CBF01230023DBB2184605B05DF804FBF1
:1079900082B00346ADF80630BDF8063083F4B54337
:1079A00083F02503DB439BB2184602B0704700B555
:1079B00083B001900091019B002B1DD0009B002BF8
:1079C0001AD0F4220021019802F026F8019B1846F3
:1079D000FFF73AFF019BCC331846FFF747FF019BA7
:1079E00018331846FFF7B4FE019B009AEC33106879
:1079F000186092889A8000E000BF03B05DF804FB35
:107A000000B585B00190084A02AB92E80300186007
:107A10000433198002AB19460198FFF7C8FF00BF75
:107A200005B05DF804FB00BF20BE000082B00190ED
:107A3000019B002B0FD0019BDB685A1C019BDA6075
:107A4000019B5B7A002B07D0019B5B7A013BDAB28A
:107A5000019B5A7200E000BF02B0704782B00190F3
:107A6000019B002B01D1002318E0019B5B7A002BC6
:107A700001D0042312E0019B5B78002B01D003238B
:107A80000CE0019B9B78002B01D0022306E0019BB8
:107A90001B78032B01D1012300E00023184602B01C
:107AA000704700B587B0039002910192029B5B780A
:107AB00083F00103DBB2002B07D0029B1B7813225B
:107AC00019460198FFF7E4FC34E0029B9B78012BF8
:107AD0000BD0029B9B78032B07D0029B1B781222B2
:107AE00019460198FFF7D4FC24E0039B1A78029B07
:107AF0009B789A4204D0039B1B695A1C039B1A6112
:107B0000029B9A78039B1A70039B93F8EE30002B2C
:107B100002D0039B00225A70039B00229A70029BA2
:107B20009B788DF81430029B197805AA01230198DF
:107B3000FFF777FC07B05DF804FB00B589B0039050
:107B400002910192029B5B7883F00103DBB2002B70
:107B500007D0029B1B78132219460198FFF798FC67
:107B6000CEE0039B5B7A002B07D0029B1B7833226D
:107B700019460198FFF78CFCC2E0029B9B78012B11
:107B800035D1039B1B78032B07D0029B1B78222245
:107B900019460198FFF77CFCB2E0039BDB880133B8
:107BA0009AB2039BDA80039BDB8803F59053ADF810
:107BB0001A30039BBDF81A209A80039B01229A7009
:107BC00001238DF81430BDF81A301B0A9BB2DBB2CA
:107BD0008DF81530BDF81A30DBB28DF81630029BE7
:107BE000197805AA03230198FFF71BFC88E0029B84
:107BF0009B78022B7DD1039B1B78032B07D0029B24
:107C00001B78222219460198FFF742FC78E0039B7B
:107C10009B7883F00103DBB2002B07D0029B1B781B
:107C2000242219460198FFF733FC69E0029B9B79F7
:107C3000022B07D0029B1B78132219460198FFF7ED
:107C400027FC5DE0039B9B881846FFF7A1FE0346D7
:107C5000ADF81E30029BDB791B021AB2029B1B7A25
:107C60001BB213431BB2ADF81C30BDF81C20BDF88D
:107C70001E309A4224D0039B93F8ED30002B02D0A3
:107C8000039B00225A70039B1B7A0133DAB2039BD9
:107C90001A72039B00229A70039B1A7A039B93F833
:107CA000F0309A4204D3039B93F8F120039B5A725D
:107CB000029B1B78332219460198FFF7E9FB1FE06E
:107CC000039B01225A70039B00221A72039B00221D
:107CD0009A70039B5B695A1C039B5A6102238DF8BF
:107CE0001430029B197805AA01230198FFF799FB2C
:107CF00006E0029B1B78122219460198FFF7C8FB89
:107D000009B05DF804FB10B58AB0059004910392A8
:107D100000238DF82730049BDB7883F00103DBB26E
:107D2000002B07D0049B1B78132219460398FFF7FA
:107D3000AFFB9BE0059B03F11802049B9B8819464F
:107D40001046FFF722FD0890089B002B06D0089BE9
:107D50009B7883F00103DBB2002B07D0049B1B78D8
:107D6000312219460398FFF793FB7FE0089BDB78ED
:107D7000002B0BD0059B1B78032B07D0049B1B7893
:107D8000222219460398FFF783FB6FE0089B1B79BB
:107D9000002B30D0059B93F8EC30002B2BD0059BAB
:107DA0005B7883F00103DBB2002B24D0059B93F8B2
:107DB000EF30002B10D0059B03F1CC000599049BFC
:107DC0009A88049BDC1D049B9B7900932346FFF754
:107DD00091FD03468DF827309DF8273083F001038D
:107DE000DBB2002B07D0049B1B7833221946039883
:107DF000FFF74EFB3AE0049BD91D049B9B791A4682
:107E00000898FFF7F4FC034683F00103DBB2002B74
:107E100007D0049B1B78312219460398FFF738FBE3
:107E200024E0059B5B78002B0DD0059B03F1CC0073
:107E30000599049B9A88049BDC1D049B9B79009305
:107E40002346FFF71FFD049B9B881B0A9BB2DBB2F6
:107E50008DF81C30049B9B88DBB28DF81D30049B91
:107E6000197807AA02230398FFF7DBFA0AB010BDBE
:107E700000B585B0039002910192039B002B2DD099
:107E8000029B002B2AD0019B002B27D00398FFF7E1
:107E9000CDFD029B1B782E2B12D02E2B16DC102B27
:107EA00002D0272B06D011E0019A02990398FFF720
:107EB000F8FD14E0019A02990398FFF73EFE0EE0E8
:107EC000019A02990398FFF71EFF08E0029B1B78B6
:107ED000312219460198FFF7DBFA00E000BF05B038
:107EE0005DF804FB00B59BB003900291009313462C
:107EF0008DF8073000238DF86730039B002B38D0B6
:107F0000009B002B35D01C9B002B32D0029B002BFA
:107F100007D09DF80730002B03D0029B1B788DF80B
:107F200067309DF807200FAB02991846FFF734F928
:107F3000034683F00103DBB2002B0DD09DF86710E0
:107F400005AB13221846FFF7A3FA05AB1C9A00995C
:107F50001846FFF7C1F90DE005AA0FAB19460398C3
:107F6000FFF786FF05AB1C9A00991846FFF7B4F996
:107F700000E000BF1BB05DF804FB00B585B00390C6
:107F800002910192039B002B0BD0039B019A029953
:107F90001846FFF79AFB039B08331846FFF730FD9E
:107FA00000E000BF05B05DF804FB00B583B00190B0
:107FB0000091019B002B09D0019B00991846FFF707
:107FC00095FB0346002B01D0012300E0002303F0C2
:107FD0000103DBB2184603B05DF804FB10B58CB0AA
:107FE00005900491039200238DF8273000238DF82B
:107FF0001F30059B002B05D0049B002B02D0039B58
:10800000002B01D1012331E004990598FFF7CDFF42
:10801000034683F00103DBB2002B01D0052325E0EA
:108020000DF127020AAB19460498FFF7C3FA03467D
:108030008DF82F309DF82F30002B02D09DF82F3077
:1080400014E0059B03F108009DF8272008AC0AA95D
:108050000DF11F0300932346FFF744FF05989DF899
:108060001F2008A9039BFFF759FB034618460CB0D5
:1080700010BD82B003460A468DF8073013468DF8CE
:1080800006309DF80730022B17D0022B28DC002B7E
:1080900002D0012B02D023E0012322E09DF806301C
:1080A000102B03D09DF80630272B01D1012300E0CF
:1080B000002303F00103DBB213E09DF80630102B20
:1080C00007D09DF80630272B03D09DF806302E2BC5
:1080D00001D1012300E0002303F00103DBB200E043
:1080E0000023184602B0704710B485B00390029187
:1080F00013468DF80730039B002B13D0029B002BF7
:1081000010D0039A029B14460FCB84E80F00039B08
:108110009DF807201A74039B00225A74039B0022C7
:108120009A7400E000BF05B05DF8044B704700B5DD
:1081300087B003900291019200238DF81630039BC3
:10814000002B05D0029B002B02D0019B002B01D1FC
:1081500000235AE0039B00225A74039B00229A7466
:10816000029B1A68039B1B689A4233D10DF11603D8
:1081700019460298FFF771FA0346002B16D0039BAD
:108180001B7C9DF8162011461846FFF772FF034628
:1081900083F00103DBB2002B08D0039B01225A7449
:1081A0009DF81620039B9A7400232EE0039B5968C8
:1081B000029B5A1D029B1B790198FFF78FF903461A
:1081C0008DF817309DF81730002B0CBF01230023CA
:1081D000DBB21AE0029B1A68039B9B689A4213D198
:1081E000039BD968029B5A1D029B1B790198FFF7DC
:1081F00075F903468DF817309DF81730002B0CBF2A
:1082000001230023DBB200E00023184607B05DF82D
:1082100004FB82B001900091019B002B03D0019BD5
:10822000009A1A6000E000BF02B0704782B001906F
:108230000091019B002B03D0019B009A1A6000E083
:1082400000BF02B0704700B585B003900291019263
:10825000039B002B03D0039B1B68002B01D1012340
:1082600007E0039B1B68019A02991846FFF7B6FEC8
:108270000346184605B05DF804FB00B585B00390D1
:1082800002910192039B002B03D0039B1B68002BE0
:1082900001D1002307E0039B1B68019A029918464D
:1082A000FFF745FF0346184605B05DF804FB10B51F
:1082B00084B003900B4601928DF80B307822002198
:1082C000039801F0A9FB039B01221A70039B9DF800
:1082D0000B205A70039B00229A70039B0022DA70D5
:1082E000019B002B10D0039B019A1C1D13460FCB42
:1082F00084E80F00039B153319460198FFF7ADF989
:1083000003461A46039B1A7500BF04B010BD82B025
:108310000190019B002B01D1002301E0019B1B6810
:10832000184602B0704700B587B00390029113461B
:108330008DF807300298FFF7EAFF0590039B002BAA
:108340001AD0059B002B17D0059B08331846FFF762
:1083500085FB03468DF813309DF80730002B05D0C0
:10836000039B9DF8132083F82D2006E0039B9DF8C6
:10837000132083F82E2000E000BF07B05DF804FB57
:1083800000B587B00190009100238DF80F30019B5C
:10839000002B1AD0009B002B17D00DF10F0204AB5D
:1083A00019460098FFF706F90346002B0FD1019BF1
:1083B00041339DF80F2004A91846FEF7D0FF03466D
:1083C0001A46019B83F8402002E000BF00E000BF96
:1083D00007B05DF804FB00B583B00190019B002B52
:1083E00010D0019BD3F88430002B0BD0019BD3F825
:1083F0008430019A02F10C00019AD2F888201146CB
:10840000984700E000BF03B05DF804FB00B585B0FD
:10841000039002910192039B002B0ED08C2200212D
:10842000039801F0F9FA039B01221A70039B029A48
:108430005A60039B019A9A6000E000BF05B05DF8A6
:1084400004FB84B0039002910192039B002B08D09F
:10845000039B029AC3F88420039B019AC3F88820E7
:1084600000E000BF04B0704710B586B003900291E1
:108470000192039B9B681846FFF749FF0590059BF7
:10848000002B0AD1039B0122DA73039B04229A7307
:108490000398FFF7A0FF002360E002990598FFF71B
:1084A00084FD03461A46039B83F83820039B93F808
:1084B000383083F00103DBB2002B0AD0039B052286
:1084C000DA73039B03229A730398FFF784FF002358
:1084D00044E0039B03F10C00039B9B6801221946B7
:1084E000FFF721FF039B9868039B74331A46029998
:1084F000FFF7A9FE03461A46039BDA73039B03F1B9
:108500000C00039B9B6800221946FFF70CFF039B9E
:10851000DB7B002B07D0039B04229A730398FFF7A1
:108520005AFF00231AE0039B012283F87220039B69
:1085300003F10C02039B743319461046FFF720FF2A
:10854000019A039B144674330FCB84E80F00039BFE
:1085500001229A730398FFF73EFF0123184606B0E5
:1085600010BD10B586B0039002910192039B9B68E9
:108570001846FFF7CCFE0590039B5B68002B02D0EA
:10858000059B002B0AD1039B0122DA73039B042273
:108590009A730398FFF71FFF0023BDE0039B586801
:1085A000039B28331A460299FFF767FE03461A46D3
:1085B000039B83F82220039B93F8223083F001036E
:1085C000DBB2002B1CD0039B5B681B685A7C039BAF
:1085D00083F82420039B5B681B689A7C039B83F8C9
:1085E0002520039B93F82430002B01D0022200E0C9
:1085F0000322039B9A730398FFF7EDFE00238BE0A1
:10860000039B012283F82620039B283319460598F3
:10861000FFF7CBFC03461A46039B83F83820039BE5
:1086200093F8383083F00103DBB2002B0AD0039BB0
:108630000522DA73039B03229A730398FFF7CBFE9C
:10864000002369E0039B03F10C00039B9B6801225C
:108650001946FFF768FE039B9868039B03F1280106
:10866000039B3C331A46FFF7EEFD03461A46039B75
:10867000DA73039B03F10C00039B9B6800221946ED
:10868000FFF751FE039BDB7B002B07D0039B0422EB
:108690009A730398FFF79FFE00233DE0039B01229E
:1086A00083F83B20039B5868039B03F13C01039B29
:1086B00074331A46FFF7E1FD03461A46039B83F81D
:1086C0002320039B93F8233083F00103DBB2002BBC
:1086D00007D0039B04229A730398FFF77CFE0023C4
:1086E0001AE0039B012283F87220039B03F10C0222
:1086F000039B743319461046FFF742FE019A039B11
:10870000144674330FCB84E80F00039B01229A7345
:108710000398FFF760FE0123184606B010BD00B5B0
:1087200085B0039002910192039B002B05D0029B20
:10873000002B02D0019B002B01D1002319E0039BE9
:1087400003F10C00039B1B78029A1946FFF7AFFD5B
:10875000039B1B78002B06D1019A02990398FFF71F
:1087600083FE034605E0019A02990398FFF7F9FE9C
:108770000346184605B05DF804FB82B00190019BEA
:10878000002B01D1002301E0019B0C33184602B0FD
:10879000704700B5C5B044ABA3F58673186044AB11
:1087A000A3F58873196044ABA3F586731B68002B8F
:1087B00015D044ABA3F5887344AAA2F5867203A82A
:1087C0001B6812684FF4807101F088FA4390439B54
:1087D000002B06DD03AB184600F016F802E000BFE0
:1087E00000E000BF45B05DF804FB0FB400B583B0F6
:1087F00005AB019301990498FFF7CBFF00BF03B0CD
:108800005DF804EB04B0704700B583B00190019BA4
:10881000002B04D001990020FBF7E6F800E000BF30
:1088200003B05DF804FB000082B003468DF807300A
:108830009DF80730042B17D801A252F823F000BF8F
:1088400055880000598800005D880000618800009C
:1088500065880000064B08E0064B06E0064B04E086
:10886000064B02E0064B00E0064B184602B070478C
:1088700030BE000038BE000048BE000058BE0000F8
:1088800068BE000074BE000082B003468DF8073059
:108890009DF80730042B17D801A252F823F000BF2F
:1088A000B5880000B9880000BD880000C1880000BC
:1088B000C5880000064B08E0064B06E0064B04E0C6
:1088C000064B02E0064B00E0064B184602B070472C
:1088D0007CBE00008CBE0000A0BE0000ACBE00004C
:1088E000B8BE000074BE000070B584B00390029161
:1088F000039B002B00F09F80039B1B7883F00103F8
:10890000DBB2002B40F09780039B5B78002B01D1FA
:108910004B4900E04B49039B5A68039B1B7D002B8E
:1089200001D0494800E04948039B1B7D002B03D040
:10893000039B5B7D1C4600E00024039B1B7A019394
:10894000009403464248FFF750FF039B9B7D002B9A
:1089500005D0039BDB6919463E48FFF746FF039BA2
:108960001B7E002B05D0039B5B7E19463A48FFF720
:108970003CFF039B93F82C30002B01D0374C00E0D8
:10898000374C039B93F82D301846FFF77DFF0546C3
:10899000039B93F82E301846FFF776FF0646039B9D
:1089A0009B781846FFF740FF0246039BDB78019354
:1089B000009233462A4621462A48FFF716FF039BBA
:1089C00093F8663083F00103DBB2002B35D1039BB3
:1089D00093F84030002B24D0039B93F84130002BB8
:1089E0000CD0039B996E039B93F842301A46039B6D
:1089F00093F843301C48FFF7F8FE1FE0039B996E85
:108A0000039B93F842301A46039B93F86430184650
:108A1000039B93F86530009303461448FFF7E5FE87
:108A20000CE0039B996E039B93F86C301A46104838
:108A3000FFF7DBFE02E000BF00E000BF04B070BD46
:108A4000C4BE0000CCBE0000D4BE0000D8BE0000F2
:108A5000E4BE00001CBF000050BF000070BF00005B
:108A600074BF000078BF0000B8BF0000F4BF000072
:108A700044C0000000B585B00390029101928DF8CA
:108A80000330039B002B1DD024220021039800F00B
:108A9000C3FF039B029A1A60019B002B05D0039B26
:108AA000019A043307CA83E807009DF80330002BBE
:108AB00009D0029B002B06D0002204490298FFF740
:108AC000C0FC00E000BF05B05DF804FBE9880000D1
:108AD00000B58DB00190019B002B0BD0019B1B6852
:108AE000002B07D0019B5B68002B03D0019B9B6888
:108AF000002B01D1002384E0019B5B68019AD168BF
:108B000006AA10469847034683F00103DBB2002B08
:108B100001D0002375E0019B1B695A1C019B1A615F
:108B2000019B1B6802AA06A91846FFF7F8FD034639
:108B30008DF82F30019B1B681846FFF71EFE0A9028
:108B40000A9B002B06D00A9B1B7883F00103DBB243
:108B5000002B01D0012354E00A9B9B78013B032B9F
:108B60001FD801A252F823F0A78B0000798B0000D8
:108B7000878B0000958B0000019B9B695A1C019B11
:108B80009A6101233DE0019BDB695A1C019BDA617C
:108B9000012336E0019B1B6A5A1C019B1A620123C8
:108BA0002FE001232DE000BF9DF82F3083F001035B
:108BB000DBB2002B06D0019B1B6A5A1C019B1A6278
:108BC00001231EE0019B9B68019AD16802AA10460E
:108BD0009847034683F00103DBB2002B0BD0019BC7
:108BE0001B6A5A1C019B1A62029B19460748FFF731
:108BF000FCFD032305E0019B5B695A1C019B5A6144
:108C0000022318460DB05DF804FB00BF78C00000D9
:108C100000B585B00190019B0393039B002B03D10A
:108C20000020FDF713F815E0039B1B681846FFF7BB
:108C30004FFF03468DF80B309DF80B30002BF3D11E
:108C4000039B5B68002BEFD0039B5B681846FDF726
:108C500073F8E9E705B05DF804FB84B00190019B6F
:108C6000039302E0039B013B0393039B002BF9D189
:108C700000BF00BF04B0704710B584B003900291EC
:108C800001920093039B002B09D0039B1B68002BD0
:108C900005D0029B002B02D0009B002B01D10123A9
:108CA00010E0039B1C68039B5B68009A0199029883
:108CB000A047034683F00103DBB2002B01D002235F
:108CC00000E00023184604B010BD84B003460291B2
:108CD0000192ADF80E30BDF80E30DB089BB2DAB26F
:108CE000029B1A70BDF80E30DBB25B01DAB2019B59
:108CF0001A7000BF04B0704782B003460A468DF870
:108D0000073013468DF806309DF80730DB001AB2A5
:108D10009DF806305B09DBB21BB213431BB29BB25A
:108D2000184602B0704700B585B001900B468DF82B
:108D3000033000238DF80A309DF80330E0220F2124
:108D4000019800F0C6F803468DF80B309DF80B3003
:108D5000002B02D09DF80B3028E00023039321E084
:108D60000DF10A031A460E21019800F05BF8034644
:108D70008DF80B309DF80B30002B02D09DF80B3096
:108D800014E09DF80A3003F0E0029DF803309A42A7
:108D900001D100230AE04FF47A40FFF75EFF039B06
:108DA00001330393039B1F2BDAD90523184605B023
:108DB0005DF804FB00B583B001900091019B002B8E
:108DC0000ED008220021019800F026FE009B002B07
:108DD00007D0019B009A92E8030083E8030000E0BB
:108DE00000BF03B05DF804FB00B585B00190C0235F
:108DF0008DF80C3003A9012300220198FFF73CFFF6
:108E000003468DF80F309DF80F30002B02D1044837
:108E1000FFF723FF9DF80F30184605B05DF804FBFF
:108E200000C4090000B587B003900B4601928DF88D
:108E30000B3003238DF814309DF80B308DF815306E
:108E400000238DF81630124B1B88ADF8103000232C
:108E50008DF81230019B002B01D1012314E004AAEC
:108E600005A903230398FFF707FF03468DF8173082
:108E70009DF81730002B02D09DF8173004E09DF8C4
:108E80001220019B1A700023184607B05DF804FBFE
:108E9000ACC0000000B585B001900B468DF80330E2
:108EA00013468DF8023002238DF80C309DF8033004
:108EB0008DF80D309DF802308DF80E3003A9032394
:108EC00000220198FFF7D8FE0346184605B05DF86A
:108ED00004FB00B585B00190084611461A460346CA
:108EE0008DF803300B468DF8023013468DF80130B3
:108EF00005238DF80C309DF803308DF80D309DF86A
:108F000002308DF80E309DF801308DF80F3003A936
:108F1000042300220198FFF7AFFE0346184605B070
:108F20005DF804FB00B585B001900091A023ADF879
:108F30000C300023ADF80830009B002B01D1012339
:108F400014E002AA03A902230198FFF795FE034645
:108F50008DF80F309DF80F30002B02D09DF80F30A8
:108F600004E09DF80920009B1A700023184605B004
:108F70005DF804FB00B583B001900091009B002BCD
:108F800001D1012334E006220021009800F044FDC5
:108F9000009B03331A460E210198FFF743FF034657
:108FA0001A46009B1A70009B04331A460F21019841
:108FB000FFF738FF03461A46009B5A70009B0533A3
:108FC00019460198FFF7AEFF03461A46009B9A70B8
:108FD000009B1B78002B02D0009B1B7808E0009BB5
:108FE0005B78002B02D0009B5B7801E0009B9B78B4
:108FF000184603B05DF804FB00B585B00190084643
:1090000011461A4603468DF803300B468DF80230A0
:1090100013468DF801309DF803301A462A21019835
:10902000FFF738FF03468DF80F309DF80F30002B07
:1090300002D09DF80F3018E09DF802301A46292121
:109040000198FFF727FF03468DF80F309DF80F308A
:10905000002B02D09DF80F3007E09DF801301A4632
:1090600028210198FFF716FF0346184605B05DF862
:1090700004FB00B583B0019000210198FFF753FE77
:109080000346184603B05DF804FB00B583B00190B9
:1090900040210198FFF747FE0346184603B05DF8EC
:1090A00004FB00B585B00190084611461A460346F8
:1090B0008DF803300B468DF8023013468DF80130E1
:1090C0000198FFF791FE03468DF80F309DF80F30A1
:1090D000002B02D09DF80F305AE080210198FFF755
:1090E00022FE03468DF80F309DF80F30002B02D082
:1090F0009DF80F304CE09DF801309DF802209DF85E
:1091000003100198FFF778FF03468DF80F309DF8A4
:109110000F30002B02D09DF80F3039E06022602123
:109120000198FFF7B7FE03468DF80F309DF80F301A
:10913000002B02D09DF80F302AE001222B2101984C
:10914000FFF7A8FE03468DF80F309DF80F30002B77
:1091500002D09DF80F301BE000222C210198FFF770
:1091600099FE03468DF80F309DF80F30002B02D08A
:109170009DF80F300CE09DF81830002B04D00198BA
:10918000FFF783FF034603E00198FFF772FF0346F2
:10919000184605B05DF804FB00B58DB00190009154
:1091A00000238DF82D300023079308AB00221A60AE
:1091B0005A60C3F807200023039304AB00221A600F
:1091C0005A60C3F80720009B002B01D1012363E004
:1091D0000DF12D031A462C210198FFF723FE0346BB
:1091E0008DF82F309DF82F30002B02D09DF82F30B6
:1091F00052E09DF82D3003F00103002B01D1032331
:109200004AE003238DF81C3061238DF81D3003AA3A
:1092100007A90F230198FFF72FFD03468DF82F3084
:109220009DF82F30002B02D09DF82F3034E09DF8B0
:10923000123003F00F038DF82E309DF82E30082BDE
:1092400001D9042328E010220021009800F0E4FB5B
:109250009DF80E309DF80F2011461846FFF74CFD83
:1092600003461A46009B1A60009B9DF82E201A7137
:109270009DF82E30002B08D0009B581D9DF82E2005
:1092800003AB0733194600F02DFB002301222C21EC
:109290000198FFF71EFE034618460DB05DF804FB6B
:1092A00000B589B0019000910023049305AB002222
:1092B0001A605A60C3F80720009B002B01D10123DC
:1092C00057E0009B1B68B3F5006F03D2009B1B792E
:1092D000082B01D904234CE0009B1B689BB20DF1C5
:1092E0000E020DF10F011846FFF7EFFC02238DF877
:1092F000103031238DF811309DF80F308DF8123079
:109300009DF80E308DF8133000238DF814300023B3
:109310008DF81530009B1B7903F00F03DBB28DF83D
:109320001630009B1B79002B09D0009B591D009B18
:109330001B791A4604AB0733184600F0D3FA04A988
:109340000F2300220198FFF797FC03468DF81F308A
:109350009DF81F30002B02D09DF81F3009E08123BB
:109360008DF80C3003A9012300220198FFF784FC3B
:109370000346184609B05DF804FB000000B585B04F
:109380000190019B002B3CD00DF10F031A462C21BC
:109390000198FFF747FD0346002B04D19DF80F30DD
:1093A0001A461A4B1A600DF10F031A462D21019827
:1093B000FFF738FD0346002B04D19DF80F301A4605
:1093C000134B1A600DF10F031A461C210198FFF789
:1093D00029FD0346002B04D19DF80F301A460D4B92
:1093E0001A600DF10F031A461D210198FFF71AFDAF
:1093F0000346002B06D19DF80F301A46064B1A6023
:1094000000E000BF05B05DF804FB00BF9C400020F9
:10941000A0400020A4400020A840002084B0039079
:1094200002910192039B002B0FD0029B002B0CD0CA
:10943000029B019A1A60039B054A1A60039B054A26
:109440005A60039B029A9A6000E000BF04B0704724
:1094500059940000F994000000B585B00190009186
:10946000009B0393039B002B03D0039B1B68002BE3
:1094700001D1002331E01B4B1B680133194A1360F3
:10948000039B1B6801991846FFF786FE03468DF87B
:109490000B309DF80B30144A1360039B1B68184671
:1094A000FFF76CFF9DF80B30002B06D10F4B1B68AC
:1094B00001330E4A136001230FE09DF80B30032B9C
:1094C00005D10B4B1B680133094A136004E0094BBB
:1094D0001B680133074A13600023184605B05DF886
:1094E00004FB00BF94BD00209840002098BD0020E0
:1094F0009CBD0020A0BD002000B585B0019000916A
:10950000009B0393039B002B03D0039B1B68002B42
:1095100001D100230BE0039B1B6801991846FFF75C
:10952000BFFE0346002B0CBF01230023DBB218460D
:1095300005B05DF804FB000082B00190019B1B6840
:109540001F2B02D84FF0A04306E0019B1B6803F0DD
:109550001F02019B1A60024B184602B0704700BF01
:109560000003005000B585B0019001AB1846FFF72D
:10957000E3FF0390019B012202FA03F319460398CB
:1095800000F018F800BF05B05DF804FB00B585B029
:10959000019001AB1846FFF7CFFF0390019B01221A
:1095A00002FA03F31946039800F00EF800BF05B065
:1095B0005DF804FB82B001900091019B009AC3F812
:1095C000082500BF02B0704782B001900091019B56
:1095D000009AC3F80C2500BF02B0704784B0039016
:1095E000029101920093039B002B0FD0029B002B52
:1095F0000CD0029B019A1A60029B009A5A60039B4E
:10960000044A1A60039B029A5A6000E000BF04B04B
:10961000704700BF1996000000B593B00390029107
:1096200001920093009B1193119B002B09D0119B79
:109630001B68002B05D0039B002B02D0019B002B45
:1096400001D100232AE00CAB10220021184600F0C3
:10965000E3F9039B0C93019B0D93029B002B01D11B
:1096600004AB00E0029B0E93019B0F93119B5B6880
:109670001846FFF78BFF119B1B680CA900221846A8
:10968000F9F758FB1090119B5B681846FFF76AFFCB
:10969000109B002B0CBF01230023DBB2184613B034
:1096A0005DF804FB034B01221A64024BD3F84035EA
:1096B0001846704700A0004000B587B00190344BB9
:1096C0005B68334B9B6A03F00203002B5CD0304B8A
:1096D0009B6A03F08003002B56D02D4B5B6B0593E8
:1096E0002C4A059B934203D32B4A059B934217D3E5
:1096F0002A4A059B934203D3294A059B93420FD3E1
:10970000284A059B934203D3274A059B934207D3DC
:10971000264A059B934237D3254A059B934233D271
:10972000019B9B690493049B1B88ADF80E30BDF828
:109730000E3003F47843B3F5684F07DB019B183311
:109740001A68019B183304321A6006E0019B183333
:109750001A68019B183302321A60164B1B680133DA
:10976000144A1360144A059B1360FFF79BFF0346DE
:10977000124A13600599124800F0B6F9044B9B6A2F
:10978000034A43F0FF03936200BF07B05DF804FB98
:1097900000ED00E020000020F60000200004002082
:1097A000000800200000002020000020F800002019
:1097B00048010020AC400020B0400020B84000200C
:1097C00028C500001EF0040F0CBFEFF30880EFF374
:1097D0000980FFF771BF00BF002301461A461846F3
:1097E00000F0D2BB08B5074B044613B1002100F0CE
:1097F00021FC054B1868836A03B19847204602F0A4
:1098000015F900BF35A0000068C6000038B5084B48
:10981000084D5B1B9C1007D0043B1D44013C55F8D0
:1098200004399847002CF9D1BDE8384002F006B958
:10983000284100202441002070B50D4E0D4D761BAF
:10984000B61006D0002455F8043B01349847A642D0
:10985000F9D1094E094D761B02F0EAF8B61006D090
:10986000002455F8043B01349847A642F9D170BD55
:1098700020410020204100202441002020410020E0
:10988000032A70B515D940EA010C1CF0030F0446F9
:109890000B4621D1194620460E680568B54204F1F1
:1098A000040403F1040317D1043A032A204619469D
:1098B000F0D8541EA2B100F1FF3C013901E0C318F9
:1098C0000CD01CF801EF11F8012F9645A4EB0C0306
:1098D000F5D0AEEB020070BD541EECE7184670BD2B
:1098E000104670BD844641EA000313F003036DD1B6
:1098F000403A41D351F8043B40F8043B51F8043B53
:1099000040F8043B51F8043B40F8043B51F8043B59
:1099100040F8043B51F8043B40F8043B51F8043B49
:1099200040F8043B51F8043B40F8043B51F8043B39
:1099300040F8043B51F8043B40F8043B51F8043B29
:1099400040F8043B51F8043B40F8043B51F8043B19
:1099500040F8043B51F8043B40F8043B51F8043B09
:1099600040F8043B51F8043B40F8043B51F8043BF9
:1099700040F8043B403ABDD2303211D351F8043B99
:1099800040F8043B51F8043B40F8043B51F8043BD9
:1099900040F8043B51F8043B40F8043B103AEDD248
:1099A0000C3205D351F8043B40F8043B043AF9D299
:1099B000043208D0D2071CBF11F8013B00F8013B6C
:1099C00001D30B8803806046704700BF082A13D379
:1099D0008B078DD010F003038AD0C3F10403D21A91
:1099E000DB071CBF11F8013B00F8013B80D331F8C5
:1099F000023B20F8023B7BE7043AD9D3013A11F845
:109A0000013B00F8013BF9D20B7803704B784370AF
:109A10008B78837060467047830730B548D0541EFA
:109A2000002A3FD0CAB2034601E0013C3AD303F812
:109A3000012B9D07F9D1032C2DD9CDB245EA05257F
:109A40000F2C45EA054536D9A4F1100222F00F0C7F
:109A500003F1200EE6444FEA121C03F1100242E922
:109A6000045542E9025510327245F8D10CF1010259
:109A700014F00C0F03EB021204F00F0C13D0ACF136
:109A8000040323F003030433134442F8045B9342BA
:109A9000FBD10CF003042CB1CAB21C4403F8012B17
:109AA0009C42FBD130BD64461346002CF4D1F9E74B
:109AB00003461446BFE71A46A446E0E70EB410B5C5
:109AC000044683B008B183695BB106ABA168059A0F
:109AD0000193204601F0ECF803B0BDE8104003B05C
:109AE000704700F0FBFCF0E70FB410B50A4B1C68A0
:109AF00082B00CB1A3695BB105ABA168049A019374
:109B0000204601F0D5F802B0BDE8104004B070471F
:109B1000204600F0E3FCEFE7BC40002080EA0102B1
:109B2000844612F0030F4FD111F0030F32D14DF8DC
:109B3000044D11F0040F51F8043B0BD0A3F1013296
:109B40009A4312F0803F04BF4CF8043B51F8043BA9
:109B500016D100BF51F8044BA3F101329A4312F021
:109B6000803FA4F101320BD14CF8043BA24312F028
:109B7000803F04BF51F8043B4CF8044BEAD0234625
:109B80000CF8013B13F0FF0F4FEA3323F8D15DF8D7
:109B9000044B704711F0010F06D011F8012B0CF89F
:109BA000012B002A08BF704711F0020FBFD031F817
:109BB000022B12F0FF0F16BF2CF8022B8CF800209E
:109BC00012F47F4FB3D1704711F8012B0CF8012B21
:109BD000002AF9D1704700BF00000000000000001B
:109BE0000000000000000000000000000000000075
:109BF0000000000000000000000000000000000065
:109C000090F800F06DE9024520F007016FF0000CBC
:109C100010F0070491F820F040F049804FF0000464
:109C20006FF00700D1E9002391F840F000F108003F
:109C300082FA4CF2A4FA8CF283FA4CF3A2FA8CF377
:109C40004BBBD1E9022382FA4CF200F10800A4FADE
:109C50008CF283FA4CF3A2FA8CF3E3B9D1E9042332
:109C600082FA4CF200F10800A4FA8CF283FA4CF369
:109C7000A2FA8CF37BB9D1E9062301F1200182FA23
:109C80004CF200F10800A4FA8CF283FA4CF3A2FA29
:109C90008CF3002BC6D0002A04BF04301A4612BA37
:109CA000B2FA82F2FDE8024500EBD2007047D1E93A
:109CB000002304F00305C4F100004FEAC50514F0C9
:109CC000040F91F840F00CFA05F562EA05021CBF9A
:109CD00063EA050362464FF00004A9E710B51A4C89
:109CE000002924689AB02ADB009004904FF4027097
:109CF000ADF80C0013D001394FF6FF7002910591B9
:109D0000ADF80E006946204600F074FE421C01DAF0
:109D10008B232360009B00221A701AB010BD4FF6EF
:109D2000FF7002910591ADF80E006946204600F0E3
:109D300061FE431C01DA8B2323601AB010BD8B2314
:109D400023604FF0FF30F8E7BC40002030B5141E10
:109D50009BB005462CDB4FF4027200910491ADF8E4
:109D60000C2014D04FF6FF711A46013CADF80E10CE
:109D70001E9B02946946059400F03CFE421C01DAE9
:109D80008B232B60009B00221A701BB030BD4FF656
:109D9000FF711A46ADF80E101E9B02946946059499
:109DA00000F028FE431C01DA8B232B601BB030BD72
:109DB0008B2303604FF0FF30F8E700BFF8B50D4686
:109DC0001446064608B1836943B3254B9C422AD00A
:109DD000244B9C4229D0244B9C4208BFF468A389A1
:109DE000A269A2601A0722D5236903B322686169B8
:109DF000D31AEDB299422F4629DD0133A16801390A
:109E0000A160511C2160157062699A4216D0A38925
:109E1000DB0701D50A2D11D03846F8BD00F05EFBF6
:109E20000F4B9C42D4D17468D9E7B468D7E7214678
:109E3000304600F027F838B92369D7E72146304685
:109E400000F0E6F90028E7D04FF0FF37E4E72146BD
:109E5000304600F0DDF90028F6D122680123CDE775
:109E6000ACC600008CC600006CC6000010B4044CE8
:109E700003460A4620685DF8044B1946FFF79EBF6B
:109E8000BC4000203C4B70B51D6806460C460DB129
:109E9000AB69E3B1394B9C421FD0394B9C424DD04A
:109EA000384B9C4208BFEC68B4F90C3018079AB2E2
:109EB00019D5216911B312F001002FD00020A06044
:109EC00060694042A06100292ED0002070BD284664
:109ED00000F004FB294B9C42DFD16C68B4F90C30D4
:109EE00018079AB2E5D4D1063ED5520728D4216985
:109EF00043F00803A3819AB20029DCD102F4207058
:109F0000B0F5007FD7D02146304600F04BFBB4F9C6
:109F10000C3021699AB212F00100CFD1950758BFD9
:109F20006069A0600029D0D1120658BF0846CDD57F
:109F300043F04003A3814FF0FF3070BDAC68B3E73E
:109F4000616B51B104F14402914204D0304600F0FB
:109F5000B7FBB4F90C300022626321690022C4E926
:109F6000001223F02403C3E7092243F040033260C8
:109F70004FF0FF30A38170BDBC400020ACC6000094
:109F80008CC600006CC60000F0B5264C256885B074
:109F9000064605B36C681F2C41DCA6B1D5F88800D5
:109FA00048B3D0F8007140F824204FF0010C0CFAAF
:109FB00004FC00EB84024CEA0707022EC0F8007193
:109FC000C2F8803010D0A31C01346C6045F8231017
:109FD000002005B0F0BD1448144D25600028D9D0EC
:109FE0000068C5F88800D5E7D0F8043143EA0C03CF
:109FF000C0F80431E7E70E480191CDE9022370B1C2
:10A000004FF48470AFF3008048B10027C0E9407777
:10A01000DDE902236C680199C5F88800C3E74FF0B9
:10A02000FF30D6E730BE002000000000A4BD0020B5
:10A03000000000002DE9F84FDFF8BCA0DAF800704E
:10A040002DED028BE7B108EE100A89467D68D7F83E
:10A0500088806C1E14D407EB8506043608EB850552
:10A06000B9F1000F10D0B8F1000F02D0EB6F4B45E3
:10A070000AD0013C631CA5F10405A6F10406EFD14A
:10A08000BDEC028BBDE8F88F7B683268013BA342D0
:10A0900016BF00237C603360002AEAD0D7F804B0F2
:10A0A000B8F1000F1AD0D8F80001012303FA04F127
:10A0B000014213D0D8F80401014218D155F8041C0C
:10A0C00018EE100A90477A685A450BD1DAF800303A
:10A0D000BB42CED01F46002FB8D1D1E790477A6857
:10A0E0005A45F3D0DAF80070002FAFD1C8E755F821
:10A0F000040C9047E7E700BF30BE00208B891A07A9
:10A100002DE9F0410C4680463FD44A68002A58DDCC
:10A11000E66A002E52D00022D8F80050C8F800207D
:10A1200013F4805251D10123216A4046B047431CA9
:10A130005ED0A389E66A5F0705D56368C01A636BC2
:10A140000BB1236CC01A216A024600234046B04777
:10A15000411C3CD1D8F80030002B38D01D2B01D049
:10A16000162B4DD123690022C4E90032616BC8F877
:10A17000005019B304F14403994202D0404600F064
:10A180009FFA00206063BDE8F0810E69B6B10D68EA
:10A190000E609A070CBF4B690023AD1B8B600BE070
:10A1A0002B463246216AA76A4046B847B0F1000CF8
:10A1B000A5EB0C05664413DD002DF1DC0020BDE8A5
:10A1C000F0810A6C002AA3DCF8E7606DB3E7002396
:10A1D000636023692360A389DB04C7D56065C5E795
:10A1E000A38943F040034FF0FF30A381BDE8F08125
:10A1F000D8F80030002B9CD01D2B06D0162B04D095
:10A20000A38943F04003A381D9E7C8F80050D5E7FC
:10A2100038B50B69BBB10D46044608B18369B3B1CB
:10A220000D4B9D4211D00D4B9D4213D00C4B9D42C6
:10A2300008BFE568B5F90C302BB129462046BDE8CA
:10A240003840FFF75BBF002038BD6568F2E700F0DB
:10A2500045F9E5E7A568EDE7ACC600008CC600004F
:10A260006CC6000038B540B303690446E3B1174B30
:10A270001D680DB1AB69CBB1154B9C420FD0154B8E
:10A280009C4221D0144B9C4208BFEC68B4F90C30BE
:10A2900053B121462846BDE83840FFF72FBF6C6810
:10A2A000B4F90C30002BF4D1002038BD284600F062
:10A2B00015F9074B9C42E2D1F1E7084B08491868B1
:10A2C000BDE8384000F04AB9AC68DFE7BC40002088
:10A2D000ACC600008CC600006CC6000068C600005A
:10A2E00011A2000000207047014900F037B900BFFB
:10A2F00011A200000020704770B568224D1E02FBBD
:10A3000005F50E4605F1740100F03CFA044640B133
:10A3100000210C30C4E90016A06005F16802FFF7C7
:10A320007BFB204670BD00BF274B2DE9F0411E6826
:10A33000B369074653B348364FF00408D6E90134F1
:10A34000013B04D51EE05A1C04F168041AD0B4F98C
:10A350000C50013B002DF6D11C4B6566C4E900553D
:10A36000C4E90253C4E90455A5610822294604F151
:10A370005C00FFF751FBC4E90D55C4E912552046B6
:10A38000BDE8F08135682DB12E46D7E7304600F0A4
:10A390001FF8D0E74FF4D671384600F0F3F90446C1
:10A3A00068B10560C0F804800C302946A0602546DD
:10A3B0004FF4D072FFF730FB34602E46BEE70C231B
:10A3C00030603B60DBE700BF68C600000100FFFFB4
:10A3D0002DE9F84F344B35491A68816290424FF0AD
:10A3E0000003C0E91233036504BF012383610546FE
:10A3F000FFF79AFF68602846FFF796FFA860284697
:10A40000FFF792FF6F68E86000240423C7E9024366
:10A4100008222146C7E90044C7E904447C66BC61C0
:10A4200007F15C00FFF7F8FADFF88CB0AE68DFF8F0
:10A430008CA0DFF88C90DFF88C801D4BC7F828A02B
:10A44000C7E9087BC7F82C90C7F830800822F36072
:10A45000C6E90044C6E904447466B460B4612146A8
:10A4600006F15C00FFF7D8FAC6E9086BC6E90AA94D
:10A47000C6F83080EE680F4BF360C6E90044C6E9C9
:10A4800004447466B460B4612146082206F15C009D
:10A49000FFF7C2FA0123C6E9086BC6E90B98C6F8B4
:10A4A00028A0AB61BDE8F88F68C60000E9A20000F3
:10A4B000090001001200020051B3000079B300004E
:10A4C000B9B30000D9B30000024B0349186800F08B
:10A4D00045B800BF68C6000011A20000836903B937
:10A4E00076E77047704700BF704700BF704700BFF6
:10A4F000704700BF024B0349186800F00FB800BF57
:10A50000BC400020E5A20000024B0349186800F09F
:10A5100005B800BFBC400020F5A200002DE9F041C5
:10A52000884600F148070026D7E90154013D0FD4C1
:10A53000A389012B05F1FF3506D9B4F90E3001339B
:10A54000204601D0C04706436B1C04F16804EFD1DC
:10A550003F68002FE8D13046BDE8F0812DE9F8438F
:10A560000746884600F148064FF00009D6E9015435
:10A57000013D11D4A389012B05F1FF3508D9B4F9A8
:10A580000E300133214603D03846C04749EA00095E
:10A590006B1C04F16804EDD13668002EE6D1484604
:10A5A000BDE8F883F0B58B890C46990797B007D5BD
:10A5B00004F147030122C4E90432236017B0F0BD5F
:10A5C000B4F90E10002905462DDB6A4600F030FF75
:10A5D000002827DB019E06F470464FF48067A6F53D
:10A5E0000056B6FA86F639462846760900F0CAF8CB
:10A5F00030B3A3891A4AAA6243F08003C4E904076E
:10A60000A3812060002ED9D0B4F90E10284601F0A5
:10A610009DF80028D2D0A38923F0030343F001035F
:10A62000A381CBE7A38913F0800F14BF40274FF419
:10A63000806739462846002600F0A4F80028D8D1C3
:10A64000B4F90C309A05B9D423F0030304F147029E
:10A6500043F002030121C4E90421A3812260ADE794
:10A66000E9A2000070B50C46B1F90E10002996B0B1
:10A6700016461D4613DB6A4600F0DAFE00280EDBA4
:10A68000019901F47041A1F50051B1FA81F14FF443
:10A690008063490900202960336016B070BDB4F9A9
:10A6A0000C3000221B062A6004D5402300203360B2
:10A6B00016B070BD4FF480630020336016B070BDDB
:10A6C000002958D030B551F8043C83B0002BA1F1DB
:10A6D0000404B8BFE418019001F02EF9284A01984B
:10A6E000136833B1A3420DD9216804EB010C634513
:10A6F0002FD06360146003B0BDE8304001F01EB994
:10A70000A34210D81A465B68002BF9D1116802EBFE
:10A71000010C644519D02FD36360546003B0BDE8C9
:10A72000304001F00BB9116802EB010CA44516D0C2
:10A7300022D8216804EB010C6345EDD11D685B68EC
:10A740002944C4E900135460D5E723681944116013
:10A75000D1E71D685B682944C4E90013CAE724688F
:10A7600021445418A3421160C5D1D3E900432144C8
:10A77000C2E90013BFE770470C230360BBE700BFCB
:10A7800034BE0020F8B5CD1C25F0030508350C2D8E
:10A7900038BF0C25002D064623DBA94221D8254FC2
:10A7A00001F0CAF83A6822B3144603E0636822460F
:10A7B000FBB11C4623685B1BF8D40B2B15D86368D0
:10A7C00094420CBF3B605360304601F0B7F804F18F
:10A7D0000B00231D20F00700C21A01D01B1AA35042
:10A7E000F8BD0C2333600020F8BD23601C442560B5
:10A7F000EAE77968C9B12946304600F097FD431C65
:10A800000CD0C41C24F00304A04205D0211A304609
:10A8100000F08CFD013001D02560D5E70C233046D7
:10A82000336001F08BF80020F8BD304600F07EFD6B
:10A830007860E0E734BE00202DE9F0478F689F4242
:10A840000C461D46164638D88246888910F4906F0B
:10A850000ED108683D462A46314600F0F1FFA26855
:10A860002368D21B2B44A26023600020BDE8F08740
:10A870004B69096903EB4308236808EBD878A3EB1D
:10A8800001096B1C4FEA68084B444345424684BFAC
:10A8900098464246430513D511465046FFF772FFCE
:10A8A000074608B321694A46FFF71CF8A38923F439
:10A8B000906343F08003A38107E008681F46CAE75E
:10A8C000504601F03DF8074650B107EB0900A8EBF0
:10A8D00009032761C4F81480A36020602F46BAE7FB
:10A8E00021695046FFF7ECFE0C23CAF80030A3891B
:10A8F00043F040034FF0FF30A381B7E72DE9F04F5D
:10A90000936883B09146002B6ED017688D6880469F
:10A910000C460868083744E0A38913F4906F2ED0E2
:10A92000D4E90415A0EB010A05EB450505EBD57547
:10A930000AEB06006D100130A8422A4684BF054686
:10A940002A465B0537D511464046FFF71BFF002816
:10A950003BD0524621690190FEF7C4FFA289019BBA
:10A9600022F4906242F08002A281A5EB0A0203EB7E
:10A970000A006561A260236120603546B2465946EF
:10A98000524600F05DFFA068D9F808102368451B07
:10A990008E1B03EB0A00A5602060C9F808601EB397
:10A9A000083757E902B6002EFAD0B542AA46B3D905
:10A9B0003546B246E3E7404600F0C2FF03460028B2
:10A9C000D3D121694046FFF77BFE0C23C8F8003045
:10A9D000A389002243F040034FF0FF30A381C9E96F
:10A9E000012203B0BDE8F08F0020C9F8040003B0D5
:10A9F000BDE8F08F2DE9F04F92468A8915069DB08B
:10AA0000884681461C4603D50A69002A00F0EF807B
:10AA1000002209929AF800307E4D039420228DF88E
:10AA2000292030228DF82A200126002B72D054468E
:10AA300003E014F8013F002B76D0252BF9D1B4EBBD
:10AA40000A0B74D12278002A64D000234FF0FF3221
:10AA5000CDE90523049307938DF853301A930134FD
:10AA600004E0049A06FA03F313430493A246052272
:10AA700014F8011B284600F093FE431B0028F0D178
:10AA8000049BD80644BF20228DF8532019079AF85A
:10AA9000001044BF2B228DF853202A2954D1039A49
:10AAA00011680432002903927CDB07919AF80110A7
:10AAB0000AF1010A2E2959D0574C0322204600F0F2
:10AAC0006FFE40B1049B001B402404FA00F00343D6
:10AAD00004930AF1010A1AF8011B50488DF8281056
:10AAE000062200F05DFE002862D04D4B002B52D0B4
:10AAF00003AA00924B4B424604A94846AFF300809C
:10AB000007467A1C06D0099B3B4409939AF800300B
:10AB1000002B8CD1B8F80C305B0654BF09984FF06D
:10AB2000FF301DB0BDE8F08FB4EB0A0BF2D05B46EE
:10AB3000524641464846FFF77FFE0130EAD0099B66
:10AB400022785B4409937EE7A1F13002092AB1D84B
:10AB5000079B1AF8011F03EB830302EB4303A1F1E8
:10AB60003002092AF5D92E290793A5D19AF80110A8
:10AB70002A2927D1039B9AF802101A6805920433F8
:10AB8000002A0AF102000393B8BF4FF0FF33824658
:10AB9000B8BF059390E7039B073323F007030833FF
:10ABA0000393B0E7494243F00203079104937DE722
:10ABB00003AA00921B4B424604A9484600F05EFAE5
:10ABC00007469EE7A1F130020023092A05930AF106
:10ABD000010A3FF671AF1AF8011F03EB830302EB82
:10ABE0004303A1F13002092AF5D9059364E7402116
:10ABF000FFF7C8FDC8F80000C8F8100018B14022DF
:10AC0000C8F8142004E70C23C9F800304FF0FF30D7
:10AC100087E700BFCCC60000D4C60000D8C600003D
:10AC20000000000039A800009368013B002B9360EE
:10AC300011DA10B49469A34209DB0A2907D013681A
:10AC4000581C1060197008465DF8044B70475DF899
:10AC5000044BFFF7B3B81368581C1060197008460E
:10AC6000704700BF9BB1F8B5134406460F46541E0B
:10AC70005D1E01E0AC4208D014F8011F3A46304690
:10AC8000FFF7D2FF431CF5D1F8BD0020F8BD00202E
:10AC9000704700BF936810B5144613B95360184647
:10ACA00010BD00F0DBFB0023C4E9013310BD00BF81
:10ACB0002DE9F04F88469FB015461C46814618B1D5
:10ACC0008369002B00F0A280924B984500F0A4808D
:10ACD000914B984500F0B180904B984508BFD9F84A
:10ACE0000C80B8F80C30180740F19D80D8F810306F
:10ACF000002B00F0988000230B932978884E059450
:10AD000020238DF8313030238DF83230012700298F
:10AD100074D02C460B4604E014F8013F002B00F0E1
:10AD20008F80252BF8D1B4EB050B40F08C80237875
:10AD3000002B63D000234FF0FF32CDE907230693A9
:10AD400009938DF85B301C93013404E0069A07FAEE
:10AD500003F3134306932546052214F8011B3046DE
:10AD600000F01EFD831B0028F0D1069BD90644BFCE
:10AD700020228DF85B2029781A0744BF2B228DF8FA
:10AD80005B202A2970D1059A1168043200290592A6
:10AD9000C0F29B800991697801352E2976D0614CEB
:10ADA0000322204600F0FCFC38B1069B001B402427
:10ADB00004FA00F003430693013515F8011B5A48C5
:10ADC0008DF83010062200F0EBFC002800F08380A4
:10ADD000564B002B6DD005AA0092554B424606A952
:10ADE0004846AFF300800390039B013306D00B9BD2
:10ADF000039A297813440B9300298AD1B8F80C30B0
:10AE00005B0617D40B981FB0BDE8F08FFFF766FB09
:10AE1000404B98457FF45CAFD9F80480B8F80C300B
:10AE200018073FF563AF41464846FFF72BF8002867
:10AE30003FF461AF4FF0FF30E5E7D9F8088050E705
:10AE4000B4EB050BDAD0AA46C5F1010503E0934542
:10AE500036D91AF8011F42464846FFF7E5FE013091
:10AE600005EB0A02F3D1C9E7A1F13002092A94D80F
:10AE7000099B15F8011F03EB830302EB4303A1F1C8
:10AE80003002092AF5D92E29099388D169782A290F
:10AE90002BD1059BA9781A6807920433002A05F183
:10AEA00002000593B8BF4FF0FF330546B8BF0793C4
:10AEB00075E7059B073323F007030833059396E7EF
:10AEC0000B9A23785A440B9232E7494243F002032B
:10AED000099106935FE705AA0092154B424606A921
:10AEE000484600F0CBF803907EE7A1F13002002342
:10AEF000092A079305F101053FF651AF15F8011F27
:10AF000003EB830302EB4303A1F13002092AF5D9D5
:10AF1000079344E7ACC600008CC600006CC6000076
:10AF2000CCC60000D4C60000D8C600000000000057
:10AF300065AC000010B4054C8446134620685DF8EB
:10AF4000044B0A466146FFF7B3BE00BFBC40002079
:10AF50002DE9F84F92461F460A698B68DDF8289064
:10AF60009A42B8BF1A46CAF8002091F843300C46FE
:10AF7000064613B10132CAF80020226891065DD559
:10AF8000DAF800300233CAF80030226812F0060FF7
:10AF900011461ED1E168CB1A002BD8BF114618DD2F
:10AFA00004F1190B4FF0000805E0E568DAF800300D
:10AFB000ED1A45450CDD01235A4639463046C8474F
:10AFC000013008F10108F0D14FF0FF30BDE8F88FF3
:10AFD000216894F84330003B18BF01238A060AD544
:10AFE000E1185A1C302081F84300224494F845109F
:10AFF00082F84310023304F1430239463046C84711
:10B000000130E1D0236803F00603042B1DD0A368B0
:10B010002269934225DD4FF000089B1A98441A34A8
:10B02000002501E045451CDA012322463946304619
:10B03000C847013005F10105F4D1C5E712F0060F4C
:10B0400012D0003B18BF0123D5E7DAF80030E168E1
:10B050002269C91AA368934221EAE178DDDC00295C
:10B06000DDDC0020BDE8F88FE168DAF80030CB1AAB
:10B07000002BD8BF114693DCABE700BF2DE9F047AA
:10B080000C4684B09046227E0C990746994604F1FE
:10B090004300002A33D0A2F15803DDB2202D67D837
:10B0A000202B65D8DFE813F0DE0064006400640044
:10B0B0006400640064006400640064006400A30031
:10B0C0006E0064006400640064006E00640064004C
:10B0D0006400640021007F00C00064006400AE00D2
:10B0E00064007F0064006400E50023681A0640F1F4
:10B0F00004810B6862691D1D0D601B681A600023C6
:10B1000082462361CDF80090434603AA2146384683
:10B11000FFF71EFF013020D02369524641463846D2
:10B12000C847013019D02368E068039E9B0719D5F2
:10B13000831B002B16DD04F1190A002504E0E068EA
:10B14000039E831BAB420DDD012352464146384628
:10B15000C847013005F10105F1D14FF0FF3004B0CF
:10B16000BDE8F087B042B8BF304604B0BDE8F08714
:10B17000012384F84220236104F1420A002384F869
:10B180004330BFE723681A0602D45E0600F1C1808F
:10B190000D682A6804350D601546002A6BDBDFF860
:10B1A00084C10A2610E023681D0640F19C800B68CC
:10B1B0001D1D0D601D68DFF86CC16F2A0CBF0826CD
:10B1C0000A26002384F843306268A260002A7FDBED
:10B1D000236823F004032360002D5BD1002A79D17A
:10B1E0008246082E65D0A0EB0A0020618AE70B6832
:10B1F0000122186804330B6004F1420A84F842000B
:10B200002261BBE70B686268181D0860D3F800A0D4
:10B210000021504600F0C4FA002800F08180A0EB25
:10B220000A0060602061A9E7236843F020032360DF
:10B230007822DFF8F4C084F845200A68151D0D60F7
:10B240001D0643D4590641D51588DE0744BF43F097
:10B2500020032360002D44D1236823F020032360C2
:10B260001026AEE7582384F84530DFF8B8C02368CD
:10B27000E3E72368DCE76268A2602D21002AC5F1BC
:10B28000000584F8431002DB23F004032360DFF899
:10B2900094C00A268246B5FBF6F306FB13512A46F4
:10B2A0001CF801100AF8011DB2421D46F3D2082E07
:10B2B00099D12368D90796D5626823699A4292DCAE
:10B2C00030230AF8013C0AF1FF3A8CE71568BCE725
:10B2D000002DDFD19CF8003084F8423004F1420A9E
:10B2E0007FE710266DE713F0400F0B6803F10405AC
:10B2F0000D600CBF1D681D885DE713F0400F0B68E3
:10B30000626903F104050D601B6814BF1A801A609E
:10B31000F5E60A68B2F9005004320A602A463CE7B2
:10B3200060687FE7E0C60000F4C6000038B5074D4E
:10B330000022044608462A6000F06AFB431C00D045
:10B3400038BD2B68002BFBD0236038BD3CBE0020ED
:10B3500010B50C46B1F90E1000F01AFB002803DB03
:10B36000636D0344636510BDA38923F48053A381F7
:10B3700010BD00BF002070472DE9F0410C46B1F927
:10B380000C101F46CB05054616460BD421F4805100
:10B39000A1813B46B4F90E1032462846BDE8F04183
:10B3A00000F01EB8B4F90E100223002200F0E0F9FC
:10B3B000B4F90C10EAE700BF10B50C46B1F90E1055
:10B3C00000F0D6F9A389421C0EBF23F4805343F446
:10B3D00080536065A38110BDB1F90E1000F016B85E
:10B3E00038B50C46084D8446114620461A460023BF
:10B3F0002B606446F7F74BF8431C00D038BD2B6830
:10B40000002BFBD0236038BD3CBE002038B5074D73
:10B410000022044608462A6000F0DAFA431C00D0F5
:10B4200038BD2B68002BFBD0236038BD3CBE00200C
:10B4300070B50C46084D03460026204611461C46B2
:10B440002E6000F0CDFA431C00D070BD2B68002B9D
:10B45000FBD0236070BD00BF3CBE00209368002B72
:10B4600000F085802DE9F04FB1F90C300C4619073A
:10B47000804683B0174698B225D523691BB310F0D8
:10B4800002033D682DD04FF0000ADFF8BCB25646EB
:10B49000B9465E453346524628BF5B464046002EBD
:10B4A00052D0216AA76AB847002856DDD9F808307B
:10B4B0001B1A8244361AC9F80830002BE9D1002043
:10B4C00003B0BDE8F08F21464046FEF7DBFC0028C4
:10B4D00040F03681B4F90C303D6898B210F00203A8
:10B4E000D1D110F0010944D14E46009746B38205F0
:10B4F000D4F808B040F18380B3455A4600F2B280D8
:10B5000010F4906F40F0BF8020680192494600F02F
:10B5100097F9A368019AA3EB0B012368A160134478
:10B52000B24623600026009B9868A0EB0A00D14435
:10B5300098600028C3D0B4F90C0080B2002ED6D198
:10B54000D5E900960835D1E7D5E900A60835A0E78A
:10B5500021464046FEF75CFE80B3B4F90C3043F060
:10B5600040034FF0FF30A38103B0BDE8F08F00200F
:10B5700070471E46AA46994618461D46009756B380
:10B5800088B34A46D4E904132068B24228BF324641
:10B59000884205D9A16803EB010B5A4500F3A68048
:10B5A000934263DC216AA76A2A464046B847B0F155
:10B5B000000BD2DDB9EB0B09CAD00120009A9368C9
:10B5C000A3EB0B035D44A6EB0B069360002B3FF44B
:10B5D00076AF002ED4D10AF1080353E902569A46F9
:10B5E0000833002EF9D032460A21284600F0D8F858
:10B5F000002800F09C800130A0EB0509C1E720681D
:10B600002369984216D86369B34213D86FF0004299
:10B61000B24228BF3246216A92FBF3F2A76A02FBCC
:10B6200003F340464A46B847B0F1000A95DDA6EB61
:10B630000A0678E7B345DA4628BFB246524649467D
:10B6400000F0FEF8A3682268A3EB0A035244A3604B
:10B650002260002BEBD121464046FEF7D9FD0028A1
:10B66000E5D07AE72068B34632464EE72946019294
:10B6700000F0E6F8019AA3689B1AA36023681344BC
:10B680002360934696E723682169A3EB010B636966
:10B6900003EB430A0AEBDA7A0BF101034FEA6A0A79
:10B6A00033445345524684BF9A46524643052CD5EF
:10B6B00011464046FFF766F800283BD05A462169FC
:10B6C0000190FEF70FF9A289019B22F4906242F0EB
:10B6D0008002A28103EB0B002361AAEB0B03C4F8E9
:10B6E00014A0A3602060B34632460EE729465A46AE
:10B6F00000F0A6F823685B44236021464046FEF72D
:10B7000087FD00283FF456AF27E7404600F018F9C0
:10B7100003460028DED121694046FEF7D1FFB4F987
:10B720000C300C2223F08003C8F8002017E7721CAD
:10B73000914627E70C22B4F90C30C8F800200EE738
:10B740004FF0FF30BCE600BF00FCFF7F38B5074D6F
:10B750000022044608462A6000F04AF9431C00D043
:10B7600038BD2B68002BFBD0236038BD3CBE0020C9
:10B7700038B50C46084D8446114620461A4600232B
:10B780002B60644600F03CF9431C00D038BD2B68A8
:10B79000002BFBD0236038BD3CBE00200000000021
:10B7A00001F0FF01102A2BDB10F0070F08D010F872
:10B7B000013B013A8B422DD010F0070F42B3F6D176
:10B7C000F0B441EA012141EA014122F007047FF08F
:10B7D00000070023F0E80256083C85EA010586EAE6
:10B7E000010685FA47F5A3FA87F586FA47F6A5FA22
:10B7F00087F68EB9EED1F0BC01F0FF0102F007022E
:10B8000032B110F8013B013A83EA010313B1F8D1D8
:10B810000020704701387047002D06BF35460338B9
:10B82000073815F0010F07D1013015F4807F02BFF2
:10B83000013015F4C03F0130F0BC0138704700BF43
:10B8400088420DD98B1883420AD900EB020CBAB199
:10B85000624613F801CD02F801CD9942F9D1704743
:10B860000F2A0ED8034602F1FF3C4AB10CF1010C3D
:10B87000013B8C4411F8012B03F8012F6145F9D1EC
:10B88000704740EA01039B0750D1A2F1100370B545
:10B8900001F1200C23F00F0501F1100E00F110044E
:10B8A000AC441B095EF8105C44F8105C5EF80C5C5C
:10B8B00044F80C5C5EF8085C44F8085C5EF8045CD4
:10B8C00044F8045C0EF1100EE64504F11004E9D1D1
:10B8D000013312F00C0F01EB031102F00F0400EB27
:10B8E000031327D0043C24F003064FEA940C1E44B3
:10B8F0001C1F8E465EF8045B44F8045FB442F9D125
:10B900000CF1010402F0030203EB840301EB840158
:10B9100002F1FF3C4AB10CF1010C013B8C4411F8DF
:10B92000012B03F8012F6145F9D170BD02F1FF3CF5
:10B9300003469BE72246EBE7704700BF704700BF16
:10B94000F8B51446F9B1CAB106460D4600F036F80E
:10B95000A04202D32F463846F8BD21463046FEF7B6
:10B9600011FF07460028F6D022462946FDF7BAFF08
:10B9700030462946FEF7A4FE3846F8BD2746FEF7B6
:10B980009FFE3846F8BDBDE8F8401146FEF7FABE06
:10B9900038B50C46084D8446114620461A46002309
:10B9A0002B606446F6F78EFD431C00D038BD2B6833
:10B9B000002BFBD0236038BD3CBE002051F8040CA6
:10B9C0000028A0F10400BCBF0B58C018704700BF8E
:10B9D000024B58221A604FF0FF3070473CBE0020E7
:10B9E000024B58221A604FF0FF3070473CBE0020D7
:10B9F000024B58221A600020704700BF3CBE002056
:10BA0000024B58221A604FF0FF3070473CBE0020B6
:10BA1000044A05491368002B08BF0B461844106000
:10BA20001846704740BE002048BE0020FEE700BF19
:10BA3000F8B500BFF8BC08BC9E467047F8B500BF1B
:10BA4000F8BC08BC9E4670471D0400004F0400006F
:10BA5000450400000000000000000000000000009D
:10BA60000338FDD8704700007274745F6C6F675FB5
:10BA70006261636B656E640058420020FF03000042
:10BA800058460020617070004261636B656E64739C
:10BA900020666C7573686564000000006572726FE3
:10BAA000720000007761726E696E6700696E666F82
:10BAB0000000000064656275670000001B5B306D6C
:10BAC000000000001B5B313B33306D001B5B313BE2
:10BAD00033316D001B5B313B33326D001B5B313BFF
:10BAE00033336D001B5B313B33346D001B5B313BEB
:10BAF00033356D001B5B313B33366D001B5B313BD7
:10BB000033376D0025734C6F67732064726F7070EC
:10BB10006564202825642925730D0A00257300001B
:10BB20003C25733E2025733A200000000D0A0000DA
:10BB30002025303278000000202020007C0000000A
:10BB40002563000020000000466174616C2065726E
:10BB5000726F720053797374656D207265736574CA
:10BB60000000000030313233343536373839414245
:10BB700043444546505253005350494D0000000085
:10BB8000012E00005541525400000000554152540E
:10BB9000450000005465726D696E616C0000000024
:10BBA00052545400534547474552000000F00240AC
:10BBB00000000000FFFFFFFF0006FF000000004044
:10BBC000000000005B424F4F545D5B4D43503235E7
:10BBD00031355D20696E6974206661696C65642029
:10BBE0007374617475733D25752063616E73746140
:10BBF000743D3078253032582F25752063616E638F
:10BC000074726C3D3078253032582F25752072655E
:10BC100061645F7374617475733D30782530325898
:10BC20002F25750A000000005B424F4F545D5B43B7
:10BC3000414E5D2073746172747570207465737405
:10BC4000206672616D65207175657565642063613C
:10BC50006E5F69643D3078253033580A000000007B
:10BC60005B424F4F545D5B43414E5D207374617284
:10BC70007475702074657374206672616D652066DA
:10BC800061696C6564207374617475733D25750A10
:10BC9000000000005B424F4F545D20686F7470617C
:10BCA0007463682055445320626F6172642062613E
:10BCB00073656C696E65207374617274696E670A6E
:10BCC000000000005B424F4F545D204D4350323521
:10BCD00031352070696E7320617265206E6F74203B
:10BCE000636F6E666967757265642E205365742094
:10BCF0004D4350323531355F5350495F2A206D61D5
:10BD000063726F73206265666F726520666C617323
:10BD100068696E672E0A00005B424F4F545D204DEC
:10BD200043503235313520434E462074696D696E7B
:10BD300067206973206E6F7420636F6E6669677524
:10BD40007265642E20536574204D43503235313571
:10BD50005F434E46312F322F33206265666F726526
:10BD600020666C617368696E672E0A005B424F4FF4
:10BD7000545D206761746577617920726F757465B1
:10BD8000206578743D3078253033582F3078253051
:10BD90003358202D3E20696E743D3078253033585D
:10BDA0002F307825303358206D6F64653D25642031
:10BDB00063616E3D256C7540256C75487A20746111
:10BDC000736B5F7072696F3D25750A005544535F50
:10BDD000444941470000000000000000000000004E
:10BDE0000338FDD870470000636C6F636B00000080
:10BDF000434C4F434B000000000000500003005034
:10BE00004750494F5445000049444C45000000004C
:10BE1000546D722053766300546D7251000000001F
:10BE20000101010002030000000101010203000002
:10BE30006E6F6E6500000000726573706F6E7365E3
:10BE40005F72656164790000676174657761795F2D
:10BE5000626C6F636B656400656E64706F696E74AD
:10BE60005F6D6973730000006C696E6B5F65727261
:10BE70006F720000756E6B6E6F776E006465666141
:10BE8000756C745F73657373696F6E006578746544
:10BE90006E6465645F73657373696F6E00000000A4
:10BEA000736565645F69737375656400756E6C6F47
:10BEB000636B6564000000006C6F636B65645F6FAB
:10BEC000757400006469726563740000676174656D
:10BED0007761790000000000756E6B6E6F776E3AC7
:10BEE000000000005B5544535D5B52585D2070615B
:10BEF00074683D25732063616E5F69643D30782509
:10BF000030336C58207369643D25733078253032A6
:10BF10005820646C633D25750A0000005B5544534E
:10BF20005D5B47575D20666F727761726465642060
:10BF30007265717565737420746F20696E746572B3
:10BF40006E616C5F69643D30782530336C580A004F
:10BF50005B5544535D5B47575D20626C6F636B6557
:10BF600064207369643D3078253032580A0000003F
:10BF7000796573006E6F00005B5544535D5B45430C
:10BF8000555D2061636365707465643D2573207041
:10BF9000686173653D25732D3E2573206F7574634D
:10BFA0006F6D653D2573206C696E6B5F7374617492
:10BFB00075733D25640A00005B5544535D5B54581E
:10BFC0005D2063616E5F69643D30782530336C5865
:10BFD00020706F7369746976655F7369643D30784A
:10BFE0002530325820646174615F6C656E3D257543
:10BFF0000A0000005B5544535D5B54585D2063614B
:10C000006E5F69643D30782530336C58206E65670B
:10C0100061746976655F7369643D307825303258A4
:10C02000206F726967696E616C5F7369643D307817
:10C0300025303258206E72633D3078253032580AF0
:10C04000000000005B5544535D5B54585D20636104
:10C050006E5F69643D30782530336C5820756E64AE
:10C0600065636F6465645F726573706F6E7365207E
:10C07000646C633D25750A005B5544535D5B504F0E
:10C0800052545D206661696C656420746F2073652D
:10C090006E6420726573706F6E73652063616E5F8E
:10C0A00069643D30782530336C580A000000000088
:10C0B00000200020004000205B6572726F725D3AC4
:10C0C00020686F74706174636820646174612070AB
:10C0D0006F696E74657220697320696E76616C6930
:10C0E000640D0A005B6572726F725D3A20686F744E
:10C0F0007061746368206461746120706F696E742C
:10C100006572206E6F7420696E2071756172616E48
:10C1100074696E6520726567696F6E0D0A000000B4
:10C120005B6572726F725D3A20686F7470617463E0
:10C13000682073697A652065786365656473206D2E
:10C140006178696D756D20616C6C6F7765642073C3
:10C15000697A650D0A0000005B6572726F725D3A64
:10C1600020696E76616C696420686F7470617463B5
:10C1700068207479706520256C750D0A0000000038
:10C180005B6572726F725D3A2074617267657420CC
:10C190006164647265737320666F7220686F747077
:10C1A0006174636820697320696E76616C69640DDF
:10C1B0000A0000005B6572726F725D3A206E6F203C
:10C1C0006672656520736C6F747320666F7220747D
:10C1D000686520686F7470617463680D0A00000000
:10C1E0005B6572726F725D3A20756E61626C65207C
:10C1F000746F2061646420686F7470617463682078
:10C20000746F2061206672656520736C6F740D0A0F
:10C21000000000005B696E666F5D3A2070617463B8
:10C220006820616C72656164792073636865647508
:10C230006C65640D0A0000005B6572726F725D3A96
:10C2400020776173206E6F742061626C6520746F5B
:10C2500020676574206E6578742070656E64696E01
:10C260006720686F7470617463680D0A00000000D5
:10C270005B6572726F725D3A20686F74706174638F
:10C2800068206973206E6F742070656E64696E67D4
:10C290000D0A00005B6572726F725D3A20696E76FE
:10C2A000616C696420736C6F7420636F64652064D3
:10C2B000617461206C656E6774680D0A000000008F
:10C2C0005B6572726F725D3A2073697A65206F6682
:10C2D00020686F7470617463682065786365656455
:10C2E000732071756172616E74696E652073697A0D
:10C2F000652E0D0A000000005B6572726F725D3A78
:10C3000020636F756C64206E6F742070617273654A
:10C3100020686F7470617463683A2025750D0A0097
:10C320005B6572726F725D3A20636F756C64206E2C
:10C330006F74207363686564756C6520686F7470D2
:10C34000617463683A2025750D0A00005B6572729E
:10C350006F725D3A20636F756C64206E6F7420722B
:10C360006574726965766520686F7470617463685E
:10C3700020736C6F740D0A005B6572726F725D3AA8
:10C3800020696E76616C69642073697A65206172D8
:10C3900067756D656E743A20256C750D0A00000096
:10C3A0005B6572726F725D3A206E6F20737569748F
:10C3B00061626C6520626C6F636B20666F756E6482
:10C3C0000D0A000006000000000000202000000010
:10C3D000000000130000001607000000000200200B
:10C3E000000200000000001300000016040000001E
:10C3F000000400200004000000000003000000060C
:10C4000005000000002000200020000000000003C4
:10C41000000000065B6572726F725D3A20686F748F
:10C420007061746368206865616465722069732057
:10C430006E756C6C0D0A00005B6572726F725D3A0E
:10C4400020686F74706174636820636F646520692D
:10C4500073206E756C6C0D0A000000005B657272D3
:10C460006F725D3A206964656E74696669657220F1
:10C470006973206E756C6C0D0A0000005B6572724A
:10C480006F725D3A20686F747061746368207461C4
:10C4900072676574206164647265737320616C7285
:10C4A000656164792065786973747320307825300C
:10C4B000386C580D0A0000005B6572726F725D3A4D
:10C4C000206661696C656420746F20616C6C6F63B9
:10C4D000617465206D656D6F727920666F7220687A
:10C4E0006F74706174636820636F64650D0A000087
:10C4F0005B6572726F725D3A206661696C6564207B
:10C50000746F20616C6C6F63617465206D656D6F15
:10C51000727920666F7220686F747061746368202E
:10C52000736C6F740D0A00005B494D504F525441BB
:10C530004E545D3A204B696E747375676920707252
:10C540006576656E746564207772697465206174C0
:10C5500020616464726573732030782530386C58BC
:10C560000D0A000000202020202020202020282844
:10C5700028282820202020202020202020202020A3
:10C5800020202020208810101010101010101010E3
:10C590001010101010040404040404040404041013
:10C5A00010101010101041414141414101010101A1
:10C5B000010101010101010101010101010101016B
:10C5C0001010101010104242424242420202020277
:10C5D000020202020202020202020202020202023B
:10C5E00010101010200000000000000000000000EB
:10C5F000000000000000000000000000000000003B
:10C60000000000000000000000000000000000002A
:10C61000000000000000000000000000000000001A
:10C62000000000000000000000000000000000000A
:10C6300000000000000000000000000000000000FA
:10C6400000000000000000000000000000000000EA
:10C6500000000000000000000000000000000000DA
:10C660000000000000000000C040002000000000AA
:10C6700000000000000000000000000000000000BA
:10C6800000000000000000000000000000000000AA
:10C69000000000000000000000000000000000009A
:10C6A000000000000000000000000000000000008A
:10C6B000000000000000000000000000000000007A
:10C6C000000000000000000000000000232D302BBF
:10C6D00020000000686C4C00656667454647000016
:10C6E00030313233343536373839414243444546A8
:10C6F000000000003031323334353637383961626A
:0CC700006364656600000000000000009B
:10C70C00F0BD00000000000000BE000000000000B2
:10C71C0074BB00000000000078BB000000000000AB
:10C72C0084BB0000000000008CBB00000000000077
:10C73C0084BA000000000303E8BD00000000000004
:10C74C0048BA00000000000068BA00000040002059
:10C75C005042002088410020904100209041002050
:04C76C0018000000B1
:08C77000183BFF7F01000000EF
:10C7780000000000FF000000FF07000000000000AC
:10C788009CBA0000A4BA0000ACBA0000B4BA000019
:10C79800BCBA0000C4BA0000CCBA0000D4BA000089
:10C7A800DCBA0000E4BA0000ECBA0000F4BA0000F9
:10C7B800FCBA00000000000000200040000000005B
:10C7C8000020004000000000FFFFFFFFFFFFFFFF09
:10C7D800FFFFFFFFFFFFFFFFFFFFFFFFFFFFFFFF61
:10C7E800FFFFFFFFFFFFFFFFFFFFFFFFFFFFFFFF51
:10C7F800FFFFFFFFFFFFFFFFFFFFFFFFFFFFFFFF41
:10C808000090D00302000000FFFFFFFFFFFFFFFFC3
:10C81800FFFFFFFFFFFFFFFFFFFFFFFFDF9B571338
:10C82800E0AC68240000000000000000C0400020C8
:10C8380000000000ACC600008CC600006CC60000FA
:10C8480000000000000000000000000000000000E0
:10C8580000000000000000000000000000000000D0
:10C8680000000000000000000000000000000000C0
:10C8780000000000000000000000000000000000B0
:10C8880000000000000000000000000000000000A0
:08C898006902000041020000EA
:020000042000DA
:1000000000000000000000000000000000000000F0
:1000100000000000000000000000000000000000E0
:1000200001000000000000000000000000000000CF
:1000300000000000000000000000000000000000C0
:1000400000000000000000000000000000000000B0
:1000500000000000000000000000000000000000A0
:100060000000000000000000000000000000000090
:100070000000000000000000000000000000000080
:100080000000000000000000000000000000000070
:100090000000000000000000000000000000000060
:1000A0000000000000000000000000000000000050
:1000B0000000000000000000000000000000000040
:1000C0000000000000000000000000000000000030
:1000D0000000000000000000000000000000000020
:1000E0000000000000000000000000000000000010
:0600F0000000000000000A
:1000F80000000000000000000000000000000000F8
:1001080000000000000000000000000000000000E7
:1001180000000000000000000000000000000000D7
:1001280000000000000000000000000000000000C7
:1001380000000000000000000000000000000000B7
:1001480000000000000000000000000000000000A7
:100158000000000000000000000000000000000097
:100168000000000000000000000000000000000087
:100178000000000000000000000000000000000077
:100188000000000000000000000000000000000067
:100198000000000000000000000000000000000057
:1001A8000000000000000000000000000000000047
:1001B8000000000000000000000000000000000037
:1001C8000000000000000000000000000000000027
:1001D8000000000000000000000000000000000017
:1001E8000000000000000000000000000000000007
:1001F80000000000000000000000000000000000F7
:1002080000000000000000000000000000000000E6
:1002180000000000000000000000000000000000D6
:1002280000000000000000000000000000000000C6
:1002380000000000000000000000000000000000B6
:1002480000000000000000000000000000000000A6
:100258000000000000000000000000000000000096
:100268000000000000000000000000000000000086
:100278000000000000000000000000000000000076
:100288000000000000000000000000000000000066
:100298000000000000000000000000000000000056
:1002A8000000000000000000000000000000000046
:1002B8000000000000000000000000000000000036
:1002C8000000000000000000000000000000000026
:1002D8000000000000000000000000000000000016
:1002E8000000000000000000000000000000000006
:1002F80000000000000000000000000000000000F6
:1003080000000000000000000000000000000000E5
:1003180000000000000000000000000000000000D5
:1003280000000000000000000000000000000000C5
:1003380000000000000000000000000000000000B5
:1003480000000000000000000000000000000000A5
:100358000000000000000000000000000000000095
:100368000000000000000000000000000000000085
:100378000000000000000000000000000000000075
:100388000000000000000000000000000000000065
:100398000000000000000000000000000000000055
:1003A8000000000000000000000000000000000045
:1003B8000000000000000000000000000000000035
:1003C8000000000000000000000000000000000025
:1003D8000000000000000000000000000000000015
:1003E8000000000000000000000000000000000005
:1003F80000000000000000000000000000000000F5
:1004080000000000000000000000000000000000E4
:1004180000000000000000000000000000000000D4
:1004280000000000000000000000000000000000C4
:1004380000000000000000000000000000000000B4
:1004480000000000000000000000000000000000A4
:100458000000000000000000000000000000000094
:100468000000000000000000000000000000000084
:100478000000000000000000000000000000000074
:100488000000000000000000000000000000000064
:100498000000000000000000000000000000000054
:1004A8000000000000000000000000000000000044
:1004B8000000000000000000000000000000000034
:1004C8000000000000000000000000000000000024
:1004D8000000000000000000000000000000000014
:1004E8000000000000000000000000000000000004
:1004F80000000000000000000000000000000000F4
:1005080000000000000000000000000000000000E3
:1005180000000000000000000000000000000000D3
:1005280000000000000000000000000000000000C3
:1005380000000000000000000000000000000000B3
:1005480000000000000000000000000000000000A3
:100558000000000000000000000000000000000093
:100568000000000000000000000000000000000083
:100578000000000000000000000000000000000073
:100588000000000000000000000000000000000063
:100598000000000000000000000000000000000053
:1005A8000000000000000000000000000000000043
:1005B8000000000000000000000000000000000033
:1005C8000000000000000000000000000000000023
:1005D8000000000000000000000000000000000013
:1005E8000000000000000000000000000000000003
:1005F80000000000000000000000000000000000F3
:1006080000000000000000000000000000000000E2
:1006180000000000000000000000000000000000D2
:1006280000000000000000000000000000000000C2
:1006380000000000000000000000000000000000B2
:1006480000000000000000000000000000000000A2
:100658000000000000000000000000000000000092
:100668000000000000000000000000000000000082
:100678000000000000000000000000000000000072
:100688000000000000000000000000000000000062
:100698000000000000000000000000000000000052
:1006A8000000000000000000000000000000000042
:1006B8000000000000000000000000000000000032
:1006C8000000000000000000000000000000000022
:1006D8000000000000000000000000000000000012
:1006E8000000000000000000000000000000000002
:1006F80000000000000000000000000000000000F2
:1007080000000000000000000000000000000000E1
:1007180000000000000000000000000000000000D1
:1007280000000000000000000000000000000000C1
:1007380000000000000000000000000000000000B1
:1007480000000000000000000000000000000000A1
:100758000000000000000000000000000000000091
:100768000000000000000000000000000000000081
:100778000000000000000000000000000000000071
:100788000000000000000000000000000000000061
:100798000000000000000000000000000000000051
:1007A8000000000000000000000000000000000041
:1007B8000000000000000000000000000000000031
:1007C8000000000000000000000000000000000021
:1007D8000000000000000000000000000000000011
:1007E8000000000000000000000000000000000001
:0807F8000000000000000000F9
:1008000000000000000000000000000000000000E8
:1008100000000000000000000000000000000000D8
:1008200000000000000000000000000000000000C8
:1008300000000000000000000000000000000000B8
:1008400000000000000000000000000000000000A8
:100850000000000000000000000000000000000098
:100860000000000000000000000000000000000088
:100870000000000000000000000000000000000078
:100880000000000000000000000000000000000068
:100890000000000000000000000000000000000058
:1008A0000000000000000000000000000000000048
:1008B0000000000000000000000000000000000038
:1008C0000000000000000000000000000000000028
:1008D0000000000000000000000000000000000018
:1008E0000000000000000000000000000000000008
:1008F00000000000000000000000000000000000F8
:1009000000000000000000000000000000000000E7
:1009100000000000000000000000000000000000D7
:1009200000000000000000000000000000000000C7
:1009300000000000000000000000000000000000B7
:1009400000000000000000000000000000000000A7
:100950000000000000000000000000000000000097
:100960000000000000000000000000000000000087
:100970000000000000000000000000000000000077
:100980000000000000000000000000000000000067
:100990000000000000000000000000000000000057
:1009A0000000000000000000000000000000000047
:1009B0000000000000000000000000000000000037
:1009C0000000000000000000000000000000000027
:1009D0000000000000000000000000000000000017
:1009E0000000000000000000000000000000000007
:1009F00000000000000000000000000000000000F7
:100A000000000000000000000000000000000000E6
:100A100000000000000000000000000000000000D6
:100A200000000000000000000000000000000000C6
:100A300000000000000000000000000000000000B6
:100A400000000000000000000000000000000000A6
:100A50000000000000000000000000000000000096
:100A60000000000000000000000000000000000086
:100A70000000000000000000000000000000000076
:100A80000000000000000000000000000000000066
:100A90000000000000000000000000000000000056
:100AA0000000000000000000000000000000000046
:100AB0000000000000000000000000000000000036
:100AC0000000000000000000000000000000000026
:100AD0000000000000000000000000000000000016
:100AE0000000000000000000000000000000000006
:100AF00000000000000000000000000000000000F6
:100B000000000000000000000000000000000000E5
:100B100000000000000000000000000000000000D5
:100B200000000000000000000000000000000000C5
:100B300000000000000000000000000000000000B5
:100B400000000000000000000000000000000000A5
:100B50000000000000000000000000000000000095
:100B60000000000000000000000000000000000085
:100B70000000000000000000000000000000000075
:100B80000000000000000000000000000000000065
:100B90000000000000000000000000000000000055
:100BA0000000000000000000000000000000000045
:100BB0000000000000000000000000000000000035
:100BC0000000000000000000000000000000000025
:100BD0000000000000000000000000000000000015
:100BE0000000000000000000000000000000000005
:100BF00000000000000000000000000000000000F5
:100C000000000000000000000000000000000000E4
:100C100000000000000000000000000000000000D4
:100C200000000000000000000000000000000000C4
:100C300000000000000000000000000000000000B4
:100C400000000000000000000000000000000000A4
:100C50000000000000000000000000000000000094
:100C60000000000000000000000000000000000084
:100C70000000000000000000000000000000000074
:100C80000000000000000000000000000000000064
:100C90000000000000000000000000000000000054
:100CA0000000000000000000000000000000000044
:100CB0000000000000000000000000000000000034
:100CC0000000000000000000000000000000000024
:100CD0000000000000000000000000000000000014
:100CE0000000000000000000000000000000000004
:100CF00000000000000000000000000000000000F4
:100D000000000000000000000000000000000000E3
:100D100000000000000000000000000000000000D3
:100D200000000000000000000000000000000000C3
:100D300000000000000000000000000000000000B3
:100D400000000000000000000000000000000000A3
:100D50000000000000000000000000000000000093
:100D60000000000000000000000000000000000083
:100D70000000000000000000000000000000000073
:100D80000000000000000000000000000000000063
:100D90000000000000000000000000000000000053
:100DA0000000000000000000000000000000000043
:100DB0000000000000000000000000000000000033
:100DC0000000000000000000000000000000000023
:100DD0000000000000000000000000000000000013
:100DE0000000000000000000000000000000000003
:100DF00000000000000000000000000000000000F3
:100E000000000000000000000000000000000000E2
:100E100000000000000000000000000000000000D2
:100E200000000000000000000000000000000000C2
:100E300000000000000000000000000000000000B2
:100E400000000000000000000000000000000000A2
:100E50000000000000000000000000000000000092
:100E60000000000000000000000000000000000082
:100E70000000000000000000000000000000000072
:100E80000000000000000000000000000000000062
:100E90000000000000000000000000000000000052
:100EA0000000000000000000000000000000000042
:100EB0000000000000000000000000000000000032
:100EC0000000000000000000000000000000000022
:100ED0000000000000000000000000000000000012
:100EE0000000000000000000000000000000000002
:100EF00000000000000000000000000000000000F2
:100F000000000000000000000000000000000000E1
:100F100000000000000000000000000000000000D1
:100F200000000000000000000000000000000000C1
:100F300000000000000000000000000000000000B1
:100F400000000000000000000000000000000000A1
:100F50000000000000000000000000000000000091
:100F60000000000000000000000000000000000081
:100F70000000000000000000000000000000000071
:100F80000000000000000000000000000000000061
:100F90000000000000000000000000000000000051
:100FA0000000000000000000000000000000000041
:100FB0000000000000000000000000000000000031
:100FC0000000000000000000000000000000000021
:100FD0000000000000000000000000000000000011
:100FE0000000000000000000000000000000000001
:100FF00000000000000000000000000000000000F1
:1010000000000000000000000000000000000000E0
:1010100000000000000000000000000000000000D0
:1010200000000000000000000000000000000000C0
:1010300000000000000000000000000000000000B0
:1010400000000000000000000000000000000000A0
:101050000000000000000000000000000000000090
:101060000000000000000000000000000000000080
:101070000000000000000000000000000000000070
:101080000000000000000000000000000000000060
:101090000000000000000000000000000000000050
:1010A0000000000000000000000000000000000040
:1010B0000000000000000000000000000000000030
:1010C0000000000000000000000000000000000020
:1010D0000000000000000000000000000000000010
:1010E0000000000000000000000000000000000000
:1010F00000000000000000000000000000000000F0
:1011000000000000000000000000000000000000DF
:1011100000000000000000000000000000000000CF
:1011200000000000000000000000000000000000BF
:1011300000000000000000000000000000000000AF
:10114000000000000000000000000000000000009F
:10115000000000000000000000000000000000008F
:10116000000000000000000000000000000000007F
:10117000000000000000000000000000000000006F
:10118000000000000000000000000000000000005F
:10119000000000000000000000000000000000004F
:1011A000000000000000000000000000000000003F
:1011B000000000000000000000000000000000002F
:1011C000000000000000000000000000000000001F
:1011D000000000000000000000000000000000000F
:1011E00000000000000000000000000000000000FF
:1011F00000000000000000000000000000000000EF
:1012000000000000000000000000000000000000DE
:1012100000000000000000000000000000000000CE
:1012200000000000000000000000000000000000BE
:1012300000000000000000000000000000000000AE
:10124000000000000000000000000000000000009E
:10125000000000000000000000000000000000008E
:10126000000000000000000000000000000000007E
:10127000000000000000000000000000000000006E
:10128000000000000000000000000000000000005E
:10129000000000000000000000000000000000004E
:1012A000000000000000000000000000000000003E
:1012B000000000000000000000000000000000002E
:1012C000000000000000000000000000000000001E
:1012D000000000000000000000000000000000000E
:1012E00000000000000000000000000000000000FE
:1012F00000000000000000000000000000000000EE
:1013000000000000000000000000000000000000DD
:1013100000000000000000000000000000000000CD
:1013200000000000000000000000000000000000BD
:1013300000000000000000000000000000000000AD
:10134000000000000000000000000000000000009D
:10135000000000000000000000000000000000008D
:10136000000000000000000000000000000000007D
:10137000000000000000000000000000000000006D
:10138000000000000000000000000000000000005D
:10139000000000000000000000000000000000004D
:1013A000000000000000000000000000000000003D
:1013B000000000000000000000000000000000002D
:1013C000000000000000000000000000000000001D
:1013D000000000000000000000000000000000000D
:1013E00000000000000000000000000000000000FD
:1013F00000000000000000000000000000000000ED
:1014000000000000000000000000000000000000DC
:1014100000000000000000000000000000000000CC
:1014200000000000000000000000000000000000BC
:1014300000000000000000000000000000000000AC
:10144000000000000000000000000000000000009C
:10145000000000000000000000000000000000008C
:10146000000000000000000000000000000000007C
:10147000000000000000000000000000000000006C
:10148000000000000000000000000000000000005C
:10149000000000000000000000000000000000004C
:1014A000000000000000000000000000000000003C
:1014B000000000000000000000000000000000002C
:1014C000000000000000000000000000000000001C
:1014D000000000000000000000000000000000000C
:1014E00000000000000000000000000000000000FC
:1014F00000000000000000000000000000000000EC
:1015000000000000000000000000000000000000DB
:1015100000000000000000000000000000000000CB
:1015200000000000000000000000000000000000BB
:1015300000000000000000000000000000000000AB
:10154000000000000000000000000000000000009B
:10155000000000000000000000000000000000008B
:10156000000000000000000000000000000000007B
:10157000000000000000000000000000000000006B
:10158000000000000000000000000000000000005B
:10159000000000000000000000000000000000004B
:1015A000000000000000000000000000000000003B
:1015B000000000000000000000000000000000002B
:1015C000000000000000000000000000000000001B
:1015D000000000000000000000000000000000000B
:1015E00000000000000000000000000000000000FB
:1015F00000000000000000000000000000000000EB
:1016000000000000000000000000000000000000DA
:1016100000000000000000000000000000000000CA
:1016200000000000000000000000000000000000BA
:1016300000000000000000000000000000000000AA
:10164000000000000000000000000000000000009A
:10165000000000000000000000000000000000008A
:10166000000000000000000000000000000000007A
:10167000000000000000000000000000000000006A
:10168000000000000000000000000000000000005A
:10169000000000000000000000000000000000004A
:1016A000000000000000000000000000000000003A
:1016B000000000000000000000000000000000002A
:1016C000000000000000000000000000000000001A
:1016D000000000000000000000000000000000000A
:1016E00000000000000000000000000000000000FA
:1016F00000000000000000000000000000000000EA
:1017000000000000000000000000000000000000D9
:1017100000000000000000000000000000000000C9
:1017200000000000000000000000000000000000B9
:1017300000000000000000000000000000000000A9
:101740000000000000000000000000000000000099
:101750000000000000000000000000000000000089
:101760000000000000000000000000000000000079
:101770000000000000000000000000000000000069
:101780000000000000000000000000000000000059
:101790000000000000000000000000000000000049
:1017A0000000000000000000000000000000000039
:1017B0000000000000000000000000000000000029
:1017C0000000000000000000000000000000000019
:1017D0000000000000000000000000000000000009
:1017E00000000000000000000000000000000000F9
:1017F00000000000000000000000000000000000E9
:1018000000000000000000000000000000000000D8
:1018100000000000000000000000000000000000C8
:1018200000000000000000000000000000000000B8
:1018300000000000000000000000000000000000A8
:101840000000000000000000000000000000000098
:101850000000000000000000000000000000000088
:101860000000000000000000000000000000000078
:101870000000000000000000000000000000000068
:101880000000000000000000000000000000000058
:101890000000000000000000000000000000000048
:1018A0000000000000000000000000000000000038
:1018B0000000000000000000000000000000000028
:1018C0000000000000000000000000000000000018
:1018D0000000000000000000000000000000000008
:1018E00000000000000000000000000000000000F8
:1018F00000000000000000000000000000000000E8
:1019000000000000000000000000000000000000D7
:1019100000000000000000000000000000000000C7
:1019200000000000000000000000000000000000B7
:1019300000000000000000000000000000000000A7
:101940000000000000000000000000000000000097
:101950000000000000000000000000000000000087
:101960000000000000000000000000000000000077
:101970000000000000000000000000000000000067
:101980000000000000000000000000000000000057
:101990000000000000000000000000000000000047
:1019A0000000000000000000000000000000000037
:1019B0000000000000000000000000000000000027
:1019C0000000000000000000000000000000000017
:1019D0000000000000000000000000000000000007
:1019E00000000000000000000000000000000000F7
:1019F00000000000000000000000000000000000E7
:101A000000000000000000000000000000000000D6
:101A100000000000000000000000000000000000C6
:101A200000000000000000000000000000000000B6
:101A300000000000000000000000000000000000A6
:101A40000000000000000000000000000000000096
:101A50000000000000000000000000000000000086
:101A60000000000000000000000000000000000076
:101A70000000000000000000000000000000000066
:101A80000000000000000000000000000000000056
:101A90000000000000000000000000000000000046
:101AA0000000000000000000000000000000000036
:101AB0000000000000000000000000000000000026
:101AC0000000000000000000000000000000000016
:101AD0000000000000000000000000000000000006
:101AE00000000000000000000000000000000000F6
:101AF00000000000000000000000000000000000E6
:101B000000000000000000000000000000000000D5
:101B100000000000000000000000000000000000C5
:101B200000000000000000000000000000000000B5
:101B300000000000000000000000000000000000A5
:101B40000000000000000000000000000000000095
:101B50000000000000000000000000000000000085
:101B60000000000000000000000000000000000075
:101B70000000000000000000000000000000000065
:101B80000000000000000000000000000000000055
:101B90000000000000000000000000000000000045
:101BA0000000000000000000000000000000000035
:101BB0000000000000000000000000000000000025
:101BC0000000000000000000000000000000000015
:101BD0000000000000000000000000000000000005
:101BE00000000000000000000000000000000000F5
:101BF00000000000000000000000000000000000E5
:101C000000000000000000000000000000000000D4
:101C100000000000000000000000000000000000C4
:101C200000000000000000000000000000000000B4
:101C300000000000000000000000000000000000A4
:101C40000000000000000000000000000000000094
:101C50000000000000000000000000000000000084
:101C60000000000000000000000000000000000074
:101C70000000000000000000000000000000000064
:101C80000000000000000000000000000000000054
:101C90000000000000000000000000000000000044
:101CA0000000000000000000000000000000000034
:101CB0000000000000000000000000000000000024
:101CC0000000000000000000000000000000000014
:101CD0000000000000000000000000000000000004
:101CE00000000000000000000000000000000000F4
:101CF00000000000000000000000000000000000E4
:101D000000000000000000000000000000000000D3
:101D100000000000000000000000000000000000C3
:101D200000000000000000000000000000000000B3
:101D300000000000000000000000000000000000A3
:101D40000000000000000000000000000000000093
:101D50000000000000000000000000000000000083
:101D60000000000000000000000000000000000073
:101D70000000000000000000000000000000000063
:101D80000000000000000000000000000000000053
:101D90000000000000000000000000000000000043
:101DA0000000000000000000000000000000000033
:101DB0000000000000000000000000000000000023
:101DC0000000000000000000000000000000000013
:101DD0000000000000000000000000000000000003
:101DE00000000000000000000000000000000000F3
:101DF00000000000000000000000000000000000E3
:101E000000000000000000000000000000000000D2
:101E100000000000000000000000000000000000C2
:101E200000000000000000000000000000000000B2
:101E300000000000000000000000000000000000A2
:101E40000000000000000000000000000000000092
:101E50000000000000000000000000000000000082
:101E60000000000000000000000000000000000072
:101E70000000000000000000000000000000000062
:101E80000000000000000000000000000000000052
:101E90000000000000000000000000000000000042
:101EA0000000000000000000000000000000000032
:101EB0000000000000000000000000000000000022
:101EC0000000000000000000000000000000000012
:101ED0000000000000000000000000000000000002
:101EE00000000000000000000000000000000000F2
:101EF00000000000000000000000000000000000E2
:101F000000000000000000000000000000000000D1
:101F100000000000000000000000000000000000C1
:101F200000000000000000000000000000000000B1
:101F300000000000000000000000000000000000A1
:101F40000000000000000000000000000000000091
:101F50000000000000000000000000000000000081
:101F60000000000000000000000000000000000071
:101F70000000000000000000000000000000000061
:101F80000000000000000000000000000000000051
:101F90000000000000000000000000000000000041
:101FA0000000000000000000000000000000000031
:101FB0000000000000000000000000000000000021
:101FC0000000000000000000000000000000000011
:101FD0000000000000000000000000000000000001
:101FE00000000000000000000000000000000000F1
:101FF00000000000000000000000000000000000E1
:1020000084B001900023039313E00D4A039B52F820
:102010003330019A9A4209D3094A039BDB001344E7
:102020005B68019A9A4201D2012306E0039B0133C7
:102030000393039B002BE8D00023184604B070479D
:10204000B0C0000082B00190064A019B934205D3C4
:10205000054A019B934201D2012300E00023184668
:1020600002B07047F80000204801002000B585B09C
:1020700001900091019B002B04D1214800F0F0FE5B
:10208000012338E0019B1846FFF7DCFF0346012BD4
:1020900004D01C4800F0E4FE02232CE0009B502BEF
:1020A00004D9194800F0DCFE032324E0019B0393CC
:1020B000039B1B68012B03D0039B1B68002B01D1E2
:1020C000012300E00023012B07D0039B1B68194666
:1020D0000E4800F0C5FE0D230DE0039B5B6818461B
:1020E000FFF78EFF0346012B04D0094800F0B8FE2D
:1020F0000C2300E00023184605B05DF804FB00BF88
:10210000B8C00000E4C0000020C1000058C10000B9
:1021100080C1000000B58BB003900291019202993A
:102120000398FFF7A3FF03468DF827309DF827306B
:10213000002B02D09DF8273024E000F069FE034612
:10214000002B04D1114800F08BFE09231AE0039BF9
:102150000893039B1033079305AB1A460799089819
:1021600000F0A8FC03468DF81B309DF91B30002BB6
:1021700004D0074800F074FE0E2303E0059A019B8B
:102180001A60002318460BB05DF804FBB4C10000D0
:10219000E0C1000000B587B00190484B1B68012BDF
:1021A0000CBF01230023DBB2012B04D1444800F013
:1021B00057FE12237EE002AB1946019800F0B6FDEF
:1021C00003468DF813309DF91330002B04D03D48A1
:1021D00000F046FE11236DE0029B1B78012B04D01A
:1021E000394800F03DFE0C2364E0029BD3F809302F
:1021F000324A5360029BD3F80530012B16D1029B63
:10220000D3F809301B0403F4003303932F49039AD6
:102210002F4B13430B60029BD3F8113019462B4B05
:1022200004331A4641F0010313603CE0029BD3F8EB
:102230000530002B37D1029BD3F80D30082B07D97E
:10224000244800F00DFE1D4B00225A60082331E0A7
:10225000002305930EE0029BD3F81120059B134445
:102260001978164A059B134408330A461A70059BD1
:1022700001330593029BD3F80D30059A9A42EAD3B5
:102280000EE0029BD3F80920059B134419780B4AF2
:10229000059B134408330A461A70059B01330593C6
:1022A000059B072BEDD9029B02221A70034B0122DA
:1022B0001A600023184607B05DF804FB00000020F8
:1022C00014C2000038C2000070C2000008000020E4
:1022D000DFF800F094C2000000B589B003900291CD
:1022E0000192029B502B04D9314800F0B9FD032321
:1022F00059E0029A03992F4800F0AEFD06AB1A464A
:1023000002992C48FFF706FF03468DF81F309DF811
:102310001F30002B08D09DF81F301946264800F0CA
:102320009FFD9DF81F303EE0029A0021214800F0F9
:102330009FFD069B1846FFF72DFF03468DF81F30C3
:102340009DF81F30002B08D09DF81F3019461B4800
:1023500000F086FD9DF81F3025E04FF47A7000F004
:1023600083FD174B1B68012B0CBF01230023DBB23D
:10237000002BF2D1069B05AA1146184600F0D6FCA8
:1023800003468DF81E309DF91E30002B04D00D48F9
:1023900000F066FD072306E0059B03221A70069AEB
:1023A000019B1A600023184609B05DF804FB00BFCA
:1023B000C0C20000F8000020F8C2000020C30000E6
:1023C000000000204CC3000082B00C4B00221A60B9
:1023D0000A4B00225A600023019308E0074A019B40
:1023E0001344083300221A70019B01330193019BAF
:1023F000072BF3D900BF00BF02B0704700000020D8
:1024000008B5FFF7E1FF00BF08BD84B00C4B5B6867
:1024100003930C4B02930399029890E80C000A80F6
:102420004FEA12424A808B804FEA1343CB800192DD
:102430000093034B00221A6000BF04B0704700BF36
:1024400000000020080000200E4B0F4A1A600D4BC0
:102450001B6800221A7000225A7000229A70002213
:10246000DA70084B1B68002262F027021A71002202
:1024700042F002025A7100229A710022DA7100BF02
:10248000704700BF000400200404002000B587B09E
:102490000190019B002B03D0019BB3F5367F05D93A
:1024A0000199354800F0DCFC002361E0334B1B68E8
:1024B00005930023049309E0059B5B68019A9A4207
:1024C00008D9059B0493059B1B680593059B002B6E
:1024D000F2D100E000BF059B002B04D1284800F09A
:1024E000BFFC002344E0059B5A68019B10339A42CD
:1024F00027D3019B0833059A13440393059B5A681D
:10250000019BD31AA3F10802039B5A60059B1A682A
:10251000039B1A60059B019A5A60059B00221A7062
:1025200000225A7000229A700022DA70049B002B5D
:1025300003D1124A039B136018E0049B039A1A60AC
:1025400014E0049B002B04D1059B1B680B4A13600D
:1025500003E0059B1A68049B1A60059B00221A7011
:1025600000225A7000229A700022DA70059B08330C
:10257000184607B05DF804FB78C300000004002093
:10258000A0C3000000B587B00190019B002B5DD077
:10259000019B083B0393039B5B681A46002101984B
:1025A00000F066FC2B4B1B6805930023049304E0AA
:1025B000059B0493059B1B680593059B002B03D08B
:1025C000059A039B9A42F3D3039B059A1A60049BD6
:1025D000002B03D11F4A039B136002E0049B039A64
:1025E0001A60039B1B68002B17D0039B5B680833A2
:1025F000039A1A44039B1B689A420ED1039B5A68A4
:10260000039B1B685B68134403F10802039B5A6039
:10261000039B1B681A68039B1A60049B002B16D04F
:10262000049B5B680833049A1344039A9A420ED1C0
:10263000049B5A68039B5B68134403F10802049BE4
:102640005A60039B1A68049B1A6000E000BF07B041
:102650005DF804FB0004002000B58BB001900091F0
:10266000019B002B00F0B580904B0993099B5B68A0
:1026700023F01F02099B1B6813438D4A43F010038C
:10268000D360099BDA68099B9B68B3FA83F3C3F1B3
:102690001E035B0003F03E031343854A43F43023DB
:1026A00043F00103136100BF824B1B68012B0CBF79
:1026B00001230023DBB2002B46D07F4B0793079BFF
:1026C0005B6823F01F02079B1B681343784A43F0A3
:1026D0001003D360079BDA68079B9B68B3FA83F308
:1026E000C3F11E035B0003F03E031343704A43F43F
:1026F000302343F00103136100BFBFF34F8FBFF3DB
:102700006F8F00BFFFF781FE6B4B0893089B5B68E0
:1027100023F01F02089B1B681343654A43F0100314
:10272000D360089B1A69089B9B68B3FA83F3C3F1D3
:102730001E035B0003F03E0313435D4A43F4302362
:1027400043F00103136100BF5C4B0593059B5B687D
:1027500023F01F02059B1B681343554A43F01003E7
:10276000D360059BDA68059B9B68B3FA83F3C3F1DA
:102770001E035B0003F03E0313434D4A43F4302332
:1027800043F00103136100BF4D4B0693069B5B684A
:1027900023F01F02069B1B681343454A43F01003B6
:1027A000D360069BDA68069B9B68B3FA83F3C3F198
:1027B0001E035B0003F03E0313433D4A43F4302302
:1027C00043F00103136100BFBFF34F8FBFF36F8F5F
:1027D00067E0009B002B64D0344B0293029B5B6844
:1027E00023F01F02029B1B681343314A43F010037E
:1027F000D360029B1A69029B9B68B3FA83F3C3F10F
:102800001E035B0003F03E031343294A43F43023C5
:1028100043F00103136100BF284B0393039B5B68E4
:1028200023F01F02039B1B681343214A43F010034C
:10283000D360039B1A69039B9B68B3FA83F3C3F1CC
:102840001E035B0003F03E031343194A43F4302395
:1028500043F00103136100BF194B0493049B5B68B1
:1028600023F01F02049B1B681343114A43F010031B
:10287000D360049B1A69049B9B68B3FA83F3C3F18A
:102880001E035B0003F03E031343094A43F4302365
:1028900043F00103136100BFBFF34F8FBFF36F8F8E
:1028A00000BF00BF0BB05DF804FB00BFC4C3000055
:1028B00090ED00E00000002000C40000D8C300003C
:1028C000ECC3000086B00190019B002B01D10723CF
:1028D0002DE000230593002304931CE0049A134683
:1028E0005B001344DA00D21A124B134403931149CC
:1028F000049A13465B001344DA00D21A8B181B7833
:10290000002B05D1039B01221A70039B059305E060
:10291000049B01330493049B092BDFD9059B002BF7
:1029200001D1022303E0019B059A1A600023184697
:1029300006B070472400002000B583B00190019BD1
:1029400004221A70019B00225A7200229A720022FD
:10295000DA7200221A73019B00225A7300229A73C2
:102960000022DA7300221A74019BD3F81130184642
:10297000FFF708FE019B00225A7400229A7400227D
:10298000DA7400221A75019B00221A7000BF03B08E
:102990005DF804FB82B0002301935EE03349019AA5
:1029A00013465B001344DA00D21A8B180833002256
:1029B0005A7200229A720022DA7200221A732B498C
:1029C000019A13465B001344DA00D21A8B180833BD
:1029D00000225A7100229A710022DA7100221A72C2
:1029E0002249019A13465B001344DA00D21A8B186D
:1029F00000225A7200229A720022DA7200221A739E
:102A00001A49019A13465B001344DA00D21A8B1854
:102A100000225A7100229A710022DA7100221A7281
:102A20001249019A13465B001344DA00D21A8B183C
:102A300000225A7000229A700022DA7000221A7165
:102A40000A49019A13465B001344DA00D21A8B1824
:102A500000221A70019B01330193019B092B9DD920
:102A6000034B01221A6000BF02B07047240000200F
:102A70002000002084B001900023039311E00C4952
:102A8000039A13465B001344DA00D21A8B18D3F86A
:102A90000930019A9A4201D1012306E0039B0133D8
:102AA0000393039B092BEAD90023184604B070470F
:102AB0002400002000B589B0039002910192039B8D
:102AC000002B04D13A4800F0CBF904236CE0029BC0
:102AD000002B04D1374800F0C3F9052364E0019BC3
:102AE000002B04D1344800F0BBF906235CE0039BC3
:102AF0005B681846FFF7BEFF0346002B07D0039B19
:102B00005B6819462D4800F0ABF903234CE0039BAA
:102B10009B681846FFF7BAFC0790079B002B04D16F
:102B2000274800F09DF901233EE00023059305AB03
:102B30001846FFF7C7FE03468DF81B309DF91B3082
:102B4000002B0AD0059B002B07D01E4800F088F907
:102B50000798FFF717FD022326E0059B0533102297
:102B60000399184600F078F9059B079AC3F81120DD
:102B7000059BD3F81100059BD3F80D301A46029936
:102B800000F06AF9059B104A1268C3F801200E4B49
:102B90001A68019B1A600C4B1B6801330A4A1360C8
:102BA000059B01221A700023184609B05DF804FB4A
:102BB00014C4000038C400005CC400007CC40000E1
:102BC000B8C40000F0C400002000002000B587B0A9
:102BD0000190019B1F4A934204D3019A1D4BD233AB
:102BE0009A4201D3072331E0019B1B4A9B1A0493AD
:102BF00004991A4BA3FB0123CA1A520813441A0959
:102C000013465B001344DA00D21A8A1A002A01D054
:102C100007231BE00023059314E0059A13465B008D
:102C20001344DA00D21A0B4B13440393039A019B0B
:102C30009A4204D10398FFF77FFE002306E0059B2C
:102C400001330593059B092BE7D90723184607B0E5
:102C50005DF804FB24000020200000208761188616
:102C600084B001900091009B002B01D107231EE04E
:102C70000023039317E0039A13465B001344DA0022
:102C8000D21A0C4B13440293029BD3F80930019AD9
:102C90009A4203D0039B0133039304E0009B029A02
:102CA0001A60002303E0039B092BE4D9082318468C
:102CB00004B070472400002084B00190019B002BD9
:102CC00001D1072328E000230293002303931FE090
:102CD000039A13465B001344DA00D21A104B1344D4
:102CE0000293029A0F4B04339A4203D3029B0E4A7B
:102CF000934201D307230FE0029B1B78012B04D1E1
:102D0000019B029A1A60002306E0039B01330393A0
:102D1000039B092BDCD90B23184604B0704700BF76
:102D20002400002020000020F600002084B0019044
:102D30000091009B002B01D107232AE0002302937E
:102D40000023039321E0039A13465B001344DA0047
:102D5000D21A114B13440293029B0F4A934204D39D
:102D6000029A0D4BD2339A4201D3072311E0029B02
:102D7000D3F80130019A9A4204D1009B029A1A605A
:102D8000002306E0039B01330393039B092BDAD94D
:102D90000B23184604B070472400002084B0019033
:102DA0000B468DF803309DF80330042B01D90A231C
:102DB00029E00023039322E0039A13465B001344A7
:102DC000DA00D21A114B13440293029B0F4A93422A
:102DD00004D3029A0D4BD2339A4201D3072312E057
:102DE000029BD3F80130019A9A4205D1029B9DF8CB
:102DF00003201A70002306E0039B01330393039B17
:102E0000092BD9D90923184604B0704724000020A3
:102E100082B0002301930023009310E00C49009A34
:102E200013465B001344DA00D21A8B181B78002B70
:102E300002D0019B01330193009B01330093009B5F
:102E4000092BEBD9019BC3F10A03184602B0704766
:102E500024000020000000005FF800F0E59800006A
:102E60005FF800F0E99A00005FF800F0395D0000BB
:102E70005FF800F0199A0000000000000000000058
:102E80000000000000000000000000000000000042
:102E90000000000000000000000000000000000032
:102EA0000000000000000000000000000000000022
:102EB0000000000000000000000000000000000012
:102EC0000000000000000000000000000000000002
:102ED00000000000000000000000000000000000F2
:102EE00000000000000000000000000000000000E2
:102EF00000000000000000000000000000000000D2
:102F000000000000000000000000000000000000C1
:102F100000000000000000000000000000000000B1
:102F200000000000000000000000000000000000A1
:102F30000000000000000000000000000000000091
:102F40000000000000000000000000000000000081
:102F50000000000000000000000000000000000071
:102F60000000000000000000000000000000000061
:102F70000000000000000000000000000000000051
:102F80000000000000000000000000000000000041
:102F90000000000000000000000000000000000031
:102FA0000000000000000000000000000000000021
:102FB0000000000000000000000000000000000011
:102FC0000000000000000000000000000000000001
:102FD00000000000000000000000000000000000F1
:102FE00000000000000000000000000000000000E1
:102FF00000000000000000000000000000000000D1
:1030000000000000000000000000000000000000C0
:1030100000000000000000000000000000000000B0
:1030200000000000000000000000000000000000A0
:103030000000000000000000000000000000000090
:103040000000000000000000000000000000000080
:103050000000000000000000000000000000000070
:103060000000000000000000000000000000000060
:103070000000000000000000000000000000000050
:103080000000000000000000000000000000000040
:103090000000000000000000000000000000000030
:1030A0000000000000000000000000000000000020
:1030B0000000000000000000000000000000000010
:1030C0000000000000000000000000000000000000
:1030D00000000000000000000000000000000000F0
:1030E00000000000000000000000000000000000E0
:1030F00000000000000000000000000000000000D0
:1031000000000000000000000000000000000000BF
:1031100000000000000000000000000000000000AF
:10312000000000000000000000000000000000009F
:10313000000000000000000000000000000000008F
:10314000000000000000000000000000000000007F
:10315000000000000000000000000000000000006F
:10316000000000000000000000000000000000005F
:10317000000000000000000000000000000000004F
:10318000000000000000000000000000000000003F
:10319000000000000000000000000000000000002F
:1031A000000000000000000000000000000000001F
:1031B000000000000000000000000000000000000F
:1031C00000000000000000000000000000000000FF
:1031D00000000000000000000000000000000000EF
:1031E00000000000000000000000000000000000DF
:1031F00000000000000000000000000000000000CF
:1032000000000000000000000000000000000000BE
:1032100000000000000000000000000000000000AE
:10322000000000000000000000000000000000009E
:10323000000000000000000000000000000000008E
:10324000000000000000000000000000000000007E
:10325000000000000000000000000000000000006E
:10326000000000000000000000000000000000005E
:10327000000000000000000000000000000000004E
:10328000000000000000000000000000000000003E
:10329000000000000000000000000000000000002E
:1032A000000000000000000000000000000000001E
:1032B000000000000000000000000000000000000E
:1032C00000000000000000000000000000000000FE
:1032D00000000000000000000000000000000000EE
:1032E00000000000000000000000000000000000DE
:1032F00000000000000000000000000000000000CE
:1033000000000000000000000000000000000000BD
:1033100000000000000000000000000000000000AD
:10332000000000000000000000000000000000009D
:10333000000000000000000000000000000000008D
:10334000000000000000000000000000000000007D
:10335000000000000000000000000000000000006D
:10336000000000000000000000000000000000005D
:10337000000000000000000000000000000000004D
:10338000000000000000000000000000000000003D
:10339000000000000000000000000000000000002D
:1033A000000000000000000000000000000000001D
:1033B000000000000000000000000000000000000D
:1033C00000000000000000000000000000000000FD
:1033D00000000000000000000000000000000000ED
:1033E00000000000000000000000000000000000DD
:1033F00000000000000000000000000000000000CD
:1034000000000000000000000000000000000000BC
:1034100000000000000000000000000000000000AC
:10342000000000000000000000000000000000009C
:10343000000000000000000000000000000000008C
:10344000000000000000000000000000000000007C
:10345000000000000000000000000000000000006C
:10346000000000000000000000000000000000005C
:10347000000000000000000000000000000000004C
:10348000000000000000000000000000000000003C
:10349000000000000000000000000000000000002C
:1034A000000000000000000000000000000000001C
:1034B000000000000000000000000000000000000C
:1034C00000000000000000000000000000000000FC
:1034D00000000000000000000000000000000000EC
:1034E00000000000000000000000000000000000DC
:1034F00000000000000000000000000000000000CC
:1035000000000000000000000000000000000000BB
:1035100000000000000000000000000000000000AB
:10352000000000000000000000000000000000009B
:10353000000000000000000000000000000000008B
:10354000000000000000000000000000000000007B
:10355000000000000000000000000000000000006B
:10356000000000000000000000000000000000005B
:10357000000000000000000000000000000000004B
:10358000000000000000000000000000000000003B
:10359000000000000000000000000000000000002B
:1035A000000000000000000000000000000000001B
:1035B000000000000000000000000000000000000B
:1035C00000000000000000000000000000000000FB
:1035D00000000000000000000000000000000000EB
:1035E00000000000000000000000000000000000DB
:1035F00000000000000000000000000000000000CB
:1036000000000000000000000000000000000000BA
:1036100000000000000000000000000000000000AA
:10362000000000000000000000000000000000009A
:10363000000000000000000000000000000000008A
:10364000000000000000000000000000000000007A
:10365000000000000000000000000000000000006A
:10366000000000000000000000000000000000005A
:10367000000000000000000000000000000000004A
:10368000000000000000000000000000000000003A
:10369000000000000000000000000000000000002A
:1036A000000000000000000000000000000000001A
:1036B000000000000000000000000000000000000A
:1036C00000000000000000000000000000000000FA
:1036D00000000000000000000000000000000000EA
:1036E00000000000000000000000000000000000DA
:1036F00000000000000000000000000000000000CA
:1037000000000000000000000000000000000000B9
:1037100000000000000000000000000000000000A9
:103720000000000000000000000000000000000099
:103730000000000000000000000000000000000089
:103740000000000000000000000000000000000079
:103750000000000000000000000000000000000069
:103760000000000000000000000000000000000059
:103770000000000000000000000000000000000049
:103780000000000000000000000000000000000039
:103790000000000000000000000000000000000029
:1037A0000000000000000000000000000000000019
:1037B0000000000000000000000000000000000009
:1037C00000000000000000000000000000000000F9
:1037D00000000000000000000000000000000000E9
:1037E00000000000000000000000000000000000D9
:1037F00000000000000000000000000000000000C9
:1038000000000000000000000000000000000000B8
:1038100000000000000000000000000000000000A8
:103820000000000000000000000000000000000098
:103830000000000000000000000000000000000088
:103840000000000000000000000000000000000078
:103850000000000000000000000000000000000068
:103860000000000000000000000000000000000058
:103870000000000000000000000000000000000048
:103880000000000000000000000000000000000038
:103890000000000000000000000000000000000028
:1038A0000000000000000000000000000000000018
:1038B0000000000000000000000000000000000008
:1038C00000000000000000000000000000000000F8
:1038D00000000000000000000000000000000000E8
:1038E00000000000000000000000000000000000D8
:1038F00000000000000000000000000000000000C8
:1039000000000000000000000000000000000000B7
:1039100000000000000000000000000000000000A7
:103920000000000000000000000000000000000097
:103930000000000000000000000000000000000087
:103940000000000000000000000000000000000077
:103950000000000000000000000000000000000067
:103960000000000000000000000000000000000057
:103970000000000000000000000000000000000047
:103980000000000000000000000000000000000037
:103990000000000000000000000000000000000027
:1039A0000000000000000000000000000000000017
:1039B0000000000000000000000000000000000007
:1039C00000000000000000000000000000000000F7
:1039D00000000000000000000000000000000000E7
:1039E00000000000000000000000000000000000D7
:1039F00000000000000000000000000000000000C7
:103A000000000000000000000000000000000000B6
:103A100000000000000000000000000000000000A6
:103A20000000000000000000000000000000000096
:103A30000000000000000000000000000000000086
:103A40000000000000000000000000000000000076
:103A50000000000000000000000000000000000066
:103A60000000000000000000000000000000000056
:103A70000000000000000000000000000000000046
:103A80000000000000000000000000000000000036
:103A90000000000000000000000000000000000026
:103AA0000000000000000000000000000000000016
:103AB0000000000000000000000000000000000006
:103AC00000000000000000000000000000000000F6
:103AD00000000000000000000000000000000000E6
:103AE00000000000000000000000000000000000D6
:103AF00000000000000000000000000000000000C6
:103B000000000000000000000000000000000000B5
:103B100000000000000000000000000000000000A5
:103B20000000000000000000000000000000000095
:103B30000000000000000000000000000000000085
:103B40000000000000000000000000000000000075
:103B50000000000000000000000000000000000065
:103B60000000000000000000000000000000000055
:103B70000000000000000000000000000000000045
:103B80000000000000000000000000000000000035
:103B90000000000000000000000000000000000025
:103BA0000000000000000000000000000000000015
:103BB0000000000000000000000000000000000005
:103BC00000000000000000000000000000000000F5
:103BD00000000000000000000000000000000000E5
:103BE00000000000000000000000000000000000D5
:103BF00000000000000000000000000000000000C5
:103C000000000000000000000000000000000000B4
:103C100000000000000000000000000000000000A4
:103C20000000000000000000000000000000000094
:103C30000000000000000000000000000000000084
:103C40000000000000000000000000000000000074
:103C50000000000000000000000000000000000064
:103C60000000000000000000000000000000000054
:103C70000000000000000000000000000000000044
:103C80000000000000000000000000000000000034
:103C90000000000000000000000000000000000024
:103CA0000000000000000000000000000000000014
:103CB0000000000000000000000000000000000004
:103CC00000000000000000000000000000000000F4
:103CD00000000000000000000000000000000000E4
:103CE00000000000000000000000000000000000D4
:103CF00000000000000000000000000000000000C4
:103D000000000000000000000000000000000000B3
:103D100000000000000000000000000000000000A3
:103D20000000000000000000000000000000000093
:103D30000000000000000000000000000000000083
:103D40000000000000000000000000000000000073
:103D50000000000000000000000000000000000063
:103D60000000000000000000000000000000000053
:103D70000000000000000000000000000000000043
:103D80000000000000000000000000000000000033
:103D90000000000000000000000000000000000023
:103DA0000000000000000000000000000000000013
:103DB0000000000000000000000000000000000003
:103DC00000000000000000000000000000000000F3
:103DD00000000000000000000000000000000000E3
:103DE00000000000000000000000000000000000D3
:103DF00000000000000000000000000000000000C3
:103E000000000000000000000000000000000000B2
:103E100000000000000000000000000000000000A2
:103E20000000000000000000000000000000000092
:103E30000000000000000000000000000000000082
:103E40000000000000000000000000000000000072
:103E50000000000000000000000000000000000062
:103E60000000000000000000000000000000000052
:103E70000000000000000000000000000000000042
:103E80000000000000000000000000000000000032
:103E90000000000000000000000000000000000022
:103EA0000000000000000000000000000000000012
:103EB0000000000000000000000000000000000002
:103EC00000000000000000000000000000000000F2
:103ED00000000000000000000000000000000000E2
:103EE00000000000000000000000000000000000D2
:103EF00000000000000000000000000000000000C2
:103F000000000000000000000000000000000000B1
:103F100000000000000000000000000000000000A1
:103F20000000000000000000000000000000000091
:103F30000000000000000000000000000000000081
:103F40000000000000000000000000000000000071
:103F50000000000000000000000000000000000061
:103F60000000000000000000000000000000000051
:103F70000000000000000000000000000000000041
:103F80000000000000000000000000000000000031
:103F90000000000000000000000000000000000021
:103FA0000000000000000000000000000000000011
:103FB0000000000000000000000000000000000001
:103FC00000000000000000000000000000000000F1
:103FD00000000000000000000000000000000000E1
:103FE00000000000000000000000000000000000D1
:103FF00000000000000000000000000000000000C1
:04000003000002F9FE
:00000001FF
