strategy,vehicle_id,action_kind,start_min,end_min,duration_min,slot_index
ota_only,vehicle-0000,ota,1397,1442,45,0
ota_only,vehicle-0001,ota,1409,1454,45,1
ota_only,vehicle-0002,ota,1357,1402,45,2
ota_only,vehicle-0003,ota,1310,1355,45,3
ota_only,vehicle-0004,ota,1397,1442,45,3
ota_only,vehicle-0005,ota,1387,1432,45,4
ota_only,vehicle-0006,ota,1380,1425,45,5
ota_only,vehicle-0007,ota,1295,1340,45,6
ota_only,vehicle-0008,ota,1274,1319,45,7
ota_only,vehicle-0009,ota,1313,1358,45,8
ota_only,vehicle-0010,ota,1286,1331,45,9
ota_only,vehicle-0011,ota,1383,1428,45,6
ota_only,vehicle-0012,ota,1309,1354,45,10
ota_only,vehicle-0013,ota,1314,1359,45,11
ota_only,vehicle-0014,ota,1294,1339,45,12
ota_only,vehicle-0015,ota,1384,1429,45,7
ota_only,vehicle-0016,ota,1379,1424,45,8
ota_only,vehicle-0017,ota,1340,1385,45,9
ota_only,vehicle-0018,ota,1400,1445,45,9
ota_only,vehicle-0019,ota,1277,1322,45,13
ota_only,vehicle-0020,ota,1287,1332,45,14
ota_only,vehicle-0021,ota,1356,1401,45,10
ota_only,vehicle-0022,ota,1403,1448,45,2
ota_only,vehicle-0023,ota,1314,1359,45,15
ota_only,vehicle-0024,ota,1275,1320,45,16
ota_only,vehicle-0025,ota,1352,1397,45,12
ota_only,vehicle-0026,ota,1356,1401,45,13
ota_only,vehicle-0027,ota,1300,1345,45,17
ota_only,vehicle-0028,ota,1386,1431,45,11
ota_only,vehicle-0029,ota,1273,1318,45,18
ota_only,vehicle-0030,ota,1282,1327,45,19
ota_only,vehicle-0031,ota,1318,1363,45,18
ota_only,vehicle-0032,ota,1320,1365,45,16
ota_only,vehicle-0033,ota,1383,1428,45,14
ota_only,vehicle-0034,ota,2725,2770,45,0
ota_only,vehicle-0035,ota,2801,2846,45,0
ota_only,vehicle-0036,ota,1327,1372,45,19
ota_only,vehicle-0037,ota,1345,1390,45,17
ota_only,vehicle-0038,ota,2812,2857,45,1
ota_only,vehicle-0039,ota,1407,1452,45,10
ota_only,vehicle-0040,ota,2777,2822,45,2
ota_only,vehicle-0041,ota,1359,1404,45,15
ota_only,vehicle-0042,ota,2788,2833,45,3
ota_only,vehicle-0043,ota,1367,1412,45,16
ota_only,vehicle-0044,ota,1377,1422,45,18
ota_only,vehicle-0045,ota,2775,2820,45,4
ota_only,vehicle-0046,ota,2848,2893,45,0
ota_only,vehicle-0047,ota,2704,2749,45,5
ota_only,vehicle-0048,ota,1385,1430,45,19
ota_only,vehicle-0049,ota,2733,2778,45,6
ota_only,vehicle-0050,ota,1390,1435,45,17
ota_only,vehicle-0051,ota,2848,2893,45,2
ota_only,vehicle-0052,ota,2704,2749,45,7
ota_only,vehicle-0053,ota,2732,2777,45,8
ota_only,vehicle-0054,ota,1397,1442,45,12
ota_only,vehicle-0055,ota,2704,2749,45,9
ota_only,vehicle-0056,ota,2751,2796,45,5
ota_only,vehicle-0057,ota,2780,2825,45,6
ota_only,vehicle-0058,ota,1401,1446,45,13
ota_only,vehicle-0059,ota,1404,1449,45,15
ota_only,vehicle-0060,ota,1412,1457,45,16
ota_only,vehicle-0061,ota,2845,2890,45,3
ota_only,vehicle-0062,ota,1422,1467,45,18
ota_only,vehicle-0063,ota,2724,2769,45,10
ota_only,vehicle-0064,ota,2740,2785,45,11
ota_only,vehicle-0065,ota,2780,2825,45,7
ota_only,vehicle-0066,ota,1428,1473,45,14
ota_only,vehicle-0067,ota,2799,2844,45,5
ota_only,vehicle-0068,ota,1430,1475,45,19
ota_only,vehicle-0069,ota,1435,1480,45,17
ota_only,vehicle-0070,ota,2824,2869,45,4
ota_only,vehicle-0071,ota,2785,2830,45,8
ota_only,vehicle-0072,ota,2753,2798,45,9
ota_only,vehicle-0073,ota,2708,2753,45,12
ota_only,vehicle-0074,ota,2814,2859,45,9
ota_only,vehicle-0075,ota,2736,2781,45,13
ota_only,vehicle-0076,ota,2840,2885,45,6
ota_only,vehicle-0077,ota,2720,2765,45,14
ota_only,vehicle-0078,ota,2797,2842,45,10
ota_only,vehicle-0079,ota,2769,2814,45,12
ota_only,vehicle-0080,ota,2809,2854,45,11
ota_only,vehicle-0081,ota,2812,2857,45,13
ota_only,vehicle-0082,ota,2811,2856,45,14
ota_only,vehicle-0083,ota,1449,1494,45,15
ota_only,vehicle-0084,ota,2781,2826,45,15
ota_only,vehicle-0085,ota,2704,2749,45,16
ota_only,vehicle-0086,ota,2720,2765,45,17
ota_only,vehicle-0087,ota,2772,2817,45,16
ota_only,vehicle-0088,ota,2835,2880,45,7
ota_only,vehicle-0089,ota,2730,2775,45,18
ota_only,vehicle-0090,ota,2700,2745,45,19
ota_only,vehicle-0091,ota,2830,2875,45,8
ota_only,vehicle-0092,ota,2799,2844,45,17
ota_only,vehicle-0093,ota,2816,2861,45,12
ota_only,vehicle-0094,ota,2778,2823,45,18
ota_only,vehicle-0095,ota,2788,2833,45,19
ota_only,vehicle-0096,ota,2817,2862,45,16
ota_only,vehicle-0097,ota,2823,2868,45,18
ota_only,vehicle-0098,ota,4270,4315,45,0
ota_only,vehicle-0099,ota,4160,4205,45,1
ota_only,vehicle-0100,ota,2826,2871,45,15
ota_only,vehicle-0101,ota,4206,4251,45,1
ota_only,vehicle-0102,ota,2836,2881,45,19
ota_only,vehicle-0103,ota,4179,4224,45,2
ota_only,vehicle-0104,ota,4168,4213,45,3
ota_only,vehicle-0105,ota,4238,4283,45,2
ota_only,vehicle-0106,ota,2842,2887,45,10
ota_only,vehicle-0107,ota,4159,4204,45,4
ota_only,vehicle-0108,ota,4261,4306,45,1
ota_only,vehicle-0109,ota,4283,4328,45,2
ota_only,vehicle-0110,ota,4278,4323,45,3
ota_only,vehicle-0111,ota,4265,4310,45,4
ota_only,vehicle-0112,ota,4198,4243,45,5
ota_only,vehicle-0113,ota,4231,4276,45,6
ota_only,vehicle-0114,ota,4216,4261,45,7
ota_only,vehicle-0115,ota,2844,2889,45,17
ota_only,vehicle-0116,ota,2854,2899,45,11
ota_only,vehicle-0117,ota,4162,4207,45,8
ota_only,vehicle-0118,ota,4261,4306,45,5
ota_only,vehicle-0119,ota,4216,4261,45,8
ota_only,vehicle-0120,ota,4185,4230,45,9
ota_only,vehicle-0121,ota,2856,2901,45,14
ota_only,vehicle-0122,ota,4242,4287,45,9
ota_only,vehicle-0123,ota,4251,4296,45,10
ota_only,vehicle-0124,ota,4211,4256,45,11
ota_only,vehicle-0125,ota,2857,2902,45,13
ota_only,vehicle-0126,ota,2861,2906,45,12
ota_only,vehicle-0127,ota,4214,4259,45,12
ota_only,vehicle-0128,ota,4271,4316,45,7
ota_only,vehicle-0129,ota,4257,4302,45,11
ota_only,vehicle-0130,ota,4192,4237,45,13
ota_only,vehicle-0131,ota,2862,2907,45,16
ota_only,vehicle-0132,ota,4280,4325,45,6
ota_only,vehicle-0133,ota,4177,4222,45,14
ota_only,vehicle-0134,ota,4244,4289,45,13
ota_only,vehicle-0135,ota,4270,4315,45,8
ota_only,vehicle-0136,ota,4288,4333,45,9
ota_only,vehicle-0137,ota,4149,4194,45,15
ota_only,vehicle-0138,ota,2868,2913,45,18
ota_only,vehicle-0139,ota,4185,4230,45,16
ota_only,vehicle-0140,ota,2881,2926,45,19
ota_only,vehicle-0141,ota,4159,4204,45,17
ota_only,vehicle-0142,ota,4263,4308,45,12
ota_only,vehicle-0143,ota,4268,4313,45,14
ota_only,vehicle-0144,ota,4289,4334,45,13
ota_only,vehicle-0145,ota,4174,4219,45,18
ota_only,vehicle-0146,ota,4156,4201,45,19
ota_only,vehicle-0147,ota,4194,4239,45,15
ota_only,vehicle-0148,ota,4210,4255,45,17
ota_only,vehicle-0149,ota,4201,4246,45,19
ota_only,vehicle-0150,ota,4219,4264,45,18
ota_only,vehicle-0151,ota,4272,4317,45,15
ota_only,vehicle-0152,ota,4230,4275,45,16
ota_only,vehicle-0153,ota,4246,4291,45,19
ota_only,vehicle-0154,ota,5655,5700,45,0
ota_only,vehicle-0155,ota,4257,4302,45,17
ota_only,vehicle-0156,ota,5620,5665,45,1
ota_only,vehicle-0157,ota,4264,4309,45,18
ota_only,vehicle-0158,ota,5583,5628,45,2
ota_only,vehicle-0159,ota,4290,4335,45,16
ota_only,vehicle-0160,ota,4291,4336,45,19
ota_only,vehicle-0161,ota,4296,4341,45,10
ota_only,vehicle-0162,ota,5605,5650,45,3
ota_only,vehicle-0163,ota,5596,5641,45,4
ota_only,vehicle-0164,ota,5646,5691,45,2
ota_only,vehicle-0165,ota,4302,4347,45,11
ota_only,vehicle-0166,ota,5656,5701,45,3
ota_only,vehicle-0167,ota,5608,5653,45,5
ota_only,vehicle-0168,ota,5610,5655,45,6
ota_only,vehicle-0169,ota,5728,5773,45,0
ota_only,vehicle-0170,ota,5683,5728,45,1
ota_only,vehicle-0171,ota,5678,5723,45,4
ota_only,vehicle-0172,ota,4302,4347,45,17
ota_only,vehicle-0173,ota,5703,5748,45,2
ota_only,vehicle-0174,ota,5581,5626,45,7
ota_only,vehicle-0175,ota,5598,5643,45,8
ota_only,vehicle-0176,ota,5701,5746,45,3
ota_only,vehicle-0177,ota,5624,5669,45,9
ota_only,vehicle-0178,ota,5719,5764,45,5
ota_only,vehicle-0179,ota,4308,4353,45,12
ota_only,vehicle-0180,ota,4309,4354,45,18
ota_only,vehicle-0181,ota,5637,5682,45,7
ota_only,vehicle-0182,ota,5631,5676,45,10
ota_only,vehicle-0183,ota,4313,4358,45,14
ota_only,vehicle-0184,ota,5663,5708,45,6
ota_only,vehicle-0185,ota,4317,4362,45,15
ota_only,vehicle-0186,ota,5624,5669,45,11
ota_only,vehicle-0187,ota,5725,5770,45,4
ota_only,vehicle-0188,ota,5664,5709,45,8
ota_only,vehicle-0189,ota,5596,5641,45,12
ota_only,vehicle-0190,ota,5709,5754,45,6
ota_only,vehicle-0191,ota,5710,5755,45,7
ota_only,vehicle-0192,ota,5621,5666,45,13
ota_only,vehicle-0193,ota,5709,5754,45,8
ota_only,vehicle-0194,ota,4335,4380,45,16
ota_only,vehicle-0195,ota,5626,5671,45,14
ota_only,vehicle-0196,ota,5664,5709,45,12
ota_only,vehicle-0197,ota,5593,5638,45,15
ota_only,vehicle-0198,ota,5601,5646,45,16
ota_only,vehicle-0199,ota,5596,5641,45,17
ota_only,vehicle-0200,ota,4336,4381,45,19
ota_only,vehicle-0201,ota,5728,5773,45,1
ota_only,vehicle-0202,ota,5602,5647,45,18
ota_only,vehicle-0203,ota,5665,5710,45,15
ota_only,vehicle-0204,ota,5656,5701,45,16
ota_only,vehicle-0205,ota,5592,5637,45,19
ota_only,vehicle-0206,ota,5687,5732,45,9
ota_only,vehicle-0207,ota,5637,5682,45,19
ota_only,vehicle-0208,ota,5714,5759,45,10
ota_only,vehicle-0209,ota,5654,5699,45,17
ota_only,vehicle-0210,ota,5714,5759,45,11
ota_only,vehicle-0211,ota,7085,7130,45,0
ota_only,vehicle-0212,ota,5647,5692,45,18
ota_only,vehicle-0213,ota,5666,5711,45,13
ota_only,vehicle-0214,ota,7102,7147,45,1
ota_only,vehicle-0215,ota,5671,5716,45,14
ota_only,vehicle-0216,ota,5723,5768,45,12
ota_only,vehicle-0217,ota,7147,7192,45,0
ota_only,vehicle-0218,ota,5682,5727,45,19
ota_only,vehicle-0219,ota,7051,7096,45,2
ota_only,vehicle-0220,ota,7112,7157,45,2
ota_only,vehicle-0221,ota,5692,5737,45,18
ota_only,vehicle-0222,ota,5699,5744,45,17
ota_only,vehicle-0223,ota,7154,7199,45,1
ota_only,vehicle-0224,ota,7103,7148,45,3
ota_only,vehicle-0225,ota,7161,7206,45,2
ota_only,vehicle-0226,ota,7095,7140,45,4
ota_only,vehicle-0227,ota,7146,7191,45,4
ota_only,vehicle-0228,ota,5701,5746,45,16
ota_only,vehicle-0229,ota,5710,5755,45,15
ota_only,vehicle-0230,ota,5714,5759,45,13
ota_only,vehicle-0231,ota,5716,5761,45,14
ota_only,vehicle-0232,ota,5727,5772,45,19
ota_only,vehicle-0233,ota,7123,7168,45,5
ota_only,vehicle-0234,ota,7068,7113,45,6
ota_only,vehicle-0235,ota,7074,7119,45,7
ota_only,vehicle-0236,ota,7069,7114,45,8
ota_only,vehicle-0237,ota,5732,5777,45,9
ota_only,vehicle-0238,ota,7059,7104,45,9
ota_only,vehicle-0239,ota,5737,5782,45,18
ota_only,vehicle-0240,ota,5744,5789,45,17
ota_only,vehicle-0241,ota,5746,5791,45,16
ota_only,vehicle-0242,ota,7091,7136,45,10
ota_only,vehicle-0243,ota,5755,5800,45,15
ota_only,vehicle-0244,ota,7159,7204,45,3
ota_only,vehicle-0245,ota,7022,7067,45,11
ota_only,vehicle-0246,ota,7033,7078,45,12
ota_only,vehicle-0247,ota,7135,7180,45,6
ota_only,vehicle-0248,ota,7050,7095,45,13
ota_only,vehicle-0249,ota,7093,7138,45,11
ota_only,vehicle-0250,ota,7083,7128,45,12
ota_only,vehicle-0251,ota,7122,7167,45,7
ota_only,vehicle-0252,ota,7131,7176,45,8
ota_only,vehicle-0253,ota,7116,7161,45,9
ota_only,vehicle-0254,ota,7076,7121,45,14
ota_only,vehicle-0255,ota,7090,7135,45,15
ota_only,vehicle-0256,ota,7109,7154,45,13
ota_only,vehicle-0257,ota,7158,7203,45,10
ota_only,vehicle-0258,ota,7029,7074,45,16
ota_only,vehicle-0259,ota,7087,7132,45,16
ota_only,vehicle-0260,ota,7106,7151,45,17
ota_only,vehicle-0261,ota,7075,7120,45,18
ota_only,vehicle-0262,ota,7118,7163,45,19
ota_only,vehicle-0263,ota,7120,7165,45,18
ota_only,vehicle-0264,ota,7150,7195,45,11
ota_only,vehicle-0265,ota,7139,7184,45,12
ota_only,vehicle-0266,ota,8530,8575,45,0
ota_only,vehicle-0267,ota,7133,7178,45,14
ota_only,vehicle-0268,ota,7132,7177,45,16
ota_only,vehicle-0269,ota,7135,7180,45,15
ota_only,vehicle-0270,ota,8607,8652,45,0
ota_only,vehicle-0271,ota,8516,8561,45,1
ota_only,vehicle-0272,ota,8559,8604,45,2
ota_only,vehicle-0273,ota,8499,8544,45,3
ota_only,vehicle-0274,ota,7151,7196,45,17
ota_only,vehicle-0275,ota,7154,7199,45,13
ota_only,vehicle-0276,ota,7165,7210,45,9
ota_only,vehicle-0277,ota,8489,8534,45,4
ota_only,vehicle-0278,ota,8599,8644,45,1
ota_only,vehicle-0279,ota,7163,7208,45,19
ota_only,vehicle-0280,ota,8479,8524,45,5
ota_only,vehicle-0281,ota,8605,8650,45,2
ota_only,vehicle-0282,ota,7165,7210,45,18
ota_only,vehicle-0283,ota,7167,7212,45,7
ota_only,vehicle-0284,ota,7176,7221,45,8
ota_only,vehicle-0285,ota,7177,7222,45,16
ota_only,vehicle-0286,ota,8477,8522,45,6
ota_only,vehicle-0287,ota,8502,8547,45,7
ota_only,vehicle-0288,ota,8472,8517,45,8
ota_only,vehicle-0289,ota,8547,8592,45,3
ota_only,vehicle-0290,ota,7178,7223,45,14
ota_only,vehicle-0291,ota,8601,8646,45,3
ota_only,vehicle-0292,ota,7180,7225,45,15
ota_only,vehicle-0293,ota,7184,7229,45,12
ota_only,vehicle-0294,ota,8591,8636,45,4
ota_only,vehicle-0295,ota,8523,8568,45,6
ota_only,vehicle-0296,ota,8554,8599,45,5
ota_only,vehicle-0297,ota,8552,8597,45,7
ota_only,vehicle-0298,ota,7195,7240,45,11
ota_only,vehicle-0299,ota,8560,8605,45,8
ota_only,vehicle-0300,ota,8489,8534,45,9
ota_only,vehicle-0301,ota,8562,8607,45,9
ota_only,vehicle-0302,ota,7196,7241,45,17
ota_only,vehicle-0303,ota,7199,7244,45,13
ota_only,vehicle-0304,ota,8461,8506,45,10
ota_only,vehicle-0305,ota,8534,8579,45,10
ota_only,vehicle-0306,ota,8502,8547,45,11
ota_only,vehicle-0307,ota,8483,8528,45,12
ota_only,vehicle-0308,ota,8510,8555,45,13
ota_only,vehicle-0309,ota,8496,8541,45,14
ota_only,vehicle-0310,ota,8607,8652,45,5
ota_only,vehicle-0311,ota,8577,8622,45,6
ota_only,vehicle-0312,ota,8465,8510,45,15
ota_only,vehicle-0313,ota,8465,8510,45,16
ota_only,vehicle-0314,ota,7208,7253,45,19
ota_only,vehicle-0315,ota,8567,8612,45,11
ota_only,vehicle-0316,ota,8609,8654,45,7
ota_only,vehicle-0317,ota,8462,8507,45,17
ota_only,vehicle-0318,ota,8578,8623,45,12
ota_only,vehicle-0319,ota,8577,8622,45,13
ota_only,vehicle-0320,ota,7210,7255,45,18
ota_only,vehicle-0321,ota,8605,8650,45,8
ota_only,vehicle-0322,ota,8542,8587,45,14
ota_only,vehicle-0323,ota,8586,8631,45,10
ota_only,vehicle-0324,ota,8549,8594,45,15
ota_only,vehicle-0325,ota,8463,8508,45,18
ota_only,vehicle-0326,ota,8462,8507,45,19
ota_only,vehicle-0327,ota,8507,8552,45,17
ota_only,vehicle-0328,ota,8521,8566,45,16
ota_only,vehicle-0329,ota,8528,8573,45,18
ota_only,vehicle-0330,ota,8507,8552,45,19
ota_only,vehicle-0331,ota,8552,8597,45,17
ota_only,vehicle-0332,ota,8600,8645,45,14
ota_only,vehicle-0333,ota,10014,10059,45,0
ota_only,vehicle-0334,ota,8606,8651,45,15
ota_only,vehicle-0335,ota,8552,8597,45,19
ota_only,vehicle-0336,ota,8566,8611,45,16
ota_only,vehicle-0337,ota,8610,8655,45,9
ota_only,vehicle-0338,ota,8580,8625,45,18
ota_only,vehicle-0339,ota,8597,8642,45,17
ota_only,vehicle-0340,ota,8597,8642,45,19
ota_only,vehicle-0341,ota,9937,9982,45,1
ota_only,vehicle-0342,ota,8611,8656,45,16
ota_only,vehicle-0343,ota,9957,10002,45,2
ota_only,vehicle-0344,ota,10026,10071,45,1
ota_only,vehicle-0345,ota,8612,8657,45,11
ota_only,vehicle-0346,ota,10025,10070,45,2
ota_only,vehicle-0347,ota,9950,9995,45,3
ota_only,vehicle-0348,ota,9972,10017,45,4
ota_only,vehicle-0349,ota,8622,8667,45,6
ota_only,vehicle-0350,ota,9922,9967,45,5
ota_only,vehicle-0351,ota,9976,10021,45,5
ota_only,vehicle-0352,ota,9989,10034,45,6
ota_only,vehicle-0353,ota,10016,10061,45,3
ota_only,vehicle-0354,ota,9998,10043,45,7
ota_only,vehicle-0355,ota,8622,8667,45,13
ota_only,vehicle-0356,ota,9935,9980,45,8
ota_only,vehicle-0357,ota,8623,8668,45,12
ota_only,vehicle-0358,ota,10022,10067,45,4
ota_only,vehicle-0359,ota,10023,10068,45,5
ota_only,vehicle-0360,ota,9961,10006,45,9
ota_only,vehicle-0361,ota,10026,10071,45,8
ota_only,vehicle-0362,ota,9977,10022,45,10
ota_only,vehicle-0363,ota,8625,8670,45,18
ota_only,vehicle-0364,ota,10034,10079,45,6
ota_only,vehicle-0365,ota,9924,9969,45,11
ota_only,vehicle-0366,ota,9973,10018,45,11
ota_only,vehicle-0367,ota,10048,10093,45,7
ota_only,vehicle-0368,ota,9912,9957,45,12
ota_only,vehicle-0369,ota,9936,9981,45,13
ota_only,vehicle-0370,ota,9976,10021,45,12
ota_only,vehicle-0371,ota,10018,10063,45,9
ota_only,vehicle-0372,ota,10001,10046,45,13
ota_only,vehicle-0373,ota,10042,10087,45,10
ota_only,vehicle-0374,ota,9926,9971,45,14
ota_only,vehicle-0375,ota,9917,9962,45,15
ota_only,vehicle-0376,ota,9959,10004,45,16
ota_only,vehicle-0377,ota,8642,8687,45,17
ota_only,vehicle-0378,ota,8642,8687,45,19
ota_only,vehicle-0379,ota,9976,10021,45,14
ota_only,vehicle-0380,ota,10006,10051,45,15
ota_only,vehicle-0381,ota,9916,9961,45,17
ota_only,vehicle-0382,ota,9918,9963,45,18
ota_only,vehicle-0383,ota,9997,10042,45,17
ota_only,vehicle-0384,ota,9981,10026,45,18
ota_only,vehicle-0385,ota,9981,10026,45,19
ota_only,vehicle-0386,ota,11488,11533,45,0
ota_only,vehicle-0387,ota,10004,10049,45,16
ota_only,vehicle-0388,ota,10019,10064,45,11
ota_only,vehicle-0389,ota,10021,10066,45,12
ota_only,vehicle-0390,ota,10022,10067,45,14
ota_only,vehicle-0391,ota,11372,11417,45,1
ota_only,vehicle-0392,ota,10026,10071,45,18
ota_only,vehicle-0393,ota,11392,11437,45,2
ota_only,vehicle-0394,ota,10026,10071,45,19
ota_only,vehicle-0395,ota,10050,10095,45,13
ota_only,vehicle-0396,ota,10042,10087,45,17
ota_only,vehicle-0397,ota,11403,11448,45,3
ota_only,vehicle-0398,ota,11445,11490,45,1
ota_only,vehicle-0399,ota,11363,11408,45,4
ota_only,vehicle-0400,ota,10049,10094,45,16
ota_only,vehicle-0401,ota,11465,11510,45,2
ota_only,vehicle-0402,ota,11426,11471,45,4
ota_only,vehicle-0403,ota,11463,11508,45,3
ota_only,vehicle-0404,ota,11456,11501,45,5
ota_only,vehicle-0405,ota,11345,11390,45,6
ota_only,vehicle-0406,ota,11483,11528,45,4
ota_only,vehicle-0407,ota,10051,10096,45,15
ota_only,vehicle-0408,ota,11354,11399,45,7
ota_only,vehicle-0409,ota,11359,11404,45,8
ota_only,vehicle-0410,ota,11353,11398,45,9
ota_only,vehicle-0411,ota,11430,11475,45,6
ota_only,vehicle-0412,ota,11447,11492,45,7
ota_only,vehicle-0413,ota,11428,11473,45,8
ota_only,vehicle-0414,ota,10064,10109,45,11
ota_only,vehicle-0415,ota,11464,11509,45,9
ota_only,vehicle-0416,ota,11431,11476,45,10
ota_only,vehicle-0417,ota,11466,11511,45,11
ota_only,vehicle-0418,ota,11400,11445,45,12
ota_only,vehicle-0419,ota,10067,10112,45,14
ota_only,vehicle-0420,ota,11398,11443,45,13
ota_only,vehicle-0421,ota,11341,11386,45,14
ota_only,vehicle-0422,ota,11447,11492,45,12
ota_only,vehicle-0423,ota,11434,11479,45,14
ota_only,vehicle-0424,ota,11427,11472,45,15
ota_only,vehicle-0425,ota,11456,11501,45,13
ota_only,vehicle-0426,ota,11457,11502,45,16
ota_only,vehicle-0427,ota,11471,11516,45,17
ota_only,vehicle-0428,ota,11429,11474,45,18
ota_only,vehicle-0429,ota,10071,10116,45,19
ota_only,vehicle-0430,ota,11391,11436,45,19
ota_only,vehicle-0431,ota,11438,11483,45,19
ota_only,vehicle-0432,ota,12794,12839,45,0
ota_only,vehicle-0433,ota,11472,11517,45,15
ota_only,vehicle-0434,ota,11476,11521,45,6
ota_only,vehicle-0435,ota,12917,12962,45,0
ota_only,vehicle-0436,ota,12904,12949,45,1
ota_only,vehicle-0437,ota,12875,12920,45,2
ota_only,vehicle-0438,ota,11479,11524,45,8
ota_only,vehicle-0439,ota,12861,12906,45,3
ota_only,vehicle-0440,ota,11474,11519,45,18
ota_only,vehicle-0441,ota,11476,11521,45,10
ota_only,vehicle-0442,ota,11479,11524,45,14
ota_only,vehicle-0443,ota,12803,12848,45,4
ota_only,vehicle-0444,ota,12817,12862,45,5
ota_only,vehicle-0445,ota,11483,11528,45,19
ota_only,vehicle-0446,ota,11492,11537,45,7
ota_only,vehicle-0447,ota,12783,12828,45,6
ota_only,vehicle-0448,ota,12887,12932,45,4
ota_only,vehicle-0449,ota,12817,12862,45,7
ota_only,vehicle-0450,ota,11492,11537,45,12
ota_only,vehicle-0451,ota,11501,11546,45,13
ota_only,vehicle-0452,ota,12835,12880,45,6
ota_only,vehicle-0453,ota,12830,12875,45,8
ota_only,vehicle-0454,ota,11502,11547,45,16
ota_only,vehicle-0455,ota,11509,11554,45,9
ota_only,vehicle-0456,ota,12925,12970,45,2
ota_only,vehicle-0457,ota,12914,12959,45,3
ota_only,vehicle-0458,ota,11511,11556,45,11
ota_only,vehicle-0459,ota,12803,12848,45,9
ota_only,vehicle-0460,ota,11516,11561,45,17
ota_only,vehicle-0461,ota,12811,12856,45,10
ota_only,vehicle-0462,ota,12819,12864,45,11
ota_only,vehicle-0463,ota,11517,11562,45,15
ota_only,vehicle-0464,ota,12822,12867,45,12
ota_only,vehicle-0465,ota,12838,12883,45,13
ota_only,vehicle-0466,ota,12820,12865,45,14
ota_only,vehicle-0467,ota,12821,12866,45,15
ota_only,vehicle-0468,ota,12781,12826,45,16
ota_only,vehicle-0469,ota,12873,12918,45,5
ota_only,vehicle-0470,ota,12820,12865,45,17
ota_only,vehicle-0471,ota,12816,12861,45,18
ota_only,vehicle-0472,ota,11528,11573,45,19
ota_only,vehicle-0473,ota,12843,12888,45,16
ota_only,vehicle-0474,ota,12840,12885,45,19
ota_only,vehicle-0475,ota,12848,12893,45,9
ota_only,vehicle-0476,ota,12856,12901,45,10
ota_only,vehicle-0477,ota,12918,12963,45,5
ota_only,vehicle-0478,ota,12930,12975,45,6
ota_only,vehicle-0479,ota,12925,12970,45,7
ota_only,vehicle-0480,ota,14284,14329,45,0
ota_only,vehicle-0481,ota,14295,14340,45,1
ota_only,vehicle-0482,ota,12896,12941,45,8
ota_only,vehicle-0483,ota,12913,12958,45,9
ota_only,vehicle-0484,ota,12861,12906,45,18
ota_only,vehicle-0485,ota,12870,12915,45,11
ota_only,vehicle-0486,ota,12930,12975,45,10
ota_only,vehicle-0487,ota,12865,12910,45,14
ota_only,vehicle-0488,ota,12887,12932,45,12
ota_only,vehicle-0489,ota,12874,12919,45,15
ota_only,vehicle-0490,ota,12929,12974,45,11
ota_only,vehicle-0491,ota,12901,12946,45,13
ota_only,vehicle-0492,ota,12865,12910,45,17
ota_only,vehicle-0493,ota,14309,14354,45,2
ota_only,vehicle-0494,ota,12885,12930,45,19
ota_only,vehicle-0495,ota,12888,12933,45,16
ota_only,vehicle-0496,ota,12918,12963,45,14
ota_only,vehicle-0497,ota,12906,12951,45,18
ota_only,vehicle-0498,ota,12923,12968,45,15
ota_only,vehicle-0499,ota,14266,14311,45,3
ota_only,vehicle-0500,ota,12910,12955,45,17
ota_only,vehicle-0501,ota,14261,14306,45,4
ota_only,vehicle-0502,ota,14288,14333,45,5
ota_only,vehicle-0503,ota,14354,14399,45,0
ota_only,vehicle-0504,ota,14366,14411,45,1
ota_only,vehicle-0505,ota,14253,14298,45,6
ota_only,vehicle-0506,ota,12930,12975,45,19
ota_only,vehicle-0507,ota,14224,14269,45,7
ota_only,vehicle-0508,ota,14237,14282,45,8
ota_only,vehicle-0509,ota,14266,14311,45,9
ota_only,vehicle-0510,ota,12932,12977,45,12
ota_only,vehicle-0511,ota,14328,14373,45,3
ota_only,vehicle-0512,ota,14268,14313,45,10
ota_only,vehicle-0513,ota,14267,14312,45,11
ota_only,vehicle-0514,ota,12933,12978,45,16
ota_only,vehicle-0515,ota,14298,14343,45,6
ota_only,vehicle-0516,ota,12946,12991,45,13
ota_only,vehicle-0517,ota,12951,12996,45,18
ota_only,vehicle-0518,ota,12955,13000,45,17
ota_only,vehicle-0519,ota,14301,14346,45,7
ota_only,vehicle-0520,ota,14358,14403,45,2
ota_only,vehicle-0521,ota,14339,14384,45,4
ota_only,vehicle-0522,ota,12963,13008,45,14
ota_only,vehicle-0523,ota,14274,14319,45,12
ota_only,vehicle-0524,ota,14221,14266,45,13
ota_only,vehicle-0525,ota,14273,14318,45,13
ota_only,vehicle-0526,ota,14239,14284,45,14
ota_only,vehicle-0527,ota,14335,14380,45,5
ota_only,vehicle-0528,ota,14303,14348,45,8
ota_only,vehicle-0529,ota,14312,14357,45,9
ota_only,vehicle-0530,ota,14296,14341,45,14
ota_only,vehicle-0531,ota,14350,14395,45,6
ota_only,vehicle-0532,ota,14315,14360,45,10
ota_only,vehicle-0533,ota,14280,14325,45,15
ota_only,vehicle-0534,ota,14260,14305,45,16
ota_only,vehicle-0535,ota,14323,14368,45,11
ota_only,vehicle-0536,ota,14277,14322,45,17
ota_only,vehicle-0537,ota,14252,14297,45,18
ota_only,vehicle-0538,ota,14319,14364,45,12
ota_only,vehicle-0539,ota,14291,14336,45,19
ota_only,vehicle-0540,ota,14313,14358,45,16
ota_only,vehicle-0541,ota,14305,14350,45,18
ota_only,vehicle-0542,ota,14318,14363,45,13
ota_only,vehicle-0543,ota,14369,14414,45,7
ota_only,vehicle-0544,ota,14335,14380,45,15
ota_only,vehicle-0545,ota,15750,15795,45,0
ota_only,vehicle-0546,ota,15787,15832,45,1
ota_only,vehicle-0547,ota,14322,14367,45,17
ota_only,vehicle-0548,ota,15773,15818,45,2
ota_only,vehicle-0549,ota,14336,14381,45,19
ota_only,vehicle-0550,ota,15723,15768,45,3
ota_only,vehicle-0551,ota,14341,14386,45,14
ota_only,vehicle-0552,ota,15784,15829,45,3
ota_only,vehicle-0553,ota,14359,14404,45,8
ota_only,vehicle-0554,ota,14350,14395,45,18
ota_only,vehicle-0555,ota,14357,14402,45,9
ota_only,vehicle-0556,ota,15677,15722,45,4
ota_only,vehicle-0557,ota,15697,15742,45,5
ota_only,vehicle-0558,ota,15723,15768,45,4
ota_only,vehicle-0559,ota,15743,15788,45,5
ota_only,vehicle-0560,ota,15751,15796,45,6
ota_only,vehicle-0561,ota,14358,14403,45,16
ota_only,vehicle-0562,ota,15709,15754,45,7
ota_only,vehicle-0563,ota,15698,15743,45,8
ota_only,vehicle-0564,ota,14360,14405,45,10
ota_only,vehicle-0565,ota,14363,14408,45,13
ota_only,vehicle-0566,ota,15748,15793,45,8
ota_only,vehicle-0567,ota,15680,15725,45,9
ota_only,vehicle-0568,ota,15700,15745,45,10
ota_only,vehicle-0569,ota,15758,15803,45,7
ota_only,vehicle-0570,ota,15706,15751,45,11
ota_only,vehicle-0571,ota,15754,15799,45,9
ota_only,vehicle-0572,ota,15743,15788,45,12
ota_only,vehicle-0573,ota,15705,15750,45,13
ota_only,vehicle-0574,ota,14367,14412,45,17
ota_only,vehicle-0575,ota,15664,15709,45,14
ota_only,vehicle-0576,ota,14380,14425,45,15
ota_only,vehicle-0577,ota,15685,15730,45,15
ota_only,vehicle-0578,ota,15778,15823,45,4
ota_only,vehicle-0579,ota,15760,15805,45,10
ota_only,vehicle-0580,ota,15762,15807,45,11
ota_only,vehicle-0581,ota,14381,14426,45,19
ota_only,vehicle-0582,ota,15676,15721,45,16
ota_only,vehicle-0583,ota,14395,14440,45,18
ota_only,vehicle-0584,ota,15748,15793,45,14
ota_only,vehicle-0585,ota,15723,15768,45,16
ota_only,vehicle-0586,ota,15689,15734,45,17
ota_only,vehicle-0587,ota,15787,15832,45,13
ota_only,vehicle-0588,ota,14426,14471,45,19
ota_only,vehicle-0589,ota,15755,15800,45,15
ota_only,vehicle-0590,ota,15675,15720,45,18
ota_only,vehicle-0591,ota,15742,15787,45,17
ota_only,vehicle-0592,ota,15734,15779,45,18
ota_only,vehicle-0593,ota,15794,15839,45,5
ota_only,vehicle-0594,ota,15762,15807,45,19
ota_only,vehicle-0595,ota,15795,15840,45,0
ota_only,vehicle-0596,ota,17120,17165,45,0
ota_only,vehicle-0597,ota,15774,15819,45,16
ota_only,vehicle-0598,ota,17246,17291,45,0
ota_only,vehicle-0599,ota,17250,17295,45,1
ota_only,vehicle-0600,ota,15779,15824,45,18
ota_only,vehicle-0601,ota,15787,15832,45,17
ota_only,vehicle-0602,ota,15788,15833,45,12
ota_only,vehicle-0603,ota,17103,17148,45,2
ota_only,vehicle-0604,ota,15803,15848,45,6
ota_only,vehicle-0605,ota,17204,17249,45,2
ota_only,vehicle-0606,ota,17193,17238,45,3
ota_only,vehicle-0607,ota,15793,15838,45,8
ota_only,vehicle-0608,ota,17163,17208,45,4
ota_only,vehicle-0609,ota,15793,15838,45,14
ota_only,vehicle-0610,ota,15799,15844,45,9
ota_only,vehicle-0611,ota,15800,15845,45,15
ota_only,vehicle-0612,ota,17204,17249,45,5
ota_only,vehicle-0613,ota,15803,15848,45,7
ota_only,vehicle-0614,ota,15805,15850,45,10
ota_only,vehicle-0615,ota,17231,17276,45,4
ota_only,vehicle-0616,ota,15807,15852,45,11
ota_only,vehicle-0617,ota,15807,15852,45,19
ota_only,vehicle-0618,ota,17140,17185,45,6
ota_only,vehicle-0619,ota,17133,17178,45,7
ota_only,vehicle-0620,ota,15819,15864,45,16
ota_only,vehicle-0621,ota,17226,17271,45,6
ota_only,vehicle-0622,ota,17122,17167,45,8
ota_only,vehicle-0623,ota,17111,17156,45,9
ota_only,vehicle-0624,ota,15824,15869,45,18
ota_only,vehicle-0625,ota,17152,17197,45,10
ota_only,vehicle-0626,ota,17162,17207,45,9
ota_only,vehicle-0627,ota,17172,17217,45,8
ota_only,vehicle-0628,ota,17235,17280,45,7
ota_only,vehicle-0629,ota,15832,15877,45,13
ota_only,vehicle-0630,ota,17152,17197,45,11
ota_only,vehicle-0631,ota,15832,15877,45,17
ota_only,vehicle-0632,ota,17238,17283,45,3
ota_only,vehicle-0633,ota,17237,17282,45,8
ota_only,vehicle-0634,ota,17102,17147,45,12
ota_only,vehicle-0635,ota,17170,17215,45,12
ota_only,vehicle-0636,ota,17128,17173,45,13
ota_only,vehicle-0637,ota,17210,17255,45,9
ota_only,vehicle-0638,ota,17219,17264,45,10
ota_only,vehicle-0639,ota,17127,17172,45,14
ota_only,vehicle-0640,ota,17197,17242,45,11
ota_only,vehicle-0641,ota,17223,17268,45,12
ota_only,vehicle-0642,ota,17189,17234,45,13
ota_only,vehicle-0643,ota,17185,17230,45,14
ota_only,vehicle-0644,ota,17199,17244,45,15
ota_only,vehicle-0645,ota,17224,17269,45,16
ota_only,vehicle-0646,ota,17125,17170,45,17
ota_only,vehicle-0647,ota,17164,17209,45,18
ota_only,vehicle-0648,ota,17135,17180,45,19
ota_only,vehicle-0649,ota,17224,17269,45,17
ota_only,vehicle-0650,ota,17233,17278,45,14
ota_only,vehicle-0651,ota,17180,17225,45,19
ota_only,vehicle-0652,ota,18567,18612,45,0
ota_only,vehicle-0653,ota,17223,17268,45,18
ota_only,vehicle-0654,ota,18642,18687,45,0
ota_only,vehicle-0655,ota,18690,18735,45,0
ota_only,vehicle-0656,ota,17248,17293,45,11
ota_only,vehicle-0657,ota,17242,17287,45,13
ota_only,vehicle-0658,ota,18542,18587,45,1
ota_only,vehicle-0659,ota,18637,18682,45,1
ota_only,vehicle-0660,ota,18588,18633,45,2
ota_only,vehicle-0661,ota,18649,18694,45,2
ota_only,vehicle-0662,ota,18555,18600,45,3
ota_only,vehicle-0663,ota,17225,17270,45,19
ota_only,vehicle-0664,ota,17248,17293,45,15
ota_only,vehicle-0665,ota,18652,18697,45,3
ota_only,vehicle-0666,ota,17249,17294,45,5
ota_only,vehicle-0667,ota,18687,18732,45,1
ota_only,vehicle-0668,ota,18644,18689,45,4
ota_only,vehicle-0669,ota,18658,18703,45,5
ota_only,vehicle-0670,ota,18578,18623,45,6
ota_only,vehicle-0671,ota,17255,17300,45,9
ota_only,vehicle-0672,ota,18689,18734,45,4
ota_only,vehicle-0673,ota,18558,18603,45,7
ota_only,vehicle-0674,ota,18643,18688,45,6
ota_only,vehicle-0675,ota,18633,18678,45,7
ota_only,vehicle-0676,ota,17264,17309,45,10
ota_only,vehicle-0677,ota,18687,18732,45,7
ota_only,vehicle-0678,ota,18640,18685,45,8
ota_only,vehicle-0679,ota,17268,17313,45,12
ota_only,vehicle-0680,ota,17268,17313,45,18
ota_only,vehicle-0681,ota,17269,17314,45,16
ota_only,vehicle-0682,ota,18680,18725,45,9
ota_only,vehicle-0683,ota,17269,17314,45,17
ota_only,vehicle-0684,ota,17270,17315,45,19
ota_only,vehicle-0685,ota,17278,17323,45,14
ota_only,vehicle-0686,ota,18684,18729,45,10
ota_only,vehicle-0687,ota,18660,18705,45,11
ota_only,vehicle-0688,ota,18559,18604,45,12
ota_only,vehicle-0689,ota,18596,18641,45,13
ota_only,vehicle-0690,ota,18675,18720,45,12
ota_only,vehicle-0691,ota,18595,18640,45,14
ota_only,vehicle-0692,ota,18569,18614,45,15
ota_only,vehicle-0693,ota,18675,18720,45,13
ota_only,vehicle-0694,ota,18552,18597,45,16
ota_only,vehicle-0695,ota,18636,18681,45,15
ota_only,vehicle-0696,ota,18570,18615,45,17
ota_only,vehicle-0697,ota,18621,18666,45,16
ota_only,vehicle-0698,ota,18591,18636,45,18
ota_only,vehicle-0699,ota,18544,18589,45,19
ota_only,vehicle-0700,ota,18685,18730,45,8
ota_only,vehicle-0701,ota,18648,18693,45,14
ota_only,vehicle-0702,ota,18647,18692,45,17
ota_only,vehicle-0703,ota,18655,18700,45,18
ota_only,vehicle-0704,ota,18618,18663,45,19
ota_only,vehicle-0705,ota,20088,20133,45,0
ota_only,vehicle-0706,ota,20021,20066,45,1
ota_only,vehicle-0707,ota,18681,18726,45,15
ota_only,vehicle-0708,ota,20085,20130,45,1
ota_only,vehicle-0709,ota,18663,18708,45,19
ota_only,vehicle-0710,ota,20112,20157,45,2
ota_only,vehicle-0711,ota,20017,20062,45,3
ota_only,vehicle-0712,ota,18666,18711,45,16
ota_only,vehicle-0713,ota,18688,18733,45,6
ota_only,vehicle-0714,ota,18692,18737,45,17
ota_only,vehicle-0715,ota,20095,20140,45,3
ota_only,vehicle-0716,ota,18693,18738,45,14
ota_only,vehicle-0717,ota,19983,20028,45,4
ota_only,vehicle-0718,ota,20014,20059,45,5
ota_only,vehicle-0719,ota,18700,18745,45,18
ota_only,vehicle-0720,ota,18705,18750,45,11
ota_only,vehicle-0721,ota,20100,20145,45,4
ota_only,vehicle-0722,ota,19998,20043,45,6
ota_only,vehicle-0723,ota,20051,20096,45,6
ota_only,vehicle-0724,ota,20023,20068,45,7
ota_only,vehicle-0725,ota,20068,20113,45,5
ota_only,vehicle-0726,ota,20021,20066,45,8
ota_only,vehicle-0727,ota,20127,20172,45,5
ota_only,vehicle-0728,ota,20049,20094,45,9
ota_only,vehicle-0729,ota,20060,20105,45,10
ota_only,vehicle-0730,ota,18708,18753,45,19
ota_only,vehicle-0731,ota,20102,20147,45,6
ota_only,vehicle-0732,ota,20003,20048,45,11
ota_only,vehicle-0733,ota,20002,20047,45,12
ota_only,vehicle-0734,ota,19990,20035,45,13
ota_only,vehicle-0735,ota,20076,20121,45,7
ota_only,vehicle-0736,ota,18711,18756,45,16
ota_only,vehicle-0737,ota,19980,20025,45,14
ota_only,vehicle-0738,ota,20010,20055,45,15
ota_only,vehicle-0739,ota,20042,20087,45,13
ota_only,vehicle-0740,ota,20119,20164,45,8
ota_only,vehicle-0741,ota,19982,20027,45,16
ota_only,vehicle-0742,ota,20105,20150,45,9
ota_only,vehicle-0743,ota,20130,20175,45,1
ota_only,vehicle-0744,ota,20026,20071,45,14
ota_only,vehicle-0745,ota,20035,20080,45,16
ota_only,vehicle-0746,ota,18737,18782,45,17
ota_only,vehicle-0747,ota,20055,20100,45,11
ota_only,vehicle-0748,ota,20001,20046,45,17
ota_only,vehicle-0749,ota,20063,20108,45,12
ota_only,vehicle-0750,ota,20089,20134,45,13
ota_only,vehicle-0751,ota,20041,20086,45,18
ota_only,vehicle-0752,ota,20060,20105,45,15
ota_only,vehicle-0753,ota,20044,20089,45,19
ota_only,vehicle-0754,ota,20046,20091,45,17
ota_only,vehicle-0755,ota,20071,20116,45,14
ota_only,vehicle-0756,ota,20080,20125,45,16
ota_only,vehicle-0757,ota,20116,20161,45,10
ota_only,vehicle-0758,ota,20118,20163,45,11
ota_only,vehicle-0759,ota,20086,20131,45,18
ota_only,vehicle-0760,ota,21427,21472,45,0
ota_only,vehicle-0761,ota,21553,21598,45,0
ota_only,vehicle-0762,ota,21517,21562,45,1
ota_only,vehicle-0763,ota,21513,21558,45,2
ota_only,vehicle-0764,ota,20116,20161,45,12
ota_only,vehicle-0765,ota,20089,20134,45,19
ota_only,vehicle-0766,ota,20111,20156,45,15
ota_only,vehicle-0767,ota,21463,21508,45,3
ota_only,vehicle-0768,ota,21525,21570,45,3
ota_only,vehicle-0769,ota,20095,20140,45,17
ota_only,vehicle-0770,ota,21466,21511,45,4
ota_only,vehicle-0771,ota,21441,21486,45,5
ota_only,vehicle-0772,ota,21474,21519,45,6
ota_only,vehicle-0773,ota,20129,20174,45,7
ota_only,vehicle-0774,ota,21557,21602,45,4
ota_only,vehicle-0775,ota,20116,20161,45,14
ota_only,vehicle-0776,ota,21534,21579,45,5
ota_only,vehicle-0777,ota,21545,21590,45,6
ota_only,vehicle-0778,ota,21567,21612,45,1
ota_only,vehicle-0779,ota,21445,21490,45,7
ota_only,vehicle-0780,ota,21466,21511,45,8
ota_only,vehicle-0781,ota,21529,21574,45,7
ota_only,vehicle-0782,ota,21523,21568,45,8
ota_only,vehicle-0783,ota,20125,20170,45,16
ota_only,vehicle-0784,ota,21500,21545,45,9
ota_only,vehicle-0785,ota,21519,21564,45,10
ota_only,vehicle-0786,ota,20131,20176,45,18
ota_only,vehicle-0787,ota,21521,21566,45,11
ota_only,vehicle-0788,ota,20134,20179,45,13
ota_only,vehicle-0789,ota,21514,21559,45,12
ota_only,vehicle-0790,ota,21431,21476,45,13
ota_only,vehicle-0791,ota,21544,21589,45,13
ota_only,vehicle-0792,ota,20134,20179,45,19
ota_only,vehicle-0793,ota,21450,21495,45,14
ota_only,vehicle-0794,ota,21516,21561,45,14
ota_only,vehicle-0795,ota,21460,21505,45,15
ota_only,vehicle-0796,ota,21547,21592,45,9
ota_only,vehicle-0797,ota,20140,20185,45,17
ota_only,vehicle-0798,ota,21477,21522,45,16
ota_only,vehicle-0799,ota,21474,21519,45,17
ota_only,vehicle-0800,ota,21432,21477,45,18
ota_only,vehicle-0801,ota,21570,21615,45,2
ota_only,vehicle-0802,ota,21530,21575,45,15
ota_only,vehicle-0803,ota,21510,21555,45,18
ota_only,vehicle-0804,ota,20179,20224,45,19
ota_only,vehicle-0805,ota,21464,21509,45,19
ota_only,vehicle-0806,ota,21509,21554,45,19
ota_only,vehicle-0807,ota,22928,22973,45,0
ota_only,vehicle-0808,ota,22883,22928,45,1
ota_only,vehicle-0809,ota,21532,21577,45,16
ota_only,vehicle-0810,ota,21519,21564,45,17
ota_only,vehicle-0811,ota,21554,21599,45,19
ota_only,vehicle-0812,ota,22883,22928,45,2
ota_only,vehicle-0813,ota,21555,21600,45,18
ota_only,vehicle-0814,ota,21559,21604,45,12
ota_only,vehicle-0815,ota,22890,22935,45,3
ota_only,vehicle-0816,ota,21561,21606,45,14
ota_only,vehicle-0817,ota,21564,21609,45,10
ota_only,vehicle-0818,ota,22911,22956,45,4
ota_only,vehicle-0819,ota,21564,21609,45,17
ota_only,vehicle-0820,ota,21566,21611,45,11
ota_only,vehicle-0821,ota,22941,22986,45,1
ota_only,vehicle-0822,ota,22936,22981,45,2
ota_only,vehicle-0823,ota,23003,23048,45,0
ota_only,vehicle-0824,ota,22860,22905,45,5
ota_only,vehicle-0825,ota,22891,22936,45,6
ota_only,vehicle-0826,ota,22985,23030,45,2
ota_only,vehicle-0827,ota,22965,23010,45,3
ota_only,vehicle-0828,ota,22894,22939,45,7
ota_only,vehicle-0829,ota,22951,22996,45,5
ota_only,vehicle-0830,ota,21568,21613,45,8
ota_only,vehicle-0831,ota,21575,21620,45,15
ota_only,vehicle-0832,ota,21577,21622,45,16
ota_only,vehicle-0833,ota,22981,23026,45,4
ota_only,vehicle-0834,ota,22981,23026,45,6
ota_only,vehicle-0835,ota,23009,23054,45,1
ota_only,vehicle-0836,ota,21589,21634,45,13
ota_only,vehicle-0837,ota,23000,23045,45,5
ota_only,vehicle-0838,ota,21592,21637,45,9
ota_only,vehicle-0839,ota,21599,21644,45,19
ota_only,vehicle-0840,ota,22892,22937,45,8
ota_only,vehicle-0841,ota,22888,22933,45,9
ota_only,vehicle-0842,ota,21600,21645,45,18
ota_only,vehicle-0843,ota,22993,23038,45,7
ota_only,vehicle-0844,ota,22895,22940,45,10
ota_only,vehicle-0845,ota,22952,22997,45,8
ota_only,vehicle-0846,ota,21604,21649,45,12
ota_only,vehicle-0847,ota,22861,22906,45,11
ota_only,vehicle-0848,ota,22912,22957,45,11
ota_only,vehicle-0849,ota,22980,23025,45,9
ota_only,vehicle-0850,ota,22885,22930,45,12
ota_only,vehicle-0851,ota,22977,23022,45,10
ota_only,vehicle-0852,ota,22922,22967,45,13
ota_only,vehicle-0853,ota,22866,22911,45,14
ota_only,vehicle-0854,ota,21609,21654,45,17
ota_only,vehicle-0855,ota,22887,22932,45,15
ota_only,vehicle-0856,ota,22995,23040,45,11
ota_only,vehicle-0857,ota,22883,22928,45,16
ota_only,vehicle-0858,ota,22938,22983,45,12
ota_only,vehicle-0859,ota,22906,22951,45,17
ota_only,vehicle-0860,ota,22969,23014,45,13
ota_only,vehicle-0861,ota,22899,22944,45,18
ota_only,vehicle-0862,ota,22891,22936,45,19
ota_only,vehicle-0863,ota,22975,23020,45,14
ota_only,vehicle-0864,ota,22928,22973,45,16
ota_only,vehicle-0865,ota,22932,22977,45,15
ota_only,vehicle-0866,ota,22943,22988,45,19
ota_only,vehicle-0867,ota,24311,24356,45,0
ota_only,vehicle-0868,ota,24368,24413,45,0
ota_only,vehicle-0869,ota,22944,22989,45,18
ota_only,vehicle-0870,ota,23008,23053,45,8
ota_only,vehicle-0871,ota,22951,22996,45,17
ota_only,vehicle-0872,ota,22973,23018,45,16
ota_only,vehicle-0873,ota,24328,24373,45,1
ota_only,vehicle-0874,ota,24406,24451,45,1
ota_only,vehicle-0875,ota,24305,24350,45,2
ota_only,vehicle-0876,ota,22999,23044,45,12
ota_only,vehicle-0877,ota,22977,23022,45,15
ota_only,vehicle-0878,ota,22988,23033,45,19
ota_only,vehicle-0879,ota,24328,24373,45,3
ota_only,vehicle-0880,ota,24401,24446,45,2
ota_only,vehicle-0881,ota,24351,24396,45,4
ota_only,vehicle-0882,ota,24412,24457,45,3
ota_only,vehicle-0883,ota,22994,23039,45,18
ota_only,vehicle-0884,ota,24373,24418,45,5
ota_only,vehicle-0885,ota,22996,23041,45,17
ota_only,vehicle-0886,ota,24448,24493,45,0
ota_only,vehicle-0887,ota,24401,24446,45,4
ota_only,vehicle-0888,ota,23014,23059,45,13
ota_only,vehicle-0889,ota,24410,24455,45,6
ota_only,vehicle-0890,ota,24334,24379,45,7
ota_only,vehicle-0891,ota,24338,24383,45,8
ota_only,vehicle-0892,ota,24443,24488,45,5
ota_only,vehicle-0893,ota,23018,23063,45,16
ota_only,vehicle-0894,ota,24379,24424,45,7
ota_only,vehicle-0895,ota,24425,24470,45,7
ota_only,vehicle-0896,ota,24410,24455,45,8
ota_only,vehicle-0897,ota,24414,24459,45,9
ota_only,vehicle-0898,ota,23020,23065,45,14
ota_only,vehicle-0899,ota,24364,24409,45,10
ota_only,vehicle-0900,ota,24340,24385,45,11
ota_only,vehicle-0901,ota,24311,24356,45,12
ota_only,vehicle-0902,ota,24309,24354,45,13
ota_only,vehicle-0903,ota,23022,23067,45,15
ota_only,vehicle-0904,ota,24372,24417,45,12
ota_only,vehicle-0905,ota,24422,24467,45,10
ota_only,vehicle-0906,ota,23033,23078,45,19
ota_only,vehicle-0907,ota,24447,24492,45,2
ota_only,vehicle-0908,ota,24306,24351,45,14
ota_only,vehicle-0909,ota,24447,24492,45,4
ota_only,vehicle-0910,ota,24408,24453,45,11
ota_only,vehicle-0911,ota,24447,24492,45,12
ota_only,vehicle-0912,ota,24426,24471,45,13
ota_only,vehicle-0913,ota,24349,24394,45,15
ota_only,vehicle-0914,ota,24391,24436,45,14
ota_only,vehicle-0915,ota,24367,24412,45,16
ota_only,vehicle-0916,ota,24413,24458,45,15
ota_only,vehicle-0917,ota,24335,24380,45,17
ota_only,vehicle-0918,ota,24443,24488,45,14
ota_only,vehicle-0919,ota,24429,24474,45,16
ota_only,vehicle-0920,ota,23039,23084,45,18
ota_only,vehicle-0921,ota,24427,24472,45,17
ota_only,vehicle-0922,ota,24418,24463,45,18
ota_only,vehicle-0923,ota,24311,24356,45,19
ota_only,vehicle-0924,ota,24418,24463,45,19
ota_only,vehicle-0925,ota,25849,25894,45,0
ota_only,vehicle-0926,ota,25766,25811,45,1
ota_only,vehicle-0927,ota,25832,25877,45,1
ota_only,vehicle-0928,ota,24453,24498,45,11
ota_only,vehicle-0929,ota,24455,24500,45,6
ota_only,vehicle-0930,ota,25827,25872,45,2
ota_only,vehicle-0931,ota,25740,25785,45,3
ota_only,vehicle-0932,ota,25837,25882,45,3
ota_only,vehicle-0933,ota,24455,24500,45,8
ota_only,vehicle-0934,ota,25839,25884,45,4
ota_only,vehicle-0935,ota,25887,25932,45,1
ota_only,vehicle-0936,ota,25840,25885,45,5
ota_only,vehicle-0937,ota,25748,25793,45,6
ota_only,vehicle-0938,ota,25886,25931,45,2
ota_only,vehicle-0939,ota,25827,25872,45,6
ota_only,vehicle-0940,ota,25820,25865,45,7
ota_only,vehicle-0941,ota,25822,25867,45,8
ota_only,vehicle-0942,ota,25856,25901,45,9
ota_only,vehicle-0943,ota,24458,24503,45,15
ota_only,vehicle-0944,ota,24463,24508,45,18
ota_only,vehicle-0945,ota,25883,25928,45,3
ota_only,vehicle-0946,ota,24463,24508,45,19
ota_only,vehicle-0947,ota,25744,25789,45,10
ota_only,vehicle-0948,ota,25799,25844,45,10
ota_only,vehicle-0949,ota,25883,25928,45,6
ota_only,vehicle-0950,ota,25857,25902,45,10
ota_only,vehicle-0951,ota,24471,24516,45,13
ota_only,vehicle-0952,ota,25833,25878,45,11
ota_only,vehicle-0953,ota,24472,24517,45,17
ota_only,vehicle-0954,ota,25849,25894,45,12
ota_only,vehicle-0955,ota,25740,25785,45,13
ota_only,vehicle-0956,ota,25822,25867,45,13
ota_only,vehicle-0957,ota,25757,25802,45,14
ota_only,vehicle-0958,ota,24474,24519,45,16
ota_only,vehicle-0959,ota,25743,25788,45,15
ota_only,vehicle-0960,ota,25832,25877,45,14
ota_only,vehicle-0961,ota,25760,25805,45,16
ota_only,vehicle-0962,ota,25883,25928,45,7
ota_only,vehicle-0963,ota,25751,25796,45,17
ota_only,vehicle-0964,ota,25844,25889,45,15
ota_only,vehicle-0965,ota,25838,25883,45,16
ota_only,vehicle-0966,ota,25872,25917,45,8
ota_only,vehicle-0967,ota,25788,25833,45,18
ota_only,vehicle-0968,ota,25779,25824,45,19
ota_only,vehicle-0969,ota,25801,25846,45,17
ota_only,vehicle-0970,ota,25824,25869,45,19
ota_only,vehicle-0971,ota,25876,25921,45,13
ota_only,vehicle-0972,ota,25887,25932,45,4
ota_only,vehicle-0973,ota,25833,25878,45,18
ota_only,vehicle-0974,ota,25846,25891,45,17
ota_only,vehicle-0975,ota,25889,25934,45,5
ota_only,vehicle-0976,ota,25869,25914,45,19
ota_only,vehicle-0977,ota,25877,25922,45,14
ota_only,vehicle-0978,ota,27268,27313,45,0
ota_only,vehicle-0979,ota,27239,27284,45,1
ota_only,vehicle-0980,ota,27212,27257,45,2
ota_only,vehicle-0981,ota,27234,27279,45,3
ota_only,vehicle-0982,ota,27280,27325,45,2
ota_only,vehicle-0983,ota,25878,25923,45,11
ota_only,vehicle-0984,ota,27258,27303,45,4
ota_only,vehicle-0985,ota,25878,25923,45,18
ota_only,vehicle-0986,ota,27200,27245,45,5
ota_only,vehicle-0987,ota,27214,27259,45,6
ota_only,vehicle-0988,ota,27276,27321,45,5
ota_only,vehicle-0989,ota,27266,27311,45,6
ota_only,vehicle-0990,ota,27317,27362,45,0
ota_only,vehicle-0991,ota,27187,27232,45,7
ota_only,vehicle-0992,ota,27198,27243,45,8
ota_only,vehicle-0993,ota,27226,27271,45,9
ota_only,vehicle-0994,ota,25883,25928,45,16
ota_only,vehicle-0995,ota,25889,25934,45,15
ota_only,vehicle-0996,ota,27219,27264,45,10
ota_only,vehicle-0997,ota,27231,27276,45,11
ota_only,vehicle-0998,ota,27202,27247,45,12
ota_only,vehicle-0999,ota,27215,27260,45,13
hotpatch_first,vehicle-0000,hotpatch,743,746,3,0
hotpatch_first,vehicle-0001,hotpatch,1047,1050,3,0
hotpatch_first,vehicle-0002,hotpatch,483,486,3,1
hotpatch_first,vehicle-0003,hotpatch,962,965,3,1
hotpatch_first,vehicle-0004,hotpatch,670,673,3,2
hotpatch_first,vehicle-0005,hotpatch,445,448,3,3
hotpatch_first,vehicle-0006,hotpatch,819,822,3,2
hotpatch_first,vehicle-0007,hotpatch,916,919,3,2
hotpatch_first,vehicle-0008,hotpatch,418,421,3,4
hotpatch_first,vehicle-0009,hotpatch,441,444,3,4
hotpatch_first,vehicle-0010,hotpatch,483,486,3,3
hotpatch_first,vehicle-0011,hotpatch,422,425,3,5
hotpatch_first,vehicle-0012,hotpatch,786,789,3,3
hotpatch_first,vehicle-0013,hotpatch,475,478,3,4
hotpatch_first,vehicle-0014,hotpatch,707,710,3,4
hotpatch_first,vehicle-0015,hotpatch,1147,1150,3,0
hotpatch_first,vehicle-0016,hotpatch,798,801,3,3
hotpatch_first,vehicle-0017,hotpatch,835,838,3,3
hotpatch_first,vehicle-0018,hotpatch,440,443,3,5
hotpatch_first,vehicle-0019,hotpatch,395,398,3,6
hotpatch_first,vehicle-0020,hotpatch,463,466,3,5
hotpatch_first,vehicle-0021,hotpatch,447,450,3,6
hotpatch_first,vehicle-0022,hotpatch,773,776,3,4
hotpatch_first,vehicle-0023,hotpatch,1186,1189,3,0
hotpatch_first,vehicle-0024,hotpatch,479,482,3,5
hotpatch_first,vehicle-0025,hotpatch,540,543,3,5
hotpatch_first,vehicle-0026,hotpatch,419,422,3,7
hotpatch_first,vehicle-0027,hotpatch,471,474,3,6
hotpatch_first,vehicle-0028,hotpatch,477,480,3,6
hotpatch_first,vehicle-0029,hotpatch,1183,1186,3,1
hotpatch_first,vehicle-0030,hotpatch,759,762,3,5
hotpatch_first,vehicle-0031,hotpatch,509,512,3,6
hotpatch_first,vehicle-0032,hotpatch,852,855,3,3
hotpatch_first,vehicle-0033,hotpatch,444,447,3,7
hotpatch_first,vehicle-0034,hotpatch,367,370,3,8
hotpatch_first,vehicle-0035,hotpatch,539,542,3,6
hotpatch_first,vehicle-0036,hotpatch,1081,1084,3,2
hotpatch_first,vehicle-0037,hotpatch,707,710,3,6
hotpatch_first,vehicle-0038,hotpatch,468,471,3,7
hotpatch_first,vehicle-0039,hotpatch,439,442,3,8
hotpatch_first,vehicle-0040,hotpatch,818,821,3,4
hotpatch_first,vehicle-0041,hotpatch,602,605,3,7
hotpatch_first,vehicle-0042,hotpatch,690,693,3,7
hotpatch_first,vehicle-0043,hotpatch,999,1002,3,3
hotpatch_first,vehicle-0044,hotpatch,684,687,3,8
hotpatch_first,vehicle-0045,hotpatch,699,702,3,7
hotpatch_first,vehicle-0046,hotpatch,703,706,3,7
hotpatch_first,vehicle-0047,hotpatch,634,637,3,9
hotpatch_first,vehicle-0048,hotpatch,428,431,3,10
hotpatch_first,vehicle-0049,hotpatch,860,863,3,4
hotpatch_first,vehicle-0050,hotpatch,397,400,3,11
hotpatch_first,vehicle-0051,hotpatch,753,756,3,6
hotpatch_first,vehicle-0052,hotpatch,885,888,3,4
hotpatch_first,vehicle-0053,hotpatch,821,824,3,5
hotpatch_first,vehicle-0054,hotpatch,941,944,3,4
hotpatch_first,vehicle-0055,hotpatch,802,805,3,6
hotpatch_first,vehicle-0056,hotpatch,753,756,3,7
hotpatch_first,vehicle-0057,hotpatch,506,509,3,10
hotpatch_first,vehicle-0058,hotpatch,1037,1040,3,3
hotpatch_first,vehicle-0059,hotpatch,430,433,3,11
hotpatch_first,vehicle-0060,hotpatch,674,677,3,9
hotpatch_first,vehicle-0061,hotpatch,445,448,3,11
hotpatch_first,vehicle-0062,hotpatch,462,465,3,11
hotpatch_first,vehicle-0063,hotpatch,786,789,3,7
hotpatch_first,vehicle-0064,hotpatch,694,697,3,8
hotpatch_first,vehicle-0065,hotpatch,722,725,3,8
hotpatch_first,vehicle-0066,hotpatch,1095,1098,3,2
hotpatch_first,vehicle-0067,hotpatch,418,421,3,12
hotpatch_first,vehicle-0068,hotpatch,504,507,3,11
hotpatch_first,vehicle-0069,hotpatch,969,972,3,4
hotpatch_first,vehicle-0070,hotpatch,453,456,3,12
hotpatch_first,vehicle-0071,hotpatch,914,917,3,5
hotpatch_first,vehicle-0072,hotpatch,772,775,3,8
hotpatch_first,vehicle-0073,hotpatch,906,909,3,6
hotpatch_first,vehicle-0074,hotpatch,387,390,3,13
hotpatch_first,vehicle-0075,hotpatch,715,718,3,9
hotpatch_first,vehicle-0076,hotpatch,489,492,3,12
hotpatch_first,vehicle-0077,hotpatch,963,966,3,5
hotpatch_first,vehicle-0078,hotpatch,1001,1004,3,4
hotpatch_first,vehicle-0079,hotpatch,499,502,3,12
hotpatch_first,vehicle-0080,hotpatch,550,553,3,10
hotpatch_first,vehicle-0081,hotpatch,1053,1056,3,3
hotpatch_first,vehicle-0082,hotpatch,847,850,3,7
hotpatch_first,vehicle-0083,hotpatch,530,533,3,11
hotpatch_first,vehicle-0084,hotpatch,747,750,3,9
hotpatch_first,vehicle-0085,hotpatch,467,470,3,13
hotpatch_first,vehicle-0086,hotpatch,508,511,3,12
hotpatch_first,vehicle-0087,hotpatch,1119,1122,3,2
hotpatch_first,vehicle-0088,hotpatch,446,449,3,14
hotpatch_first,vehicle-0089,hotpatch,446,449,3,15
hotpatch_first,vehicle-0090,hotpatch,516,519,3,12
hotpatch_first,vehicle-0091,hotpatch,1009,1012,3,4
hotpatch_first,vehicle-0092,hotpatch,505,508,3,13
hotpatch_first,vehicle-0093,hotpatch,707,710,3,10
hotpatch_first,vehicle-0094,hotpatch,407,410,3,16
hotpatch_first,vehicle-0095,hotpatch,444,447,3,16
hotpatch_first,vehicle-0096,hotpatch,397,400,3,17
hotpatch_first,vehicle-0097,hotpatch,567,570,3,11
hotpatch_first,vehicle-0098,hotpatch,614,617,3,11
hotpatch_first,vehicle-0099,hotpatch,689,692,3,11
hotpatch_first,vehicle-0100,hotpatch,961,964,3,6
hotpatch_first,vehicle-0101,hotpatch,497,500,3,14
hotpatch_first,vehicle-0102,hotpatch,734,737,3,10
hotpatch_first,vehicle-0103,hotpatch,413,416,3,17
hotpatch_first,vehicle-0104,hotpatch,464,467,3,15
hotpatch_first,vehicle-0105,hotpatch,987,990,3,5
hotpatch_first,vehicle-0106,hotpatch,487,490,3,15
hotpatch_first,vehicle-0107,hotpatch,728,731,3,11
hotpatch_first,vehicle-0108,hotpatch,520,523,3,12
hotpatch_first,vehicle-0109,hotpatch,407,410,3,18
hotpatch_first,vehicle-0110,hotpatch,547,550,3,12
hotpatch_first,vehicle-0111,hotpatch,806,809,3,8
hotpatch_first,vehicle-0112,hotpatch,772,775,3,9
hotpatch_first,vehicle-0113,hotpatch,410,413,3,18
hotpatch_first,vehicle-0114,hotpatch,423,426,3,17
hotpatch_first,vehicle-0115,hotpatch,790,793,3,9
hotpatch_first,vehicle-0116,hotpatch,418,421,3,18
hotpatch_first,vehicle-0117,hotpatch,475,478,3,16
hotpatch_first,vehicle-0118,hotpatch,721,724,3,12
hotpatch_first,vehicle-0119,hotpatch,434,437,3,17
hotpatch_first,vehicle-0120,hotpatch,755,758,3,10
hotpatch_first,vehicle-0121,hotpatch,365,368,3,19
hotpatch_first,vehicle-0122,hotpatch,486,489,3,16
hotpatch_first,vehicle-0123,hotpatch,467,470,3,17
hotpatch_first,vehicle-0124,hotpatch,776,779,3,10
hotpatch_first,vehicle-0125,hotpatch,413,416,3,19
hotpatch_first,vehicle-0126,hotpatch,551,554,3,13
hotpatch_first,vehicle-0127,hotpatch,523,526,3,14
hotpatch_first,vehicle-0128,hotpatch,668,671,3,13
hotpatch_first,vehicle-0129,hotpatch,915,918,3,7
hotpatch_first,vehicle-0130,hotpatch,451,454,3,18
hotpatch_first,vehicle-0131,hotpatch,456,459,3,18
hotpatch_first,vehicle-0132,hotpatch,675,678,3,13
hotpatch_first,vehicle-0133,hotpatch,605,608,3,14
hotpatch_first,vehicle-0134,hotpatch,571,574,3,15
hotpatch_first,vehicle-0135,hotpatch,483,486,3,17
hotpatch_first,vehicle-0136,hotpatch,448,451,3,19
hotpatch_first,vehicle-0137,hotpatch,606,609,3,15
hotpatch_first,vehicle-0138,hotpatch,431,434,3,20
hotpatch_first,vehicle-0139,hotpatch,426,429,3,21
hotpatch_first,vehicle-0140,hotpatch,724,727,3,12
hotpatch_first,vehicle-0141,hotpatch,596,599,3,16
hotpatch_first,vehicle-0142,hotpatch,757,760,3,11
hotpatch_first,vehicle-0143,hotpatch,535,538,3,17
hotpatch_first,vehicle-0144,hotpatch,641,644,3,14
hotpatch_first,vehicle-0145,hotpatch,624,627,3,15
hotpatch_first,vehicle-0146,hotpatch,392,395,3,22
hotpatch_first,vehicle-0147,hotpatch,588,591,3,17
hotpatch_first,vehicle-0148,hotpatch,753,756,3,12
hotpatch_first,vehicle-0149,hotpatch,835,838,3,8
hotpatch_first,vehicle-0150,hotpatch,552,555,3,18
hotpatch_first,vehicle-0151,hotpatch,411,414,3,22
hotpatch_first,vehicle-0152,hotpatch,770,773,3,11
hotpatch_first,vehicle-0153,hotpatch,803,806,3,9
hotpatch_first,vehicle-0154,hotpatch,484,487,3,19
hotpatch_first,vehicle-0155,hotpatch,653,656,3,14
hotpatch_first,vehicle-0156,hotpatch,408,411,3,23
hotpatch_first,vehicle-0157,hotpatch,413,416,3,23
hotpatch_first,vehicle-0158,hotpatch,674,677,3,14
hotpatch_first,vehicle-0159,hotpatch,695,698,3,13
hotpatch_first,vehicle-0160,hotpatch,677,680,3,14
hotpatch_first,vehicle-0161,hotpatch,518,521,3,19
hotpatch_first,vehicle-0162,hotpatch,581,584,3,18
hotpatch_first,vehicle-0163,hotpatch,894,897,3,8
hotpatch_first,vehicle-0164,hotpatch,480,483,3,20
hotpatch_first,vehicle-0165,hotpatch,538,541,3,19
hotpatch_first,vehicle-0166,hotpatch,729,732,3,13
hotpatch_first,vehicle-0167,hotpatch,488,491,3,20
hotpatch_first,vehicle-0168,hotpatch,739,742,3,13
hotpatch_first,vehicle-0169,hotpatch,471,474,3,21
hotpatch_first,vehicle-0170,hotpatch,462,465,3,22
hotpatch_first,vehicle-0171,hotpatch,1045,1048,3,4
hotpatch_first,vehicle-0172,hotpatch,463,466,3,23
hotpatch_first,vehicle-0173,hotpatch,1133,1136,3,2
hotpatch_first,vehicle-0174,hotpatch,735,738,3,14
hotpatch_first,vehicle-0175,hotpatch,632,635,3,15
hotpatch_first,vehicle-0176,hotpatch,549,552,3,19
hotpatch_first,vehicle-0177,hotpatch,1061,1064,3,3
hotpatch_first,vehicle-0178,hotpatch,992,995,3,5
hotpatch_first,vehicle-0179,hotpatch,488,491,3,21
hotpatch_first,vehicle-0180,hotpatch,467,470,3,22
hotpatch_first,vehicle-0181,hotpatch,363,366,3,24
hotpatch_first,vehicle-0182,hotpatch,886,889,3,9
hotpatch_first,vehicle-0183,hotpatch,987,990,3,6
hotpatch_first,vehicle-0184,hotpatch,471,474,3,22
hotpatch_first,vehicle-0185,hotpatch,1155,1158,3,2
hotpatch_first,vehicle-0186,hotpatch,460,463,3,24
hotpatch_first,vehicle-0187,hotpatch,550,553,3,20
hotpatch_first,vehicle-0188,hotpatch,584,587,3,18
hotpatch_first,vehicle-0189,hotpatch,695,698,3,15
hotpatch_first,vehicle-0190,hotpatch,846,849,3,10
hotpatch_first,vehicle-0191,hotpatch,444,447,3,25
hotpatch_first,vehicle-0192,hotpatch,1092,1095,3,3
hotpatch_first,vehicle-0193,hotpatch,544,547,3,21
hotpatch_first,vehicle-0194,hotpatch,946,949,3,7
hotpatch_first,vehicle-0195,hotpatch,787,790,3,11
hotpatch_first,vehicle-0196,hotpatch,985,988,3,7
hotpatch_first,vehicle-0197,hotpatch,968,971,3,8
hotpatch_first,vehicle-0198,hotpatch,939,942,3,9
hotpatch_first,vehicle-0199,hotpatch,487,490,3,22
hotpatch_first,vehicle-0200,hotpatch,400,403,3,26
hotpatch_first,vehicle-0201,hotpatch,437,440,3,26
hotpatch_first,vehicle-0202,hotpatch,1108,1111,3,3
hotpatch_first,vehicle-0203,hotpatch,712,715,3,15
hotpatch_first,vehicle-0204,hotpatch,575,578,3,19
hotpatch_first,vehicle-0205,hotpatch,490,493,3,22
hotpatch_first,vehicle-0206,hotpatch,686,689,3,16
hotpatch_first,vehicle-0207,hotpatch,508,511,3,22
hotpatch_first,vehicle-0208,hotpatch,465,468,3,24
hotpatch_first,vehicle-0209,hotpatch,371,374,3,27
hotpatch_first,vehicle-0210,hotpatch,675,678,3,17
hotpatch_first,vehicle-0211,hotpatch,544,547,3,22
hotpatch_first,vehicle-0212,hotpatch,744,747,3,13
hotpatch_first,vehicle-0213,hotpatch,850,853,3,10
hotpatch_first,vehicle-0214,hotpatch,770,773,3,12
hotpatch_first,vehicle-0215,hotpatch,445,448,3,26
hotpatch_first,vehicle-0216,hotpatch,521,524,3,23
hotpatch_first,vehicle-0217,hotpatch,412,415,3,27
hotpatch_first,vehicle-0218,hotpatch,900,903,3,10
hotpatch_first,vehicle-0219,hotpatch,751,754,3,13
hotpatch_first,vehicle-0220,hotpatch,774,777,3,12
hotpatch_first,vehicle-0221,hotpatch,469,472,3,24
hotpatch_first,vehicle-0222,hotpatch,938,941,3,10
hotpatch_first,vehicle-0223,hotpatch,442,445,3,27
hotpatch_first,vehicle-0224,hotpatch,966,969,3,9
hotpatch_first,vehicle-0225,hotpatch,524,527,3,23
hotpatch_first,vehicle-0226,hotpatch,493,496,3,24
hotpatch_first,vehicle-0227,hotpatch,686,689,3,17
hotpatch_first,vehicle-0228,hotpatch,466,469,3,25
hotpatch_first,vehicle-0229,hotpatch,434,437,3,28
hotpatch_first,vehicle-0230,hotpatch,953,956,3,10
hotpatch_first,vehicle-0231,hotpatch,699,702,3,16
hotpatch_first,vehicle-0232,hotpatch,508,511,3,24
hotpatch_first,vehicle-0233,hotpatch,848,851,3,11
hotpatch_first,vehicle-0234,hotpatch,663,666,3,18
hotpatch_first,vehicle-0235,hotpatch,460,463,3,26
hotpatch_first,vehicle-0236,hotpatch,444,447,3,28
hotpatch_first,vehicle-0237,hotpatch,476,479,3,25
hotpatch_first,vehicle-0238,hotpatch,464,467,3,26
hotpatch_first,vehicle-0239,hotpatch,428,431,3,29
hotpatch_first,vehicle-0240,hotpatch,667,670,3,18
hotpatch_first,vehicle-0241,hotpatch,472,475,3,26
hotpatch_first,vehicle-0242,hotpatch,703,706,3,16
hotpatch_first,vehicle-0243,hotpatch,760,763,3,13
hotpatch_first,vehicle-0244,hotpatch,865,868,3,11
hotpatch_first,vehicle-0245,hotpatch,503,506,3,25
hotpatch_first,vehicle-0246,hotpatch,672,675,3,18
hotpatch_first,vehicle-0247,hotpatch,1035,1038,3,5
hotpatch_first,vehicle-0248,hotpatch,418,421,3,30
hotpatch_first,vehicle-0249,hotpatch,434,437,3,29
hotpatch_first,vehicle-0250,hotpatch,1178,1181,3,2
hotpatch_first,vehicle-0251,hotpatch,574,577,3,20
hotpatch_first,vehicle-0252,hotpatch,789,792,3,12
hotpatch_first,vehicle-0253,hotpatch,1167,1170,3,3
hotpatch_first,vehicle-0254,hotpatch,457,460,3,27
hotpatch_first,vehicle-0255,hotpatch,536,539,3,23
hotpatch_first,vehicle-0256,hotpatch,491,494,3,26
hotpatch_first,vehicle-0257,hotpatch,431,434,3,30
hotpatch_first,vehicle-0258,hotpatch,783,786,3,13
hotpatch_first,vehicle-0259,hotpatch,423,426,3,31
hotpatch_first,vehicle-0260,hotpatch,1016,1019,3,6
hotpatch_first,vehicle-0261,hotpatch,564,567,3,21
hotpatch_first,vehicle-0262,hotpatch,439,442,3,29
hotpatch_first,vehicle-0263,hotpatch,461,464,3,27
hotpatch_first,vehicle-0264,hotpatch,841,844,3,12
hotpatch_first,vehicle-0265,hotpatch,692,695,3,17
hotpatch_first,vehicle-0266,hotpatch,541,544,3,23
hotpatch_first,vehicle-0267,hotpatch,1114,1117,3,4
hotpatch_first,vehicle-0268,hotpatch,743,746,3,14
hotpatch_first,vehicle-0269,hotpatch,428,431,3,31
hotpatch_first,vehicle-0270,hotpatch,524,527,3,24
hotpatch_first,vehicle-0271,hotpatch,464,467,3,27
hotpatch_first,vehicle-0272,hotpatch,932,935,3,11
hotpatch_first,vehicle-0273,hotpatch,856,859,3,12
hotpatch_first,vehicle-0274,hotpatch,521,524,3,25
hotpatch_first,vehicle-0275,hotpatch,598,601,3,19
hotpatch_first,vehicle-0276,hotpatch,601,604,3,19
hotpatch_first,vehicle-0277,hotpatch,1070,1073,3,5
hotpatch_first,vehicle-0278,hotpatch,699,702,3,17
hotpatch_first,vehicle-0279,hotpatch,1018,1021,3,7
hotpatch_first,vehicle-0280,hotpatch,705,708,3,17
hotpatch_first,vehicle-0281,hotpatch,441,444,3,30
hotpatch_first,vehicle-0282,hotpatch,625,628,3,19
hotpatch_first,vehicle-0283,hotpatch,609,612,3,20
hotpatch_first,vehicle-0284,hotpatch,971,974,3,8
hotpatch_first,vehicle-0285,hotpatch,835,838,3,13
hotpatch_first,vehicle-0286,hotpatch,891,894,3,12
hotpatch_first,vehicle-0287,hotpatch,558,561,3,22
hotpatch_first,vehicle-0288,hotpatch,976,979,3,8
hotpatch_first,vehicle-0289,hotpatch,735,738,3,15
hotpatch_first,vehicle-0290,hotpatch,571,574,3,21
hotpatch_first,vehicle-0291,hotpatch,564,567,3,22
hotpatch_first,vehicle-0292,hotpatch,777,780,3,14
hotpatch_first,vehicle-0293,hotpatch,866,869,3,13
hotpatch_first,vehicle-0294,hotpatch,425,428,3,32
hotpatch_first,vehicle-0295,hotpatch,464,467,3,28
hotpatch_first,vehicle-0296,hotpatch,429,432,3,32
hotpatch_first,vehicle-0297,hotpatch,1053,1056,3,6
hotpatch_first,vehicle-0298,hotpatch,590,593,3,21
hotpatch_first,vehicle-0299,hotpatch,765,768,3,15
hotpatch_first,vehicle-0300,hotpatch,528,531,3,24
hotpatch_first,vehicle-0301,hotpatch,530,533,3,25
hotpatch_first,vehicle-0302,hotpatch,723,726,3,16
hotpatch_first,vehicle-0303,hotpatch,513,516,3,26
hotpatch_first,vehicle-0304,hotpatch,670,673,3,19
hotpatch_first,vehicle-0305,hotpatch,646,649,3,20
hotpatch_first,vehicle-0306,hotpatch,704,707,3,18
hotpatch_first,vehicle-0307,hotpatch,532,535,3,24
hotpatch_first,vehicle-0308,hotpatch,554,557,3,23
hotpatch_first,vehicle-0309,hotpatch,632,635,3,21
hotpatch_first,vehicle-0310,hotpatch,391,394,3,33
hotpatch_first,vehicle-0311,hotpatch,460,463,3,29
hotpatch_first,vehicle-0312,hotpatch,519,522,3,26
hotpatch_first,vehicle-0313,hotpatch,464,467,3,29
hotpatch_first,vehicle-0314,hotpatch,472,475,3,27
hotpatch_first,vehicle-0315,hotpatch,866,869,3,14
hotpatch_first,vehicle-0316,hotpatch,513,516,3,27
hotpatch_first,vehicle-0317,hotpatch,483,486,3,28
hotpatch_first,vehicle-0318,hotpatch,644,647,3,21
hotpatch_first,vehicle-0319,hotpatch,856,859,3,15
hotpatch_first,vehicle-0320,hotpatch,416,419,3,33
hotpatch_first,vehicle-0321,hotpatch,713,716,3,17
hotpatch_first,vehicle-0322,hotpatch,660,663,3,20
hotpatch_first,vehicle-0323,hotpatch,441,444,3,31
hotpatch_first,vehicle-0324,hotpatch,558,561,3,23
hotpatch_first,vehicle-0325,hotpatch,460,463,3,30
hotpatch_first,vehicle-0326,hotpatch,599,602,3,22
hotpatch_first,vehicle-0327,hotpatch,546,549,3,24
hotpatch_first,vehicle-0328,hotpatch,526,529,3,26
hotpatch_first,vehicle-0329,hotpatch,352,355,3,34
hotpatch_first,vehicle-0330,hotpatch,458,461,3,31
hotpatch_first,vehicle-0331,hotpatch,711,714,3,18
hotpatch_first,vehicle-0332,hotpatch,596,599,3,23
hotpatch_first,vehicle-0333,hotpatch,555,558,3,24
hotpatch_first,vehicle-0334,hotpatch,537,540,3,25
hotpatch_first,vehicle-0335,hotpatch,591,594,3,24
hotpatch_first,vehicle-0336,hotpatch,443,446,3,32
hotpatch_first,vehicle-0337,hotpatch,513,516,3,28
hotpatch_first,vehicle-0338,hotpatch,514,517,3,29
hotpatch_first,vehicle-0339,hotpatch,409,412,3,34
hotpatch_first,vehicle-0340,hotpatch,513,516,3,30
hotpatch_first,vehicle-0341,hotpatch,512,515,3,31
hotpatch_first,vehicle-0342,hotpatch,823,826,3,16
hotpatch_first,vehicle-0343,hotpatch,508,511,3,32
hotpatch_first,vehicle-0344,hotpatch,473,476,3,33
hotpatch_first,vehicle-0345,hotpatch,1145,1148,3,4
hotpatch_first,vehicle-0346,hotpatch,544,547,3,25
hotpatch_first,vehicle-0347,hotpatch,508,511,3,33
hotpatch_first,vehicle-0348,hotpatch,901,904,3,12
hotpatch_first,vehicle-0349,hotpatch,684,687,3,19
hotpatch_first,vehicle-0350,hotpatch,487,490,3,34
hotpatch_first,vehicle-0351,hotpatch,455,458,3,35
hotpatch_first,vehicle-0352,hotpatch,603,606,3,22
hotpatch_first,vehicle-0353,hotpatch,609,612,3,22
hotpatch_first,vehicle-0354,hotpatch,813,816,3,17
hotpatch_first,vehicle-0355,hotpatch,722,725,3,18
hotpatch_first,vehicle-0356,hotpatch,539,542,3,26
hotpatch_first,vehicle-0357,hotpatch,543,546,3,26
hotpatch_first,vehicle-0358,hotpatch,498,501,3,34
hotpatch_first,vehicle-0359,hotpatch,892,895,3,13
hotpatch_first,vehicle-0360,hotpatch,388,391,3,36
hotpatch_first,vehicle-0361,hotpatch,482,485,3,35
hotpatch_first,vehicle-0362,hotpatch,941,944,3,11
hotpatch_first,vehicle-0363,hotpatch,537,540,3,27
hotpatch_first,vehicle-0364,hotpatch,487,490,3,35
hotpatch_first,vehicle-0365,hotpatch,471,474,3,36
hotpatch_first,vehicle-0366,hotpatch,539,542,3,28
hotpatch_first,vehicle-0367,hotpatch,519,522,3,29
hotpatch_first,vehicle-0368,hotpatch,497,500,3,35
hotpatch_first,vehicle-0369,hotpatch,644,647,3,22
hotpatch_first,vehicle-0370,hotpatch,503,506,3,34
hotpatch_first,vehicle-0371,hotpatch,466,469,3,37
hotpatch_first,vehicle-0372,hotpatch,730,733,3,18
hotpatch_first,vehicle-0373,hotpatch,591,594,3,25
hotpatch_first,vehicle-0374,hotpatch,505,508,3,35
hotpatch_first,vehicle-0375,hotpatch,449,452,3,38
hotpatch_first,vehicle-0376,hotpatch,473,476,3,37
hotpatch_first,vehicle-0377,hotpatch,497,500,3,36
hotpatch_first,vehicle-0378,hotpatch,909,912,3,12
hotpatch_first,vehicle-0379,hotpatch,1010,1013,3,8
hotpatch_first,vehicle-0380,hotpatch,468,471,3,38
hotpatch_first,vehicle-0381,hotpatch,974,977,3,9
hotpatch_first,vehicle-0382,hotpatch,768,771,3,18
hotpatch_first,vehicle-0383,hotpatch,424,427,3,39
hotpatch_first,vehicle-0384,hotpatch,383,386,3,40
hotpatch_first,vehicle-0385,hotpatch,434,437,3,39
hotpatch_first,vehicle-0386,hotpatch,463,466,3,39
hotpatch_first,vehicle-0387,hotpatch,948,951,3,11
hotpatch_first,vehicle-0388,hotpatch,775,778,3,18
hotpatch_first,vehicle-0389,hotpatch,420,423,3,40
hotpatch_first,vehicle-0390,hotpatch,477,480,3,37
hotpatch_first,vehicle-0391,hotpatch,790,793,3,18
hotpatch_first,vehicle-0392,hotpatch,726,729,3,19
hotpatch_first,vehicle-0393,hotpatch,441,444,3,40
hotpatch_first,vehicle-0394,hotpatch,518,521,3,30
hotpatch_first,vehicle-0395,hotpatch,749,752,3,19
hotpatch_first,vehicle-0396,hotpatch,550,553,3,26
hotpatch_first,vehicle-0397,hotpatch,1056,1059,3,6
hotpatch_first,vehicle-0398,hotpatch,391,394,3,41
hotpatch_first,vehicle-0399,hotpatch,1058,1061,3,7
hotpatch_first,vehicle-0400,hotpatch,513,516,3,32
hotpatch_first,vehicle-0401,hotpatch,411,414,3,41
hotpatch_first,vehicle-0402,hotpatch,498,501,3,37
hotpatch_first,vehicle-0403,hotpatch,474,477,3,38
hotpatch_first,vehicle-0404,hotpatch,415,418,3,41
hotpatch_first,vehicle-0405,hotpatch,515,518,3,31
hotpatch_first,vehicle-0406,hotpatch,744,747,3,20
hotpatch_first,vehicle-0407,hotpatch,446,449,3,40
hotpatch_first,vehicle-0408,hotpatch,706,709,3,21
hotpatch_first,vehicle-0409,hotpatch,519,522,3,31
hotpatch_first,vehicle-0410,hotpatch,710,713,3,21
hotpatch_first,vehicle-0411,hotpatch,432,435,3,41
hotpatch_first,vehicle-0412,hotpatch,674,677,3,22
hotpatch_first,vehicle-0413,hotpatch,464,467,3,40
hotpatch_first,vehicle-0414,hotpatch,456,459,3,41
hotpatch_first,vehicle-0415,hotpatch,993,996,3,9
hotpatch_first,vehicle-0416,hotpatch,627,630,3,23
hotpatch_first,vehicle-0417,hotpatch,464,467,3,41
hotpatch_first,vehicle-0418,hotpatch,509,512,3,34
hotpatch_first,vehicle-0419,hotpatch,462,465,3,42
hotpatch_first,vehicle-0420,hotpatch,672,675,3,23
hotpatch_first,vehicle-0421,hotpatch,728,731,3,21
hotpatch_first,vehicle-0422,hotpatch,480,483,3,38
hotpatch_first,vehicle-0423,hotpatch,446,449,3,43
hotpatch_first,vehicle-0424,hotpatch,382,385,3,44
hotpatch_first,vehicle-0425,hotpatch,397,400,3,44
hotpatch_first,vehicle-0426,hotpatch,1038,1041,3,8
hotpatch_first,vehicle-0427,hotpatch,887,890,3,14
hotpatch_first,vehicle-0428,hotpatch,915,918,3,12
hotpatch_first,vehicle-0429,hotpatch,548,551,3,27
hotpatch_first,vehicle-0430,hotpatch,463,466,3,43
hotpatch_first,vehicle-0431,hotpatch,511,514,3,33
hotpatch_first,vehicle-0432,hotpatch,512,515,3,34
hotpatch_first,vehicle-0433,hotpatch,511,514,3,35
hotpatch_first,vehicle-0434,hotpatch,387,390,3,45
hotpatch_first,vehicle-0435,hotpatch,740,743,3,21
hotpatch_first,vehicle-0436,hotpatch,599,602,3,24
hotpatch_first,vehicle-0437,hotpatch,502,505,3,36
hotpatch_first,vehicle-0438,hotpatch,829,832,3,16
hotpatch_first,vehicle-0439,hotpatch,403,406,3,44
hotpatch_first,vehicle-0440,hotpatch,459,462,3,44
hotpatch_first,vehicle-0441,hotpatch,865,868,3,15
hotpatch_first,vehicle-0442,hotpatch,710,713,3,22
hotpatch_first,vehicle-0443,hotpatch,729,732,3,22
hotpatch_first,vehicle-0444,hotpatch,599,602,3,25
hotpatch_first,vehicle-0445,hotpatch,516,519,3,32
hotpatch_first,vehicle-0446,hotpatch,364,367,3,46
hotpatch_first,vehicle-0447,hotpatch,521,524,3,30
hotpatch_first,vehicle-0448,hotpatch,854,857,3,16
hotpatch_first,vehicle-0449,hotpatch,548,551,3,28
hotpatch_first,vehicle-0450,hotpatch,998,1001,3,9
hotpatch_first,vehicle-0451,hotpatch,570,573,3,26
hotpatch_first,vehicle-0452,hotpatch,416,419,3,45
hotpatch_first,vehicle-0453,hotpatch,974,977,3,10
hotpatch_first,vehicle-0454,hotpatch,770,773,3,19
hotpatch_first,vehicle-0455,hotpatch,606,609,3,24
hotpatch_first,vehicle-0456,hotpatch,616,619,3,24
hotpatch_first,vehicle-0457,hotpatch,478,481,3,39
hotpatch_first,vehicle-0458,hotpatch,452,455,3,45
hotpatch_first,vehicle-0459,hotpatch,695,698,3,23
hotpatch_first,vehicle-0460,hotpatch,611,614,3,25
hotpatch_first,vehicle-0461,hotpatch,536,539,3,29
hotpatch_first,vehicle-0462,hotpatch,768,771,3,20
hotpatch_first,vehicle-0463,hotpatch,432,435,3,46
hotpatch_first,vehicle-0464,hotpatch,475,478,3,40
hotpatch_first,vehicle-0465,hotpatch,666,669,3,24
hotpatch_first,vehicle-0466,hotpatch,456,459,3,45
hotpatch_first,vehicle-0467,hotpatch,457,460,3,46
hotpatch_first,vehicle-0468,hotpatch,755,758,3,21
hotpatch_first,vehicle-0469,hotpatch,421,424,3,47
hotpatch_first,vehicle-0470,hotpatch,471,474,3,41
hotpatch_first,vehicle-0471,hotpatch,687,690,3,24
hotpatch_first,vehicle-0472,hotpatch,651,654,3,25
hotpatch_first,vehicle-0473,hotpatch,449,452,3,47
hotpatch_first,vehicle-0474,hotpatch,1067,1070,3,6
hotpatch_first,vehicle-0475,hotpatch,695,698,3,24
hotpatch_first,vehicle-0476,hotpatch,471,474,3,42
hotpatch_first,vehicle-0477,hotpatch,1069,1072,3,7
hotpatch_first,vehicle-0478,hotpatch,717,720,3,23
hotpatch_first,vehicle-0479,hotpatch,530,533,3,30
hotpatch_first,vehicle-0480,hotpatch,522,525,3,31
hotpatch_first,vehicle-0481,hotpatch,1081,1084,3,5
hotpatch_first,vehicle-0482,hotpatch,468,471,3,43
hotpatch_first,vehicle-0483,hotpatch,1156,1159,3,4
hotpatch_first,vehicle-0484,hotpatch,461,464,3,45
hotpatch_first,vehicle-0485,hotpatch,449,452,3,48
hotpatch_first,vehicle-0486,hotpatch,916,919,3,13
hotpatch_first,vehicle-0487,hotpatch,961,964,3,11
hotpatch_first,vehicle-0488,hotpatch,808,811,3,18
hotpatch_first,vehicle-0489,hotpatch,371,374,3,49
hotpatch_first,vehicle-0490,hotpatch,429,432,3,49
hotpatch_first,vehicle-0491,hotpatch,856,859,3,17
hotpatch_first,vehicle-0492,hotpatch,639,642,3,26
hotpatch_first,vehicle-0493,hotpatch,427,430,3,50
hotpatch_first,vehicle-0494,hotpatch,556,559,3,27
hotpatch_first,vehicle-0495,hotpatch,815,818,3,18
hotpatch_first,vehicle-0496,hotpatch,601,604,3,27
hotpatch_first,vehicle-0497,hotpatch,417,420,3,51
hotpatch_first,vehicle-0498,hotpatch,951,954,3,12
hotpatch_first,vehicle-0499,hotpatch,655,658,3,25
hotpatch_first,vehicle-0500,hotpatch,700,703,3,24
hotpatch_first,vehicle-0501,hotpatch,884,887,3,15
hotpatch_first,vehicle-0502,hotpatch,640,643,3,27
hotpatch_first,vehicle-0503,hotpatch,457,460,3,47
hotpatch_first,vehicle-0504,hotpatch,754,757,3,22
hotpatch_first,vehicle-0505,hotpatch,508,511,3,36
hotpatch_first,vehicle-0506,hotpatch,423,426,3,51
hotpatch_first,vehicle-0507,hotpatch,505,508,3,37
hotpatch_first,vehicle-0508,hotpatch,838,841,3,18
hotpatch_first,vehicle-0509,hotpatch,387,390,3,52
hotpatch_first,vehicle-0510,hotpatch,977,980,3,10
hotpatch_first,vehicle-0511,hotpatch,530,533,3,31
hotpatch_first,vehicle-0512,hotpatch,605,608,3,28
hotpatch_first,vehicle-0513,hotpatch,541,544,3,29
hotpatch_first,vehicle-0514,hotpatch,737,740,3,23
hotpatch_first,vehicle-0515,hotpatch,500,503,3,38
hotpatch_first,vehicle-0516,hotpatch,406,409,3,52
hotpatch_first,vehicle-0517,hotpatch,554,557,3,29
hotpatch_first,vehicle-0518,hotpatch,528,531,3,32
hotpatch_first,vehicle-0519,hotpatch,531,534,3,32
hotpatch_first,vehicle-0520,hotpatch,374,377,3,53
hotpatch_first,vehicle-0521,hotpatch,500,503,3,39
hotpatch_first,vehicle-0522,hotpatch,385,388,3,53
hotpatch_first,vehicle-0523,hotpatch,925,928,3,13
hotpatch_first,vehicle-0524,hotpatch,695,698,3,25
hotpatch_first,vehicle-0525,hotpatch,435,438,3,49
hotpatch_first,vehicle-0526,hotpatch,557,560,3,29
hotpatch_first,vehicle-0527,hotpatch,1056,1059,3,8
hotpatch_first,vehicle-0528,hotpatch,537,540,3,30
hotpatch_first,vehicle-0529,hotpatch,595,598,3,29
hotpatch_first,vehicle-0530,hotpatch,452,455,3,48
hotpatch_first,vehicle-0531,hotpatch,523,526,3,33
hotpatch_first,vehicle-0532,hotpatch,789,792,3,19
hotpatch_first,vehicle-0533,hotpatch,412,415,3,52
hotpatch_first,vehicle-0534,hotpatch,725,728,3,24
hotpatch_first,vehicle-0535,hotpatch,430,433,3,50
hotpatch_first,vehicle-0536,hotpatch,456,459,3,48
hotpatch_first,vehicle-0537,hotpatch,744,747,3,23
hotpatch_first,vehicle-0538,hotpatch,1105,1108,3,5
hotpatch_first,vehicle-0539,hotpatch,786,789,3,20
hotpatch_first,vehicle-0540,hotpatch,437,440,3,50
hotpatch_first,vehicle-0541,hotpatch,832,835,3,19
hotpatch_first,vehicle-0542,hotpatch,463,466,3,44
hotpatch_first,vehicle-0543,hotpatch,604,607,3,29
hotpatch_first,vehicle-0544,hotpatch,776,779,3,21
hotpatch_first,vehicle-0545,hotpatch,508,511,3,37
hotpatch_first,vehicle-0546,hotpatch,789,792,3,20
hotpatch_first,vehicle-0547,hotpatch,1012,1015,3,9
hotpatch_first,vehicle-0548,hotpatch,510,513,3,38
hotpatch_first,vehicle-0549,hotpatch,485,488,3,40
hotpatch_first,vehicle-0550,hotpatch,454,457,3,49
hotpatch_first,vehicle-0551,hotpatch,880,883,3,16
hotpatch_first,vehicle-0552,hotpatch,367,370,3,54
hotpatch_first,vehicle-0553,hotpatch,1017,1020,3,9
hotpatch_first,vehicle-0554,hotpatch,583,586,3,30
hotpatch_first,vehicle-0555,hotpatch,640,643,3,28
hotpatch_first,vehicle-0556,hotpatch,496,499,3,40
hotpatch_first,vehicle-0557,hotpatch,546,549,3,31
hotpatch_first,vehicle-0558,hotpatch,499,502,3,40
hotpatch_first,vehicle-0559,hotpatch,516,519,3,34
hotpatch_first,vehicle-0560,hotpatch,427,430,3,51
hotpatch_first,vehicle-0561,hotpatch,492,495,3,41
hotpatch_first,vehicle-0562,hotpatch,477,480,3,42
hotpatch_first,vehicle-0563,hotpatch,722,725,3,25
hotpatch_first,vehicle-0564,hotpatch,668,671,3,26
hotpatch_first,vehicle-0565,hotpatch,610,613,3,29
hotpatch_first,vehicle-0566,hotpatch,558,561,3,31
hotpatch_first,vehicle-0567,hotpatch,368,371,3,55
hotpatch_first,vehicle-0568,hotpatch,529,532,3,33
hotpatch_first,vehicle-0569,hotpatch,920,923,3,14
hotpatch_first,vehicle-0570,hotpatch,934,937,3,13
hotpatch_first,vehicle-0571,hotpatch,785,788,3,21
hotpatch_first,vehicle-0572,hotpatch,533,536,3,33
hotpatch_first,vehicle-0573,hotpatch,474,477,3,43
hotpatch_first,vehicle-0574,hotpatch,469,472,3,44
hotpatch_first,vehicle-0575,hotpatch,832,835,3,20
hotpatch_first,vehicle-0576,hotpatch,432,435,3,51
hotpatch_first,vehicle-0577,hotpatch,744,747,3,24
hotpatch_first,vehicle-0578,hotpatch,788,791,3,21
hotpatch_first,vehicle-0579,hotpatch,517,520,3,35
hotpatch_first,vehicle-0580,hotpatch,779,782,3,22
hotpatch_first,vehicle-0581,hotpatch,436,439,3,51
hotpatch_first,vehicle-0582,hotpatch,427,430,3,52
hotpatch_first,vehicle-0583,hotpatch,653,656,3,27
hotpatch_first,vehicle-0584,hotpatch,444,447,3,50
hotpatch_first,vehicle-0585,hotpatch,675,678,3,26
hotpatch_first,vehicle-0586,hotpatch,552,555,3,32
hotpatch_first,vehicle-0587,hotpatch,1159,1162,3,4
hotpatch_first,vehicle-0588,hotpatch,543,546,3,33
hotpatch_first,vehicle-0589,hotpatch,417,420,3,53
hotpatch_first,vehicle-0590,hotpatch,743,746,3,25
hotpatch_first,vehicle-0591,hotpatch,522,525,3,34
hotpatch_first,vehicle-0592,hotpatch,758,761,3,23
hotpatch_first,vehicle-0593,hotpatch,668,671,3,27
hotpatch_first,vehicle-0594,hotpatch,623,626,3,29
hotpatch_first,vehicle-0595,hotpatch,792,795,3,21
hotpatch_first,vehicle-0596,hotpatch,717,720,3,26
hotpatch_first,vehicle-0597,hotpatch,464,467,3,45
hotpatch_first,vehicle-0598,hotpatch,924,927,3,14
hotpatch_first,vehicle-0599,hotpatch,456,459,3,50
hotpatch_first,vehicle-0600,hotpatch,964,967,3,11
hotpatch_first,vehicle-0601,hotpatch,1048,1051,3,9
hotpatch_first,vehicle-0602,hotpatch,875,878,3,17
hotpatch_first,vehicle-0603,hotpatch,435,438,3,52
hotpatch_first,vehicle-0604,hotpatch,526,529,3,34
hotpatch_first,vehicle-0605,hotpatch,1182,1185,3,2
hotpatch_first,vehicle-0606,hotpatch,535,538,3,34
hotpatch_first,vehicle-0607,hotpatch,828,831,3,21
hotpatch_first,vehicle-0608,hotpatch,538,541,3,34
hotpatch_first,vehicle-0609,hotpatch,725,728,3,26
hotpatch_first,vehicle-0610,hotpatch,504,507,3,39
hotpatch_first,vehicle-0611,hotpatch,502,505,3,40
hotpatch_first,vehicle-0612,hotpatch,954,957,3,12
hotpatch_first,vehicle-0613,hotpatch,421,424,3,53
hotpatch_first,vehicle-0614,hotpatch,592,595,3,30
hotpatch_first,vehicle-0615,hotpatch,578,581,3,31
hotpatch_first,vehicle-0616,hotpatch,690,693,3,27
hotpatch_first,vehicle-0617,hotpatch,455,458,3,51
hotpatch_first,vehicle-0618,hotpatch,909,912,3,15
hotpatch_first,vehicle-0619,hotpatch,649,652,3,28
hotpatch_first,vehicle-0620,hotpatch,452,455,3,52
hotpatch_first,vehicle-0621,hotpatch,741,744,3,26
hotpatch_first,vehicle-0622,hotpatch,945,948,3,13
hotpatch_first,vehicle-0623,hotpatch,401,404,3,54
hotpatch_first,vehicle-0624,hotpatch,904,907,3,16
hotpatch_first,vehicle-0625,hotpatch,786,789,3,22
hotpatch_first,vehicle-0626,hotpatch,375,378,3,55
hotpatch_first,vehicle-0627,hotpatch,490,493,3,42
hotpatch_first,vehicle-0628,hotpatch,402,405,3,55
hotpatch_first,vehicle-0629,hotpatch,799,802,3,22
hotpatch_first,vehicle-0630,hotpatch,573,576,3,32
hotpatch_first,vehicle-0631,hotpatch,403,406,3,56
hotpatch_first,vehicle-0632,hotpatch,576,579,3,32
hotpatch_first,vehicle-0633,hotpatch,645,648,3,29
hotpatch_first,vehicle-0634,hotpatch,413,416,3,54
hotpatch_first,vehicle-0635,hotpatch,624,627,3,30
hotpatch_first,vehicle-0636,hotpatch,627,630,3,30
hotpatch_first,vehicle-0637,hotpatch,565,568,3,33
hotpatch_first,vehicle-0638,hotpatch,407,410,3,55
hotpatch_first,vehicle-0639,hotpatch,351,354,3,57
hotpatch_first,vehicle-0640,hotpatch,752,755,3,24
hotpatch_first,vehicle-0641,hotpatch,713,716,3,27
hotpatch_first,vehicle-0642,hotpatch,874,877,3,18
hotpatch_first,vehicle-0643,hotpatch,424,427,3,53
hotpatch_first,vehicle-0644,hotpatch,435,438,3,53
hotpatch_first,vehicle-0645,hotpatch,766,769,3,23
hotpatch_first,vehicle-0646,hotpatch,546,549,3,34
hotpatch_first,vehicle-0647,hotpatch,1055,1058,3,9
hotpatch_first,vehicle-0648,hotpatch,951,954,3,13
hotpatch_first,vehicle-0649,hotpatch,973,976,3,11
hotpatch_first,vehicle-0650,hotpatch,454,457,3,53
hotpatch_first,vehicle-0651,hotpatch,819,822,3,22
hotpatch_first,vehicle-0652,hotpatch,869,872,3,19
hotpatch_first,vehicle-0653,hotpatch,558,561,3,34
hotpatch_first,vehicle-0654,hotpatch,399,402,3,57
hotpatch_first,vehicle-0655,hotpatch,453,456,3,54
hotpatch_first,vehicle-0656,hotpatch,644,647,3,30
hotpatch_first,vehicle-0657,hotpatch,516,519,3,36
hotpatch_first,vehicle-0658,hotpatch,714,717,3,28
hotpatch_first,vehicle-0659,hotpatch,475,478,3,44
hotpatch_first,vehicle-0660,hotpatch,545,548,3,35
hotpatch_first,vehicle-0661,hotpatch,424,427,3,55
hotpatch_first,vehicle-0662,hotpatch,442,445,3,55
hotpatch_first,vehicle-0663,hotpatch,817,820,3,23
hotpatch_first,vehicle-0664,hotpatch,554,557,3,35
hotpatch_first,vehicle-0665,hotpatch,815,818,3,24
hotpatch_first,vehicle-0666,hotpatch,841,844,3,20
hotpatch_first,vehicle-0667,hotpatch,968,971,3,12
hotpatch_first,vehicle-0668,hotpatch,564,567,3,34
hotpatch_first,vehicle-0669,hotpatch,924,927,3,15
hotpatch_first,vehicle-0670,hotpatch,655,658,3,29
hotpatch_first,vehicle-0671,hotpatch,871,874,3,20
hotpatch_first,vehicle-0672,hotpatch,702,705,3,29
hotpatch_first,vehicle-0673,hotpatch,393,396,3,58
hotpatch_first,vehicle-0674,hotpatch,472,475,3,45
hotpatch_first,vehicle-0675,hotpatch,433,436,3,56
hotpatch_first,vehicle-0676,hotpatch,656,659,3,30
hotpatch_first,vehicle-0677,hotpatch,444,447,3,56
hotpatch_first,vehicle-0678,hotpatch,573,576,3,33
hotpatch_first,vehicle-0679,hotpatch,590,593,3,31
hotpatch_first,vehicle-0680,hotpatch,773,776,3,25
hotpatch_first,vehicle-0681,hotpatch,560,563,3,35
hotpatch_first,vehicle-0682,hotpatch,665,668,3,30
hotpatch_first,vehicle-0683,hotpatch,582,585,3,32
hotpatch_first,vehicle-0684,hotpatch,641,644,3,31
hotpatch_first,vehicle-0685,hotpatch,640,643,3,32
hotpatch_first,vehicle-0686,hotpatch,552,555,3,36
hotpatch_first,vehicle-0687,hotpatch,1008,1011,3,10
hotpatch_first,vehicle-0688,hotpatch,415,418,3,57
hotpatch_first,vehicle-0689,hotpatch,556,559,3,36
hotpatch_first,vehicle-0690,hotpatch,725,728,3,27
hotpatch_first,vehicle-0691,hotpatch,460,463,3,46
hotpatch_first,vehicle-0692,hotpatch,379,382,3,59
hotpatch_first,vehicle-0693,hotpatch,463,466,3,46
hotpatch_first,vehicle-0694,hotpatch,475,478,3,45
hotpatch_first,vehicle-0695,hotpatch,450,453,3,55
hotpatch_first,vehicle-0696,hotpatch,457,460,3,49
hotpatch_first,vehicle-0697,hotpatch,393,396,3,59
hotpatch_first,vehicle-0698,hotpatch,1070,1073,3,6
hotpatch_first,vehicle-0699,hotpatch,438,441,3,57
hotpatch_first,vehicle-0700,hotpatch,407,410,3,58
hotpatch_first,vehicle-0701,hotpatch,736,739,3,27
hotpatch_first,vehicle-0702,hotpatch,750,753,3,26
hotpatch_first,vehicle-0703,hotpatch,418,421,3,58
hotpatch_first,vehicle-0704,hotpatch,792,795,3,25
hotpatch_first,vehicle-0705,hotpatch,999,1002,3,11
hotpatch_first,vehicle-0706,hotpatch,963,966,3,13
hotpatch_first,vehicle-0707,hotpatch,518,521,3,37
hotpatch_first,vehicle-0708,hotpatch,546,549,3,37
hotpatch_first,vehicle-0709,hotpatch,639,642,3,33
hotpatch_first,vehicle-0710,hotpatch,488,491,3,43
hotpatch_first,vehicle-0711,hotpatch,633,636,3,34
hotpatch_first,vehicle-0712,hotpatch,500,503,3,41
hotpatch_first,vehicle-0713,hotpatch,464,467,3,47
hotpatch_first,vehicle-0714,hotpatch,1014,1017,3,10
hotpatch_first,vehicle-0715,hotpatch,586,589,3,35
hotpatch_first,vehicle-0716,hotpatch,546,549,3,38
hotpatch_first,vehicle-0717,hotpatch,491,494,3,43
hotpatch_first,vehicle-0718,hotpatch,896,899,3,17
hotpatch_first,vehicle-0719,hotpatch,436,439,3,58
hotpatch_first,vehicle-0720,hotpatch,752,755,3,27
hotpatch_first,vehicle-0721,hotpatch,491,494,3,44
hotpatch_first,vehicle-0722,hotpatch,482,485,3,45
hotpatch_first,vehicle-0723,hotpatch,903,906,3,17
hotpatch_first,vehicle-0724,hotpatch,1011,1014,3,11
hotpatch_first,vehicle-0725,hotpatch,560,563,3,36
hotpatch_first,vehicle-0726,hotpatch,587,590,3,36
hotpatch_first,vehicle-0727,hotpatch,930,933,3,14
hotpatch_first,vehicle-0728,hotpatch,416,419,3,59
hotpatch_first,vehicle-0729,hotpatch,1165,1168,3,4
hotpatch_first,vehicle-0730,hotpatch,513,516,3,39
hotpatch_first,vehicle-0731,hotpatch,549,552,3,37
hotpatch_first,vehicle-0732,hotpatch,604,607,3,35
hotpatch_first,vehicle-0733,hotpatch,654,657,3,31
hotpatch_first,vehicle-0734,hotpatch,490,493,3,45
hotpatch_first,vehicle-0735,hotpatch,783,786,3,26
hotpatch_first,vehicle-0736,hotpatch,537,540,3,39
hotpatch_first,vehicle-0737,hotpatch,501,504,3,42
hotpatch_first,vehicle-0738,hotpatch,503,506,3,41
hotpatch_first,vehicle-0739,hotpatch,491,494,3,46
hotpatch_first,vehicle-0740,hotpatch,556,559,3,37
hotpatch_first,vehicle-0741,hotpatch,690,693,3,30
hotpatch_first,vehicle-0742,hotpatch,721,724,3,28
hotpatch_first,vehicle-0743,hotpatch,566,569,3,37
hotpatch_first,vehicle-0744,hotpatch,814,817,3,25
hotpatch_first,vehicle-0745,hotpatch,515,518,3,40
hotpatch_first,vehicle-0746,hotpatch,480,483,3,47
hotpatch_first,vehicle-0747,hotpatch,509,512,3,41
hotpatch_first,vehicle-0748,hotpatch,451,454,3,56
hotpatch_first,vehicle-0749,hotpatch,474,477,3,48
hotpatch_first,vehicle-0750,hotpatch,506,509,3,42
hotpatch_first,vehicle-0751,hotpatch,780,783,3,27
hotpatch_first,vehicle-0752,hotpatch,665,668,3,31
hotpatch_first,vehicle-0753,hotpatch,446,449,3,57
hotpatch_first,vehicle-0754,hotpatch,623,626,3,35
hotpatch_first,vehicle-0755,hotpatch,651,654,3,32
hotpatch_first,vehicle-0756,hotpatch,510,513,3,42
hotpatch_first,vehicle-0757,hotpatch,446,449,3,58
hotpatch_first,vehicle-0758,hotpatch,461,464,3,49
hotpatch_first,vehicle-0759,hotpatch,781,784,3,28
hotpatch_first,vehicle-0760,hotpatch,1000,1003,3,12
hotpatch_first,vehicle-0761,hotpatch,1161,1164,3,5
hotpatch_first,vehicle-0762,hotpatch,438,441,3,59
hotpatch_first,vehicle-0763,hotpatch,486,489,3,47
hotpatch_first,vehicle-0764,hotpatch,731,734,3,29
hotpatch_first,vehicle-0765,hotpatch,488,491,3,48
hotpatch_first,vehicle-0766,hotpatch,507,510,3,43
hotpatch_first,vehicle-0767,hotpatch,396,399,3,60
hotpatch_first,vehicle-0768,hotpatch,825,828,3,22
hotpatch_first,vehicle-0769,hotpatch,427,430,3,60
hotpatch_first,vehicle-0770,hotpatch,494,497,3,44
hotpatch_first,vehicle-0771,hotpatch,561,564,3,38
hotpatch_first,vehicle-0772,hotpatch,1136,1139,3,6
hotpatch_first,vehicle-0773,hotpatch,403,406,3,61
hotpatch_first,vehicle-0774,hotpatch,902,905,3,18
hotpatch_first,vehicle-0775,hotpatch,605,608,3,36
hotpatch_first,vehicle-0776,hotpatch,471,474,3,49
hotpatch_first,vehicle-0777,hotpatch,759,762,3,29
hotpatch_first,vehicle-0778,hotpatch,523,526,3,40
hotpatch_first,vehicle-0779,hotpatch,446,449,3,59
hotpatch_first,vehicle-0780,hotpatch,1022,1025,3,10
hotpatch_first,vehicle-0781,hotpatch,504,507,3,44
hotpatch_first,vehicle-0782,hotpatch,570,573,3,37
hotpatch_first,vehicle-0783,hotpatch,814,817,3,26
hotpatch_first,vehicle-0784,hotpatch,607,610,3,37
hotpatch_first,vehicle-0785,hotpatch,402,405,3,62
hotpatch_first,vehicle-0786,hotpatch,816,819,3,27
hotpatch_first,vehicle-0787,hotpatch,437,440,3,60
hotpatch_first,vehicle-0788,hotpatch,508,511,3,44
hotpatch_first,vehicle-0789,hotpatch,1012,1015,3,12
hotpatch_first,vehicle-0790,hotpatch,751,754,3,30
hotpatch_first,vehicle-0791,hotpatch,553,556,3,39
hotpatch_first,vehicle-0792,hotpatch,562,565,3,39
hotpatch_first,vehicle-0793,hotpatch,761,764,3,30
hotpatch_first,vehicle-0794,hotpatch,589,592,3,38
hotpatch_first,vehicle-0795,hotpatch,390,393,3,63
hotpatch_first,vehicle-0796,hotpatch,437,440,3,61
hotpatch_first,vehicle-0797,hotpatch,851,854,3,21
hotpatch_first,vehicle-0798,hotpatch,372,375,3,64
hotpatch_first,vehicle-0799,hotpatch,440,443,3,60
hotpatch_first,vehicle-0800,hotpatch,785,788,3,28
hotpatch_first,vehicle-0801,hotpatch,456,459,3,52
hotpatch_first,vehicle-0802,hotpatch,493,496,3,45
hotpatch_first,vehicle-0803,hotpatch,676,679,3,31
hotpatch_first,vehicle-0804,hotpatch,816,819,3,28
hotpatch_first,vehicle-0805,hotpatch,400,403,3,63
hotpatch_first,vehicle-0806,hotpatch,546,549,3,40
hotpatch_first,vehicle-0807,hotpatch,819,822,3,24
hotpatch_first,vehicle-0808,hotpatch,500,503,3,45
hotpatch_first,vehicle-0809,hotpatch,689,692,3,31
hotpatch_first,vehicle-0810,hotpatch,437,440,3,62
hotpatch_first,vehicle-0811,hotpatch,1231,1234,3,0
hotpatch_first,vehicle-0812,hotpatch,581,584,3,39
hotpatch_first,vehicle-0813,hotpatch,442,445,3,61
hotpatch_first,vehicle-0814,hotpatch,529,532,3,41
hotpatch_first,vehicle-0815,hotpatch,1020,1023,3,11
hotpatch_first,vehicle-0816,hotpatch,579,582,3,40
hotpatch_first,vehicle-0817,hotpatch,704,707,3,31
hotpatch_first,vehicle-0818,hotpatch,669,672,3,32
hotpatch_first,vehicle-0819,hotpatch,428,431,3,63
hotpatch_first,vehicle-0820,hotpatch,413,416,3,64
hotpatch_first,vehicle-0821,hotpatch,456,459,3,54
hotpatch_first,vehicle-0822,hotpatch,556,559,3,41
hotpatch_first,vehicle-0823,hotpatch,434,437,3,63
hotpatch_first,vehicle-0824,hotpatch,573,576,3,41
hotpatch_first,vehicle-0825,hotpatch,432,435,3,64
hotpatch_first,vehicle-0826,hotpatch,771,774,3,29
hotpatch_first,vehicle-0827,hotpatch,730,733,3,31
hotpatch_first,vehicle-0828,hotpatch,440,443,3,62
hotpatch_first,vehicle-0829,hotpatch,713,716,3,32
hotpatch_first,vehicle-0830,hotpatch,480,483,3,49
hotpatch_first,vehicle-0831,hotpatch,1053,1056,3,10
hotpatch_first,vehicle-0832,hotpatch,531,534,3,42
hotpatch_first,vehicle-0833,hotpatch,661,664,3,33
hotpatch_first,vehicle-0834,hotpatch,516,519,3,43
hotpatch_first,vehicle-0835,hotpatch,643,646,3,34
hotpatch_first,vehicle-0836,hotpatch,581,584,3,41
hotpatch_first,vehicle-0837,hotpatch,686,689,3,33
hotpatch_first,vehicle-0838,hotpatch,420,423,3,65
hotpatch_first,vehicle-0839,hotpatch,462,465,3,50
hotpatch_first,vehicle-0840,hotpatch,665,668,3,34
hotpatch_first,vehicle-0841,hotpatch,977,980,3,13
hotpatch_first,vehicle-0842,hotpatch,675,678,3,34
hotpatch_first,vehicle-0843,hotpatch,786,789,3,29
hotpatch_first,vehicle-0844,hotpatch,468,471,3,50
hotpatch_first,vehicle-0845,hotpatch,589,592,3,39
hotpatch_first,vehicle-0846,hotpatch,593,596,3,38
hotpatch_first,vehicle-0847,hotpatch,795,798,3,29
hotpatch_first,vehicle-0848,hotpatch,558,561,3,42
hotpatch_first,vehicle-0849,hotpatch,400,403,3,66
hotpatch_first,vehicle-0000,ota,1397,1442,45,0
hotpatch_first,vehicle-0001,ota,1409,1454,45,1
hotpatch_first,vehicle-0002,ota,1357,1402,45,2
hotpatch_first,vehicle-0003,ota,1310,1355,45,3
hotpatch_first,vehicle-0004,ota,1397,1442,45,3
hotpatch_first,vehicle-0005,ota,1387,1432,45,4
hotpatch_first,vehicle-0006,ota,1380,1425,45,5
hotpatch_first,vehicle-0007,ota,1295,1340,45,6
hotpatch_first,vehicle-0008,ota,1274,1319,45,7
hotpatch_first,vehicle-0009,ota,1313,1358,45,8
hotpatch_first,vehicle-0010,ota,1286,1331,45,9
hotpatch_first,vehicle-0011,ota,1383,1428,45,6
hotpatch_first,vehicle-0012,ota,1309,1354,45,10
hotpatch_first,vehicle-0013,ota,1314,1359,45,11
hotpatch_first,vehicle-0014,ota,1294,1339,45,12
hotpatch_first,vehicle-0015,ota,1384,1429,45,7
hotpatch_first,vehicle-0016,ota,1379,1424,45,8
hotpatch_first,vehicle-0017,ota,1340,1385,45,9
hotpatch_first,vehicle-0018,ota,1400,1445,45,9
hotpatch_first,vehicle-0019,ota,1277,1322,45,13
hotpatch_first,vehicle-0020,ota,1287,1332,45,14
hotpatch_first,vehicle-0021,ota,1356,1401,45,10
hotpatch_first,vehicle-0022,ota,1403,1448,45,2
hotpatch_first,vehicle-0023,ota,1314,1359,45,15
hotpatch_first,vehicle-0024,ota,1275,1320,45,16
hotpatch_first,vehicle-0025,ota,1352,1397,45,12
hotpatch_first,vehicle-0026,ota,1356,1401,45,13
hotpatch_first,vehicle-0027,ota,1300,1345,45,17
hotpatch_first,vehicle-0028,ota,1386,1431,45,11
hotpatch_first,vehicle-0029,ota,1273,1318,45,18
hotpatch_first,vehicle-0030,ota,1282,1327,45,19
hotpatch_first,vehicle-0031,ota,1318,1363,45,18
hotpatch_first,vehicle-0032,ota,1320,1365,45,16
hotpatch_first,vehicle-0033,ota,1383,1428,45,14
hotpatch_first,vehicle-0034,ota,2725,2770,45,0
hotpatch_first,vehicle-0035,ota,2801,2846,45,0
hotpatch_first,vehicle-0036,ota,1327,1372,45,19
hotpatch_first,vehicle-0037,ota,1345,1390,45,17
hotpatch_first,vehicle-0038,ota,2812,2857,45,1
hotpatch_first,vehicle-0039,ota,1407,1452,45,10
hotpatch_first,vehicle-0040,ota,2777,2822,45,2
hotpatch_first,vehicle-0041,ota,1359,1404,45,15
hotpatch_first,vehicle-0042,ota,2788,2833,45,3
hotpatch_first,vehicle-0043,ota,1367,1412,45,16
hotpatch_first,vehicle-0044,ota,1377,1422,45,18
hotpatch_first,vehicle-0045,ota,2775,2820,45,4
hotpatch_first,vehicle-0046,ota,2848,2893,45,0
hotpatch_first,vehicle-0047,ota,2704,2749,45,5
hotpatch_first,vehicle-0048,ota,1385,1430,45,19
hotpatch_first,vehicle-0049,ota,2733,2778,45,6
hotpatch_first,vehicle-0050,ota,1390,1435,45,17
hotpatch_first,vehicle-0051,ota,2848,2893,45,2
hotpatch_first,vehicle-0052,ota,2704,2749,45,7
hotpatch_first,vehicle-0053,ota,2732,2777,45,8
hotpatch_first,vehicle-0054,ota,1397,1442,45,12
hotpatch_first,vehicle-0055,ota,2704,2749,45,9
hotpatch_first,vehicle-0056,ota,2751,2796,45,5
hotpatch_first,vehicle-0057,ota,2780,2825,45,6
hotpatch_first,vehicle-0058,ota,1401,1446,45,13
hotpatch_first,vehicle-0059,ota,1404,1449,45,15
hotpatch_first,vehicle-0060,ota,1412,1457,45,16
hotpatch_first,vehicle-0061,ota,2845,2890,45,3
hotpatch_first,vehicle-0062,ota,1422,1467,45,18
hotpatch_first,vehicle-0063,ota,2724,2769,45,10
hotpatch_first,vehicle-0064,ota,2740,2785,45,11
hotpatch_first,vehicle-0065,ota,2780,2825,45,7
hotpatch_first,vehicle-0066,ota,1428,1473,45,14
hotpatch_first,vehicle-0067,ota,2799,2844,45,5
hotpatch_first,vehicle-0068,ota,1430,1475,45,19
hotpatch_first,vehicle-0069,ota,1435,1480,45,17
hotpatch_first,vehicle-0070,ota,2824,2869,45,4
hotpatch_first,vehicle-0071,ota,2785,2830,45,8
hotpatch_first,vehicle-0072,ota,2753,2798,45,9
hotpatch_first,vehicle-0073,ota,2708,2753,45,12
hotpatch_first,vehicle-0074,ota,2814,2859,45,9
hotpatch_first,vehicle-0075,ota,2736,2781,45,13
hotpatch_first,vehicle-0076,ota,2840,2885,45,6
hotpatch_first,vehicle-0077,ota,2720,2765,45,14
hotpatch_first,vehicle-0078,ota,2797,2842,45,10
hotpatch_first,vehicle-0079,ota,2769,2814,45,12
hotpatch_first,vehicle-0080,ota,2809,2854,45,11
hotpatch_first,vehicle-0081,ota,2812,2857,45,13
hotpatch_first,vehicle-0082,ota,2811,2856,45,14
hotpatch_first,vehicle-0083,ota,1449,1494,45,15
hotpatch_first,vehicle-0084,ota,2781,2826,45,15
hotpatch_first,vehicle-0085,ota,2704,2749,45,16
hotpatch_first,vehicle-0086,ota,2720,2765,45,17
hotpatch_first,vehicle-0087,ota,2772,2817,45,16
hotpatch_first,vehicle-0088,ota,2835,2880,45,7
hotpatch_first,vehicle-0089,ota,2730,2775,45,18
hotpatch_first,vehicle-0090,ota,2700,2745,45,19
hotpatch_first,vehicle-0091,ota,2830,2875,45,8
hotpatch_first,vehicle-0092,ota,2799,2844,45,17
hotpatch_first,vehicle-0093,ota,2816,2861,45,12
hotpatch_first,vehicle-0094,ota,2778,2823,45,18
hotpatch_first,vehicle-0095,ota,2788,2833,45,19
hotpatch_first,vehicle-0096,ota,2817,2862,45,16
hotpatch_first,vehicle-0097,ota,2823,2868,45,18
hotpatch_first,vehicle-0098,ota,4270,4315,45,0
hotpatch_first,vehicle-0099,ota,4160,4205,45,1
hotpatch_first,vehicle-0100,ota,2826,2871,45,15
hotpatch_first,vehicle-0101,ota,4206,4251,45,1
hotpatch_first,vehicle-0102,ota,2836,2881,45,19
hotpatch_first,vehicle-0103,ota,4179,4224,45,2
hotpatch_first,vehicle-0104,ota,4168,4213,45,3
hotpatch_first,vehicle-0105,ota,4238,4283,45,2
hotpatch_first,vehicle-0106,ota,2842,2887,45,10
hotpatch_first,vehicle-0107,ota,4159,4204,45,4
hotpatch_first,vehicle-0108,ota,4261,4306,45,1
hotpatch_first,vehicle-0109,ota,4283,4328,45,2
hotpatch_first,vehicle-0110,ota,4278,4323,45,3
hotpatch_first,vehicle-0111,ota,4265,4310,45,4
hotpatch_first,vehicle-0112,ota,4198,4243,45,5
hotpatch_first,vehicle-0113,ota,4231,4276,45,6
hotpatch_first,vehicle-0114,ota,4216,4261,45,7
hotpatch_first,vehicle-0115,ota,2844,2889,45,17
hotpatch_first,vehicle-0116,ota,2854,2899,45,11
hotpatch_first,vehicle-0117,ota,4162,4207,45,8
hotpatch_first,vehicle-0118,ota,4261,4306,45,5
hotpatch_first,vehicle-0119,ota,4216,4261,45,8
hotpatch_first,vehicle-0120,ota,4185,4230,45,9
hotpatch_first,vehicle-0121,ota,2856,2901,45,14
hotpatch_first,vehicle-0122,ota,4242,4287,45,9
hotpatch_first,vehicle-0123,ota,4251,4296,45,10
hotpatch_first,vehicle-0124,ota,4211,4256,45,11
hotpatch_first,vehicle-0125,ota,2857,2902,45,13
hotpatch_first,vehicle-0126,ota,2861,2906,45,12
hotpatch_first,vehicle-0127,ota,4214,4259,45,12
hotpatch_first,vehicle-0128,ota,4271,4316,45,7
hotpatch_first,vehicle-0129,ota,4257,4302,45,11
hotpatch_first,vehicle-0130,ota,4192,4237,45,13
hotpatch_first,vehicle-0131,ota,2862,2907,45,16
hotpatch_first,vehicle-0132,ota,4280,4325,45,6
hotpatch_first,vehicle-0133,ota,4177,4222,45,14
hotpatch_first,vehicle-0134,ota,4244,4289,45,13
hotpatch_first,vehicle-0135,ota,4270,4315,45,8
hotpatch_first,vehicle-0136,ota,4288,4333,45,9
hotpatch_first,vehicle-0137,ota,4149,4194,45,15
hotpatch_first,vehicle-0138,ota,2868,2913,45,18
hotpatch_first,vehicle-0139,ota,4185,4230,45,16
hotpatch_first,vehicle-0140,ota,2881,2926,45,19
hotpatch_first,vehicle-0141,ota,4159,4204,45,17
hotpatch_first,vehicle-0142,ota,4263,4308,45,12
hotpatch_first,vehicle-0143,ota,4268,4313,45,14
hotpatch_first,vehicle-0144,ota,4289,4334,45,13
hotpatch_first,vehicle-0145,ota,4174,4219,45,18
hotpatch_first,vehicle-0146,ota,4156,4201,45,19
hotpatch_first,vehicle-0147,ota,4194,4239,45,15
hotpatch_first,vehicle-0148,ota,4210,4255,45,17
hotpatch_first,vehicle-0149,ota,4201,4246,45,19
hotpatch_first,vehicle-0150,ota,4219,4264,45,18
hotpatch_first,vehicle-0151,ota,4272,4317,45,15
hotpatch_first,vehicle-0152,ota,4230,4275,45,16
hotpatch_first,vehicle-0153,ota,4246,4291,45,19
hotpatch_first,vehicle-0154,ota,5655,5700,45,0
hotpatch_first,vehicle-0155,ota,4257,4302,45,17
hotpatch_first,vehicle-0156,ota,5620,5665,45,1
hotpatch_first,vehicle-0157,ota,4264,4309,45,18
hotpatch_first,vehicle-0158,ota,5583,5628,45,2
hotpatch_first,vehicle-0159,ota,4290,4335,45,16
hotpatch_first,vehicle-0160,ota,4291,4336,45,19
hotpatch_first,vehicle-0161,ota,4296,4341,45,10
hotpatch_first,vehicle-0162,ota,5605,5650,45,3
hotpatch_first,vehicle-0163,ota,5596,5641,45,4
hotpatch_first,vehicle-0164,ota,5646,5691,45,2
hotpatch_first,vehicle-0165,ota,4302,4347,45,11
hotpatch_first,vehicle-0166,ota,5656,5701,45,3
hotpatch_first,vehicle-0167,ota,5608,5653,45,5
hotpatch_first,vehicle-0168,ota,5610,5655,45,6
hotpatch_first,vehicle-0169,ota,5728,5773,45,0
hotpatch_first,vehicle-0170,ota,5683,5728,45,1
hotpatch_first,vehicle-0171,ota,5678,5723,45,4
hotpatch_first,vehicle-0172,ota,4302,4347,45,17
hotpatch_first,vehicle-0173,ota,5703,5748,45,2
hotpatch_first,vehicle-0174,ota,5581,5626,45,7
hotpatch_first,vehicle-0175,ota,5598,5643,45,8
hotpatch_first,vehicle-0176,ota,5701,5746,45,3
hotpatch_first,vehicle-0177,ota,5624,5669,45,9
hotpatch_first,vehicle-0178,ota,5719,5764,45,5
hotpatch_first,vehicle-0179,ota,4308,4353,45,12
hotpatch_first,vehicle-0180,ota,4309,4354,45,18
hotpatch_first,vehicle-0181,ota,5637,5682,45,7
hotpatch_first,vehicle-0182,ota,5631,5676,45,10
hotpatch_first,vehicle-0183,ota,4313,4358,45,14
hotpatch_first,vehicle-0184,ota,5663,5708,45,6
hotpatch_first,vehicle-0185,ota,4317,4362,45,15
hotpatch_first,vehicle-0186,ota,5624,5669,45,11
hotpatch_first,vehicle-0187,ota,5725,5770,45,4
hotpatch_first,vehicle-0188,ota,5664,5709,45,8
hotpatch_first,vehicle-0189,ota,5596,5641,45,12
hotpatch_first,vehicle-0190,ota,5709,5754,45,6
hotpatch_first,vehicle-0191,ota,5710,5755,45,7
hotpatch_first,vehicle-0192,ota,5621,5666,45,13
hotpatch_first,vehicle-0193,ota,5709,5754,45,8
hotpatch_first,vehicle-0194,ota,4335,4380,45,16
hotpatch_first,vehicle-0195,ota,5626,5671,45,14
hotpatch_first,vehicle-0196,ota,5664,5709,45,12
hotpatch_first,vehicle-0197,ota,5593,5638,45,15
hotpatch_first,vehicle-0198,ota,5601,5646,45,16
hotpatch_first,vehicle-0199,ota,5596,5641,45,17
hotpatch_first,vehicle-0200,ota,4336,4381,45,19
hotpatch_first,vehicle-0201,ota,5728,5773,45,1
hotpatch_first,vehicle-0202,ota,5602,5647,45,18
hotpatch_first,vehicle-0203,ota,5665,5710,45,15
hotpatch_first,vehicle-0204,ota,5656,5701,45,16
hotpatch_first,vehicle-0205,ota,5592,5637,45,19
hotpatch_first,vehicle-0206,ota,5687,5732,45,9
hotpatch_first,vehicle-0207,ota,5637,5682,45,19
hotpatch_first,vehicle-0208,ota,5714,5759,45,10
hotpatch_first,vehicle-0209,ota,5654,5699,45,17
hotpatch_first,vehicle-0210,ota,5714,5759,45,11
hotpatch_first,vehicle-0211,ota,7085,7130,45,0
hotpatch_first,vehicle-0212,ota,5647,5692,45,18
hotpatch_first,vehicle-0213,ota,5666,5711,45,13
hotpatch_first,vehicle-0214,ota,7102,7147,45,1
hotpatch_first,vehicle-0215,ota,5671,5716,45,14
hotpatch_first,vehicle-0216,ota,5723,5768,45,12
hotpatch_first,vehicle-0217,ota,7147,7192,45,0
hotpatch_first,vehicle-0218,ota,5682,5727,45,19
hotpatch_first,vehicle-0219,ota,7051,7096,45,2
hotpatch_first,vehicle-0220,ota,7112,7157,45,2
hotpatch_first,vehicle-0221,ota,5692,5737,45,18
hotpatch_first,vehicle-0222,ota,5699,5744,45,17
hotpatch_first,vehicle-0223,ota,7154,7199,45,1
hotpatch_first,vehicle-0224,ota,7103,7148,45,3
hotpatch_first,vehicle-0225,ota,7161,7206,45,2
hotpatch_first,vehicle-0226,ota,7095,7140,45,4
hotpatch_first,vehicle-0227,ota,7146,7191,45,4
hotpatch_first,vehicle-0228,ota,5701,5746,45,16
hotpatch_first,vehicle-0229,ota,5710,5755,45,15
hotpatch_first,vehicle-0230,ota,5714,5759,45,13
hotpatch_first,vehicle-0231,ota,5716,5761,45,14
hotpatch_first,vehicle-0232,ota,5727,5772,45,19
hotpatch_first,vehicle-0233,ota,7123,7168,45,5
hotpatch_first,vehicle-0234,ota,7068,7113,45,6
hotpatch_first,vehicle-0235,ota,7074,7119,45,7
hotpatch_first,vehicle-0236,ota,7069,7114,45,8
hotpatch_first,vehicle-0237,ota,5732,5777,45,9
hotpatch_first,vehicle-0238,ota,7059,7104,45,9
hotpatch_first,vehicle-0239,ota,5737,5782,45,18
hotpatch_first,vehicle-0240,ota,5744,5789,45,17
hotpatch_first,vehicle-0241,ota,5746,5791,45,16
hotpatch_first,vehicle-0242,ota,7091,7136,45,10
hotpatch_first,vehicle-0243,ota,5755,5800,45,15
hotpatch_first,vehicle-0244,ota,7159,7204,45,3
hotpatch_first,vehicle-0245,ota,7022,7067,45,11
hotpatch_first,vehicle-0246,ota,7033,7078,45,12
hotpatch_first,vehicle-0247,ota,7135,7180,45,6
hotpatch_first,vehicle-0248,ota,7050,7095,45,13
hotpatch_first,vehicle-0249,ota,7093,7138,45,11
hotpatch_first,vehicle-0250,ota,7083,7128,45,12
hotpatch_first,vehicle-0251,ota,7122,7167,45,7
hotpatch_first,vehicle-0252,ota,7131,7176,45,8
hotpatch_first,vehicle-0253,ota,7116,7161,45,9
hotpatch_first,vehicle-0254,ota,7076,7121,45,14
hotpatch_first,vehicle-0255,ota,7090,7135,45,15
hotpatch_first,vehicle-0256,ota,7109,7154,45,13
hotpatch_first,vehicle-0257,ota,7158,7203,45,10
hotpatch_first,vehicle-0258,ota,7029,7074,45,16
hotpatch_first,vehicle-0259,ota,7087,7132,45,16
hotpatch_first,vehicle-0260,ota,7106,7151,45,17
hotpatch_first,vehicle-0261,ota,7075,7120,45,18
hotpatch_first,vehicle-0262,ota,7118,7163,45,19
hotpatch_first,vehicle-0263,ota,7120,7165,45,18
hotpatch_first,vehicle-0264,ota,7150,7195,45,11
hotpatch_first,vehicle-0265,ota,7139,7184,45,12
hotpatch_first,vehicle-0266,ota,8530,8575,45,0
hotpatch_first,vehicle-0267,ota,7133,7178,45,14
hotpatch_first,vehicle-0268,ota,7132,7177,45,16
hotpatch_first,vehicle-0269,ota,7135,7180,45,15
hotpatch_first,vehicle-0270,ota,8607,8652,45,0
hotpatch_first,vehicle-0271,ota,8516,8561,45,1
hotpatch_first,vehicle-0272,ota,8559,8604,45,2
hotpatch_first,vehicle-0273,ota,8499,8544,45,3
hotpatch_first,vehicle-0274,ota,7151,7196,45,17
hotpatch_first,vehicle-0275,ota,7154,7199,45,13
hotpatch_first,vehicle-0276,ota,7165,7210,45,9
hotpatch_first,vehicle-0277,ota,8489,8534,45,4
hotpatch_first,vehicle-0278,ota,8599,8644,45,1
hotpatch_first,vehicle-0279,ota,7163,7208,45,19
hotpatch_first,vehicle-0280,ota,8479,8524,45,5
hotpatch_first,vehicle-0281,ota,8605,8650,45,2
hotpatch_first,vehicle-0282,ota,7165,7210,45,18
hotpatch_first,vehicle-0283,ota,7167,7212,45,7
hotpatch_first,vehicle-0284,ota,7176,7221,45,8
hotpatch_first,vehicle-0285,ota,7177,7222,45,16
hotpatch_first,vehicle-0286,ota,8477,8522,45,6
hotpatch_first,vehicle-0287,ota,8502,8547,45,7
hotpatch_first,vehicle-0288,ota,8472,8517,45,8
hotpatch_first,vehicle-0289,ota,8547,8592,45,3
hotpatch_first,vehicle-0290,ota,7178,7223,45,14
hotpatch_first,vehicle-0291,ota,8601,8646,45,3
hotpatch_first,vehicle-0292,ota,7180,7225,45,15
hotpatch_first,vehicle-0293,ota,7184,7229,45,12
hotpatch_first,vehicle-0294,ota,8591,8636,45,4
hotpatch_first,vehicle-0295,ota,8523,8568,45,6
hotpatch_first,vehicle-0296,ota,8554,8599,45,5
hotpatch_first,vehicle-0297,ota,8552,8597,45,7
hotpatch_first,vehicle-0298,ota,7195,7240,45,11
hotpatch_first,vehicle-0299,ota,8560,8605,45,8
hotpatch_first,vehicle-0300,ota,8489,8534,45,9
hotpatch_first,vehicle-0301,ota,8562,8607,45,9
hotpatch_first,vehicle-0302,ota,7196,7241,45,17
hotpatch_first,vehicle-0303,ota,7199,7244,45,13
hotpatch_first,vehicle-0304,ota,8461,8506,45,10
hotpatch_first,vehicle-0305,ota,8534,8579,45,10
hotpatch_first,vehicle-0306,ota,8502,8547,45,11
hotpatch_first,vehicle-0307,ota,8483,8528,45,12
hotpatch_first,vehicle-0308,ota,8510,8555,45,13
hotpatch_first,vehicle-0309,ota,8496,8541,45,14
hotpatch_first,vehicle-0310,ota,8607,8652,45,5
hotpatch_first,vehicle-0311,ota,8577,8622,45,6
hotpatch_first,vehicle-0312,ota,8465,8510,45,15
hotpatch_first,vehicle-0313,ota,8465,8510,45,16
hotpatch_first,vehicle-0314,ota,7208,7253,45,19
hotpatch_first,vehicle-0315,ota,8567,8612,45,11
hotpatch_first,vehicle-0316,ota,8609,8654,45,7
hotpatch_first,vehicle-0317,ota,8462,8507,45,17
hotpatch_first,vehicle-0318,ota,8578,8623,45,12
hotpatch_first,vehicle-0319,ota,8577,8622,45,13
hotpatch_first,vehicle-0320,ota,7210,7255,45,18
hotpatch_first,vehicle-0321,ota,8605,8650,45,8
hotpatch_first,vehicle-0322,ota,8542,8587,45,14
hotpatch_first,vehicle-0323,ota,8586,8631,45,10
hotpatch_first,vehicle-0324,ota,8549,8594,45,15
hotpatch_first,vehicle-0325,ota,8463,8508,45,18
hotpatch_first,vehicle-0326,ota,8462,8507,45,19
hotpatch_first,vehicle-0327,ota,8507,8552,45,17
hotpatch_first,vehicle-0328,ota,8521,8566,45,16
hotpatch_first,vehicle-0329,ota,8528,8573,45,18
hotpatch_first,vehicle-0330,ota,8507,8552,45,19
hotpatch_first,vehicle-0331,ota,8552,8597,45,17
hotpatch_first,vehicle-0332,ota,8600,8645,45,14
hotpatch_first,vehicle-0333,ota,10014,10059,45,0
hotpatch_first,vehicle-0334,ota,8606,8651,45,15
hotpatch_first,vehicle-0335,ota,8552,8597,45,19
hotpatch_first,vehicle-0336,ota,8566,8611,45,16
hotpatch_first,vehicle-0337,ota,8610,8655,45,9
hotpatch_first,vehicle-0338,ota,8580,8625,45,18
hotpatch_first,vehicle-0339,ota,8597,8642,45,17
hotpatch_first,vehicle-0340,ota,8597,8642,45,19
hotpatch_first,vehicle-0341,ota,9937,9982,45,1
hotpatch_first,vehicle-0342,ota,8611,8656,45,16
hotpatch_first,vehicle-0343,ota,9957,10002,45,2
hotpatch_first,vehicle-0344,ota,10026,10071,45,1
hotpatch_first,vehicle-0345,ota,8612,8657,45,11
hotpatch_first,vehicle-0346,ota,10025,10070,45,2
hotpatch_first,vehicle-0347,ota,9950,9995,45,3
hotpatch_first,vehicle-0348,ota,9972,10017,45,4
hotpatch_first,vehicle-0349,ota,8622,8667,45,6
hotpatch_first,vehicle-0350,ota,9922,9967,45,5
hotpatch_first,vehicle-0351,ota,9976,10021,45,5
hotpatch_first,vehicle-0352,ota,9989,10034,45,6
hotpatch_first,vehicle-0353,ota,10016,10061,45,3
hotpatch_first,vehicle-0354,ota,9998,10043,45,7
hotpatch_first,vehicle-0355,ota,8622,8667,45,13
hotpatch_first,vehicle-0356,ota,9935,9980,45,8
hotpatch_first,vehicle-0357,ota,8623,8668,45,12
hotpatch_first,vehicle-0358,ota,10022,10067,45,4
hotpatch_first,vehicle-0359,ota,10023,10068,45,5
hotpatch_first,vehicle-0360,ota,9961,10006,45,9
hotpatch_first,vehicle-0361,ota,10026,10071,45,8
hotpatch_first,vehicle-0362,ota,9977,10022,45,10
hotpatch_first,vehicle-0363,ota,8625,8670,45,18
hotpatch_first,vehicle-0364,ota,10034,10079,45,6
hotpatch_first,vehicle-0365,ota,9924,9969,45,11
hotpatch_first,vehicle-0366,ota,9973,10018,45,11
hotpatch_first,vehicle-0367,ota,10048,10093,45,7
hotpatch_first,vehicle-0368,ota,9912,9957,45,12
hotpatch_first,vehicle-0369,ota,9936,9981,45,13
hotpatch_first,vehicle-0370,ota,9976,10021,45,12
hotpatch_first,vehicle-0371,ota,10018,10063,45,9
hotpatch_first,vehicle-0372,ota,10001,10046,45,13
hotpatch_first,vehicle-0373,ota,10042,10087,45,10
hotpatch_first,vehicle-0374,ota,9926,9971,45,14
hotpatch_first,vehicle-0375,ota,9917,9962,45,15
hotpatch_first,vehicle-0376,ota,9959,10004,45,16
hotpatch_first,vehicle-0377,ota,8642,8687,45,17
hotpatch_first,vehicle-0378,ota,8642,8687,45,19
hotpatch_first,vehicle-0379,ota,9976,10021,45,14
hotpatch_first,vehicle-0380,ota,10006,10051,45,15
hotpatch_first,vehicle-0381,ota,9916,9961,45,17
hotpatch_first,vehicle-0382,ota,9918,9963,45,18
hotpatch_first,vehicle-0383,ota,9997,10042,45,17
hotpatch_first,vehicle-0384,ota,9981,10026,45,18
hotpatch_first,vehicle-0385,ota,9981,10026,45,19
hotpatch_first,vehicle-0386,ota,11488,11533,45,0
hotpatch_first,vehicle-0387,ota,10004,10049,45,16
hotpatch_first,vehicle-0388,ota,10019,10064,45,11
hotpatch_first,vehicle-0389,ota,10021,10066,45,12
hotpatch_first,vehicle-0390,ota,10022,10067,45,14
hotpatch_first,vehicle-0391,ota,11372,11417,45,1
hotpatch_first,vehicle-0392,ota,10026,10071,45,18
hotpatch_first,vehicle-0393,ota,11392,11437,45,2
hotpatch_first,vehicle-0394,ota,10026,10071,45,19
hotpatch_first,vehicle-0395,ota,10050,10095,45,13
hotpatch_first,vehicle-0396,ota,10042,10087,45,17
hotpatch_first,vehicle-0397,ota,11403,11448,45,3
hotpatch_first,vehicle-0398,ota,11445,11490,45,1
hotpatch_first,vehicle-0399,ota,11363,11408,45,4
hotpatch_first,vehicle-0400,ota,10049,10094,45,16
hotpatch_first,vehicle-0401,ota,11465,11510,45,2
hotpatch_first,vehicle-0402,ota,11426,11471,45,4
hotpatch_first,vehicle-0403,ota,11463,11508,45,3
hotpatch_first,vehicle-0404,ota,11456,11501,45,5
hotpatch_first,vehicle-0405,ota,11345,11390,45,6
hotpatch_first,vehicle-0406,ota,11483,11528,45,4
hotpatch_first,vehicle-0407,ota,10051,10096,45,15
hotpatch_first,vehicle-0408,ota,11354,11399,45,7
hotpatch_first,vehicle-0409,ota,11359,11404,45,8
hotpatch_first,vehicle-0410,ota,11353,11398,45,9
hotpatch_first,vehicle-0411,ota,11430,11475,45,6
hotpatch_first,vehicle-0412,ota,11447,11492,45,7
hotpatch_first,vehicle-0413,ota,11428,11473,45,8
hotpatch_first,vehicle-0414,ota,10064,10109,45,11
hotpatch_first,vehicle-0415,ota,11464,11509,45,9
hotpatch_first,vehicle-0416,ota,11431,11476,45,10
hotpatch_first,vehicle-0417,ota,11466,11511,45,11
hotpatch_first,vehicle-0418,ota,11400,11445,45,12
hotpatch_first,vehicle-0419,ota,10067,10112,45,14
hotpatch_first,vehicle-0420,ota,11398,11443,45,13
hotpatch_first,vehicle-0421,ota,11341,11386,45,14
hotpatch_first,vehicle-0422,ota,11447,11492,45,12
hotpatch_first,vehicle-0423,ota,11434,11479,45,14
hotpatch_first,vehicle-0424,ota,11427,11472,45,15
hotpatch_first,vehicle-0425,ota,11456,11501,45,13
hotpatch_first,vehicle-0426,ota,11457,11502,45,16
hotpatch_first,vehicle-0427,ota,11471,11516,45,17
hotpatch_first,vehicle-0428,ota,11429,11474,45,18
hotpatch_first,vehicle-0429,ota,10071,10116,45,19
hotpatch_first,vehicle-0430,ota,11391,11436,45,19
hotpatch_first,vehicle-0431,ota,11438,11483,45,19
hotpatch_first,vehicle-0432,ota,12794,12839,45,0
hotpatch_first,vehicle-0433,ota,11472,11517,45,15
hotpatch_first,vehicle-0434,ota,11476,11521,45,6
hotpatch_first,vehicle-0435,ota,12917,12962,45,0
hotpatch_first,vehicle-0436,ota,12904,12949,45,1
hotpatch_first,vehicle-0437,ota,12875,12920,45,2
hotpatch_first,vehicle-0438,ota,11479,11524,45,8
hotpatch_first,vehicle-0439,ota,12861,12906,45,3
hotpatch_first,vehicle-0440,ota,11474,11519,45,18
hotpatch_first,vehicle-0441,ota,11476,11521,45,10
hotpatch_first,vehicle-0442,ota,11479,11524,45,14
hotpatch_first,vehicle-0443,ota,12803,12848,45,4
hotpatch_first,vehicle-0444,ota,12817,12862,45,5
hotpatch_first,vehicle-0445,ota,11483,11528,45,19
hotpatch_first,vehicle-0446,ota,11492,11537,45,7
hotpatch_first,vehicle-0447,ota,12783,12828,45,6
hotpatch_first,vehicle-0448,ota,12887,12932,45,4
hotpatch_first,vehicle-0449,ota,12817,12862,45,7
hotpatch_first,vehicle-0450,ota,11492,11537,45,12
hotpatch_first,vehicle-0451,ota,11501,11546,45,13
hotpatch_first,vehicle-0452,ota,12835,12880,45,6
hotpatch_first,vehicle-0453,ota,12830,12875,45,8
hotpatch_first,vehicle-0454,ota,11502,11547,45,16
hotpatch_first,vehicle-0455,ota,11509,11554,45,9
hotpatch_first,vehicle-0456,ota,12925,12970,45,2
hotpatch_first,vehicle-0457,ota,12914,12959,45,3
hotpatch_first,vehicle-0458,ota,11511,11556,45,11
hotpatch_first,vehicle-0459,ota,12803,12848,45,9
hotpatch_first,vehicle-0460,ota,11516,11561,45,17
hotpatch_first,vehicle-0461,ota,12811,12856,45,10
hotpatch_first,vehicle-0462,ota,12819,12864,45,11
hotpatch_first,vehicle-0463,ota,11517,11562,45,15
hotpatch_first,vehicle-0464,ota,12822,12867,45,12
hotpatch_first,vehicle-0465,ota,12838,12883,45,13
hotpatch_first,vehicle-0466,ota,12820,12865,45,14
hotpatch_first,vehicle-0467,ota,12821,12866,45,15
hotpatch_first,vehicle-0468,ota,12781,12826,45,16
hotpatch_first,vehicle-0469,ota,12873,12918,45,5
hotpatch_first,vehicle-0470,ota,12820,12865,45,17
hotpatch_first,vehicle-0471,ota,12816,12861,45,18
hotpatch_first,vehicle-0472,ota,11528,11573,45,19
hotpatch_first,vehicle-0473,ota,12843,12888,45,16
hotpatch_first,vehicle-0474,ota,12840,12885,45,19
hotpatch_first,vehicle-0475,ota,12848,12893,45,9
hotpatch_first,vehicle-0476,ota,12856,12901,45,10
hotpatch_first,vehicle-0477,ota,12918,12963,45,5
hotpatch_first,vehicle-0478,ota,12930,12975,45,6
hotpatch_first,vehicle-0479,ota,12925,12970,45,7
hotpatch_first,vehicle-0480,ota,14284,14329,45,0
hotpatch_first,vehicle-0481,ota,14295,14340,45,1
hotpatch_first,vehicle-0482,ota,12896,12941,45,8
hotpatch_first,vehicle-0483,ota,12913,12958,45,9
hotpatch_first,vehicle-0484,ota,12861,12906,45,18
hotpatch_first,vehicle-0485,ota,12870,12915,45,11
hotpatch_first,vehicle-0486,ota,12930,12975,45,10
hotpatch_first,vehicle-0487,ota,12865,12910,45,14
hotpatch_first,vehicle-0488,ota,12887,12932,45,12
hotpatch_first,vehicle-0489,ota,12874,12919,45,15
hotpatch_first,vehicle-0490,ota,12929,12974,45,11
hotpatch_first,vehicle-0491,ota,12901,12946,45,13
hotpatch_first,vehicle-0492,ota,12865,12910,45,17
hotpatch_first,vehicle-0493,ota,14309,14354,45,2
hotpatch_first,vehicle-0494,ota,12885,12930,45,19
hotpatch_first,vehicle-0495,ota,12888,12933,45,16
hotpatch_first,vehicle-0496,ota,12918,12963,45,14
hotpatch_first,vehicle-0497,ota,12906,12951,45,18
hotpatch_first,vehicle-0498,ota,12923,12968,45,15
hotpatch_first,vehicle-0499,ota,14266,14311,45,3
hotpatch_first,vehicle-0500,ota,12910,12955,45,17
hotpatch_first,vehicle-0501,ota,14261,14306,45,4
hotpatch_first,vehicle-0502,ota,14288,14333,45,5
hotpatch_first,vehicle-0503,ota,14354,14399,45,0
hotpatch_first,vehicle-0504,ota,14366,14411,45,1
hotpatch_first,vehicle-0505,ota,14253,14298,45,6
hotpatch_first,vehicle-0506,ota,12930,12975,45,19
hotpatch_first,vehicle-0507,ota,14224,14269,45,7
hotpatch_first,vehicle-0508,ota,14237,14282,45,8
hotpatch_first,vehicle-0509,ota,14266,14311,45,9
hotpatch_first,vehicle-0510,ota,12932,12977,45,12
hotpatch_first,vehicle-0511,ota,14328,14373,45,3
hotpatch_first,vehicle-0512,ota,14268,14313,45,10
hotpatch_first,vehicle-0513,ota,14267,14312,45,11
hotpatch_first,vehicle-0514,ota,12933,12978,45,16
hotpatch_first,vehicle-0515,ota,14298,14343,45,6
hotpatch_first,vehicle-0516,ota,12946,12991,45,13
hotpatch_first,vehicle-0517,ota,12951,12996,45,18
hotpatch_first,vehicle-0518,ota,12955,13000,45,17
hotpatch_first,vehicle-0519,ota,14301,14346,45,7
hotpatch_first,vehicle-0520,ota,14358,14403,45,2
hotpatch_first,vehicle-0521,ota,14339,14384,45,4
hotpatch_first,vehicle-0522,ota,12963,13008,45,14
hotpatch_first,vehicle-0523,ota,14274,14319,45,12
hotpatch_first,vehicle-0524,ota,14221,14266,45,13
hotpatch_first,vehicle-0525,ota,14273,14318,45,13
hotpatch_first,vehicle-0526,ota,14239,14284,45,14
hotpatch_first,vehicle-0527,ota,14335,14380,45,5
hotpatch_first,vehicle-0528,ota,14303,14348,45,8
hotpatch_first,vehicle-0529,ota,14312,14357,45,9
hotpatch_first,vehicle-0530,ota,14296,14341,45,14
hotpatch_first,vehicle-0531,ota,14350,14395,45,6
hotpatch_first,vehicle-0532,ota,14315,14360,45,10
hotpatch_first,vehicle-0533,ota,14280,14325,45,15
hotpatch_first,vehicle-0534,ota,14260,14305,45,16
hotpatch_first,vehicle-0535,ota,14323,14368,45,11
hotpatch_first,vehicle-0536,ota,14277,14322,45,17
hotpatch_first,vehicle-0537,ota,14252,14297,45,18
hotpatch_first,vehicle-0538,ota,14319,14364,45,12
hotpatch_first,vehicle-0539,ota,14291,14336,45,19
hotpatch_first,vehicle-0540,ota,14313,14358,45,16
hotpatch_first,vehicle-0541,ota,14305,14350,45,18
hotpatch_first,vehicle-0542,ota,14318,14363,45,13
hotpatch_first,vehicle-0543,ota,14369,14414,45,7
hotpatch_first,vehicle-0544,ota,14335,14380,45,15
hotpatch_first,vehicle-0545,ota,15750,15795,45,0
hotpatch_first,vehicle-0546,ota,15787,15832,45,1
hotpatch_first,vehicle-0547,ota,14322,14367,45,17
hotpatch_first,vehicle-0548,ota,15773,15818,45,2
hotpatch_first,vehicle-0549,ota,14336,14381,45,19
hotpatch_first,vehicle-0550,ota,15723,15768,45,3
hotpatch_first,vehicle-0551,ota,14341,14386,45,14
hotpatch_first,vehicle-0552,ota,15784,15829,45,3
hotpatch_first,vehicle-0553,ota,14359,14404,45,8
hotpatch_first,vehicle-0554,ota,14350,14395,45,18
hotpatch_first,vehicle-0555,ota,14357,14402,45,9
hotpatch_first,vehicle-0556,ota,15677,15722,45,4
hotpatch_first,vehicle-0557,ota,15697,15742,45,5
hotpatch_first,vehicle-0558,ota,15723,15768,45,4
hotpatch_first,vehicle-0559,ota,15743,15788,45,5
hotpatch_first,vehicle-0560,ota,15751,15796,45,6
hotpatch_first,vehicle-0561,ota,14358,14403,45,16
hotpatch_first,vehicle-0562,ota,15709,15754,45,7
hotpatch_first,vehicle-0563,ota,15698,15743,45,8
hotpatch_first,vehicle-0564,ota,14360,14405,45,10
hotpatch_first,vehicle-0565,ota,14363,14408,45,13
hotpatch_first,vehicle-0566,ota,15748,15793,45,8
hotpatch_first,vehicle-0567,ota,15680,15725,45,9
hotpatch_first,vehicle-0568,ota,15700,15745,45,10
hotpatch_first,vehicle-0569,ota,15758,15803,45,7
hotpatch_first,vehicle-0570,ota,15706,15751,45,11
hotpatch_first,vehicle-0571,ota,15754,15799,45,9
hotpatch_first,vehicle-0572,ota,15743,15788,45,12
hotpatch_first,vehicle-0573,ota,15705,15750,45,13
hotpatch_first,vehicle-0574,ota,14367,14412,45,17
hotpatch_first,vehicle-0575,ota,15664,15709,45,14
hotpatch_first,vehicle-0576,ota,14380,14425,45,15
hotpatch_first,vehicle-0577,ota,15685,15730,45,15
hotpatch_first,vehicle-0578,ota,15778,15823,45,4
hotpatch_first,vehicle-0579,ota,15760,15805,45,10
hotpatch_first,vehicle-0580,ota,15762,15807,45,11
hotpatch_first,vehicle-0581,ota,14381,14426,45,19
hotpatch_first,vehicle-0582,ota,15676,15721,45,16
hotpatch_first,vehicle-0583,ota,14395,14440,45,18
hotpatch_first,vehicle-0584,ota,15748,15793,45,14
hotpatch_first,vehicle-0585,ota,15723,15768,45,16
hotpatch_first,vehicle-0586,ota,15689,15734,45,17
hotpatch_first,vehicle-0587,ota,15787,15832,45,13
hotpatch_first,vehicle-0588,ota,14426,14471,45,19
hotpatch_first,vehicle-0589,ota,15755,15800,45,15
hotpatch_first,vehicle-0590,ota,15675,15720,45,18
hotpatch_first,vehicle-0591,ota,15742,15787,45,17
hotpatch_first,vehicle-0592,ota,15734,15779,45,18
hotpatch_first,vehicle-0593,ota,15794,15839,45,5
hotpatch_first,vehicle-0594,ota,15762,15807,45,19
hotpatch_first,vehicle-0595,ota,15795,15840,45,0
hotpatch_first,vehicle-0596,ota,17120,17165,45,0
hotpatch_first,vehicle-0597,ota,15774,15819,45,16
hotpatch_first,vehicle-0598,ota,17246,17291,45,0
hotpatch_first,vehicle-0599,ota,17250,17295,45,1
hotpatch_first,vehicle-0600,ota,15779,15824,45,18
hotpatch_first,vehicle-0601,ota,15787,15832,45,17
hotpatch_first,vehicle-0602,ota,15788,15833,45,12
hotpatch_first,vehicle-0603,ota,17103,17148,45,2
hotpatch_first,vehicle-0604,ota,15803,15848,45,6
hotpatch_first,vehicle-0605,ota,17204,17249,45,2
hotpatch_first,vehicle-0606,ota,17193,17238,45,3
hotpatch_first,vehicle-0607,ota,15793,15838,45,8
hotpatch_first,vehicle-0608,ota,17163,17208,45,4
hotpatch_first,vehicle-0609,ota,15793,15838,45,14
hotpatch_first,vehicle-0610,ota,15799,15844,45,9
hotpatch_first,vehicle-0611,ota,15800,15845,45,15
hotpatch_first,vehicle-0612,ota,17204,17249,45,5
hotpatch_first,vehicle-0613,ota,15803,15848,45,7
hotpatch_first,vehicle-0614,ota,15805,15850,45,10
hotpatch_first,vehicle-0615,ota,17231,17276,45,4
hotpatch_first,vehicle-0616,ota,15807,15852,45,11
hotpatch_first,vehicle-0617,ota,15807,15852,45,19
hotpatch_first,vehicle-0618,ota,17140,17185,45,6
hotpatch_first,vehicle-0619,ota,17133,17178,45,7
hotpatch_first,vehicle-0620,ota,15819,15864,45,16
hotpatch_first,vehicle-0621,ota,17226,17271,45,6
hotpatch_first,vehicle-0622,ota,17122,17167,45,8
hotpatch_first,vehicle-0623,ota,17111,17156,45,9
hotpatch_first,vehicle-0624,ota,15824,15869,45,18
hotpatch_first,vehicle-0625,ota,17152,17197,45,10
hotpatch_first,vehicle-0626,ota,17162,17207,45,9
hotpatch_first,vehicle-0627,ota,17172,17217,45,8
hotpatch_first,vehicle-0628,ota,17235,17280,45,7
hotpatch_first,vehicle-0629,ota,15832,15877,45,13
hotpatch_first,vehicle-0630,ota,17152,17197,45,11
hotpatch_first,vehicle-0631,ota,15832,15877,45,17
hotpatch_first,vehicle-0632,ota,17238,17283,45,3
hotpatch_first,vehicle-0633,ota,17237,17282,45,8
hotpatch_first,vehicle-0634,ota,17102,17147,45,12
hotpatch_first,vehicle-0635,ota,17170,17215,45,12
hotpatch_first,vehicle-0636,ota,17128,17173,45,13
hotpatch_first,vehicle-0637,ota,17210,17255,45,9
hotpatch_first,vehicle-0638,ota,17219,17264,45,10
hotpatch_first,vehicle-0639,ota,17127,17172,45,14
hotpatch_first,vehicle-0640,ota,17197,17242,45,11
hotpatch_first,vehicle-0641,ota,17223,17268,45,12
hotpatch_first,vehicle-0642,ota,17189,17234,45,13
hotpatch_first,vehicle-0643,ota,17185,17230,45,14
hotpatch_first,vehicle-0644,ota,17199,17244,45,15
hotpatch_first,vehicle-0645,ota,17224,17269,45,16
hotpatch_first,vehicle-0646,ota,17125,17170,45,17
hotpatch_first,vehicle-0647,ota,17164,17209,45,18
hotpatch_first,vehicle-0648,ota,17135,17180,45,19
hotpatch_first,vehicle-0649,ota,17224,17269,45,17
hotpatch_first,vehicle-0650,ota,17233,17278,45,14
hotpatch_first,vehicle-0651,ota,17180,17225,45,19
hotpatch_first,vehicle-0652,ota,18567,18612,45,0
hotpatch_first,vehicle-0653,ota,17223,17268,45,18
hotpatch_first,vehicle-0654,ota,18642,18687,45,0
hotpatch_first,vehicle-0655,ota,18690,18735,45,0
hotpatch_first,vehicle-0656,ota,17248,17293,45,11
hotpatch_first,vehicle-0657,ota,17242,17287,45,13
hotpatch_first,vehicle-0658,ota,18542,18587,45,1
hotpatch_first,vehicle-0659,ota,18637,18682,45,1
hotpatch_first,vehicle-0660,ota,18588,18633,45,2
hotpatch_first,vehicle-0661,ota,18649,18694,45,2
hotpatch_first,vehicle-0662,ota,18555,18600,45,3
hotpatch_first,vehicle-0663,ota,17225,17270,45,19
hotpatch_first,vehicle-0664,ota,17248,17293,45,15
hotpatch_first,vehicle-0665,ota,18652,18697,45,3
hotpatch_first,vehicle-0666,ota,17249,17294,45,5
hotpatch_first,vehicle-0667,ota,18687,18732,45,1
hotpatch_first,vehicle-0668,ota,18644,18689,45,4
hotpatch_first,vehicle-0669,ota,18658,18703,45,5
hotpatch_first,vehicle-0670,ota,18578,18623,45,6
hotpatch_first,vehicle-0671,ota,17255,17300,45,9
hotpatch_first,vehicle-0672,ota,18689,18734,45,4
hotpatch_first,vehicle-0673,ota,18558,18603,45,7
hotpatch_first,vehicle-0674,ota,18643,18688,45,6
hotpatch_first,vehicle-0675,ota,18633,18678,45,7
hotpatch_first,vehicle-0676,ota,17264,17309,45,10
hotpatch_first,vehicle-0677,ota,18687,18732,45,7
hotpatch_first,vehicle-0678,ota,18640,18685,45,8
hotpatch_first,vehicle-0679,ota,17268,17313,45,12
hotpatch_first,vehicle-0680,ota,17268,17313,45,18
hotpatch_first,vehicle-0681,ota,17269,17314,45,16
hotpatch_first,vehicle-0682,ota,18680,18725,45,9
hotpatch_first,vehicle-0683,ota,17269,17314,45,17
hotpatch_first,vehicle-0684,ota,17270,17315,45,19
hotpatch_first,vehicle-0685,ota,17278,17323,45,14
hotpatch_first,vehicle-0686,ota,18684,18729,45,10
hotpatch_first,vehicle-0687,ota,18660,18705,45,11
hotpatch_first,vehicle-0688,ota,18559,18604,45,12
hotpatch_first,vehicle-0689,ota,18596,18641,45,13
hotpatch_first,vehicle-0690,ota,18675,18720,45,12
hotpatch_first,vehicle-0691,ota,18595,18640,45,14
hotpatch_first,vehicle-0692,ota,18569,18614,45,15
hotpatch_first,vehicle-0693,ota,18675,18720,45,13
hotpatch_first,vehicle-0694,ota,18552,18597,45,16
hotpatch_first,vehicle-0695,ota,18636,18681,45,15
hotpatch_first,vehicle-0696,ota,18570,18615,45,17
hotpatch_first,vehicle-0697,ota,18621,18666,45,16
hotpatch_first,vehicle-0698,ota,18591,18636,45,18
hotpatch_first,vehicle-0699,ota,18544,18589,45,19
hotpatch_first,vehicle-0700,ota,18685,18730,45,8
hotpatch_first,vehicle-0701,ota,18648,18693,45,14
hotpatch_first,vehicle-0702,ota,18647,18692,45,17
hotpatch_first,vehicle-0703,ota,18655,18700,45,18
hotpatch_first,vehicle-0704,ota,18618,18663,45,19
hotpatch_first,vehicle-0705,ota,20088,20133,45,0
hotpatch_first,vehicle-0706,ota,20021,20066,45,1
hotpatch_first,vehicle-0707,ota,18681,18726,45,15
hotpatch_first,vehicle-0708,ota,20085,20130,45,1
hotpatch_first,vehicle-0709,ota,18663,18708,45,19
hotpatch_first,vehicle-0710,ota,20112,20157,45,2
hotpatch_first,vehicle-0711,ota,20017,20062,45,3
hotpatch_first,vehicle-0712,ota,18666,18711,45,16
hotpatch_first,vehicle-0713,ota,18688,18733,45,6
hotpatch_first,vehicle-0714,ota,18692,18737,45,17
hotpatch_first,vehicle-0715,ota,20095,20140,45,3
hotpatch_first,vehicle-0716,ota,18693,18738,45,14
hotpatch_first,vehicle-0717,ota,19983,20028,45,4
hotpatch_first,vehicle-0718,ota,20014,20059,45,5
hotpatch_first,vehicle-0719,ota,18700,18745,45,18
hotpatch_first,vehicle-0720,ota,18705,18750,45,11
hotpatch_first,vehicle-0721,ota,20100,20145,45,4
hotpatch_first,vehicle-0722,ota,19998,20043,45,6
hotpatch_first,vehicle-0723,ota,20051,20096,45,6
hotpatch_first,vehicle-0724,ota,20023,20068,45,7
hotpatch_first,vehicle-0725,ota,20068,20113,45,5
hotpatch_first,vehicle-0726,ota,20021,20066,45,8
hotpatch_first,vehicle-0727,ota,20127,20172,45,5
hotpatch_first,vehicle-0728,ota,20049,20094,45,9
hotpatch_first,vehicle-0729,ota,20060,20105,45,10
hotpatch_first,vehicle-0730,ota,18708,18753,45,19
hotpatch_first,vehicle-0731,ota,20102,20147,45,6
hotpatch_first,vehicle-0732,ota,20003,20048,45,11
hotpatch_first,vehicle-0733,ota,20002,20047,45,12
hotpatch_first,vehicle-0734,ota,19990,20035,45,13
hotpatch_first,vehicle-0735,ota,20076,20121,45,7
hotpatch_first,vehicle-0736,ota,18711,18756,45,16
hotpatch_first,vehicle-0737,ota,19980,20025,45,14
hotpatch_first,vehicle-0738,ota,20010,20055,45,15
hotpatch_first,vehicle-0739,ota,20042,20087,45,13
hotpatch_first,vehicle-0740,ota,20119,20164,45,8
hotpatch_first,vehicle-0741,ota,19982,20027,45,16
hotpatch_first,vehicle-0742,ota,20105,20150,45,9
hotpatch_first,vehicle-0743,ota,20130,20175,45,1
hotpatch_first,vehicle-0744,ota,20026,20071,45,14
hotpatch_first,vehicle-0745,ota,20035,20080,45,16
hotpatch_first,vehicle-0746,ota,18737,18782,45,17
hotpatch_first,vehicle-0747,ota,20055,20100,45,11
hotpatch_first,vehicle-0748,ota,20001,20046,45,17
hotpatch_first,vehicle-0749,ota,20063,20108,45,12
hotpatch_first,vehicle-0750,ota,20089,20134,45,13
hotpatch_first,vehicle-0751,ota,20041,20086,45,18
hotpatch_first,vehicle-0752,ota,20060,20105,45,15
hotpatch_first,vehicle-0753,ota,20044,20089,45,19
hotpatch_first,vehicle-0754,ota,20046,20091,45,17
hotpatch_first,vehicle-0755,ota,20071,20116,45,14
hotpatch_first,vehicle-0756,ota,20080,20125,45,16
hotpatch_first,vehicle-0757,ota,20116,20161,45,10
hotpatch_first,vehicle-0758,ota,20118,20163,45,11
hotpatch_first,vehicle-0759,ota,20086,20131,45,18
hotpatch_first,vehicle-0760,ota,21427,21472,45,0
hotpatch_first,vehicle-0761,ota,21553,21598,45,0
hotpatch_first,vehicle-0762,ota,21517,21562,45,1
hotpatch_first,vehicle-0763,ota,21513,21558,45,2
hotpatch_first,vehicle-0764,ota,20116,20161,45,12
hotpatch_first,vehicle-0765,ota,20089,20134,45,19
hotpatch_first,vehicle-0766,ota,20111,20156,45,15
hotpatch_first,vehicle-0767,ota,21463,21508,45,3
hotpatch_first,vehicle-0768,ota,21525,21570,45,3
hotpatch_first,vehicle-0769,ota,20095,20140,45,17
hotpatch_first,vehicle-0770,ota,21466,21511,45,4
hotpatch_first,vehicle-0771,ota,21441,21486,45,5
hotpatch_first,vehicle-0772,ota,21474,21519,45,6
hotpatch_first,vehicle-0773,ota,20129,20174,45,7
hotpatch_first,vehicle-0774,ota,21557,21602,45,4
hotpatch_first,vehicle-0775,ota,20116,20161,45,14
hotpatch_first,vehicle-0776,ota,21534,21579,45,5
hotpatch_first,vehicle-0777,ota,21545,21590,45,6
hotpatch_first,vehicle-0778,ota,21567,21612,45,1
hotpatch_first,vehicle-0779,ota,21445,21490,45,7
hotpatch_first,vehicle-0780,ota,21466,21511,45,8
hotpatch_first,vehicle-0781,ota,21529,21574,45,7
hotpatch_first,vehicle-0782,ota,21523,21568,45,8
hotpatch_first,vehicle-0783,ota,20125,20170,45,16
hotpatch_first,vehicle-0784,ota,21500,21545,45,9
hotpatch_first,vehicle-0785,ota,21519,21564,45,10
hotpatch_first,vehicle-0786,ota,20131,20176,45,18
hotpatch_first,vehicle-0787,ota,21521,21566,45,11
hotpatch_first,vehicle-0788,ota,20134,20179,45,13
hotpatch_first,vehicle-0789,ota,21514,21559,45,12
hotpatch_first,vehicle-0790,ota,21431,21476,45,13
hotpatch_first,vehicle-0791,ota,21544,21589,45,13
hotpatch_first,vehicle-0792,ota,20134,20179,45,19
hotpatch_first,vehicle-0793,ota,21450,21495,45,14
hotpatch_first,vehicle-0794,ota,21516,21561,45,14
hotpatch_first,vehicle-0795,ota,21460,21505,45,15
hotpatch_first,vehicle-0796,ota,21547,21592,45,9
hotpatch_first,vehicle-0797,ota,20140,20185,45,17
hotpatch_first,vehicle-0798,ota,21477,21522,45,16
hotpatch_first,vehicle-0799,ota,21474,21519,45,17
hotpatch_first,vehicle-0800,ota,21432,21477,45,18
hotpatch_first,vehicle-0801,ota,21570,21615,45,2
hotpatch_first,vehicle-0802,ota,21530,21575,45,15
hotpatch_first,vehicle-0803,ota,21510,21555,45,18
hotpatch_first,vehicle-0804,ota,20179,20224,45,19
hotpatch_first,vehicle-0805,ota,21464,21509,45,19
hotpatch_first,vehicle-0806,ota,21509,21554,45,19
hotpatch_first,vehicle-0807,ota,22928,22973,45,0
hotpatch_first,vehicle-0808,ota,22883,22928,45,1
hotpatch_first,vehicle-0809,ota,21532,21577,45,16
hotpatch_first,vehicle-0810,ota,21519,21564,45,17
hotpatch_first,vehicle-0811,ota,21554,21599,45,19
hotpatch_first,vehicle-0812,ota,22883,22928,45,2
hotpatch_first,vehicle-0813,ota,21555,21600,45,18
hotpatch_first,vehicle-0814,ota,21559,21604,45,12
hotpatch_first,vehicle-0815,ota,22890,22935,45,3
hotpatch_first,vehicle-0816,ota,21561,21606,45,14
hotpatch_first,vehicle-0817,ota,21564,21609,45,10
hotpatch_first,vehicle-0818,ota,22911,22956,45,4
hotpatch_first,vehicle-0819,ota,21564,21609,45,17
hotpatch_first,vehicle-0820,ota,21566,21611,45,11
hotpatch_first,vehicle-0821,ota,22941,22986,45,1
hotpatch_first,vehicle-0822,ota,22936,22981,45,2
hotpatch_first,vehicle-0823,ota,23003,23048,45,0
hotpatch_first,vehicle-0824,ota,22860,22905,45,5
hotpatch_first,vehicle-0825,ota,22891,22936,45,6
hotpatch_first,vehicle-0826,ota,22985,23030,45,2
hotpatch_first,vehicle-0827,ota,22965,23010,45,3
hotpatch_first,vehicle-0828,ota,22894,22939,45,7
hotpatch_first,vehicle-0829,ota,22951,22996,45,5
hotpatch_first,vehicle-0830,ota,21568,21613,45,8
hotpatch_first,vehicle-0831,ota,21575,21620,45,15
hotpatch_first,vehicle-0832,ota,21577,21622,45,16
hotpatch_first,vehicle-0833,ota,22981,23026,45,4
hotpatch_first,vehicle-0834,ota,22981,23026,45,6
hotpatch_first,vehicle-0835,ota,23009,23054,45,1
hotpatch_first,vehicle-0836,ota,21589,21634,45,13
hotpatch_first,vehicle-0837,ota,23000,23045,45,5
hotpatch_first,vehicle-0838,ota,21592,21637,45,9
hotpatch_first,vehicle-0839,ota,21599,21644,45,19
hotpatch_first,vehicle-0840,ota,22892,22937,45,8
hotpatch_first,vehicle-0841,ota,22888,22933,45,9
hotpatch_first,vehicle-0842,ota,21600,21645,45,18
hotpatch_first,vehicle-0843,ota,22993,23038,45,7
hotpatch_first,vehicle-0844,ota,22895,22940,45,10
hotpatch_first,vehicle-0845,ota,22952,22997,45,8
hotpatch_first,vehicle-0846,ota,21604,21649,45,12
hotpatch_first,vehicle-0847,ota,22861,22906,45,11
hotpatch_first,vehicle-0848,ota,22912,22957,45,11
hotpatch_first,vehicle-0849,ota,22980,23025,45,9
hotpatch_first,vehicle-0850,ota,22885,22930,45,12
hotpatch_first,vehicle-0851,ota,22977,23022,45,10
hotpatch_first,vehicle-0852,ota,22922,22967,45,13
hotpatch_first,vehicle-0853,ota,22866,22911,45,14
hotpatch_first,vehicle-0854,ota,21609,21654,45,17
hotpatch_first,vehicle-0855,ota,22887,22932,45,15
hotpatch_first,vehicle-0856,ota,22995,23040,45,11
hotpatch_first,vehicle-0857,ota,22883,22928,45,16
hotpatch_first,vehicle-0858,ota,22938,22983,45,12
hotpatch_first,vehicle-0859,ota,22906,22951,45,17
hotpatch_first,vehicle-0860,ota,22969,23014,45,13
hotpatch_first,vehicle-0861,ota,22899,22944,45,18
hotpatch_first,vehicle-0862,ota,22891,22936,45,19
hotpatch_first,vehicle-0863,ota,22975,23020,45,14
hotpatch_first,vehicle-0864,ota,22928,22973,45,16
hotpatch_first,vehicle-0865,ota,22932,22977,45,15
hotpatch_first,vehicle-0866,ota,22943,22988,45,19
hotpatch_first,vehicle-0867,ota,24311,24356,45,0
hotpatch_first,vehicle-0868,ota,24368,24413,45,0
hotpatch_first,vehicle-0869,ota,22944,22989,45,18
hotpatch_first,vehicle-0870,ota,23008,23053,45,8
hotpatch_first,vehicle-0871,ota,22951,22996,45,17
hotpatch_first,vehicle-0872,ota,22973,23018,45,16
hotpatch_first,vehicle-0873,ota,24328,24373,45,1
hotpatch_first,vehicle-0874,ota,24406,24451,45,1
hotpatch_first,vehicle-0875,ota,24305,24350,45,2
hotpatch_first,vehicle-0876,ota,22999,23044,45,12
hotpatch_first,vehicle-0877,ota,22977,23022,45,15
hotpatch_first,vehicle-0878,ota,22988,23033,45,19
hotpatch_first,vehicle-0879,ota,24328,24373,45,3
hotpatch_first,vehicle-0880,ota,24401,24446,45,2
hotpatch_first,vehicle-0881,ota,24351,24396,45,4
hotpatch_first,vehicle-0882,ota,24412,24457,45,3
hotpatch_first,vehicle-0883,ota,22994,23039,45,18
hotpatch_first,vehicle-0884,ota,24373,24418,45,5
hotpatch_first,vehicle-0885,ota,22996,23041,45,17
hotpatch_first,vehicle-0886,ota,24448,24493,45,0
hotpatch_first,vehicle-0887,ota,24401,24446,45,4
hotpatch_first,vehicle-0888,ota,23014,23059,45,13
hotpatch_first,vehicle-0889,ota,24410,24455,45,6
hotpatch_first,vehicle-0890,ota,24334,24379,45,7
hotpatch_first,vehicle-0891,ota,24338,24383,45,8
hotpatch_first,vehicle-0892,ota,24443,24488,45,5
hotpatch_first,vehicle-0893,ota,23018,23063,45,16
hotpatch_first,vehicle-0894,ota,24379,24424,45,7
hotpatch_first,vehicle-0895,ota,24425,24470,45,7
hotpatch_first,vehicle-0896,ota,24410,24455,45,8
hotpatch_first,vehicle-0897,ota,24414,24459,45,9
hotpatch_first,vehicle-0898,ota,23020,23065,45,14
hotpatch_first,vehicle-0899,ota,24364,24409,45,10
hotpatch_first,vehicle-0900,ota,24340,24385,45,11
hotpatch_first,vehicle-0901,ota,24311,24356,45,12
hotpatch_first,vehicle-0902,ota,24309,24354,45,13
hotpatch_first,vehicle-0903,ota,23022,23067,45,15
hotpatch_first,vehicle-0904,ota,24372,24417,45,12
hotpatch_first,vehicle-0905,ota,24422,24467,45,10
hotpatch_first,vehicle-0906,ota,23033,23078,45,19
hotpatch_first,vehicle-0907,ota,24447,24492,45,2
hotpatch_first,vehicle-0908,ota,24306,24351,45,14
hotpatch_first,vehicle-0909,ota,24447,24492,45,4
hotpatch_first,vehicle-0910,ota,24408,24453,45,11
hotpatch_first,vehicle-0911,ota,24447,24492,45,12
hotpatch_first,vehicle-0912,ota,24426,24471,45,13
hotpatch_first,vehicle-0913,ota,24349,24394,45,15
hotpatch_first,vehicle-0914,ota,24391,24436,45,14
hotpatch_first,vehicle-0915,ota,24367,24412,45,16
hotpatch_first,vehicle-0916,ota,24413,24458,45,15
hotpatch_first,vehicle-0917,ota,24335,24380,45,17
hotpatch_first,vehicle-0918,ota,24443,24488,45,14
hotpatch_first,vehicle-0919,ota,24429,24474,45,16
hotpatch_first,vehicle-0920,ota,23039,23084,45,18
hotpatch_first,vehicle-0921,ota,24427,24472,45,17
hotpatch_first,vehicle-0922,ota,24418,24463,45,18
hotpatch_first,vehicle-0923,ota,24311,24356,45,19
hotpatch_first,vehicle-0924,ota,24418,24463,45,19
hotpatch_first,vehicle-0925,ota,25849,25894,45,0
hotpatch_first,vehicle-0926,ota,25766,25811,45,1
hotpatch_first,vehicle-0927,ota,25832,25877,45,1
hotpatch_first,vehicle-0928,ota,24453,24498,45,11
hotpatch_first,vehicle-0929,ota,24455,24500,45,6
hotpatch_first,vehicle-0930,ota,25827,25872,45,2
hotpatch_first,vehicle-0931,ota,25740,25785,45,3
hotpatch_first,vehicle-0932,ota,25837,25882,45,3
hotpatch_first,vehicle-0933,ota,24455,24500,45,8
hotpatch_first,vehicle-0934,ota,25839,25884,45,4
hotpatch_first,vehicle-0935,ota,25887,25932,45,1
hotpatch_first,vehicle-0936,ota,25840,25885,45,5
hotpatch_first,vehicle-0937,ota,25748,25793,45,6
hotpatch_first,vehicle-0938,ota,25886,25931,45,2
hotpatch_first,vehicle-0939,ota,25827,25872,45,6
hotpatch_first,vehicle-0940,ota,25820,25865,45,7
hotpatch_first,vehicle-0941,ota,25822,25867,45,8
hotpatch_first,vehicle-0942,ota,25856,25901,45,9
hotpatch_first,vehicle-0943,ota,24458,24503,45,15
hotpatch_first,vehicle-0944,ota,24463,24508,45,18
hotpatch_first,vehicle-0945,ota,25883,25928,45,3
hotpatch_first,vehicle-0946,ota,24463,24508,45,19
hotpatch_first,vehicle-0947,ota,25744,25789,45,10
hotpatch_first,vehicle-0948,ota,25799,25844,45,10
hotpatch_first,vehicle-0949,ota,25883,25928,45,6
hotpatch_first,vehicle-0950,ota,25857,25902,45,10
hotpatch_first,vehicle-0951,ota,24471,24516,45,13
hotpatch_first,vehicle-0952,ota,25833,25878,45,11
hotpatch_first,vehicle-0953,ota,24472,24517,45,17
hotpatch_first,vehicle-0954,ota,25849,25894,45,12
hotpatch_first,vehicle-0955,ota,25740,25785,45,13
hotpatch_first,vehicle-0956,ota,25822,25867,45,13
hotpatch_first,vehicle-0957,ota,25757,25802,45,14
hotpatch_first,vehicle-0958,ota,24474,24519,45,16
hotpatch_first,vehicle-0959,ota,25743,25788,45,15
hotpatch_first,vehicle-0960,ota,25832,25877,45,14
hotpatch_first,vehicle-0961,ota,25760,25805,45,16
hotpatch_first,vehicle-0962,ota,25883,25928,45,7
hotpatch_first,vehicle-0963,ota,25751,25796,45,17
hotpatch_first,vehicle-0964,ota,25844,25889,45,15
hotpatch_first,vehicle-0965,ota,25838,25883,45,16
hotpatch_first,vehicle-0966,ota,25872,25917,45,8
hotpatch_first,vehicle-0967,ota,25788,25833,45,18
hotpatch_first,vehicle-0968,ota,25779,25824,45,19
hotpatch_first,vehicle-0969,ota,25801,25846,45,17
hotpatch_first,vehicle-0970,ota,25824,25869,45,19
hotpatch_first,vehicle-0971,ota,25876,25921,45,13
hotpatch_first,vehicle-0972,ota,25887,25932,45,4
hotpatch_first,vehicle-0973,ota,25833,25878,45,18
hotpatch_first,vehicle-0974,ota,25846,25891,45,17
hotpatch_first,vehicle-0975,ota,25889,25934,45,5
hotpatch_first,vehicle-0976,ota,25869,25914,45,19
hotpatch_first,vehicle-0977,ota,25877,25922,45,14
hotpatch_first,vehicle-0978,ota,27268,27313,45,0
hotpatch_first,vehicle-0979,ota,27239,27284,45,1
hotpatch_first,vehicle-0980,ota,27212,27257,45,2
hotpatch_first,vehicle-0981,ota,27234,27279,45,3
hotpatch_first,vehicle-0982,ota,27280,27325,45,2
hotpatch_first,vehicle-0983,ota,25878,25923,45,11
hotpatch_first,vehicle-0984,ota,27258,27303,45,4
hotpatch_first,vehicle-0985,ota,25878,25923,45,18
hotpatch_first,vehicle-0986,ota,27200,27245,45,5
hotpatch_first,vehicle-0987,ota,27214,27259,45,6
hotpatch_first,vehicle-0988,ota,27276,27321,45,5
hotpatch_first,vehicle-0989,ota,27266,27311,45,6
hotpatch_first,vehicle-0990,ota,27317,27362,45,0
hotpatch_first,vehicle-0991,ota,27187,27232,45,7
hotpatch_first,vehicle-0992,ota,27198,27243,45,8
hotpatch_first,vehicle-0993,ota,27226,27271,45,9
hotpatch_first,vehicle-0994,ota,25883,25928,45,16
hotpatch_first,vehicle-0995,ota,25889,25934,45,15
hotpatch_first,vehicle-0996,ota,27219,27264,45,10
hotpatch_first,vehicle-0997,ota,27231,27276,45,11
hotpatch_first,vehicle-0998,ota,27202,27247,45,12
hotpatch_first,vehicle-0999,ota,27215,27260,45,13
