run_id,trial,patch_state,warmup,step,request_payload,response_payload,send_monotonic_ns,recv_monotonic_ns,latency_ms,response_class,nrc,timeout
real_can_latency_20260710,1,before,true,session_reset,1001,500100321388,1924552344302,1924682131803,129.787501,positive,,false
real_can_latency_20260710,1,before,true,enter_extended_session,1003,500300321388,1924708346545,1924711552219,3.205674,positive,,false
real_can_latency_20260710,1,before,true,request_security_seed,2701,67011201,1924737802441,1924740804176,3.001735,positive,,false
real_can_latency_20260710,1,before,true,send_security_key,2702B75B,6702,1924767061731,1924770126673,3.064942,positive,,false
real_can_latency_20260710,1,before,true,read_target_before,221234,621234,1924796387371,1924799416135,3.028764,positive,,false
real_can_latency_20260710,1,before,true,write_target,2E12340001,6E1234,1924825619284,1924828767897,3.148613,positive,,false
real_can_latency_20260710,1,before,true,read_target_after,221234,6212340001,1924854973908,1924857985072,3.011164,positive,,false
real_can_latency_20260710,2,before,true,session_reset,1001,500100321388,1924884277828,1924887322376,3.044548,positive,,false
real_can_latency_20260710,2,before,true,enter_extended_session,1003,500300321388,1924913560096,1924916608486,3.048390,positive,,false
real_can_latency_20260710,2,before,true,request_security_seed,2701,67011202,1924942828256,1924945923859,3.095603,positive,,false
real_can_latency_20260710,2,before,true,send_security_key,2702B758,6702,1924972151312,1924975202636,3.051324,positive,,false
real_can_latency_20260710,2,before,true,read_target_before,221234,6212340001,1925001460051,1925004491260,3.031209,positive,,false
real_can_latency_20260710,2,before,true,write_target,2E12340002,6E1234,1925030725627,1925033812081,3.086454,positive,,false
real_can_latency_20260710,2,before,true,read_target_after,221234,6212340002,1925060042537,1925063128991,3.086454,positive,,false
real_can_latency_20260710,3,before,true,session_reset,1001,500100321388,1925089499690,1925092423971,2.924281,positive,,false
real_can_latency_20260710,3,before,true,enter_extended_session,1003,500300321388,1925118653379,1925121720696,3.067317,positive,,false
real_can_latency_20260710,3,before,true,request_security_seed,2701,67011203,1925147953667,1925151040749,3.087082,positive,,false
real_can_latency_20260710,3,before,true,send_security_key,2702B759,6702,1925177313530,1925180406129,3.092599,positive,,false
real_can_latency_20260710,3,before,true,read_target_before,221234,6212340002,1925206642662,1925209623305,2.980643,positive,,false
real_can_latency_20260710,3,before,true,write_target,2E12340003,6E1234,1925235841819,1925238915002,3.073183,positive,,false
real_can_latency_20260710,3,before,true,read_target_after,221234,6212340003,1925265142106,1925268213334,3.071228,positive,,false
real_can_latency_20260710,4,before,true,session_reset,1001,500100321388,1925294514750,1925297481914,2.967164,positive,,false
real_can_latency_20260710,4,before,true,enter_extended_session,1003,500300321388,1925323723475,1925326793586,3.070111,positive,,false
real_can_latency_20260710,4,before,true,request_security_seed,2701,67011204,1925353037452,1925356289920,3.252468,positive,,false
real_can_latency_20260710,4,before,true,send_security_key,2702B75E,6702,1925382538535,1925385441933,2.903398,positive,,false
real_can_latency_20260710,4,before,true,read_target_before,221234,6212340003,1925411683284,1925414679014,2.995730,positive,,false
real_can_latency_20260710,4,before,true,write_target,2E12340004,6E1234,1925440906187,1925444053124,3.146937,positive,,false
real_can_latency_20260710,4,before,true,read_target_after,221234,6212340004,1925470278831,1925473275748,2.996917,positive,,false
real_can_latency_20260710,5,before,true,session_reset,1001,500100321388,1925499608732,1925502561229,2.952497,positive,,false
real_can_latency_20260710,5,before,true,enter_extended_session,1003,500300321388,1925528790568,1925531873739,3.083171,positive,,false
real_can_latency_20260710,5,before,true,request_security_seed,2701,67011205,1925558136951,1925561160966,3.024015,positive,,false
real_can_latency_20260710,5,before,true,send_security_key,2702B75F,6702,1925587404413,1925590485628,3.081215,positive,,false
real_can_latency_20260710,5,before,true,read_target_before,221234,6212340004,1925616720415,1925619767687,3.047272,positive,,false
real_can_latency_20260710,5,before,true,write_target,2E12340005,6E1234,1925645977401,1925648976272,2.998871,positive,,false
real_can_latency_20260710,5,before,true,read_target_after,221234,6212340005,1925675205332,1925678295976,3.090644,positive,,false
real_can_latency_20260710,6,before,true,session_reset,1001,500100321388,1925704607519,1925707660309,3.052790,positive,,false
real_can_latency_20260710,6,before,true,enter_extended_session,1003,500300321388,1925733867298,1925737080236,3.212938,positive,,false
real_can_latency_20260710,6,before,true,request_security_seed,2701,67011206,1925763287714,1925766248732,2.961018,positive,,false
real_can_latency_20260710,6,before,true,send_security_key,2702B75C,6702,1925792460470,1925795465488,3.005018,positive,,false
real_can_latency_20260710,6,before,true,read_target_before,221234,6212340005,1925821664027,1925823798396,2.134369,positive,,false
real_can_latency_20260710,6,before,true,write_target,2E12340006,6E1234,1925849976331,1925853096309,3.119978,positive,,false
real_can_latency_20260710,6,before,true,read_target_after,221234,6212340006,1925879264117,1925881411546,2.147429,positive,,false
real_can_latency_20260710,7,before,true,session_reset,1001,500100321388,1925907748791,1925910791593,3.042802,positive,,false
real_can_latency_20260710,7,before,true,enter_extended_session,1003,500300321388,1925937025542,1925940097678,3.072136,positive,,false
real_can_latency_20260710,7,before,true,request_security_seed,2701,67011207,1925966300127,1925969379737,3.079610,positive,,false
real_can_latency_20260710,7,before,true,send_security_key,2702B75D,6702,1925995596085,1925998679885,3.083800,positive,,false
real_can_latency_20260710,7,before,true,read_target_before,221234,6212340006,1926024879541,1926028051411,3.171870,positive,,false
real_can_latency_20260710,7,before,true,write_target,2E12340007,6E1234,1926054273137,1926057287863,3.014726,positive,,false
real_can_latency_20260710,7,before,true,read_target_after,221234,6212340007,1926083496808,1926086609522,3.112714,positive,,false
real_can_latency_20260710,8,before,true,session_reset,1001,500100321388,1926112952774,1926115843251,2.890477,positive,,false
real_can_latency_20260710,8,before,true,enter_extended_session,1003,500300321388,1926142042907,1926145196339,3.153432,positive,,false
real_can_latency_20260710,8,before,true,request_security_seed,2701,67011208,1926171401093,1926174476722,3.075629,positive,,false
real_can_latency_20260710,8,before,true,send_security_key,2702B752,6702,1926200706619,1926203761504,3.054885,positive,,false
real_can_latency_20260710,8,before,true,read_target_before,221234,6212340007,1926229995942,1926233043563,3.047621,positive,,false
real_can_latency_20260710,8,before,true,write_target,2E12340008,6E1234,1926259253347,1926262367108,3.113761,positive,,false
real_can_latency_20260710,8,before,true,read_target_after,221234,6212340008,1926288581850,1926291656640,3.074790,positive,,false
real_can_latency_20260710,9,before,true,session_reset,1001,500100321388,1926318033904,1926320951411,2.917507,positive,,false
real_can_latency_20260710,9,before,true,enter_extended_session,1003,500300321388,1926347187315,1926350236263,3.048948,positive,,false
real_can_latency_20260710,9,before,true,request_security_seed,2701,67011209,1926376474682,1926379545560,3.070878,positive,,false
real_can_latency_20260710,9,before,true,send_security_key,2702B753,6702,1926405758487,1926408833067,3.074580,positive,,false
real_can_latency_20260710,9,before,true,read_target_before,221234,6212340008,1926435050184,1926438148999,3.098815,positive,,false
real_can_latency_20260710,9,before,true,write_target,2E12340009,6E1234,1926464353544,1926467660070,3.306526,positive,,false
real_can_latency_20260710,9,before,true,read_target_after,221234,6212340009,1926493872298,1926496734419,2.862121,positive,,false
real_can_latency_20260710,10,before,true,session_reset,1001,500100321388,1926523271481,1926526052027,2.780546,positive,,false
real_can_latency_20260710,10,before,true,enter_extended_session,1003,500300321388,1926552297570,1926555344633,3.047063,positive,,false
real_can_latency_20260710,10,before,true,request_security_seed,2701,6701120A,1926581564962,1926584651485,3.086523,positive,,false
real_can_latency_20260710,10,before,true,send_security_key,2702B750,6702,1926610905548,1926613930192,3.024644,positive,,false
real_can_latency_20260710,10,before,true,read_target_before,221234,6212340009,1926640154921,1926643240048,3.085127,positive,,false
real_can_latency_20260710,10,before,true,write_target,2E1234000A,6E1234,1926669478536,1926672534539,3.056003,positive,,false
real_can_latency_20260710,10,before,true,read_target_after,221234,621234000A,1926698774773,1926701801232,3.026459,positive,,false
real_can_latency_20260710,11,before,true,session_reset,1001,500100321388,1926728150560,1926731245534,3.094974,positive,,false
real_can_latency_20260710,11,before,true,enter_extended_session,1003,500300321388,1926757486956,1926760421294,2.934338,positive,,false
real_can_latency_20260710,11,before,true,request_security_seed,2701,6701120B,1926786624931,1926789674787,3.049856,positive,,false
real_can_latency_20260710,11,before,true,send_security_key,2702B751,6702,1926815894697,1926819031228,3.136531,positive,,false
real_can_latency_20260710,11,before,true,read_target_before,221234,621234000A,1926845264967,1926848307141,3.042174,positive,,false
real_can_latency_20260710,11,before,true,write_target,2E1234000B,6E1234,1926874549121,1926877745366,3.196245,positive,,false
real_can_latency_20260710,11,before,true,read_target_after,221234,621234000B,1926904040566,1926906887043,2.846477,positive,,false
real_can_latency_20260710,12,before,true,session_reset,1001,500100321388,1926933276389,1926936224905,2.948516,positive,,false
real_can_latency_20260710,12,before,true,enter_extended_session,1003,500300321388,1926962449146,1926965412119,2.962973,positive,,false
real_can_latency_20260710,12,before,true,request_security_seed,2701,6701120C,1926991588518,1926993731268,2.142750,positive,,false
real_can_latency_20260710,12,before,true,send_security_key,2702B756,6702,1927019910111,1927022023527,2.113416,positive,,false
real_can_latency_20260710,12,before,true,read_target_before,221234,621234000B,1927048197202,1927050372638,2.175436,positive,,false
real_can_latency_20260710,12,before,true,write_target,2E1234000C,6E1234,1927076581583,1927079722932,3.141349,positive,,false
real_can_latency_20260710,12,before,true,read_target_after,221234,621234000C,1927105961420,1927109080071,3.118651,positive,,false
real_can_latency_20260710,13,before,true,session_reset,1001,500100321388,1927135634734,1927138305768,2.671034,positive,,false
real_can_latency_20260710,13,before,true,enter_extended_session,1003,500300321388,1927164507938,1927167832553,3.324615,positive,,false
real_can_latency_20260710,13,before,true,request_security_seed,2701,6701120D,1927194081936,1927196917588,2.835652,positive,,false
real_can_latency_20260710,13,before,true,send_security_key,2702B757,6702,1927223166622,1927226210332,3.043710,positive,,false
real_can_latency_20260710,13,before,true,read_target_before,221234,621234000C,1927252444700,1927255497071,3.052371,positive,,false
real_can_latency_20260710,13,before,true,write_target,2E1234000D,6E1234,1927281693095,1927284806298,3.113203,positive,,false
real_can_latency_20260710,13,before,true,read_target_after,221234,621234000D,1927311055193,1927314145558,3.090365,positive,,false
real_can_latency_20260710,14,before,true,session_reset,1001,500100321388,1927340476656,1927343406943,2.930287,positive,,false
real_can_latency_20260710,14,before,true,enter_extended_session,1003,500300321388,1927369646619,1927372692844,3.046225,positive,,false
real_can_latency_20260710,14,before,true,request_security_seed,2701,6701120E,1927398923579,1927402022395,3.098816,positive,,false
real_can_latency_20260710,14,before,true,send_security_key,2702B754,6702,1927428219956,1927431290695,3.070739,positive,,false
real_can_latency_20260710,14,before,true,read_target_before,221234,621234000D,1927457495590,1927460604393,3.108803,positive,,false
real_can_latency_20260710,14,before,true,write_target,2E1234000E,6E1234,1927486818506,1927489918369,3.099863,positive,,false
real_can_latency_20260710,14,before,true,read_target_after,221234,621234000E,1927516125848,1927519223406,3.097558,positive,,false
real_can_latency_20260710,15,before,true,session_reset,1001,500100321388,1927545522936,1927548492894,2.969958,positive,,false
real_can_latency_20260710,15,before,true,enter_extended_session,1003,500300321388,1927574695413,1927577810083,3.114670,positive,,false
real_can_latency_20260710,15,before,true,request_security_seed,2701,6701120F,1927604082235,1927607112536,3.030301,positive,,false
real_can_latency_20260710,15,before,true,send_security_key,2702B755,6702,1927633335868,1927636406608,3.070740,positive,,false
real_can_latency_20260710,15,before,true,read_target_before,221234,621234000E,1927662617438,1927665646063,3.028625,positive,,false
real_can_latency_20260710,15,before,true,write_target,2E1234000F,6E1234,1927691852843,1927695018986,3.166143,positive,,false
real_can_latency_20260710,15,before,true,read_target_after,221234,621234000F,1927721250770,1927724279674,3.028904,positive,,false
real_can_latency_20260710,16,before,true,session_reset,1001,500100321388,1927750570962,1927753578285,3.007323,positive,,false
real_can_latency_20260710,16,before,true,enter_extended_session,1003,500300321388,1927779772494,1927782864605,3.092111,positive,,false
real_can_latency_20260710,16,before,true,request_security_seed,2701,67011210,1927809373171,1927812181305,2.808134,positive,,false
real_can_latency_20260710,16,before,true,send_security_key,2702B74A,6702,1927838441165,1927841494793,3.053628,positive,,false
real_can_latency_20260710,16,before,true,read_target_before,221234,621234000F,1927867695985,1927870780693,3.084708,positive,,false
real_can_latency_20260710,16,before,true,write_target,2E12340010,6E1234,1927897046839,1927900025666,2.978827,positive,,false
real_can_latency_20260710,16,before,true,read_target_after,221234,6212340010,1927926260313,1927929330284,3.069971,positive,,false
real_can_latency_20260710,17,before,true,session_reset,1001,500100321388,1927955655865,1927958651943,2.996078,positive,,false
real_can_latency_20260710,17,before,true,enter_extended_session,1003,500300321388,1927984861657,1927988103997,3.242340,positive,,false
real_can_latency_20260710,17,before,true,request_security_seed,2701,67011211,1928014309520,1928017200207,2.890687,positive,,false
real_can_latency_20260710,17,before,true,send_security_key,2702B74B,6702,1928043418301,1928046566286,3.147985,positive,,false
real_can_latency_20260710,17,before,true,read_target_before,221234,6212340010,1928072801422,1928075861405,3.059983,positive,,false
real_can_latency_20260710,17,before,true,write_target,2E12340011,6E1234,1928102057220,1928105198989,3.141769,positive,,false
real_can_latency_20260710,17,before,true,read_target_after,221234,6212340011,1928131418480,1928134445358,3.026878,positive,,false
real_can_latency_20260710,18,before,true,session_reset,1001,500100321388,1928160813683,1928163711284,2.897601,positive,,false
real_can_latency_20260710,18,before,true,enter_extended_session,1003,500300321388,1928190151964,1928193049635,2.897671,positive,,false
real_can_latency_20260710,18,before,true,request_security_seed,2701,67011212,1928219247546,1928222290069,3.042523,positive,,false
real_can_latency_20260710,18,before,true,send_security_key,2702B748,6702,1928248507465,1928251619550,3.112085,positive,,false
real_can_latency_20260710,18,before,true,read_target_before,221234,6212340011,1928277822140,1928280940651,3.118511,positive,,false
real_can_latency_20260710,18,before,true,write_target,2E12340012,6E1234,1928307181653,1928310219427,3.037774,positive,,false
real_can_latency_20260710,18,before,true,read_target_after,221234,6212340012,1928336428163,1928339466635,3.038472,positive,,false
real_can_latency_20260710,19,before,true,session_reset,1001,500100321388,1928365827766,1928368856740,3.028974,positive,,false
real_can_latency_20260710,19,before,true,enter_extended_session,1003,500300321388,1928395055139,1928398097662,3.042523,positive,,false
real_can_latency_20260710,19,before,true,request_security_seed,2701,67011213,1928424287610,1928427425537,3.137927,positive,,false
real_can_latency_20260710,19,before,true,send_security_key,2702B749,6702,1928453644330,1928456664154,3.019824,positive,,false
real_can_latency_20260710,19,before,true,read_target_before,221234,6212340012,1928482850471,1928485986023,3.135552,positive,,false
real_can_latency_20260710,19,before,true,write_target,2E12340013,6E1234,1928512202930,1928515278977,3.076047,positive,,false
real_can_latency_20260710,19,before,true,read_target_after,221234,6212340013,1928541543168,1928544607831,3.064663,positive,,false
real_can_latency_20260710,20,before,true,session_reset,1001,500100321388,1928570969869,1928573869775,2.899906,positive,,false
real_can_latency_20260710,20,before,true,enter_extended_session,1003,500300321388,1928600125724,1928603162101,3.036377,positive,,false
real_can_latency_20260710,20,before,true,request_security_seed,2701,67011214,1928629391440,1928632497449,3.106009,positive,,false
real_can_latency_20260710,20,before,true,send_security_key,2702B74E,6702,1928658703531,1928661730479,3.026948,positive,,false
real_can_latency_20260710,20,before,true,read_target_before,221234,6212340013,1928687932231,1928691074069,3.141838,positive,,false
real_can_latency_20260710,20,before,true,write_target,2E12340014,6E1234,1928717276519,1928720392515,3.115996,positive,,false
real_can_latency_20260710,20,before,true,read_target_after,221234,6212340014,1928746631004,1928749646428,3.015424,positive,,false
real_can_latency_20260710,21,before,false,session_reset,1001,500100321388,1928775992473,1928779043866,3.051393,positive,,false
real_can_latency_20260710,21,before,false,enter_extended_session,1003,500300321388,1928805262170,1928808203352,2.941182,positive,,false
real_can_latency_20260710,21,before,false,request_security_seed,2701,67011215,1928834426755,1928837572434,3.145679,positive,,false
real_can_latency_20260710,21,before,false,send_security_key,2702B74F,6702,1928863811831,1928866862525,3.050694,positive,,false
real_can_latency_20260710,21,before,false,read_target_before,221234,6212340014,1928893039972,1928896079492,3.039520,positive,,false
real_can_latency_20260710,21,before,false,write_target,2E12340015,6E1234,1928922270976,1928924540838,2.269862,positive,,false
real_can_latency_20260710,21,before,false,read_target_after,221234,6212340015,1928950737421,1928954023274,3.285853,positive,,false
real_can_latency_20260710,22,before,false,session_reset,1001,500100321388,1928980379096,1928983061654,2.682558,positive,,false
real_can_latency_20260710,22,before,false,enter_extended_session,1003,500300321388,1929009306358,1929012388691,3.082333,positive,,false
real_can_latency_20260710,22,before,false,request_security_seed,2701,67011216,1929038626691,1929041718732,3.092041,positive,,false
real_can_latency_20260710,22,before,false,send_security_key,2702B74C,6702,1929068028878,1929071099757,3.070879,positive,,false
real_can_latency_20260710,22,before,false,read_target_before,221234,6212340015,1929097335940,1929100198411,2.862471,positive,,false
real_can_latency_20260710,22,before,false,write_target,2E12340016,6E1234,1929126448144,1929129583347,3.135203,positive,,false
real_can_latency_20260710,22,before,false,read_target_after,221234,6212340016,1929155800673,1929158860587,3.059914,positive,,false
real_can_latency_20260710,23,before,false,session_reset,1001,500100321388,1929185256569,1929188196774,2.940205,positive,,false
real_can_latency_20260710,23,before,false,enter_extended_session,1003,500300321388,1929214415566,1929217482115,3.066549,positive,,false
real_can_latency_20260710,23,before,false,request_security_seed,2701,67011217,1929243718718,1929246782682,3.063964,positive,,false
real_can_latency_20260710,23,before,false,send_security_key,2702B74D,6702,1929273040167,1929276085205,3.045038,positive,,false
real_can_latency_20260710,23,before,false,read_target_before,221234,6212340016,1929302310703,1929305374597,3.063894,positive,,false
real_can_latency_20260710,23,before,false,write_target,2E12340017,6E1234,1929331626984,1929334688155,3.061171,positive,,false
real_can_latency_20260710,23,before,false,read_target_after,221234,6212340017,1929360927132,1929363937528,3.010396,positive,,false
real_can_latency_20260710,24,before,false,session_reset,1001,500100321388,1929390308925,1929393164621,2.855696,positive,,false
real_can_latency_20260710,24,before,false,enter_extended_session,1003,500300321388,1929419410373,1929422559266,3.148893,positive,,false
real_can_latency_20260710,24,before,false,request_security_seed,2701,67011218,1929448801595,1929451861369,3.059774,positive,,false
real_can_latency_20260710,24,before,false,send_security_key,2702B742,6702,1929478135128,1929481399818,3.264690,positive,,false
real_can_latency_20260710,24,before,false,read_target_before,221234,6212340017,1929507639424,1929510423532,2.784108,positive,,false
real_can_latency_20260710,24,before,false,write_target,2E12340018,6E1234,1929536636458,1929539743166,3.106708,positive,,false
real_can_latency_20260710,24,before,false,read_target_after,221234,6212340018,1929565961051,1929569158134,3.197083,positive,,false
real_can_latency_20260710,25,before,false,session_reset,1001,500100321388,1929595516331,1929598298344,2.782013,positive,,false
real_can_latency_20260710,25,before,false,enter_extended_session,1003,500300321388,1929624513994,1929627622727,3.108733,positive,,false
real_can_latency_20260710,25,before,false,request_security_seed,2701,67011219,1929653836491,1929656889840,3.053349,positive,,false
real_can_latency_20260710,25,before,false,send_security_key,2702B743,6702,1929683135033,1929686221068,3.086035,positive,,false
real_can_latency_20260710,25,before,false,read_target_before,221234,6212340018,1929712453899,1929715490625,3.036726,positive,,false
real_can_latency_20260710,25,before,false,write_target,2E12340019,6E1234,1929741703691,1929744773452,3.069761,positive,,false
real_can_latency_20260710,25,before,false,read_target_after,221234,6212340019,1929771020810,1929774115994,3.095184,positive,,false
real_can_latency_20260710,26,before,false,session_reset,1001,500100321388,1929800438083,1929803380872,2.942789,positive,,false
real_can_latency_20260710,26,before,false,enter_extended_session,1003,500300321388,1929829588281,1929832677249,3.088968,positive,,false
real_can_latency_20260710,26,before,false,request_security_seed,2701,6701121A,1929858891223,1929861993880,3.102657,positive,,false
real_can_latency_20260710,26,before,false,send_security_key,2702B740,6702,1929888180266,1929891345012,3.164746,positive,,false
real_can_latency_20260710,26,before,false,read_target_before,221234,6212340019,1929917518198,1929920630284,3.112086,positive,,false
real_can_latency_20260710,26,before,false,write_target,2E1234001A,6E1234,1929946803051,1929949905708,3.102657,positive,,false
real_can_latency_20260710,26,before,false,read_target_after,221234,621234001A,1929976083364,1929979167443,3.084079,positive,,false
real_can_latency_20260710,27,before,false,session_reset,1001,500100321388,1930005453983,1930008497204,3.043221,positive,,false
real_can_latency_20260710,27,before,false,enter_extended_session,1003,500300321388,1930034723261,1930037773117,3.049856,positive,,false
real_can_latency_20260710,27,before,false,request_security_seed,2701,6701121B,1930063992399,1930067095615,3.103216,positive,,false
real_can_latency_20260710,27,before,false,send_security_key,2702B741,6702,1930093535387,1930096366010,2.830623,positive,,false
real_can_latency_20260710,27,before,false,read_target_before,221234,621234001A,1930122585292,1930125639409,3.054117,positive,,false
real_can_latency_20260710,27,before,false,write_target,2E1234001B,6E1234,1930151853173,1930155039151,3.185978,positive,,false
real_can_latency_20260710,27,before,false,read_target_after,221234,621234001B,1930181262065,1930184295020,3.032955,positive,,false
real_can_latency_20260710,28,before,false,session_reset,1001,500100321388,1930210568149,1930213532939,2.964790,positive,,false
real_can_latency_20260710,28,before,false,enter_extended_session,1003,500300321388,1930239770519,1930242874643,3.104124,positive,,false
real_can_latency_20260710,28,before,false,request_security_seed,2701,6701121C,1930269146864,1930272202448,3.055584,positive,,false
real_can_latency_20260710,28,before,false,send_security_key,2702B746,6702,1930298420892,1930301487371,3.066479,positive,,false
real_can_latency_20260710,28,before,false,read_target_before,221234,621234001B,1930327707351,1930330768731,3.061380,positive,,false
real_can_latency_20260710,28,before,false,write_target,2E1234001C,6E1234,1930357029988,1930360194665,3.164677,positive,,false
real_can_latency_20260710,28,before,false,read_target_after,221234,621234001C,1930386922745,1930389319509,2.396764,positive,,false
real_can_latency_20260710,29,before,false,session_reset,1001,500100321388,1930415650329,1930418849298,3.198969,positive,,false
real_can_latency_20260710,29,before,false,enter_extended_session,1003,500300321388,1930445042738,1930447939920,2.897182,positive,,false
real_can_latency_20260710,29,before,false,request_security_seed,2701,6701121D,1930474174567,1930477228894,3.054327,positive,,false
real_can_latency_20260710,29,before,false,send_security_key,2702B747,6702,1930503702819,1930506527156,2.824337,positive,,false
real_can_latency_20260710,29,before,false,read_target_before,221234,621234001C,1930532740012,1930535842809,3.102797,positive,,false
real_can_latency_20260710,29,before,false,write_target,2E1234001D,6E1234,1930562082903,1930565177179,3.094276,positive,,false
real_can_latency_20260710,29,before,false,read_target_after,221234,621234001D,1930591380258,1930594429346,3.049088,positive,,false
real_can_latency_20260710,30,before,false,session_reset,1001,500100321388,1930620830985,1930623762320,2.931335,positive,,false
real_can_latency_20260710,30,before,false,enter_extended_session,1003,500300321388,1930650038732,1930653284426,3.245694,positive,,false
real_can_latency_20260710,30,before,false,request_security_seed,2701,6701121E,1930679529200,1930682335727,2.806527,positive,,false
real_can_latency_20260710,30,before,false,send_security_key,2702B744,6702,1930708596425,1930711646840,3.050415,positive,,false
real_can_latency_20260710,30,before,false,read_target_before,221234,621234001D,1930737862560,1930740957046,3.094486,positive,,false
real_can_latency_20260710,30,before,false,write_target,2E1234001E,6E1234,1930767178492,1930770260476,3.081984,positive,,false
real_can_latency_20260710,30,before,false,read_target_after,221234,621234001E,1930796469002,1930799504821,3.035819,positive,,false
real_can_latency_20260710,31,before,false,session_reset,1001,500100321388,1930825835291,1930828834931,2.999640,positive,,false
real_can_latency_20260710,31,before,false,enter_extended_session,1003,500300321388,1930855037800,1930858149327,3.111527,positive,,false
real_can_latency_20260710,31,before,false,request_security_seed,2701,6701121F,1930884377548,1930887729681,3.352133,positive,,false
real_can_latency_20260710,31,before,false,send_security_key,2702B745,6702,1930913970124,1930916763312,2.793188,positive,,false
real_can_latency_20260710,31,before,false,read_target_before,221234,621234001E,1930942969533,1930946066882,3.097349,positive,,false
real_can_latency_20260710,31,before,false,write_target,2E1234001F,6E1234,1930972276805,1930975331132,3.054327,positive,,false
real_can_latency_20260710,31,before,false,read_target_after,221234,621234001F,1931001540216,1931004635400,3.095184,positive,,false
real_can_latency_20260710,32,before,false,session_reset,1001,500100321388,1931031053243,1931033942812,2.889569,positive,,false
real_can_latency_20260710,32,before,false,enter_extended_session,1003,500300321388,1931060215663,1931063197074,2.981411,positive,,false
real_can_latency_20260710,32,before,false,request_security_seed,2701,67011220,1931089422223,1931092496803,3.074580,positive,,false
real_can_latency_20260710,32,before,false,send_security_key,2702B77A,6702,1931118743672,1931121803307,3.059635,positive,,false
real_can_latency_20260710,32,before,false,read_target_before,221234,621234001F,1931148060233,1931151111138,3.050905,positive,,false
real_can_latency_20260710,32,before,false,write_target,2E12340020,6E1234,1931177351861,1931180467159,3.115298,positive,,false
real_can_latency_20260710,32,before,false,read_target_after,221234,6212340020,1931206702295,1931209687688,2.985393,positive,,false
real_can_latency_20260710,33,before,false,session_reset,1001,500100321388,1931236296757,1931239082821,2.786064,positive,,false
real_can_latency_20260710,33,before,false,enter_extended_session,1003,500300321388,1931265300985,1931268306282,3.005297,positive,,false
real_can_latency_20260710,33,before,false,request_security_seed,2701,67011221,1931294540440,1931297614462,3.074022,positive,,false
real_can_latency_20260710,33,before,false,send_security_key,2702B77B,6702,1931323861192,1931326888420,3.027228,positive,,false
real_can_latency_20260710,33,before,false,read_target_before,221234,6212340020,1931353150584,1931356169291,3.018707,positive,,false
real_can_latency_20260710,33,before,false,write_target,2E12340021,6E1234,1931382591534,1931385468113,2.876579,positive,,false
real_can_latency_20260710,33,before,false,read_target_after,221234,6212340021,1931411676988,1931414795778,3.118790,positive,,false
real_can_latency_20260710,34,before,false,session_reset,1001,500100321388,1931441184636,1931444096485,2.911849,positive,,false
real_can_latency_20260710,34,before,false,enter_extended_session,1003,500300321388,1931470328618,1931473416888,3.088270,positive,,false
real_can_latency_20260710,34,before,false,request_security_seed,2701,67011222,1931499659636,1931502667867,3.008231,positive,,false
real_can_latency_20260710,34,before,false,send_security_key,2702B778,6702,1931528945956,1931531966758,3.020802,positive,,false
real_can_latency_20260710,34,before,false,read_target_before,221234,6212340021,1931558255672,1931561268233,3.012561,positive,,false
real_can_latency_20260710,34,before,false,write_target,2E12340022,6E1234,1931587500226,1931590570546,3.070320,positive,,false
real_can_latency_20260710,34,before,false,read_target_after,221234,6212340022,1931616814692,1931619844085,3.029393,positive,,false
real_can_latency_20260710,35,before,false,session_reset,1001,500100321388,1931646246631,1931649158480,2.911849,positive,,false
real_can_latency_20260710,35,before,false,enter_extended_session,1003,500300321388,1931675396410,1931678432997,3.036587,positive,,false
real_can_latency_20260710,35,before,false,request_security_seed,2701,67011223,1931704647320,1931707780567,3.133247,positive,,false
real_can_latency_20260710,35,before,false,send_security_key,2702B779,6702,1931734058516,1931737034131,2.975615,positive,,false
real_can_latency_20260710,35,before,false,read_target_before,221234,6212340022,1931763278067,1931766324920,3.046853,positive,,false
real_can_latency_20260710,35,before,false,write_target,2E12340023,6E1234,1931792499503,1931795586655,3.087152,positive,,false
real_can_latency_20260710,35,before,false,read_target_after,221234,6212340023,1931821804750,1931824979344,3.174594,positive,,false
real_can_latency_20260710,36,before,false,session_reset,1001,500100321388,1931851317078,1931854251206,2.934128,positive,,false
real_can_latency_20260710,36,before,false,enter_extended_session,1003,500300321388,1931880508621,1931883540529,3.031908,positive,,false
real_can_latency_20260710,36,before,false,request_security_seed,2701,67011224,1931909753804,1931912822308,3.068504,positive,,false
real_can_latency_20260710,36,before,false,send_security_key,2702B77E,6702,1931939068619,1931942141174,3.072555,positive,,false
real_can_latency_20260710,36,before,false,read_target_before,221234,6212340023,1931968377288,1931971440205,3.062917,positive,,false
real_can_latency_20260710,36,before,false,write_target,2E12340024,6E1234,1931997676947,1932000729527,3.052580,positive,,false
real_can_latency_20260710,36,before,false,read_target_after,221234,6212340024,1932026937006,1932030069416,3.132410,positive,,false
real_can_latency_20260710,37,before,false,session_reset,1001,500100321388,1932056429568,1932059300001,2.870433,positive,,false
real_can_latency_20260710,37,before,false,enter_extended_session,1003,500300321388,1932085507061,1932088607832,3.100771,positive,,false
real_can_latency_20260710,37,before,false,request_security_seed,2701,67011225,1932114828441,1932117931656,3.103215,positive,,false
real_can_latency_20260710,37,before,false,send_security_key,2702B77F,6702,1932144150729,1932147153861,3.003132,positive,,false
real_can_latency_20260710,37,before,false,read_target_before,221234,6212340024,1932173388019,1932176503178,3.115159,positive,,false
real_can_latency_20260710,37,before,false,write_target,2E12340025,6E1234,1932202749209,1932205804793,3.055584,positive,,false
real_can_latency_20260710,37,before,false,read_target_after,221234,6212340025,1932232042722,1932235121144,3.078422,positive,,false
real_can_latency_20260710,38,before,false,session_reset,1001,500100321388,1932261504345,1932264390562,2.886217,positive,,false
real_can_latency_20260710,38,before,false,enter_extended_session,1003,500300321388,1932290619552,1932293696507,3.076955,positive,,false
real_can_latency_20260710,38,before,false,request_security_seed,2701,67011226,1932319909224,1932323041982,3.132758,positive,,false
real_can_latency_20260710,38,before,false,send_security_key,2702B77C,6702,1932349475609,1932352320689,2.845080,positive,,false
real_can_latency_20260710,38,before,false,read_target_before,221234,6212340025,1932378616797,1932381580050,2.963253,positive,,false
real_can_latency_20260710,38,before,false,write_target,2E12340026,6E1234,1932407796957,1932410930204,3.133247,positive,,false
real_can_latency_20260710,38,before,false,read_target_after,221234,6212340026,1932437140477,1932440164142,3.023665,positive,,false
real_can_latency_20260710,39,before,false,session_reset,1001,500100321388,1932466492517,1932469509618,3.017101,positive,,false
real_can_latency_20260710,39,before,false,enter_extended_session,1003,500300321388,1932495774576,1932498794680,3.020104,positive,,false
real_can_latency_20260710,39,before,false,request_security_seed,2701,67011227,1932525046927,1932528167813,3.120886,positive,,false
real_can_latency_20260710,39,before,false,send_security_key,2702B77D,6702,1932554416848,1932557675532,3.258684,positive,,false
real_can_latency_20260710,39,before,false,read_target_before,221234,6212340026,1932583888178,1932586676058,2.787880,positive,,false
real_can_latency_20260710,39,before,false,write_target,2E12340027,6E1234,1932612896737,1932615993108,3.096371,positive,,false
real_can_latency_20260710,39,before,false,read_target_after,221234,6212340027,1932642268822,1932645272722,3.003900,positive,,false
real_can_latency_20260710,40,before,false,session_reset,1001,500100321388,1932671664933,1932674558134,2.893201,positive,,false
real_can_latency_20260710,40,before,false,enter_extended_session,1003,500300321388,1932700801511,1932703865406,3.063895,positive,,false
real_can_latency_20260710,40,before,false,request_security_seed,2701,67011228,1932730044040,1932733234558,3.190518,positive,,false
real_can_latency_20260710,40,before,false,send_security_key,2702B772,6702,1932759671467,1932762463607,2.792140,positive,,false
real_can_latency_20260710,40,before,false,read_target_before,221234,6212340027,1932788690222,1932791758657,3.068435,positive,,false
real_can_latency_20260710,40,before,false,write_target,2E12340028,6E1234,1932817997494,1932821060621,3.063127,positive,,false
real_can_latency_20260710,40,before,false,read_target_after,221234,6212340028,1932847270823,1932850410217,3.139394,positive,,false
real_can_latency_20260710,41,before,false,session_reset,1001,500100321388,1932876796980,1932879641361,2.844381,positive,,false
real_can_latency_20260710,41,before,false,enter_extended_session,1003,500300321388,1932905882434,1932908963021,3.080587,positive,,false
real_can_latency_20260710,41,before,false,request_security_seed,2701,67011229,1932935196410,1932938509501,3.313091,positive,,false
real_can_latency_20260710,41,before,false,send_security_key,2702B773,6702,1932964730319,1932967542085,2.811766,positive,,false
real_can_latency_20260710,41,before,false,read_target_before,221234,6212340028,1932993754033,1932996835808,3.081775,positive,,false
real_can_latency_20260710,41,before,false,write_target,2E12340029,6E1234,1933023048594,1933026183867,3.135273,positive,,false
real_can_latency_20260710,41,before,false,read_target_after,221234,6212340029,1933052429270,1933055463063,3.033793,positive,,false
real_can_latency_20260710,42,before,false,session_reset,1001,500100321388,1933081798911,1933084725357,2.926446,positive,,false
real_can_latency_20260710,42,before,false,enter_extended_session,1003,500300321388,1933110938213,1933114068877,3.130664,positive,,false
real_can_latency_20260710,42,before,false,request_security_seed,2701,6701122A,1933140300032,1933143349958,3.049926,positive,,false
real_can_latency_20260710,42,before,false,send_security_key,2702B770,6702,1933169566656,1933172634182,3.067526,positive,,false
real_can_latency_20260710,42,before,false,read_target_before,221234,6212340029,1933198871414,1933201935378,3.063964,positive,,false
real_can_latency_20260710,42,before,false,write_target,2E1234002A,6E1234,1933228185321,1933231189291,3.003970,positive,,false
real_can_latency_20260710,42,before,false,read_target_after,221234,621234002A,1933257439932,1933260479801,3.039869,positive,,false
real_can_latency_20260710,43,before,false,session_reset,1001,500100321388,1933286806709,1933289796502,2.989793,positive,,false
real_can_latency_20260710,43,before,false,enter_extended_session,1003,500300321388,1933316063625,1933319164327,3.100702,positive,,false
real_can_latency_20260710,43,before,false,request_security_seed,2701,6701122B,1933345382421,1933348419217,3.036796,positive,,false
real_can_latency_20260710,43,before,false,send_security_key,2702B771,6702,1933374642899,1933377742274,3.099375,positive,,false
real_can_latency_20260710,43,before,false,read_target_before,221234,621234002A,1933403961276,1933407036904,3.075628,positive,,false
real_can_latency_20260710,43,before,false,write_target,2E1234002B,6E1234,1933433509712,1933436513124,3.003412,positive,,false
real_can_latency_20260710,43,before,false,read_target_after,221234,621234002B,1933462735968,1933465546196,2.810228,positive,,false
real_can_latency_20260710,44,before,false,session_reset,1001,500100321388,1933491899156,1933494887342,2.988186,positive,,false
real_can_latency_20260710,44,before,false,enter_extended_session,1003,500300321388,1933521125062,1933524193357,3.068295,positive,,false
real_can_latency_20260710,44,before,false,request_security_seed,2701,6701122C,1933550615599,1933553498813,2.883214,positive,,false
real_can_latency_20260710,44,before,false,send_security_key,2702B776,6702,1933579731085,1933582787996,3.056911,positive,,false
real_can_latency_20260710,44,before,false,read_target_before,221234,621234002B,1933609029348,1933612122506,3.093158,positive,,false
real_can_latency_20260710,44,before,false,write_target,2E1234002C,6E1234,1933638326842,1933641366711,3.039869,positive,,false
real_can_latency_20260710,44,before,false,read_target_after,221234,621234002C,1933667576005,1933670681107,3.105102,positive,,false
real_can_latency_20260710,45,before,false,session_reset,1001,500100321388,1933697055577,1933700032729,2.977152,positive,,false
real_can_latency_20260710,45,before,false,enter_extended_session,1003,500300321388,1933726279388,1933729279937,3.000549,positive,,false
real_can_latency_20260710,45,before,false,request_security_seed,2701,6701122D,1933755484831,1933758561716,3.076885,positive,,false
real_can_latency_20260710,45,before,false,send_security_key,2702B777,6702,1933784782674,1933787870944,3.088270,positive,,false
real_can_latency_20260710,45,before,false,read_target_before,221234,621234002C,1933814044130,1933817203150,3.159020,positive,,false
real_can_latency_20260710,45,before,false,write_target,2E1234002D,6E1234,1933843353916,1933846403214,3.049298,positive,,false
real_can_latency_20260710,45,before,false,read_target_after,221234,621234002D,1933872655252,1933875746874,3.091622,positive,,false
real_can_latency_20260710,46,before,false,session_reset,1001,500100321388,1933902035020,1933905059873,3.024853,positive,,false
real_can_latency_20260710,46,before,false,enter_extended_session,1003,500300321388,1933931271682,1933934344027,3.072345,positive,,false
real_can_latency_20260710,46,before,false,request_security_seed,2701,6701122E,1933960589570,1933963686430,3.096860,positive,,false
real_can_latency_20260710,46,before,false,send_security_key,2702B774,6702,1933989949433,1933992971073,3.021640,positive,,false
real_can_latency_20260710,46,before,false,read_target_before,221234,621234002D,1934019159066,1934022251456,3.092390,positive,,false
real_can_latency_20260710,46,before,false,write_target,2E1234002E,6E1234,1934048468782,1934051550207,3.081425,positive,,false
real_can_latency_20260710,46,before,false,read_target_after,221234,621234002E,1934077797007,1934080814597,3.017590,positive,,false
real_can_latency_20260710,47,before,false,session_reset,1001,500100321388,1934107239004,1934110087925,2.848921,positive,,false
real_can_latency_20260710,47,before,false,enter_extended_session,1003,500300321388,1934136299525,1934139458544,3.159019,positive,,false
real_can_latency_20260710,47,before,false,request_security_seed,2701,6701122F,1934165661064,1934168941608,3.280544,positive,,false
real_can_latency_20260710,47,before,false,send_security_key,2702B775,6702,1934195163754,1934198094390,2.930636,positive,,false
real_can_latency_20260710,47,before,false,read_target_before,221234,621234002E,1934224344123,1934227332169,2.988046,positive,,false
real_can_latency_20260710,47,before,false,write_target,2E1234002F,6E1234,1934253618569,1934256643772,3.025203,positive,,false
real_can_latency_20260710,47,before,false,read_target_after,221234,621234002F,1934282871993,1934285921501,3.049508,positive,,false
real_can_latency_20260710,48,before,false,session_reset,1001,500100321388,1934312285984,1934315186239,2.900255,positive,,false
real_can_latency_20260710,48,before,false,enter_extended_session,1003,500300321388,1934341425984,1934344489181,3.063197,positive,,false
real_can_latency_20260710,48,before,false,request_security_seed,2701,67011230,1934370732698,1934373856028,3.123330,positive,,false
real_can_latency_20260710,48,before,false,send_security_key,2702B76A,6702,1934400141380,1934403134735,2.993355,positive,,false
real_can_latency_20260710,48,before,false,read_target_before,221234,621234002F,1934429380976,1934432416515,3.035539,positive,,false
real_can_latency_20260710,48,before,false,write_target,2E12340030,6E1234,1934458667086,1934461684396,3.017310,positive,,false
real_can_latency_20260710,48,before,false,read_target_after,221234,6212340030,1934487933710,1934491024563,3.090853,positive,,false
real_can_latency_20260710,49,before,false,session_reset,1001,500100321388,1934517655284,1934520315632,2.660348,positive,,false
real_can_latency_20260710,49,before,false,enter_extended_session,1003,500300321388,1934546571790,1934549618015,3.046225,positive,,false
real_can_latency_20260710,49,before,false,request_security_seed,2701,67011231,1934575827868,1934578894208,3.066340,positive,,false
real_can_latency_20260710,49,before,false,send_security_key,2702B76B,6702,1934605152182,1934608223969,3.071787,positive,,false
real_can_latency_20260710,49,before,false,read_target_before,221234,6212340030,1934634464762,1934637501279,3.036517,positive,,false
real_can_latency_20260710,49,before,false,write_target,2E12340031,6E1234,1934663766307,1934666824964,3.058657,positive,,false
real_can_latency_20260710,49,before,false,read_target_after,221234,6212340031,1934693072322,1934696168973,3.096651,positive,,false
real_can_latency_20260710,50,before,false,session_reset,1001,500100321388,1934722529195,1934725352345,2.823150,positive,,false
real_can_latency_20260710,50,before,false,enter_extended_session,1003,500300321388,1934751762156,1934754652563,2.890407,positive,,false
real_can_latency_20260710,50,before,false,request_security_seed,2701,67011232,1934780927439,1934784026883,3.099444,positive,,false
real_can_latency_20260710,50,before,false,send_security_key,2702B768,6702,1934810297080,1934813273183,2.976103,positive,,false
real_can_latency_20260710,50,before,false,read_target_before,221234,6212340031,1934839512161,1934842521509,3.009348,positive,,false
real_can_latency_20260710,50,before,false,write_target,2E12340032,6E1234,1934868770194,1934871867264,3.097070,positive,,false
real_can_latency_20260710,50,before,false,read_target_after,221234,6212340032,1934898289786,1934901201914,2.912128,positive,,false
real_can_latency_20260710,51,before,false,session_reset,1001,500100321388,1934927555013,1934930478665,2.923652,positive,,false
real_can_latency_20260710,51,before,false,enter_extended_session,1003,500300321388,1934956737198,1934959770362,3.033164,positive,,false
real_can_latency_20260710,51,before,false,request_security_seed,2701,67011233,1934985977352,1934989096143,3.118791,positive,,false
real_can_latency_20260710,51,before,false,send_security_key,2702B769,6702,1935015314866,1935018348868,3.034002,positive,,false
real_can_latency_20260710,51,before,false,read_target_before,221234,6212340032,1935044589731,1935047658585,3.068854,positive,,false
real_can_latency_20260710,51,before,false,write_target,2E12340033,6E1234,1935073926197,1935077024594,3.098397,positive,,false
real_can_latency_20260710,51,before,false,read_target_after,221234,6212340033,1935103258333,1935106230036,2.971703,positive,,false
real_can_latency_20260710,52,before,false,session_reset,1001,500100321388,1935132640266,1935135502876,2.862610,positive,,false
real_can_latency_20260710,52,before,false,enter_extended_session,1003,500300321388,1935161747162,1935164796041,3.048879,positive,,false
real_can_latency_20260710,52,before,false,request_security_seed,2701,67011234,1935191315433,1935194112392,2.796959,positive,,false
real_can_latency_20260710,52,before,false,send_security_key,2702B76E,6702,1935220345153,1935223495093,3.149940,positive,,false
real_can_latency_20260710,52,before,false,read_target_before,221234,6212340033,1935249719474,1935252771286,3.051812,positive,,false
real_can_latency_20260710,52,before,false,write_target,2E12340034,6E1234,1935279039736,1935282117600,3.077864,positive,,false
real_can_latency_20260710,52,before,false,read_target_after,221234,6212340034,1935308371244,1935311337430,2.966186,positive,,false
real_can_latency_20260710,53,before,false,session_reset,1001,500100321388,1935337687176,1935340662721,2.975545,positive,,false
real_can_latency_20260710,53,before,false,enter_extended_session,1003,500300321388,1935366937527,1935369938005,3.000478,positive,,false
real_can_latency_20260710,53,before,false,request_security_seed,2701,67011235,1935396146532,1935399213849,3.067317,positive,,false
real_can_latency_20260710,53,before,false,send_security_key,2702B76F,6702,1935425439765,1935428548359,3.108594,positive,,false
real_can_latency_20260710,53,before,false,read_target_before,221234,6212340034,1935454842791,1935457851720,3.008929,positive,,false
real_can_latency_20260710,53,before,false,write_target,2E12340035,6E1234,1935484135047,1935487168072,3.033025,positive,,false
real_can_latency_20260710,53,before,false,read_target_after,221234,6212340035,1935513401322,1935516598405,3.197083,positive,,false
real_can_latency_20260710,54,before,false,session_reset,1001,500100321388,1935542993409,1935545721574,2.728165,positive,,false
real_can_latency_20260710,54,before,false,enter_extended_session,1003,500300321388,1935571969281,1935575025703,3.056422,positive,,false
real_can_latency_20260710,54,before,false,request_security_seed,2701,67011236,1935601251201,1935604344010,3.092809,positive,,false
real_can_latency_20260710,54,before,false,send_security_key,2702B76C,6702,1935630593184,1935633600856,3.007672,positive,,false
real_can_latency_20260710,54,before,false,read_target_before,221234,6212340035,1935659817275,1935662895208,3.077933,positive,,false
real_can_latency_20260710,54,before,false,write_target,2E12340036,6E1234,1935689164846,1935692197591,3.032745,positive,,false
real_can_latency_20260710,54,before,false,read_target_after,221234,6212340036,1935718405069,1935721550121,3.145052,positive,,false
real_can_latency_20260710,55,before,false,session_reset,1001,500100321388,1935747917048,1935750777284,2.860236,positive,,false
real_can_latency_20260710,55,before,false,enter_extended_session,1003,500300321388,1935776993004,1935780159636,3.166632,positive,,false
real_can_latency_20260710,55,before,false,request_security_seed,2701,67011237,1935806363972,1935809377022,3.013050,positive,,false
real_can_latency_20260710,55,before,false,send_security_key,2702B76D,6702,1935835638767,1935838717189,3.078422,positive,,false
real_can_latency_20260710,55,before,false,read_target_before,221234,6212340036,1935864974116,1935867988144,3.014028,positive,,false
real_can_latency_20260710,55,before,false,write_target,2E12340037,6E1234,1935894232359,1935897216844,2.984485,positive,,false
real_can_latency_20260710,55,before,false,read_target_after,221234,6212340037,1935923394569,1935925601504,2.206935,positive,,false
real_can_latency_20260710,56,before,false,session_reset,1001,500100321388,1935951979746,1935954875322,2.895576,positive,,false
real_can_latency_20260710,56,before,false,enter_extended_session,1003,500300321388,1935981122540,1935984199356,3.076816,positive,,false
real_can_latency_20260710,56,before,false,request_security_seed,2701,67011238,1936010410676,1936013515707,3.105031,positive,,false
real_can_latency_20260710,56,before,false,send_security_key,2702B762,6702,1936039765720,1936042817183,3.051463,positive,,false
real_can_latency_20260710,56,before,false,read_target_before,221234,6212340037,1936069073341,1936072151973,3.078632,positive,,false
real_can_latency_20260710,56,before,false,write_target,2E12340038,6E1234,1936098366505,1936101362095,2.995590,positive,,false
real_can_latency_20260710,56,before,false,read_target_after,221234,6212340038,1936127569573,1936130676979,3.107406,positive,,false
real_can_latency_20260710,57,before,false,session_reset,1001,500100321388,1936157041952,1936159999826,2.957874,positive,,false
real_can_latency_20260710,57,before,false,enter_extended_session,1003,500300321388,1936186275820,1936189277555,3.001735,positive,,false
real_can_latency_20260710,57,before,false,request_security_seed,2701,67011239,1936215488875,1936218560522,3.071647,positive,,false
real_can_latency_20260710,57,before,false,send_security_key,2702B763,6702,1936244828065,1936247888398,3.060333,positive,,false
real_can_latency_20260710,57,before,false,read_target_before,221234,6212340038,1936274135617,1936277170178,3.034561,positive,,false
real_can_latency_20260710,57,before,false,write_target,2E12340039,6E1234,1936303444844,1936306499939,3.055095,positive,,false
real_can_latency_20260710,57,before,false,read_target_after,221234,6212340039,1936332732630,1936335737020,3.004390,positive,,false
real_can_latency_20260710,58,before,false,session_reset,1001,500100321388,1936362132094,1936365135925,3.003831,positive,,false
real_can_latency_20260710,58,before,false,enter_extended_session,1003,500300321388,1936391376997,1936394397660,3.020663,positive,,false
real_can_latency_20260710,58,before,false,request_security_seed,2701,6701123A,1936420649628,1936423675878,3.026250,positive,,false
real_can_latency_20260710,58,before,false,send_security_key,2702B760,6702,1936449942582,1936452995163,3.052581,positive,,false
real_can_latency_20260710,58,before,false,read_target_before,221234,6212340039,1936479228832,1936482238040,3.009208,positive,,false
real_can_latency_20260710,58,before,false,write_target,2E1234003A,6E1234,1936508484002,1936511582329,3.098327,positive,,false
real_can_latency_20260710,58,before,false,read_target_after,221234,621234003A,1936537831433,1936540876890,3.045457,positive,,false
real_can_latency_20260710,59,before,false,session_reset,1001,500100321388,1936567292288,1936570182695,2.890407,positive,,false
real_can_latency_20260710,59,before,false,enter_extended_session,1003,500300321388,1936596456035,1936599474812,3.018777,positive,,false
real_can_latency_20260710,59,before,false,request_security_seed,2701,6701123B,1936625668601,1936628741017,3.072416,positive,,false
real_can_latency_20260710,59,before,false,send_security_key,2702B761,6702,1936654990750,1936658033622,3.042872,positive,,false
real_can_latency_20260710,59,before,false,read_target_before,221234,621234003A,1936684276650,1936687368970,3.092320,positive,,false
real_can_latency_20260710,59,before,false,write_target,2E1234003B,6E1234,1936713593840,1936716664649,3.070809,positive,,false
real_can_latency_20260710,59,before,false,read_target_after,221234,621234003B,1936742895734,1936745935883,3.040149,positive,,false
real_can_latency_20260710,60,before,false,session_reset,1001,500100321388,1936772305045,1936775219688,2.914643,positive,,false
real_can_latency_20260710,60,before,false,enter_extended_session,1003,500300321388,1936801441624,1936804549589,3.107965,positive,,false
real_can_latency_20260710,60,before,false,request_security_seed,2701,6701123C,1936830801417,1936834042361,3.240944,positive,,false
real_can_latency_20260710,60,before,false,send_security_key,2702B766,6702,1936860333021,1936863153377,2.820356,positive,,false
real_can_latency_20260710,60,before,false,read_target_before,221234,621234003B,1936889375243,1936892401074,3.025831,positive,,false
real_can_latency_20260710,60,before,false,write_target,2E1234003C,6E1234,1936918911527,1936921754023,2.842496,positive,,false
real_can_latency_20260710,60,before,false,read_target_after,221234,621234003C,1936947974143,1936951040692,3.066549,positive,,false
real_can_latency_20260710,61,before,false,session_reset,1001,500100321388,1936977393302,1936980264153,2.870851,positive,,false
real_can_latency_20260710,61,before,false,enter_extended_session,1003,500300321388,1937006525341,1937009630023,3.104682,positive,,false
real_can_latency_20260710,61,before,false,request_security_seed,2701,6701123D,1937035840225,1937038922698,3.082473,positive,,false
real_can_latency_20260710,61,before,false,send_security_key,2702B767,6702,1937065368058,1937068192395,2.824337,positive,,false
real_can_latency_20260710,61,before,false,read_target_before,221234,621234003C,1937094423690,1937097504487,3.080797,positive,,false
real_can_latency_20260710,61,before,false,write_target,2E1234003D,6E1234,1937123718740,1937126790387,3.071647,positive,,false
real_can_latency_20260710,61,before,false,read_target_after,221234,621234003D,1937152996399,1937156155349,3.158950,positive,,false
real_can_latency_20260710,62,before,false,session_reset,1001,500100321388,1937182523254,1937185390055,2.866801,positive,,false
real_can_latency_20260710,62,before,false,enter_extended_session,1003,500300321388,1937211636575,1937214715905,3.079330,positive,,false
real_can_latency_20260710,62,before,false,request_security_seed,2701,6701123E,1937240944476,1937244049508,3.105032,positive,,false
real_can_latency_20260710,62,before,false,send_security_key,2702B764,6702,1937270288275,1937273440101,3.151826,positive,,false
real_can_latency_20260710,62,before,false,read_target_before,221234,621234003D,1937299676844,1937302589880,2.913036,positive,,false
real_can_latency_20260710,62,before,false,write_target,2E1234003E,6E1234,1937328834514,1937331888701,3.054187,positive,,false
real_can_latency_20260710,62,before,false,read_target_after,221234,621234003E,1937358135151,1937361183052,3.047901,positive,,false
real_can_latency_20260710,63,before,false,session_reset,1001,500100321388,1937387568628,1937390477055,2.908427,positive,,false
real_can_latency_20260710,63,before,false,enter_extended_session,1003,500300321388,1937416701365,1937419795571,3.094206,positive,,false
real_can_latency_20260710,63,before,false,request_security_seed,2701,6701123F,1937446025399,1937449129523,3.104124,positive,,false
real_can_latency_20260710,63,before,false,send_security_key,2702B765,6702,1937475395040,1937478323581,2.928541,positive,,false
real_can_latency_20260710,63,before,false,read_target_before,221234,621234003E,1937504548870,1937507653971,3.105101,positive,,false
real_can_latency_20260710,63,before,false,write_target,2E1234003F,6E1234,1937533929476,1937536986456,3.056980,positive,,false
real_can_latency_20260710,63,before,false,read_target_after,221234,621234003F,1937563239123,1937566249309,3.010186,positive,,false
real_can_latency_20260710,64,before,false,session_reset,1001,500100321388,1937592608833,1937595565242,2.956409,positive,,false
real_can_latency_20260710,64,before,false,enter_extended_session,1003,500300321388,1937621783196,1937624832983,3.049787,positive,,false
real_can_latency_20260710,64,before,false,request_security_seed,2701,67011240,1937651105066,1937654204021,3.098955,positive,,false
real_can_latency_20260710,64,before,false,send_security_key,2702B71A,6702,1937680442859,1937683461147,3.018288,positive,,false
real_can_latency_20260710,64,before,false,read_target_before,221234,621234003F,1937709698657,1937712734895,3.036238,positive,,false
real_can_latency_20260710,64,before,false,write_target,2E12340040,6E1234,1937739033168,1937742068707,3.035539,positive,,false
real_can_latency_20260710,64,before,false,read_target_after,221234,6212340040,1937768306008,1937771337775,3.031767,positive,,false
real_can_latency_20260710,65,before,false,session_reset,1001,500100321388,1937797720138,1937800638971,2.918833,positive,,false
real_can_latency_20260710,65,before,false,enter_extended_session,1003,500300321388,1937826886609,1937829919564,3.032955,positive,,false
real_can_latency_20260710,65,before,false,request_security_seed,2701,67011241,1937856162941,1937859210493,3.047552,positive,,false
real_can_latency_20260710,65,before,false,send_security_key,2702B71B,6702,1937885432429,1937888553873,3.121444,positive,,false
real_can_latency_20260710,65,before,false,read_target_before,221234,6212340040,1937914765403,1937917829367,3.063964,positive,,false
real_can_latency_20260710,65,before,false,write_target,2E12340041,6E1234,1937944059894,1937947152563,3.092669,positive,,false
real_can_latency_20260710,65,before,false,read_target_after,221234,6212340041,1937973347191,1937976327346,2.980155,positive,,false
real_can_latency_20260710,66,before,false,session_reset,1001,500100321388,1938002672343,1938005735330,3.062987,positive,,false
real_can_latency_20260710,66,before,false,enter_extended_session,1003,500300321388,1938032055533,1938035075428,3.019895,positive,,false
real_can_latency_20260710,66,before,false,request_security_seed,2701,67011242,1938061374678,1938064339118,2.964440,positive,,false
real_can_latency_20260710,66,before,false,send_security_key,2702B718,6702,1938090560007,1938093598828,3.038821,positive,,false
real_can_latency_20260710,66,before,false,read_target_before,221234,6212340041,1938119849818,1938122896183,3.046365,positive,,false
real_can_latency_20260710,66,before,false,write_target,2E12340042,6E1234,1938149151084,1938152226782,3.075698,positive,,false
real_can_latency_20260710,66,before,false,read_target_after,221234,6212340042,1938178474420,1938181521762,3.047342,positive,,false
real_can_latency_20260710,67,before,false,session_reset,1001,500100321388,1938207893928,1938210765827,2.871899,positive,,false
real_can_latency_20260710,67,before,false,enter_extended_session,1003,500300321388,1938237024780,1938240116192,3.091412,positive,,false
real_can_latency_20260710,67,before,false,request_security_seed,2701,67011243,1938266358731,1938269409566,3.050835,positive,,false
real_can_latency_20260710,67,before,false,send_security_key,2702B719,6702,1938295642397,1938298721168,3.078771,positive,,false
real_can_latency_20260710,67,before,false,read_target_before,221234,6212340042,1938324944152,1938328019710,3.075558,positive,,false
real_can_latency_20260710,67,before,false,write_target,2E12340043,6E1234,1938354265183,1938357266848,3.001665,positive,,false
real_can_latency_20260710,67,before,false,read_target_after,221234,6212340043,1938383508270,1938386562806,3.054536,positive,,false
real_can_latency_20260710,68,before,false,session_reset,1001,500100321388,1938413140237,1938415885234,2.744997,positive,,false
real_can_latency_20260710,68,before,false,enter_extended_session,1003,500300321388,1938442157875,1938445194252,3.036377,positive,,false
real_can_latency_20260710,68,before,false,request_security_seed,2701,67011244,1938471424639,1938474475333,3.050694,positive,,false
real_can_latency_20260710,68,before,false,send_security_key,2702B71E,6702,1938500697758,1938503748872,3.051114,positive,,false
real_can_latency_20260710,68,before,false,read_target_before,221234,6212340043,1938529990154,1938533081008,3.090854,positive,,false
real_can_latency_20260710,68,before,false,write_target,2E12340044,6E1234,1938559332906,1938562393798,3.060892,positive,,false
real_can_latency_20260710,68,before,false,read_target_after,221234,6212340044,1938588631797,1938591665241,3.033444,positive,,false
real_can_latency_20260710,69,before,false,session_reset,1001,500100321388,1938618084620,1938620960221,2.875601,positive,,false
real_can_latency_20260710,69,before,false,enter_extended_session,1003,500300321388,1938647272043,1938650280344,3.008301,positive,,false
real_can_latency_20260710,69,before,false,request_security_seed,2701,67011245,1938676528540,1938679560238,3.031698,positive,,false
real_can_latency_20260710,69,before,false,send_security_key,2702B71F,6702,1938705833508,1938708877078,3.043570,positive,,false
real_can_latency_20260710,69,before,false,read_target_before,221234,6212340044,1938735180450,1938738176389,2.995939,positive,,false
real_can_latency_20260710,69,before,false,write_target,2E12340045,6E1234,1938764398045,1938767415635,3.017590,positive,,false
real_can_latency_20260710,69,before,false,read_target_after,221234,6212340045,1938793670396,1938796769282,3.098886,positive,,false
real_can_latency_20260710,70,before,false,session_reset,1001,500100321388,1938823148991,1938826070268,2.921277,positive,,false
real_can_latency_20260710,70,before,false,enter_extended_session,1003,500300321388,1938852290738,1938855372861,3.082123,positive,,false
real_can_latency_20260710,70,before,false,request_security_seed,2701,67011246,1938881577546,1938884628311,3.050765,positive,,false
real_can_latency_20260710,70,before,false,send_security_key,2702B71C,6702,1938910855066,1938913919519,3.064453,positive,,false
real_can_latency_20260710,70,before,false,read_target_before,221234,6212340045,1938940169462,1938943233985,3.064523,positive,,false
real_can_latency_20260710,70,before,false,write_target,2E12340046,6E1234,1938969448238,1938972533086,3.084848,positive,,false
real_can_latency_20260710,70,before,false,read_target_after,221234,6212340046,1938998784146,1939001803342,3.019196,positive,,false
real_can_latency_20260710,71,before,false,session_reset,1001,500100321388,1939028163215,1939031152589,2.989374,positive,,false
real_can_latency_20260710,71,before,false,enter_extended_session,1003,500300321388,1939057408538,1939060421378,3.012840,positive,,false
real_can_latency_20260710,71,before,false,request_security_seed,2701,67011247,1939086666711,1939089716777,3.050066,positive,,false
real_can_latency_20260710,71,before,false,send_security_key,2702B71D,6702,1939115975939,1939119040672,3.064733,positive,,false
real_can_latency_20260710,71,before,false,read_target_before,221234,6212340046,1939145266659,1939148312045,3.045386,positive,,false
real_can_latency_20260710,71,before,false,write_target,2E12340047,6E1234,1939174561708,1939177600879,3.039171,positive,,false
real_can_latency_20260710,71,before,false,read_target_after,221234,6212340047,1939203850403,1939206922329,3.071926,positive,,false
real_can_latency_20260710,72,before,false,session_reset,1001,500100321388,1939233302597,1939236319488,3.016891,positive,,false
real_can_latency_20260710,72,before,false,enter_extended_session,1003,500300321388,1939262573481,1939265548677,2.975196,positive,,false
real_can_latency_20260710,72,before,false,request_security_seed,2701,67011248,1939291768657,1939294797841,3.029184,positive,,false
real_can_latency_20260710,72,before,false,send_security_key,2702B712,6702,1939321066082,1939324158682,3.092600,positive,,false
real_can_latency_20260710,72,before,false,read_target_before,221234,6212340047,1939350619197,1939353429845,2.810648,positive,,false
real_can_latency_20260710,72,before,false,write_target,2E12340048,6E1234,1939379690055,1939382748642,3.058587,positive,,false
real_can_latency_20260710,72,before,false,read_target_after,221234,6212340048,1939408987619,1939411997805,3.010186,positive,,false
real_can_latency_20260710,73,before,false,session_reset,1001,500100321388,1939438376536,1939441253604,2.877068,positive,,false
real_can_latency_20260710,73,before,false,enter_extended_session,1003,500300321388,1939467495165,1939470574984,3.079819,positive,,false
real_can_latency_20260710,73,before,false,request_security_seed,2701,67011249,1939496813822,1939499920879,3.107057,positive,,false
real_can_latency_20260710,73,before,false,send_security_key,2702B713,6702,1939526159298,1939529212926,3.053628,positive,,false
real_can_latency_20260710,73,before,false,read_target_before,221234,6212340048,1939555415096,1939558442534,3.027438,positive,,false
real_can_latency_20260710,73,before,false,write_target,2E12340049,6E1234,1939584658812,1939587739469,3.080657,positive,,false
real_can_latency_20260710,73,before,false,read_target_after,221234,6212340049,1939613993323,1939617078799,3.085476,positive,,false
real_can_latency_20260710,74,before,false,session_reset,1001,500100321388,1939643515289,1939646446205,2.930916,positive,,false
real_can_latency_20260710,74,before,false,enter_extended_session,1003,500300321388,1939672695030,1939675661076,2.966046,positive,,false
real_can_latency_20260710,74,before,false,request_security_seed,2701,6701124A,1939701866390,1939704935243,3.068853,positive,,false
real_can_latency_20260710,74,before,false,send_security_key,2702B710,6702,1939731194615,1939734302999,3.108384,positive,,false
real_can_latency_20260710,74,before,false,read_target_before,221234,6212340049,1939760688993,1939763579261,2.890268,positive,,false
real_can_latency_20260710,74,before,false,write_target,2E1234004A,6E1234,1939789809229,1939792871517,3.062288,positive,,false
real_can_latency_20260710,74,before,false,read_target_after,221234,621234004A,1939819152958,1939822222371,3.069413,positive,,false
real_can_latency_20260710,75,before,false,session_reset,1001,500100321388,1939848867618,1939851444296,2.576678,positive,,false
real_can_latency_20260710,75,before,false,enter_extended_session,1003,500300321388,1939877698569,1939880751219,3.052650,positive,,false
real_can_latency_20260710,75,before,false,request_security_seed,2701,6701124B,1939906966660,1939910056606,3.089946,positive,,false
real_can_latency_20260710,75,before,false,send_security_key,2702B711,6702,1939936317583,1939939318550,3.000967,positive,,false
real_can_latency_20260710,75,before,false,read_target_before,221234,621234004A,1939965538181,1939968612692,3.074511,positive,,false
real_can_latency_20260710,75,before,false,write_target,2E1234004B,6E1234,1939994865079,1939997929114,3.064035,positive,,false
real_can_latency_20260710,75,before,false,read_target_after,221234,621234004B,1940024159431,1940027226957,3.067526,positive,,false
real_can_latency_20260710,76,before,false,session_reset,1001,500100321388,1940053582012,1940056547011,2.964999,positive,,false
real_can_latency_20260710,76,before,false,enter_extended_session,1003,500300321388,1940082790597,1940085849114,3.058517,positive,,false
real_can_latency_20260710,76,before,false,request_security_seed,2701,6701124C,1940112044022,1940115177898,3.133876,positive,,false
real_can_latency_20260710,76,before,false,send_security_key,2702B716,6702,1940141417644,1940144439214,3.021570,positive,,false
real_can_latency_20260710,76,before,false,read_target_before,221234,621234004B,1940170676515,1940173706188,3.029673,positive,,false
real_can_latency_20260710,76,before,false,write_target,2E1234004C,6E1234,1940199957108,1940203054457,3.097349,positive,,false
real_can_latency_20260710,76,before,false,read_target_after,221234,621234004C,1940229306774,1940232295519,2.988745,positive,,false
real_can_latency_20260710,77,before,false,session_reset,1001,500100321388,1940258629412,1940261592455,2.963043,positive,,false
real_can_latency_20260710,77,before,false,enter_extended_session,1003,500300321388,1940287825007,1940290947499,3.122492,positive,,false
real_can_latency_20260710,77,before,false,request_security_seed,2701,6701124D,1940317188921,1940320217615,3.028694,positive,,false
real_can_latency_20260710,77,before,false,send_security_key,2702B717,6702,1940346474821,1940349513084,3.038263,positive,,false
real_can_latency_20260710,77,before,false,read_target_before,221234,621234004C,1940375748639,1940378779499,3.030860,positive,,false
real_can_latency_20260710,77,before,false,write_target,2E1234004D,6E1234,1940405039778,1940408221845,3.182067,positive,,false
real_can_latency_20260710,77,before,false,read_target_after,221234,621234004D,1940434454677,1940437436577,2.981900,positive,,false
real_can_latency_20260710,78,before,false,session_reset,1001,500100321388,1940463852673,1940466723804,2.871131,positive,,false
real_can_latency_20260710,78,before,false,enter_extended_session,1003,500300321388,1940492965226,1940496023743,3.058517,positive,,false
real_can_latency_20260710,78,before,false,request_security_seed,2701,6701124E,1940522234505,1940525289180,3.054675,positive,,false
real_can_latency_20260710,78,before,false,send_security_key,2702B714,6702,1940551547993,1940554641780,3.093787,positive,,false
real_can_latency_20260710,78,before,false,read_target_before,221234,621234004D,1940580880059,1940583932360,3.052301,positive,,false
real_can_latency_20260710,78,before,false,write_target,2E1234004E,6E1234,1940610163445,1940613173631,3.010186,positive,,false
real_can_latency_20260710,78,before,false,read_target_after,221234,621234004E,1940639393891,1940642460370,3.066479,positive,,false
real_can_latency_20260710,79,before,false,session_reset,1001,500100321388,1940668839171,1940671790201,2.951030,positive,,false
real_can_latency_20260710,79,before,false,enter_extended_session,1003,500300321388,1940698040912,1940701199093,3.158181,positive,,false
real_can_latency_20260710,79,before,false,request_security_seed,2701,6701124F,1940727466217,1940730359279,2.893062,positive,,false
real_can_latency_20260710,79,before,false,send_security_key,2702B715,6702,1940756615786,1940759691834,3.076048,positive,,false
real_can_latency_20260710,79,before,false,read_target_before,221234,621234004E,1940785881153,1940788879397,2.998244,positive,,false
real_can_latency_20260710,79,before,false,write_target,2E1234004F,6E1234,1940815023249,1940817281797,2.258548,positive,,false
real_can_latency_20260710,79,before,false,read_target_after,221234,621234004F,1940843473911,1940846516085,3.042174,positive,,false
real_can_latency_20260710,80,before,false,session_reset,1001,500100321388,1940872858568,1940875871408,3.012840,positive,,false
real_can_latency_20260710,80,before,false,enter_extended_session,1003,500300321388,1940902073160,1940905166947,3.093787,positive,,false
real_can_latency_20260710,80,before,false,request_security_seed,2701,67011250,1940931399569,1940934456549,3.056980,positive,,false
real_can_latency_20260710,80,before,false,send_security_key,2702B70A,6702,1940960709984,1940963797974,3.087990,positive,,false
real_can_latency_20260710,80,before,false,read_target_before,221234,621234004F,1940990034577,1940993071443,3.036866,positive,,false
real_can_latency_20260710,80,before,false,write_target,2E12340050,6E1234,1941019322153,1941022384512,3.062359,positive,,false
real_can_latency_20260710,80,before,false,read_target_after,221234,6212340050,1941048601838,1941051659238,3.057400,positive,,false
real_can_latency_20260710,81,before,false,session_reset,1001,500100321388,1941078031404,1941080975450,2.944046,positive,,false
real_can_latency_20260710,81,before,false,enter_extended_session,1003,500300321388,1941107188655,1941110275039,3.086384,positive,,false
real_can_latency_20260710,81,before,false,request_security_seed,2701,67011251,1941136504937,1941139562826,3.057889,positive,,false
real_can_latency_20260710,81,before,false,send_security_key,2702B70B,6702,1941165808089,1941168850193,3.042104,positive,,false
real_can_latency_20260710,81,before,false,read_target_before,221234,6212340050,1941195053551,1941198196367,3.142816,positive,,false
real_can_latency_20260710,81,before,false,write_target,2E12340051,6E1234,1941224417605,1941227464947,3.047342,positive,,false
real_can_latency_20260710,81,before,false,read_target_after,221234,6212340051,1941253675289,1941256743165,3.067876,positive,,false
real_can_latency_20260710,82,before,false,session_reset,1001,500100321388,1941283147668,1941286025643,2.877975,positive,,false
real_can_latency_20260710,82,before,false,enter_extended_session,1003,500300321388,1941312255402,1941315333684,3.078282,positive,,false
real_can_latency_20260710,82,before,false,request_security_seed,2701,67011252,1941341545004,1941344612670,3.067666,positive,,false
real_can_latency_20260710,82,before,false,send_security_key,2702B708,6702,1941370866733,1941373924272,3.057539,positive,,false
real_can_latency_20260710,82,before,false,read_target_before,221234,6212340051,1941400171561,1941403238040,3.066479,positive,,false
real_can_latency_20260710,82,before,false,write_target,2E12340052,6E1234,1941429481417,1941432468765,2.987348,positive,,false
real_can_latency_20260710,82,before,false,read_target_after,221234,6212340052,1941458681762,1941461790216,3.108454,positive,,false
real_can_latency_20260710,83,before,false,session_reset,1001,500100321388,1941488211620,1941491186886,2.975266,positive,,false
real_can_latency_20260710,83,before,false,enter_extended_session,1003,500300321388,1941517433546,1941520423687,2.990141,positive,,false
real_can_latency_20260710,83,before,false,request_security_seed,2701,67011253,1941546659941,1941549757988,3.098047,positive,,false
real_can_latency_20260710,83,before,false,send_security_key,2702B709,6702,1941575980064,1941579056321,3.076257,positive,,false
real_can_latency_20260710,83,before,false,read_target_before,221234,6212340052,1941605269387,1941608289840,3.020453,positive,,false
real_can_latency_20260710,83,before,false,write_target,2E12340053,6E1234,1941634522811,1941637615062,3.092251,positive,,false
real_can_latency_20260710,83,before,false,read_target_after,221234,6212340053,1941663873315,1941666887064,3.013749,positive,,false
real_can_latency_20260710,84,before,false,session_reset,1001,500100321388,1941693302671,1941696206279,2.903608,positive,,false
real_can_latency_20260710,84,before,false,enter_extended_session,1003,500300321388,1941722424653,1941725491272,3.066619,positive,,false
real_can_latency_20260710,84,before,false,request_security_seed,2701,67011254,1941751710903,1941754818239,3.107336,positive,,false
real_can_latency_20260710,84,before,false,send_security_key,2702B70E,6702,1941781041642,1941784200591,3.158949,positive,,false
real_can_latency_20260710,84,before,false,read_target_before,221234,6212340053,1941810468204,1941813379564,2.911360,positive,,false
real_can_latency_20260710,84,before,false,write_target,2E12340054,6E1234,1941839623640,1941842711281,3.087641,positive,,false
real_can_latency_20260710,84,before,false,read_target_after,221234,6212340054,1941868937338,1941871948083,3.010745,positive,,false
real_can_latency_20260710,85,before,false,session_reset,1001,500100321388,1941898293988,1941901285527,2.991539,positive,,false
real_can_latency_20260710,85,before,false,enter_extended_session,1003,500300321388,1941927497266,1941930593707,3.096441,positive,,false
real_can_latency_20260710,85,before,false,request_security_seed,2701,67011255,1941956824722,1941959876255,3.051533,positive,,false
real_can_latency_20260710,85,before,false,send_security_key,2702B70F,6702,1941986147360,1941989190512,3.043152,positive,,false
real_can_latency_20260710,85,before,false,read_target_before,221234,6212340054,1942015420479,1942018457834,3.037355,positive,,false
real_can_latency_20260710,85,before,false,write_target,2E12340055,6E1234,1942044706170,1942047715030,3.008860,positive,,false
real_can_latency_20260710,85,before,false,read_target_after,221234,6212340055,1942073957220,1942077109604,3.152384,positive,,false
real_can_latency_20260710,86,before,false,session_reset,1001,500100321388,1942103487916,1942106343193,2.855277,positive,,false
real_can_latency_20260710,86,before,false,enter_extended_session,1003,500300321388,1942132592088,1942135639501,3.047413,positive,,false
real_can_latency_20260710,86,before,false,request_security_seed,2701,67011256,1942161872262,1942164928335,3.056073,positive,,false
real_can_latency_20260710,86,before,false,send_security_key,2702B70C,6702,1942191262157,1942194269480,3.007323,positive,,false
real_can_latency_20260710,86,before,false,read_target_before,221234,6212340055,1942220530039,1942223570187,3.040148,positive,,false
real_can_latency_20260710,86,before,false,write_target,2E12340056,6E1234,1942249820270,1942252798678,2.978408,positive,,false
real_can_latency_20260710,86,before,false,read_target_after,221234,6212340056,1942279044989,1942282187246,3.142257,positive,,false
real_can_latency_20260710,87,before,false,session_reset,1001,500100321388,1942308536993,1942311431242,2.894249,positive,,false
real_can_latency_20260710,87,before,false,enter_extended_session,1003,500300321388,1942337671756,1942340793549,3.121793,positive,,false
real_can_latency_20260710,87,before,false,request_security_seed,2701,67011257,1942367044889,1942370087063,3.042174,positive,,false
real_can_latency_20260710,87,before,false,send_security_key,2702B70D,6702,1942396339799,1942399364303,3.024504,positive,,false
real_can_latency_20260710,87,before,false,read_target_before,221234,6212340056,1942425598042,1942428639727,3.041685,positive,,false
real_can_latency_20260710,87,before,false,write_target,2E12340057,6E1234,1942454887854,1942457962923,3.075069,positive,,false
real_can_latency_20260710,87,before,false,read_target_after,221234,6212340057,1942484203787,1942487229967,3.026180,positive,,false
real_can_latency_20260710,88,before,false,session_reset,1001,500100321388,1942513546818,1942516497289,2.950471,positive,,false
real_can_latency_20260710,88,before,false,enter_extended_session,1003,500300321388,1942542703930,1942545839064,3.135134,positive,,false
real_can_latency_20260710,88,before,false,request_security_seed,2701,67011258,1942572071127,1942575185727,3.114600,positive,,false
real_can_latency_20260710,88,before,false,send_security_key,2702B702,6702,1942601449917,1942604463945,3.014028,positive,,false
real_can_latency_20260710,88,before,false,read_target_before,221234,6212340057,1942630686789,1942633835262,3.148473,positive,,false
real_can_latency_20260710,88,before,false,write_target,2E12340058,6E1234,1942660057896,1942663068083,3.010187,positive,,false
real_can_latency_20260710,88,before,false,read_target_after,221234,6212340058,1942689320121,1942692292173,2.972052,positive,,false
real_can_latency_20260710,89,before,false,session_reset,1001,500100321388,1942718678936,1942721576957,2.898021,positive,,false
real_can_latency_20260710,89,before,false,enter_extended_session,1003,500300321388,1942747780664,1942750858946,3.078282,positive,,false
real_can_latency_20260710,89,before,false,request_security_seed,2701,67011259,1942777052456,1942780157069,3.104613,positive,,false
real_can_latency_20260710,89,before,false,send_security_key,2702B703,6702,1942806378726,1942809535021,3.156295,positive,,false
real_can_latency_20260710,89,before,false,read_target_before,221234,6212340058,1942835781681,1942838774477,2.992796,positive,,false
real_can_latency_20260710,89,before,false,write_target,2E12340059,6E1234,1942864981467,1942868256983,3.275516,positive,,false
real_can_latency_20260710,89,before,false,read_target_after,221234,6212340059,1942894502106,1942897381269,2.879163,positive,,false
real_can_latency_20260710,90,before,false,session_reset,1001,500100321388,1942923721447,1942926655716,2.934269,positive,,false
real_can_latency_20260710,90,before,false,enter_extended_session,1003,500300321388,1942952874090,1942956030735,3.156645,positive,,false
real_can_latency_20260710,90,before,false,request_security_seed,2701,6701125A,1942982240867,1942985249866,3.008999,positive,,false
real_can_latency_20260710,90,before,false,send_security_key,2702B700,6702,1943011469777,1943014938196,3.468419,positive,,false
real_can_latency_20260710,90,before,false,read_target_before,221234,6212340059,1943041158246,1943043818874,2.660628,positive,,false
real_can_latency_20260710,90,before,false,write_target,2E1234005A,6E1234,1943070043953,1943073200109,3.156156,positive,,false
real_can_latency_20260710,90,before,false,read_target_after,221234,621234005A,1943099450750,1943102438796,2.988046,positive,,false
real_can_latency_20260710,91,before,false,session_reset,1001,500100321388,1943128716047,1943131744812,3.028765,positive,,false
real_can_latency_20260710,91,before,false,enter_extended_session,1003,500300321388,1943157959973,1943161094618,3.134645,positive,,false
real_can_latency_20260710,91,before,false,request_security_seed,2701,6701125B,1943187290083,1943190364175,3.074092,positive,,false
real_can_latency_20260710,91,before,false,send_security_key,2702B701,6702,1943216562155,1943219659155,3.097000,positive,,false
real_can_latency_20260710,91,before,false,read_target_before,221234,621234005A,1943245943530,1943248987590,3.044060,positive,,false
real_can_latency_20260710,91,before,false,write_target,2E1234005B,6E1234,1943275268402,1943278313580,3.045178,positive,,false
real_can_latency_20260710,91,before,false,read_target_after,221234,621234005B,1943304561008,1943307588515,3.027507,positive,,false
real_can_latency_20260710,92,before,false,session_reset,1001,500100321388,1943333992529,1943336852765,2.860236,positive,,false
real_can_latency_20260710,92,before,false,enter_extended_session,1003,500300321388,1943363147825,1943366175123,3.027298,positive,,false
real_can_latency_20260710,92,before,false,request_security_seed,2701,6701125C,1943392419408,1943395476738,3.057330,positive,,false
real_can_latency_20260710,92,before,false,send_security_key,2702B706,6702,1943421717112,1943424781217,3.064105,positive,,false
real_can_latency_20260710,92,before,false,read_target_before,221234,621234005B,1943451046455,1943454058527,3.012072,positive,,false
real_can_latency_20260710,92,before,false,write_target,2E1234005C,6E1234,1943480313358,1943483346523,3.033165,positive,,false
real_can_latency_20260710,92,before,false,read_target_after,221234,621234005C,1943509581589,1943512610074,3.028485,positive,,false
real_can_latency_20260710,93,before,false,session_reset,1001,500100321388,1943538984405,1943541906521,2.922116,positive,,false
real_can_latency_20260710,93,before,false,enter_extended_session,1003,500300321388,1943568163797,1943571248434,3.084637,positive,,false
real_can_latency_20260710,93,before,false,request_security_seed,2701,6701125D,1943597491323,1943600521345,3.030022,positive,,false
real_can_latency_20260710,93,before,false,send_security_key,2702B707,6702,1943626745236,1943629817652,3.072416,positive,,false
real_can_latency_20260710,93,before,false,read_target_before,221234,621234005C,1943656048737,1943659261046,3.212309,positive,,false
real_can_latency_20260710,93,before,false,write_target,2E1234005D,6E1234,1943685513503,1943688444907,2.931404,positive,,false
real_can_latency_20260710,93,before,false,read_target_after,221234,621234005D,1943714701834,1943717734580,3.032746,positive,,false
real_can_latency_20260710,94,before,false,session_reset,1001,500100321388,1943744167019,1943747028093,2.861074,positive,,false
real_can_latency_20260710,94,before,false,enter_extended_session,1003,500300321388,1943773273915,1943776331803,3.057888,positive,,false
real_can_latency_20260710,94,before,false,request_security_seed,2701,6701125E,1943802566939,1943805703470,3.136531,positive,,false
real_can_latency_20260710,94,before,false,send_security_key,2702B704,6702,1943831935463,1943834898367,2.962904,positive,,false
real_can_latency_20260710,94,before,false,read_target_before,221234,621234005D,1943861147890,1943864164223,3.016333,positive,,false
real_can_latency_20260710,94,before,false,write_target,2E1234005E,6E1234,1943890401035,1943893454872,3.053837,positive,,false
real_can_latency_20260710,94,before,false,read_target_after,221234,621234005E,1943919640491,1943922765288,3.124797,positive,,false
real_can_latency_20260710,95,before,false,session_reset,1001,500100321388,1943949125860,1943952112649,2.986789,positive,,false
real_can_latency_20260710,95,before,false,enter_extended_session,1003,500300321388,1943978348344,1943981429839,3.081495,positive,,false
real_can_latency_20260710,95,before,false,request_security_seed,2701,6701125F,1944007664277,1944010696254,3.031977,positive,,false
real_can_latency_20260710,95,before,false,send_security_key,2702B705,6702,1944036985378,1944039988929,3.003551,positive,,false
real_can_latency_20260710,95,before,false,read_target_before,221234,621234005E,1944066233773,1944069300532,3.066759,positive,,false
real_can_latency_20260710,95,before,false,write_target,2E1234005F,6E1234,1944095538881,1944098526298,2.987417,positive,,false
real_can_latency_20260710,95,before,false,read_target_after,221234,621234005F,1944124719599,1944127843628,3.124029,positive,,false
real_can_latency_20260710,96,before,false,session_reset,1001,500100321388,1944154236258,1944157239879,3.003621,positive,,false
real_can_latency_20260710,96,before,false,enter_extended_session,1003,500300321388,1944183433878,1944186454750,3.020872,positive,,false
real_can_latency_20260710,96,before,false,request_security_seed,2701,67011260,1944212689467,1944215828792,3.139325,positive,,false
real_can_latency_20260710,96,before,false,send_security_key,2702B73A,6702,1944242091236,1944245087873,2.996637,positive,,false
real_can_latency_20260710,96,before,false,read_target_before,221234,621234005F,1944271310018,1944274389278,3.079260,positive,,false
real_can_latency_20260710,96,before,false,write_target,2E12340060,6E1234,1944300601926,1944303697598,3.095672,positive,,false
real_can_latency_20260710,96,before,false,read_target_after,221234,6212340060,1944330347316,1944332971486,2.624170,positive,,false
real_can_latency_20260710,97,before,false,session_reset,1001,500100321388,1944359345538,1944362258365,2.912827,positive,,false
real_can_latency_20260710,97,before,false,enter_extended_session,1003,500300321388,1944388473596,1944391589593,3.115997,positive,,false
real_can_latency_20260710,97,before,false,request_security_seed,2701,67011261,1944417810551,1944420887436,3.076885,positive,,false
real_can_latency_20260710,97,before,false,send_security_key,2702B73B,6702,1944447158332,1944450215172,3.056840,positive,,false
real_can_latency_20260710,97,before,false,read_target_before,221234,6212340060,1944476449820,1944479449670,2.999850,positive,,false
real_can_latency_20260710,97,before,false,write_target,2E12340061,6E1234,1944505690184,1944508866803,3.176619,positive,,false
real_can_latency_20260710,97,before,false,read_target_after,221234,6212340061,1944535136860,1944538032995,2.896135,positive,,false
real_can_latency_20260710,98,before,false,session_reset,1001,500100321388,1944564422202,1944567310934,2.888732,positive,,false
real_can_latency_20260710,98,before,false,enter_extended_session,1003,500300321388,1944593560178,1944596637133,3.076955,positive,,false
real_can_latency_20260710,98,before,false,request_security_seed,2701,67011262,1944622844402,1944625920310,3.075908,positive,,false
real_can_latency_20260710,98,before,false,send_security_key,2702B738,6702,1944652178424,1944655477826,3.299402,positive,,false
real_can_latency_20260710,98,before,false,read_target_before,221234,6212340061,1944681721343,1944684532340,2.810997,positive,,false
real_can_latency_20260710,98,before,false,write_target,2E12340062,6E1234,1944710781026,1944713843733,3.062707,positive,,false
real_can_latency_20260710,98,before,false,read_target_after,221234,6212340062,1944740052399,1944743279095,3.226696,positive,,false
real_can_latency_20260710,99,before,false,session_reset,1001,500100321388,1944769618785,1944772426290,2.807505,positive,,false
real_can_latency_20260710,99,before,false,enter_extended_session,1003,500300321388,1944798628321,1944801691378,3.063057,positive,,false
real_can_latency_20260710,99,before,false,request_security_seed,2701,67011263,1944827891803,1944831070378,3.178575,positive,,false
real_can_latency_20260710,99,before,false,send_security_key,2702B739,6702,1944857305235,1944860357326,3.052091,positive,,false
real_can_latency_20260710,99,before,false,read_target_before,221234,6212340062,1944886603428,1944889643367,3.039939,positive,,false
real_can_latency_20260710,99,before,false,write_target,2E12340063,6E1234,1944915854966,1944918887432,3.032466,positive,,false
real_can_latency_20260710,99,before,false,read_target_after,221234,6212340063,1944945128365,1944948205460,3.077095,positive,,false
real_can_latency_20260710,100,before,false,session_reset,1001,500100321388,1944974538445,1944977464192,2.925747,positive,,false
real_can_latency_20260710,100,before,false,enter_extended_session,1003,500300321388,1945003699608,1945006837884,3.138276,positive,,false
real_can_latency_20260710,100,before,false,request_security_seed,2701,67011264,1945033076862,1945036127836,3.050974,positive,,false
real_can_latency_20260710,100,before,false,send_security_key,2702B73E,6702,1945062368419,1945065389641,3.021222,positive,,false
real_can_latency_20260710,100,before,false,read_target_before,221234,6212340063,1945091613602,1945094676519,3.062917,positive,,false
real_can_latency_20260710,100,before,false,write_target,2E12340064,6E1234,1945120922411,1945124047697,3.125286,positive,,false
real_can_latency_20260710,100,before,false,read_target_after,221234,6212340064,1945150313354,1945153308734,2.995380,positive,,false
real_can_latency_20260710,101,before,false,session_reset,1001,500100321388,1945179908864,1945182568025,2.659161,positive,,false
real_can_latency_20260710,101,before,false,enter_extended_session,1003,500300321388,1945208779834,1945211857278,3.077444,positive,,false
real_can_latency_20260710,101,before,false,request_security_seed,2701,67011265,1945238075792,1945241228456,3.152664,positive,,false
real_can_latency_20260710,101,before,false,send_security_key,2702B73F,6702,1945267501795,1945270503810,3.002015,positive,,false
real_can_latency_20260710,101,before,false,read_target_before,221234,6212340064,1945296736781,1945299729856,2.993075,positive,,false
real_can_latency_20260710,101,before,false,write_target,2E12340065,6E1234,1945325994536,1945329245747,3.251211,positive,,false
real_can_latency_20260710,101,before,false,read_target_after,221234,6212340065,1945355456508,1945358376878,2.920370,positive,,false
real_can_latency_20260710,102,before,false,session_reset,1001,500100321388,1945384705183,1945387656981,2.951798,positive,,false
real_can_latency_20260710,102,before,false,enter_extended_session,1003,500300321388,1945413899032,1945416980806,3.081774,positive,,false
real_can_latency_20260710,102,before,false,request_security_seed,2701,67011266,1945443232146,1945446261399,3.029253,positive,,false
real_can_latency_20260710,102,before,false,send_security_key,2702B73C,6702,1945472487456,1945475558684,3.071228,positive,,false
real_can_latency_20260710,102,before,false,read_target_before,221234,6212340065,1945501793820,1945504820699,3.026879,positive,,false
real_can_latency_20260710,102,before,false,write_target,2E12340066,6E1234,1945531043194,1945534243140,3.199946,positive,,false
real_can_latency_20260710,102,before,false,read_target_after,221234,6212340066,1945560483305,1945563647563,3.164258,positive,,false
real_can_latency_20260710,103,before,false,session_reset,1001,500100321388,1945590076301,1945592765354,2.689053,positive,,false
real_can_latency_20260710,103,before,false,enter_extended_session,1003,500300321388,1945618983239,1945622067318,3.084079,positive,,false
real_can_latency_20260710,103,before,false,request_security_seed,2701,67011267,1945648313769,1945651364953,3.051184,positive,,false
real_can_latency_20260710,103,before,false,send_security_key,2702B73D,6702,1945677626838,1945680687869,3.061031,positive,,false
real_can_latency_20260710,103,before,false,read_target_before,221234,6212340066,1945706912599,1945709977123,3.064524,positive,,false
real_can_latency_20260710,103,before,false,write_target,2E12340067,6E1234,1945736169795,1945739267773,3.097978,positive,,false
real_can_latency_20260710,103,before,false,read_target_after,221234,6212340067,1945765494039,1945768503457,3.009418,positive,,false
real_can_latency_20260710,104,before,false,session_reset,1001,500100321388,1945794883864,1945797875403,2.991539,positive,,false
real_can_latency_20260710,104,before,false,enter_extended_session,1003,500300321388,1945824138196,1945827505624,3.367428,positive,,false
real_can_latency_20260710,104,before,false,request_security_seed,2701,67011268,1945853712195,1945856448182,2.735987,positive,,false
real_can_latency_20260710,104,before,false,send_security_key,2702B732,6702,1945882680594,1945885747004,3.066410,positive,,false
real_can_latency_20260710,104,before,false,read_target_before,221234,6212340067,1945911962165,1945915052949,3.090784,positive,,false
real_can_latency_20260710,104,before,false,write_target,2E12340068,6E1234,1945941290460,1945944329561,3.039101,positive,,false
real_can_latency_20260710,104,before,false,read_target_after,221234,6212340068,1945970553382,1945973622865,3.069483,positive,,false
real_can_latency_20260710,105,before,false,session_reset,1001,500100321388,1945999909614,1946002939566,3.029952,positive,,false
real_can_latency_20260710,105,before,false,enter_extended_session,1003,500300321388,1946029179241,1946032210241,3.031000,positive,,false
real_can_latency_20260710,105,before,false,request_security_seed,2701,67011269,1946058455504,1946061537278,3.081774,positive,,false
real_can_latency_20260710,105,before,false,send_security_key,2702B733,6702,1946087759494,1946090824576,3.065082,positive,,false
real_can_latency_20260710,105,before,false,read_target_before,221234,6212340068,1946117070817,1946120109988,3.039171,positive,,false
real_can_latency_20260710,105,before,false,write_target,2E12340069,6E1234,1946146328502,1946149395400,3.066898,positive,,false
real_can_latency_20260710,105,before,false,read_target_after,221234,6212340069,1946175586326,1946178634506,3.048180,positive,,false
real_can_latency_20260710,106,before,false,session_reset,1001,500100321388,1946205153131,1946208018325,2.865194,positive,,false
real_can_latency_20260710,106,before,false,enter_extended_session,1003,500300321388,1946234234953,1946237318125,3.083172,positive,,false
real_can_latency_20260710,106,before,false,request_security_seed,2701,6701126A,1946263518759,1946266605282,3.086523,positive,,false
real_can_latency_20260710,106,before,false,send_security_key,2702B730,6702,1946292828895,1946295864434,3.035539,positive,,false
real_can_latency_20260710,106,before,false,read_target_before,221234,6212340069,1946322142662,1946325224507,3.081845,positive,,false
real_can_latency_20260710,106,before,false,write_target,2E1234006A,6E1234,1946351488418,1946354540300,3.051882,positive,,false
real_can_latency_20260710,106,before,false,read_target_after,221234,621234006A,1946380761258,1946383802873,3.041615,positive,,false
real_can_latency_20260710,107,before,false,session_reset,1001,500100321388,1946410162049,1946413081021,2.918972,positive,,false
real_can_latency_20260710,107,before,false,enter_extended_session,1003,500300321388,1946439304075,1946442395278,3.091203,positive,,false
real_can_latency_20260710,107,before,false,request_security_seed,2701,6701126B,1946468606179,1946471722595,3.116416,positive,,false
real_can_latency_20260710,107,before,false,send_security_key,2702B731,6702,1946497994608,1946500980769,2.986161,positive,,false
real_can_latency_20260710,107,before,false,read_target_before,221234,621234006A,1946527151580,1946530257590,3.106010,positive,,false
real_can_latency_20260710,107,before,false,write_target,2E1234006B,6E1234,1946556468142,1946559579878,3.111736,positive,,false
real_can_latency_20260710,107,before,false,read_target_after,221234,621234006B,1946586034527,1946588843918,2.809391,positive,,false
real_can_latency_20260710,108,before,false,session_reset,1001,500100321388,1946615252193,1946618258468,3.006275,positive,,false
real_can_latency_20260710,108,before,false,enter_extended_session,1003,500300321388,1946644502753,1946647476552,2.973799,positive,,false
real_can_latency_20260710,108,before,false,request_security_seed,2701,6701126C,1946673720488,1946676766504,3.046016,positive,,false
real_can_latency_20260710,108,before,false,send_security_key,2702B736,6702,1946702987322,1946706066163,3.078841,positive,,false
real_can_latency_20260710,108,before,false,read_target_before,221234,621234006B,1946732507403,1946735390128,2.882725,positive,,false
real_can_latency_20260710,108,before,false,write_target,2E1234006C,6E1234,1946761671709,1946764673654,3.001945,positive,,false
real_can_latency_20260710,108,before,false,read_target_after,221234,621234006C,1946790884765,1946793906335,3.021570,positive,,false
real_can_latency_20260710,109,before,false,session_reset,1001,500100321388,1946820271587,1946823235608,2.964021,positive,,false
real_can_latency_20260710,109,before,false,enter_extended_session,1003,500300321388,1946849475563,1946852562925,3.087362,positive,,false
real_can_latency_20260710,109,before,false,request_security_seed,2701,6701126D,1946878802321,1946881842609,3.040288,positive,,false
real_can_latency_20260710,109,before,false,send_security_key,2702B737,6702,1946908112736,1946911226848,3.114112,positive,,false
real_can_latency_20260710,109,before,false,read_target_before,221234,621234006C,1946937471063,1946940430894,2.959831,positive,,false
real_can_latency_20260710,109,before,false,write_target,2E1234006D,6E1234,1946966679160,1946969755626,3.076466,positive,,false
real_can_latency_20260710,109,before,false,read_target_after,221234,621234006D,1946995970788,1946999068626,3.097838,positive,,false
real_can_latency_20260710,110,before,false,session_reset,1001,500100321388,1947025438347,1947028350895,2.912548,positive,,false
real_can_latency_20260710,110,before,false,enter_extended_session,1003,500300321388,1947054565637,1947057657748,3.092111,positive,,false
real_can_latency_20260710,110,before,false,request_security_seed,2701,6701126E,1947083881081,1947086929262,3.048181,positive,,false
real_can_latency_20260710,110,before,false,send_security_key,2702B734,6702,1947113146798,1947116186667,3.039869,positive,,false
real_can_latency_20260710,110,before,false,read_target_before,221234,621234006D,1947142421943,1947145539616,3.117673,positive,,false
real_can_latency_20260710,110,before,false,write_target,2E1234006E,6E1234,1947171765533,1947174840812,3.075279,positive,,false
real_can_latency_20260710,110,before,false,read_target_after,221234,621234006E,1947201039980,1947204114351,3.074371,positive,,false
real_can_latency_20260710,111,before,false,session_reset,1001,500100321388,1947230447894,1947233374200,2.926306,positive,,false
real_can_latency_20260710,111,before,false,enter_extended_session,1003,500300321388,1947259624283,1947262712483,3.088200,positive,,false
real_can_latency_20260710,111,before,false,request_security_seed,2701,6701126F,1947288927714,1947292021710,3.093996,positive,,false
real_can_latency_20260710,111,before,false,send_security_key,2702B735,6702,1947318288485,1947321335199,3.046714,positive,,false
real_can_latency_20260710,111,before,false,read_target_before,221234,621234006E,1947347543795,1947350596096,3.052301,positive,,false
real_can_latency_20260710,111,before,false,write_target,2E1234006F,6E1234,1947377207471,1947379876200,2.668729,positive,,false
real_can_latency_20260710,111,before,false,read_target_after,221234,621234006F,1947406197801,1947409229847,3.032046,positive,,false
real_can_latency_20260710,112,before,false,session_reset,1001,500100321388,1947435589442,1947438489418,2.899976,positive,,false
real_can_latency_20260710,112,before,false,enter_extended_session,1003,500300321388,1947464703741,1947467816036,3.112295,positive,,false
real_can_latency_20260710,112,before,false,request_security_seed,2701,67011270,1947494049287,1947497132947,3.083660,positive,,false
real_can_latency_20260710,112,before,false,send_security_key,2702B72A,6702,1947523601565,1947526418219,2.816654,positive,,false
real_can_latency_20260710,112,before,false,read_target_before,221234,621234006F,1947552658454,1947555695529,3.037075,positive,,false
real_can_latency_20260710,112,before,false,write_target,2E12340070,6E1234,1947581938977,1947585037443,3.098466,positive,,false
real_can_latency_20260710,112,before,false,read_target_after,221234,6212340070,1947611290738,1947614270753,2.980015,positive,,false
real_can_latency_20260710,113,before,false,session_reset,1001,500100321388,1947640604227,1947643535701,2.931474,positive,,false
real_can_latency_20260710,113,before,false,enter_extended_session,1003,500300321388,1947669799403,1947672895844,3.096441,positive,,false
real_can_latency_20260710,113,before,false,request_security_seed,2701,67011271,1947699167857,1947702231053,3.063196,positive,,false
real_can_latency_20260710,113,before,false,send_security_key,2702B72B,6702,1947728469821,1947731473163,3.003342,positive,,false
real_can_latency_20260710,113,before,false,read_target_before,221234,6212340070,1947757711163,1947760721768,3.010605,positive,,false
real_can_latency_20260710,113,before,false,write_target,2E12340071,6E1234,1947786968289,1947790088616,3.120327,positive,,false
real_can_latency_20260710,113,before,false,read_target_after,221234,6212340071,1947816337930,1947819369977,3.032047,positive,,false
real_can_latency_20260710,114,before,false,session_reset,1001,500100321388,1947845741654,1947848672430,2.930776,positive,,false
real_can_latency_20260710,114,before,false,enter_extended_session,1003,500300321388,1947874889058,1947877975512,3.086454,positive,,false
real_can_latency_20260710,114,before,false,request_security_seed,2701,67011272,1947904162457,1947907236060,3.073603,positive,,false
real_can_latency_20260710,114,before,false,send_security_key,2702B728,6702,1947933496269,1947936562329,3.066060,positive,,false
real_can_latency_20260710,114,before,false,read_target_before,221234,6212340071,1947962815974,1947965874840,3.058866,positive,,false
real_can_latency_20260710,114,before,false,write_target,2E12340072,6E1234,1947992160472,1947995269345,3.108873,positive,,false
real_can_latency_20260710,114,before,false,read_target_after,221234,6212340072,1948021483109,1948024428343,2.945234,positive,,false
real_can_latency_20260710,115,before,false,session_reset,1001,500100321388,1948050750013,1948053681069,2.931056,positive,,false
real_can_latency_20260710,115,before,false,enter_extended_session,1003,500300321388,1948079925843,1948083079415,3.153572,positive,,false
real_can_latency_20260710,115,before,false,request_security_seed,2701,67011273,1948109301281,1948112934388,3.633107,positive,,false
real_can_latency_20260710,115,before,false,send_security_key,2702B729,6702,1948139165264,1948141679293,2.514029,positive,,false
real_can_latency_20260710,115,before,false,read_target_before,221234,6212340072,1948167901788,1948170998369,3.096581,positive,,false
real_can_latency_20260710,115,before,false,write_target,2E12340073,6E1234,1948197273035,1948200246694,2.973659,positive,,false
real_can_latency_20260710,115,before,false,read_target_after,221234,6212340073,1948226445373,1948229439706,2.994333,positive,,false
real_can_latency_20260710,116,before,false,session_reset,1001,500100321388,1948255771782,1948258958389,3.186607,positive,,false
real_can_latency_20260710,116,before,false,enter_extended_session,1003,500300321388,1948285187519,1948288129819,2.942300,positive,,false
real_can_latency_20260710,116,before,false,request_security_seed,2701,67011274,1948314343654,1948317418584,3.074930,positive,,false
real_can_latency_20260710,116,before,false,send_security_key,2702B72E,6702,1948343648621,1948346749672,3.101051,positive,,false
real_can_latency_20260710,116,before,false,read_target_before,221234,6212340073,1948373035025,1948376044932,3.009907,positive,,false
real_can_latency_20260710,116,before,false,write_target,2E12340074,6E1234,1948402254855,1948405401512,3.146657,positive,,false
real_can_latency_20260710,116,before,false,read_target_after,221234,6212340074,1948431606617,1948434607584,3.000967,positive,,false
real_can_latency_20260710,117,before,false,session_reset,1001,500100321388,1948460942454,1948463917720,2.975266,positive,,false
real_can_latency_20260710,117,before,false,enter_extended_session,1003,500300321388,1948490140145,1948493230021,3.089876,positive,,false
real_can_latency_20260710,117,before,false,request_security_seed,2701,67011275,1948519453982,1948522492036,3.038054,positive,,false
real_can_latency_20260710,117,before,false,send_security_key,2702B72F,6702,1948548728918,1948551754470,3.025552,positive,,false
real_can_latency_20260710,117,before,false,read_target_before,221234,6212340074,1948578021035,1948581043793,3.022758,positive,,false
real_can_latency_20260710,117,before,false,write_target,2E12340075,6E1234,1948607279069,1948610373205,3.094136,positive,,false
real_can_latency_20260710,117,before,false,read_target_after,221234,6212340075,1948636617770,1948639875685,3.257915,positive,,false
real_can_latency_20260710,118,before,false,session_reset,1001,500100321388,1948666188835,1948668966378,2.777543,positive,,false
real_can_latency_20260710,118,before,false,enter_extended_session,1003,500300321388,1948695133768,1948698277492,3.143724,positive,,false
real_can_latency_20260710,118,before,false,request_security_seed,2701,67011276,1948724531555,1948727543627,3.012072,positive,,false
real_can_latency_20260710,118,before,false,send_security_key,2702B72C,6702,1948753758649,1948756929961,3.171312,positive,,false
real_can_latency_20260710,118,before,false,read_target_before,221234,6212340075,1948783160278,1948786236884,3.076606,positive,,false
real_can_latency_20260710,118,before,false,write_target,2E12340076,6E1234,1948812446318,1948815484581,3.038263,positive,,false
real_can_latency_20260710,118,before,false,read_target_after,221234,6212340076,1948841702187,1948844774463,3.072276,positive,,false
real_can_latency_20260710,119,before,false,session_reset,1001,500100321388,1948871128470,1948874102828,2.974358,positive,,false
real_can_latency_20260710,119,before,false,enter_extended_session,1003,500300321388,1948900363037,1948903396201,3.033164,positive,,false
real_can_latency_20260710,119,before,false,request_security_seed,2701,67011277,1948929600398,1948932894911,3.294513,positive,,false
real_can_latency_20260710,119,before,false,send_security_key,2702B72D,6702,1948959127672,1948961975336,2.847664,positive,,false
real_can_latency_20260710,119,before,false,read_target_before,221234,6212340076,1948988163190,1948991248247,3.085057,positive,,false
real_can_latency_20260710,119,before,false,write_target,2E12340077,6E1234,1949017493929,1949020588484,3.094555,positive,,false
real_can_latency_20260710,119,before,false,read_target_after,221234,6212340077,1949046820268,1949049861534,3.041266,positive,,false
real_can_latency_20260710,120,before,false,session_reset,1001,500100321388,1949076213516,1949079149461,2.935945,positive,,false
real_can_latency_20260710,120,before,false,enter_extended_session,1003,500300321388,1949105363574,1949108449190,3.085616,positive,,false
real_can_latency_20260710,120,before,false,request_security_seed,2701,67011278,1949134683418,1949137725662,3.042244,positive,,false
real_can_latency_20260710,120,before,false,send_security_key,2702B722,6702,1949164045447,1949167075259,3.029812,positive,,false
real_can_latency_20260710,120,before,false,read_target_before,221234,6212340077,1949193311094,1949196336017,3.024923,positive,,false
real_can_latency_20260710,120,before,false,write_target,2E12340078,6E1234,1949222577299,1949225626876,3.049577,positive,,false
real_can_latency_20260710,120,before,false,read_target_after,221234,6212340078,1949251886527,1949254941831,3.055304,positive,,false
real_can_latency_20260710,121,before,false,session_reset,1001,500100321388,1949281294442,1949284276970,2.982528,positive,,false
real_can_latency_20260710,121,before,false,enter_extended_session,1003,500300321388,1949310518602,1949313570344,3.051742,positive,,false
real_can_latency_20260710,121,before,false,request_security_seed,2701,67011279,1949339805481,1949343044469,3.238988,positive,,false
real_can_latency_20260710,121,before,false,send_security_key,2702B723,6702,1949369305936,1949372133276,2.827340,positive,,false
real_can_latency_20260710,121,before,false,read_target_before,221234,6212340078,1949398342361,1949401408491,3.066130,positive,,false
real_can_latency_20260710,121,before,false,write_target,2E12340079,6E1234,1949427651310,1949430705147,3.053837,positive,,false
real_can_latency_20260710,121,before,false,read_target_after,221234,6212340079,1949456929598,1949460028833,3.099235,positive,,false
real_can_latency_20260710,122,before,false,session_reset,1001,500100321388,1949486433406,1949489363064,2.929658,positive,,false
real_can_latency_20260710,122,before,false,enter_extended_session,1003,500300321388,1949515591356,1949518628851,3.037495,positive,,false
real_can_latency_20260710,122,before,false,request_security_seed,2701,6701127A,1949544868387,1949547920828,3.052441,positive,,false
real_can_latency_20260710,122,before,false,send_security_key,2702B720,6702,1949574205761,1949577278596,3.072835,positive,,false
real_can_latency_20260710,122,before,false,read_target_before,221234,6212340079,1949603482024,1949606473912,2.991888,positive,,false
real_can_latency_20260710,122,before,false,write_target,2E1234007A,6E1234,1949632689702,1949635816803,3.127101,positive,,false
real_can_latency_20260710,122,before,false,read_target_after,221234,621234007A,1949662245681,1949665120374,2.874693,positive,,false
real_can_latency_20260710,123,before,false,session_reset,1001,500100321388,1949691499524,1949694419475,2.919951,positive,,false
real_can_latency_20260710,123,before,false,enter_extended_session,1003,500300321388,1949720701475,1949723864685,3.163210,positive,,false
real_can_latency_20260710,123,before,false,request_security_seed,2701,6701127B,1949750166101,1949752998610,2.832509,positive,,false
real_can_latency_20260710,123,before,false,send_security_key,2702B721,6702,1949779282915,1949782232409,2.949494,positive,,false
real_can_latency_20260710,123,before,false,read_target_before,221234,621234007A,1949808465240,1949811597021,3.131781,positive,,false
real_can_latency_20260710,123,before,false,write_target,2E1234007B,6E1234,1949837820285,1949840904294,3.084009,positive,,false
real_can_latency_20260710,123,before,false,read_target_after,221234,621234007B,1949867160033,1949870324291,3.164258,positive,,false
real_can_latency_20260710,124,before,false,session_reset,1001,500100321388,1949896754496,1949899447111,2.692615,positive,,false
real_can_latency_20260710,124,before,false,enter_extended_session,1003,500300321388,1949926259910,1949928749774,2.489864,positive,,false
real_can_latency_20260710,124,before,false,request_security_seed,2701,6701127C,1949955158467,1949958087078,2.928611,positive,,false
real_can_latency_20260710,124,before,false,send_security_key,2702B726,6702,1949984326335,1949987396097,3.069762,positive,,false
real_can_latency_20260710,124,before,false,read_target_before,221234,621234007B,1950013611608,1950016677179,3.065571,positive,,false
real_can_latency_20260710,124,before,false,write_target,2E1234007C,6E1234,1950042898416,1950045952463,3.054047,positive,,false
real_can_latency_20260710,124,before,false,read_target_after,221234,621234007C,1950072192908,1950075267977,3.075069,positive,,false
real_can_latency_20260710,125,before,false,session_reset,1001,500100321388,1950101734919,1950104549757,2.814838,positive,,false
real_can_latency_20260710,125,before,false,enter_extended_session,1003,500300321388,1950130784405,1950133862338,3.077933,positive,,false
real_can_latency_20260710,125,before,false,request_security_seed,2701,6701127D,1950160037340,1950163179598,3.142258,positive,,false
real_can_latency_20260710,125,before,false,send_security_key,2702B727,6702,1950189398461,1950192471575,3.073114,positive,,false
real_can_latency_20260710,125,before,false,read_target_before,221234,621234007C,1950218887671,1950221772492,2.884821,positive,,false
real_can_latency_20260710,125,before,false,write_target,2E1234007D,6E1234,1950247995196,1950251087447,3.092251,positive,,false
real_can_latency_20260710,125,before,false,read_target_after,221234,621234007D,1950277267687,1950280235410,2.967723,positive,,false
real_can_latency_20260710,126,before,false,session_reset,1001,500100321388,1950306491499,1950309656245,3.164746,positive,,false
real_can_latency_20260710,126,before,false,enter_extended_session,1003,500300321388,1950335872035,1950338972806,3.100771,positive,,false
real_can_latency_20260710,126,before,false,request_security_seed,2701,6701127E,1950365156539,1950368276377,3.119838,positive,,false
real_can_latency_20260710,126,before,false,send_security_key,2702B724,6702,1950394543431,1950397545726,3.002295,positive,,false
real_can_latency_20260710,126,before,false,read_target_before,221234,621234007D,1950423782189,1950426820591,3.038402,positive,,false
real_can_latency_20260710,126,before,false,write_target,2E1234007E,6E1234,1950453038616,1950456121019,3.082403,positive,,false
real_can_latency_20260710,126,before,false,read_target_after,221234,621234007E,1950482365375,1950485443098,3.077723,positive,,false
real_can_latency_20260710,127,before,false,session_reset,1001,500100321388,1950511868344,1950514770765,2.902421,positive,,false
real_can_latency_20260710,127,before,false,enter_extended_session,1003,500300321388,1950541059749,1950544054151,2.994402,positive,,false
real_can_latency_20260710,127,before,false,request_security_seed,2701,6701127F,1950570302837,1950573325874,3.023037,positive,,false
real_can_latency_20260710,127,before,false,send_security_key,2702B725,6702,1950599586782,1950602633705,3.046923,positive,,false
real_can_latency_20260710,127,before,false,read_target_before,221234,621234007E,1950628876594,1950631938603,3.062009,positive,,false
real_can_latency_20260710,127,before,false,write_target,2E1234007F,6E1234,1950658192387,1950661700057,3.507670,positive,,false
real_can_latency_20260710,127,before,false,read_target_after,221234,621234007F,1950687968159,1950690502932,2.534773,positive,,false
real_can_latency_20260710,128,before,false,session_reset,1001,500100321388,1950716862037,1950719795328,2.933291,positive,,false
real_can_latency_20260710,128,before,false,enter_extended_session,1003,500300321388,1950746235659,1950749153724,2.918065,positive,,false
real_can_latency_20260710,128,before,false,request_security_seed,2701,67011280,1950775393191,1950778388780,2.995589,positive,,false
real_can_latency_20260710,128,before,false,send_security_key,2702B7DA,6702,1950804665961,1950807693748,3.027787,positive,,false
real_can_latency_20260710,128,before,false,read_target_before,221234,621234007F,1950833937684,1950836980487,3.042803,positive,,false
real_can_latency_20260710,128,before,false,write_target,2E12340080,6E1234,1950863154162,1950866283150,3.128988,positive,,false
real_can_latency_20260710,128,before,false,read_target_after,221234,6212340080,1950892534559,1950895620664,3.086105,positive,,false
real_can_latency_20260710,129,before,false,session_reset,1001,500100321388,1950921995205,1950925048274,3.053069,positive,,false
real_can_latency_20260710,129,before,false,enter_extended_session,1003,500300321388,1950951288648,1950954289196,3.000548,positive,,false
real_can_latency_20260710,129,before,false,request_security_seed,2701,67011281,1950980526847,1950983468728,2.941881,positive,,false
real_can_latency_20260710,129,before,false,send_security_key,2702B7DB,6702,1951009704563,1951012788572,3.084009,positive,,false
real_can_latency_20260710,129,before,false,read_target_before,221234,6212340080,1951039025245,1951042083971,3.058726,positive,,false
real_can_latency_20260710,129,before,false,write_target,2E12340081,6E1234,1951068337336,1951071581633,3.244297,positive,,false
real_can_latency_20260710,129,before,false,read_target_after,221234,6212340081,1951097784363,1951100623786,2.839423,positive,,false
real_can_latency_20260710,130,before,false,session_reset,1001,500100321388,1951127029755,1951129932804,2.903049,positive,,false
real_can_latency_20260710,130,before,false,enter_extended_session,1003,500300321388,1951156224582,1951159257258,3.032676,positive,,false
real_can_latency_20260710,130,before,false,request_security_seed,2701,67011282,1951185540934,1951188572632,3.031698,positive,,false
real_can_latency_20260710,130,before,false,send_security_key,2702B7D8,6702,1951214845762,1951217878507,3.032745,positive,,false
real_can_latency_20260710,130,before,false,read_target_before,221234,6212340081,1951244198083,1951247129837,2.931754,positive,,false
real_can_latency_20260710,130,before,false,write_target,2E12340082,6E1234,1951273345277,1951276457084,3.111807,positive,,false
real_can_latency_20260710,130,before,false,read_target_after,221234,6212340082,1951302680277,1951305766731,3.086454,positive,,false
real_can_latency_20260710,131,before,false,session_reset,1001,500100321388,1951332126535,1951335043552,2.917017,positive,,false
real_can_latency_20260710,131,before,false,enter_extended_session,1003,500300321388,1951361254593,1951364386374,3.131781,positive,,false
real_can_latency_20260710,131,before,false,request_security_seed,2701,67011283,1951390627238,1951393641684,3.014446,positive,,false
real_can_latency_20260710,131,before,false,send_security_key,2702B7D9,6702,1951419895957,1951422961528,3.065571,positive,,false
real_can_latency_20260710,131,before,false,read_target_before,221234,6212340082,1951449217059,1951452267823,3.050764,positive,,false
real_can_latency_20260710,131,before,false,write_target,2E12340083,6E1234,1951478521258,1951481528721,3.007463,positive,,false
real_can_latency_20260710,131,before,false,read_target_after,221234,6212340083,1951507766162,1951510807707,3.041545,positive,,false
real_can_latency_20260710,132,before,false,session_reset,1001,500100321388,1951537487387,1951540142567,2.655180,positive,,false
real_can_latency_20260710,132,before,false,enter_extended_session,1003,500300321388,1951566394605,1951569471071,3.076466,positive,,false
real_can_latency_20260710,132,before,false,request_security_seed,2701,67011284,1951595706417,1951598752363,3.045946,positive,,false
real_can_latency_20260710,132,before,false,send_security_key,2702B7DE,6702,1951625051893,1951628050416,2.998523,positive,,false
real_can_latency_20260710,132,before,false,read_target_before,221234,6212340083,1951654303432,1951657306774,3.003342,positive,,false
real_can_latency_20260710,132,before,false,write_target,2E12340084,6E1234,1951683553015,1951686624313,3.071298,positive,,false
real_can_latency_20260710,132,before,false,read_target_after,221234,6212340084,1951712869576,1951715923693,3.054117,positive,,false
real_can_latency_20260710,133,before,false,session_reset,1001,500100321388,1951742300399,1951745252687,2.952288,positive,,false
real_can_latency_20260710,133,before,false,enter_extended_session,1003,500300321388,1951771467499,1951774494727,3.027228,positive,,false
real_can_latency_20260710,133,before,false,request_security_seed,2701,67011285,1951800702415,1951803778951,3.076536,positive,,false
real_can_latency_20260710,133,before,false,send_security_key,2702B7DF,6702,1951830035669,1951833140770,3.105101,positive,,false
real_can_latency_20260710,133,before,false,read_target_before,221234,6212340084,1951859431641,1951862422271,2.990630,positive,,false
real_can_latency_20260710,133,before,false,write_target,2E12340085,6E1234,1951888630030,1951891677023,3.046993,positive,,false
real_can_latency_20260710,133,before,false,read_target_after,221234,6212340085,1951917890857,1951920979406,3.088549,positive,,false
real_can_latency_20260710,134,before,false,session_reset,1001,500100321388,1951947344309,1951950302393,2.958084,positive,,false
real_can_latency_20260710,134,before,false,enter_extended_session,1003,500300321388,1951976528799,1951979598770,3.069971,positive,,false
real_can_latency_20260710,134,before,false,request_security_seed,2701,67011286,1952005841868,1952008852753,3.010885,positive,,false
real_can_latency_20260710,134,before,false,send_security_key,2702B7DC,6702,1952035048429,1952038245512,3.197083,positive,,false
real_can_latency_20260710,134,before,false,read_target_before,221234,6212340085,1952064465004,1952067458009,2.993005,positive,,false
real_can_latency_20260710,134,before,false,write_target,2E12340086,6E1234,1952093708790,1952096800552,3.091762,positive,,false
real_can_latency_20260710,134,before,false,read_target_after,221234,6212340086,1952123058457,1952126137018,3.078561,positive,,false
real_can_latency_20260710,135,before,false,session_reset,1001,500100321388,1952152476219,1952155384506,2.908287,positive,,false
real_can_latency_20260710,135,before,false,enter_extended_session,1003,500300321388,1952181625370,1952184664610,3.039240,positive,,false
real_can_latency_20260710,135,before,false,request_security_seed,2701,67011287,1952210902610,1952213982359,3.079749,positive,,false
real_can_latency_20260710,135,before,false,send_security_key,2702B7DD,6702,1952240249553,1952243305346,3.055793,positive,,false
real_can_latency_20260710,135,before,false,read_target_before,221234,6212340086,1952269556127,1952272555697,2.999570,positive,,false
real_can_latency_20260710,135,before,false,write_target,2E12340087,6E1234,1952298774700,1952301850678,3.075978,positive,,false
real_can_latency_20260710,135,before,false,read_target_after,221234,6212340087,1952328028544,1952331139861,3.111317,positive,,false
real_can_latency_20260710,136,before,false,session_reset,1001,500100321388,1952357491633,1952360489528,2.997895,positive,,false
real_can_latency_20260710,136,before,false,enter_extended_session,1003,500300321388,1952386724873,1952389793797,3.068924,positive,,false
real_can_latency_20260710,136,before,false,request_security_seed,2701,67011288,1952416038851,1952419068733,3.029882,positive,,false
real_can_latency_20260710,136,before,false,send_security_key,2702B7D2,6702,1952445320980,1952448345973,3.024993,positive,,false
real_can_latency_20260710,136,before,false,read_target_before,221234,6212340087,1952474596754,1952477678877,3.082123,positive,,false
real_can_latency_20260710,136,before,false,write_target,2E12340088,6E1234,1952503949633,1952506986988,3.037355,positive,,false
real_can_latency_20260710,136,before,false,read_target_after,221234,6212340088,1952533242239,1952536282946,3.040707,positive,,false
real_can_latency_20260710,137,before,false,session_reset,1001,500100321388,1952562610344,1952565568288,2.957944,positive,,false
real_can_latency_20260710,137,before,false,enter_extended_session,1003,500300321388,1952591819069,1952594839313,3.020244,positive,,false
real_can_latency_20260710,137,before,false,request_security_seed,2701,67011289,1952621068443,1952624149658,3.081215,positive,,false
real_can_latency_20260710,137,before,false,send_security_key,2702B7D3,6702,1952650412941,1952653452740,3.039799,positive,,false
real_can_latency_20260710,137,before,false,read_target_before,221234,6212340088,1952679695420,1952682698762,3.003342,positive,,false
real_can_latency_20260710,137,before,false,write_target,2E12340089,6E1234,1952708915041,1952712038301,3.123260,positive,,false
real_can_latency_20260710,137,before,false,read_target_after,221234,6212340089,1952738250739,1952741315192,3.064453,positive,,false
real_can_latency_20260710,138,before,false,session_reset,1001,500100321388,1952767811887,1952770603398,2.791511,positive,,false
real_can_latency_20260710,138,before,false,enter_extended_session,1003,500300321388,1952796858230,1952799894048,3.035818,positive,,false
real_can_latency_20260710,138,before,false,request_security_seed,2701,6701128A,1952826124505,1952829292534,3.168029,positive,,false
real_can_latency_20260710,138,before,false,send_security_key,2702B7D0,6702,1952855518940,1952858470250,2.951310,positive,,false
real_can_latency_20260710,138,before,false,read_target_before,221234,6212340089,1952884708529,1952887772913,3.064384,positive,,false
real_can_latency_20260710,138,before,false,write_target,2E1234008A,6E1234,1952914035218,1952917099112,3.063894,positive,,false
real_can_latency_20260710,138,before,false,read_target_after,221234,621234008A,1952943326845,1952946352816,3.025971,positive,,false
real_can_latency_20260710,139,before,false,session_reset,1001,500100321388,1952972713109,1952975669657,2.956548,positive,,false
real_can_latency_20260710,139,before,false,enter_extended_session,1003,500300321388,1953001912266,1953004945012,3.032746,positive,,false
real_can_latency_20260710,139,before,false,request_security_seed,2701,6701128B,1953031370118,1953034291466,2.921348,positive,,false
real_can_latency_20260710,139,before,false,send_security_key,2702B7D1,6702,1953060568647,1953063589030,3.020383,positive,,false
real_can_latency_20260710,139,before,false,read_target_before,221234,621234008A,1953089813969,1953092849089,3.035120,positive,,false
real_can_latency_20260710,139,before,false,write_target,2E1234008B,6E1234,1953119046581,1953122161600,3.115019,positive,,false
real_can_latency_20260710,139,before,false,read_target_after,221234,621234008B,1953148392057,1953151476066,3.084009,positive,,false
real_can_latency_20260710,140,before,false,session_reset,1001,500100321388,1953177878684,1953180770837,2.892153,positive,,false
real_can_latency_20260710,140,before,false,enter_extended_session,1003,500300321388,1953207036774,1953210278067,3.241293,positive,,false
real_can_latency_20260710,140,before,false,request_security_seed,2701,6701128C,1953236488340,1953239342010,2.853670,positive,,false
real_can_latency_20260710,140,before,false,send_security_key,2702B7D6,6702,1953265567229,1953268697963,3.130734,positive,,false
real_can_latency_20260710,140,before,false,read_target_before,221234,621234008B,1953294940572,1953297991686,3.051114,positive,,false
real_can_latency_20260710,140,before,false,write_target,2E1234008C,6E1234,1953324249521,1953327313765,3.064244,positive,,false
real_can_latency_20260710,140,before,false,read_target_after,221234,621234008C,1953353550298,1953356565234,3.014936,positive,,false
real_can_latency_20260710,141,before,false,session_reset,1001,500100321388,1953382873215,1953385816772,2.943557,positive,,false
real_can_latency_20260710,141,before,false,enter_extended_session,1003,500300321388,1953412036544,1953415178242,3.141698,positive,,false
real_can_latency_20260710,141,before,false,request_security_seed,2701,6701128D,1953441413937,1953444426428,3.012491,positive,,false
real_can_latency_20260710,141,before,false,send_security_key,2702B7D7,6702,1953470692156,1953473948605,3.256449,positive,,false
real_can_latency_20260710,141,before,false,read_target_before,221234,621234008C,1953500182554,1953503053545,2.870991,positive,,false
real_can_latency_20260710,141,before,false,write_target,2E1234008D,6E1234,1953529300205,1953532356278,3.056073,positive,,false
real_can_latency_20260710,141,before,false,read_target_after,221234,621234008D,1953558600913,1953561677868,3.076955,positive,,false
real_can_latency_20260710,142,before,false,session_reset,1001,500100321388,1953588042352,1953590976061,2.933709,positive,,false
real_can_latency_20260710,142,before,false,enter_extended_session,1003,500300321388,1953617236969,1953620252324,3.015355,positive,,false
real_can_latency_20260710,142,before,false,request_security_seed,2701,6701128E,1953646484387,1953649511545,3.027158,positive,,false
real_can_latency_20260710,142,before,false,send_security_key,2702B7D4,6702,1953675765469,1953678841935,3.076466,positive,,false
real_can_latency_20260710,142,before,false,read_target_before,221234,621234008D,1953705070437,1953708133284,3.062847,positive,,false
real_can_latency_20260710,142,before,false,write_target,2E1234008E,6E1234,1953734398243,1953737445166,3.046923,positive,,false
real_can_latency_20260710,142,before,false,read_target_after,221234,621234008E,1953763665775,1953766694051,3.028276,positive,,false
real_can_latency_20260710,143,before,false,session_reset,1001,500100321388,1953793106515,1953796053844,2.947329,positive,,false
real_can_latency_20260710,143,before,false,enter_extended_session,1003,500300321388,1953822302739,1953825329478,3.026739,positive,,false
real_can_latency_20260710,143,before,false,request_security_seed,2701,6701128F,1953851568665,1953854646948,3.078283,positive,,false
real_can_latency_20260710,143,before,false,send_security_key,2702B7D5,6702,1953880923780,1953883957852,3.034072,positive,,false
real_can_latency_20260710,143,before,false,read_target_before,221234,621234008E,1953910184468,1953913190743,3.006275,positive,,false
real_can_latency_20260710,143,before,false,write_target,2E1234008F,6E1234,1953939426368,1953942498015,3.071647,positive,,false
real_can_latency_20260710,143,before,false,read_target_after,221234,621234008F,1953968742301,1953971837904,3.095603,positive,,false
real_can_latency_20260710,144,before,false,session_reset,1001,500100321388,1953998249252,1954001116611,2.867359,positive,,false
real_can_latency_20260710,144,before,false,enter_extended_session,1003,500300321388,1954027326116,1954030599187,3.273071,positive,,false
real_can_latency_20260710,144,before,false,request_security_seed,2701,67011290,1954056808552,1954059687994,2.879442,positive,,false
real_can_latency_20260710,144,before,false,send_security_key,2702B7CA,6702,1954085934166,1954089057915,3.123749,positive,,false
real_can_latency_20260710,144,before,false,read_target_before,221234,621234008F,1954115305623,1954118600485,3.294862,positive,,false
real_can_latency_20260710,144,before,false,write_target,2E12340090,6E1234,1954144843863,1954147606669,2.762806,positive,,false
real_can_latency_20260710,144,before,false,read_target_after,221234,6212340090,1954173839291,1954176889636,3.050345,positive,,false
real_can_latency_20260710,145,before,false,session_reset,1001,500100321388,1954203293720,1954206219747,2.926027,positive,,false
real_can_latency_20260710,145,before,false,enter_extended_session,1003,500300321388,1954232497836,1954235481134,2.983298,positive,,false
real_can_latency_20260710,145,before,false,request_security_seed,2701,67011291,1954261710683,1954264815225,3.104542,positive,,false
real_can_latency_20260710,145,before,false,send_security_key,2702B7CB,6702,1954291066635,1954294110066,3.043431,positive,,false
real_can_latency_20260710,145,before,false,read_target_before,221234,6212340090,1954320317266,1954323370545,3.053279,positive,,false
real_can_latency_20260710,145,before,false,write_target,2E12340091,6E1234,1954349612805,1954352695906,3.083101,positive,,false
real_can_latency_20260710,145,before,false,read_target_after,221234,6212340091,1954378930065,1954381946397,3.016332,positive,,false
real_can_latency_20260710,146,before,false,session_reset,1001,500100321388,1954408223998,1954411251365,3.027367,positive,,false
real_can_latency_20260710,146,before,false,enter_extended_session,1003,500300321388,1954437484406,1954440637070,3.152664,positive,,false
real_can_latency_20260710,146,before,false,request_security_seed,2701,67011292,1954466870949,1954469823237,2.952288,positive,,false
real_can_latency_20260710,146,before,false,send_security_key,2702B7C8,6702,1954496041821,1954499261742,3.219921,positive,,false
real_can_latency_20260710,146,before,false,read_target_before,221234,6212340091,1954525502187,1954528469909,2.967722,positive,,false
real_can_latency_20260710,146,before,false,write_target,2E12340092,6E1234,1954554748976,1954557776483,3.027507,positive,,false
real_can_latency_20260710,146,before,false,read_target_after,221234,6212340092,1954584033480,1954587072302,3.038822,positive,,false
real_can_latency_20260710,147,before,false,session_reset,1001,500100321388,1954613424004,1954616352406,2.928402,positive,,false
real_can_latency_20260710,147,before,false,enter_extended_session,1003,500300321388,1954642598507,1954645684612,3.086105,positive,,false
real_can_latency_20260710,147,before,false,request_security_seed,2701,67011293,1954671927082,1954674972538,3.045456,positive,,false
real_can_latency_20260710,147,before,false,send_security_key,2702B7C9,6702,1954701222411,1954704299436,3.077025,positive,,false
real_can_latency_20260710,147,before,false,read_target_before,221234,6212340092,1954730521163,1954733511514,2.990351,positive,,false
real_can_latency_20260710,147,before,false,write_target,2E12340093,6E1234,1954759726536,1954762832546,3.106010,positive,,false
real_can_latency_20260710,147,before,false,read_target_after,221234,6212340093,1954789065936,1954792088415,3.022479,positive,,false
real_can_latency_20260710,148,before,false,session_reset,1001,500100321388,1954818502765,1954821643416,3.140651,positive,,false
real_can_latency_20260710,148,before,false,enter_extended_session,1003,500300321388,1954847860534,1954850705544,2.845010,positive,,false
real_can_latency_20260710,148,before,false,request_security_seed,2701,67011294,1954876922172,1954880077699,3.155527,positive,,false
real_can_latency_20260710,148,before,false,send_security_key,2702B7CE,6702,1954906334487,1954909327772,2.993285,positive,,false
real_can_latency_20260710,148,before,false,read_target_before,221234,6212340093,1954935575549,1954938639374,3.063825,positive,,false
real_can_latency_20260710,148,before,false,write_target,2E12340094,6E1234,1954964876676,1954967931491,3.054815,positive,,false
real_can_latency_20260710,148,before,false,read_target_after,221234,6212340094,1954994146234,1954997224306,3.078072,positive,,false
real_can_latency_20260710,149,before,false,session_reset,1001,500100321388,1955023591165,1955026540030,2.948865,positive,,false
real_can_latency_20260710,149,before,false,enter_extended_session,1003,500300321388,1955052771115,1955055859315,3.088200,positive,,false
real_can_latency_20260710,149,before,false,request_security_seed,2701,67011295,1955082138103,1955085119025,2.980922,positive,,false
real_can_latency_20260710,149,before,false,send_security_key,2702B7CF,6702,1955111375324,1955114452978,3.077654,positive,,false
real_can_latency_20260710,149,before,false,read_target_before,221234,6212340094,1955140667650,1955143686218,3.018568,positive,,false
real_can_latency_20260710,149,before,false,write_target,2E12340095,6E1234,1955170195833,1955173026456,2.830623,positive,,false
real_can_latency_20260710,149,before,false,read_target_after,221234,6212340095,1955199237846,1955202559387,3.321541,positive,,false
real_can_latency_20260710,150,before,false,session_reset,1001,500100321388,1955228952087,1955231562079,2.609992,positive,,false
real_can_latency_20260710,150,before,false,enter_extended_session,1003,500300321388,1955257804270,1955260883390,3.079120,positive,,false
real_can_latency_20260710,150,before,false,request_security_seed,2701,67011296,1955287139060,1955290192060,3.053000,positive,,false
real_can_latency_20260710,150,before,false,send_security_key,2702B7CC,6702,1955316441304,1955319507574,3.066270,positive,,false
real_can_latency_20260710,150,before,false,read_target_before,221234,6212340095,1955345764570,1955348798782,3.034212,positive,,false
real_can_latency_20260710,150,before,false,write_target,2E12340096,6E1234,1955375040274,1955378110385,3.070111,positive,,false
real_can_latency_20260710,150,before,false,read_target_after,221234,6212340096,1955404341122,1955407380083,3.038961,positive,,false
real_can_latency_20260710,151,before,false,session_reset,1001,500100321388,1955433765449,1955436670593,2.905144,positive,,false
real_can_latency_20260710,151,before,false,enter_extended_session,1003,500300321388,1955462928009,1955465967180,3.039171,positive,,false
real_can_latency_20260710,151,before,false,request_security_seed,2701,67011297,1955492198475,1955495490683,3.292208,positive,,false
real_can_latency_20260710,151,before,false,send_security_key,2702B7CD,6702,1955521741953,1955524555046,2.813093,positive,,false
real_can_latency_20260710,151,before,false,read_target_before,221234,6212340096,1955550764480,1955553819575,3.055095,positive,,false
real_can_latency_20260710,151,before,false,write_target,2E12340097,6E1234,1955580041930,1955583172384,3.130454,positive,,false
real_can_latency_20260710,151,before,false,read_target_after,221234,6212340097,1955609425191,1955612421479,2.996288,positive,,false
real_can_latency_20260710,152,before,false,session_reset,1001,500100321388,1955638762845,1955641687545,2.924700,positive,,false
real_can_latency_20260710,152,before,false,enter_extended_session,1003,500300321388,1955668131019,1955671085193,2.954174,positive,,false
real_can_latency_20260710,152,before,false,request_security_seed,2701,67011298,1955697330665,1955700350350,3.019685,positive,,false
real_can_latency_20260710,152,before,false,send_security_key,2702B7C2,6702,1955726597849,1955729653363,3.055514,positive,,false
real_can_latency_20260710,152,before,false,read_target_before,221234,6212340097,1955755907496,1955758914051,3.006555,positive,,false
real_can_latency_20260710,152,before,false,write_target,2E12340098,6E1234,1955785167625,1955788304645,3.137020,positive,,false
real_can_latency_20260710,152,before,false,read_target_after,221234,6212340098,1955814544321,1955817478519,2.934198,positive,,false
real_can_latency_20260710,153,before,false,session_reset,1001,500100321388,1955844039189,1955846838522,2.799333,positive,,false
real_can_latency_20260710,153,before,false,enter_extended_session,1003,500300321388,1955873074567,1955876113528,3.038961,positive,,false
real_can_latency_20260710,153,before,false,request_security_seed,2701,67011299,1955902344194,1955905461728,3.117534,positive,,false
real_can_latency_20260710,153,before,false,send_security_key,2702B7C3,6702,1955931705245,1955934758315,3.053070,positive,,false
real_can_latency_20260710,153,before,false,read_target_before,221234,6212340098,1955960971451,1955964063282,3.091831,positive,,false
real_can_latency_20260710,153,before,false,write_target,2E12340099,6E1234,1955990298908,1955993305672,3.006764,positive,,false
real_can_latency_20260710,153,before,false,read_target_after,221234,6212340099,1956019539761,1956022646329,3.106568,positive,,false
real_can_latency_20260710,154,before,false,session_reset,1001,500100321388,1956049049435,1956051923080,2.873645,positive,,false
real_can_latency_20260710,154,before,false,enter_extended_session,1003,500300321388,1956078151372,1956081283642,3.132270,positive,,false
real_can_latency_20260710,154,before,false,request_security_seed,2701,6701129A,1956107526392,1956110537276,3.010884,positive,,false
real_can_latency_20260710,154,before,false,send_security_key,2702B7C0,6702,1956136751111,1956139837425,3.086314,positive,,false
real_can_latency_20260710,154,before,false,read_target_before,221234,6212340099,1956166065368,1956169118507,3.053139,positive,,false
real_can_latency_20260710,154,before,false,write_target,2E1234009A,6E1234,1956195342189,1956198412370,3.070181,positive,,false
real_can_latency_20260710,154,before,false,read_target_after,221234,621234009A,1956224646249,1956227704976,3.058727,positive,,false
real_can_latency_20260710,155,before,false,session_reset,1001,500100321388,1956253958830,1956256965175,3.006345,positive,,false
real_can_latency_20260710,155,before,false,enter_extended_session,1003,500300321388,1956283162806,1956286303597,3.140791,positive,,false
real_can_latency_20260710,155,before,false,request_security_seed,2701,6701129B,1956312518409,1956315543123,3.024714,positive,,false
real_can_latency_20260710,155,before,false,send_security_key,2702B7C1,6702,1956341769110,1956344871837,3.102727,positive,,false
real_can_latency_20260710,155,before,false,read_target_before,221234,621234009A,1956371116681,1956374178551,3.061870,positive,,false
real_can_latency_20260710,155,before,false,write_target,2E1234009B,6E1234,1956400458107,1956403496230,3.038123,positive,,false
real_can_latency_20260710,155,before,false,read_target_after,221234,621234009B,1956429729341,1956432787788,3.058447,positive,,false
real_can_latency_20260710,156,before,false,session_reset,1001,500100321388,1956459134322,1956462054622,2.920300,positive,,false
real_can_latency_20260710,156,before,false,enter_extended_session,1003,500300321388,1956488288711,1956491413159,3.124448,positive,,false
real_can_latency_20260710,156,before,false,request_security_seed,2701,6701129C,1956517638587,1956520673847,3.035260,positive,,false
real_can_latency_20260710,156,before,false,send_security_key,2702B7C6,6702,1956546904164,1956549983564,3.079400,positive,,false
real_can_latency_20260710,156,before,false,read_target_before,221234,621234009B,1956576233786,1956579416482,3.182696,positive,,false
real_can_latency_20260710,156,before,false,write_target,2E1234009C,6E1234,1956605632482,1956608518280,2.885798,positive,,false
real_can_latency_20260710,156,before,false,read_target_after,221234,621234009C,1956634763334,1956637869413,3.106079,positive,,false
real_can_latency_20260710,157,before,false,session_reset,1001,500100321388,1956664255408,1956667194356,2.938948,positive,,false
real_can_latency_20260710,157,before,false,enter_extended_session,1003,500300321388,1956693424114,1956696505469,3.081355,positive,,false
real_can_latency_20260710,157,before,false,request_security_seed,2701,6701129D,1956722710783,1956725733960,3.023177,positive,,false
real_can_latency_20260710,157,before,false,send_security_key,2702B7C7,6702,1956751985649,1956755069798,3.084149,positive,,false
real_can_latency_20260710,157,before,false,read_target_before,221234,621234009C,1956781292922,1956784352836,3.059914,positive,,false
real_can_latency_20260710,157,before,false,write_target,2E1234009D,6E1234,1956810589858,1956813672051,3.082193,positive,,false
real_can_latency_20260710,157,before,false,read_target_after,221234,621234009D,1956839919200,1956842918561,2.999361,positive,,false
real_can_latency_20260710,158,before,false,session_reset,1001,500100321388,1956869229406,1956872351340,3.121934,positive,,false
real_can_latency_20260710,158,before,false,enter_extended_session,1003,500300321388,1956898564546,1956901566980,3.002434,positive,,false
real_can_latency_20260710,158,before,false,request_security_seed,2701,6701129E,1956927752529,1956930764671,3.012142,positive,,false
real_can_latency_20260710,158,before,false,send_security_key,2702B7C4,6702,1956957017128,1956960104280,3.087152,positive,,false
real_can_latency_20260710,158,before,false,read_target_before,221234,621234009D,1956986294368,1956989333539,3.039171,positive,,false
real_can_latency_20260710,158,before,false,write_target,2E1234009E,6E1234,1957015565602,1957017696619,2.131017,positive,,false
real_can_latency_20260710,158,before,false,read_target_after,221234,621234009E,1957043907939,1957047042584,3.134645,positive,,false
real_can_latency_20260710,159,before,false,session_reset,1001,500100321388,1957073362648,1957076315215,2.952567,positive,,false
real_can_latency_20260710,159,before,false,enter_extended_session,1003,500300321388,1957102527513,1957105620183,3.092670,positive,,false
real_can_latency_20260710,159,before,false,request_security_seed,2701,6701129F,1957131816697,1957134889112,3.072415,positive,,false
real_can_latency_20260710,159,before,false,send_security_key,2702B7C5,6702,1957161139754,1957164321192,3.181438,positive,,false
real_can_latency_20260710,159,before,false,read_target_before,221234,621234009E,1957190546900,1957193560928,3.014028,positive,,false
real_can_latency_20260710,159,before,false,write_target,2E1234009F,6E1234,1957219767429,1957222855489,3.088060,positive,,false
real_can_latency_20260710,159,before,false,read_target_after,221234,621234009F,1957249038524,1957252147885,3.109361,positive,,false
real_can_latency_20260710,160,before,false,session_reset,1001,500100321388,1957278492534,1957281432739,2.940205,positive,,false
real_can_latency_20260710,160,before,false,enter_extended_session,1003,500300321388,1957307651532,1957310708862,3.057330,positive,,false
real_can_latency_20260710,160,before,false,request_security_seed,2701,670112A0,1957337260801,1957340047703,2.786902,positive,,false
real_can_latency_20260710,160,before,false,send_security_key,2702B7FA,6702,1957366242750,1957369320893,3.078143,positive,,false
real_can_latency_20260710,160,before,false,read_target_before,221234,621234009F,1957395555820,1957398574667,3.018847,positive,,false
real_can_latency_20260710,160,before,false,write_target,2E123400A0,6E1234,1957424797930,1957427898073,3.100143,positive,,false
real_can_latency_20260710,160,before,false,read_target_after,221234,62123400A0,1957454119171,1957457188932,3.069761,positive,,false
real_can_latency_20260710,161,before,false,session_reset,1001,500100321388,1957483546083,1957486551520,3.005437,positive,,false
real_can_latency_20260710,161,before,false,enter_extended_session,1003,500300321388,1957512765145,1957515783712,3.018567,positive,,false
real_can_latency_20260710,161,before,false,request_security_seed,2701,670112A1,1957541978759,1957545084699,3.105940,positive,,false
real_can_latency_20260710,161,before,false,send_security_key,2702B7FB,6702,1957571297975,1957574441490,3.143515,positive,,false
real_can_latency_20260710,161,before,false,read_target_before,221234,62123400A0,1957600694087,1957603723759,3.029672,positive,,false
real_can_latency_20260710,161,before,false,write_target,2E123400A1,6E1234,1957629987530,1957633066930,3.079400,positive,,false
real_can_latency_20260710,161,before,false,read_target_after,221234,62123400A1,1957659296479,1957662361073,3.064594,positive,,false
real_can_latency_20260710,162,before,false,session_reset,1001,500100321388,1957688694337,1957691622599,2.928262,positive,,false
real_can_latency_20260710,162,before,false,enter_extended_session,1003,500300321388,1957717843487,1957720920163,3.076676,positive,,false
real_can_latency_20260710,162,before,false,request_security_seed,2701,670112A2,1957747268025,1957750196286,2.928261,positive,,false
real_can_latency_20260710,162,before,false,send_security_key,2702B7F8,6702,1957776415289,1957779473108,3.057819,positive,,false
real_can_latency_20260710,162,before,false,read_target_before,221234,62123400A1,1957805725495,1957808778146,3.052651,positive,,false
real_can_latency_20260710,162,before,false,write_target,2E123400A2,6E1234,1957835127753,1957838077247,2.949494,positive,,false
real_can_latency_20260710,162,before,false,read_target_after,221234,62123400A2,1957864302675,1957867297915,2.995240,positive,,false
real_can_latency_20260710,163,before,false,session_reset,1001,500100321388,1957893545623,1957896618248,3.072625,positive,,false
real_can_latency_20260710,163,before,false,enter_extended_session,1003,500300321388,1957922812737,1957925928385,3.115648,positive,,false
real_can_latency_20260710,163,before,false,request_security_seed,2701,670112A3,1957952163940,1957955277213,3.113273,positive,,false
real_can_latency_20260710,163,before,false,send_security_key,2702B7F9,6702,1957981534350,1957984526098,2.991748,positive,,false
real_can_latency_20260710,163,before,false,read_target_before,221234,62123400A2,1958010764168,1958013827574,3.063406,positive,,false
real_can_latency_20260710,163,before,false,write_target,2E123400A3,6E1234,1958040072348,1958043215164,3.142816,positive,,false
real_can_latency_20260710,163,before,false,read_target_after,221234,62123400A3,1958069447158,1958072463770,3.016612,positive,,false
real_can_latency_20260710,164,before,false,session_reset,1001,500100321388,1958098813377,1958101738845,2.925468,positive,,false
real_can_latency_20260710,164,before,false,enter_extended_session,1003,500300321388,1958127942483,1958131030893,3.088410,positive,,false
real_can_latency_20260710,164,before,false,request_security_seed,2701,670112A4,1958157241235,1958160393550,3.152315,positive,,false
real_can_latency_20260710,164,before,false,send_security_key,2702B7FE,6702,1958186576724,1958189601577,3.024853,positive,,false
real_can_latency_20260710,164,before,false,read_target_before,221234,62123400A3,1958215794599,1958218963606,3.169007,positive,,false
real_can_latency_20260710,164,before,false,write_target,2E123400A4,6E1234,1958245203072,1958248288479,3.085407,positive,,false
real_can_latency_20260710,164,before,false,read_target_after,221234,62123400A4,1958274499729,1958277530519,3.030790,positive,,false
real_can_latency_20260710,165,before,false,session_reset,1001,500100321388,1958303915466,1958306861188,2.945722,positive,,false
real_can_latency_20260710,165,before,false,enter_extended_session,1003,500300321388,1958333041778,1958336171534,3.129756,positive,,false
real_can_latency_20260710,165,before,false,request_security_seed,2701,670112A5,1958362389559,1958365440184,3.050625,positive,,false
real_can_latency_20260710,165,before,false,send_security_key,2702B7FF,6702,1958391662609,1958394739495,3.076886,positive,,false
real_can_latency_20260710,165,before,false,read_target_before,221234,62123400A4,1958420967368,1958424017224,3.049856,positive,,false
real_can_latency_20260710,165,before,false,write_target,2E123400A5,6E1234,1958450237345,1958453302986,3.065641,positive,,false
real_can_latency_20260710,165,before,false,read_target_after,221234,62123400A5,1958479500268,1958482549007,3.048739,positive,,false
real_can_latency_20260710,166,before,false,session_reset,1001,500100321388,1958508872843,1958511875765,3.002922,positive,,false
real_can_latency_20260710,166,before,false,enter_extended_session,1003,500300321388,1958538059987,1958541198264,3.138277,positive,,false
real_can_latency_20260710,166,before,false,request_security_seed,2701,670112A6,1958567442549,1958570507213,3.064664,positive,,false
real_can_latency_20260710,166,before,false,send_security_key,2702B7FC,6702,1958596758413,1958599991255,3.232842,positive,,false
real_can_latency_20260710,166,before,false,read_target_before,221234,62123400A5,1958626246925,1958629101085,2.854160,positive,,false
real_can_latency_20260710,166,before,false,write_target,2E123400A6,6E1234,1958655315338,1958658389081,3.073743,positive,,false
real_can_latency_20260710,166,before,false,read_target_after,221234,62123400A6,1958684618001,1958687704036,3.086035,positive,,false
real_can_latency_20260710,167,before,false,session_reset,1001,500100321388,1958714038418,1958716977994,2.939576,positive,,false
real_can_latency_20260710,167,before,false,enter_extended_session,1003,500300321388,1958743190432,1958746284708,3.094276,positive,,false
real_can_latency_20260710,167,before,false,request_security_seed,2701,670112A7,1958772518448,1958775548818,3.030370,positive,,false
real_can_latency_20260710,167,before,false,send_security_key,2702B7FD,6702,1958801801206,1958804901418,3.100212,positive,,false
real_can_latency_20260710,167,before,false,read_target_before,221234,62123400A6,1958831150523,1958834219237,3.068714,positive,,false
real_can_latency_20260710,167,before,false,write_target,2E123400A7,6E1234,1958860430138,1958863424541,2.994403,positive,,false
real_can_latency_20260710,167,before,false,read_target_after,221234,62123400A7,1958889622312,1958892775883,3.153571,positive,,false
real_can_latency_20260710,168,before,false,session_reset,1001,500100321388,1958919029318,1958922058432,3.029114,positive,,false
real_can_latency_20260710,168,before,false,enter_extended_session,1003,500300321388,1958948299645,1958951351527,3.051882,positive,,false
real_can_latency_20260710,168,before,false,request_security_seed,2701,670112A8,1958977557609,1958980669276,3.111667,positive,,false
real_can_latency_20260710,168,before,false,send_security_key,2702B7F2,6702,1959006893657,1959010017266,3.123609,positive,,false
real_can_latency_20260710,168,before,false,read_target_before,221234,62123400A7,1959036271120,1959039277884,3.006764,positive,,false
real_can_latency_20260710,168,before,false,write_target,2E123400A8,6E1234,1959065510576,1959068552262,3.041686,positive,,false
real_can_latency_20260710,168,before,false,read_target_after,221234,62123400A8,1959094766934,1959097833832,3.066898,positive,,false
real_can_latency_20260710,169,before,false,session_reset,1001,500100321388,1959124267460,1959127156261,2.888801,positive,,false
real_can_latency_20260710,169,before,false,enter_extended_session,1003,500300321388,1959153380292,1959156483089,3.102797,positive,,false
real_can_latency_20260710,169,before,false,request_security_seed,2701,670112A9,1959182699578,1959185706901,3.007323,positive,,false
real_can_latency_20260710,169,before,false,send_security_key,2702B7F3,6702,1959211923040,1959215056637,3.133597,positive,,false
real_can_latency_20260710,169,before,false,read_target_before,221234,62123400A8,1959241277805,1959244369916,3.092111,positive,,false
real_can_latency_20260710,169,before,false,write_target,2E123400A9,6E1234,1959270580818,1959273647157,3.066339,positive,,false
real_can_latency_20260710,169,before,false,read_target_after,221234,62123400A9,1959299879989,1959302931172,3.051183,positive,,false
real_can_latency_20260710,170,before,false,session_reset,1001,500100321388,1959329274913,1959332260026,2.985113,positive,,false
real_can_latency_20260710,170,before,false,enter_extended_session,1003,500300321388,1959358504312,1959361561851,3.057539,positive,,false
real_can_latency_20260710,170,before,false,request_security_seed,2701,670112AA,1959387805997,1959390853828,3.047831,positive,,false
real_can_latency_20260710,170,before,false,send_security_key,2702B7F0,6702,1959417143372,1959420112910,2.969538,positive,,false
real_can_latency_20260710,170,before,false,read_target_before,221234,62123400A9,1959446357685,1959449432195,3.074510,positive,,false
real_can_latency_20260710,170,before,false,write_target,2E123400AA,6E1234,1959475655668,1959478786961,3.131293,positive,,false
real_can_latency_20260710,170,before,false,read_target_after,221234,62123400AA,1959505043050,1959508080824,3.037774,positive,,false
real_can_latency_20260710,171,before,false,session_reset,1001,500100321388,1959534463536,1959537359531,2.895995,positive,,false
real_can_latency_20260710,171,before,false,enter_extended_session,1003,500300321388,1959563577137,1959566568746,2.991609,positive,,false
real_can_latency_20260710,171,before,false,request_security_seed,2701,670112AB,1959592772174,1959595905003,3.132829,positive,,false
real_can_latency_20260710,171,before,false,send_security_key,2702B7F1,6702,1959622125123,1959625206618,3.081495,positive,,false
real_can_latency_20260710,171,before,false,read_target_before,221234,62123400AA,1959651411932,1959654496989,3.085057,positive,,false
real_can_latency_20260710,171,before,false,write_target,2E123400AB,6E1234,1959680697833,1959683852941,3.155108,positive,,false
real_can_latency_20260710,171,before,false,read_target_after,221234,62123400AB,1959710026338,1959713093655,3.067317,positive,,false
real_can_latency_20260710,172,before,false,session_reset,1001,500100321388,1959739351280,1959742352737,3.001457,positive,,false
real_can_latency_20260710,172,before,false,enter_extended_session,1003,500300321388,1959768532628,1959771738232,3.205604,positive,,false
real_can_latency_20260710,172,before,false,request_security_seed,2701,670112AC,1959797984124,1959801020222,3.036098,positive,,false
real_can_latency_20260710,172,before,false,send_security_key,2702B7F6,6702,1959827307810,1959830326307,3.018497,positive,,false
real_can_latency_20260710,172,before,false,read_target_before,221234,62123400AB,1959856558790,1959859571770,3.012980,positive,,false
real_can_latency_20260710,172,before,false,write_target,2E123400AC,6E1234,1959885823319,1959888911938,3.088619,positive,,false
real_can_latency_20260710,172,before,false,read_target_after,221234,62123400AC,1959915194986,1959918253294,3.058308,positive,,false
real_can_latency_20260710,173,before,false,session_reset,1001,500100321388,1959944591656,1959947477245,2.885589,positive,,false
real_can_latency_20260710,173,before,false,enter_extended_session,1003,500300321388,1959973712032,1959976750225,3.038193,positive,,false
real_can_latency_20260710,173,before,false,request_security_seed,2701,670112AD,1960002970206,1960006063225,3.093019,positive,,false
real_can_latency_20260710,173,before,false,send_security_key,2702B7F7,6702,1960032282507,1960035376015,3.093508,positive,,false
real_can_latency_20260710,173,before,false,read_target_before,221234,62123400AC,1960061596764,1960064879474,3.282710,positive,,false
real_can_latency_20260710,173,before,false,write_target,2E123400AD,6E1234,1960091121734,1960093942928,2.821194,positive,,false
real_can_latency_20260710,173,before,false,read_target_after,221234,62123400AD,1960120195386,1960123320881,3.125495,positive,,false
real_can_latency_20260710,174,before,false,session_reset,1001,500100321388,1960149639129,1960152572210,2.933081,positive,,false
real_can_latency_20260710,174,before,false,enter_extended_session,1003,500300321388,1960178800502,1960181897572,3.097070,positive,,false
real_can_latency_20260710,174,before,false,request_security_seed,2701,670112AE,1960208141928,1960211172997,3.031069,positive,,false
real_can_latency_20260710,174,before,false,send_security_key,2702B7F4,6702,1960237428876,1960240428796,2.999920,positive,,false
real_can_latency_20260710,174,before,false,read_target_before,221234,62123400AD,1960266640256,1960269739700,3.099444,positive,,false
real_can_latency_20260710,174,before,false,write_target,2E123400AE,6E1234,1960295973440,1960299041805,3.068365,positive,,false
real_can_latency_20260710,174,before,false,read_target_after,221234,62123400AE,1960325254452,1960328368074,3.113622,positive,,false
real_can_latency_20260710,175,before,false,session_reset,1001,500100321388,1960354681993,1960357618147,2.936154,positive,,false
real_can_latency_20260710,175,before,false,enter_extended_session,1003,500300321388,1960383846439,1960386909984,3.063545,positive,,false
real_can_latency_20260710,175,before,false,request_security_seed,2701,670112AF,1960413339281,1960416255949,2.916668,positive,,false
real_can_latency_20260710,175,before,false,send_security_key,2702B7F5,6702,1960442498279,1960445590390,3.092111,positive,,false
real_can_latency_20260710,175,before,false,read_target_before,221234,62123400AE,1960471798358,1960474818113,3.019755,positive,,false
real_can_latency_20260710,175,before,false,write_target,2E123400AF,6E1234,1960501043891,1960504130903,3.087012,positive,,false
real_can_latency_20260710,175,before,false,read_target_after,221234,62123400AF,1960530312192,1960533352340,3.040148,positive,,false
real_can_latency_20260710,176,before,false,session_reset,1001,500100321388,1960559692379,1960562759417,3.067038,positive,,false
real_can_latency_20260710,176,before,false,enter_extended_session,1003,500300321388,1960588983938,1960592045248,3.061310,positive,,false
real_can_latency_20260710,176,before,false,request_security_seed,2701,670112B0,1960618267604,1960621347562,3.079958,positive,,false
real_can_latency_20260710,176,before,false,send_security_key,2702B7EA,6702,1960647612172,1960650617539,3.005367,positive,,false
real_can_latency_20260710,176,before,false,read_target_before,221234,62123400AF,1960676832701,1960679943111,3.110410,positive,,false
real_can_latency_20260710,176,before,false,write_target,2E123400B0,6E1234,1960706189561,1960709230408,3.040847,positive,,false
real_can_latency_20260710,176,before,false,read_target_after,221234,62123400B0,1960735441450,1960738877672,3.436222,positive,,false
real_can_latency_20260710,177,before,false,session_reset,1001,500100321388,1960765323800,1960767765404,2.441604,positive,,false
real_can_latency_20260710,177,before,false,enter_extended_session,1003,500300321388,1960793976794,1960797094328,3.117534,positive,,false
real_can_latency_20260710,177,before,false,request_security_seed,2701,670112B1,1960823305648,1960826431143,3.125495,positive,,false
real_can_latency_20260710,177,before,false,send_security_key,2702B7EB,6702,1960852684229,1960855727381,3.043152,positive,,false
real_can_latency_20260710,177,before,false,read_target_before,221234,62123400B0,1960881936676,1960884999803,3.063127,positive,,false
real_can_latency_20260710,177,before,false,write_target,2E123400B1,6E1234,1960911270768,1960914341647,3.070879,positive,,false
real_can_latency_20260710,177,before,false,read_target_after,221234,62123400B1,1960940548917,1960943635859,3.086942,positive,,false
real_can_latency_20260710,178,before,false,session_reset,1001,500100321388,1960970040362,1960972921690,2.881328,positive,,false
real_can_latency_20260710,178,before,false,enter_extended_session,1003,500300321388,1960999171843,1961002410552,3.238709,positive,,false
real_can_latency_20260710,178,before,false,request_security_seed,2701,670112B2,1961028651206,1961031514445,2.863239,positive,,false
real_can_latency_20260710,178,before,false,send_security_key,2702B7E8,6702,1961057735963,1961060810753,3.074790,positive,,false
real_can_latency_20260710,178,before,false,read_target_before,221234,62123400B1,1961087059788,1961090060755,3.000967,positive,,false
real_can_latency_20260710,178,before,false,write_target,2E123400B2,6E1234,1961116303295,1961119432492,3.129197,positive,,false
real_can_latency_20260710,178,before,false,read_target_after,221234,62123400B2,1961145657082,1961148772451,3.115369,positive,,false
real_can_latency_20260710,179,before,false,session_reset,1001,500100321388,1961175193925,1961177996332,2.802407,positive,,false
real_can_latency_20260710,179,before,false,enter_extended_session,1003,500300321388,1961204268275,1961207355358,3.087083,positive,,false
real_can_latency_20260710,179,before,false,request_security_seed,2701,670112B3,1961233610399,1961236602287,2.991888,positive,,false
real_can_latency_20260710,179,before,false,send_security_key,2702B7E9,6702,1961262881773,1961266028011,3.146238,positive,,false
real_can_latency_20260710,179,before,false,read_target_before,221234,62123400B2,1961292235002,1961295194692,2.959690,positive,,false
real_can_latency_20260710,179,before,false,write_target,2E123400B3,6E1234,1961321422076,1961324481920,3.059844,positive,,false
real_can_latency_20260710,179,before,false,read_target_after,221234,62123400B3,1961350756727,1961353796457,3.039730,positive,,false
real_can_latency_20260710,180,before,false,session_reset,1001,500100321388,1961380199563,1961383102263,2.902700,positive,,false
real_can_latency_20260710,180,before,false,enter_extended_session,1003,500300321388,1961409333837,1961412382646,3.048809,positive,,false
real_can_latency_20260710,180,before,false,request_security_seed,2701,670112B4,1961438621065,1961441650947,3.029882,positive,,false
real_can_latency_20260710,180,before,false,send_security_key,2702B7EE,6702,1961467942586,1961470993490,3.050904,positive,,false
real_can_latency_20260710,180,before,false,read_target_before,221234,62123400B3,1961497265643,1961500264585,2.998942,positive,,false
real_can_latency_20260710,180,before,false,write_target,2E123400B4,6E1234,1961526511455,1961529783758,3.272303,positive,,false
real_can_latency_20260710,180,before,false,read_target_after,221234,62123400B4,1961555992843,1961558803212,2.810369,positive,,false
real_can_latency_20260710,181,before,false,session_reset,1001,500100321388,1961585179988,1961588107062,2.927074,positive,,false
real_can_latency_20260710,181,before,false,enter_extended_session,1003,500300321388,1961614359869,1961617477751,3.117882,positive,,false
real_can_latency_20260710,181,before,false,request_security_seed,2701,670112B5,1961643717428,1961646773919,3.056491,positive,,false
real_can_latency_20260710,181,before,false,send_security_key,2702B7EF,6702,1961673032453,1961676073090,3.040637,positive,,false
real_can_latency_20260710,181,before,false,read_target_before,221234,62123400B4,1961702327783,1961705351309,3.023526,positive,,false
real_can_latency_20260710,181,before,false,write_target,2E123400B5,6E1234,1961731600414,1961734680163,3.079749,positive,,false
real_can_latency_20260710,181,before,false,read_target_after,221234,62123400B5,1961760924029,1961763961035,3.037006,positive,,false
real_can_latency_20260710,182,before,false,session_reset,1001,500100321388,1961790347868,1961793238276,2.890408,positive,,false
real_can_latency_20260710,182,before,false,enter_extended_session,1003,500300321388,1961819461888,1961822495262,3.033374,positive,,false
real_can_latency_20260710,182,before,false,request_security_seed,2701,670112B6,1961848706722,1961851812732,3.106010,positive,,false
real_can_latency_20260710,182,before,false,send_security_key,2702B7EC,6702,1961878047659,1961881111903,3.064244,positive,,false
real_can_latency_20260710,182,before,false,read_target_before,221234,62123400B5,1961907475688,1961910361696,2.886008,positive,,false
real_can_latency_20260710,182,before,false,write_target,2E123400B6,6E1234,1961936552832,1961939731826,3.178994,positive,,false
real_can_latency_20260710,182,before,false,read_target_after,221234,62123400B6,1961965948245,1961968967022,3.018777,positive,,false
real_can_latency_20260710,183,before,false,session_reset,1001,500100321388,1961995221435,1961998319552,3.098117,positive,,false
real_can_latency_20260710,183,before,false,enter_extended_session,1003,500300321388,1962024527241,1962027585968,3.058727,positive,,false
real_can_latency_20260710,183,before,false,request_security_seed,2701,670112B7,1962053814609,1962056871310,3.056701,positive,,false
real_can_latency_20260710,183,before,false,send_security_key,2702B7ED,6702,1962083172796,1962086228101,3.055305,positive,,false
real_can_latency_20260710,183,before,false,read_target_before,221234,62123400B6,1962112437535,1962115508205,3.070670,positive,,false
real_can_latency_20260710,183,before,false,write_target,2E123400B7,6E1234,1962141721481,1962144824557,3.103076,positive,,false
real_can_latency_20260710,183,before,false,read_target_after,221234,62123400B7,1962171039719,1962174106058,3.066339,positive,,false
real_can_latency_20260710,184,before,false,session_reset,1001,500100321388,1962200523971,1962203401667,2.877696,positive,,false
real_can_latency_20260710,184,before,false,enter_extended_session,1003,500300321388,1962229630308,1962232681282,3.050974,positive,,false
real_can_latency_20260710,184,before,false,request_security_seed,2701,670112B8,1962258894349,1962261967184,3.072835,positive,,false
real_can_latency_20260710,184,before,false,send_security_key,2702B7E2,6702,1962288229070,1962291357847,3.128777,positive,,false
real_can_latency_20260710,184,before,false,read_target_before,221234,62123400B7,1962317583136,1962320883865,3.300729,positive,,false
real_can_latency_20260710,184,before,false,write_target,2E123400B8,6E1234,1962347117046,1962349895008,2.777962,positive,,false
real_can_latency_20260710,184,before,false,read_target_after,221234,62123400B8,1962376117224,1962379208567,3.091343,positive,,false
real_can_latency_20260710,185,before,false,session_reset,1001,500100321388,1962405542460,1962408451515,2.909055,positive,,false
real_can_latency_20260710,185,before,false,enter_extended_session,1003,500300321388,1962434696359,1962437790985,3.094626,positive,,false
real_can_latency_20260710,185,before,false,request_security_seed,2701,670112B9,1962464041486,1962467082054,3.040568,positive,,false
real_can_latency_20260710,185,before,false,send_security_key,2702B7E3,6702,1962493300149,1962496406648,3.106499,positive,,false
real_can_latency_20260710,185,before,false,read_target_before,221234,62123400B8,1962522618876,1962525611253,2.992377,positive,,false
real_can_latency_20260710,185,before,false,write_target,2E123400B9,6E1234,1962551843316,1962554953167,3.109851,positive,,false
real_can_latency_20260710,185,before,false,read_target_after,221234,62123400B9,1962581176989,1962584206103,3.029114,positive,,false
real_can_latency_20260710,186,before,false,session_reset,1001,500100321388,1962610441239,1962613545433,3.104194,positive,,false
real_can_latency_20260710,186,before,false,enter_extended_session,1003,500300321388,1962639771560,1962642855080,3.083520,positive,,false
real_can_latency_20260710,186,before,false,request_security_seed,2701,670112BA,1962669115849,1962672175553,3.059704,positive,,false
real_can_latency_20260710,186,before,false,send_security_key,2702B7E0,6702,1962698423191,1962701473886,3.050695,positive,,false
real_can_latency_20260710,186,before,false,read_target_before,221234,62123400B9,1962727749880,1962730796315,3.046435,positive,,false
real_can_latency_20260710,186,before,false,write_target,2E123400BA,6E1234,1962757026702,1962760044990,3.018288,positive,,false
real_can_latency_20260710,186,before,false,read_target_after,221234,62123400BA,1962786301917,1962789373145,3.071228,positive,,false
real_can_latency_20260710,187,before,false,session_reset,1001,500100321388,1962815704175,1962818596468,2.892293,positive,,false
real_can_latency_20260710,187,before,false,enter_extended_session,1003,500300321388,1962844821128,1962847910027,3.088899,positive,,false
real_can_latency_20260710,187,before,false,request_security_seed,2701,670112BB,1962874147957,1962877465587,3.317630,positive,,false
real_can_latency_20260710,187,before,false,send_security_key,2702B7E1,6702,1962903745772,1962906565430,2.819658,positive,,false
real_can_latency_20260710,187,before,false,read_target_before,221234,62123400BA,1962932804757,1962935808937,3.004180,positive,,false
real_can_latency_20260710,187,before,false,write_target,2E123400BB,6E1234,1962962061534,1962965161816,3.100282,positive,,false
real_can_latency_20260710,187,before,false,read_target_after,221234,62123400BB,1962991416648,1962994441082,3.024434,positive,,false
real_can_latency_20260710,188,before,false,session_reset,1001,500100321388,1963020878411,1963023761415,2.883004,positive,,false
real_can_latency_20260710,188,before,false,enter_extended_session,1003,500300321388,1963050026654,1963053049202,3.022548,positive,,false
real_can_latency_20260710,188,before,false,request_security_seed,2701,670112BC,1963079260593,1963082406691,3.146098,positive,,false
real_can_latency_20260710,188,before,false,send_security_key,2702B7E6,6702,1963108619339,1963111604382,2.985043,positive,,false
real_can_latency_20260710,188,before,false,read_target_before,221234,62123400BB,1963137799569,1963140873451,3.073882,positive,,false
real_can_latency_20260710,188,before,false,write_target,2E123400BC,6E1234,1963167122556,1963170218858,3.096302,positive,,false
real_can_latency_20260710,188,before,false,read_target_after,221234,62123400BC,1963196417118,1963199469070,3.051952,positive,,false
real_can_latency_20260710,189,before,false,session_reset,1001,500100321388,1963225746670,1963228789962,3.043292,positive,,false
real_can_latency_20260710,189,before,false,enter_extended_session,1003,500300321388,1963254996533,1963258138651,3.142118,positive,,false
real_can_latency_20260710,189,before,false,request_security_seed,2701,670112BD,1963284339146,1963287379783,3.040637,positive,,false
real_can_latency_20260710,189,before,false,send_security_key,2702B7E7,6702,1963313608913,1963316674764,3.065851,positive,,false
real_can_latency_20260710,189,before,false,read_target_before,221234,62123400BC,1963342888529,1963346041961,3.153432,positive,,false
real_can_latency_20260710,189,before,false,write_target,2E123400BD,6E1234,1963372279472,1963375396097,3.116625,positive,,false
real_can_latency_20260710,189,before,false,read_target_after,221234,62123400BD,1963401622504,1963404584918,2.962414,positive,,false
real_can_latency_20260710,190,before,false,session_reset,1001,500100321388,1963430988513,1963433840717,2.852204,positive,,false
real_can_latency_20260710,190,before,false,enter_extended_session,1003,500300321388,1963460040793,1963463177394,3.136601,positive,,false
real_can_latency_20260710,190,before,false,request_security_seed,2701,670112BE,1963489416511,1963492512463,3.095952,positive,,false
real_can_latency_20260710,190,before,false,send_security_key,2702B7E4,6702,1963518780496,1963521769590,2.989094,positive,,false
real_can_latency_20260710,190,before,false,read_target_before,221234,62123400BD,1963547979374,1963551046411,3.067037,positive,,false
real_can_latency_20260710,190,before,false,write_target,2E123400BE,6E1234,1963577282316,1963580323443,3.041127,positive,,false
real_can_latency_20260710,190,before,false,read_target_after,221234,62123400BE,1963606554738,1963609651179,3.096441,positive,,false
real_can_latency_20260710,191,before,false,session_reset,1001,500100321388,1963636063924,1963638966134,2.902210,positive,,false
real_can_latency_20260710,191,before,false,enter_extended_session,1003,500300321388,1963665155105,1963668207616,3.052511,positive,,false
real_can_latency_20260710,191,before,false,request_security_seed,2701,670112BF,1963694427318,1963697630198,3.202880,positive,,false
real_can_latency_20260710,191,before,false,send_security_key,2702B7E5,6702,1963723826991,1963726847374,3.020383,positive,,false
real_can_latency_20260710,191,before,false,read_target_before,221234,62123400BE,1963753033831,1963756099891,3.066060,positive,,false
real_can_latency_20260710,191,before,false,write_target,2E123400BF,6E1234,1963782353536,1963785459545,3.106009,positive,,false
real_can_latency_20260710,191,before,false,read_target_after,221234,62123400BF,1963811720244,1963814760951,3.040707,positive,,false
real_can_latency_20260710,192,before,false,session_reset,1001,500100321388,1963841204496,1963844030998,2.826502,positive,,false
real_can_latency_20260710,192,before,false,enter_extended_session,1003,500300321388,1963870209493,1963873314525,3.105032,positive,,false
real_can_latency_20260710,192,before,false,request_security_seed,2701,670112C0,1963899618875,1963902663354,3.044479,positive,,false
real_can_latency_20260710,192,before,false,send_security_key,2702B79A,6702,1963928881449,1963931891705,3.010256,positive,,false
real_can_latency_20260710,192,before,false,read_target_before,221234,62123400BF,1963958128238,1963961144012,3.015774,positive,,false
real_can_latency_20260710,192,before,false,write_target,2E123400C0,6E1234,1963987383060,1963990492631,3.109571,positive,,false
real_can_latency_20260710,192,before,false,read_target_after,221234,62123400C0,1964016730422,1964019821765,3.091343,positive,,false
real_can_latency_20260710,193,before,false,session_reset,1001,500100321388,1964046217258,1964049148733,2.931475,positive,,false
real_can_latency_20260710,193,before,false,enter_extended_session,1003,500300321388,1964075408663,1964078423669,3.015006,positive,,false
real_can_latency_20260710,193,before,false,request_security_seed,2701,670112C1,1964104671237,1964107654185,2.982948,positive,,false
real_can_latency_20260710,193,before,false,send_security_key,2702B79B,6702,1964133916979,1964137065103,3.148124,positive,,false
real_can_latency_20260710,193,before,false,read_target_before,221234,62123400C0,1964163316583,1964166346395,3.029812,positive,,false
real_can_latency_20260710,193,before,false,write_target,2E123400C1,6E1234,1964192533271,1964195595839,3.062568,positive,,false
real_can_latency_20260710,193,before,false,read_target_after,221234,62123400C1,1964221792911,1964225084910,3.291999,positive,,false
real_can_latency_20260710,194,before,false,session_reset,1001,500100321388,1964251413146,1964254170085,2.756939,positive,,false
real_can_latency_20260710,194,before,false,enter_extended_session,1003,500300321388,1964280381476,1964283461364,3.079888,positive,,false
real_can_latency_20260710,194,before,false,request_security_seed,2701,670112C2,1964310039425,1964312817107,2.777682,positive,,false
real_can_latency_20260710,194,before,false,send_security_key,2702B798,6702,1964339045330,1964342102450,3.057120,positive,,false
real_can_latency_20260710,194,before,false,read_target_before,221234,62123400C1,1964368314399,1964371344770,3.030371,positive,,false
real_can_latency_20260710,194,before,false,write_target,2E123400C2,6E1234,1964397575017,1964400660633,3.085616,positive,,false
real_can_latency_20260710,194,before,false,read_target_after,221234,62123400C2,1964426905897,1964429952750,3.046853,positive,,false
real_can_latency_20260710,195,before,false,session_reset,1001,500100321388,1964456232865,1964459256181,3.023316,positive,,false
real_can_latency_20260710,195,before,false,enter_extended_session,1003,500300321388,1964485460518,1964488549556,3.089038,positive,,false
real_can_latency_20260710,195,before,false,request_security_seed,2701,670112C3,1964514783924,1964517886302,3.102378,positive,,false
real_can_latency_20260710,195,before,false,send_security_key,2702B799,6702,1964544328170,1964547191759,2.863589,positive,,false
real_can_latency_20260710,195,before,false,read_target_before,221234,62123400C2,1964573398190,1964576441761,3.043571,positive,,false
real_can_latency_20260710,195,before,false,write_target,2E123400C3,6E1234,1964602663977,1964605798063,3.134086,positive,,false
real_can_latency_20260710,195,before,false,read_target_after,221234,62123400C3,1964632059949,1964635101005,3.041056,positive,,false
real_can_latency_20260710,196,before,false,session_reset,1001,500100321388,1964661389780,1964664336341,2.946561,positive,,false
real_can_latency_20260710,196,before,false,enter_extended_session,1003,500300321388,1964690758095,1964693704306,2.946211,positive,,false
real_can_latency_20260710,196,before,false,request_security_seed,2701,670112C4,1964719894185,1964723051948,3.157763,positive,,false
real_can_latency_20260710,196,before,false,send_security_key,2702B79E,6702,1964749264735,1964752250337,2.985602,positive,,false
real_can_latency_20260710,196,before,false,read_target_before,221234,62123400C3,1964778465499,1964781554397,3.088898,positive,,false
real_can_latency_20260710,196,before,false,write_target,2E123400C4,6E1234,1964807782899,1964810818228,3.035329,positive,,false
real_can_latency_20260710,196,before,false,read_target_after,221234,62123400C4,1964837036114,1964840128155,3.092041,positive,,false
real_can_latency_20260710,197,before,false,session_reset,1001,500100321388,1964866450873,1964869486133,3.035260,positive,,false
real_can_latency_20260710,197,before,false,enter_extended_session,1003,500300321388,1964895702552,1964898941331,3.238779,positive,,false
real_can_latency_20260710,197,before,false,request_security_seed,2701,670112C5,1964925187363,1964928069180,2.881817,positive,,false
real_can_latency_20260710,197,before,false,send_security_key,2702B79F,6702,1964954291745,1964957425481,3.133736,positive,,false
real_can_latency_20260710,197,before,false,read_target_before,221234,62123400C4,1964983638129,1964986629668,2.991539,positive,,false
real_can_latency_20260710,197,before,false,write_target,2E123400C5,6E1234,1965012832817,1965015931283,3.098466,positive,,false
real_can_latency_20260710,197,before,false,read_target_after,221234,62123400C5,1965042139251,1965045272080,3.132829,positive,,false
real_can_latency_20260710,198,before,false,session_reset,1001,500100321388,1965071512106,1965074541010,3.028904,positive,,false
real_can_latency_20260710,198,before,false,enter_extended_session,1003,500300321388,1965100737873,1965103819647,3.081774,positive,,false
real_can_latency_20260710,198,before,false,request_security_seed,2701,670112C6,1965130051362,1965133081942,3.030580,positive,,false
real_can_latency_20260710,198,before,false,send_security_key,2702B79C,6702,1965159287745,1965162646442,3.358697,positive,,false
real_can_latency_20260710,198,before,false,read_target_before,221234,62123400C5,1965188846448,1965191701865,2.855417,positive,,false
real_can_latency_20260710,198,before,false,write_target,2E123400C6,6E1234,1965217913046,1965220994960,3.081914,positive,,false
real_can_latency_20260710,198,before,false,read_target_after,221234,62123400C6,1965247311043,1965250405459,3.094416,positive,,false
real_can_latency_20260710,199,before,false,session_reset,1001,500100321388,1965276771410,1965279646522,2.875112,positive,,false
real_can_latency_20260710,199,before,false,enter_extended_session,1003,500300321388,1965305890947,1965308911401,3.020454,positive,,false
real_can_latency_20260710,199,before,false,request_security_seed,2701,670112C7,1965335140042,1965338196953,3.056911,positive,,false
real_can_latency_20260710,199,before,false,send_security_key,2702B79D,6702,1965364455975,1965367520778,3.064803,positive,,false
real_can_latency_20260710,199,before,false,read_target_before,221234,62123400C6,1965393762759,1965396788939,3.026180,positive,,false
real_can_latency_20260710,199,before,false,write_target,2E123400C7,6E1234,1965423027987,1965426325713,3.297726,positive,,false
real_can_latency_20260710,199,before,false,read_target_after,221234,62123400C7,1965452516360,1965455405510,2.889150,positive,,false
real_can_latency_20260710,200,before,false,session_reset,1001,500100321388,1965481689816,1965484696510,3.006694,positive,,false
real_can_latency_20260710,200,before,false,enter_extended_session,1003,500300321388,1965510967545,1965514084450,3.116905,positive,,false
real_can_latency_20260710,200,before,false,request_security_seed,2701,670112C8,1965540307085,1965543506124,3.199039,positive,,false
real_can_latency_20260710,200,before,false,send_security_key,2702B792,6702,1965569718352,1965572540943,2.822591,positive,,false
real_can_latency_20260710,200,before,false,read_target_before,221234,62123400C7,1965598741788,1965601913588,3.171800,positive,,false
real_can_latency_20260710,200,before,false,write_target,2E123400C8,6E1234,1965628189443,1965631218836,3.029393,positive,,false
real_can_latency_20260710,200,before,false,read_target_after,221234,62123400C8,1965657481560,1965660492165,3.010605,positive,,false
real_can_latency_20260710,201,before,false,session_reset,1001,500100321388,1965686977476,1965689733647,2.756171,positive,,false
real_can_latency_20260710,201,before,false,enter_extended_session,1003,500300321388,1965715974022,1965719058729,3.084707,positive,,false
real_can_latency_20260710,201,before,false,request_security_seed,2701,670112C9,1965745249586,1965748376269,3.126683,positive,,false
real_can_latency_20260710,201,before,false,send_security_key,2702B793,6702,1965774578999,1965777634373,3.055374,positive,,false
real_can_latency_20260710,201,before,false,read_target_before,221234,62123400C8,1965803872303,1965806985995,3.113692,positive,,false
real_can_latency_20260710,201,before,false,write_target,2E123400C9,6E1234,1965833212611,1965836279579,3.066968,positive,,false
real_can_latency_20260710,201,before,false,read_target_after,221234,62123400C9,1965862509198,1965865531328,3.022130,positive,,false
real_can_latency_20260710,202,before,false,session_reset,1001,500100321388,1965891910059,1965894833851,2.923792,positive,,false
real_can_latency_20260710,202,before,false,enter_extended_session,1003,500300321388,1965921038956,1965924189315,3.150359,positive,,false
real_can_latency_20260710,202,before,false,request_security_seed,2701,670112CA,1965950399588,1965953422695,3.023107,positive,,false
real_can_latency_20260710,202,before,false,send_security_key,2702B790,6702,1965979660905,1965982744146,3.083241,positive,,false
real_can_latency_20260710,202,before,false,read_target_before,221234,62123400C9,1966008951206,1966011969424,3.018218,positive,,false
real_can_latency_20260710,202,before,false,write_target,2E123400CA,6E1234,1966038207354,1966041359110,3.151756,positive,,false
real_can_latency_20260710,202,before,false,read_target_after,221234,62123400CA,1966067580977,1966070677558,3.096581,positive,,false
real_can_latency_20260710,203,before,false,session_reset,1001,500100321388,1966097047769,1966099935452,2.887683,positive,,false
real_can_latency_20260710,203,before,false,enter_extended_session,1003,500300321388,1966126157598,1966129249430,3.091832,positive,,false
real_can_latency_20260710,203,before,false,request_security_seed,2701,670112CB,1966155437773,1966158482531,3.044758,positive,,false
real_can_latency_20260710,203,before,false,send_security_key,2702B791,6702,1966184682118,1966187782959,3.100841,positive,,false
real_can_latency_20260710,203,before,false,read_target_before,221234,62123400CA,1966213992045,1966217051330,3.059285,positive,,false
real_can_latency_20260710,203,before,false,write_target,2E123400CB,6E1234,1966243242117,1966245407635,2.165518,positive,,false
real_can_latency_20260710,203,before,false,read_target_after,221234,62123400CB,1966271634600,1966274685924,3.051324,positive,,false
real_can_latency_20260710,204,before,false,session_reset,1001,500100321388,1966300971975,1966303962676,2.990701,positive,,false
real_can_latency_20260710,204,before,false,enter_extended_session,1003,500300321388,1966330141799,1966332347267,2.205468,positive,,false
real_can_latency_20260710,204,before,false,request_security_seed,2701,670112CC,1966358550486,1966361636870,3.086384,positive,,false
real_can_latency_20260710,204,before,false,send_security_key,2702B796,6702,1966387867327,1966390939952,3.072625,positive,,false
real_can_latency_20260710,204,before,false,read_target_before,221234,62123400CB,1966417157768,1966420217682,3.059914,positive,,false
real_can_latency_20260710,204,before,false,write_target,2E123400CC,6E1234,1966446408119,1966449534732,3.126613,positive,,false
real_can_latency_20260710,204,before,false,read_target_after,221234,62123400CC,1966475745983,1966478821611,3.075628,positive,,false
real_can_latency_20260710,205,before,false,session_reset,1001,500100321388,1966505194057,1966508125532,2.931475,positive,,false
real_can_latency_20260710,205,before,false,enter_extended_session,1003,500300321388,1966534347259,1966537424633,3.077374,positive,,false
real_can_latency_20260710,205,before,false,request_security_seed,2701,670112CD,1966563633788,1966566709347,3.075559,positive,,false
real_can_latency_20260710,205,before,false,send_security_key,2702B797,6702,1966592928350,1966596046652,3.118302,positive,,false
real_can_latency_20260710,205,before,false,read_target_before,221234,62123400CC,1966622262791,1966625345963,3.083172,positive,,false
real_can_latency_20260710,205,before,false,write_target,2E123400CD,6E1234,1966651567201,1966654593660,3.026459,positive,,false
real_can_latency_20260710,205,before,false,read_target_after,221234,62123400CD,1966680785495,1966683846875,3.061380,positive,,false
real_can_latency_20260710,206,before,false,session_reset,1001,500100321388,1966710101428,1966713206041,3.104613,positive,,false
real_can_latency_20260710,206,before,false,enter_extended_session,1003,500300321388,1966739419806,1966742507167,3.087361,positive,,false
real_can_latency_20260710,206,before,false,request_security_seed,2701,670112CE,1966768731409,1966771774980,3.043571,positive,,false
real_can_latency_20260710,206,before,false,send_security_key,2702B794,6702,1966797971144,1966801084348,3.113204,positive,,false
real_can_latency_20260710,206,before,false,read_target_before,221234,62123400CD,1966827267103,1966830357538,3.090435,positive,,false
real_can_latency_20260710,206,before,false,write_target,2E123400CE,6E1234,1966856545810,1966858727392,2.181582,positive,,false
real_can_latency_20260710,206,before,false,read_target_after,221234,62123400CE,1966884921532,1966887983611,3.062079,positive,,false
real_can_latency_20260710,207,before,false,session_reset,1001,500100321388,1966914267287,1966917349900,3.082613,positive,,false
real_can_latency_20260710,207,before,false,enter_extended_session,1003,500300321388,1966943554096,1966946569032,3.014936,positive,,false
real_can_latency_20260710,207,before,false,request_security_seed,2701,670112CF,1966972751159,1966974882804,2.131645,positive,,false
real_can_latency_20260710,207,before,false,send_security_key,2702B795,6702,1967001030149,1967003220322,2.190173,positive,,false
real_can_latency_20260710,207,before,false,read_target_before,221234,62123400CE,1967029422214,1967032553087,3.130873,positive,,false
real_can_latency_20260710,207,before,false,write_target,2E123400CF,6E1234,1967062171366,1967064743224,2.571858,positive,,false
real_can_latency_20260710,207,before,false,read_target_after,221234,62123400CF,1967090984716,1967094062370,3.077654,positive,,false
real_can_latency_20260710,208,before,false,session_reset,1001,500100321388,1967120373006,1967123367199,2.994193,positive,,false
real_can_latency_20260710,208,before,false,enter_extended_session,1003,500300321388,1967149565179,1967152631519,3.066340,positive,,false
real_can_latency_20260710,208,before,false,request_security_seed,2701,670112D0,1967178821887,1967181889832,3.067945,positive,,false
real_can_latency_20260710,208,before,false,send_security_key,2702B78A,6702,1967208133979,1967211278541,3.144562,positive,,false
real_can_latency_20260710,208,before,false,read_target_before,221234,62123400CF,1967237474287,1967240557947,3.083660,positive,,false
real_can_latency_20260710,208,before,false,write_target,2E123400D0,6E1234,1967266757254,1967269860121,3.102867,positive,,false
real_can_latency_20260710,208,before,false,read_target_after,221234,62123400D0,1967296038546,1967299185972,3.147426,positive,,false
real_can_latency_20260710,209,before,false,session_reset,1001,500100321388,1967325491719,1967328482908,2.991189,positive,,false
real_can_latency_20260710,209,before,false,enter_extended_session,1003,500300321388,1967354685568,1967357740733,3.055165,positive,,false
real_can_latency_20260710,209,before,false,request_security_seed,2701,670112D1,1967383949609,1967387056107,3.106498,positive,,false
real_can_latency_20260710,209,before,false,send_security_key,2702B78B,6702,1967413260234,1967416419393,3.159159,positive,,false
real_can_latency_20260710,209,before,false,read_target_before,221234,62123400D0,1967442652086,1967445610729,2.958643,positive,,false
real_can_latency_20260710,209,before,false,write_target,2E123400D1,6E1234,1967471814227,1967474958300,3.144073,positive,,false
real_can_latency_20260710,209,before,false,read_target_after,221234,62123400D1,1967501160122,1967504247414,3.087292,positive,,false
real_can_latency_20260710,210,before,false,session_reset,1001,500100321388,1967530573834,1967533552941,2.979107,positive,,false
real_can_latency_20260710,210,before,false,enter_extended_session,1003,500300321388,1967559812662,1967562863496,3.050834,positive,,false
real_can_latency_20260710,210,before,false,request_security_seed,2701,670112D2,1967589036893,1967592383647,3.346754,positive,,false
real_can_latency_20260710,210,before,false,send_security_key,2702B788,6702,1967618611800,1967621467845,2.856045,positive,,false
real_can_latency_20260710,210,before,false,read_target_before,221234,62123400D1,1967647665756,1967650737543,3.071787,positive,,false
real_can_latency_20260710,210,before,false,write_target,2E123400D2,6E1234,1967676915968,1967680141198,3.225230,positive,,false
real_can_latency_20260710,210,before,false,read_target_after,221234,62123400D2,1967706371166,1967709452102,3.080936,positive,,false
real_can_latency_20260710,211,before,false,session_reset,1001,500100321388,1967735786065,1967738611101,2.825036,positive,,false
real_can_latency_20260710,211,before,false,enter_extended_session,1003,500300321388,1967764907768,1967767926475,3.018707,positive,,false
real_can_latency_20260710,211,before,false,request_security_seed,2701,670112D3,1967794151694,1967797198548,3.046854,positive,,false
real_can_latency_20260710,211,before,false,send_security_key,2702B789,6702,1967823550530,1967826516995,2.966465,positive,,false
real_can_latency_20260710,211,before,false,read_target_before,221234,62123400D2,1967852752132,1967855807087,3.054955,positive,,false
real_can_latency_20260710,211,before,false,write_target,2E123400D3,6E1234,1967882050884,1967885121623,3.070739,positive,,false
real_can_latency_20260710,211,before,false,read_target_after,221234,62123400D3,1967911337274,1967915137163,3.799889,positive,,false
real_can_latency_20260710,212,before,false,session_reset,1001,500100321388,1967941501787,1967943717940,2.216153,positive,,false
real_can_latency_20260710,212,before,false,enter_extended_session,1003,500300321388,1967970028925,1967973054198,3.025273,positive,,false
real_can_latency_20260710,212,before,false,request_security_seed,2701,670112D4,1967999288915,1968002327737,3.038822,positive,,false
real_can_latency_20260710,212,before,false,send_security_key,2702B78E,6702,1968028594791,1968031613568,3.018777,positive,,false
real_can_latency_20260710,212,before,false,read_target_before,221234,62123400D3,1968057848914,1968060887736,3.038822,positive,,false
real_can_latency_20260710,212,before,false,write_target,2E123400D4,6E1234,1968087460628,1968090199339,2.738711,positive,,false
real_can_latency_20260710,212,before,false,read_target_after,221234,62123400D4,1968116442996,1968119475043,3.032047,positive,,false
real_can_latency_20260710,213,before,false,session_reset,1001,500100321388,1968145795178,1968148771211,2.976033,positive,,false
real_can_latency_20260710,213,before,false,enter_extended_session,1003,500300321388,1968175027929,1968178049849,3.021920,positive,,false
real_can_latency_20260710,213,before,false,request_security_seed,2701,670112D5,1968204288897,1968207401402,3.112505,positive,,false
real_can_latency_20260710,213,before,false,send_security_key,2702B78F,6702,1968233619636,1968236669703,3.050067,positive,,false
real_can_latency_20260710,213,before,false,read_target_before,221234,62123400D4,1968262902185,1968265988779,3.086594,positive,,false
real_can_latency_20260710,213,before,false,write_target,2E123400D5,6E1234,1968292257789,1968295307366,3.049577,positive,,false
real_can_latency_20260710,213,before,false,read_target_after,221234,62123400D5,1968321536007,1968324554784,3.018777,positive,,false
real_can_latency_20260710,214,before,false,session_reset,1001,500100321388,1968350914868,1968353856749,2.941881,positive,,false
real_can_latency_20260710,214,before,false,enter_extended_session,1003,500300321388,1968380065765,1968383190492,3.124727,positive,,false
real_can_latency_20260710,214,before,false,request_security_seed,2701,670112D6,1968409435756,1968412637169,3.201413,positive,,false
real_can_latency_20260710,214,before,false,send_security_key,2702B78C,6702,1968438894376,1968441770466,2.876090,positive,,false
real_can_latency_20260710,214,before,false,read_target_before,221234,62123400D5,1968468217713,1968471063771,2.846058,positive,,false
real_can_latency_20260710,214,before,false,write_target,2E123400D6,6E1234,1968497310501,1968500412739,3.102238,positive,,false
real_can_latency_20260710,214,before,false,read_target_after,221234,62123400D6,1968526661914,1968529647306,2.985392,positive,,false
real_can_latency_20260710,215,before,false,session_reset,1001,500100321388,1968555981758,1968558934954,2.953196,positive,,false
real_can_latency_20260710,215,before,false,enter_extended_session,1003,500300321388,1968585153887,1968588242366,3.088479,positive,,false
real_can_latency_20260710,215,before,false,request_security_seed,2701,670112D7,1968614476805,1968617571290,3.094485,positive,,false
real_can_latency_20260710,215,before,false,send_security_key,2702B78D,6702,1968643794833,1968646853769,3.058936,positive,,false
real_can_latency_20260710,215,before,false,read_target_before,221234,62123400D6,1968673128576,1968676143093,3.014517,positive,,false
real_can_latency_20260710,215,before,false,write_target,2E123400D7,6E1234,1968702387728,1968705458467,3.070739,positive,,false
real_can_latency_20260710,215,before,false,read_target_after,221234,62123400D7,1968731643178,1968734674457,3.031279,positive,,false
real_can_latency_20260710,216,before,false,session_reset,1001,500100321388,1968761045645,1968764036485,2.990840,positive,,false
real_can_latency_20260710,216,before,false,enter_extended_session,1003,500300321388,1968790274067,1968793428337,3.154270,positive,,false
real_can_latency_20260710,216,before,false,request_security_seed,2701,670112D8,1968819663055,1968822645025,2.981970,positive,,false
real_can_latency_20260710,216,before,false,send_security_key,2702B782,6702,1968848891266,1968851940564,3.049298,positive,,false
real_can_latency_20260710,216,before,false,read_target_before,221234,62123400D7,1968878276902,1968881235126,2.958224,positive,,false
real_can_latency_20260710,216,before,false,write_target,2E123400D8,6E1234,1968907473615,1968910547218,3.073603,positive,,false
real_can_latency_20260710,216,before,false,read_target_after,221234,62123400D8,1968936778932,1968939849602,3.070670,positive,,false
real_can_latency_20260710,217,before,false,session_reset,1001,500100321388,1968966309979,1968969198291,2.888312,positive,,false
real_can_latency_20260710,217,before,false,enter_extended_session,1003,500300321388,1968995421345,1968998444452,3.023107,positive,,false
real_can_latency_20260710,217,before,false,request_security_seed,2701,670112D9,1969024671976,1969027727979,3.056003,positive,,false
real_can_latency_20260710,217,before,false,send_security_key,2702B783,6702,1969053947331,1969057052014,3.104683,positive,,false
real_can_latency_20260710,217,before,false,read_target_before,221234,62123400D8,1969083288826,1969086314169,3.025343,positive,,false
real_can_latency_20260710,217,before,false,write_target,2E123400D9,6E1234,1969112558455,1969115637784,3.079329,positive,,false
real_can_latency_20260710,217,before,false,read_target_after,221234,62123400D9,1969141849524,1969144902524,3.053000,positive,,false
real_can_latency_20260710,218,before,false,session_reset,1001,500100321388,1969171232087,1969174205676,2.973589,positive,,false
real_can_latency_20260710,218,before,false,enter_extended_session,1003,500300321388,1969200417625,1969203510365,3.092740,positive,,false
real_can_latency_20260710,218,before,false,request_security_seed,2701,670112DA,1969229743057,1969232810374,3.067317,positive,,false
real_can_latency_20260710,218,before,false,send_security_key,2702B780,6702,1969259064228,1969262123933,3.059705,positive,,false
real_can_latency_20260710,218,before,false,read_target_before,221234,62123400D9,1969288361444,1969291421358,3.059914,positive,,false
real_can_latency_20260710,218,before,false,write_target,2E123400DA,6E1234,1969317625694,1969320709703,3.084009,positive,,false
real_can_latency_20260710,218,before,false,read_target_after,221234,62123400DA,1969346919557,1969349985408,3.065851,positive,,false
real_can_latency_20260710,219,before,false,session_reset,1001,500100321388,1969376262589,1969379288071,3.025482,positive,,false
real_can_latency_20260710,219,before,false,enter_extended_session,1003,500300321388,1969405699559,1969408585007,2.885448,positive,,false
real_can_latency_20260710,219,before,false,request_security_seed,2701,670112DB,1969434838023,1969437857988,3.019965,positive,,false
real_can_latency_20260710,219,before,false,send_security_key,2702B781,6702,1969464153887,1969467194036,3.040149,positive,,false
real_can_latency_20260710,219,before,false,read_target_before,221234,62123400DA,1969493394391,1969496464083,3.069692,positive,,false
real_can_latency_20260710,219,before,false,write_target,2E123400DB,6E1234,1969522672051,1969525794892,3.122841,positive,,false
real_can_latency_20260710,219,before,false,read_target_after,221234,62123400DB,1969552042112,1969555051250,3.009138,positive,,false
real_can_latency_20260710,220,before,false,session_reset,1001,500100321388,1969581367194,1969584422848,3.055654,positive,,false
real_can_latency_20260710,220,before,false,enter_extended_session,1003,500300321388,1969610632911,1969613904446,3.271535,positive,,false
real_can_latency_20260710,220,before,false,request_security_seed,2701,670112DC,1969640148033,1969642981450,2.833417,positive,,false
real_can_latency_20260710,220,before,false,send_security_key,2702B786,6702,1969669162669,1969672279853,3.117184,positive,,false
real_can_latency_20260710,220,before,false,read_target_before,221234,62123400DB,1969698546977,1969701525665,2.978688,positive,,false
real_can_latency_20260710,220,before,false,write_target,2E123400DC,6E1234,1969727733633,1969730877287,3.143654,positive,,false
real_can_latency_20260710,220,before,false,read_target_after,221234,62123400DC,1969757141129,1969760148592,3.007463,positive,,false
real_can_latency_20260710,221,before,false,session_reset,1001,500100321388,1969786511050,1969789470671,2.959621,positive,,false
real_can_latency_20260710,221,before,false,enter_extended_session,1003,500300321388,1969815707554,1969818782763,3.075209,positive,,false
real_can_latency_20260710,221,before,false,request_security_seed,2701,670112DD,1969845047513,1969848077604,3.030091,positive,,false
real_can_latency_20260710,221,before,false,send_security_key,2702B787,6702,1969874345776,1969877436281,3.090505,positive,,false
real_can_latency_20260710,221,before,false,read_target_before,221234,62123400DC,1969903636566,1969906644308,3.007742,positive,,false
real_can_latency_20260710,221,before,false,write_target,2E123400DD,6E1234,1969932882308,1969935945435,3.063127,positive,,false
real_can_latency_20260710,221,before,false,read_target_after,221234,62123400DD,1969962151378,1969965262695,3.111317,positive,,false
real_can_latency_20260710,222,before,false,session_reset,1001,500100321388,1969991621592,1969994513466,2.891874,positive,,false
real_can_latency_20260710,222,before,false,enter_extended_session,1003,500300321388,1970020719060,1970023805653,3.086593,positive,,false
real_can_latency_20260710,222,before,false,request_security_seed,2701,670112DE,1970050037367,1970053153015,3.115648,positive,,false
real_can_latency_20260710,222,before,false,send_security_key,2702B784,6702,1970079410501,1970082455050,3.044549,positive,,false
real_can_latency_20260710,222,before,false,read_target_before,221234,62123400DD,1970108675171,1970111740253,3.065082,positive,,false
real_can_latency_20260710,222,before,false,write_target,2E123400DE,6E1234,1970137983491,1970141072250,3.088759,positive,,false
real_can_latency_20260710,222,before,false,read_target_after,221234,62123400DE,1970167320866,1970170315198,2.994332,positive,,false
real_can_latency_20260710,223,before,false,session_reset,1001,500100321388,1970196654679,1970199635322,2.980643,positive,,false
real_can_latency_20260710,223,before,false,enter_extended_session,1003,500300321388,1970225860751,1970228905299,3.044548,positive,,false
real_can_latency_20260710,223,before,false,request_security_seed,2701,670112DF,1970255152728,1970258234992,3.082264,positive,,false
real_can_latency_20260710,223,before,false,send_security_key,2702B785,6702,1970284452528,1970287735238,3.282710,positive,,false
real_can_latency_20260710,223,before,false,read_target_before,221234,62123400DE,1970313997403,1970316779556,2.782153,positive,,false
real_can_latency_20260710,223,before,false,write_target,2E123400DF,6E1234,1970342997162,1970346126150,3.128988,positive,,false
real_can_latency_20260710,223,before,false,read_target_after,221234,62123400DF,1970372342150,1970375476794,3.134644,positive,,false
real_can_latency_20260710,224,before,false,session_reset,1001,500100321388,1970401865723,1970404724492,2.858769,positive,,false
real_can_latency_20260710,224,before,false,enter_extended_session,1003,500300321388,1970430948733,1970433990069,3.041336,positive,,false
real_can_latency_20260710,224,before,false,request_security_seed,2701,670112E0,1970460223460,1970463293431,3.069971,positive,,false
real_can_latency_20260710,224,before,false,send_security_key,2702B7BA,6702,1970489553501,1970492613555,3.060054,positive,,false
real_can_latency_20260710,224,before,false,read_target_before,221234,62123400DF,1970518866571,1970521911818,3.045247,positive,,false
real_can_latency_20260710,224,before,false,write_target,2E123400E0,6E1234,1970548148142,1970551200094,3.051952,positive,,false
real_can_latency_20260710,224,before,false,read_target_after,221234,62123400E0,1970577456602,1970580488649,3.032047,positive,,false
real_can_latency_20260710,225,before,false,session_reset,1001,500100321388,1970606829736,1970609797040,2.967304,positive,,false
real_can_latency_20260710,225,before,false,enter_extended_session,1003,500300321388,1970636029313,1970639124567,3.095254,positive,,false
real_can_latency_20260710,225,before,false,request_security_seed,2701,670112E1,1970665377234,1970668460335,3.083101,positive,,false
real_can_latency_20260710,225,before,false,send_security_key,2702B7BB,6702,1970694723898,1970697649924,2.926026,positive,,false
real_can_latency_20260710,225,before,false,read_target_before,221234,62123400E0,1970723864877,1970726984017,3.119140,positive,,false
real_can_latency_20260710,225,before,false,write_target,2E123400E1,6E1234,1970753267833,1970756349817,3.081984,positive,,false
real_can_latency_20260710,225,before,false,read_target_after,221234,62123400E1,1970782555131,1970785463348,2.908217,positive,,false
real_can_latency_20260710,226,before,false,session_reset,1001,500100321388,1970811793540,1970814824120,3.030580,positive,,false
real_can_latency_20260710,226,before,false,enter_extended_session,1003,500300321388,1970841051155,1970844218207,3.167052,positive,,false
real_can_latency_20260710,226,before,false,request_security_seed,2701,670112E2,1970870458651,1970873450190,2.991539,positive,,false
real_can_latency_20260710,226,before,false,send_security_key,2702B7B8,6702,1970899740711,1970902779184,3.038473,positive,,false
real_can_latency_20260710,226,before,false,read_target_before,221234,62123400E1,1970928998466,1970932072698,3.074232,positive,,false
real_can_latency_20260710,226,before,false,write_target,2E123400E2,6E1234,1970958317123,1970961475235,3.158112,positive,,false
real_can_latency_20260710,226,before,false,read_target_after,221234,62123400E2,1970987704365,1970990635351,2.930986,positive,,false
real_can_latency_20260710,227,before,false,session_reset,1001,500100321388,1971016987822,1971019973983,2.986161,positive,,false
real_can_latency_20260710,227,before,false,enter_extended_session,1003,500300321388,1971046199342,1971049221192,3.021850,positive,,false
real_can_latency_20260710,227,before,false,request_security_seed,2701,670112E3,1971075414214,1971078572256,3.158042,positive,,false
real_can_latency_20260710,227,before,false,send_security_key,2702B7B9,6702,1971104785881,1971107857668,3.071787,positive,,false
real_can_latency_20260710,227,before,false,read_target_before,221234,62123400E2,1971134041960,1971137098032,3.056072,positive,,false
real_can_latency_20260710,227,before,false,write_target,2E123400E3,6E1234,1971163325417,1971166500221,3.174804,positive,,false
real_can_latency_20260710,227,before,false,read_target_after,221234,62123400E3,1971192745135,1971195752248,3.007113,positive,,false
real_can_latency_20260710,228,before,false,session_reset,1001,500100321388,1971222149628,1971225060988,2.911360,positive,,false
real_can_latency_20260710,228,before,false,enter_extended_session,1003,500300321388,1971251324830,1971254368890,3.044060,positive,,false
real_can_latency_20260710,228,before,false,request_security_seed,2701,670112E4,1971280561562,1971283587533,3.025971,positive,,false
real_can_latency_20260710,228,before,false,send_security_key,2702B7BE,6702,1971309847883,1971312922463,3.074580,positive,,false
real_can_latency_20260710,228,before,false,read_target_before,221234,62123400E3,1971339148171,1971342220308,3.072137,positive,,false
real_can_latency_20260710,228,before,false,write_target,2E123400E4,6E1234,1971368446994,1971371511098,3.064104,positive,,false
real_can_latency_20260710,228,before,false,read_target_after,221234,62123400E4,1971397756711,1971400795952,3.039241,positive,,false
real_can_latency_20260710,229,before,false,session_reset,1001,500100321388,1971427100232,1971430054684,2.954452,positive,,false
real_can_latency_20260710,229,before,false,enter_extended_session,1003,500300321388,1971456250221,1971459413012,3.162791,positive,,false
real_can_latency_20260710,229,before,false,request_security_seed,2701,670112E5,1971485611691,1971488904248,3.292557,positive,,false
real_can_latency_20260710,229,before,false,send_security_key,2702B7BF,6702,1971515136033,1971517999481,2.863448,positive,,false
real_can_latency_20260710,229,before,false,read_target_before,221234,62123400E4,1971544256269,1971547282589,3.026320,positive,,false
real_can_latency_20260710,229,before,false,write_target,2E123400E5,6E1234,1971573520310,1971576622059,3.101749,positive,,false
real_can_latency_20260710,229,before,false,read_target_after,221234,62123400E5,1971602841132,1971605856906,3.015774,positive,,false
real_can_latency_20260710,230,before,false,session_reset,1001,500100321388,1971632170475,1971635128978,2.958503,positive,,false
real_can_latency_20260710,230,before,false,enter_extended_session,1003,500300321388,1971661384229,1971664457832,3.073603,positive,,false
real_can_latency_20260710,230,before,false,request_security_seed,2701,670112E6,1971690758341,1971693801144,3.042803,positive,,false
real_can_latency_20260710,230,before,false,send_security_key,2702B7BC,6702,1971720062471,1971723138449,3.075978,positive,,false
real_can_latency_20260710,230,before,false,read_target_before,221234,62123400E5,1971749392303,1971752502154,3.109851,positive,,false
real_can_latency_20260710,230,before,false,write_target,2E123400E6,6E1234,1971778707189,1971781643412,2.936223,positive,,false
real_can_latency_20260710,230,before,false,read_target_after,221234,62123400E6,1971807882390,1971811311139,3.428749,positive,,false
real_can_latency_20260710,231,before,false,session_reset,1001,500100321388,1971837674436,1971840225272,2.550836,positive,,false
real_can_latency_20260710,231,before,false,enter_extended_session,1003,500300321388,1971866459850,1971869555453,3.095603,positive,,false
real_can_latency_20260710,231,before,false,request_security_seed,2701,670112E7,1971895750152,1971898948911,3.198759,positive,,false
real_can_latency_20260710,231,before,false,send_security_key,2702B7BD,6702,1971925162956,1971928240051,3.077095,positive,,false
real_can_latency_20260710,231,before,false,read_target_before,221234,62123400E6,1971954476235,1971957442351,2.966116,positive,,false
real_can_latency_20260710,231,before,false,write_target,2E123400E7,6E1234,1971983697393,1971986767434,3.070041,positive,,false
real_can_latency_20260710,231,before,false,read_target_after,221234,62123400E7,1972013050273,1972016088396,3.038123,positive,,false
real_can_latency_20260710,232,before,false,session_reset,1001,500100321388,1972042467197,1972045353624,2.886427,positive,,false
real_can_latency_20260710,232,before,false,enter_extended_session,1003,500300321388,1972071582894,1972074641900,3.059006,positive,,false
real_can_latency_20260710,232,before,false,request_security_seed,2701,670112E8,1972100847912,1972103925287,3.077375,positive,,false
real_can_latency_20260710,232,before,false,send_security_key,2702B7B2,6702,1972130188640,1972133272160,3.083520,positive,,false
real_can_latency_20260710,232,before,false,read_target_before,221234,62123400E7,1972159533627,1972162901544,3.367917,positive,,false
real_can_latency_20260710,232,before,false,write_target,2E123400E8,6E1234,1972189152395,1972191786902,2.634507,positive,,false
real_can_latency_20260710,232,before,false,read_target_after,221234,62123400E8,1972217980972,1972221118061,3.137089,positive,,false
real_can_latency_20260710,233,before,false,session_reset,1001,500100321388,1972247409560,1972250414438,3.004878,positive,,false
real_can_latency_20260710,233,before,false,enter_extended_session,1003,500300321388,1972276635886,1972279850709,3.214823,positive,,false
real_can_latency_20260710,233,before,false,request_security_seed,2701,670112E9,1972306078303,1972309072705,2.994402,positive,,false
real_can_latency_20260710,233,before,false,send_security_key,2702B7B3,6702,1972335295829,1972338352810,3.056981,positive,,false
real_can_latency_20260710,233,before,false,read_target_before,221234,62123400E8,1972364564549,1972367582837,3.018288,positive,,false
real_can_latency_20260710,233,before,false,write_target,2E123400E9,6E1234,1972393806799,1972396983838,3.177039,positive,,false
real_can_latency_20260710,233,before,false,read_target_after,221234,62123400E9,1972423223305,1972426444763,3.221458,positive,,false
real_can_latency_20260710,234,before,false,session_reset,1001,500100321388,1972452826079,1972455549425,2.723346,positive,,false
real_can_latency_20260710,234,before,false,enter_extended_session,1003,500300321388,1972481763958,1972484852438,3.088480,positive,,false
real_can_latency_20260710,234,before,false,request_security_seed,2701,670112EA,1972511043294,1972514146021,3.102727,positive,,false
real_can_latency_20260710,234,before,false,send_security_key,2702B7B0,6702,1972540387374,1972543479625,3.092251,positive,,false
real_can_latency_20260710,234,before,false,read_target_before,221234,62123400E9,1972569688501,1972572707697,3.019196,positive,,false
real_can_latency_20260710,234,before,false,write_target,2E123400EA,6E1234,1972598994028,1972601970970,2.976942,positive,,false
real_can_latency_20260710,234,before,false,read_target_after,221234,62123400EA,1972628227478,1972631277474,3.049996,positive,,false
real_can_latency_20260710,235,before,false,session_reset,1001,500100321388,1972657638326,1972660579649,2.941323,positive,,false
real_can_latency_20260710,235,before,false,enter_extended_session,1003,500300321388,1972686790131,1972689932389,3.142258,positive,,false
real_can_latency_20260710,235,before,false,request_security_seed,2701,670112EB,1972716146713,1972719199293,3.052580,positive,,false
real_can_latency_20260710,235,before,false,send_security_key,2702B7B1,6702,1972745449795,1972748472413,3.022618,positive,,false
real_can_latency_20260710,235,before,false,read_target_before,221234,62123400EA,1972774714744,1972777756289,3.041545,positive,,false
real_can_latency_20260710,235,before,false,write_target,2E123400EB,6E1234,1972803979064,1972807073061,3.093997,positive,,false
real_can_latency_20260710,235,before,false,read_target_after,221234,62123400EB,1972833294508,1972836418258,3.123750,positive,,false
real_can_latency_20260710,236,before,false,session_reset,1001,500100321388,1972862771497,1972865659390,2.887893,positive,,false
real_can_latency_20260710,236,before,false,enter_extended_session,1003,500300321388,1972891864774,1972895026169,3.161395,positive,,false
real_can_latency_20260710,236,before,false,request_security_seed,2701,670112EC,1972921245800,1972924283155,3.037355,positive,,false
real_can_latency_20260710,236,before,false,send_security_key,2702B7B6,6702,1972950505371,1972953603908,3.098537,positive,,false
real_can_latency_20260710,236,before,false,read_target_before,221234,62123400EB,1972979834016,1972982879263,3.045247,positive,,false
real_can_latency_20260710,236,before,false,write_target,2E123400EC,6E1234,1973009137448,1973012133666,2.996218,positive,,false
real_can_latency_20260710,236,before,false,read_target_after,221234,62123400EC,1973038361748,1973041433466,3.071718,positive,,false
real_can_latency_20260710,237,before,false,session_reset,1001,500100321388,1973067724825,1973070746675,3.021850,positive,,false
real_can_latency_20260710,237,before,false,enter_extended_session,1003,500300321388,1973096936903,1973100062050,3.125147,positive,,false
real_can_latency_20260710,237,before,false,request_security_seed,2701,670112ED,1973126277072,1973129363665,3.086593,positive,,false
real_can_latency_20260710,237,before,false,send_security_key,2702B7B7,6702,1973155558643,1973158606055,3.047412,positive,,false
real_can_latency_20260710,237,before,false,read_target_before,221234,62123400EC,1973184868081,1973187968014,3.099933,positive,,false
real_can_latency_20260710,237,before,false,write_target,2E123400ED,6E1234,1973214196307,1973217224233,3.027926,positive,,false
real_can_latency_20260710,237,before,false,read_target_after,221234,62123400ED,1973243439395,1973246491626,3.052231,positive,,false
real_can_latency_20260710,238,before,false,session_reset,1001,500100321388,1973272856529,1973275792124,2.935595,positive,,false
real_can_latency_20260710,238,before,false,enter_extended_session,1003,500300321388,1973301979908,1973305104426,3.124518,positive,,false
real_can_latency_20260710,238,before,false,request_security_seed,2701,670112EE,1973331323010,1973334445153,3.122143,positive,,false
real_can_latency_20260710,238,before,false,send_security_key,2702B7B4,6702,1973360669465,1973363748655,3.079190,positive,,false
real_can_latency_20260710,238,before,false,read_target_before,221234,62123400ED,1973389937556,1973392983013,3.045457,positive,,false
real_can_latency_20260710,238,before,false,write_target,2E123400EE,6E1234,1973419133571,1973421318017,2.184446,positive,,false
real_can_latency_20260710,238,before,false,read_target_after,221234,62123400EE,1973447503496,1973450636744,3.133248,positive,,false
real_can_latency_20260710,239,before,false,session_reset,1001,500100321388,1973476923074,1973479923064,2.999990,positive,,false
real_can_latency_20260710,239,before,false,enter_extended_session,1003,500300321388,1973506164975,1973509255690,3.090715,positive,,false
real_can_latency_20260710,239,before,false,request_security_seed,2701,670112EF,1973535452553,1973538490816,3.038263,positive,,false
real_can_latency_20260710,239,before,false,send_security_key,2702B7B5,6702,1973564717781,1973567836781,3.119000,positive,,false
real_can_latency_20260710,239,before,false,read_target_before,221234,62123400EE,1973594066540,1973597077704,3.011164,positive,,false
real_can_latency_20260710,239,before,false,write_target,2E123400EF,6E1234,1973623266117,1973625404467,2.138350,positive,,false
real_can_latency_20260710,239,before,false,read_target_after,221234,62123400EF,1973651643654,1973654725219,3.081565,positive,,false
real_can_latency_20260710,240,before,false,session_reset,1001,500100321388,1973681044376,1973684068810,3.024434,positive,,false
real_can_latency_20260710,240,before,false,enter_extended_session,1003,500300321388,1973710301223,1973713317485,3.016262,positive,,false
real_can_latency_20260710,240,before,false,request_security_seed,2701,670112F0,1973739517911,1973742587183,3.069272,positive,,false
real_can_latency_20260710,240,before,false,send_security_key,2702B7AA,6702,1973768800599,1973771941879,3.141280,positive,,false
real_can_latency_20260710,240,before,false,read_target_before,221234,62123400EF,1973798129244,1973801233857,3.104613,positive,,false
real_can_latency_20260710,240,before,false,write_target,2E123400F0,6E1234,1973827484219,1973830525555,3.041336,positive,,false
real_can_latency_20260710,240,before,false,read_target_after,221234,62123400F0,1973856723885,1973859858530,3.134645,positive,,false
real_can_latency_20260710,241,before,false,session_reset,1001,500100321388,1973886264500,1973889134164,2.869664,positive,,false
real_can_latency_20260710,241,before,false,enter_extended_session,1003,500300321388,1973915351142,1973918488161,3.137019,positive,,false
real_can_latency_20260710,241,before,false,request_security_seed,2701,670112F1,1973944724346,1973947720145,2.995799,positive,,false
real_can_latency_20260710,241,before,false,send_security_key,2702B7AB,6702,1973973941942,1973977024694,3.082752,positive,,false
real_can_latency_20260710,241,before,false,read_target_before,221234,62123400F0,1974003232872,1974006348380,3.115508,positive,,false
real_can_latency_20260710,241,before,false,write_target,2E123400F1,6E1234,1974032532881,1974035625202,3.092321,positive,,false
real_can_latency_20260710,241,before,false,read_target_after,221234,62123400F1,1974061815430,1974064903420,3.087990,positive,,false
real_can_latency_20260710,242,before,false,session_reset,1001,500100321388,1974091218526,1974094210763,2.992237,positive,,false
real_can_latency_20260710,242,before,false,enter_extended_session,1003,500300321388,1974120419430,1974123725118,3.305688,positive,,false
real_can_latency_20260710,242,before,false,request_security_seed,2701,670112F2,1974149936578,1974152775512,2.838934,positive,,false
real_can_latency_20260710,242,before,false,send_security_key,2702B7A8,6702,1974178989137,1974182128531,3.139394,positive,,false
real_can_latency_20260710,242,before,false,read_target_before,221234,62123400F1,1974208366462,1974211454033,3.087571,positive,,false
real_can_latency_20260710,242,before,false,write_target,2E123400F2,6E1234,1974237665633,1974240717236,3.051603,positive,,false
real_can_latency_20260710,242,before,false,read_target_after,221234,62123400F2,1974266953281,1974269928127,2.974846,positive,,false
real_can_latency_20260710,243,before,false,session_reset,1001,500100321388,1974296285417,1974299292181,3.006764,positive,,false
real_can_latency_20260710,243,before,false,enter_extended_session,1003,500300321388,1974325494912,1974328585765,3.090853,positive,,false
real_can_latency_20260710,243,before,false,request_security_seed,2701,670112F3,1974354817340,1974357852460,3.035120,positive,,false
real_can_latency_20260710,243,before,false,send_security_key,2702B7A9,6702,1974384060638,1974387157917,3.097279,positive,,false
real_can_latency_20260710,243,before,false,read_target_before,221234,62123400F2,1974413379016,1974416492289,3.113273,positive,,false
real_can_latency_20260710,243,before,false,write_target,2E123400F3,6E1234,1974442723515,1974445799073,3.075558,positive,,false
real_can_latency_20260710,243,before,false,read_target_after,221234,62123400F3,1974472064451,1974475284373,3.219922,positive,,false
real_can_latency_20260710,244,before,false,session_reset,1001,500100321388,1974501716464,1974504380165,2.663701,positive,,false
real_can_latency_20260710,244,before,false,enter_extended_session,1003,500300321388,1974530599447,1974533675285,3.075838,positive,,false
real_can_latency_20260710,244,before,false,request_security_seed,2701,670112F4,1974559917686,1974562967961,3.050275,positive,,false
real_can_latency_20260710,244,before,false,send_security_key,2702B7AE,6702,1974589193809,1974592241850,3.048041,positive,,false
real_can_latency_20260710,244,before,false,read_target_before,221234,62123400F3,1974618468117,1974621593891,3.125774,positive,,false
real_can_latency_20260710,244,before,false,write_target,2E123400F4,6E1234,1974647795504,1974650822802,3.027298,positive,,false
real_can_latency_20260710,244,before,false,read_target_after,221234,62123400F4,1974677045088,1974680159827,3.114739,positive,,false
real_can_latency_20260710,245,before,false,session_reset,1001,500100321388,1974706508108,1974709464237,2.956129,positive,,false
real_can_latency_20260710,245,before,false,enter_extended_session,1003,500300321388,1974735724377,1974738956242,3.231865,positive,,false
real_can_latency_20260710,245,before,false,request_security_seed,2701,670112F5,1974765158064,1974768057411,2.899347,positive,,false
real_can_latency_20260710,245,before,false,send_security_key,2702B7AF,6702,1974794281303,1974797386545,3.105242,positive,,false
real_can_latency_20260710,245,before,false,read_target_before,221234,62123400F4,1974823603104,1974826651773,3.048669,positive,,false
real_can_latency_20260710,245,before,false,write_target,2E123400F5,6E1234,1974852844097,1974855927128,3.083031,positive,,false
real_can_latency_20260710,245,before,false,read_target_after,221234,62123400F5,1974882135446,1974885170635,3.035189,positive,,false
real_can_latency_20260710,246,before,false,session_reset,1001,500100321388,1974911414433,1974914452416,3.037983,positive,,false
real_can_latency_20260710,246,before,false,enter_extended_session,1003,500300321388,1974940636848,1974942765699,2.128851,positive,,false
real_can_latency_20260710,246,before,false,request_security_seed,2701,670112F6,1974968942588,1974971144144,2.201556,positive,,false
real_can_latency_20260710,246,before,false,send_security_key,2702B7AC,6702,1974997361891,1975000461475,3.099584,positive,,false
real_can_latency_20260710,246,before,false,read_target_before,221234,62123400F5,1975026677824,1975029743395,3.065571,positive,,false
real_can_latency_20260710,246,before,false,write_target,2E123400F6,6E1234,1975055933763,1975058996750,3.062987,positive,,false
real_can_latency_20260710,246,before,false,read_target_after,221234,62123400F6,1975085188864,1975088329026,3.140162,positive,,false
real_can_latency_20260710,247,before,false,session_reset,1001,500100321388,1975114605230,1975117625614,3.020384,positive,,false
real_can_latency_20260710,247,before,false,enter_extended_session,1003,500300321388,1975143870947,1975146998957,3.128010,positive,,false
real_can_latency_20260710,247,before,false,request_security_seed,2701,670112F7,1975173269155,1975176221023,2.951868,positive,,false
real_can_latency_20260710,247,before,false,send_security_key,2702B7AD,6702,1975202448268,1975205579281,3.131013,positive,,false
real_can_latency_20260710,247,before,false,read_target_before,221234,62123400F6,1975231798005,1975234853379,3.055374,positive,,false
real_can_latency_20260710,247,before,false,write_target,2E123400F7,6E1234,1975261133005,1975264208982,3.075977,positive,,false
real_can_latency_20260710,247,before,false,read_target_after,221234,62123400F7,1975290462348,1975293506827,3.044479,positive,,false
real_can_latency_20260710,248,before,false,session_reset,1001,500100321388,1975319922016,1975322782950,2.860934,positive,,false
real_can_latency_20260710,248,before,false,enter_extended_session,1003,500300321388,1975349041763,1975351997403,2.955640,positive,,false
real_can_latency_20260710,248,before,false,request_security_seed,2701,670112F8,1975378232680,1975381366417,3.133737,positive,,false
real_can_latency_20260710,248,before,false,send_security_key,2702B7A2,6702,1975407590239,1975410681861,3.091622,positive,,false
real_can_latency_20260710,248,before,false,read_target_before,221234,62123400F7,1975436890458,1975439982639,3.092181,positive,,false
real_can_latency_20260710,248,before,false,write_target,2E123400F8,6E1234,1975466221687,1975469242559,3.020872,positive,,false
real_can_latency_20260710,248,before,false,read_target_after,221234,62123400F8,1975495451226,1975498531044,3.079818,positive,,false
real_can_latency_20260710,249,before,false,session_reset,1001,500100321388,1975524928913,1975527843137,2.914224,positive,,false
real_can_latency_20260710,249,before,false,enter_extended_session,1003,500300321388,1975554075130,1975557185261,3.110131,positive,,false
real_can_latency_20260710,249,before,false,request_security_seed,2701,670112F9,1975583431502,1975586489670,3.058168,positive,,false
real_can_latency_20260710,249,before,false,send_security_key,2702B7A3,6702,1975612723620,1975615722981,2.999361,positive,,false
real_can_latency_20260710,249,before,false,read_target_before,221234,62123400F8,1975641966009,1975645030673,3.064664,positive,,false
real_can_latency_20260710,249,before,false,write_target,2E123400F9,6E1234,1975671288927,1975674343743,3.054816,positive,,false
real_can_latency_20260710,249,before,false,read_target_after,221234,62123400F9,1975700586841,1975703647663,3.060822,positive,,false
real_can_latency_20260710,250,before,false,session_reset,1001,500100321388,1975729975480,1975732898015,2.922535,positive,,false
real_can_latency_20260710,250,before,false,enter_extended_session,1003,500300321388,1975759151380,1975762216253,3.064873,positive,,false
real_can_latency_20260710,250,before,false,request_security_seed,2701,670112FA,1975788450901,1975791520732,3.069831,positive,,false
real_can_latency_20260710,250,before,false,send_security_key,2702B7A0,6702,1975817784993,1975820937797,3.152804,positive,,false
real_can_latency_20260710,250,before,false,read_target_before,221234,62123400F9,1975847187391,1975850134231,2.946840,positive,,false
real_can_latency_20260710,250,before,false,write_target,2E123400FA,6E1234,1975876417628,1975879530203,3.112575,positive,,false
real_can_latency_20260710,250,before,false,read_target_after,221234,62123400FA,1975905776934,1975908668738,2.891804,positive,,false
real_can_latency_20260710,251,before,false,session_reset,1001,500100321388,1975935034270,1975938058005,3.023735,positive,,false
real_can_latency_20260710,251,before,false,enter_extended_session,1003,500300321388,1975964319961,1975967304027,2.984066,positive,,false
real_can_latency_20260710,251,before,false,request_security_seed,2701,670112FB,1975993565355,1975996629529,3.064174,positive,,false
real_can_latency_20260710,251,before,false,send_security_key,2702B7A1,6702,1976022855516,1976025908725,3.053209,positive,,false
real_can_latency_20260710,251,before,false,read_target_before,221234,62123400FA,1976052160415,1976055203078,3.042663,positive,,false
real_can_latency_20260710,251,before,false,write_target,2E123400FB,6E1234,1976081451834,1976084572650,3.120816,positive,,false
real_can_latency_20260710,251,before,false,read_target_after,221234,62123400FB,1976110786764,1976113794576,3.007812,positive,,false
real_can_latency_20260710,252,before,false,session_reset,1001,500100321388,1976140179593,1976143091931,2.912338,positive,,false
real_can_latency_20260710,252,before,false,enter_extended_session,1003,500300321388,1976169340338,1976172392500,3.052162,positive,,false
real_can_latency_20260710,252,before,false,request_security_seed,2701,670112FC,1976198627846,1976201680496,3.052650,positive,,false
real_can_latency_20260710,252,before,false,send_security_key,2702B7A6,6702,1976227942802,1976230997896,3.055094,positive,,false
real_can_latency_20260710,252,before,false,read_target_before,221234,62123400FB,1976257260621,1976260278210,3.017589,positive,,false
real_can_latency_20260710,252,before,false,write_target,2E123400FC,6E1234,1976286518446,1976289577102,3.058656,positive,,false
real_can_latency_20260710,252,before,false,read_target_after,221234,62123400FC,1976315820620,1976318870617,3.049997,positive,,false
real_can_latency_20260710,253,before,false,session_reset,1001,500100321388,1976345226161,1976348179845,2.953684,positive,,false
real_can_latency_20260710,253,before,false,enter_extended_session,1003,500300321388,1976374425738,1976377513099,3.087361,positive,,false
real_can_latency_20260710,253,before,false,request_security_seed,2701,670112FD,1976403712617,1976406774486,3.061869,positive,,false
real_can_latency_20260710,253,before,false,send_security_key,2702B7A7,6702,1976433044474,1976436069607,3.025133,positive,,false
real_can_latency_20260710,253,before,false,read_target_before,221234,62123400FC,1976462340712,1976465363330,3.022618,positive,,false
real_can_latency_20260710,253,before,false,write_target,2E123400FD,6E1234,1976491614671,1976494681150,3.066479,positive,,false
real_can_latency_20260710,253,before,false,read_target_after,221234,62123400FD,1976520909023,1976523983813,3.074790,positive,,false
real_can_latency_20260710,254,before,false,session_reset,1001,500100321388,1976550349694,1976553226203,2.876509,positive,,false
real_can_latency_20260710,254,before,false,enter_extended_session,1003,500300321388,1976579487251,1976582575032,3.087781,positive,,false
real_can_latency_20260710,254,before,false,request_security_seed,2701,670112FE,1976608797458,1976611884749,3.087291,positive,,false
real_can_latency_20260710,254,before,false,send_security_key,2702B7A4,6702,1976638121353,1976641167438,3.046085,positive,,false
real_can_latency_20260710,254,before,false,read_target_before,221234,62123400FD,1976667376454,1976670475270,3.098816,positive,,false
real_can_latency_20260710,254,before,false,write_target,2E123400FE,6E1234,1976696715715,1976699738822,3.023107,positive,,false
real_can_latency_20260710,254,before,false,read_target_after,221234,62123400FE,1976725947279,1976729062159,3.114880,positive,,false
real_can_latency_20260710,255,before,false,session_reset,1001,500100321388,1976755390045,1976758338771,2.948726,positive,,false
real_can_latency_20260710,255,before,false,enter_extended_session,1003,500300321388,1976784549044,1976787666089,3.117045,positive,,false
real_can_latency_20260710,255,before,false,request_security_seed,2701,670112FF,1976813878736,1976816926707,3.047971,positive,,false
real_can_latency_20260710,255,before,false,send_security_key,2702B7A5,6702,1976843179863,1976846249765,3.069902,positive,,false
real_can_latency_20260710,255,before,false,read_target_before,221234,62123400FE,1976872469955,1976875518764,3.048809,positive,,false
real_can_latency_20260710,255,before,false,write_target,2E123400FF,6E1234,1976901743285,1976904845453,3.102168,positive,,false
real_can_latency_20260710,255,before,false,read_target_after,221234,62123400FF,1976931054888,1976934128002,3.073114,positive,,false
real_can_latency_20260710,256,before,false,session_reset,1001,500100321388,1976960372777,1976963299572,2.926795,positive,,false
real_can_latency_20260710,256,before,false,enter_extended_session,1003,500300321388,1976989540576,1976992724739,3.184163,positive,,false
real_can_latency_20260710,256,before,false,request_security_seed,2701,67011300,1977018917481,1977022050240,3.132759,positive,,false
real_can_latency_20260710,256,before,false,send_security_key,2702B65A,6702,1977048275320,1977051331812,3.056492,positive,,false
real_can_latency_20260710,256,before,false,read_target_before,221234,62123400FF,1977077594187,1977080558487,2.964300,positive,,false
real_can_latency_20260710,256,before,false,write_target,2E12340100,6E1234,1977106774767,1977109884757,3.109990,positive,,false
real_can_latency_20260710,256,before,false,read_target_after,221234,6212340100,1977136143081,1977139255377,3.112296,positive,,false
real_can_latency_20260710,257,before,false,session_reset,1001,500100321388,1977165616020,1977168518859,2.902839,positive,,false
real_can_latency_20260710,257,before,false,enter_extended_session,1003,500300321388,1977194724872,1977197784157,3.059285,positive,,false
real_can_latency_20260710,257,before,false,request_security_seed,2701,67011301,1977224018526,1977227103722,3.085196,positive,,false
real_can_latency_20260710,257,before,false,send_security_key,2702B65B,6702,1977253369799,1977256395700,3.025901,positive,,false
real_can_latency_20260710,257,before,false,read_target_before,221234,6212340100,1977282633211,1977285685303,3.052092,positive,,false
real_can_latency_20260710,257,before,false,write_target,2E12340101,6E1234,1977311909056,1977314997814,3.088758,positive,,false
real_can_latency_20260710,257,before,false,read_target_after,221234,6212340101,1977341274297,1977344270655,2.996358,positive,,false
real_can_latency_20260710,258,before,false,session_reset,1001,500100321388,1977370625571,1977373574296,2.948725,positive,,false
real_can_latency_20260710,258,before,false,enter_extended_session,1003,500300321388,1977399811668,1977402907201,3.095533,positive,,false
real_can_latency_20260710,258,before,false,request_security_seed,2701,67011302,1977429160427,1977432207351,3.046924,positive,,false
real_can_latency_20260710,258,before,false,send_security_key,2702B658,6702,1977458470843,1977461526776,3.055933,positive,,false
real_can_latency_20260710,258,before,false,read_target_before,221234,6212340101,1977487764776,1977490768118,3.003342,positive,,false
real_can_latency_20260710,258,before,false,write_target,2E12340102,6E1234,1977517058849,1977520110452,3.051603,positive,,false
real_can_latency_20260710,258,before,false,read_target_after,221234,6212340102,1977546353132,1977549368277,3.015145,positive,,false
real_can_latency_20260710,259,before,false,session_reset,1001,500100321388,1977575726964,1977578689798,2.962834,positive,,false
real_can_latency_20260710,259,before,false,enter_extended_session,1003,500300321388,1977604939043,1977607939591,3.000548,positive,,false
real_can_latency_20260710,259,before,false,request_security_seed,2701,67011303,1977634193306,1977637254966,3.061660,positive,,false
real_can_latency_20260710,259,before,false,send_security_key,2702B659,6702,1977663596472,1977666636341,3.039869,positive,,false
real_can_latency_20260710,259,before,false,read_target_before,221234,6212340102,1977692903186,1977695869861,2.966675,positive,,false
real_can_latency_20260710,259,before,false,write_target,2E12340103,6E1234,1977722155633,1977725175179,3.019546,positive,,false
real_can_latency_20260710,259,before,false,read_target_after,221234,6212340103,1977751449497,1977754512414,3.062917,positive,,false
real_can_latency_20260710,260,before,false,session_reset,1001,500100321388,1977780873685,1977783727495,2.853810,positive,,false
real_can_latency_20260710,260,before,false,enter_extended_session,1003,500300321388,1977809967591,1977813070597,3.103006,positive,,false
real_can_latency_20260710,260,before,false,request_security_seed,2701,67011304,1977839291556,1977842345045,3.053489,positive,,false
real_can_latency_20260710,260,before,false,send_security_key,2702B65E,6702,1977868591286,1977871664191,3.072905,positive,,false
real_can_latency_20260710,260,before,false,read_target_before,221234,6212340103,1977897903867,1977900928511,3.024644,positive,,false
real_can_latency_20260710,260,before,false,write_target,2E12340104,6E1234,1977927195077,1977930224330,3.029253,positive,,false
real_can_latency_20260710,260,before,false,read_target_after,221234,6212340104,1977956473575,1977959559819,3.086244,positive,,false
real_can_latency_20260710,261,before,false,session_reset,1001,500100321388,1977985923815,1977988820787,2.896972,positive,,false
real_can_latency_20260710,261,before,false,enter_extended_session,1003,500300321388,1978015084839,1978018113603,3.028764,positive,,false
real_can_latency_20260710,261,before,false,request_security_seed,2701,67011305,1978044359775,1978047408095,3.048320,positive,,false
real_can_latency_20260710,261,before,false,send_security_key,2702B65F,6702,1978073666140,1978076731990,3.065850,positive,,false
real_can_latency_20260710,261,before,false,read_target_before,221234,6212340104,1978102971388,1978106033606,3.062218,positive,,false
real_can_latency_20260710,261,before,false,write_target,2E12340105,6E1234,1978132288089,1978135302117,3.014028,positive,,false
real_can_latency_20260710,261,before,false,read_target_after,221234,6212340105,1978161550943,1978164580755,3.029812,positive,,false
real_can_latency_20260710,262,before,false,session_reset,1001,500100321388,1978190958579,1978193917571,2.958992,positive,,false
real_can_latency_20260710,262,before,false,enter_extended_session,1003,500300321388,1978220156060,1978223213041,3.056981,positive,,false
real_can_latency_20260710,262,before,false,request_security_seed,2701,67011306,1978249425898,1978252556352,3.130454,positive,,false
real_can_latency_20260710,262,before,false,send_security_key,2702B65C,6702,1978278802315,1978281841765,3.039450,positive,,false
real_can_latency_20260710,262,before,false,read_target_before,221234,6212340105,1978308271481,1978311287674,3.016193,positive,,false
real_can_latency_20260710,262,before,false,write_target,2E12340106,6E1234,1978337512125,1978340409517,2.897392,positive,,false
real_can_latency_20260710,262,before,false,read_target_after,221234,6212340106,1978366645352,1978369689412,3.044060,positive,,false
real_can_latency_20260710,263,before,false,session_reset,1001,500100321388,1978396055852,1978398972869,2.917017,positive,,false
real_can_latency_20260710,263,before,false,enter_extended_session,1003,500300321388,1978425211358,1978428262821,3.051463,positive,,false
real_can_latency_20260710,263,before,false,request_security_seed,2701,67011307,1978454502079,1978457578545,3.076466,positive,,false
real_can_latency_20260710,263,before,false,send_security_key,2702B65D,6702,1978483842457,1978486876948,3.034491,positive,,false
real_can_latency_20260710,263,before,false,read_target_before,221234,6212340106,1978513126473,1978516197631,3.071158,positive,,false
real_can_latency_20260710,263,before,false,write_target,2E12340107,6E1234,1978542441917,1978545503018,3.061101,positive,,false
real_can_latency_20260710,263,before,false,read_target_after,221234,6212340107,1978571748701,1978574755675,3.006974,positive,,false
real_can_latency_20260710,264,before,false,session_reset,1001,500100321388,1978601140064,1978604088371,2.948307,positive,,false
real_can_latency_20260710,264,before,false,enter_extended_session,1003,500300321388,1978630351654,1978633379580,3.027926,positive,,false
real_can_latency_20260710,264,before,false,request_security_seed,2701,67011308,1978659618349,1978662806911,3.188562,positive,,false
real_can_latency_20260710,264,before,false,send_security_key,2702B652,6702,1978689029686,1978691897325,2.867639,positive,,false
real_can_latency_20260710,264,before,false,read_target_before,221234,6212340107,1978718290445,1978721204668,2.914223,positive,,false
real_can_latency_20260710,264,before,false,write_target,2E12340108,6E1234,1978747424859,1978750584856,3.159997,positive,,false
real_can_latency_20260710,264,before,false,read_target_after,221234,6212340108,1978776815034,1978779850853,3.035819,positive,,false
real_can_latency_20260710,265,before,false,session_reset,1001,500100321388,1978806260525,1978809179637,2.919112,positive,,false
real_can_latency_20260710,265,before,false,enter_extended_session,1003,500300321388,1978835419733,1978838528187,3.108454,positive,,false
real_can_latency_20260710,265,before,false,request_security_seed,2701,67011309,1978864947636,1978867739567,2.791931,positive,,false
real_can_latency_20260710,265,before,false,send_security_key,2702B653,6702,1978893996774,1978897052567,3.055793,positive,,false
real_can_latency_20260710,265,before,false,read_target_before,221234,6212340108,1978923297831,1978926333440,3.035609,positive,,false
real_can_latency_20260710,265,before,false,write_target,2E12340109,6E1234,1978952572977,1978955639735,3.066758,positive,,false
real_can_latency_20260710,265,before,false,read_target_after,221234,6212340109,1978981868586,1978984927941,3.059355,positive,,false
real_can_latency_20260710,266,before,false,session_reset,1001,500100321388,1979011264768,1979014163347,2.898579,positive,,false
real_can_latency_20260710,266,before,false,enter_extended_session,1003,500300321388,1979040406795,1979043540532,3.133737,positive,,false
real_can_latency_20260710,266,before,false,request_security_seed,2701,6701130A,1979069781605,1979072832510,3.050905,positive,,false
real_can_latency_20260710,266,before,false,send_security_key,2702B650,6702,1979099136930,1979102135522,2.998592,positive,,false
real_can_latency_20260710,266,before,false,read_target_before,221234,6212340109,1979128379669,1979131412414,3.032745,positive,,false
real_can_latency_20260710,266,before,false,write_target,2E1234010A,6E1234,1979157647831,1979160761872,3.114041,positive,,false
real_can_latency_20260710,266,before,false,read_target_after,221234,621234010A,1979186989256,1979190042954,3.053698,positive,,false
real_can_latency_20260710,267,before,false,session_reset,1001,500100321388,1979216410372,1979219317891,2.907519,positive,,false
real_can_latency_20260710,267,before,false,enter_extended_session,1003,500300321388,1979245562456,1979248616014,3.053558,positive,,false
real_can_latency_20260710,267,before,false,request_security_seed,2701,6701130B,1979274849056,1979277929783,3.080727,positive,,false
real_can_latency_20260710,267,before,false,send_security_key,2702B651,6702,1979304189225,1979307282523,3.093298,positive,,false
real_can_latency_20260710,267,before,false,read_target_before,221234,621234010A,1979333529254,1979336515764,2.986510,positive,,false
real_can_latency_20260710,267,before,false,write_target,2E1234010B,6E1234,1979362764869,1979365796427,3.031558,positive,,false
real_can_latency_20260710,267,before,false,read_target_after,221234,621234010B,1979392059431,1979395079605,3.020174,positive,,false
real_can_latency_20260710,268,before,false,session_reset,1001,500100321388,1979421423415,1979424378916,2.955501,positive,,false
real_can_latency_20260710,268,before,false,enter_extended_session,1003,500300321388,1979450615449,1979453714894,3.099445,positive,,false
real_can_latency_20260710,268,before,false,request_security_seed,2701,6701130C,1979479949472,1979482974465,3.024993,positive,,false
real_can_latency_20260710,268,before,false,send_security_key,2702B656,6702,1979509230834,1979512264277,3.033443,positive,,false
real_can_latency_20260710,268,before,false,read_target_before,221234,621234010B,1979538505141,1979541579233,3.074092,positive,,false
real_can_latency_20260710,268,before,false,write_target,2E1234010C,6E1234,1979567825894,1979570908576,3.082682,positive,,false
real_can_latency_20260710,268,before,false,read_target_after,221234,621234010C,1979597157891,1979600208167,3.050276,positive,,false
real_can_latency_20260710,269,before,false,session_reset,1001,500100321388,1979626582778,1979629532970,2.950192,positive,,false
real_can_latency_20260710,269,before,false,enter_extended_session,1003,500300321388,1979655942642,1979658778852,2.836210,positive,,false
real_can_latency_20260710,269,before,false,request_security_seed,2701,6701130D,1979685050097,1979688099395,3.049298,positive,,false
real_can_latency_20260710,269,before,false,send_security_key,2702B657,6702,1979714343053,1979717383271,3.040218,positive,,false
real_can_latency_20260710,269,before,false,read_target_before,221234,621234010C,1979743619176,1979746632017,3.012841,positive,,false
real_can_latency_20260710,269,before,false,write_target,2E1234010D,6E1234,1979772873020,1979775935518,3.062498,positive,,false
real_can_latency_20260710,269,before,false,read_target_after,221234,621234010D,1979802187906,1979805231966,3.044060,positive,,false
real_can_latency_20260710,270,before,false,session_reset,1001,500100321388,1979831619219,1979834567036,2.947817,positive,,false
real_can_latency_20260710,270,before,false,enter_extended_session,1003,500300321388,1979860811881,1979863869700,3.057819,positive,,false
real_can_latency_20260710,270,before,false,request_security_seed,2701,6701130E,1979890143110,1979893158884,3.015774,positive,,false
real_can_latency_20260710,270,before,false,send_security_key,2702B654,6702,1979919421329,1979922520424,3.099095,positive,,false
real_can_latency_20260710,270,before,false,read_target_before,221234,621234010D,1979948746202,1979951744585,2.998383,positive,,false
real_can_latency_20260710,270,before,false,write_target,2E1234010E,6E1234,1979977994598,1979981084894,3.090296,positive,,false
real_can_latency_20260710,270,before,false,read_target_after,221234,621234010E,1980007341961,1980010317715,2.975754,positive,,false
real_can_latency_20260710,271,before,false,session_reset,1001,500100321388,1980036701336,1980039647966,2.946630,positive,,false
real_can_latency_20260710,271,before,false,enter_extended_session,1003,500300321388,1980065892252,1980068971652,3.079400,positive,,false
real_can_latency_20260710,271,before,false,request_security_seed,2701,6701130F,1980095222783,1980098231922,3.009139,positive,,false
real_can_latency_20260710,271,before,false,send_security_key,2702B655,6702,1980124490386,1980127554839,3.064453,positive,,false
real_can_latency_20260710,271,before,false,read_target_before,221234,621234010E,1980153815888,1980156815877,2.999989,positive,,false
real_can_latency_20260710,271,before,false,write_target,2E1234010F,6E1234,1980183050735,1980186133557,3.082822,positive,,false
real_can_latency_20260710,271,before,false,read_target_after,221234,621234010F,1980212359894,1980215411706,3.051812,positive,,false
real_can_latency_20260710,272,before,false,session_reset,1001,500100321388,1980241770882,1980244708991,2.938109,positive,,false
real_can_latency_20260710,272,before,false,enter_extended_session,1003,500300321388,1980270959843,1980274047833,3.087990,positive,,false
real_can_latency_20260710,272,before,false,request_security_seed,2701,67011310,1980300294983,1980303301957,3.006974,positive,,false
real_can_latency_20260710,272,before,false,send_security_key,2702B64A,6702,1980329547989,1980332618239,3.070250,positive,,false
real_can_latency_20260710,272,before,false,read_target_before,221234,621234010F,1980358864341,1980361907423,3.043082,positive,,false
real_can_latency_20260710,272,before,false,write_target,2E12340110,6E1234,1980388168262,1980391251503,3.083241,positive,,false
real_can_latency_20260710,272,before,false,read_target_after,221234,6212340110,1980417512062,1980420537684,3.025622,positive,,false
real_can_latency_20260710,273,before,false,session_reset,1001,500100321388,1980446951197,1980449795788,2.844591,positive,,false
real_can_latency_20260710,273,before,false,enter_extended_session,1003,500300321388,1980476227530,1980479131347,2.903817,positive,,false
real_can_latency_20260710,273,before,false,request_security_seed,2701,67011311,1980505369837,1980508435198,3.065361,positive,,false
real_can_latency_20260710,273,before,false,send_security_key,2702B64B,6702,1980534696735,1980537738490,3.041755,positive,,false
real_can_latency_20260710,273,before,false,read_target_before,221234,6212340110,1980563987875,1980566980461,2.992586,positive,,false
real_can_latency_20260710,273,before,false,write_target,2E12340111,6E1234,1980593220347,1980596295906,3.075559,positive,,false
real_can_latency_20260710,273,before,false,read_target_after,221234,6212340111,1980622552973,1980625571750,3.018777,positive,,false
real_can_latency_20260710,274,before,false,session_reset,1001,500100321388,1980651911929,1980654893062,2.981133,positive,,false
real_can_latency_20260710,274,before,false,enter_extended_session,1003,500300321388,1980681140560,1980684186087,3.045527,positive,,false
real_can_latency_20260710,274,before,false,request_security_seed,2701,67011312,1980710416894,1980713535894,3.119000,positive,,false
real_can_latency_20260710,274,before,false,send_security_key,2702B648,6702,1980739796244,1980742777306,2.981062,positive,,false
real_can_latency_20260710,274,before,false,read_target_before,221234,6212340111,1980769033186,1980772071588,3.038402,positive,,false
real_can_latency_20260710,274,before,false,write_target,2E12340112,6E1234,1980798322789,1980801407986,3.085197,positive,,false
real_can_latency_20260710,274,before,false,read_target_after,221234,6212340112,1980827649827,1980830672096,3.022269,positive,,false
real_can_latency_20260710,275,before,false,session_reset,1001,500100321388,1980857046708,1980859973084,2.926376,positive,,false
real_can_latency_20260710,275,before,false,enter_extended_session,1003,500300321388,1980886226380,1980889273512,3.047132,positive,,false
real_can_latency_20260710,275,before,false,request_security_seed,2701,67011313,1980915476941,1980918558715,3.081774,positive,,false
real_can_latency_20260710,275,before,false,send_security_key,2702B649,6702,1980944777230,1980947876465,3.099235,positive,,false
real_can_latency_20260710,275,before,false,read_target_before,221234,6212340112,1980974134021,1980977109496,2.975475,positive,,false
real_can_latency_20260710,275,before,false,write_target,2E12340113,6E1234,1981003351896,1981006516154,3.164258,positive,,false
real_can_latency_20260710,275,before,false,read_target_after,221234,6212340113,1981032743259,1981035700785,2.957526,positive,,false
real_can_latency_20260710,276,before,false,session_reset,1001,500100321388,1981061929776,1981064944223,3.014447,positive,,false
real_can_latency_20260710,276,before,false,enter_extended_session,1003,500300321388,1981091142902,1981093283138,2.140236,positive,,false
real_can_latency_20260710,276,before,false,request_security_seed,2701,67011314,1981119513455,1981122621420,3.107965,positive,,false
real_can_latency_20260710,276,before,false,send_security_key,2702B64E,6702,1981148872831,1981151985056,3.112225,positive,,false
real_can_latency_20260710,276,before,false,read_target_before,221234,6212340113,1981178230110,1981181254126,3.024016,positive,,false
real_can_latency_20260710,276,before,false,write_target,2E12340114,6E1234,1981207471662,1981210596390,3.124728,positive,,false
real_can_latency_20260710,276,before,false,read_target_after,221234,6212340114,1981236823984,1981239835078,3.011094,positive,,false
real_can_latency_20260710,277,before,false,session_reset,1001,500100321388,1981266218629,1981269162396,2.943767,positive,,false
real_can_latency_20260710,277,before,false,enter_extended_session,1003,500300321388,1981295403399,1981298448227,3.044828,positive,,false
real_can_latency_20260710,277,before,false,request_security_seed,2701,67011315,1981324665345,1981327777361,3.112016,positive,,false
real_can_latency_20260710,277,before,false,send_security_key,2702B64F,6702,1981354036314,1981357136666,3.100352,positive,,false
real_can_latency_20260710,277,before,false,read_target_before,221234,6212340114,1981383384165,1981386345183,2.961018,positive,,false
real_can_latency_20260710,277,before,false,write_target,2E12340115,6E1234,1981412583323,1981415652596,3.069273,positive,,false
real_can_latency_20260710,277,before,false,read_target_after,221234,6212340115,1981441898279,1981444927602,3.029323,positive,,false
real_can_latency_20260710,278,before,false,session_reset,1001,500100321388,1981471286778,1981474220138,2.933360,positive,,false
real_can_latency_20260710,278,before,false,enter_extended_session,1003,500300321388,1981500471549,1981503547945,3.076396,positive,,false
real_can_latency_20260710,278,before,false,request_security_seed,2701,67011316,1981529776098,1981532816596,3.040498,positive,,false
real_can_latency_20260710,278,before,false,send_security_key,2702B64C,6702,1981559246871,1981562139863,2.892992,positive,,false
real_can_latency_20260710,278,before,false,read_target_before,221234,6212340115,1981588385127,1981591413332,3.028205,positive,,false
real_can_latency_20260710,278,before,false,write_target,2E12340116,6E1234,1981617652171,1981620951992,3.299821,positive,,false
real_can_latency_20260710,278,before,false,read_target_after,221234,6212340116,1981647168132,1981649970329,2.802197,positive,,false
real_can_latency_20260710,279,before,false,session_reset,1001,500100321388,1981676338165,1981679315037,2.976872,positive,,false
real_can_latency_20260710,279,before,false,enter_extended_session,1003,500300321388,1981705558625,1981708644380,3.085755,positive,,false
real_can_latency_20260710,279,before,false,request_security_seed,2701,67011317,1981734884546,1981737913380,3.028834,positive,,false
real_can_latency_20260710,279,before,false,send_security_key,2702B64D,6702,1981764172962,1981767267517,3.094555,positive,,false
real_can_latency_20260710,279,before,false,read_target_before,221234,6212340116,1981793506495,1981796545946,3.039451,positive,,false
real_can_latency_20260710,279,before,false,write_target,2E12340117,6E1234,1981822785622,1981825819834,3.034212,positive,,false
real_can_latency_20260710,279,before,false,read_target_after,221234,6212340117,1981852054482,1981855091977,3.037495,positive,,false
real_can_latency_20260710,280,before,false,session_reset,1001,500100321388,1981881429642,1981884418247,2.988605,positive,,false
real_can_latency_20260710,280,before,false,enter_extended_session,1003,500300321388,1981910674057,1981913704917,3.030860,positive,,false
real_can_latency_20260710,280,before,false,request_security_seed,2701,67011318,1981939953324,1981943021269,3.067945,positive,,false
real_can_latency_20260710,280,before,false,send_security_key,2702B642,6702,1981969280153,1981972304726,3.024573,positive,,false
real_can_latency_20260710,280,before,false,read_target_before,221234,6212340117,1981998549781,1982001607250,3.057469,positive,,false
real_can_latency_20260710,280,before,false,write_target,2E12340118,6E1234,1982027851257,1982030960060,3.108803,positive,,false
real_can_latency_20260710,280,before,false,read_target_after,221234,6212340118,1982057199527,1982060196304,2.996777,positive,,false
real_can_latency_20260710,281,before,false,session_reset,1001,500100321388,1982086731133,1982089541292,2.810159,positive,,false
real_can_latency_20260710,281,before,false,enter_extended_session,1003,500300321388,1982115794588,1982118788501,2.993913,positive,,false
real_can_latency_20260710,281,before,false,request_security_seed,2701,67011319,1982145024337,1982148072727,3.048390,positive,,false
real_can_latency_20260710,281,before,false,send_security_key,2702B643,6702,1982174332168,1982177378044,3.045876,positive,,false
real_can_latency_20260710,281,before,false,read_target_before,221234,6212340118,1982203622330,1982206666600,3.044270,positive,,false
real_can_latency_20260710,281,before,false,write_target,2E12340119,6E1234,1982232910606,1982235980857,3.070251,positive,,false
real_can_latency_20260710,281,before,false,read_target_after,221234,6212340119,1982262241905,1982265387166,3.145261,positive,,false
real_can_latency_20260710,282,before,false,session_reset,1001,500100321388,1982291755422,1982294591352,2.835930,positive,,false
real_can_latency_20260710,282,before,false,enter_extended_session,1003,500300321388,1982320833613,1982323850993,3.017380,positive,,false
real_can_latency_20260710,282,before,false,request_security_seed,2701,6701131A,1982350053165,1982353201778,3.148613,positive,,false
real_can_latency_20260710,282,before,false,send_security_key,2702B640,6702,1982379444667,1982382469381,3.024714,positive,,false
real_can_latency_20260710,282,before,false,read_target_before,221234,6212340119,1982408710524,1982411678107,2.967583,positive,,false
real_can_latency_20260710,282,before,false,write_target,2E1234011A,6E1234,1982437897669,1982441018276,3.120607,positive,,false
real_can_latency_20260710,282,before,false,read_target_after,221234,621234011A,1982467217584,1982470294400,3.076816,positive,,false
real_can_latency_20260710,283,before,false,session_reset,1001,500100321388,1982496606432,1982499625628,3.019196,positive,,false
real_can_latency_20260710,283,before,false,enter_extended_session,1003,500300321388,1982525833387,1982528923333,3.089946,positive,,false
real_can_latency_20260710,283,before,false,request_security_seed,2701,6701131B,1982555122781,1982558210143,3.087362,positive,,false
real_can_latency_20260710,283,before,false,send_security_key,2702B641,6702,1982584407425,1982587534527,3.127102,positive,,false
real_can_latency_20260710,283,before,false,read_target_before,221234,621234011A,1982613732159,1982616813654,3.081495,positive,,false
real_can_latency_20260710,283,before,false,write_target,2E1234011B,6E1234,1982643084131,1982646112756,3.028625,positive,,false
real_can_latency_20260710,283,before,false,read_target_after,221234,621234011B,1982672299352,1982675366670,3.067318,positive,,false
real_can_latency_20260710,284,before,false,session_reset,1001,500100321388,1982701656004,1982704686235,3.030231,positive,,false
real_can_latency_20260710,284,before,false,enter_extended_session,1003,500300321388,1982730894692,1982734051128,3.156436,positive,,false
real_can_latency_20260710,284,before,false,request_security_seed,2701,6701131C,1982760295414,1982763312794,3.017380,positive,,false
real_can_latency_20260710,284,before,false,send_security_key,2702B646,6702,1982789562528,1982792621045,3.058517,positive,,false
real_can_latency_20260710,284,before,false,read_target_before,221234,621234011B,1982821086025,1982823850647,2.764622,positive,,false
real_can_latency_20260710,284,before,false,write_target,2E1234011C,6E1234,1982850121124,1982853170422,3.049298,positive,,false
real_can_latency_20260710,284,before,false,read_target_after,221234,621234011C,1982879416594,1982882447733,3.031139,positive,,false
real_can_latency_20260710,285,before,false,session_reset,1001,500100321388,1982908803487,1982911735171,2.931684,positive,,false
real_can_latency_20260710,285,before,false,enter_extended_session,1003,500300321388,1982937984206,1982941047752,3.063546,positive,,false
real_can_latency_20260710,285,before,false,request_security_seed,2701,6701131D,1982967266266,1982970363965,3.097699,positive,,false
real_can_latency_20260710,285,before,false,send_security_key,2702B647,6702,1982996599381,1982999584145,2.984764,positive,,false
real_can_latency_20260710,285,before,false,read_target_before,221234,621234011C,1983025806152,1983028968873,3.162721,positive,,false
real_can_latency_20260710,285,before,false,write_target,2E1234011D,6E1234,1983055227058,1983058260083,3.033025,positive,,false
real_can_latency_20260710,285,before,false,read_target_after,221234,621234011D,1983084549556,1983087555413,3.005857,positive,,false
real_can_latency_20260710,286,before,false,session_reset,1001,500100321388,1983113795858,1983116756875,2.961017,positive,,false
real_can_latency_20260710,286,before,false,enter_extended_session,1003,500300321388,1983142995155,1983146097324,3.102169,positive,,false
real_can_latency_20260710,286,before,false,request_security_seed,2701,6701131E,1983172299495,1983175388882,3.089387,positive,,false
real_can_latency_20260710,286,before,false,send_security_key,2702B644,6702,1983201626394,1983204694828,3.068434,positive,,false
real_can_latency_20260710,286,before,false,read_target_before,221234,621234011D,1983230951756,1983233980101,3.028345,positive,,false
real_can_latency_20260710,286,before,false,write_target,2E1234011E,6E1234,1983260186463,1983263329140,3.142677,positive,,false
real_can_latency_20260710,286,before,false,read_target_after,221234,621234011E,1983289537947,1983292553930,3.015983,positive,,false
real_can_latency_20260710,287,before,false,session_reset,1001,500100321388,1983318851505,1983321893680,3.042175,positive,,false
real_can_latency_20260710,287,before,false,enter_extended_session,1003,500300321388,1983348144112,1983351159606,3.015494,positive,,false
real_can_latency_20260710,287,before,false,request_security_seed,2701,6701131F,1983377377702,1983380550480,3.172778,positive,,false
real_can_latency_20260710,287,before,false,send_security_key,2702B645,6702,1983406807897,1983409869696,3.061799,positive,,false
real_can_latency_20260710,287,before,false,read_target_before,221234,621234011E,1983436071030,1983439062149,2.991119,positive,,false
real_can_latency_20260710,287,before,false,write_target,2E1234011F,6E1234,1983465259502,1983468350426,3.090924,positive,,false
real_can_latency_20260710,287,before,false,read_target_after,221234,621234011F,1983494552457,1983497611394,3.058937,positive,,false
real_can_latency_20260710,288,before,false,session_reset,1001,500100321388,1983523953598,1983526999614,3.046016,positive,,false
real_can_latency_20260710,288,before,false,enter_extended_session,1003,500300321388,1983553257519,1983556312684,3.055165,positive,,false
real_can_latency_20260710,288,before,false,request_security_seed,2701,67011320,1983582563884,1983585591810,3.027926,positive,,false
real_can_latency_20260710,288,before,false,send_security_key,2702B67A,6702,1983611824224,1983614882671,3.058447,positive,,false
real_can_latency_20260710,288,before,false,read_target_before,221234,621234011F,1983641148818,1983644199023,3.050205,positive,,false
real_can_latency_20260710,288,before,false,write_target,2E12340120,6E1234,1983670565393,1983673574462,3.009069,positive,,false
real_can_latency_20260710,288,before,false,read_target_after,221234,6212340120,1983699806806,1983702786052,2.979246,positive,,false
real_can_latency_20260710,289,before,false,session_reset,1001,500100321388,1983729140130,1983732069649,2.929519,positive,,false
real_can_latency_20260710,289,before,false,enter_extended_session,1003,500300321388,1983758320011,1983761363303,3.043292,positive,,false
real_can_latency_20260710,289,before,false,request_security_seed,2701,67011321,1983787573506,1983790668271,3.094765,positive,,false
real_can_latency_20260710,289,before,false,send_security_key,2702B67B,6702,1983816942240,1983819995449,3.053209,positive,,false
real_can_latency_20260710,289,before,false,read_target_before,221234,6212340120,1983846280803,1983849257884,2.977081,positive,,false
real_can_latency_20260710,289,before,false,write_target,2E12340121,6E1234,1983875477027,1983878577519,3.100492,positive,,false
real_can_latency_20260710,289,before,false,read_target_after,221234,6212340121,1983904793938,1983907836462,3.042524,positive,,false
real_can_latency_20260710,290,before,false,session_reset,1001,500100321388,1983934240546,1983937182218,2.941672,positive,,false
real_can_latency_20260710,290,before,false,enter_extended_session,1003,500300321388,1983963375799,1983966491167,3.115368,positive,,false
real_can_latency_20260710,290,before,false,request_security_seed,2701,67011322,1983992772819,1983995769177,2.996358,positive,,false
real_can_latency_20260710,290,before,false,send_security_key,2702B678,6702,1984022064308,1984025074913,3.010605,positive,,false
real_can_latency_20260710,290,before,false,read_target_before,221234,6212340121,1984051291612,1984054328129,3.036517,positive,,false
real_can_latency_20260710,290,before,false,write_target,2E12340122,6E1234,1984080581564,1984083660685,3.079121,positive,,false
real_can_latency_20260710,290,before,false,read_target_after,221234,6212340122,1984109889815,1984112961882,3.072067,positive,,false
real_can_latency_20260710,291,before,false,session_reset,1001,500100321388,1984139251356,1984142245758,2.994402,positive,,false
real_can_latency_20260710,291,before,false,enter_extended_session,1003,500300321388,1984168466647,1984171556174,3.089527,positive,,false
real_can_latency_20260710,291,before,false,request_security_seed,2701,67011323,1984197811844,1984200856323,3.044479,positive,,false
real_can_latency_20260710,291,before,false,send_security_key,2702B679,6702,1984227146915,1984230113171,2.966256,positive,,false
real_can_latency_20260710,291,before,false,read_target_before,221234,6212340122,1984256301444,1984259377421,3.075977,positive,,false
real_can_latency_20260710,291,before,false,write_target,2E12340123,6E1234,1984285595237,1984288723107,3.127870,positive,,false
real_can_latency_20260710,291,before,false,read_target_after,221234,6212340123,1984314940784,1984317977999,3.037215,positive,,false
real_can_latency_20260710,292,before,false,session_reset,1001,500100321388,1984344702728,1984347312441,2.609713,positive,,false
real_can_latency_20260710,292,before,false,enter_extended_session,1003,500300321388,1984373555260,1984376631238,3.075978,positive,,false
real_can_latency_20260710,292,before,false,request_security_seed,2701,67011324,1984402867073,1984405903939,3.036866,positive,,false
real_can_latency_20260710,292,before,false,send_security_key,2702B67E,6702,1984432177140,1984435209955,3.032815,positive,,false
real_can_latency_20260710,292,before,false,read_target_before,221234,6212340123,1984461446908,1984464543489,3.096581,positive,,false
real_can_latency_20260710,292,before,false,write_target,2E12340124,6E1234,1984490785331,1984493815422,3.030091,positive,,false
real_can_latency_20260710,292,before,false,read_target_after,221234,6212340124,1984520059429,1984523283122,3.223693,positive,,false
real_can_latency_20260710,293,before,false,session_reset,1001,500100321388,1984549622394,1984552347276,2.724882,positive,,false
real_can_latency_20260710,293,before,false,enter_extended_session,1003,500300321388,1984578599175,1984581663698,3.064523,positive,,false
real_can_latency_20260710,293,before,false,request_security_seed,2701,67011325,1984607925026,1984610972927,3.047901,positive,,false
real_can_latency_20260710,293,before,false,send_security_key,2702B67F,6702,1984637225455,1984640303388,3.077933,positive,,false
real_can_latency_20260710,293,before,false,read_target_before,221234,6212340124,1984666525674,1984669594877,3.069203,positive,,false
real_can_latency_20260710,293,before,false,write_target,2E12340125,6E1234,1984695843493,1984698842784,2.999291,positive,,false
real_can_latency_20260710,293,before,false,read_target_after,221234,6212340125,1984725087839,1984728298262,3.210423,positive,,false
real_can_latency_20260710,294,before,false,session_reset,1001,500100321388,1984754657089,1984757526125,2.869036,positive,,false
real_can_latency_20260710,294,before,false,enter_extended_session,1003,500300321388,1984783769364,1984786821595,3.052231,positive,,false
real_can_latency_20260710,294,before,false,request_security_seed,2701,67011326,1984813079989,1984816060353,2.980364,positive,,false
real_can_latency_20260710,294,before,false,send_security_key,2702B67C,6702,1984842326290,1984845416655,3.090365,positive,,false
real_can_latency_20260710,294,before,false,read_target_before,221234,6212340125,1984871652072,1984874708843,3.056771,positive,,false
real_can_latency_20260710,294,before,false,write_target,2E12340126,6E1234,1984900988818,1984904038256,3.049438,positive,,false
real_can_latency_20260710,294,before,false,read_target_after,221234,6212340126,1984930290434,1984933291751,3.001317,positive,,false
real_can_latency_20260710,295,before,false,session_reset,1001,500100321388,1984959691994,1984962584567,2.892573,positive,,false
real_can_latency_20260710,295,before,false,enter_extended_session,1003,500300321388,1984988827037,1984991900640,3.073603,positive,,false
real_can_latency_20260710,295,before,false,request_security_seed,2701,67011327,1985018161130,1985021154624,2.993494,positive,,false
real_can_latency_20260710,295,before,false,send_security_key,2702B67D,6702,1985047404078,1985050467624,3.063546,positive,,false
real_can_latency_20260710,295,before,false,read_target_before,221234,6212340126,1985076685161,1985079752268,3.067107,positive,,false
real_can_latency_20260710,295,before,false,write_target,2E12340127,6E1234,1985105966593,1985109074697,3.108104,positive,,false
real_can_latency_20260710,295,before,false,read_target_after,221234,6212340127,1985135330019,1985138334338,3.004319,positive,,false
real_can_latency_20260710,296,before,false,session_reset,1001,500100321388,1985164703153,1985167582036,2.878883,positive,,false
real_can_latency_20260710,296,before,false,enter_extended_session,1003,500300321388,1985193790214,1985196915291,3.125077,positive,,false
real_can_latency_20260710,296,before,false,request_security_seed,2701,67011328,1985223157761,1985226224589,3.066828,positive,,false
real_can_latency_20260710,296,before,false,send_security_key,2702B672,6702,1985252446177,1985255544783,3.098606,positive,,false
real_can_latency_20260710,296,before,false,read_target_before,221234,6212340127,1985281785228,1985284875524,3.090296,positive,,false
real_can_latency_20260710,296,before,false,write_target,2E12340128,6E1234,1985311157944,1985314151158,2.993214,positive,,false
real_can_latency_20260710,296,before,false,read_target_after,221234,6212340128,1985340378613,1985343418272,3.039659,positive,,false
real_can_latency_20260710,297,before,false,session_reset,1001,500100321388,1985369769976,1985372672186,2.902210,positive,,false
real_can_latency_20260710,297,before,false,enter_extended_session,1003,500300321388,1985398956562,1985402067670,3.111108,positive,,false
real_can_latency_20260710,297,before,false,request_security_seed,2701,67011329,1985428303994,1985431340092,3.036098,positive,,false
real_can_latency_20260710,297,before,false,send_security_key,2702B673,6702,1985457613014,1985460624876,3.011862,positive,,false
real_can_latency_20260710,297,before,false,read_target_before,221234,6212340128,1985486863855,1985489886403,3.022548,positive,,false
real_can_latency_20260710,297,before,false,write_target,2E12340129,6E1234,1985516147312,1985519189486,3.042174,positive,,false
real_can_latency_20260710,297,before,false,read_target_after,221234,6212340129,1985545398502,1985548574214,3.175712,positive,,false
real_can_latency_20260710,298,before,false,session_reset,1001,500100321388,1985574952666,1985577801518,2.848852,positive,,false
real_can_latency_20260710,298,before,false,enter_extended_session,1003,500300321388,1985604069061,1985607121153,3.052092,positive,,false
real_can_latency_20260710,298,before,false,request_security_seed,2701,6701132A,1985633322556,1985636371296,3.048740,positive,,false
real_can_latency_20260710,298,before,false,send_security_key,2702B670,6702,1985662627595,1985665715515,3.087920,positive,,false
real_can_latency_20260710,298,before,false,read_target_before,221234,6212340129,1985691984595,1985695027607,3.043012,positive,,false
real_can_latency_20260710,298,before,false,write_target,2E1234012A,6E1234,1985721307443,1985724311623,3.004180,positive,,false
real_can_latency_20260710,298,before,false,read_target_after,221234,621234012A,1985750531884,1985753565887,3.034003,positive,,false
real_can_latency_20260710,299,before,false,session_reset,1001,500100321388,1985779945666,1985782878188,2.932522,positive,,false
real_can_latency_20260710,299,before,false,enter_extended_session,1003,500300321388,1985809135814,1985812177500,3.041686,positive,,false
real_can_latency_20260710,299,before,false,request_security_seed,2701,6701132B,1985838422065,1985841491478,3.069413,positive,,false
real_can_latency_20260710,299,before,false,send_security_key,2702B671,6702,1985867755739,1985870929914,3.174175,positive,,false
real_can_latency_20260710,299,before,false,read_target_before,221234,621234012A,1985897175667,1985900066633,2.890966,positive,,false
real_can_latency_20260710,299,before,false,write_target,2E1234012B,6E1234,1985926291853,1985929397373,3.105520,positive,,false
real_can_latency_20260710,299,before,false,read_target_after,221234,621234012B,1985955643964,1985958676710,3.032746,positive,,false
real_can_latency_20260710,300,before,false,session_reset,1001,500100321388,1985985055092,1985987973297,2.918205,positive,,false
real_can_latency_20260710,300,before,false,enter_extended_session,1003,500300321388,1986014201659,1986017216875,3.015216,positive,,false
real_can_latency_20260710,300,before,false,request_security_seed,2701,6701132C,1986043429173,1986046598180,3.169007,positive,,false
real_can_latency_20260710,300,before,false,send_security_key,2702B676,6702,1986072822911,1986075888622,3.065711,positive,,false
real_can_latency_20260710,300,before,false,read_target_before,221234,621234012B,1986102138775,1986105188003,3.049228,positive,,false
real_can_latency_20260710,300,before,false,write_target,2E1234012C,6E1234,1986131439692,1986134452183,3.012491,positive,,false
real_can_latency_20260710,300,before,false,read_target_after,221234,621234012C,1986160689346,1986163726631,3.037285,positive,,false
real_can_latency_20260710,301,before,false,session_reset,1001,500100321388,1986190224653,1986193067777,2.843124,positive,,false
real_can_latency_20260710,301,before,false,enter_extended_session,1003,500300321388,1986219324426,1986222381965,3.057539,positive,,false
real_can_latency_20260710,301,before,false,request_security_seed,2701,6701132D,1986248647623,1986251674851,3.027228,positive,,false
real_can_latency_20260710,301,before,false,send_security_key,2702B677,6702,1986277950217,1986280931140,2.980923,positive,,false
real_can_latency_20260710,301,before,false,read_target_before,221234,621234012C,1986307174937,1986310202724,3.027787,positive,,false
real_can_latency_20260710,301,before,false,write_target,2E1234012D,6E1234,1986336485632,1986339580816,3.095184,positive,,false
real_can_latency_20260710,301,before,false,read_target_after,221234,621234012D,1986365821401,1986368868604,3.047203,positive,,false
real_can_latency_20260710,302,before,false,session_reset,1001,500100321388,1986395310682,1986398173502,2.862820,positive,,false
real_can_latency_20260710,302,before,false,enter_extended_session,1003,500300321388,1986424383985,1986427444667,3.060682,positive,,false
real_can_latency_20260710,302,before,false,request_security_seed,2701,6701132E,1986453651449,1986456731617,3.080168,positive,,false
real_can_latency_20260710,302,before,false,send_security_key,2702B674,6702,1986482987846,1986486053207,3.065361,positive,,false
real_can_latency_20260710,302,before,false,read_target_before,221234,621234012D,1986512283386,1986515312988,3.029602,positive,,false
real_can_latency_20260710,302,before,false,write_target,2E1234012E,6E1234,1986541523331,1986544790187,3.266856,positive,,false
real_can_latency_20260710,302,before,false,read_target_after,221234,621234012E,1986571036638,1986573900995,2.864357,positive,,false
real_can_latency_20260710,303,before,false,session_reset,1001,500100321388,1986600279377,1986603240256,2.960879,positive,,false
real_can_latency_20260710,303,before,false,enter_extended_session,1003,500300321388,1986629490129,1986632582869,3.092740,positive,,false
real_can_latency_20260710,303,before,false,request_security_seed,2701,6701132F,1986658797821,1986661806751,3.008930,positive,,false
real_can_latency_20260710,303,before,false,send_security_key,2702B675,6702,1986688075971,1986691093909,3.017938,positive,,false
real_can_latency_20260710,303,before,false,read_target_before,221234,621234012E,1986717312634,1986720377367,3.064733,positive,,false
real_can_latency_20260710,303,before,false,write_target,2E1234012F,6E1234,1986746619069,1986749707897,3.088828,positive,,false
real_can_latency_20260710,303,before,false,read_target_after,221234,621234012F,1986775947364,1986778988491,3.041127,positive,,false
real_can_latency_20260710,304,before,false,session_reset,1001,500100321388,1986805363032,1986808364698,3.001666,positive,,false
real_can_latency_20260710,304,before,false,enter_extended_session,1003,500300321388,1986834580908,1986837605272,3.024364,positive,,false
real_can_latency_20260710,304,before,false,request_security_seed,2701,67011330,1986863840898,1986866887333,3.046435,positive,,false
real_can_latency_20260710,304,before,false,send_security_key,2702B66A,6702,1986893190077,1986896226663,3.036586,positive,,false
real_can_latency_20260710,304,before,false,read_target_before,221234,621234012F,1986922441895,1986925426589,2.984694,positive,,false
real_can_latency_20260710,304,before,false,write_target,2E12340130,6E1234,1986951674019,1986954767946,3.093927,positive,,false
real_can_latency_20260710,304,before,false,read_target_after,221234,6212340130,1986980987927,1986984072006,3.084079,positive,,false
real_can_latency_20260710,305,before,false,session_reset,1001,500100321388,1987010449551,1987013368873,2.919322,positive,,false
real_can_latency_20260710,305,before,false,enter_extended_session,1003,500300321388,1987039583686,1987042651771,3.068085,positive,,false
real_can_latency_20260710,305,before,false,request_security_seed,2701,67011331,1987068909048,1987071997108,3.088060,positive,,false
real_can_latency_20260710,305,before,false,send_security_key,2702B66B,6702,1987098238391,1987101281124,3.042733,positive,,false
real_can_latency_20260710,305,before,false,read_target_before,221234,6212340130,1987127504598,1987130591680,3.087082,positive,,false
real_can_latency_20260710,305,before,false,write_target,2E12340131,6E1234,1987156894284,1987159901607,3.007323,positive,,false
real_can_latency_20260710,305,before,false,read_target_after,221234,6212340131,1987186143379,1987189206995,3.063616,positive,,false
real_can_latency_20260710,306,before,false,session_reset,1001,500100321388,1987215444995,1987218371581,2.926586,positive,,false
real_can_latency_20260710,306,before,false,enter_extended_session,1003,500300321388,1987244562089,1987246731728,2.169639,positive,,false
real_can_latency_20260710,306,before,false,request_security_seed,2701,67011332,1987272935157,1987276103186,3.168029,positive,,false
real_can_latency_20260710,306,before,false,send_security_key,2702B668,6702,1987302511461,1987305436301,2.924840,positive,,false
real_can_latency_20260710,306,before,false,read_target_before,221234,6212340131,1987331644269,1987334973075,3.328806,positive,,false
real_can_latency_20260710,306,before,false,write_target,2E12340132,6E1234,1987361158065,1987364041768,2.883703,positive,,false
real_can_latency_20260710,306,before,false,read_target_after,221234,6212340132,1987390259025,1987393259224,3.000199,positive,,false
real_can_latency_20260710,307,before,false,session_reset,1001,500100321388,1987419602547,1987422588987,2.986440,positive,,false
real_can_latency_20260710,307,before,false,enter_extended_session,1003,500300321388,1987448809247,1987451916724,3.107477,positive,,false
real_can_latency_20260710,307,before,false,request_security_seed,2701,67011333,1987478165689,1987481298379,3.132690,positive,,false
real_can_latency_20260710,307,before,false,send_security_key,2702B669,6702,1987507523389,1987510450254,2.926865,positive,,false
real_can_latency_20260710,307,before,false,read_target_before,221234,6212340132,1987536665136,1987539734409,3.069273,positive,,false
real_can_latency_20260710,307,before,false,write_target,2E12340133,6E1234,1987565996296,1987569114248,3.117952,positive,,false
real_can_latency_20260710,307,before,false,read_target_after,221234,6212340133,1987595344077,1987598382969,3.038892,positive,,false
real_can_latency_20260710,308,before,false,session_reset,1001,500100321388,1987624772875,1987627654623,2.881748,positive,,false
real_can_latency_20260710,308,before,false,enter_extended_session,1003,500300321388,1987653877398,1987656929559,3.052161,positive,,false
real_can_latency_20260710,308,before,false,request_security_seed,2701,67011334,1987683146677,1987686245912,3.099235,positive,,false
real_can_latency_20260710,308,before,false,send_security_key,2702B66E,6702,1987712511709,1987715619186,3.107477,positive,,false
real_can_latency_20260710,308,before,false,read_target_before,221234,6212340133,1987741888894,1987745088422,3.199528,positive,,false
real_can_latency_20260710,308,before,false,write_target,2E12340134,6E1234,1987771326423,1987774173878,2.847455,positive,,false
real_can_latency_20260710,308,before,false,read_target_after,221234,6212340134,1987800383313,1987803418153,3.034840,positive,,false
real_can_latency_20260710,309,before,false,session_reset,1001,500100321388,1987829801635,1987832721376,2.919741,positive,,false
real_can_latency_20260710,309,before,false,enter_extended_session,1003,500300321388,1987858966570,1987862093462,3.126892,positive,,false
real_can_latency_20260710,309,before,false,request_security_seed,2701,67011335,1987888335444,1987891340741,3.005297,positive,,false
real_can_latency_20260710,309,before,false,send_security_key,2702B66F,6702,1987917575250,1987920640053,3.064803,positive,,false
real_can_latency_20260710,309,before,false,read_target_before,221234,6212340134,1987946857659,1987949905980,3.048321,positive,,false
real_can_latency_20260710,309,before,false,write_target,2E12340135,6E1234,1987976152920,1987979252923,3.100003,positive,,false
real_can_latency_20260710,309,before,false,read_target_after,221234,6212340135,1988005474581,1988008539733,3.065152,positive,,false
real_can_latency_20260710,310,before,false,session_reset,1001,500100321388,1988034880960,1988037884301,3.003341,positive,,false
real_can_latency_20260710,310,before,false,enter_extended_session,1003,500300321388,1988064114200,1988067116914,3.002714,positive,,false
real_can_latency_20260710,310,before,false,request_security_seed,2701,67011336,1988093364343,1988096428028,3.063685,positive,,false
real_can_latency_20260710,310,before,false,send_security_key,2702B66C,6702,1988122679718,1988125761213,3.081495,positive,,false
real_can_latency_20260710,310,before,false,read_target_before,221234,6212340135,1988152032598,1988155038943,3.006345,positive,,false
real_can_latency_20260710,310,before,false,write_target,2E12340136,6E1234,1988181235597,1988184280565,3.044968,positive,,false
real_can_latency_20260710,310,before,false,read_target_after,221234,6212340136,1988210496705,1988213609838,3.113133,positive,,false
real_can_latency_20260710,311,before,false,session_reset,1001,500100321388,1988239918519,1988242936667,3.018148,positive,,false
real_can_latency_20260710,311,before,false,enter_extended_session,1003,500300321388,1988269171246,1988272266430,3.095184,positive,,false
real_can_latency_20260710,311,before,false,request_security_seed,2701,67011337,1988298493745,1988301568325,3.074580,positive,,false
real_can_latency_20260710,311,before,false,send_security_key,2702B66D,6702,1988327783418,1988330798353,3.014935,positive,,false
real_can_latency_20260710,311,before,false,read_target_before,221234,6212340136,1988357039567,1988360092217,3.052650,positive,,false
real_can_latency_20260710,311,before,false,write_target,2E12340137,6E1234,1988386355500,1988389424424,3.068924,positive,,false
real_can_latency_20260710,311,before,false,read_target_after,221234,6212340137,1988415684634,1988418683716,2.999082,positive,,false
real_can_latency_20260710,312,before,false,session_reset,1001,500100321388,1988445037863,1988447944544,2.906681,positive,,false
real_can_latency_20260710,312,before,false,enter_extended_session,1003,500300321388,1988474202799,1988477269278,3.066479,positive,,false
real_can_latency_20260710,312,before,false,request_security_seed,2701,67011338,1988503512447,1988506554132,3.041685,positive,,false
real_can_latency_20260710,312,before,false,send_security_key,2702B662,6702,1988532818183,1988535893183,3.075000,positive,,false
real_can_latency_20260710,312,before,false,read_target_before,221234,6212340137,1988562147527,1988565366890,3.219363,positive,,false
real_can_latency_20260710,312,before,false,write_target,2E12340138,6E1234,1988591598395,1988594462263,2.863868,positive,,false
real_can_latency_20260710,312,before,false,read_target_after,221234,6212340138,1988620672326,1988623790908,3.118582,positive,,false
real_can_latency_20260710,313,before,false,session_reset,1001,500100321388,1988650240110,1988653069895,2.829785,positive,,false
real_can_latency_20260710,313,before,false,enter_extended_session,1003,500300321388,1988679326753,1988682662822,3.336069,positive,,false
real_can_latency_20260710,313,before,false,request_security_seed,2701,67011339,1988708862619,1988711625215,2.762596,positive,,false
real_can_latency_20260710,313,before,false,send_security_key,2702B663,6702,1988737881305,1988740930813,3.049508,positive,,false
real_can_latency_20260710,313,before,false,read_target_before,221234,6212340138,1988767184667,1988770246746,3.062079,positive,,false
real_can_latency_20260710,313,before,false,write_target,2E12340139,6E1234,1988796497179,1988799640833,3.143654,positive,,false
real_can_latency_20260710,313,before,false,read_target_after,221234,6212340139,1988825885957,1988829072634,3.186677,positive,,false
real_can_latency_20260710,314,before,false,session_reset,1001,500100321388,1988855406668,1988858112064,2.705396,positive,,false
real_can_latency_20260710,314,before,false,enter_extended_session,1003,500300321388,1988884367455,1988887457541,3.090086,positive,,false
real_can_latency_20260710,314,before,false,request_security_seed,2701,6701133A,1988913709999,1988916763836,3.053837,positive,,false
real_can_latency_20260710,314,before,false,send_security_key,2702B660,6702,1988943059247,1988946089897,3.030650,positive,,false
real_can_latency_20260710,314,before,false,read_target_before,221234,6212340139,1988972332298,1988975339271,3.006973,positive,,false
real_can_latency_20260710,314,before,false,write_target,2E1234013A,6E1234,1989001553107,1989004606385,3.053278,positive,,false
real_can_latency_20260710,314,before,false,read_target_after,221234,621234013A,1989030847110,1989033914706,3.067596,positive,,false
real_can_latency_20260710,315,before,false,session_reset,1001,500100321388,1989060306359,1989063247821,2.941462,positive,,false
real_can_latency_20260710,315,before,false,enter_extended_session,1003,500300321388,1989089500628,1989092605800,3.105172,positive,,false
real_can_latency_20260710,315,before,false,request_security_seed,2701,6701133B,1989118813908,1989121809218,2.995310,positive,,false
real_can_latency_20260710,315,before,false,send_security_key,2702B661,6702,1989148331894,1989151131787,2.799893,positive,,false
real_can_latency_20260710,315,before,false,read_target_before,221234,621234013A,1989177344016,1989180395758,3.051742,positive,,false
real_can_latency_20260710,315,before,false,write_target,2E1234013B,6E1234,1989206615250,1989209929668,3.314418,positive,,false
real_can_latency_20260710,315,before,false,read_target_after,221234,621234013B,1989236171301,1989238975663,2.804362,positive,,false
real_can_latency_20260710,316,before,false,session_reset,1001,500100321388,1989265244743,1989268200313,2.955570,positive,,false
real_can_latency_20260710,316,before,false,enter_extended_session,1003,500300321388,1989294442923,1989297627575,3.184652,positive,,false
real_can_latency_20260710,316,before,false,request_security_seed,2701,6701133C,1989323866693,1989326930867,3.064174,positive,,false
real_can_latency_20260710,316,before,false,send_security_key,2702B666,6702,1989353198690,1989356234369,3.035679,positive,,false
real_can_latency_20260710,316,before,false,read_target_before,221234,621234013B,1989382443315,1989385471451,3.028136,positive,,false
real_can_latency_20260710,316,before,false,write_target,2E1234013C,6E1234,1989411718042,1989414803658,3.085616,positive,,false
real_can_latency_20260710,316,before,false,read_target_after,221234,621234013C,1989441070573,1989444086417,3.015844,positive,,false
real_can_latency_20260710,317,before,false,session_reset,1001,500100321388,1989470451879,1989473395646,2.943767,positive,,false
real_can_latency_20260710,317,before,false,enter_extended_session,1003,500300321388,1989499695247,1989502683852,2.988605,positive,,false
real_can_latency_20260710,317,before,false,request_security_seed,2701,6701133D,1989528890354,1989531959767,3.069413,positive,,false
real_can_latency_20260710,317,before,false,send_security_key,2702B667,6702,1989558225145,1989561256214,3.031069,positive,,false
real_can_latency_20260710,317,before,false,read_target_before,221234,621234013C,1989587480945,1989590624529,3.143584,positive,,false
real_can_latency_20260710,317,before,false,write_target,2E1234013D,6E1234,1989616881248,1989619889548,3.008300,positive,,false
real_can_latency_20260710,317,before,false,read_target_after,221234,621234013D,1989646145568,1989649227762,3.082194,positive,,false
real_can_latency_20260710,318,before,false,session_reset,1001,500100321388,1989675615573,1989678454856,2.839283,positive,,false
real_can_latency_20260710,318,before,false,enter_extended_session,1003,500300321388,1989704716603,1989707787762,3.071159,positive,,false
real_can_latency_20260710,318,before,false,request_security_seed,2701,6701133E,1989734054328,1989737250084,3.195756,positive,,false
real_can_latency_20260710,318,before,false,send_security_key,2702B664,6702,1989763519653,1989766430524,2.910871,positive,,false
real_can_latency_20260710,318,before,false,read_target_before,221234,621234013D,1989792654557,1989795637435,2.982878,positive,,false
real_can_latency_20260710,318,before,false,write_target,2E1234013E,6E1234,1989821888286,1989824963146,3.074860,positive,,false
real_can_latency_20260710,318,before,false,read_target_after,221234,621234013E,1989851173699,1989854277544,3.103845,positive,,false
real_can_latency_20260710,319,before,false,session_reset,1001,500100321388,1989880675482,1989883863975,3.188493,positive,,false
real_can_latency_20260710,319,before,false,enter_extended_session,1003,500300321388,1989910117900,1989912919468,2.801568,positive,,false
real_can_latency_20260710,319,before,false,request_security_seed,2701,6701133F,1989939153697,1989942140696,2.986999,positive,,false
real_can_latency_20260710,319,before,false,send_security_key,2702B665,6702,1989968391199,1989971452789,3.061590,positive,,false
real_can_latency_20260710,319,before,false,read_target_before,221234,621234013E,1989997706643,1990000731287,3.024644,positive,,false
real_can_latency_20260710,319,before,false,write_target,2E1234013F,6E1234,1990026969986,1990029996655,3.026669,positive,,false
real_can_latency_20260710,319,before,false,read_target_after,221234,621234013F,1990056241710,1990059302462,3.060752,positive,,false
real_can_latency_20260710,320,before,false,session_reset,1001,500100321388,1990085658006,1990088619373,2.961367,positive,,false
real_can_latency_20260710,320,before,false,enter_extended_session,1003,500300321388,1990114849412,1990117925948,3.076536,positive,,false
real_can_latency_20260710,320,before,false,request_security_seed,2701,67011340,1990144175962,1990147206542,3.030580,positive,,false
real_can_latency_20260710,320,before,false,send_security_key,2702B61A,6702,1990173460187,1990176510533,3.050346,positive,,false
real_can_latency_20260710,320,before,false,read_target_before,221234,621234013F,1990202759359,1990205802092,3.042733,positive,,false
real_can_latency_20260710,320,before,false,write_target,2E12340140,6E1234,1990232078296,1990235145892,3.067596,positive,,false
real_can_latency_20260710,320,before,false,read_target_after,221234,6212340140,1990261404147,1990264389749,2.985602,positive,,false
real_can_latency_20260710,321,before,false,session_reset,1001,500100321388,1990290778189,1990293739486,2.961297,positive,,false
real_can_latency_20260710,321,before,false,enter_extended_session,1003,500300321388,1990320039157,1990322979153,2.939996,positive,,false
real_can_latency_20260710,321,before,false,request_security_seed,2701,67011341,1990349163934,1990352305772,3.141838,positive,,false
real_can_latency_20260710,321,before,false,send_security_key,2702B61B,6702,1990378565144,1990381618353,3.053209,positive,,false
real_can_latency_20260710,321,before,false,read_target_before,221234,6212340140,1990407867808,1990410914173,3.046365,positive,,false
real_can_latency_20260710,321,before,false,write_target,2E12340141,6E1234,1990437159227,1990440219630,3.060403,positive,,false
real_can_latency_20260710,321,before,false,read_target_after,221234,6212340141,1990466469644,1990469478922,3.009278,positive,,false
real_can_latency_20260710,322,before,false,session_reset,1001,500100321388,1990495851508,1990498760005,2.908497,positive,,false
real_can_latency_20260710,322,before,false,enter_extended_session,1003,500300321388,1990524989973,1990528158003,3.168030,positive,,false
real_can_latency_20260710,322,before,false,request_security_seed,2701,67011342,1990554396073,1990557348919,2.952846,positive,,false
real_can_latency_20260710,322,before,false,send_security_key,2702B618,6702,1990583614857,1990586738466,3.123609,positive,,false
real_can_latency_20260710,322,before,false,read_target_before,221234,6212340141,1990612994556,1990615949428,2.954872,positive,,false
real_can_latency_20260710,322,before,false,write_target,2E12340142,6E1234,1990642189803,1990645284498,3.094695,positive,,false
real_can_latency_20260710,322,before,false,read_target_after,221234,6212340142,1990671522429,1990674832656,3.310227,positive,,false
real_can_latency_20260710,323,before,false,session_reset,1001,500100321388,1990701198328,1990703860143,2.661815,positive,,false
real_can_latency_20260710,323,before,false,enter_extended_session,1003,500300321388,1990730037660,1990733234744,3.197084,positive,,false
real_can_latency_20260710,323,before,false,request_security_seed,2701,67011343,1990759461709,1990762433762,2.972053,positive,,false
real_can_latency_20260710,323,before,false,send_security_key,2702B619,6702,1990788927105,1990791805569,2.878464,positive,,false
real_can_latency_20260710,323,before,false,read_target_before,221234,6212340142,1990818039519,1990821094055,3.054536,positive,,false
real_can_latency_20260710,323,before,false,write_target,2E12340143,6E1234,1990847309008,1990850367176,3.058168,positive,,false
real_can_latency_20260710,323,before,false,read_target_after,221234,6212340143,1990876575424,1990879637992,3.062568,positive,,false
real_can_latency_20260710,324,before,false,session_reset,1001,500100321388,1990906026571,1990908955113,2.928542,positive,,false
real_can_latency_20260710,324,before,false,enter_extended_session,1003,500300321388,1990935204567,1990938269300,3.064733,positive,,false
real_can_latency_20260710,324,before,false,request_security_seed,2701,67011344,1990964510514,1990967630282,3.119768,positive,,false
real_can_latency_20260710,324,before,false,send_security_key,2702B61E,6702,1990993884137,1990996866945,2.982808,positive,,false
real_can_latency_20260710,324,before,false,read_target_before,221234,6212340143,1991023043555,1991026158644,3.115089,positive,,false
real_can_latency_20260710,324,before,false,write_target,2E12340144,6E1234,1991052396784,1991055447968,3.051184,positive,,false
real_can_latency_20260710,324,before,false,read_target_after,221234,6212340144,1991081699378,1991084780384,3.081006,positive,,false
real_can_latency_20260710,325,before,false,session_reset,1001,500100321388,1991111138373,1991114056298,2.917925,positive,,false
real_can_latency_20260710,325,before,false,enter_extended_session,1003,500300321388,1991140279143,1991143308536,3.029393,positive,,false
real_can_latency_20260710,325,before,false,request_security_seed,2701,67011345,1991169553312,1991172680204,3.126892,positive,,false
real_can_latency_20260710,325,before,false,send_security_key,2702B61F,6702,1991198967932,1991201959820,2.991888,positive,,false
real_can_latency_20260710,325,before,false,read_target_before,221234,6212340144,1991228190417,1991231165264,2.974847,positive,,false
real_can_latency_20260710,325,before,false,write_target,2E12340145,6E1234,1991257381474,1991260516188,3.134714,positive,,false
real_can_latency_20260710,325,before,false,read_target_after,221234,6212340145,1991286752094,1991289774293,3.022199,positive,,false
real_can_latency_20260710,326,before,false,session_reset,1001,500100321388,1991316196955,1991319064385,2.867430,positive,,false
real_can_latency_20260710,326,before,false,enter_extended_session,1003,500300321388,1991345268512,1991348880317,3.611805,positive,,false
real_can_latency_20260710,326,before,false,request_security_seed,2701,67011346,1991375115873,1991377687383,2.571510,positive,,false
real_can_latency_20260710,326,before,false,send_security_key,2702B61C,6702,1991403923009,1991407035304,3.112295,positive,,false
real_can_latency_20260710,326,before,false,read_target_before,221234,6212340145,1991433251863,1991436262469,3.010606,positive,,false
real_can_latency_20260710,326,before,false,write_target,2E12340146,6E1234,1991462498164,1991465655089,3.156925,positive,,false
real_can_latency_20260710,326,before,false,read_target_after,221234,6212340146,1991491895115,1991494889726,2.994611,positive,,false
real_can_latency_20260710,327,before,false,session_reset,1001,500100321388,1991521280471,1991524200352,2.919881,positive,,false
real_can_latency_20260710,327,before,false,enter_extended_session,1003,500300321388,1991550443032,1991553472425,3.029393,positive,,false
real_can_latency_20260710,327,before,false,request_security_seed,2701,67011347,1991579743880,1991582781095,3.037215,positive,,false
real_can_latency_20260710,327,before,false,send_security_key,2702B61D,6702,1991609038861,1991612109740,3.070879,positive,,false
real_can_latency_20260710,327,before,false,read_target_before,221234,6212340146,1991638355214,1991641603072,3.247858,positive,,false
real_can_latency_20260710,327,before,false,write_target,2E12340147,6E1234,1991667812508,1991670672744,2.860236,positive,,false
real_can_latency_20260710,327,before,false,read_target_after,221234,6212340147,1991696895589,1991699973941,3.078352,positive,,false
real_can_latency_20260710,328,before,false,session_reset,1001,500100321388,1991726356444,1991729336180,2.979736,positive,,false
real_can_latency_20260710,328,before,false,enter_extended_session,1003,500300321388,1991755578510,1991758655536,3.077026,positive,,false
real_can_latency_20260710,328,before,false,request_security_seed,2701,67011348,1991784867834,1991787846662,2.978828,positive,,false
real_can_latency_20260710,328,before,false,send_security_key,2702B612,6702,1991814161139,1991817252552,3.091413,positive,,false
real_can_latency_20260710,328,before,false,read_target_before,221234,6212340147,1991843508223,1991846443818,2.935595,positive,,false
real_can_latency_20260710,328,before,false,write_target,2E12340148,6E1234,1991872663031,1991875915499,3.252468,positive,,false
real_can_latency_20260710,328,before,false,read_target_after,221234,6212340148,1991902155246,1991905061857,2.906611,positive,,false
real_can_latency_20260710,329,before,false,session_reset,1001,500100321388,1991931424176,1991934353206,2.929030,positive,,false
real_can_latency_20260710,329,before,false,enter_extended_session,1003,500300321388,1991960578565,1991963669838,3.091273,positive,,false
real_can_latency_20260710,329,before,false,request_security_seed,2701,67011349,1991989913007,1991992948267,3.035260,positive,,false
real_can_latency_20260710,329,before,false,send_security_key,2702B613,6702,1992019169785,1992022277540,3.107755,positive,,false
real_can_latency_20260710,329,before,false,read_target_before,221234,6212340148,1992048508068,1992051516508,3.008440,positive,,false
real_can_latency_20260710,329,before,false,write_target,2E12340149,6E1234,1992077734604,1992080829998,3.095394,positive,,false
real_can_latency_20260710,329,before,false,read_target_after,221234,6212340149,1992107042366,1992110144535,3.102169,positive,,false
real_can_latency_20260710,330,before,false,session_reset,1001,500100321388,1992136515724,1992139451319,2.935595,positive,,false
real_can_latency_20260710,330,before,false,enter_extended_session,1003,500300321388,1992165674723,1992168810345,3.135622,positive,,false
real_can_latency_20260710,330,before,false,request_security_seed,2701,6701134A,1992195040314,1992198072710,3.032396,positive,,false
real_can_latency_20260710,330,before,false,send_security_key,2702B610,6702,1992224298628,1992227334516,3.035888,positive,,false
real_can_latency_20260710,330,before,false,read_target_before,221234,6212340149,1992253544091,1992256635923,3.091832,positive,,false
real_can_latency_20260710,330,before,false,write_target,2E1234014A,6E1234,1992282845428,1992286023026,3.177598,positive,,false
real_can_latency_20260710,330,before,false,read_target_after,221234,621234014A,1992312235534,1992315529558,3.294024,positive,,false
real_can_latency_20260710,331,before,false,session_reset,1001,500100321388,1992341963675,1992344489089,2.525414,positive,,false
real_can_latency_20260710,331,before,false,enter_extended_session,1003,500300321388,1992370733724,1992373846299,3.112575,positive,,false
real_can_latency_20260710,331,before,false,request_security_seed,2701,6701134B,1992400135563,1992403135763,3.000200,positive,,false
real_can_latency_20260710,331,before,false,send_security_key,2702B611,6702,1992429342614,1992432440731,3.098117,positive,,false
real_can_latency_20260710,331,before,false,read_target_before,221234,621234014A,1992458629703,1992461651273,3.021570,positive,,false
real_can_latency_20260710,331,before,false,write_target,2E1234014B,6E1234,1992488133022,1992491021544,2.888522,positive,,false
real_can_latency_20260710,331,before,false,read_target_after,221234,621234014B,1992517239640,1992520252690,3.013050,positive,,false
real_can_latency_20260710,332,before,false,session_reset,1001,500100321388,1992546638266,1992549625405,2.987139,positive,,false
real_can_latency_20260710,332,before,false,enter_extended_session,1003,500300321388,1992575852510,1992579135429,3.282919,positive,,false
real_can_latency_20260710,332,before,false,request_security_seed,2701,6701134C,1992605371544,1992608197069,2.825525,positive,,false
real_can_latency_20260710,332,before,false,send_security_key,2702B616,6702,1992634444987,1992637508393,3.063406,positive,,false
real_can_latency_20260710,332,before,false,read_target_before,221234,621234014B,1992663905284,1992666766218,2.860934,positive,,false
real_can_latency_20260710,332,before,false,write_target,2E1234014C,6E1234,1992693047032,1992696145988,3.098956,positive,,false
real_can_latency_20260710,332,before,false,read_target_after,221234,621234014C,1992722347810,1992725378320,3.030510,positive,,false
real_can_latency_20260710,333,before,false,session_reset,1001,500100321388,1992751704741,1992754641174,2.936433,positive,,false
real_can_latency_20260710,333,before,false,enter_extended_session,1003,500300321388,1992781071031,1992783974638,2.903607,positive,,false
real_can_latency_20260710,333,before,false,request_security_seed,2701,6701134D,1992810143915,1992813287709,3.143794,positive,,false
real_can_latency_20260710,333,before,false,send_security_key,2702B617,6702,1992839520890,1992842630252,3.109362,positive,,false
real_can_latency_20260710,333,before,false,read_target_before,221234,621234014C,1992868837033,1992871910148,3.073115,positive,,false
real_can_latency_20260710,333,before,false,write_target,2E1234014D,6E1234,1992898239362,1992901192208,2.952846,positive,,false
real_can_latency_20260710,333,before,false,read_target_after,221234,621234014D,1992927426367,1992930449684,3.023317,positive,,false
real_can_latency_20260710,334,before,false,session_reset,1001,500100321388,1992956820594,1992959765897,2.945303,positive,,false
real_can_latency_20260710,334,before,false,enter_extended_session,1003,500300321388,1992986041682,1992989077780,3.036098,positive,,false
real_can_latency_20260710,334,before,false,request_security_seed,2701,6701134E,1993015299368,1993018330926,3.031558,positive,,false
real_can_latency_20260710,334,before,false,send_security_key,2702B614,6702,1993044552374,1993047644834,3.092460,positive,,false
real_can_latency_20260710,334,before,false,read_target_before,221234,621234014D,1993073907489,1993077032496,3.125007,positive,,false
real_can_latency_20260710,334,before,false,write_target,2E1234014E,6E1234,1993103294522,1993106431122,3.136600,positive,,false
real_can_latency_20260710,334,before,false,read_target_after,221234,621234014E,1993132652291,1993135512248,2.859957,positive,,false
real_can_latency_20260710,335,before,false,session_reset,1001,500100321388,1993161859551,1993164828111,2.968560,positive,,false
real_can_latency_20260710,335,before,false,enter_extended_session,1003,500300321388,1993191334794,1993194156826,2.822032,positive,,false
real_can_latency_20260710,335,before,false,request_security_seed,2701,6701134F,1993220390986,1993223425407,3.034421,positive,,false
real_can_latency_20260710,335,before,false,send_security_key,2702B615,6702,1993249693580,1993252697899,3.004319,positive,,false
real_can_latency_20260710,335,before,false,read_target_before,221234,621234014E,1993278908662,1993282039116,3.130454,positive,,false
real_can_latency_20260710,335,before,false,write_target,2E1234014F,6E1234,1993308253859,1993311366643,3.112784,positive,,false
real_can_latency_20260710,335,before,false,read_target_after,221234,621234014F,1993337603317,1993340708838,3.105521,positive,,false
real_can_latency_20260710,336,before,false,session_reset,1001,500100321388,1993367052789,1993369822090,2.769301,positive,,false
real_can_latency_20260710,336,before,false,enter_extended_session,1003,500300321388,1993396051989,1993399224698,3.172709,positive,,false
real_can_latency_20260710,336,before,false,request_security_seed,2701,67011350,1993425429174,1993428525546,3.096372,positive,,false
real_can_latency_20260710,336,before,false,send_security_key,2702B60A,6702,1993454760264,1993457849581,3.089317,positive,,false
real_can_latency_20260710,336,before,false,read_target_before,221234,621234014F,1993484129138,1993487107756,2.978618,positive,,false
real_can_latency_20260710,336,before,false,write_target,2E12340150,6E1234,1993513311324,1993516437099,3.125775,positive,,false
real_can_latency_20260710,336,before,false,read_target_after,221234,6212340150,1993542647652,1993545730195,3.082543,positive,,false
real_can_latency_20260710,337,before,false,session_reset,1001,500100321388,1993572112908,1993575027131,2.914223,positive,,false
real_can_latency_20260710,337,before,false,enter_extended_session,1003,500300321388,1993601296631,1993604356754,3.060123,positive,,false
real_can_latency_20260710,337,before,false,request_security_seed,2701,67011351,1993630606768,1993633692244,3.085476,positive,,false
real_can_latency_20260710,337,before,false,send_security_key,2702B60B,6702,1993659917882,1993662915846,2.997964,positive,,false
real_can_latency_20260710,337,before,false,read_target_before,221234,6212340150,1993689268458,1993692204961,2.936503,positive,,false
real_can_latency_20260710,337,before,false,write_target,2E12340151,6E1234,1993718425012,1993721490933,3.065921,positive,,false
real_can_latency_20260710,337,before,false,read_target_after,221234,6212340151,1993747704139,1993750830613,3.126474,positive,,false
real_can_latency_20260710,338,before,false,session_reset,1001,500100321388,1993777221288,1993780342243,3.120955,positive,,false
real_can_latency_20260710,338,before,false,enter_extended_session,1003,500300321388,1993806566555,1993809411635,2.845080,positive,,false
real_can_latency_20260710,338,before,false,request_security_seed,2701,67011352,1993835623864,1993838691251,3.067387,positive,,false
real_can_latency_20260710,338,before,false,send_security_key,2702B608,6702,1993865161546,1993868029604,2.868058,positive,,false
real_can_latency_20260710,338,before,false,read_target_before,221234,6212340151,1993894284507,1993897276604,2.992097,positive,,false
real_can_latency_20260710,338,before,false,write_target,2E12340152,6E1234,1993923524522,1993926626830,3.102308,positive,,false
real_can_latency_20260710,338,before,false,read_target_after,221234,6212340152,1993952842342,1993955885354,3.043012,positive,,false
real_can_latency_20260710,339,before,false,session_reset,1001,500100321388,1993982273864,1993985204710,2.930846,positive,,false
real_can_latency_20260710,339,before,false,enter_extended_session,1003,500300321388,1994011452977,1994014481183,3.028206,positive,,false
real_can_latency_20260710,339,before,false,request_security_seed,2701,67011353,1994040723095,1994043763732,3.040637,positive,,false
real_can_latency_20260710,339,before,false,send_security_key,2702B609,6702,1994070069549,1994073087768,3.018219,positive,,false
real_can_latency_20260710,339,before,false,read_target_before,221234,6212340152,1994099326257,1994102328063,3.001806,positive,,false
real_can_latency_20260710,339,before,false,write_target,2E12340153,6E1234,1994128569975,1994131708880,3.138905,positive,,false
real_can_latency_20260710,339,before,false,read_target_after,221234,6212340153,1994157933890,1994161078662,3.144772,positive,,false
real_can_latency_20260710,340,before,false,session_reset,1001,500100321388,1994187456486,1994190276772,2.820286,positive,,false
real_can_latency_20260710,340,before,false,enter_extended_session,1003,500300321388,1994216516589,1994219528731,3.012142,positive,,false
real_can_latency_20260710,340,before,false,request_security_seed,2701,67011354,1994245767919,1994248872950,3.105031,positive,,false
real_can_latency_20260710,340,before,false,send_security_key,2702B60E,6702,1994275163053,1994278191678,3.028625,positive,,false
real_can_latency_20260710,340,before,false,read_target_before,221234,6212340153,1994304450701,1994307448944,2.998243,positive,,false
real_can_latency_20260710,340,before,false,write_target,2E12340154,6E1234,1994333668437,1994336803571,3.135134,positive,,false
real_can_latency_20260710,340,before,false,read_target_after,221234,6212340154,1994363041292,1994366058323,3.017031,positive,,false
real_can_latency_20260710,341,before,false,session_reset,1001,500100321388,1994392419106,1994395385222,2.966116,positive,,false
real_can_latency_20260710,341,before,false,enter_extended_session,1003,500300321388,1994421658353,1994424688165,3.029812,positive,,false
real_can_latency_20260710,341,before,false,request_security_seed,2701,67011355,1994450938947,1994454171859,3.232912,positive,,false
real_can_latency_20260710,341,before,false,send_security_key,2702B60F,6702,1994480400711,1994483253613,2.852902,positive,,false
real_can_latency_20260710,341,before,false,read_target_before,221234,6212340154,1994509698974,1994512538607,2.839633,positive,,false
real_can_latency_20260710,341,before,false,write_target,2E12340155,6E1234,1994538995352,1994541851607,2.856255,positive,,false
real_can_latency_20260710,341,before,false,read_target_after,221234,6212340155,1994568124040,1994571271606,3.147566,positive,,false
real_can_latency_20260710,342,before,false,session_reset,1001,500100321388,1994597617791,1994600406300,2.788509,positive,,false
real_can_latency_20260710,342,before,false,enter_extended_session,1003,500300321388,1994626626700,1994629715040,3.088340,positive,,false
real_can_latency_20260710,342,before,false,request_security_seed,2701,67011356,1994655936907,1994659056675,3.119768,positive,,false
real_can_latency_20260710,342,before,false,send_security_key,2702B60C,6702,1994685313463,1994688363250,3.049787,positive,,false
real_can_latency_20260710,342,before,false,read_target_before,221234,6212340155,1994714624857,1994717671990,3.047133,positive,,false
real_can_latency_20260710,342,before,false,write_target,2E12340156,6E1234,1994743884848,1994746930654,3.045806,positive,,false
real_can_latency_20260710,342,before,false,read_target_after,221234,6212340156,1994773168584,1994776248962,3.080378,positive,,false
real_can_latency_20260710,343,before,false,session_reset,1001,500100321388,1994802576221,1994805546039,2.969818,positive,,false
real_can_latency_20260710,343,before,false,enter_extended_session,1003,500300321388,1994831776776,1994834851496,3.074720,positive,,false
real_can_latency_20260710,343,before,false,request_security_seed,2701,67011357,1994861047941,1994864095423,3.047482,positive,,false
real_can_latency_20260710,343,before,false,send_security_key,2702B60D,6702,1994890321341,1994893432658,3.111317,positive,,false
real_can_latency_20260710,343,before,false,read_target_before,221234,6212340156,1994919643770,1994922720725,3.076955,positive,,false
real_can_latency_20260710,343,before,false,write_target,2E12340157,6E1234,1994948989526,1994951996989,3.007463,positive,,false
real_can_latency_20260710,343,before,false,read_target_after,221234,6212340157,1994978243161,1994981300910,3.057749,positive,,false
real_can_latency_20260710,344,before,false,session_reset,1001,500100321388,1995007666372,1995010658888,2.992516,positive,,false
real_can_latency_20260710,344,before,false,enter_extended_session,1003,500300321388,1995036871327,1995039879139,3.007812,positive,,false
real_can_latency_20260710,344,before,false,request_security_seed,2701,67011358,1995066147730,1995069239772,3.092042,positive,,false
real_can_latency_20260710,344,before,false,send_security_key,2702B602,6702,1995095482102,1995098505699,3.023597,positive,,false
real_can_latency_20260710,344,before,false,read_target_before,221234,6212340157,1995124714994,1995127730000,3.015006,positive,,false
real_can_latency_20260710,344,before,false,write_target,2E12340158,6E1234,1995153944324,1995157082740,3.138416,positive,,false
real_can_latency_20260710,344,before,false,read_target_after,221234,6212340158,1995183491225,1995186351531,2.860306,positive,,false
real_can_latency_20260710,345,before,false,session_reset,1001,500100321388,1995212724815,1995215690792,2.965977,positive,,false
real_can_latency_20260710,345,before,false,enter_extended_session,1003,500300321388,1995241943040,1995244989475,3.046435,positive,,false
real_can_latency_20260710,345,before,false,request_security_seed,2701,67011359,1995271224332,1995274232843,3.008511,positive,,false
real_can_latency_20260710,345,before,false,send_security_key,2702B603,6702,1995300471123,1995303599621,3.128498,positive,,false
real_can_latency_20260710,345,before,false,read_target_before,221234,6212340158,1995329863883,1995332837751,2.973868,positive,,false
real_can_latency_20260710,345,before,false,write_target,2E12340159,6E1234,1995359073377,1995362381579,3.308202,positive,,false
real_can_latency_20260710,345,before,false,read_target_after,221234,6212340159,1995388623561,1995391560413,2.936852,positive,,false
real_can_latency_20260710,346,before,false,session_reset,1001,500100321388,1995417846395,1995420684422,2.838027,positive,,false
real_can_latency_20260710,346,before,false,enter_extended_session,1003,500300321388,1995446908943,1995450066566,3.157623,positive,,false
real_can_latency_20260710,346,before,false,request_security_seed,2701,6701135A,1995476374338,1995479296943,2.922605,positive,,false
real_can_latency_20260710,346,before,false,send_security_key,2702B600,6702,1995505535014,1995508671335,3.136321,positive,,false
real_can_latency_20260710,346,before,false,read_target_before,221234,6212340159,1995534862890,1995537974417,3.111527,positive,,false
real_can_latency_20260710,346,before,false,write_target,2E1234015A,6E1234,1995564221637,1995567194528,2.972891,positive,,false
real_can_latency_20260710,346,before,false,read_target_after,221234,621234015A,1995593431691,1995596525478,3.093787,positive,,false
real_can_latency_20260710,347,before,false,session_reset,1001,500100321388,1995622891918,1995625828072,2.936154,positive,,false
real_can_latency_20260710,347,before,false,enter_extended_session,1003,500300321388,1995652073336,1995655226978,3.153642,positive,,false
real_can_latency_20260710,347,before,false,request_security_seed,2701,6701135B,1995681454013,1995684417825,2.963812,positive,,false
real_can_latency_20260710,347,before,false,send_security_key,2702B601,6702,1995710653521,1995713722025,3.068504,positive,,false
real_can_latency_20260710,347,before,false,read_target_before,221234,621234015A,1995739938375,1995743073718,3.135343,positive,,false
real_can_latency_20260710,347,before,false,write_target,2E1234015B,6E1234,1995769319471,1995772371423,3.051952,positive,,false
real_can_latency_20260710,347,before,false,read_target_after,221234,621234015B,1995798607259,1995801699370,3.092111,positive,,false
real_can_latency_20260710,348,before,false,session_reset,1001,500100321388,1995828042413,1995830919201,2.876788,positive,,false
real_can_latency_20260710,348,before,false,enter_extended_session,1003,500300321388,1995857168307,1995860223052,3.054745,positive,,false
real_can_latency_20260710,348,before,false,request_security_seed,2701,6701135C,1995886471459,1995889553723,3.082264,positive,,false
real_can_latency_20260710,348,before,false,send_security_key,2702B606,6702,1995915817635,1995919072827,3.255192,positive,,false
real_can_latency_20260710,348,before,false,read_target_before,221234,621234015B,1995945290503,1995948102339,2.811836,positive,,false
real_can_latency_20260710,348,before,false,write_target,2E1234015C,6E1234,1995974315615,1995977422533,3.106918,positive,,false
real_can_latency_20260710,348,before,false,read_target_after,221234,621234015C,1996003674223,1996006705501,3.031278,positive,,false
real_can_latency_20260710,349,before,false,session_reset,1001,500100321388,1996033048963,1996036032261,2.983298,positive,,false
real_can_latency_20260710,349,before,false,enter_extended_session,1003,500300321388,1996062240020,1996065301820,3.061800,positive,,false
real_can_latency_20260710,349,before,false,request_security_seed,2701,6701135D,1996091537865,1996094599525,3.061660,positive,,false
real_can_latency_20260710,349,before,false,send_security_key,2702B607,6702,1996120853170,1996123914551,3.061381,positive,,false
real_can_latency_20260710,349,before,false,read_target_before,221234,621234015C,1996150176297,1996153204154,3.027857,positive,,false
real_can_latency_20260710,349,before,false,write_target,2E1234015D,6E1234,1996179459964,1996182713270,3.253306,positive,,false
real_can_latency_20260710,349,before,false,read_target_after,221234,621234015D,1996208987240,1996211791393,2.804153,positive,,false
real_can_latency_20260710,350,before,false,session_reset,1001,500100321388,1996238173407,1996241081066,2.907659,positive,,false
real_can_latency_20260710,350,before,false,enter_extended_session,1003,500300321388,1996267314247,1996270402517,3.088270,positive,,false
real_can_latency_20260710,350,before,false,request_security_seed,2701,6701135E,1996296660423,1996299713911,3.053488,positive,,false
real_can_latency_20260710,350,before,false,send_security_key,2702B604,6702,1996325947163,1996328989337,3.042174,positive,,false
real_can_latency_20260710,350,before,false,read_target_before,221234,621234015D,1996355186340,1996358274191,3.087851,positive,,false
real_can_latency_20260710,350,before,false,write_target,2E1234015E,6E1234,1996384531817,1996387563934,3.032117,positive,,false
real_can_latency_20260710,350,before,false,read_target_after,221234,621234015E,1996413802633,1996416862896,3.060263,positive,,false
real_can_latency_20260710,351,before,false,session_reset,1001,500100321388,1996443286607,1996446458826,3.172219,positive,,false
real_can_latency_20260710,351,before,false,enter_extended_session,1003,500300321388,1996472667284,1996475424363,2.757079,positive,,false
real_can_latency_20260710,351,before,false,request_security_seed,2701,6701135F,1996501662015,1996504733802,3.071787,positive,,false
real_can_latency_20260710,351,before,false,send_security_key,2702B605,6702,1996531194598,1996534070060,2.875462,positive,,false
real_can_latency_20260710,351,before,false,read_target_before,221234,621234015E,1996560310784,1996563344368,3.033584,positive,,false
real_can_latency_20260710,351,before,false,write_target,2E1234015F,6E1234,1996589567981,1996592619654,3.051673,positive,,false
real_can_latency_20260710,351,before,false,read_target_after,221234,621234015F,1996618826644,1996621908559,3.081915,positive,,false
real_can_latency_20260710,352,before,false,session_reset,1001,500100321388,1996648455959,1996651234899,2.778940,positive,,false
real_can_latency_20260710,352,before,false,enter_extended_session,1003,500300321388,1996677452995,1996680557607,3.104612,positive,,false
real_can_latency_20260710,352,before,false,request_security_seed,2701,67011360,1996706801405,1996709824233,3.022828,positive,,false
real_can_latency_20260710,352,before,false,send_security_key,2702B63A,6702,1996736044214,1996739318194,3.273980,positive,,false
real_can_latency_20260710,352,before,false,read_target_before,221234,621234015F,1996765529654,1996768426697,2.897043,positive,,false
real_can_latency_20260710,352,before,false,write_target,2E12340160,6E1234,1996794666234,1996797759253,3.093019,positive,,false
real_can_latency_20260710,352,before,false,read_target_after,221234,6212340160,1996823997952,1996827053815,3.055863,positive,,false
real_can_latency_20260710,353,before,false,session_reset,1001,500100321388,1996853394903,1996856334130,2.939227,positive,,false
real_can_latency_20260710,353,before,false,enter_extended_session,1003,500300321388,1996882539025,1996885662845,3.123820,positive,,false
real_can_latency_20260710,353,before,false,request_security_seed,2701,67011361,1996911879474,1996914898251,3.018777,positive,,false
real_can_latency_20260710,353,before,false,send_security_key,2702B63B,6702,1996941150429,1996944218864,3.068435,positive,,false
real_can_latency_20260710,353,before,false,read_target_before,221234,6212340160,1996970426134,1996973483464,3.057330,positive,,false
real_can_latency_20260710,353,before,false,write_target,2E12340161,6E1234,1996999702468,1997002803239,3.100771,positive,,false
real_can_latency_20260710,353,before,false,read_target_after,221234,6212340161,1997029055907,1997032096195,3.040288,positive,,false
real_can_latency_20260710,354,before,false,session_reset,1001,500100321388,1997058496927,1997061434967,2.938040,positive,,false
real_can_latency_20260710,354,before,false,enter_extended_session,1003,500300321388,1997087675133,1997090753415,3.078282,positive,,false
real_can_latency_20260710,354,before,false,request_security_seed,2701,67011362,1997117067823,1997120138353,3.070530,positive,,false
real_can_latency_20260710,354,before,false,send_security_key,2702B638,6702,1997146355681,1997149294628,2.938947,positive,,false
real_can_latency_20260710,354,before,false,read_target_before,221234,6212340161,1997175495473,1997178582067,3.086594,positive,,false
real_can_latency_20260710,354,before,false,write_target,2E12340162,6E1234,1997204826912,1997207909036,3.082124,positive,,false
real_can_latency_20260710,354,before,false,read_target_after,221234,6212340162,1997234152763,1997237209744,3.056981,positive,,false
real_can_latency_20260710,355,before,false,session_reset,1001,500100321388,1997263545663,1997266490827,2.945164,positive,,false
real_can_latency_20260710,355,before,false,enter_extended_session,1003,500300321388,1997292708783,1997295769046,3.060263,positive,,false
real_can_latency_20260710,355,before,false,request_security_seed,2701,67011363,1997321992869,1997325088053,3.095184,positive,,false
real_can_latency_20260710,355,before,false,send_security_key,2702B639,6702,1997351390867,1997354405314,3.014447,positive,,false
real_can_latency_20260710,355,before,false,read_target_before,221234,6212340162,1997380645200,1997383720200,3.075000,positive,,false
real_can_latency_20260710,355,before,false,write_target,2E12340163,6E1234,1997409924397,1997413043327,3.118930,positive,,false
real_can_latency_20260710,355,before,false,read_target_after,221234,6212340163,1997439287823,1997442265044,2.977221,positive,,false
real_can_latency_20260710,356,before,false,session_reset,1001,500100321388,1997468628761,1997471580489,2.951728,positive,,false
real_can_latency_20260710,356,before,false,enter_extended_session,1003,500300321388,1997497786572,1997500844042,3.057470,positive,,false
real_can_latency_20260710,356,before,false,request_security_seed,2701,67011364,1997527062836,1997530184979,3.122143,positive,,false
real_can_latency_20260710,356,before,false,send_security_key,2702B63E,6702,1997556401259,1997559482125,3.080866,positive,,false
real_can_latency_20260710,356,before,false,read_target_before,221234,6212340163,1997585708113,1997588724027,3.015914,positive,,false
real_can_latency_20260710,356,before,false,write_target,2E12340164,6E1234,1997614964472,1997618068316,3.103844,positive,,false
real_can_latency_20260710,356,before,false,read_target_after,221234,6212340164,1997644291860,1997647536087,3.244227,positive,,false
real_can_latency_20260710,357,before,false,session_reset,1001,500100321388,1997673876266,1997676684819,2.808553,positive,,false
real_can_latency_20260710,357,before,false,enter_extended_session,1003,500300321388,1997702899981,1997705956683,3.056702,positive,,false
real_can_latency_20260710,357,before,false,request_security_seed,2701,67011365,1997732151940,1997735293499,3.141559,positive,,false
real_can_latency_20260710,357,before,false,send_security_key,2702B63F,6702,1997761523608,1997764601541,3.077933,positive,,false
real_can_latency_20260710,357,before,false,read_target_before,221234,6212340164,1997790834024,1997793877804,3.043780,positive,,false
real_can_latency_20260710,357,before,false,write_target,2E12340165,6E1234,1997820151425,1997823120404,2.968979,positive,,false
real_can_latency_20260710,357,before,false,read_target_after,221234,6212340165,1997849350513,1997852375855,3.025342,positive,,false
real_can_latency_20260710,358,before,false,session_reset,1001,500100321388,1997878718898,1997881733834,3.014936,positive,,false
real_can_latency_20260710,358,before,false,enter_extended_session,1003,500300321388,1997907979168,1997911081196,3.102028,positive,,false
real_can_latency_20260710,358,before,false,request_security_seed,2701,67011366,1997937286022,1997940603373,3.317351,positive,,false
real_can_latency_20260710,358,before,false,send_security_key,2702B63C,6702,1997966834669,1997969691204,2.856535,positive,,false
real_can_latency_20260710,358,before,false,read_target_before,221234,6212340165,1997995922430,1997998933804,3.011374,positive,,false
real_can_latency_20260710,358,before,false,write_target,2E12340166,6E1234,1998025164750,1998028200569,3.035819,positive,,false
real_can_latency_20260710,358,before,false,read_target_after,221234,6212340166,1998054422366,1998057540738,3.118372,positive,,false
real_can_latency_20260710,359,before,false,session_reset,1001,500100321388,1998083877146,1998086773210,2.896064,positive,,false
real_can_latency_20260710,359,before,false,enter_extended_session,1003,500300321388,1998112996684,1998116128535,3.131851,positive,,false
real_can_latency_20260710,359,before,false,request_security_seed,2701,67011367,1998142383228,1998145441047,3.057819,positive,,false
real_can_latency_20260710,359,before,false,send_security_key,2702B63D,6702,1998171686870,1998174751742,3.064872,positive,,false
real_can_latency_20260710,359,before,false,read_target_before,221234,6212340166,1998200975216,1998204221748,3.246532,positive,,false
real_can_latency_20260710,359,before,false,write_target,2E12340167,6E1234,1998230434466,1998233292606,2.858140,positive,,false
real_can_latency_20260710,359,before,false,read_target_after,221234,6212340167,1998259509096,1998262583676,3.074580,positive,,false
real_can_latency_20260710,360,before,false,session_reset,1001,500100321388,1998289024568,1998291925801,2.901233,positive,,false
real_can_latency_20260710,360,before,false,enter_extended_session,1003,500300321388,1998318173929,1998321370314,3.196385,positive,,false
real_can_latency_20260710,360,before,false,request_security_seed,2701,67011368,1998347573673,1998350454303,2.880630,positive,,false
real_can_latency_20260710,360,before,false,send_security_key,2702B632,6702,1998376680430,1998379772192,3.091762,positive,,false
real_can_latency_20260710,360,before,false,read_target_before,221234,6212340167,1998406039247,1998409095739,3.056492,positive,,false
real_can_latency_20260710,360,before,false,write_target,2E12340168,6E1234,1998435326616,1998438391977,3.065361,positive,,false
real_can_latency_20260710,360,before,false,read_target_after,221234,6212340168,1998464602111,1998467670895,3.068784,positive,,false
real_can_latency_20260710,361,before,false,session_reset,1001,500100321388,1998494044948,1998496979216,2.934268,positive,,false
real_can_latency_20260710,361,before,false,enter_extended_session,1003,500300321388,1998523221966,1998526265956,3.043990,positive,,false
real_can_latency_20260710,361,before,false,request_security_seed,2701,67011369,1998552674441,1998555558143,2.883702,positive,,false
real_can_latency_20260710,361,before,false,send_security_key,2702B633,6702,1998581759128,1998584950484,3.191356,positive,,false
real_can_latency_20260710,361,before,false,read_target_before,221234,6212340168,1998611135196,1998614119052,2.983856,positive,,false
real_can_latency_20260710,361,before,false,write_target,2E12340169,6E1234,1998640332817,1998643454262,3.121445,positive,,false
real_can_latency_20260710,361,before,false,read_target_after,221234,6212340169,1998669682904,1998672769917,3.087013,positive,,false
real_can_latency_20260710,362,before,false,session_reset,1001,500100321388,1998699208852,1998702057634,2.848782,positive,,false
real_can_latency_20260710,362,before,false,enter_extended_session,1003,500300321388,1998728285438,1998731362114,3.076676,positive,,false
real_can_latency_20260710,362,before,false,request_security_seed,2701,6701136A,1998757566521,1998760645362,3.078841,positive,,false
real_can_latency_20260710,362,before,false,send_security_key,2702B630,6702,1998786895795,1998789956756,3.060961,positive,,false
real_can_latency_20260710,362,before,false,read_target_before,221234,6212340169,1998816187004,1998819221915,3.034911,positive,,false
real_can_latency_20260710,362,before,false,write_target,2E1234016A,6E1234,1998845445808,1998848771260,3.325452,positive,,false
real_can_latency_20260710,362,before,false,read_target_after,221234,621234016A,1998874987540,1998877804614,2.817074,positive,,false
real_can_latency_20260710,363,before,false,session_reset,1001,500100321388,1998904199270,1998907130256,2.930986,positive,,false
real_can_latency_20260710,363,before,false,enter_extended_session,1003,500300321388,1998933543979,1998936438996,2.895017,positive,,false
real_can_latency_20260710,363,before,false,request_security_seed,2701,6701136B,1998962653250,1998965724898,3.071648,positive,,false
real_can_latency_20260710,363,before,false,send_security_key,2702B631,6702,1998991945089,1998995030286,3.085197,positive,,false
real_can_latency_20260710,363,before,false,read_target_before,221234,621234016A,1999021234064,1999024253400,3.019336,positive,,false
real_can_latency_20260710,363,before,false,write_target,2E1234016B,6E1234,1999050490911,1999053638128,3.147217,positive,,false
real_can_latency_20260710,363,before,false,read_target_after,221234,621234016B,1999079859925,1999082909991,3.050066,positive,,false
real_can_latency_20260710,364,before,false,session_reset,1001,500100321388,1999109247726,1999112169702,2.921976,positive,,false
real_can_latency_20260710,364,before,false,enter_extended_session,1003,500300321388,1999138406097,1999141501490,3.095393,positive,,false
real_can_latency_20260710,364,before,false,request_security_seed,2701,6701136C,1999167742215,1999170795075,3.052860,positive,,false
real_can_latency_20260710,364,before,false,send_security_key,2702B636,6702,1999197031679,1999200125187,3.093508,positive,,false
real_can_latency_20260710,364,before,false,read_target_before,221234,621234016B,1999226368286,1999229423940,3.055654,positive,,false
real_can_latency_20260710,364,before,false,write_target,2E1234016C,6E1234,1999255709223,1999258758731,3.049508,positive,,false
real_can_latency_20260710,364,before,false,read_target_after,221234,621234016C,1999284947004,1999287961940,3.014936,positive,,false
real_can_latency_20260710,365,before,false,session_reset,1001,500100321388,1999314268525,1999317284578,3.016053,positive,,false
real_can_latency_20260710,365,before,false,enter_extended_session,1003,500300321388,1999343507284,1999346630614,3.123330,positive,,false
real_can_latency_20260710,365,before,false,request_security_seed,2701,6701136D,1999372851015,1999375947666,3.096651,positive,,false
real_can_latency_20260710,365,before,false,send_security_key,2702B637,6702,1999402202847,1999405200602,2.997755,positive,,false
real_can_latency_20260710,365,before,false,read_target_before,221234,621234016C,1999431415136,1999434413170,2.998034,positive,,false
real_can_latency_20260710,365,before,false,write_target,2E1234016D,6E1234,1999460624770,1999463773174,3.148404,positive,,false
real_can_latency_20260710,365,before,false,read_target_after,221234,621234016D,1999490038553,1999493125565,3.087012,positive,,false
real_can_latency_20260710,366,before,false,session_reset,1001,500100321388,1999519473847,1999522425226,2.951379,positive,,false
real_can_latency_20260710,366,before,false,enter_extended_session,1003,500300321388,1999548618039,1999551622149,3.004110,positive,,false
real_can_latency_20260710,366,before,false,request_security_seed,2701,6701136E,1999577827464,1999580987392,3.159928,positive,,false
real_can_latency_20260710,366,before,false,send_security_key,2702B634,6702,1999607233704,1999610298786,3.065082,positive,,false
real_can_latency_20260710,366,before,false,read_target_before,221234,621234016D,1999636546285,1999639577005,3.030720,positive,,false
real_can_latency_20260710,366,before,false,write_target,2E1234016E,6E1234,1999665801247,1999668864723,3.063476,positive,,false
real_can_latency_20260710,366,before,false,read_target_after,221234,621234016E,1999695050831,1999698244981,3.194150,positive,,false
real_can_latency_20260710,367,before,false,session_reset,1001,500100321388,1999724645225,1999727448679,2.803454,positive,,false
real_can_latency_20260710,367,before,false,enter_extended_session,1003,500300321388,1999753710077,1999756720613,3.010536,positive,,false
real_can_latency_20260710,367,before,false,request_security_seed,2701,6701136F,1999782952956,1999786075658,3.122702,positive,,false
real_can_latency_20260710,367,before,false,send_security_key,2702B635,6702,1999812294033,1999815339280,3.045247,positive,,false
real_can_latency_20260710,367,before,false,read_target_before,221234,621234016E,1999841546341,1999844708084,3.161743,positive,,false
real_can_latency_20260710,367,before,false,write_target,2E1234016F,6E1234,1999870964314,1999873975967,3.011653,positive,,false
real_can_latency_20260710,367,before,false,read_target_after,221234,621234016F,1999900159980,1999903233932,3.073952,positive,,false
real_can_latency_20260710,368,before,false,session_reset,1001,500100321388,1999929579420,1999932562577,2.983157,positive,,false
real_can_latency_20260710,368,before,false,enter_extended_session,1003,500300321388,1999958773479,1999961836047,3.062568,positive,,false
real_can_latency_20260710,368,before,false,request_security_seed,2701,67011370,1999988046879,1999991124254,3.077375,positive,,false
real_can_latency_20260710,368,before,false,send_security_key,2702B62A,6702,2000017353175,2000020480487,3.127312,positive,,false
real_can_latency_20260710,368,before,false,read_target_before,221234,621234016F,2000046758227,2000049741036,2.982809,positive,,false
real_can_latency_20260710,368,before,false,write_target,2E12340170,6E1234,2000075985322,2000079283048,3.297726,positive,,false
real_can_latency_20260710,368,before,false,read_target_after,221234,6212340170,2000105523074,2000108301246,2.778172,positive,,false
real_can_latency_20260710,369,before,false,session_reset,1001,500100321388,2000134660352,2000137605167,2.944815,positive,,false
real_can_latency_20260710,369,before,false,enter_extended_session,1003,500300321388,2000163864330,2000167076150,3.211820,positive,,false
real_can_latency_20260710,369,before,false,request_security_seed,2701,67011371,2000193297319,2000196217619,2.920300,positive,,false
real_can_latency_20260710,369,before,false,send_security_key,2702B62B,6702,2000222415670,2000225491159,3.075489,positive,,false
real_can_latency_20260710,369,before,false,read_target_before,221234,6212340170,2000252032622,2000254806115,2.773493,positive,,false
real_can_latency_20260710,369,before,false,write_target,2E12340171,6E1234,2000281034757,2000284131198,3.096441,positive,,false
real_can_latency_20260710,369,before,false,read_target_after,221234,6212340171,2000310368430,2000313420452,3.052022,positive,,false
real_can_latency_20260710,370,before,false,session_reset,1001,500100321388,2000339775368,2000343118002,3.342634,positive,,false
real_can_latency_20260710,370,before,false,enter_extended_session,1003,500300321388,2000369340847,2000371988415,2.647568,positive,,false
real_can_latency_20260710,370,before,false,request_security_seed,2701,67011372,2000398232282,2000401268729,3.036447,positive,,false
real_can_latency_20260710,370,before,false,send_security_key,2702B628,6702,2000427568051,2000430586060,3.018009,positive,,false
real_can_latency_20260710,370,before,false,read_target_before,221234,6212340171,2000456835934,2000459858063,3.022129,positive,,false
real_can_latency_20260710,370,before,false,write_target,2E12340172,6E1234,2000486041657,2000489300830,3.259173,positive,,false
real_can_latency_20260710,370,before,false,read_target_after,221234,6212340172,2000515486449,2000518425746,2.939297,positive,,false
real_can_latency_20260710,371,before,false,session_reset,1001,500100321388,2000544738478,2000547773528,3.035050,positive,,false
real_can_latency_20260710,371,before,false,enter_extended_session,1003,500300321388,2000574059650,2000577150434,3.090784,positive,,false
real_can_latency_20260710,371,before,false,request_security_seed,2701,67011373,2000603381381,2000606393453,3.012072,positive,,false
real_can_latency_20260710,371,before,false,send_security_key,2702B629,6702,2000632621117,2000635693253,3.072136,positive,,false
real_can_latency_20260710,371,before,false,read_target_before,221234,6212340172,2000661934607,2000664975803,3.041196,positive,,false
real_can_latency_20260710,371,before,false,write_target,2E12340173,6E1234,2000691224420,2000694314994,3.090574,positive,,false
real_can_latency_20260710,371,before,false,read_target_after,221234,6212340173,2000720553484,2000723628065,3.074581,positive,,false
real_can_latency_20260710,372,before,false,session_reset,1001,500100321388,2000750043673,2000752821426,2.777753,positive,,false
real_can_latency_20260710,372,before,false,enter_extended_session,1003,500300321388,2000779052442,2000782208179,3.155737,positive,,false
real_can_latency_20260710,372,before,false,request_security_seed,2701,67011374,2000808667579,2000811480742,2.813163,positive,,false
real_can_latency_20260710,372,before,false,send_security_key,2702B62E,6702,2000837706171,2000840775094,3.068923,positive,,false
real_can_latency_20260710,372,before,false,read_target_before,221234,6212340173,2000866977126,2000870154095,3.176969,positive,,false
real_can_latency_20260710,372,before,false,write_target,2E12340174,6E1234,2000896369747,2000899368968,2.999221,positive,,false
real_can_latency_20260710,372,before,false,read_target_after,221234,6212340174,2000925588391,2000928689581,3.101190,positive,,false
real_can_latency_20260710,373,before,false,session_reset,1001,500100321388,2000955054764,2000957974506,2.919742,positive,,false
real_can_latency_20260710,373,before,false,enter_extended_session,1003,500300321388,2000984190855,2000987273468,3.082613,positive,,false
real_can_latency_20260710,373,before,false,request_security_seed,2701,67011375,2001013482833,2001016539325,3.056492,positive,,false
real_can_latency_20260710,373,before,false,send_security_key,2702B62F,6702,2001042799675,2001045842268,3.042593,positive,,false
real_can_latency_20260710,373,before,false,read_target_before,221234,6212340174,2001072040250,2001075178736,3.138486,positive,,false
real_can_latency_20260710,373,before,false,write_target,2E12340175,6E1234,2001101446070,2001104447108,3.001038,positive,,false
real_can_latency_20260710,373,before,false,read_target_after,221234,6212340175,2001130708016,2001133745790,3.037774,positive,,false
real_can_latency_20260710,374,before,false,session_reset,1001,500100321388,2001160107411,2001163039794,2.932383,positive,,false
real_can_latency_20260710,374,before,false,enter_extended_session,1003,500300321388,2001189237775,2001192312077,3.074302,positive,,false
real_can_latency_20260710,374,before,false,request_security_seed,2701,67011376,2001218572497,2001221818819,3.246322,positive,,false
real_can_latency_20260710,374,before,false,send_security_key,2702B62C,6702,2001248041943,2001250969646,2.927703,positive,,false
real_can_latency_20260710,374,before,false,read_target_before,221234,6212340175,2001277173285,2001280209592,3.036307,positive,,false
real_can_latency_20260710,374,before,false,write_target,2E12340176,6E1234,2001306429853,2001309484669,3.054816,positive,,false
real_can_latency_20260710,374,before,false,read_target_after,221234,6212340176,2001335717431,2001338813104,3.095673,positive,,false
real_can_latency_20260710,375,before,false,session_reset,1001,500100321388,2001365209088,2001368145591,2.936503,positive,,false
real_can_latency_20260710,375,before,false,enter_extended_session,1003,500300321388,2001394398608,2001397405302,3.006694,positive,,false
real_can_latency_20260710,375,before,false,request_security_seed,2701,67011377,2001423613550,2001426692252,3.078702,positive,,false
real_can_latency_20260710,375,before,false,send_security_key,2702B62D,6702,2001452957840,2001456040103,3.082263,positive,,false
real_can_latency_20260710,375,before,false,read_target_before,221234,6212340176,2001482289628,2001485311268,3.021640,positive,,false
real_can_latency_20260710,375,before,false,write_target,2E12340177,6E1234,2001511553111,2001514639914,3.086803,positive,,false
real_can_latency_20260710,375,before,false,read_target_after,221234,6212340177,2001540863527,2001543898438,3.034911,positive,,false
real_can_latency_20260710,376,before,false,session_reset,1001,500100321388,2001570261385,2001573198517,2.937132,positive,,false
real_can_latency_20260710,376,before,false,enter_extended_session,1003,500300321388,2001599399362,2001602413809,3.014447,positive,,false
real_can_latency_20260710,376,before,false,request_security_seed,2701,67011378,2001628642800,2001631792601,3.149801,positive,,false
real_can_latency_20260710,376,before,false,send_security_key,2702B622,6702,2001658050506,2001661313800,3.263294,positive,,false
real_can_latency_20260710,376,before,false,read_target_before,221234,6212340177,2001687521489,2001690605080,3.083591,positive,,false
real_can_latency_20260710,376,before,false,write_target,2E12340178,6E1234,2001716845944,2001719722453,2.876509,positive,,false
real_can_latency_20260710,376,before,false,read_target_after,221234,6212340178,2001745965622,2001748989777,3.024155,positive,,false
real_can_latency_20260710,377,before,false,session_reset,1001,500100321388,2001775461050,2001778291952,2.830902,positive,,false
real_can_latency_20260710,377,before,false,enter_extended_session,1003,500300321388,2001804545877,2001807578343,3.032466,positive,,false
real_can_latency_20260710,377,before,false,request_security_seed,2701,67011379,2001833787778,2001836863756,3.075978,positive,,false
real_can_latency_20260710,377,before,false,send_security_key,2702B623,6702,2001863102734,2001866189677,3.086943,positive,,false
real_can_latency_20260710,377,before,false,read_target_before,221234,6212340178,2001892447513,2001895476138,3.028625,positive,,false
real_can_latency_20260710,377,before,false,write_target,2E12340179,6E1234,2001921708970,2001924832720,3.123750,positive,,false
real_can_latency_20260710,377,before,false,read_target_after,221234,6212340179,2001951067298,2001954062678,2.995380,positive,,false
real_can_latency_20260710,378,before,false,session_reset,1001,500100321388,2001980396013,2001983311843,2.915830,positive,,false
real_can_latency_20260710,378,before,false,enter_extended_session,1003,500300321388,2002009560041,2002012721365,3.161324,positive,,false
real_can_latency_20260710,378,before,false,request_security_seed,2701,6701137A,2002038941836,2002041985337,3.043501,positive,,false
real_can_latency_20260710,378,before,false,send_security_key,2702B620,6702,2002068235700,2002071449964,3.214264,positive,,false
real_can_latency_20260710,378,before,false,read_target_before,221234,6212340179,2002097657305,2002100536188,2.878883,positive,,false
real_can_latency_20260710,378,before,false,write_target,2E1234017A,6E1234,2002126750443,2002129853310,3.102867,positive,,false
real_can_latency_20260710,378,before,false,read_target_after,221234,621234017A,2002156117780,2002159137046,3.019266,positive,,false
real_can_latency_20260710,379,before,false,session_reset,1001,500100321388,2002185483302,2002188476028,2.992726,positive,,false
real_can_latency_20260710,379,before,false,enter_extended_session,1003,500300321388,2002214684765,2002217977253,3.292488,positive,,false
real_can_latency_20260710,379,before,false,request_security_seed,2701,6701137B,2002244152535,2002247071858,2.919323,positive,,false
real_can_latency_20260710,379,before,false,send_security_key,2702B621,6702,2002273293446,2002276360344,3.066898,positive,,false
real_can_latency_20260710,379,before,false,read_target_before,221234,621234017A,2002302559233,2002305668176,3.108943,positive,,false
real_can_latency_20260710,379,before,false,write_target,2E1234017B,6E1234,2002331909599,2002335075673,3.166074,positive,,false
real_can_latency_20260710,379,before,false,read_target_after,221234,621234017B,2002361268067,2002364217980,2.949913,positive,,false
real_can_latency_20260710,380,before,false,session_reset,1001,500100321388,2002390766288,2002393555844,2.789556,positive,,false
real_can_latency_20260710,380,before,false,enter_extended_session,1003,500300321388,2002419980462,2002422849917,2.869455,positive,,false
real_can_latency_20260710,380,before,false,request_security_seed,2701,6701137C,2002449038051,2002452153070,3.115019,positive,,false
real_can_latency_20260710,380,before,false,send_security_key,2702B626,6702,2002478385065,2002481660301,3.275236,positive,,false
real_can_latency_20260710,380,before,false,read_target_before,221234,621234017B,2002507898162,2002510741496,2.843334,positive,,false
real_can_latency_20260710,380,before,false,write_target,2E1234017C,6E1234,2002536951700,2002540025862,3.074162,positive,,false
real_can_latency_20260710,380,before,false,read_target_after,221234,621234017C,2002566463331,2002569325383,2.862052,positive,,false
real_can_latency_20260710,381,before,false,session_reset,1001,500100321388,2002595694617,2002598621621,2.927004,positive,,false
real_can_latency_20260710,381,before,false,enter_extended_session,1003,500300321388,2002624857178,2002627917581,3.060403,positive,,false
real_can_latency_20260710,381,before,false,request_security_seed,2701,6701137D,2002654158445,2002657185254,3.026809,positive,,false
real_can_latency_20260710,381,before,false,send_security_key,2702B627,6702,2002683420601,2002686468013,3.047412,positive,,false
real_can_latency_20260710,381,before,false,read_target_before,221234,621234017C,2002712680382,2002715772912,3.092530,positive,,false
real_can_latency_20260710,381,before,false,write_target,2E1234017D,6E1234,2002742037592,2002745304029,3.266437,positive,,false
real_can_latency_20260710,381,before,false,read_target_after,221234,621234017D,2002771509134,2002774377192,2.868058,positive,,false
real_can_latency_20260710,382,before,false,session_reset,1001,500100321388,2002800725822,2002803730910,3.005088,positive,,false
real_can_latency_20260710,382,before,false,enter_extended_session,1003,500300321388,2002829977851,2002833027219,3.049368,positive,,false
real_can_latency_20260710,382,before,false,request_security_seed,2701,6701137E,2002859277721,2002862587390,3.309669,positive,,false
real_can_latency_20260710,382,before,false,send_security_key,2702B624,6702,2002888849696,2002891616064,2.766368,positive,,false
real_can_latency_20260710,382,before,false,read_target_before,221234,621234017D,2002917831506,2002920873191,3.041685,positive,,false
real_can_latency_20260710,382,before,false,write_target,2E1234017E,6E1234,2002947146043,2002950151341,3.005298,positive,,false
real_can_latency_20260710,382,before,false,read_target_after,221234,621234017E,2002976382148,2002979486272,3.104124,positive,,false
real_can_latency_20260710,383,before,false,session_reset,1001,500100321388,2003005897550,2003008807444,2.909894,positive,,false
real_can_latency_20260710,383,before,false,enter_extended_session,1003,500300321388,2003035046632,2003038106825,3.060193,positive,,false
real_can_latency_20260710,383,before,false,request_security_seed,2701,6701137F,2003064357258,2003067377082,3.019824,positive,,false
real_can_latency_20260710,383,before,false,send_security_key,2702B625,6702,2003093666976,2003096751125,3.084149,positive,,false
real_can_latency_20260710,383,before,false,read_target_before,221234,621234017E,2003123024396,2003125966906,2.942510,positive,,false
real_can_latency_20260710,383,before,false,write_target,2E1234017F,6E1234,2003152158741,2003155336338,3.177597,positive,,false
real_can_latency_20260710,383,before,false,read_target_after,221234,621234017F,2003181544377,2003184517687,2.973310,positive,,false
real_can_latency_20260710,384,before,false,session_reset,1001,500100321388,2003210878749,2003213842212,2.963463,positive,,false
real_can_latency_20260710,384,before,false,enter_extended_session,1003,500300321388,2003240274163,2003243207244,2.933081,positive,,false
real_can_latency_20260710,384,before,false,request_security_seed,2701,67011380,2003269466407,2003272820845,3.354438,positive,,false
real_can_latency_20260710,384,before,false,send_security_key,2702B6DA,6702,2003299040896,2003301751880,2.710984,positive,,false
real_can_latency_20260710,384,before,false,read_target_before,221234,621234017F,2003327980033,2003331030588,3.050555,positive,,false
real_can_latency_20260710,384,before,false,write_target,2E12340180,6E1234,2003357274455,2003360349525,3.075070,positive,,false
real_can_latency_20260710,384,before,false,read_target_after,221234,6212340180,2003386570554,2003389672024,3.101470,positive,,false
real_can_latency_20260710,385,before,false,session_reset,1001,500100321388,2003416046287,2003419148525,3.102238,positive,,false
real_can_latency_20260710,385,before,false,enter_extended_session,1003,500300321388,2003445369624,2003448236844,2.867220,positive,,false
real_can_latency_20260710,385,before,false,request_security_seed,2701,67011381,2003474443346,2003477507520,3.064174,positive,,false
real_can_latency_20260710,385,before,false,send_security_key,2702B6DB,6702,2003503770525,2003506837353,3.066828,positive,,false
real_can_latency_20260710,385,before,false,read_target_before,221234,6212340180,2003533070115,2003536123045,3.052930,positive,,false
real_can_latency_20260710,385,before,false,write_target,2E12340181,6E1234,2003562362722,2003565447081,3.084359,positive,,false
real_can_latency_20260710,385,before,false,read_target_after,221234,6212340181,2003591661405,2003594725999,3.064594,positive,,false
real_can_latency_20260710,386,before,false,session_reset,1001,500100321388,2003621050534,2003624062885,3.012351,positive,,false
real_can_latency_20260710,386,before,false,enter_extended_session,1003,500300321388,2003650264009,2003653257224,2.993215,positive,,false
real_can_latency_20260710,386,before,false,request_security_seed,2701,67011382,2003679500533,2003682830805,3.330272,positive,,false
real_can_latency_20260710,386,before,false,send_security_key,2702B6D8,6702,2003709043593,2003711914515,2.870922,positive,,false
real_can_latency_20260710,386,before,false,read_target_before,221234,6212340181,2003738148115,2003741182328,3.034213,positive,,false
real_can_latency_20260710,386,before,false,write_target,2E12340182,6E1234,2003767434576,2003770526827,3.092251,positive,,false
real_can_latency_20260710,386,before,false,read_target_after,221234,6212340182,2003796759101,2003800023093,3.263992,positive,,false
real_can_latency_20260710,387,before,false,session_reset,1001,500100321388,2003826358174,2003829063849,2.705675,positive,,false
real_can_latency_20260710,387,before,false,enter_extended_session,1003,500300321388,2003855276637,2003858417568,3.140931,positive,,false
real_can_latency_20260710,387,before,false,request_security_seed,2701,67011383,2003884621137,2003887756270,3.135133,positive,,false
real_can_latency_20260710,387,before,false,send_security_key,2702B6D9,6702,2003914037853,2003917060192,3.022339,positive,,false
real_can_latency_20260710,387,before,false,read_target_before,221234,6212340182,2003943267322,2003946318646,3.051324,positive,,false
real_can_latency_20260710,387,before,false,write_target,2E12340183,6E1234,2003972547078,2003975589182,3.042104,positive,,false
real_can_latency_20260710,387,before,false,read_target_after,221234,6212340183,2004001802389,2004004876970,3.074581,positive,,false
real_can_latency_20260710,388,before,false,session_reset,1001,500100321388,2004031273861,2004034217628,2.943767,positive,,false
real_can_latency_20260710,388,before,false,enter_extended_session,1003,500300321388,2004060476442,2004063557657,3.081215,positive,,false
real_can_latency_20260710,388,before,false,request_security_seed,2701,67011384,2004089809836,2004092890773,3.080937,positive,,false
real_can_latency_20260710,388,before,false,send_security_key,2702B6DE,6702,2004119141694,2004122098382,2.956688,positive,,false
real_can_latency_20260710,388,before,false,read_target_before,221234,6212340183,2004148322065,2004151378976,3.056911,positive,,false
real_can_latency_20260710,388,before,false,write_target,2E12340184,6E1234,2004177625358,2004180826282,3.200924,positive,,false
real_can_latency_20260710,388,before,false,read_target_after,221234,6212340184,2004207062956,2004209967053,2.904097,positive,,false
real_can_latency_20260710,389,before,false,session_reset,1001,500100321388,2004236292845,2004239316930,3.024085,positive,,false
real_can_latency_20260710,389,before,false,enter_extended_session,1003,500300321388,2004265549134,2004268546958,2.997824,positive,,false
real_can_latency_20260710,389,before,false,request_security_seed,2701,67011385,2004294828541,2004297869737,3.041196,positive,,false
real_can_latency_20260710,389,before,false,send_security_key,2702B6DF,6702,2004324153624,2004327216611,3.062987,positive,,false
real_can_latency_20260710,389,before,false,read_target_before,221234,6212340184,2004353427513,2004356445242,3.017729,positive,,false
real_can_latency_20260710,389,before,false,write_target,2E12340185,6E1234,2004382668856,2004385758453,3.089597,positive,,false
real_can_latency_20260710,389,before,false,read_target_after,221234,6212340185,2004411997990,2004415042329,3.044339,positive,,false
real_can_latency_20260710,390,before,false,session_reset,1001,500100321388,2004441680664,2004444388924,2.708260,positive,,false
real_can_latency_20260710,390,before,false,enter_extended_session,1003,500300321388,2004470657864,2004473686908,3.029044,positive,,false
real_can_latency_20260710,390,before,false,request_security_seed,2701,67011386,2004499892712,2004502967991,3.075279,positive,,false
real_can_latency_20260710,390,before,false,send_security_key,2702B6DC,6702,2004529234068,2004532224210,2.990142,positive,,false
real_can_latency_20260710,390,before,false,read_target_before,221234,6212340185,2004558470871,2004561551040,3.080169,positive,,false
real_can_latency_20260710,390,before,false,write_target,2E12340186,6E1234,2004587808736,2004590832122,3.023386,positive,,false
real_can_latency_20260710,390,before,false,read_target_after,221234,6212340186,2004617065933,2004620193593,3.127660,positive,,false
real_can_latency_20260710,391,before,false,session_reset,1001,500100321388,2004646653831,2004649390168,2.736337,positive,,false
real_can_latency_20260710,391,before,false,enter_extended_session,1003,500300321388,2004675605400,2004678744864,3.139464,positive,,false
real_can_latency_20260710,391,before,false,request_security_seed,2701,67011387,2004705183660,2004708057375,2.873715,positive,,false
real_can_latency_20260710,391,before,false,send_security_key,2702B6DD,6702,2004734297332,2004737380992,3.083660,positive,,false
real_can_latency_20260710,391,before,false,read_target_before,221234,6212340186,2004763581069,2004766609624,3.028555,positive,,false
real_can_latency_20260710,391,before,false,write_target,2E12340187,6E1234,2004792817173,2004795891684,3.074511,positive,,false
real_can_latency_20260710,391,before,false,read_target_after,221234,6212340187,2004822122491,2004825214393,3.091902,positive,,false
real_can_latency_20260710,392,before,false,session_reset,1001,500100321388,2004851603532,2004854507070,2.903538,positive,,false
real_can_latency_20260710,392,before,false,enter_extended_session,1003,500300321388,2004880719718,2004883803518,3.083800,positive,,false
real_can_latency_20260710,392,before,false,request_security_seed,2701,67011388,2004910058001,2004913117007,3.059006,positive,,false
real_can_latency_20260710,392,before,false,send_security_key,2702B6D2,6702,2004939343414,2004942382236,3.038822,positive,,false
real_can_latency_20260710,392,before,false,read_target_before,221234,6212340187,2004968625684,2004971771923,3.146239,positive,,false
real_can_latency_20260710,392,before,false,write_target,2E12340188,6E1234,2004998041423,2005001045253,3.003830,positive,,false
real_can_latency_20260710,392,before,false,read_target_after,221234,6212340188,2005027261464,2005030319631,3.058167,positive,,false
real_can_latency_20260710,393,before,false,session_reset,1001,500100321388,2005056648986,2005059580809,2.931823,positive,,false
real_can_latency_20260710,393,before,false,enter_extended_session,1003,500300321388,2005085833198,2005088877746,3.044548,positive,,false
real_can_latency_20260710,393,before,false,request_security_seed,2701,67011389,2005115167919,2005118201293,3.033374,positive,,false
real_can_latency_20260710,393,before,false,send_security_key,2702B6D3,6702,2005144474704,2005147505703,3.030999,positive,,false
real_can_latency_20260710,393,before,false,read_target_before,221234,6212340188,2005173710878,2005176763948,3.053070,positive,,false
real_can_latency_20260710,393,before,false,write_target,2E12340189,6E1234,2005202982183,2005206071012,3.088829,positive,,false
real_can_latency_20260710,393,before,false,read_target_after,221234,6212340189,2005232295673,2005235386457,3.090784,positive,,false
real_can_latency_20260710,394,before,false,session_reset,1001,500100321388,2005261741443,2005264674803,2.933360,positive,,false
real_can_latency_20260710,394,before,false,enter_extended_session,1003,500300321388,2005290895484,2005294091170,3.195686,positive,,false
real_can_latency_20260710,394,before,false,request_security_seed,2701,6701138A,2005320287545,2005323246188,2.958643,positive,,false
real_can_latency_20260710,394,before,false,send_security_key,2702B6D0,6702,2005349480348,2005352552694,3.072346,positive,,false
real_can_latency_20260710,394,before,false,read_target_before,221234,6212340189,2005378798168,2005381869396,3.071228,positive,,false
real_can_latency_20260710,394,before,false,write_target,2E1234018A,6E1234,2005408130305,2005411313979,3.183674,positive,,false
real_can_latency_20260710,394,before,false,read_target_after,221234,621234018A,2005437537103,2005440465156,2.928053,positive,,false
real_can_latency_20260710,395,before,false,session_reset,1001,500100321388,2005466796046,2005469725216,2.929170,positive,,false
real_can_latency_20260710,395,before,false,enter_extended_session,1003,500300321388,2005495938982,2005499078585,3.139603,positive,,false
real_can_latency_20260710,395,before,false,request_security_seed,2701,6701138B,2005525287742,2005528364697,3.076955,positive,,false
real_can_latency_20260710,395,before,false,send_security_key,2702B6D1,6702,2005554597250,2005557633557,3.036307,positive,,false
real_can_latency_20260710,395,before,false,read_target_before,221234,621234018A,2005583847323,2005586873992,3.026669,positive,,false
real_can_latency_20260710,395,before,false,write_target,2E1234018B,6E1234,2005613152222,2005616224847,3.072625,positive,,false
real_can_latency_20260710,395,before,false,read_target_after,221234,621234018B,2005642468156,2005645530794,3.062638,positive,,false
real_can_latency_20260710,396,before,false,session_reset,1001,500100321388,2005671898631,2005674821096,2.922465,positive,,false
real_can_latency_20260710,396,before,false,enter_extended_session,1003,500300321388,2005701042405,2005704030521,2.988116,positive,,false
real_can_latency_20260710,396,before,false,request_security_seed,2701,6701138C,2005730232763,2005732442840,2.210077,positive,,false
real_can_latency_20260710,396,before,false,send_security_key,2702B6D6,6702,2005758680632,2005761755143,3.074511,positive,,false
real_can_latency_20260710,396,before,false,read_target_before,221234,621234018B,2005788025829,2005791052429,3.026600,positive,,false
real_can_latency_20260710,396,before,false,write_target,2E1234018C,6E1234,2005817334570,2005820364033,3.029463,positive,,false
real_can_latency_20260710,396,before,false,read_target_after,221234,621234018C,2005846573259,2005849833409,3.260150,positive,,false
real_can_latency_20260710,397,before,false,session_reset,1001,500100321388,2005876257469,2005878915303,2.657834,positive,,false
real_can_latency_20260710,397,before,false,enter_extended_session,1003,500300321388,2005905164758,2005908240596,3.075838,positive,,false
real_can_latency_20260710,397,before,false,request_security_seed,2701,6701138D,2005934482089,2005937563025,3.080936,positive,,false
real_can_latency_20260710,397,before,false,send_security_key,2702B6D7,6702,2005963831337,2005966869950,3.038613,positive,,false
real_can_latency_20260710,397,before,false,read_target_before,221234,621234018C,2005993044743,2005996131896,3.087153,positive,,false
real_can_latency_20260710,397,before,false,write_target,2E1234018D,6E1234,2006022346150,2006025462846,3.116696,positive,,false
real_can_latency_20260710,397,before,false,read_target_after,221234,621234018D,2006051685831,2006054778710,3.092879,positive,,false
real_can_latency_20260710,398,before,false,session_reset,1001,500100321388,2006081167639,2006084084657,2.917018,positive,,false
real_can_latency_20260710,398,before,false,enter_extended_session,1003,500300321388,2006110327546,2006113555221,3.227675,positive,,false
real_can_latency_20260710,398,before,false,request_security_seed,2701,6701138E,2006139771012,2006142574187,2.803175,positive,,false
real_can_latency_20260710,398,before,false,send_security_key,2702B6D4,6702,2006168828670,2006171940197,3.111527,positive,,false
real_can_latency_20260710,398,before,false,read_target_before,221234,621234018D,2006198368029,2006201206474,2.838445,positive,,false
real_can_latency_20260710,398,before,false,write_target,2E1234018E,6E1234,2006227472272,2006230674174,3.201902,positive,,false
real_can_latency_20260710,398,before,false,read_target_after,221234,621234018E,2006256917483,2006259828843,2.911360,positive,,false
real_can_latency_20260710,399,before,false,session_reset,1001,500100321388,2006286204293,2006289097704,2.893411,positive,,false
real_can_latency_20260710,399,before,false,enter_extended_session,1003,500300321388,2006315340035,2006318401066,3.061031,positive,,false
real_can_latency_20260710,399,before,false,request_security_seed,2701,6701138F,2006344604496,2006347806887,3.202391,positive,,false
real_can_latency_20260710,399,before,false,send_security_key,2702B6D5,6702,2006374060323,2006377068973,3.008650,positive,,false
real_can_latency_20260710,399,before,false,read_target_before,221234,621234018E,2006403321291,2006406262334,2.941043,positive,,false
real_can_latency_20260710,399,before,false,write_target,2E1234018F,6E1234,2006432482106,2006435569119,3.087013,positive,,false
real_can_latency_20260710,399,before,false,read_target_after,221234,621234018F,2006461788682,2006464884285,3.095603,positive,,false
real_can_latency_20260710,400,before,false,session_reset,1001,500100321388,2006491281665,2006494213978,2.932313,positive,,false
real_can_latency_20260710,400,before,false,enter_extended_session,1003,500300321388,2006520460220,2006523508400,3.048180,positive,,false
real_can_latency_20260710,400,before,false,request_security_seed,2701,67011390,2006549712109,2006552797096,3.084987,positive,,false
real_can_latency_20260710,400,before,false,send_security_key,2702B6CA,6702,2006579070088,2006582092357,3.022269,positive,,false
real_can_latency_20260710,400,before,false,read_target_before,221234,621234018F,2006608320720,2006611368621,3.047901,positive,,false
real_can_latency_20260710,400,before,false,write_target,2E12340190,6E1234,2006637629949,2006640903439,3.273490,positive,,false
real_can_latency_20260710,400,before,false,read_target_after,221234,6212340190,2006667154850,2006669981771,2.826921,positive,,false
real_can_latency_20260710,401,before,false,session_reset,1001,500100321388,2006696435444,2006699269210,2.833766,positive,,false
real_can_latency_20260710,401,before,false,enter_extended_session,1003,500300321388,2006725498760,2006728580813,3.082053,positive,,false
real_can_latency_20260710,401,before,false,request_security_seed,2701,67011391,2006754811271,2006757896817,3.085546,positive,,false
real_can_latency_20260710,401,before,false,send_security_key,2702B6CB,6702,2006784181542,2006787267438,3.085896,positive,,false
real_can_latency_20260710,401,before,false,read_target_before,221234,6212340190,2006813460041,2006816446831,2.986790,positive,,false
real_can_latency_20260710,401,before,false,write_target,2E12340191,6E1234,2006842671981,2006845734758,3.062777,positive,,false
real_can_latency_20260710,401,before,false,read_target_after,221234,6212340191,2006872158189,2006875058794,2.900605,positive,,false
real_can_latency_20260710,402,before,false,session_reset,1001,500100321388,2006901400021,2006904342181,2.942160,positive,,false
real_can_latency_20260710,402,before,false,enter_extended_session,1003,500300321388,2006930571173,2006933663423,3.092250,positive,,false
real_can_latency_20260710,402,before,false,request_security_seed,2701,67011392,2006959876072,2006962950862,3.074790,positive,,false
real_can_latency_20260710,402,before,false,send_security_key,2702B6C8,6702,2006989264152,2006992227335,2.963183,positive,,false
real_can_latency_20260710,402,before,false,read_target_before,221234,6212340191,2007018460727,2007021524482,3.063755,positive,,false
real_can_latency_20260710,402,before,false,write_target,2E12340192,6E1234,2007047778197,2007050843140,3.064943,positive,,false
real_can_latency_20260710,402,before,false,read_target_after,221234,6212340192,2007077055090,2007080094680,3.039590,positive,,false
real_can_latency_20260710,403,before,false,session_reset,1001,500100321388,2007106452529,2007109453636,3.001107,positive,,false
real_can_latency_20260710,403,before,false,enter_extended_session,1003,500300321388,2007136035050,2007138793316,2.758266,positive,,false
real_can_latency_20260710,403,before,false,request_security_seed,2701,67011393,2007165043121,2007168070139,3.027018,positive,,false
real_can_latency_20260710,403,before,false,send_security_key,2702B6C9,6702,2007194333213,2007197432588,3.099375,positive,,false
real_can_latency_20260710,403,before,false,read_target_before,221234,6212340192,2007223674360,2007226573847,2.899487,positive,,false
real_can_latency_20260710,403,before,false,write_target,2E12340193,6E1234,2007253038485,2007255913248,2.874763,positive,,false
real_can_latency_20260710,403,before,false,read_target_after,221234,6212340193,2007282174297,2007285267456,3.093159,positive,,false
real_can_latency_20260710,404,before,false,session_reset,1001,500100321388,2007311679433,2007314553218,2.873785,positive,,false
real_can_latency_20260710,404,before,false,enter_extended_session,1003,500300321388,2007340804628,2007343795678,2.991050,positive,,false
real_can_latency_20260710,404,before,false,request_security_seed,2701,67011394,2007370048555,2007373092196,3.043641,positive,,false
real_can_latency_20260710,404,before,false,send_security_key,2702B6CE,6702,2007399331524,2007402447731,3.116207,positive,,false
real_can_latency_20260710,404,before,false,read_target_before,221234,6212340193,2007428682379,2007431919622,3.237243,positive,,false
real_can_latency_20260710,404,before,false,write_target,2E12340194,6E1234,2007458159089,2007461085675,2.926586,positive,,false
real_can_latency_20260710,404,before,false,read_target_after,221234,6212340194,2007487332825,2007490298383,2.965558,positive,,false
real_can_latency_20260710,405,before,false,session_reset,1001,500100321388,2007516917860,2007519628983,2.711123,positive,,false
real_can_latency_20260710,405,before,false,enter_extended_session,1003,500300321388,2007545849873,2007548935279,3.085406,positive,,false
real_can_latency_20260710,405,before,false,request_security_seed,2701,67011395,2007575185153,2007578223137,3.037984,positive,,false
real_can_latency_20260710,405,before,false,send_security_key,2702B6CF,6702,2007604489354,2007607430467,2.941113,positive,,false
real_can_latency_20260710,405,before,false,read_target_before,221234,6212340194,2007633640810,2007636747798,3.106988,positive,,false
real_can_latency_20260710,405,before,false,write_target,2E12340195,6E1234,2007662990129,2007666126170,3.136041,positive,,false
real_can_latency_20260710,405,before,false,read_target_after,221234,6212340195,2007692326526,2007695378199,3.051673,positive,,false
real_can_latency_20260710,406,before,false,session_reset,1001,500100321388,2007721740239,2007724802528,3.062289,positive,,false
real_can_latency_20260710,406,before,false,enter_extended_session,1003,500300321388,2007751034103,2007753915082,2.880979,positive,,false
real_can_latency_20260710,406,before,false,request_security_seed,2701,67011396,2007780128080,2007783295620,3.167540,positive,,false
real_can_latency_20260710,406,before,false,send_security_key,2702B6CC,6702,2007809734975,2007812614836,2.879861,positive,,false
real_can_latency_20260710,406,before,false,read_target_before,221234,6212340195,2007838855422,2007841918618,3.063196,positive,,false
real_can_latency_20260710,406,before,false,write_target,2E12340196,6E1234,2007868149984,2007871187269,3.037285,positive,,false
real_can_latency_20260710,406,before,false,read_target_after,221234,6212340196,2007897434908,2007900418555,2.983647,positive,,false
real_can_latency_20260710,407,before,false,session_reset,1001,500100321388,2007926765928,2007929779467,3.013539,positive,,false
real_can_latency_20260710,407,before,false,enter_extended_session,1003,500300321388,2007956057348,2007959102804,3.045456,positive,,false
real_can_latency_20260710,407,before,false,request_security_seed,2701,67011397,2007985315453,2007988691541,3.376088,positive,,false
real_can_latency_20260710,407,before,false,send_security_key,2702B6CD,6702,2008014913757,2008017657986,2.744229,positive,,false
real_can_latency_20260710,407,before,false,read_target_before,221234,6212340196,2008043879574,2008046923634,3.044060,positive,,false
real_can_latency_20260710,407,before,false,write_target,2E12340197,6E1234,2008073169387,2008076268273,3.098886,positive,,false
real_can_latency_20260710,407,before,false,read_target_after,221234,6212340197,2008102489721,2008105663897,3.174176,positive,,false
real_can_latency_20260710,408,before,false,session_reset,1001,500100321388,2008132045004,2008135121680,3.076676,positive,,false
real_can_latency_20260710,408,before,false,enter_extended_session,1003,500300321388,2008161345223,2008164150913,2.805690,positive,,false
real_can_latency_20260710,408,before,false,request_security_seed,2701,67011398,2008190396177,2008193399519,3.003342,positive,,false
real_can_latency_20260710,408,before,false,send_security_key,2702B6C2,6702,2008219664199,2008222835092,3.170893,positive,,false
real_can_latency_20260710,408,before,false,read_target_before,221234,6212340197,2008249082801,2008251998422,2.915621,positive,,false
real_can_latency_20260710,408,before,false,write_target,2E12340198,6E1234,2008278226365,2008281303530,3.077165,positive,,false
real_can_latency_20260710,408,before,false,read_target_after,221234,6212340198,2008307561646,2008310579305,3.017659,positive,,false
real_can_latency_20260710,409,before,false,session_reset,1001,500100321388,2008336986812,2008339911862,2.925050,positive,,false
real_can_latency_20260710,409,before,false,enter_extended_session,1003,500300321388,2008366168161,2008369453036,3.284875,positive,,false
real_can_latency_20260710,409,before,false,request_security_seed,2701,67011399,2008395728263,2008398514815,2.786552,positive,,false
real_can_latency_20260710,409,before,false,send_security_key,2702B6C3,6702,2008424764410,2008427793035,3.028625,positive,,false
real_can_latency_20260710,409,before,false,read_target_before,221234,6212340198,2008454026705,2008457071254,3.044549,positive,,false
real_can_latency_20260710,409,before,false,write_target,2E12340199,6E1234,2008483279223,2008486415823,3.136600,positive,,false
real_can_latency_20260710,409,before,false,read_target_after,221234,6212340199,2008512632173,2008515707732,3.075559,positive,,false
real_can_latency_20260710,410,before,false,session_reset,1001,500100321388,2008542043511,2008544975335,2.931824,positive,,false
real_can_latency_20260710,410,before,false,enter_extended_session,1003,500300321388,2008571179463,2008574273180,3.093717,positive,,false
real_can_latency_20260710,410,before,false,request_security_seed,2701,6701139A,2008600485409,2008603607133,3.121724,positive,,false
real_can_latency_20260710,410,before,false,send_security_key,2702B6C0,6702,2008629847788,2008632926699,3.078911,positive,,false
real_can_latency_20260710,410,before,false,read_target_before,221234,6212340199,2008659197666,2008662237325,3.039659,positive,,false
real_can_latency_20260710,410,before,false,write_target,2E1234019A,6E1234,2008688468901,2008691512123,3.043222,positive,,false
real_can_latency_20260710,410,before,false,read_target_after,221234,621234019A,2008717716739,2008720783218,3.066479,positive,,false
real_can_latency_20260710,411,before,false,session_reset,1001,500100321388,2008747206370,2008750103133,2.896763,positive,,false
real_can_latency_20260710,411,before,false,enter_extended_session,1003,500300321388,2008776358385,2008779402934,3.044549,positive,,false
real_can_latency_20260710,411,before,false,request_security_seed,2701,6701139B,2008805610763,2008808657686,3.046923,positive,,false
real_can_latency_20260710,411,before,false,send_security_key,2702B6C1,6702,2008834888563,2008837933531,3.044968,positive,,false
real_can_latency_20260710,411,before,false,read_target_before,221234,621234019A,2008864155538,2008867238779,3.083241,positive,,false
real_can_latency_20260710,411,before,false,write_target,2E1234019B,6E1234,2008893482856,2008896607584,3.124728,positive,,false
real_can_latency_20260710,411,before,false,read_target_after,221234,621234019B,2008922866537,2008926080173,3.213636,positive,,false
real_can_latency_20260710,412,before,false,session_reset,1001,500100321388,2008952442912,2008955142581,2.699669,positive,,false
real_can_latency_20260710,412,before,false,enter_extended_session,1003,500300321388,2008981385541,2008984453486,3.067945,positive,,false
real_can_latency_20260710,412,before,false,request_security_seed,2701,6701139C,2009010710415,2009013816424,3.106009,positive,,false
real_can_latency_20260710,412,before,false,send_security_key,2702B6C6,6702,2009040047301,2009043067475,3.020174,positive,,false
real_can_latency_20260710,412,before,false,read_target_before,221234,621234019B,2009069307432,2009072335777,3.028345,positive,,false
real_can_latency_20260710,412,before,false,write_target,2E1234019C,6E1234,2009098780789,2009101704442,2.923653,positive,,false
real_can_latency_20260710,412,before,false,read_target_after,221234,621234019C,2009127977643,2009130933213,2.955570,positive,,false
real_can_latency_20260710,413,before,false,session_reset,1001,500100321388,2009157287850,2009160270868,2.983018,positive,,false
real_can_latency_20260710,413,before,false,enter_extended_session,1003,500300321388,2009186520183,2009189714962,3.194779,positive,,false
real_can_latency_20260710,413,before,false,request_security_seed,2701,6701139D,2009215979852,2009218845815,2.865963,positive,,false
real_can_latency_20260710,413,before,false,send_security_key,2702B6C7,6702,2009245042120,2009248181514,3.139394,positive,,false
real_can_latency_20260710,413,before,false,read_target_before,221234,621234019C,2009274415185,2009277447791,3.032606,positive,,false
real_can_latency_20260710,413,before,false,write_target,2E1234019D,6E1234,2009303658693,2009307042115,3.383422,positive,,false
real_can_latency_20260710,413,before,false,read_target_after,221234,621234019D,2009333291290,2009336035938,2.744648,positive,,false
real_can_latency_20260710,414,before,false,session_reset,1001,500100321388,2009362382194,2009365338881,2.956687,positive,,false
real_can_latency_20260710,414,before,false,enter_extended_session,1003,500300321388,2009391551669,2009394634841,3.083172,positive,,false
real_can_latency_20260710,414,before,false,request_security_seed,2701,6701139E,2009420834219,2009423912362,3.078143,positive,,false
real_can_latency_20260710,414,before,false,send_security_key,2702B6C4,6702,2009450147988,2009453266709,3.118721,positive,,false
real_can_latency_20260710,414,before,false,read_target_before,221234,621234019D,2009479487179,2009482505537,3.018358,positive,,false
real_can_latency_20260710,414,before,false,write_target,2E1234019E,6E1234,2009508727056,2009511804081,3.077025,positive,,false
real_can_latency_20260710,414,before,false,read_target_after,221234,621234019E,2009538051790,2009541093685,3.041895,positive,,false
real_can_latency_20260710,415,before,false,session_reset,1001,500100321388,2009567417451,2009570407663,2.990212,positive,,false
real_can_latency_20260710,415,before,false,enter_extended_session,1003,500300321388,2009596625480,2009599733934,3.108454,positive,,false
real_can_latency_20260710,415,before,false,request_security_seed,2701,6701139F,2009625932404,2009629027449,3.095045,positive,,false
real_can_latency_20260710,415,before,false,send_security_key,2702B6C5,6702,2009655305678,2009658286392,2.980714,positive,,false
real_can_latency_20260710,415,before,false,read_target_before,221234,621234019E,2009684535637,2009687654777,3.119140,positive,,false
real_can_latency_20260710,415,before,false,write_target,2E1234019F,6E1234,2009713864422,2009716910507,3.046085,positive,,false
real_can_latency_20260710,415,before,false,read_target_after,221234,621234019F,2009743162197,2009746301731,3.139534,positive,,false
real_can_latency_20260710,416,before,false,session_reset,1001,500100321388,2009772668590,2009775490972,2.822382,positive,,false
real_can_latency_20260710,416,before,false,enter_extended_session,1003,500300321388,2009801673309,2009804689292,3.015983,positive,,false
real_can_latency_20260710,416,before,false,request_security_seed,2701,670113A0,2009830926176,2009834088059,3.161883,positive,,false
real_can_latency_20260710,416,before,false,send_security_key,2702B6FA,6702,2009860317818,2009863622877,3.305059,positive,,false
real_can_latency_20260710,416,before,false,read_target_before,221234,621234019F,2009889842719,2009892675158,2.832439,positive,,false
real_can_latency_20260710,416,before,false,write_target,2E123401A0,6E1234,2009918917000,2009922049201,3.132201,positive,,false
real_can_latency_20260710,416,before,false,read_target_after,221234,62123401A0,2009948252001,2009951279858,3.027857,positive,,false
real_can_latency_20260710,417,before,false,session_reset,1001,500100321388,2009977585605,2009980567576,2.981971,positive,,false
real_can_latency_20260710,417,before,false,enter_extended_session,1003,500300321388,2010006775265,2010010067823,3.292558,positive,,false
real_can_latency_20260710,417,before,false,request_security_seed,2701,670113A1,2010036256725,2010039190085,2.933360,positive,,false
real_can_latency_20260710,417,before,false,send_security_key,2702B6FB,6702,2010065404200,2010068472146,3.067946,positive,,false
real_can_latency_20260710,417,before,false,read_target_before,221234,62123401A0,2010094711474,2010098080857,3.369383,positive,,false
real_can_latency_20260710,417,before,false,write_target,2E123401A1,6E1234,2010124324096,2010127074471,2.750375,positive,,false
real_can_latency_20260710,417,before,false,read_target_after,221234,62123401A1,2010153280065,2010156348500,3.068435,positive,,false
real_can_latency_20260710,418,before,false,session_reset,1001,500100321388,2010182712775,2010185685387,2.972612,positive,,false
real_can_latency_20260710,418,before,false,enter_extended_session,1003,500300321388,2010211930511,2010214970730,3.040219,positive,,false
real_can_latency_20260710,418,before,false,request_security_seed,2701,670113A2,2010241210896,2010244242245,3.031349,positive,,false
real_can_latency_20260710,418,before,false,send_security_key,2702B6F8,6702,2010270489185,2010273783908,3.294723,positive,,false
real_can_latency_20260710,418,before,false,read_target_before,221234,62123401A1,2010300039718,2010302839401,2.799683,positive,,false
real_can_latency_20260710,418,before,false,write_target,2E123401A2,6E1234,2010329064551,2010332147443,3.082892,positive,,false
real_can_latency_20260710,418,before,false,read_target_after,221234,62123401A2,2010358356949,2010361436069,3.079120,positive,,false
real_can_latency_20260710,419,before,false,session_reset,1001,500100321388,2010387799646,2010390789718,2.990072,positive,,false
real_can_latency_20260710,419,before,false,enter_extended_session,1003,500300321388,2010416993426,2010419991600,2.998174,positive,,false
real_can_latency_20260710,419,before,false,request_security_seed,2701,670113A3,2010446420060,2010449353560,2.933500,positive,,false
real_can_latency_20260710,419,before,false,send_security_key,2702B6F9,6702,2010475597358,2010478620675,3.023317,positive,,false
real_can_latency_20260710,419,before,false,read_target_before,221234,62123401A2,2010504854206,2010507900850,3.046644,positive,,false
real_can_latency_20260710,419,before,false,write_target,2E123401A3,6E1234,2010534140038,2010537215317,3.075279,positive,,false
real_can_latency_20260710,419,before,false,read_target_after,221234,62123401A3,2010563422029,2010566506667,3.084638,positive,,false
real_can_latency_20260710,420,before,false,session_reset,1001,500100321388,2010592861164,2010595794105,2.932941,positive,,false
real_can_latency_20260710,420,before,false,enter_extended_session,1003,500300321388,2010622068424,2010625117443,3.049019,positive,,false
real_can_latency_20260710,420,before,false,request_security_seed,2701,670113A4,2010651355234,2010654445879,3.090645,positive,,false
real_can_latency_20260710,420,before,false,send_security_key,2702B6FE,6702,2010680712445,2010683705660,2.993215,positive,,false
real_can_latency_20260710,420,before,false,read_target_before,221234,62123401A3,2010709931089,2010712944838,3.013749,positive,,false
real_can_latency_20260710,420,before,false,write_target,2E123401A4,6E1234,2010739206096,2010742292689,3.086593,positive,,false
real_can_latency_20260710,420,before,false,read_target_after,221234,62123401A4,2010768528805,2010771575658,3.046853,positive,,false
real_can_latency_20260710,421,before,false,session_reset,1001,500100321388,2010797940143,2010800927421,2.987278,positive,,false
real_can_latency_20260710,421,before,false,enter_extended_session,1003,500300321388,2010827169892,2010830209552,3.039660,positive,,false
real_can_latency_20260710,421,before,false,request_security_seed,2701,670113A5,2010856627046,2010859471079,2.844033,positive,,false
real_can_latency_20260710,421,before,false,send_security_key,2702B6FF,6702,2010885719626,2010888794626,3.075000,positive,,false
real_can_latency_20260710,421,before,false,read_target_before,221234,62123401A4,2010915073275,2010918297108,3.223833,positive,,false
real_can_latency_20260710,421,before,false,write_target,2E123401A5,6E1234,2010944538182,2010947369852,2.831670,positive,,false
real_can_latency_20260710,421,before,false,read_target_after,221234,62123401A5,2010973583059,2010976666719,3.083660,positive,,false
real_can_latency_20260710,422,before,false,session_reset,1001,500100321388,2011002996632,2011005966799,2.970167,positive,,false
real_can_latency_20260710,422,before,false,enter_extended_session,1003,500300321388,2011032196000,2011035816535,3.620535,positive,,false
real_can_latency_20260710,422,before,false,request_security_seed,2701,670113A6,2011062057400,2011064567937,2.510537,positive,,false
real_can_latency_20260710,422,before,false,send_security_key,2702B6FC,6702,2011090818719,2011093881008,3.062289,positive,,false
real_can_latency_20260710,422,before,false,read_target_before,221234,62123401A5,2011120138425,2011123215380,3.076955,positive,,false
real_can_latency_20260710,422,before,false,write_target,2E123401A6,6E1234,2011149452683,2011152482914,3.030231,positive,,false
real_can_latency_20260710,422,before,false,read_target_after,221234,62123401A6,2011178715677,2011181826994,3.111317,positive,,false
real_can_latency_20260710,423,before,false,session_reset,1001,500100321388,2011208216762,2011211068058,2.851296,positive,,false
real_can_latency_20260710,423,before,false,enter_extended_session,1003,500300321388,2011237295443,2011240350049,3.054606,positive,,false
real_can_latency_20260710,423,before,false,request_security_seed,2701,670113A7,2011266565840,2011269659976,3.094136,positive,,false
real_can_latency_20260710,423,before,false,send_security_key,2702B6FD,6702,2011295898955,2011299198287,3.299332,positive,,false
real_can_latency_20260710,423,before,false,read_target_before,221234,62123401A6,2011325434333,2011328254200,2.819867,positive,,false
real_can_latency_20260710,423,before,false,write_target,2E123401A7,6E1234,2011354493528,2011357563848,3.070320,positive,,false
real_can_latency_20260710,423,before,false,read_target_after,221234,62123401A7,2011383979178,2011386878036,2.898858,positive,,false
real_can_latency_20260710,424,before,false,session_reset,1001,500100321388,2011413273461,2011416167151,2.893690,positive,,false
real_can_latency_20260710,424,before,false,enter_extended_session,1003,500300321388,2011442412695,2011445460387,3.047692,positive,,false
real_can_latency_20260710,424,before,false,request_security_seed,2701,670113A8,2011471700064,2011474888557,3.188493,positive,,false
real_can_latency_20260710,424,before,false,send_security_key,2702B6F2,6702,2011501161060,2011504053283,2.892223,positive,,false
real_can_latency_20260710,424,before,false,read_target_before,221234,62123401A7,2011530244839,2011533302169,3.057330,positive,,false
real_can_latency_20260710,424,before,false,write_target,2E123401A8,6E1234,2011559678527,2011562611817,2.933290,positive,,false
real_can_latency_20260710,424,before,false,read_target_after,221234,62123401A8,2011588829005,2011591952196,3.123191,positive,,false
real_can_latency_20260710,425,before,false,session_reset,1001,500100321388,2011618278966,2011621180479,2.901513,positive,,false
real_can_latency_20260710,425,before,false,enter_extended_session,1003,500300321388,2011647694215,2011650547816,2.853601,positive,,false
real_can_latency_20260710,425,before,false,request_security_seed,2701,670113A9,2011676779671,2011679807947,3.028276,positive,,false
real_can_latency_20260710,425,before,false,send_security_key,2702B6F3,6702,2011706038335,2011709116967,3.078632,positive,,false
real_can_latency_20260710,425,before,false,read_target_before,221234,62123401A8,2011735362720,2011738382614,3.019894,positive,,false
real_can_latency_20260710,425,before,false,write_target,2E123401A9,6E1234,2011764606018,2011767700015,3.093997,positive,,false
real_can_latency_20260710,425,before,false,read_target_after,221234,62123401A9,2011793913292,2011796969714,3.056422,positive,,false
real_can_latency_20260710,426,before,false,session_reset,1001,500100321388,2011823327983,2011826294867,2.966884,positive,,false
real_can_latency_20260710,426,before,false,enter_extended_session,1003,500300321388,2011852486074,2011855521613,3.035539,positive,,false
real_can_latency_20260710,426,before,false,request_security_seed,2701,670113AA,2011881709468,2011884178310,2.468842,positive,,false
real_can_latency_20260710,426,before,false,send_security_key,2702B6F0,6702,2011910383485,2011913212362,2.828877,positive,,false
real_can_latency_20260710,426,before,false,read_target_before,221234,62123401A9,2011939621615,2011942504061,2.882446,positive,,false
real_can_latency_20260710,426,before,false,write_target,2E123401AA,6E1234,2011968951098,2011971832915,2.881817,positive,,false
real_can_latency_20260710,426,before,false,read_target_after,221234,62123401AA,2011998071405,2012001096748,3.025343,positive,,false
real_can_latency_20260710,427,before,false,session_reset,1001,500100321388,2012027453689,2012030443622,2.989933,positive,,false
real_can_latency_20260710,427,before,false,enter_extended_session,1003,500300321388,2012056673730,2012059694463,3.020733,positive,,false
real_can_latency_20260710,427,before,false,request_security_seed,2701,670113AB,2012085926039,2012088963184,3.037145,positive,,false
real_can_latency_20260710,427,before,false,send_security_key,2702B6F1,6702,2012115240017,2012118292388,3.052371,positive,,false
real_can_latency_20260710,427,before,false,read_target_before,221234,62123401AA,2012144523614,2012147622151,3.098537,positive,,false
real_can_latency_20260710,427,before,false,write_target,2E123401AB,6E1234,2012173865111,2012176894434,3.029323,positive,,false
real_can_latency_20260710,427,before,false,read_target_after,221234,62123401AB,2012203234614,2012206204641,2.970027,positive,,false
real_can_latency_20260710,428,before,false,session_reset,1001,500100321388,2012232738492,2012235474130,2.735638,positive,,false
real_can_latency_20260710,428,before,false,enter_extended_session,1003,500300321388,2012261673998,2012264815347,3.141349,positive,,false
real_can_latency_20260710,428,before,false,request_security_seed,2701,670113AC,2012291070180,2012294295829,3.225649,positive,,false
real_can_latency_20260710,428,before,false,send_security_key,2702B6F6,6702,2012320536973,2012323363545,2.826572,positive,,false
real_can_latency_20260710,428,before,false,read_target_before,221234,62123401AB,2012349604409,2012352658317,3.053908,positive,,false
real_can_latency_20260710,428,before,false,write_target,2E123401AC,6E1234,2012379274791,2012381974181,2.699390,positive,,false
real_can_latency_20260710,428,before,false,read_target_after,221234,62123401AC,2012408206246,2012411242762,3.036516,positive,,false
real_can_latency_20260710,429,before,false,session_reset,1001,500100321388,2012437578193,2012440559116,2.980923,positive,,false
real_can_latency_20260710,429,before,false,enter_extended_session,1003,500300321388,2012466794672,2012469891742,3.097070,positive,,false
real_can_latency_20260710,429,before,false,request_security_seed,2701,670113AD,2012496313776,2012499177574,2.863798,positive,,false
real_can_latency_20260710,429,before,false,send_security_key,2702B6F7,6702,2012525426680,2012528486524,3.059844,positive,,false
real_can_latency_20260710,429,before,false,read_target_before,221234,62123401AC,2012554723617,2012557827741,3.104124,positive,,false
real_can_latency_20260710,429,before,false,write_target,2E123401AD,6E1234,2012584304113,2012587133059,2.828946,positive,,false
real_can_latency_20260710,429,before,false,read_target_after,221234,62123401AD,2012613333834,2012616333196,2.999362,positive,,false
real_can_latency_20260710,430,before,false,session_reset,1001,500100321388,2012642691115,2012645650177,2.959062,positive,,false
real_can_latency_20260710,430,before,false,enter_extended_session,1003,500300321388,2012671869042,2012675048176,3.179134,positive,,false
real_can_latency_20260710,430,before,false,request_security_seed,2701,670113AE,2012701256564,2012704252363,2.995799,positive,,false
real_can_latency_20260710,430,before,false,send_security_key,2702B6F4,6702,2012730498116,2012733580240,3.082124,positive,,false
real_can_latency_20260710,430,before,false,read_target_before,221234,62123401AD,2012759808952,2012762825005,3.016053,positive,,false
real_can_latency_20260710,430,before,false,write_target,2E123401AE,6E1234,2012789037095,2012792142266,3.105171,positive,,false
real_can_latency_20260710,430,before,false,read_target_after,221234,62123401AE,2012818376356,2012821639789,3.263433,positive,,false
real_can_latency_20260710,431,before,false,session_reset,1001,500100321388,2012848064338,2012850756255,2.691917,positive,,false
real_can_latency_20260710,431,before,false,enter_extended_session,1003,500300321388,2012877051666,2012880037338,2.985672,positive,,false
real_can_latency_20260710,431,before,false,request_security_seed,2701,670113AF,2012906237834,2012909328059,3.090225,positive,,false
real_can_latency_20260710,431,before,false,send_security_key,2702B6F5,6702,2012935571438,2012938632679,3.061241,positive,,false
real_can_latency_20260710,431,before,false,read_target_before,221234,62123401AE,2012964906998,2012967957134,3.050136,positive,,false
real_can_latency_20260710,431,before,false,write_target,2E123401AF,6E1234,2012994204843,2012997191702,2.986859,positive,,false
real_can_latency_20260710,431,before,false,read_target_after,221234,62123401AF,2013023427817,2013026489338,3.061521,positive,,false
real_can_latency_20260710,432,before,false,session_reset,1001,500100321388,2013052823790,2013055812535,2.988745,positive,,false
real_can_latency_20260710,432,before,false,enter_extended_session,1003,500300321388,2013082032517,2013085470904,3.438387,positive,,false
real_can_latency_20260710,432,before,false,request_security_seed,2701,670113B0,2013111706531,2013114367647,2.661116,positive,,false
real_can_latency_20260710,432,before,false,send_security_key,2702B6EA,6702,2013140797434,2013143759919,2.962485,positive,,false
real_can_latency_20260710,432,before,false,read_target_before,221234,62123401AF,2013170024320,2013172991833,2.967513,positive,,false
real_can_latency_20260710,432,before,false,write_target,2E123401B0,6E1234,2013199233256,2013202281856,3.048600,positive,,false
real_can_latency_20260710,432,before,false,read_target_after,221234,62123401B0,2013228508682,2013231888193,3.379511,positive,,false
real_can_latency_20260710,433,before,false,session_reset,1001,500100321388,2013258308481,2013260876428,2.567947,positive,,false
real_can_latency_20260710,433,before,false,enter_extended_session,1003,500300321388,2013287152284,2013290175950,3.023666,positive,,false
real_can_latency_20260710,433,before,false,request_security_seed,2701,670113B1,2013316595330,2013319482595,2.887265,positive,,false
real_can_latency_20260710,433,before,false,send_security_key,2702B6EB,6702,2013345716755,2013349066722,3.349967,positive,,false
real_can_latency_20260710,433,before,false,read_target_before,221234,62123401B0,2013375313453,2013378060615,2.747162,positive,,false
real_can_latency_20260710,433,before,false,write_target,2E123401B1,6E1234,2013404482161,2013407414543,2.932382,positive,,false
real_can_latency_20260710,433,before,false,read_target_after,221234,62123401B1,2013433618531,2013436649670,3.031139,positive,,false
real_can_latency_20260710,434,before,false,session_reset,1001,500100321388,2013463989847,2013466994376,3.004529,positive,,false
real_can_latency_20260710,434,before,false,enter_extended_session,1003,500300321388,2013493231958,2013496286843,3.054885,positive,,false
real_can_latency_20260710,434,before,false,request_security_seed,2701,670113B2,2013522531060,2013525536427,3.005367,positive,,false
real_can_latency_20260710,434,before,false,send_security_key,2702B6E8,6702,2013551800968,2013554882114,3.081146,positive,,false
real_can_latency_20260710,434,before,false,read_target_before,221234,62123401B1,2013581163208,2013584166061,3.002853,positive,,false
real_can_latency_20260710,434,before,false,write_target,2E123401B2,6E1234,2013610391211,2013613671895,3.280684,positive,,false
real_can_latency_20260710,434,before,false,read_target_after,221234,62123401B2,2013639886639,2013642696030,2.809391,positive,,false
real_can_latency_20260710,435,before,false,session_reset,1001,500100321388,2013669047594,2013672042275,2.994681,positive,,false
real_can_latency_20260710,435,before,false,enter_extended_session,1003,500300321388,2013698291521,2013701361981,3.070460,positive,,false
real_can_latency_20260710,435,before,false,request_security_seed,2701,670113B3,2013727621633,2013730651655,3.030022,positive,,false
real_can_latency_20260710,435,before,false,send_security_key,2702B6E9,6702,2013756914729,2013759929734,3.015005,positive,,false
real_can_latency_20260710,435,before,false,read_target_before,221234,62123401B2,2013786351140,2013789231979,2.880839,positive,,false
real_can_latency_20260710,435,before,false,write_target,2E123401B3,6E1234,2013815484228,2013818543095,3.058867,positive,,false
real_can_latency_20260710,435,before,false,read_target_after,221234,62123401B3,2013844791083,2013847860845,3.069762,positive,,false
real_can_latency_20260710,436,before,false,session_reset,1001,500100321388,2013874282320,2013877162182,2.879862,positive,,false
real_can_latency_20260710,436,before,false,enter_extended_session,1003,500300321388,2013903402138,2013906327327,2.925189,positive,,false
real_can_latency_20260710,436,before,false,request_security_seed,2701,670113B4,2013932538998,2013935720437,3.181439,positive,,false
real_can_latency_20260710,436,before,false,send_security_key,2702B6EE,6702,2013962171665,2013965068917,2.897252,positive,,false
real_can_latency_20260710,436,before,false,read_target_before,221234,62123401B3,2013991283591,2013994363410,3.079819,positive,,false
real_can_latency_20260710,436,before,false,write_target,2E123401B4,6E1234,2014020605392,2014023575419,2.970027,positive,,false
real_can_latency_20260710,436,before,false,read_target_after,221234,62123401B4,2014049789953,2014052834013,3.044060,positive,,false
real_can_latency_20260710,437,before,false,session_reset,1001,500100321388,2014079210930,2014082206240,2.995310,positive,,false
real_can_latency_20260710,437,before,false,enter_extended_session,1003,500300321388,2014108614516,2014111496542,2.882026,positive,,false
real_can_latency_20260710,437,before,false,request_security_seed,2701,670113B5,2014137745927,2014140820229,3.074302,positive,,false
real_can_latency_20260710,437,before,false,send_security_key,2702B6EF,6702,2014167043214,2014170144125,3.100911,positive,,false
real_can_latency_20260710,437,before,false,read_target_before,221234,62123401B4,2014196358589,2014199389449,3.030860,positive,,false
real_can_latency_20260710,437,before,false,write_target,2E123401B5,6E1234,2014225842284,2014228738488,2.896204,positive,,false
real_can_latency_20260710,437,before,false,read_target_after,221234,62123401B5,2014254987524,2014258206678,3.219154,positive,,false
real_can_latency_20260710,438,before,false,session_reset,1001,500100321388,2014284602102,2014287309245,2.707143,positive,,false
real_can_latency_20260710,438,before,false,enter_extended_session,1003,500300321388,2014313563030,2014316599896,3.036866,positive,,false
real_can_latency_20260710,438,before,false,request_security_seed,2701,670113B6,2014343033035,2014345892084,2.859049,positive,,false
real_can_latency_20260710,438,before,false,send_security_key,2702B6EC,6702,2014372141120,2014375199079,3.057959,positive,,false
real_can_latency_20260710,438,before,false,read_target_before,221234,62123401B5,2014401453213,2014404478695,3.025482,positive,,false
real_can_latency_20260710,438,before,false,write_target,2E123401B6,6E1234,2014430697489,2014433894643,3.197154,positive,,false
real_can_latency_20260710,438,before,false,read_target_after,221234,62123401B6,2014460137533,2014463066842,2.929309,positive,,false
real_can_latency_20260710,439,before,false,session_reset,1001,500100321388,2014489419314,2014492369367,2.950053,positive,,false
real_can_latency_20260710,439,before,false,enter_extended_session,1003,500300321388,2014518585437,2014521684812,3.099375,positive,,false
real_can_latency_20260710,439,before,false,request_security_seed,2701,670113B7,2014547896552,2014550926225,3.029673,positive,,false
real_can_latency_20260710,439,before,false,send_security_key,2702B6ED,6702,2014577165902,2014580247676,3.081774,positive,,false
real_can_latency_20260710,439,before,false,read_target_before,221234,62123401B6,2014606467030,2014609543007,3.075977,positive,,false
real_can_latency_20260710,439,before,false,write_target,2E123401B7,6E1234,2014635912521,2014638864599,2.952078,positive,,false
real_can_latency_20260710,439,before,false,read_target_after,221234,62123401B7,2014665073545,2014668172850,3.099305,positive,,false
real_can_latency_20260710,440,before,false,session_reset,1001,500100321388,2014694494173,2014697421038,2.926865,positive,,false
real_can_latency_20260710,440,before,false,enter_extended_session,1003,500300321388,2014724027594,2014726770566,2.742972,positive,,false
real_can_latency_20260710,440,before,false,request_security_seed,2701,670113B8,2014753026237,2014756068411,3.042174,positive,,false
real_can_latency_20260710,440,before,false,send_security_key,2702B6E2,6702,2014782340215,2014785389444,3.049229,positive,,false
real_can_latency_20260710,440,before,false,read_target_before,221234,62123401B7,2014811599089,2014814640495,3.041406,positive,,false
real_can_latency_20260710,440,before,false,write_target,2E123401B8,6E1234,2014840858800,2014843892733,3.033933,positive,,false
real_can_latency_20260710,440,before,false,read_target_after,221234,62123401B8,2014870123610,2014873217118,3.093508,positive,,false
real_can_latency_20260710,441,before,false,session_reset,1001,500100321388,2014899591101,2014902551979,2.960878,positive,,false
real_can_latency_20260710,441,before,false,enter_extended_session,1003,500300321388,2014928799549,2014931881253,3.081704,positive,,false
real_can_latency_20260710,441,before,false,request_security_seed,2701,670113B9,2014958128264,2014961141314,3.013050,positive,,false
real_can_latency_20260710,441,before,false,send_security_key,2702B6E3,6702,2014987374985,2014990455293,3.080308,positive,,false
real_can_latency_20260710,441,before,false,read_target_before,221234,62123401B8,2015016699090,2015019725969,3.026879,positive,,false
real_can_latency_20260710,441,before,false,write_target,2E123401B9,6E1234,2015045977100,2015049074170,3.097070,positive,,false
real_can_latency_20260710,441,before,false,read_target_after,221234,62123401B9,2015075321111,2015078389127,3.068016,positive,,false
real_can_latency_20260710,442,before,false,session_reset,1001,500100321388,2015104774215,2015107652679,2.878464,positive,,false
real_can_latency_20260710,442,before,false,enter_extended_session,1003,500300321388,2015133892357,2015136926988,3.034631,positive,,false
real_can_latency_20260710,442,before,false,request_security_seed,2701,670113BA,2015163189294,2015166216033,3.026739,positive,,false
real_can_latency_20260710,442,before,false,send_security_key,2702B6E0,6702,2015192476663,2015195879431,3.402768,positive,,false
real_can_latency_20260710,442,before,false,read_target_before,221234,62123401B9,2015222158359,2015224837844,2.679485,positive,,false
real_can_latency_20260710,442,before,false,write_target,2E123401BA,6E1234,2015251057337,2015254133943,3.076606,positive,,false
real_can_latency_20260710,442,before,false,read_target_after,221234,62123401BA,2015280382141,2015283395470,3.013329,positive,,false
real_can_latency_20260710,443,before,false,session_reset,1001,500100321388,2015309797670,2015312712382,2.914712,positive,,false
real_can_latency_20260710,443,before,false,enter_extended_session,1003,500300321388,2015338948917,2015341994443,3.045526,positive,,false
real_can_latency_20260710,443,before,false,request_security_seed,2701,670113BB,2015368227905,2015371250872,3.022967,positive,,false
real_can_latency_20260710,443,before,false,send_security_key,2702B6E1,6702,2015397509407,2015400584546,3.075139,positive,,false
real_can_latency_20260710,443,before,false,read_target_before,221234,62123401BA,2015426851112,2015429895103,3.043991,positive,,false
real_can_latency_20260710,443,before,false,write_target,2E123401BB,6E1234,2015456153707,2015459421470,3.267763,positive,,false
real_can_latency_20260710,443,before,false,read_target_after,221234,62123401BB,2015485628950,2015488482342,2.853392,positive,,false
real_can_latency_20260710,444,before,false,session_reset,1001,500100321388,2015514810509,2015517811965,3.001456,positive,,false
real_can_latency_20260710,444,before,false,enter_extended_session,1003,500300321388,2015544048569,2015547085505,3.036936,positive,,false
real_can_latency_20260710,444,before,false,request_security_seed,2701,670113BC,2015573322947,2015576404652,3.081705,positive,,false
real_can_latency_20260710,444,before,false,send_security_key,2702B6E6,6702,2015602652082,2015605910486,3.258404,positive,,false
real_can_latency_20260710,444,before,false,read_target_before,221234,62123401BB,2015632152049,2015634953828,2.801779,positive,,false
real_can_latency_20260710,444,before,false,write_target,2E123401BC,6E1234,2015661152717,2015664226041,3.073324,positive,,false
real_can_latency_20260710,444,before,false,read_target_after,221234,62123401BC,2015690446162,2015693548400,3.102238,positive,,false
real_can_latency_20260710,445,before,false,session_reset,1001,500100321388,2015719899685,2015722858398,2.958713,positive,,false
real_can_latency_20260710,445,before,false,enter_extended_session,1003,500300321388,2015749129155,2015752371496,3.242341,positive,,false
real_can_latency_20260710,445,before,false,request_security_seed,2701,670113BD,2015778580582,2015781442145,2.861563,positive,,false
real_can_latency_20260710,445,before,false,send_security_key,2702B6E7,6702,2015807696559,2015810733006,3.036447,positive,,false
real_can_latency_20260710,445,before,false,read_target_before,221234,62123401BC,2015837167612,2015840084420,2.916808,positive,,false
real_can_latency_20260710,445,before,false,write_target,2E123401BD,6E1234,2015866353850,2015869482349,3.128499,positive,,false
real_can_latency_20260710,445,before,false,read_target_after,221234,62123401BD,2015895713296,2015899111733,3.398437,positive,,false
real_can_latency_20260710,446,before,false,session_reset,1001,500100321388,2015925462739,2015927883879,2.421140,positive,,false
real_can_latency_20260710,446,before,false,enter_extended_session,1003,500300321388,2015954121181,2015957216156,3.094975,positive,,false
real_can_latency_20260710,446,before,false,request_security_seed,2701,670113BE,2015983424614,2015986540960,3.116346,positive,,false
real_can_latency_20260710,446,before,false,send_security_key,2702B6E4,6702,2016012807247,2016015851167,3.043920,positive,,false
real_can_latency_20260710,446,before,false,read_target_before,221234,62123401BD,2016042056901,2016045100961,3.044060,positive,,false
real_can_latency_20260710,446,before,false,write_target,2E123401BE,6E1234,2016071314797,2016074425975,3.111178,positive,,false
real_can_latency_20260710,446,before,false,read_target_after,221234,62123401BE,2016100850453,2016103736601,2.886148,positive,,false
real_can_latency_20260710,447,before,false,session_reset,1001,500100321388,2016130152210,2016133093881,2.941671,positive,,false
real_can_latency_20260710,447,before,false,enter_extended_session,1003,500300321388,2016159306879,2016162560744,3.253865,positive,,false
real_can_latency_20260710,447,before,false,request_security_seed,2701,670113BF,2016188765570,2016191587812,2.822242,positive,,false
real_can_latency_20260710,447,before,false,send_security_key,2702B6E5,6702,2016217853470,2016220953194,3.099724,positive,,false
real_can_latency_20260710,447,before,false,read_target_before,221234,62123401BE,2016247387172,2016250237630,2.850458,positive,,false
real_can_latency_20260710,447,before,false,write_target,2E123401BF,6E1234,2016276464386,2016279560059,3.095673,positive,,false
real_can_latency_20260710,447,before,false,read_target_after,221234,62123401BF,2016305797152,2016308930819,3.133667,positive,,false
real_can_latency_20260710,448,before,false,session_reset,1001,500100321388,2016335351527,2016338089330,2.737803,positive,,false
real_can_latency_20260710,448,before,false,enter_extended_session,1003,500300321388,2016364388862,2016367404705,3.015843,positive,,false
real_can_latency_20260710,448,before,false,request_security_seed,2701,670113C0,2016393648992,2016396994420,3.345428,positive,,false
real_can_latency_20260710,448,before,false,send_security_key,2702B69A,6702,2016423263920,2016425987615,2.723695,positive,,false
real_can_latency_20260710,448,before,false,read_target_before,221234,62123401BF,2016452215069,2016455300196,3.085127,positive,,false
real_can_latency_20260710,448,before,false,write_target,2E123401C0,6E1234,2016481521366,2016484609845,3.088479,positive,,false
real_can_latency_20260710,448,before,false,read_target_after,221234,62123401C0,2016510839325,2016513943100,3.103775,positive,,false
real_can_latency_20260710,449,before,false,session_reset,1001,500100321388,2016540333845,2016543202741,2.868896,positive,,false
real_can_latency_20260710,449,before,false,enter_extended_session,1003,500300321388,2016569435923,2016572428580,2.992657,positive,,false
real_can_latency_20260710,449,before,false,request_security_seed,2701,670113C1,2016598671260,2016601881264,3.210004,positive,,false
real_can_latency_20260710,449,before,false,send_security_key,2702B69B,6702,2016628143710,2016631130569,2.986859,positive,,false
real_can_latency_20260710,449,before,false,read_target_before,221234,62123401C0,2016657375135,2016660397474,3.022339,positive,,false
real_can_latency_20260710,449,before,false,write_target,2E123401C1,6E1234,2016686626326,2016689916020,3.289694,positive,,false
real_can_latency_20260710,449,before,false,read_target_after,221234,62123401C1,2016716162681,2016718925348,2.762667,positive,,false
real_can_latency_20260710,450,before,false,session_reset,1001,500100321388,2016745296049,2016748253225,2.957176,positive,,false
real_can_latency_20260710,450,before,false,enter_extended_session,1003,500300321388,2016774508058,2016777615954,3.107896,positive,,false
real_can_latency_20260710,450,before,false,request_security_seed,2701,670113C2,2016803851650,2016806903672,3.052022,positive,,false
real_can_latency_20260710,450,before,false,send_security_key,2702B698,6702,2016833163254,2016836244330,3.081076,positive,,false
real_can_latency_20260710,450,before,false,read_target_before,221234,62123401C1,2016862456769,2016865425679,2.968910,positive,,false
real_can_latency_20260710,450,before,false,write_target,2E123401C2,6E1234,2016891671712,2016894780026,3.108314,positive,,false
real_can_latency_20260710,450,before,false,read_target_after,221234,62123401C2,2016921041913,2016924076963,3.035050,positive,,false
real_can_latency_20260710,451,before,false,session_reset,1001,500100321388,2016950498998,2016953359024,2.860026,positive,,false
real_can_latency_20260710,451,before,false,enter_extended_session,1003,500300321388,2016979572371,2016982667904,3.095533,positive,,false
real_can_latency_20260710,451,before,false,request_security_seed,2701,670113C3,2017008895359,2017011865876,2.970517,positive,,false
real_can_latency_20260710,451,before,false,send_security_key,2702B699,6702,2017038296570,2017041292090,2.995520,positive,,false
real_can_latency_20260710,451,before,false,read_target_before,221234,62123401C2,2017067523317,2017070752388,3.229071,positive,,false
real_can_latency_20260710,451,before,false,write_target,2E123401C3,6E1234,2017097052548,2017100205910,3.153362,positive,,false
real_can_latency_20260710,451,before,false,read_target_after,221234,62123401C3,2017126420235,2017129078209,2.657974,positive,,false
real_can_latency_20260710,452,before,false,session_reset,1001,500100321388,2017155447932,2017158440448,2.992516,positive,,false
real_can_latency_20260710,452,before,false,enter_extended_session,1003,500300321388,2017184699961,2017187752751,3.052790,positive,,false
real_can_latency_20260710,452,before,false,request_security_seed,2701,670113C4,2017213973152,2017217063656,3.090504,positive,,false
real_can_latency_20260710,452,before,false,send_security_key,2702B69E,6702,2017243313461,2017246380079,3.066618,positive,,false
real_can_latency_20260710,452,before,false,read_target_before,221234,62123401C3,2017272626461,2017275576863,2.950402,positive,,false
real_can_latency_20260710,452,before,false,write_target,2E123401C4,6E1234,2017301820731,2017304936868,3.116137,positive,,false
real_can_latency_20260710,452,before,false,read_target_after,221234,62123401C4,2017331196450,2017334410715,3.214265,positive,,false
real_can_latency_20260710,453,before,false,session_reset,1001,500100321388,2017360740348,2017363771836,3.031488,positive,,false
real_can_latency_20260710,453,before,false,enter_extended_session,1003,500300321388,2017389984974,2017392821184,2.836210,positive,,false
real_can_latency_20260710,453,before,false,request_security_seed,2701,670113C5,2017419174075,2017422130204,2.956129,positive,,false
real_can_latency_20260710,453,before,false,send_security_key,2702B69F,6702,2017448397818,2017451422113,3.024295,positive,,false
real_can_latency_20260710,453,before,false,read_target_before,221234,62123401C4,2017477641815,2017480703685,3.061870,positive,,false
real_can_latency_20260710,453,before,false,write_target,2E123401C5,6E1234,2017506921711,2017510021505,3.099794,positive,,false
real_can_latency_20260710,453,before,false,read_target_after,221234,62123401C5,2017536229683,2017539258028,3.028345,positive,,false
real_can_latency_20260710,454,before,false,session_reset,1001,500100321388,2017565596811,2017568610141,3.013330,positive,,false
real_can_latency_20260710,454,before,false,enter_extended_session,1003,500300321388,2017594865672,2017597919859,3.054187,positive,,false
real_can_latency_20260710,454,before,false,request_security_seed,2701,670113C6,2017624146057,2017627223850,3.077793,positive,,false
real_can_latency_20260710,454,before,false,send_security_key,2702B69C,6702,2017653454029,2017656490756,3.036727,positive,,false
real_can_latency_20260710,454,before,false,read_target_before,221234,62123401C5,2017682696350,2017685737057,3.040707,positive,,false
real_can_latency_20260710,454,before,false,write_target,2E123401C6,6E1234,2017711992728,2017715136942,3.144214,positive,,false
real_can_latency_20260710,454,before,false,read_target_after,221234,62123401C6,2017741358809,2017744402380,3.043571,positive,,false
real_can_latency_20260710,455,before,false,session_reset,1001,500100321388,2017770757646,2017773687444,2.929798,positive,,false
real_can_latency_20260710,455,before,false,enter_extended_session,1003,500300321388,2017799912455,2017802956514,3.044059,positive,,false
real_can_latency_20260710,455,before,false,request_security_seed,2701,670113C7,2017829152610,2017832310233,3.157623,positive,,false
real_can_latency_20260710,455,before,false,send_security_key,2702B69D,6702,2017858582108,2017861605983,3.023875,positive,,false
real_can_latency_20260710,455,before,false,read_target_before,221234,62123401C6,2017887834765,2017891064814,3.230049,positive,,false
real_can_latency_20260710,455,before,false,write_target,2E123401C7,6E1234,2017917283259,2017920179394,2.896135,positive,,false
real_can_latency_20260710,455,before,false,read_target_after,221234,62123401C7,2017946397350,2017949456636,3.059286,positive,,false
real_can_latency_20260710,456,before,false,session_reset,1001,500100321388,2017975828524,2017978759649,2.931125,positive,,false
real_can_latency_20260710,456,before,false,enter_extended_session,1003,500300321388,2018004985987,2018008063012,3.077025,positive,,false
real_can_latency_20260710,456,before,false,request_security_seed,2701,670113C8,2018034286067,2018037336133,3.050066,positive,,false
real_can_latency_20260710,456,before,false,send_security_key,2702B692,6702,2018063599626,2018066656188,3.056562,positive,,false
real_can_latency_20260710,456,before,false,read_target_before,221234,62123401C7,2018092912208,2018095949493,3.037285,positive,,false
real_can_latency_20260710,456,before,false,write_target,2E123401C8,6E1234,2018122336956,2018125268570,2.931614,positive,,false
real_can_latency_20260710,456,before,false,read_target_after,221234,62123401C8,2018151506083,2018154551749,3.045666,positive,,false
real_can_latency_20260710,457,before,false,session_reset,1001,500100321388,2018180883548,2018183968046,3.084498,positive,,false
real_can_latency_20260710,457,before,false,enter_extended_session,1003,500300321388,2018210222739,2018213122855,2.900116,positive,,false
real_can_latency_20260710,457,before,false,request_security_seed,2701,670113C9,2018239367631,2018242456808,3.089177,positive,,false
real_can_latency_20260710,457,before,false,send_security_key,2702B693,6702,2018268725610,2018271946928,3.221318,positive,,false
real_can_latency_20260710,457,before,false,read_target_before,221234,62123401C8,2018298182694,2018301130233,2.947539,positive,,false
real_can_latency_20260710,457,before,false,write_target,2E123401C9,6E1234,2018327342462,2018330330579,2.988117,positive,,false
real_can_latency_20260710,457,before,false,read_target_after,221234,62123401C9,2018356563761,2018359625770,3.062009,positive,,false
real_can_latency_20260710,458,before,false,session_reset,1001,500100321388,2018386046198,2018388925082,2.878884,positive,,false
real_can_latency_20260710,458,before,false,enter_extended_session,1003,500300321388,2018415180753,2018418234800,3.054047,positive,,false
real_can_latency_20260710,458,before,false,request_security_seed,2701,670113CA,2018444450033,2018447562188,3.112155,positive,,false
real_can_latency_20260710,458,before,false,send_security_key,2702B690,6702,2018473824285,2018476863945,3.039660,positive,,false
real_can_latency_20260710,458,before,false,read_target_before,221234,62123401C9,2018503044815,2018506164095,3.119280,positive,,false
real_can_latency_20260710,458,before,false,write_target,2E123401CA,6E1234,2018532472357,2018535456143,2.983786,positive,,false
real_can_latency_20260710,458,before,false,read_target_after,221234,62123401CA,2018561682201,2018564798547,3.116346,positive,,false
real_can_latency_20260710,459,before,false,session_reset,1001,500100321388,2018591167292,2018593993236,2.825944,positive,,false
real_can_latency_20260710,459,before,false,enter_extended_session,1003,500300321388,2018620232075,2018623301976,3.069901,positive,,false
real_can_latency_20260710,459,before,false,request_security_seed,2701,670113CB,2018649759491,2018652637047,2.877556,positive,,false
real_can_latency_20260710,459,before,false,send_security_key,2702B691,6702,2018678872185,2018681940200,3.068015,positive,,false
real_can_latency_20260710,459,before,false,read_target_before,221234,62123401CA,2018708149427,2018711188807,3.039380,positive,,false
real_can_latency_20260710,459,before,false,write_target,2E123401CB,6E1234,2018737402154,2018740503833,3.101679,positive,,false
real_can_latency_20260710,459,before,false,read_target_after,221234,62123401CB,2018766709847,2018769777164,3.067317,positive,,false
real_can_latency_20260710,460,before,false,session_reset,1001,500100321388,2018796189491,2018799141499,2.952008,positive,,false
real_can_latency_20260710,460,before,false,enter_extended_session,1003,500300321388,2018825370839,2018828431661,3.060822,positive,,false
real_can_latency_20260710,460,before,false,request_security_seed,2701,670113CC,2018854702698,2018857671328,2.968630,positive,,false
real_can_latency_20260710,460,before,false,send_security_key,2702B696,6702,2018884133522,2018886958976,2.825454,positive,,false
real_can_latency_20260710,460,before,false,read_target_before,221234,62123401CB,2018913395957,2018916259476,2.863519,positive,,false
real_can_latency_20260710,460,before,false,write_target,2E123401CC,6E1234,2018942536029,2018945599226,3.063197,positive,,false
real_can_latency_20260710,460,before,false,read_target_after,221234,62123401CC,2018971824725,2018974941351,3.116626,positive,,false
real_can_latency_20260710,461,before,false,session_reset,1001,500100321388,2019001295709,2019004127030,2.831321,positive,,false
real_can_latency_20260710,461,before,false,enter_extended_session,1003,500300321388,2019030377603,2019033479911,3.102308,positive,,false
real_can_latency_20260710,461,before,false,request_security_seed,2701,670113CD,2019059718331,2019062734244,3.015913,positive,,false
real_can_latency_20260710,461,before,false,send_security_key,2702B697,6702,2019088978391,2019092070223,3.091832,positive,,false
real_can_latency_20260710,461,before,false,read_target_before,221234,62123401CC,2019118321005,2019121312404,2.991399,positive,,false
real_can_latency_20260710,461,before,false,write_target,2E123401CD,6E1234,2019147535529,2019150676390,3.140861,positive,,false
real_can_latency_20260710,461,before,false,read_target_after,221234,62123401CD,2019176941071,2019179947067,3.005996,positive,,false
real_can_latency_20260710,462,before,false,session_reset,1001,500100321388,2019206303380,2019209356868,3.053488,positive,,false
real_can_latency_20260710,462,before,false,enter_extended_session,1003,500300321388,2019235599549,2019238606942,3.007393,positive,,false
real_can_latency_20260710,462,before,false,request_security_seed,2701,670113CE,2019264822244,2019267880272,3.058028,positive,,false
real_can_latency_20260710,462,before,false,send_security_key,2702B694,6702,2019294170096,2019297172670,3.002574,positive,,false
real_can_latency_20260710,462,before,false,read_target_before,221234,62123401CD,2019323419750,2019326472541,3.052791,positive,,false
real_can_latency_20260710,462,before,false,write_target,2E123401CE,6E1234,2019352711380,2019355849796,3.138416,positive,,false
real_can_latency_20260710,462,before,false,read_target_after,221234,62123401CE,2019382036952,2019385063132,3.026180,positive,,false
real_can_latency_20260710,463,before,false,session_reset,1001,500100321388,2019411409109,2019414293790,2.884681,positive,,false
real_can_latency_20260710,463,before,false,enter_extended_session,1003,500300321388,2019440539962,2019443638778,3.098816,positive,,false
real_can_latency_20260710,463,before,false,request_security_seed,2701,670113CF,2019469884043,2019472956389,3.072346,positive,,false
real_can_latency_20260710,463,before,false,send_security_key,2702B695,6702,2019499216879,2019502396781,3.179902,positive,,false
real_can_latency_20260710,463,before,false,read_target_before,221234,62123401CE,2019528602376,2019531467501,2.865125,positive,,false
real_can_latency_20260710,463,before,false,write_target,2E123401CF,6E1234,2019557686365,2019560906706,3.220341,positive,,false
real_can_latency_20260710,463,before,false,read_target_after,221234,62123401CF,2019587159723,2019590152030,2.992307,positive,,false
real_can_latency_20260710,464,before,false,session_reset,1001,500100321388,2019616520775,2019619420611,2.899836,positive,,false
real_can_latency_20260710,464,before,false,enter_extended_session,1003,500300321388,2019645639895,2019648697923,3.058028,positive,,false
real_can_latency_20260710,464,before,false,request_security_seed,2701,670113D0,2019674916997,2019677989133,3.072136,positive,,false
real_can_latency_20260710,464,before,false,send_security_key,2702B68A,6702,2019704269179,2019707369112,3.099933,positive,,false
real_can_latency_20260710,464,before,false,read_target_before,221234,62123401CF,2019733620034,2019736607243,2.987209,positive,,false
real_can_latency_20260710,464,before,false,write_target,2E123401D0,6E1234,2019762856558,2019765900758,3.044200,positive,,false
real_can_latency_20260710,464,before,false,read_target_after,221234,62123401D0,2019792163832,2019795230381,3.066549,positive,,false
real_can_latency_20260710,465,before,false,session_reset,1001,500100321388,2019821563856,2019824503572,2.939716,positive,,false
real_can_latency_20260710,465,before,false,enter_extended_session,1003,500300321388,2019850764831,2019853816643,3.051812,positive,,false
real_can_latency_20260710,465,before,false,request_security_seed,2701,670113D1,2019880052199,2019883120145,3.067946,positive,,false
real_can_latency_20260710,465,before,false,send_security_key,2702B68B,6702,2019909348718,2019912618437,3.269719,positive,,false
real_can_latency_20260710,465,before,false,read_target_before,221234,62123401D0,2019938843447,2019941679727,2.836280,positive,,false
real_can_latency_20260710,465,before,false,write_target,2E123401D1,6E1234,2019967908230,2019970996570,3.088340,positive,,false
real_can_latency_20260710,465,before,false,read_target_after,221234,62123401D1,2019997311397,2020000257608,2.946211,positive,,false
real_can_latency_20260710,466,before,false,session_reset,1001,500100321388,2020026697033,2020029562018,2.864985,positive,,false
real_can_latency_20260710,466,before,false,enter_extended_session,1003,500300321388,2020055736813,2020058822428,3.085615,positive,,false
real_can_latency_20260710,466,before,false,request_security_seed,2701,670113D2,2020085031375,2020088185506,3.154131,positive,,false
real_can_latency_20260710,466,before,false,send_security_key,2702B688,6702,2020114451095,2020117497110,3.046015,positive,,false
real_can_latency_20260710,466,before,false,read_target_before,221234,62123401D1,2020143761791,2020146761082,2.999291,positive,,false
real_can_latency_20260710,466,before,false,write_target,2E123401D2,6E1234,2020172972124,2020176075829,3.103705,positive,,false
real_can_latency_20260710,466,before,false,read_target_after,221234,62123401D2,2020202283728,2020205321293,3.037565,positive,,false
real_can_latency_20260710,467,before,false,session_reset,1001,500100321388,2020231661682,2020234637157,2.975475,positive,,false
real_can_latency_20260710,467,before,false,enter_extended_session,1003,500300321388,2020260999058,2020264030057,3.030999,positive,,false
real_can_latency_20260710,467,before,false,request_security_seed,2701,670113D3,2020290261144,2020293276080,3.014936,positive,,false
real_can_latency_20260710,467,before,false,send_security_key,2702B689,6702,2020319494595,2020322614922,3.120327,positive,,false
real_can_latency_20260710,467,before,false,read_target_before,221234,62123401D2,2020348853342,2020351870234,3.016892,positive,,false
real_can_latency_20260710,467,before,false,write_target,2E123401D3,6E1234,2020378126883,2020381211381,3.084498,positive,,false
real_can_latency_20260710,467,before,false,read_target_after,221234,62123401D3,2020407470684,2020410449022,2.978338,positive,,false
real_can_latency_20260710,468,before,false,session_reset,1001,500100321388,2020436770275,2020439757833,2.987558,positive,,false
real_can_latency_20260710,468,before,false,enter_extended_session,1003,500300321388,2020465968037,2020469033398,3.065361,positive,,false
real_can_latency_20260710,468,before,false,request_security_seed,2701,670113D4,2020495281038,2020498334596,3.053558,positive,,false
real_can_latency_20260710,468,before,false,send_security_key,2702B68E,6702,2020524609893,2020527708359,3.098466,positive,,false
real_can_latency_20260710,468,before,false,read_target_before,221234,62123401D3,2020553932602,2020556923023,2.990421,positive,,false
real_can_latency_20260710,468,before,false,write_target,2E123401D4,6E1234,2020583186027,2020586338203,3.152176,positive,,false
real_can_latency_20260710,468,before,false,read_target_after,221234,62123401D4,2020612552946,2020615491615,2.938669,positive,,false
real_can_latency_20260710,469,before,false,session_reset,1001,500100321388,2020641872931,2020644777587,2.904656,positive,,false
real_can_latency_20260710,469,before,false,enter_extended_session,1003,500300321388,2020671047994,2020674482401,3.434407,positive,,false
real_can_latency_20260710,469,before,false,request_security_seed,2701,670113D5,2020700688903,2020703421678,2.732775,positive,,false
real_can_latency_20260710,469,before,false,send_security_key,2702B68F,6702,2020729635932,2020732731605,3.095673,positive,,false
real_can_latency_20260710,469,before,false,read_target_before,221234,62123401D4,2020758958292,2020761999000,3.040708,positive,,false
real_can_latency_20260710,469,before,false,write_target,2E123401D5,6E1234,2020788285192,2020791356699,3.071507,positive,,false
real_can_latency_20260710,469,before,false,read_target_after,221234,62123401D5,2020817612999,2020820617808,3.004809,positive,,false
real_can_latency_20260710,470,before,false,session_reset,1001,500100321388,2020846947930,2020849908739,2.960809,positive,,false
real_can_latency_20260710,470,before,false,enter_extended_session,1003,500300321388,2020876139336,2020879248489,3.109153,positive,,false
real_can_latency_20260710,470,before,false,request_security_seed,2701,670113D6,2020905489912,2020908505127,3.015215,positive,,false
real_can_latency_20260710,470,before,false,send_security_key,2702B68C,6702,2020934779586,2020937823017,3.043431,positive,,false
real_can_latency_20260710,470,before,false,read_target_before,221234,62123401D5,2020964059203,2020967324103,3.264900,positive,,false
real_can_latency_20260710,470,before,false,write_target,2E123401D6,6E1234,2020993538846,2020996403063,2.864217,positive,,false
real_can_latency_20260710,470,before,false,read_target_after,221234,62123401D6,2021022612010,2021025685543,3.073533,positive,,false
real_can_latency_20260710,471,before,false,session_reset,1001,500100321388,2021052042834,2021054972912,2.930078,positive,,false
real_can_latency_20260710,471,before,false,enter_extended_session,1003,500300321388,2021081222926,2021084320415,3.097489,positive,,false
real_can_latency_20260710,471,before,false,request_security_seed,2701,670113D7,2021110525451,2021113717436,3.191985,positive,,false
real_can_latency_20260710,471,before,false,send_security_key,2702B68D,6702,2021139935462,2021142873083,2.937621,positive,,false
real_can_latency_20260710,471,before,false,read_target_before,221234,62123401D6,2021169101516,2021172154655,3.053139,positive,,false
real_can_latency_20260710,471,before,false,write_target,2E123401D7,6E1234,2021198439520,2021201499853,3.060333,positive,,false
real_can_latency_20260710,471,before,false,read_target_after,221234,62123401D7,2021227736457,2021230963433,3.226976,positive,,false
real_can_latency_20260710,472,before,false,session_reset,1001,500100321388,2021257219733,2021260072426,2.852693,positive,,false
real_can_latency_20260710,472,before,false,enter_extended_session,1003,500300321388,2021286278928,2021289372715,3.093787,positive,,false
real_can_latency_20260710,472,before,false,request_security_seed,2701,670113D8,2021315806833,2021318668675,2.861842,positive,,false
real_can_latency_20260710,472,before,false,send_security_key,2702B682,6702,2021344925813,2021348026165,3.100352,positive,,false
real_can_latency_20260710,472,before,false,read_target_before,221234,62123401D7,2021374273595,2021377242575,2.968980,positive,,false
real_can_latency_20260710,472,before,false,write_target,2E123401D8,6E1234,2021403487001,2021406533925,3.046924,positive,,false
real_can_latency_20260710,472,before,false,read_target_after,221234,62123401D8,2021432791342,2021435899726,3.108384,positive,,false
real_can_latency_20260710,473,before,false,session_reset,1001,500100321388,2021462273709,2021465178924,2.905215,positive,,false
real_can_latency_20260710,473,before,false,enter_extended_session,1003,500300321388,2021491428728,2021494487664,3.058936,positive,,false
real_can_latency_20260710,473,before,false,request_security_seed,2701,670113D9,2021520711208,2021523800246,3.089038,positive,,false
real_can_latency_20260710,473,before,false,send_security_key,2702B683,6702,2021550080781,2021553045919,2.965138,positive,,false
real_can_latency_20260710,473,before,false,read_target_before,221234,62123401D8,2021579310810,2021582339434,3.028624,positive,,false
real_can_latency_20260710,473,before,false,write_target,2E123401D9,6E1234,2021608603906,2021611928660,3.324754,positive,,false
real_can_latency_20260710,473,before,false,read_target_after,221234,62123401D9,2021638156325,2021640917804,2.761479,positive,,false
real_can_latency_20260710,474,before,false,session_reset,1001,500100321388,2021667293184,2021670212506,2.919322,positive,,false
real_can_latency_20260710,474,before,false,enter_extended_session,1003,500300321388,2021696440730,2021699541431,3.100701,positive,,false
real_can_latency_20260710,474,before,false,request_security_seed,2701,670113DA,2021726038546,2021728898014,2.859468,positive,,false
real_can_latency_20260710,474,before,false,send_security_key,2702B680,6702,2021755201177,2021758131465,2.930288,positive,,false
real_can_latency_20260710,474,before,false,read_target_before,221234,62123401D9,2021784372399,2021787387754,3.015355,positive,,false
real_can_latency_20260710,474,before,false,write_target,2E123401DA,6E1234,2021813605152,2021816711231,3.106079,positive,,false
real_can_latency_20260710,474,before,false,read_target_after,221234,62123401DA,2021842928070,2021846039597,3.111527,positive,,false
real_can_latency_20260710,475,before,false,session_reset,1001,500100321388,2021872481257,2021875336535,2.855278,positive,,false
real_can_latency_20260710,475,before,false,enter_extended_session,1003,500300321388,2021901567621,2021904849493,3.281872,positive,,false
real_can_latency_20260710,475,before,false,request_security_seed,2701,670113DB,2021931066192,2021933910714,2.844522,positive,,false
real_can_latency_20260710,475,before,false,send_security_key,2702B681,6702,2021960180213,2021963202692,3.022479,positive,,false
real_can_latency_20260710,475,before,false,read_target_before,221234,62123401DA,2021989667819,2021992530779,2.862960,positive,,false
real_can_latency_20260710,475,before,false,write_target,2E123401DB,6E1234,2022018776533,2022021967889,3.191356,positive,,false
real_can_latency_20260710,475,before,false,read_target_after,221234,62123401DB,2022048165452,2022051097345,2.931893,positive,,false
real_can_latency_20260710,476,before,false,session_reset,1001,500100321388,2022077442205,2022080380314,2.938109,positive,,false
real_can_latency_20260710,476,before,false,enter_extended_session,1003,500300321388,2022106606512,2022109645753,3.039241,positive,,false
real_can_latency_20260710,476,before,false,request_security_seed,2701,670113DC,2022135931107,2022139043263,3.112156,positive,,false
real_can_latency_20260710,476,before,false,send_security_key,2702B686,6702,2022165278749,2022168505167,3.226418,positive,,false
real_can_latency_20260710,476,before,false,read_target_before,221234,62123401DB,2022194730317,2022197539638,2.809321,positive,,false
real_can_latency_20260710,476,before,false,write_target,2E123401DC,6E1234,2022223751099,2022226905369,3.154270,positive,,false
real_can_latency_20260710,476,before,false,read_target_after,221234,62123401DC,2022253154825,2022256215507,3.060682,positive,,false
real_can_latency_20260710,477,before,false,session_reset,1001,500100321388,2022282585719,2022285702763,3.117044,positive,,false
real_can_latency_20260710,477,before,false,enter_extended_session,1003,500300321388,2022311949285,2022314795762,2.846477,positive,,false
real_can_latency_20260710,477,before,false,request_security_seed,2701,670113DD,2022341037814,2022344061969,3.024155,positive,,false
real_can_latency_20260710,477,before,false,send_security_key,2702B687,6702,2022370324136,2022373378323,3.054187,positive,,false
real_can_latency_20260710,477,before,false,read_target_before,221234,62123401DC,2022399614438,2022402690346,3.075908,positive,,false
real_can_latency_20260710,477,before,false,write_target,2E123401DD,6E1234,2022428911585,2022431995734,3.084149,positive,,false
real_can_latency_20260710,477,before,false,read_target_after,221234,62123401DD,2022458229125,2022461233585,3.004460,positive,,false
real_can_latency_20260710,478,before,false,session_reset,1001,500100321388,2022487564057,2022490536738,2.972681,positive,,false
real_can_latency_20260710,478,before,false,enter_extended_session,1003,500300321388,2022516760771,2022519941302,3.180531,positive,,false
real_can_latency_20260710,478,before,false,request_security_seed,2701,670113DE,2022546223024,2022549175521,2.952497,positive,,false
real_can_latency_20260710,478,before,false,send_security_key,2702B684,6702,2022575409960,2022578458281,3.048321,positive,,false
real_can_latency_20260710,478,before,false,read_target_before,221234,62123401DD,2022604674491,2022607712754,3.038263,positive,,false
real_can_latency_20260710,478,before,false,write_target,2E123401DE,6E1234,2022633965003,2022637045031,3.080028,positive,,false
real_can_latency_20260710,478,before,false,read_target_after,221234,62123401DE,2022663288061,2022666382198,3.094137,positive,,false
real_can_latency_20260710,479,before,false,session_reset,1001,500100321388,2022692759952,2022695646100,2.886148,positive,,false
real_can_latency_20260710,479,before,false,enter_extended_session,1003,500300321388,2022721908615,2022724901621,2.993006,positive,,false
real_can_latency_20260710,479,before,false,request_security_seed,2701,670113DF,2022751167349,2022754221676,3.054327,positive,,false
real_can_latency_20260710,479,before,false,send_security_key,2702B685,6702,2022780467429,2022783558004,3.090575,positive,,false
real_can_latency_20260710,479,before,false,read_target_before,221234,62123401DE,2022809819332,2022812840484,3.021152,positive,,false
real_can_latency_20260710,479,before,false,write_target,2E123401DF,6E1234,2022839048104,2022842141123,3.093019,positive,,false
real_can_latency_20260710,479,before,false,read_target_after,221234,62123401DF,2022868341479,2022871392663,3.051184,positive,,false
real_can_latency_20260710,480,before,false,session_reset,1001,500100321388,2022897735636,2022900682476,2.946840,positive,,false
real_can_latency_20260710,480,before,false,enter_extended_session,1003,500300321388,2022926913703,2022930057567,3.143864,positive,,false
real_can_latency_20260710,480,before,false,request_security_seed,2701,670113E0,2022956310793,2022959354294,3.043501,positive,,false
real_can_latency_20260710,480,before,false,send_security_key,2702B6BA,6702,2022985627217,2022988827164,3.199947,positive,,false
real_can_latency_20260710,480,before,false,read_target_before,221234,62123401DF,2023015040999,2023017900956,2.859957,positive,,false
real_can_latency_20260710,480,before,false,write_target,2E123401E0,6E1234,2023044140144,2023047210674,3.070530,positive,,false
real_can_latency_20260710,480,before,false,read_target_after,221234,62123401E0,2023073429958,2023076573822,3.143864,positive,,false
real_can_latency_20260710,481,before,false,session_reset,1001,500100321388,2023102955907,2023105763412,2.807505,positive,,false
real_can_latency_20260710,481,before,false,enter_extended_session,1003,500300321388,2023131976829,2023135088496,3.111667,positive,,false
real_can_latency_20260710,481,before,false,request_security_seed,2701,670113E1,2023161301214,2023164362455,3.061241,positive,,false
real_can_latency_20260710,481,before,false,send_security_key,2702B6BB,6702,2023190611840,2023193718828,3.106988,positive,,false
real_can_latency_20260710,481,before,false,read_target_before,221234,62123401E0,2023219962905,2023223025194,3.062289,positive,,false
real_can_latency_20260710,481,before,false,write_target,2E123401E1,6E1234,2023249254954,2023252304112,3.049158,positive,,false
real_can_latency_20260710,481,before,false,read_target_after,221234,62123401E1,2023278514456,2023281558027,3.043571,positive,,false
real_can_latency_20260710,482,before,false,session_reset,1001,500100321388,2023307932499,2023310934025,3.001526,positive,,false
real_can_latency_20260710,482,before,false,enter_extended_session,1003,500300321388,2023337191442,2023340241788,3.050346,positive,,false
real_can_latency_20260710,482,before,false,request_security_seed,2701,670113E2,2023366467287,2023369467766,3.000479,positive,,false
real_can_latency_20260710,482,before,false,send_security_key,2702B6B8,6702,2023395703881,2023399039880,3.335999,positive,,false
real_can_latency_20260710,482,before,false,read_target_before,221234,62123401E1,2023425287101,2023428065272,2.778171,positive,,false
real_can_latency_20260710,482,before,false,write_target,2E123401E2,6E1234,2023454311515,2023457388819,3.077304,positive,,false
real_can_latency_20260710,482,before,false,read_target_after,221234,62123401E2,2023483646586,2023486634423,2.987837,positive,,false
real_can_latency_20260710,483,before,false,session_reset,1001,500100321388,2023512998139,2023515977037,2.978898,positive,,false
real_can_latency_20260710,483,before,false,enter_extended_session,1003,500300321388,2023542141006,2023545273276,3.132270,positive,,false
real_can_latency_20260710,483,before,false,request_security_seed,2701,670113E3,2023571492280,2023574555756,3.063476,positive,,false
real_can_latency_20260710,483,before,false,send_security_key,2702B6B9,6702,2023601041416,2023603935805,2.894389,positive,,false
real_can_latency_20260710,483,before,false,read_target_before,221234,62123401E2,2023630191546,2023633355315,3.163769,positive,,false
real_can_latency_20260710,483,before,false,write_target,2E123401E3,6E1234,2023659585633,2023662468428,2.882795,positive,,false
real_can_latency_20260710,483,before,false,read_target_after,221234,62123401E3,2023688682683,2023691732400,3.049717,positive,,false
real_can_latency_20260710,484,before,false,session_reset,1001,500100321388,2023718140257,2023720985407,2.845150,positive,,false
real_can_latency_20260710,484,before,false,enter_extended_session,1003,500300321388,2023747171725,2023750360148,3.188423,positive,,false
real_can_latency_20260710,484,before,false,request_security_seed,2701,670113E4,2023776585298,2023779649473,3.064175,positive,,false
real_can_latency_20260710,484,before,false,send_security_key,2702B6BE,6702,2023805866382,2023808943896,3.077514,positive,,false
real_can_latency_20260710,484,before,false,read_target_before,221234,62123401E3,2023835213535,2023838197252,2.983717,positive,,false
real_can_latency_20260710,484,before,false,write_target,2E123401E4,6E1234,2023864471221,2023867540355,3.069134,positive,,false
real_can_latency_20260710,484,before,false,read_target_after,221234,62123401E4,2023893770394,2023896820949,3.050555,positive,,false
real_can_latency_20260710,485,before,false,session_reset,1001,500100321388,2023923177891,2023926404029,3.226138,positive,,false
real_can_latency_20260710,485,before,false,enter_extended_session,1003,500300321388,2023952637350,2023955407281,2.769931,positive,,false
real_can_latency_20260710,485,before,false,request_security_seed,2701,670113E5,2023981595973,2023984708269,3.112296,positive,,false
real_can_latency_20260710,485,before,false,send_security_key,2702B6BF,6702,2024011158589,2024014061988,2.903399,positive,,false
real_can_latency_20260710,485,before,false,read_target_before,221234,62123401E4,2024040324783,2024043639620,3.314837,positive,,false
real_can_latency_20260710,485,before,false,write_target,2E123401E5,6E1234,2024069832014,2024072755597,2.923583,positive,,false
real_can_latency_20260710,485,before,false,read_target_after,221234,62123401E5,2024098970690,2024101930241,2.959551,positive,,false
real_can_latency_20260710,486,before,false,session_reset,1001,500100321388,2024128336212,2024131254626,2.918414,positive,,false
real_can_latency_20260710,486,before,false,enter_extended_session,1003,500300321388,2024157458963,2024160428222,2.969259,positive,,false
real_can_latency_20260710,486,before,false,request_security_seed,2701,670113E6,2024186642407,2024189840539,3.198132,positive,,false
real_can_latency_20260710,486,before,false,send_security_key,2702B6BC,6702,2024216139582,2024219077133,2.937551,positive,,false
real_can_latency_20260710,486,before,false,read_target_before,221234,62123401E5,2024245279864,2024248395511,3.115647,positive,,false
real_can_latency_20260710,486,before,false,write_target,2E123401E6,6E1234,2024274663056,2024277849314,3.186258,positive,,false
real_can_latency_20260710,486,before,false,read_target_after,221234,62123401E6,2024304057492,2024306982122,2.924630,positive,,false
real_can_latency_20260710,487,before,false,session_reset,1001,500100321388,2024333312245,2024336460300,3.148055,positive,,false
real_can_latency_20260710,487,before,false,enter_extended_session,1003,500300321388,2024362682097,2024365547641,2.865544,positive,,false
real_can_latency_20260710,487,before,false,request_security_seed,2701,670113E7,2024391771115,2024394952973,3.181858,positive,,false
real_can_latency_20260710,487,before,false,send_security_key,2702B6BD,6702,2024421191044,2024424285041,3.093997,positive,,false
real_can_latency_20260710,487,before,false,read_target_before,221234,62123401E6,2024450576192,2024453678360,3.102168,positive,,false
real_can_latency_20260710,487,before,false,write_target,2E123401E7,6E1234,2024479893034,2024482789937,2.896903,positive,,false
real_can_latency_20260710,487,before,false,read_target_after,221234,62123401E7,2024509042675,2024512059008,3.016333,positive,,false
real_can_latency_20260710,488,before,false,session_reset,1001,500100321388,2024538704676,2024541350916,2.646240,positive,,false
real_can_latency_20260710,488,before,false,enter_extended_session,1003,500300321388,2024567579419,2024570672159,3.092740,positive,,false
real_can_latency_20260710,488,before,false,request_security_seed,2701,670113E8,2024596878731,2024600023852,3.145121,positive,,false
real_can_latency_20260710,488,before,false,send_security_key,2702B6B2,6702,2024626276241,2024629258351,2.982110,positive,,false
real_can_latency_20260710,488,before,false,read_target_before,221234,62123401E7,2024655978471,2024658491662,2.513191,positive,,false
real_can_latency_20260710,488,before,false,write_target,2E123401E8,6E1234,2024684747403,2024687928842,3.181439,positive,,false
real_can_latency_20260710,488,before,false,read_target_after,221234,62123401E8,2024714164469,2024717170814,3.006345,positive,,false
real_can_latency_20260710,489,before,false,session_reset,1001,500100321388,2024743507851,2024746459370,2.951519,positive,,false
real_can_latency_20260710,489,before,false,enter_extended_session,1003,500300321388,2024772674812,2024775722434,3.047622,positive,,false
real_can_latency_20260710,489,before,false,request_security_seed,2701,670113E9,2024802150056,2024805076293,2.926237,positive,,false
real_can_latency_20260710,489,before,false,send_security_key,2702B6B3,6702,2024831306052,2024834409688,3.103636,positive,,false
real_can_latency_20260710,489,before,false,read_target_before,221234,62123401E8,2024860640844,2024863663393,3.022549,positive,,false
real_can_latency_20260710,489,before,false,write_target,2E123401E9,6E1234,2024889879603,2024892921149,3.041546,positive,,false
real_can_latency_20260710,489,before,false,read_target_after,221234,62123401E9,2024919153004,2024922212988,3.059984,positive,,false
real_can_latency_20260710,490,before,false,session_reset,1001,500100321388,2024948610927,2024951537932,2.927005,positive,,false
real_can_latency_20260710,490,before,false,enter_extended_session,1003,500300321388,2024977766364,2024980828024,3.061660,positive,,false
real_can_latency_20260710,490,before,false,request_security_seed,2701,670113EA,2025007026984,2025010123355,3.096371,positive,,false
real_can_latency_20260710,490,before,false,send_security_key,2702B6B0,6702,2025036347248,2025039417848,3.070600,positive,,false
real_can_latency_20260710,490,before,false,read_target_before,221234,62123401E9,2025065629240,2025068718138,3.088898,positive,,false
real_can_latency_20260710,490,before,false,write_target,2E123401EA,6E1234,2025094972133,2025098246392,3.274259,positive,,false
real_can_latency_20260710,490,before,false,read_target_after,221234,62123401EA,2025124451428,2025127340438,2.889010,positive,,false
real_can_latency_20260710,491,before,false,session_reset,1001,500100321388,2025153696822,2025156605807,2.908985,positive,,false
real_can_latency_20260710,491,before,false,enter_extended_session,1003,500300321388,2025182833821,2025185936688,3.102867,positive,,false
real_can_latency_20260710,491,before,false,request_security_seed,2701,670113EB,2025212167216,2025215232089,3.064873,positive,,false
real_can_latency_20260710,491,before,false,send_security_key,2702B6B1,6702,2025241503614,2025244553680,3.050066,positive,,false
real_can_latency_20260710,491,before,false,read_target_before,221234,62123401EA,2025270763186,2025273750953,2.987767,positive,,false
real_can_latency_20260710,491,before,false,write_target,2E123401EB,6E1234,2025299975684,2025303120875,3.145191,positive,,false
real_can_latency_20260710,491,before,false,read_target_after,221234,62123401EB,2025329332965,2025332404892,3.071927,positive,,false
real_can_latency_20260710,492,before,false,session_reset,1001,500100321388,2025358776570,2025361718871,2.942301,positive,,false
real_can_latency_20260710,492,before,false,enter_extended_session,1003,500300321388,2025387985018,2025391034805,3.049787,positive,,false
real_can_latency_20260710,492,before,false,request_security_seed,2701,670113EC,2025417234812,2025420299755,3.064943,positive,,false
real_can_latency_20260710,492,before,false,send_security_key,2702B6B6,6702,2025446507724,2025449618064,3.110340,positive,,false
real_can_latency_20260710,492,before,false,read_target_before,221234,62123401EB,2025475877227,2025478971294,3.094067,positive,,false
real_can_latency_20260710,492,before,false,write_target,2E123401EC,6E1234,2025505154399,2025508224650,3.070251,positive,,false
real_can_latency_20260710,492,before,false,read_target_after,221234,62123401EC,2025534437019,2025537472558,3.035539,positive,,false
real_can_latency_20260710,493,before,false,session_reset,1001,500100321388,2025563813297,2025566775083,2.961786,positive,,false
real_can_latency_20260710,493,before,false,enter_extended_session,1003,500300321388,2025593034037,2025596113367,3.079330,positive,,false
real_can_latency_20260710,493,before,false,request_security_seed,2701,670113ED,2025622359609,2025625408837,3.049228,positive,,false
real_can_latency_20260710,493,before,false,send_security_key,2702B6B7,6702,2025651650889,2025654901681,3.250792,positive,,false
real_can_latency_20260710,493,before,false,read_target_before,221234,62123401EC,2025681133257,2025683935524,2.802267,positive,,false
real_can_latency_20260710,493,before,false,write_target,2E123401ED,6E1234,2025710173944,2025713249014,3.075070,positive,,false
real_can_latency_20260710,493,before,false,read_target_after,221234,62123401ED,2025739822256,2025742562504,2.740248,positive,,false
real_can_latency_20260710,494,before,false,session_reset,1001,500100321388,2025768916862,2025771883816,2.966954,positive,,false
real_can_latency_20260710,494,before,false,enter_extended_session,1003,500300321388,2025798118465,2025801162525,3.044060,positive,,false
real_can_latency_20260710,494,before,false,request_security_seed,2701,670113EE,2025827365745,2025830459811,3.094066,positive,,false
real_can_latency_20260710,494,before,false,send_security_key,2702B6B4,6702,2025857069302,2025859757587,2.688285,positive,,false
real_can_latency_20260710,494,before,false,read_target_before,221234,62123401ED,2025886032534,2025889068981,3.036447,positive,,false
real_can_latency_20260710,494,before,false,write_target,2E123401EE,6E1234,2025915275973,2025918341195,3.065222,positive,,false
real_can_latency_20260710,494,before,false,read_target_after,221234,62123401EE,2025944553284,2025947620602,3.067318,positive,,false
real_can_latency_20260710,495,before,false,session_reset,1001,500100321388,2025973960642,2025976961400,3.000758,positive,,false
real_can_latency_20260710,495,before,false,enter_extended_session,1003,500300321388,2026003159451,2026006242413,3.082962,positive,,false
real_can_latency_20260710,495,before,false,request_security_seed,2701,670113EF,2026032483068,2026035749784,3.266716,positive,,false
real_can_latency_20260710,495,before,false,send_security_key,2702B6B5,6702,2026062039818,2026064822808,2.782990,positive,,false
real_can_latency_20260710,495,before,false,read_target_before,221234,62123401EE,2026091065210,2026094120374,3.055164,positive,,false
real_can_latency_20260710,495,before,false,write_target,2E123401EF,6E1234,2026120382820,2026123441826,3.059006,positive,,false
real_can_latency_20260710,495,before,false,read_target_after,221234,62123401EF,2026149690094,2026152717252,3.027158,positive,,false
real_can_latency_20260710,496,before,false,session_reset,1001,500100321388,2026179053242,2026182050019,2.996777,positive,,false
real_can_latency_20260710,496,before,false,enter_extended_session,1003,500300321388,2026208240318,2026211273063,3.032745,positive,,false
real_can_latency_20260710,496,before,false,request_security_seed,2701,670113F0,2026237488506,2026240647665,3.159159,positive,,false
real_can_latency_20260710,496,before,false,send_security_key,2702B6AA,6702,2026266909552,2026269946837,3.037285,positive,,false
real_can_latency_20260710,496,before,false,read_target_before,221234,62123401EF,2026296196432,2026299266613,3.070181,positive,,false
real_can_latency_20260710,496,before,false,write_target,2E123401F0,6E1234,2026325494557,2026328730822,3.236265,positive,,false
real_can_latency_20260710,496,before,false,read_target_after,221234,62123401F0,2026354947242,2026357805033,2.857791,positive,,false
real_can_latency_20260710,497,before,false,session_reset,1001,500100321388,2026384173848,2026387089469,2.915621,positive,,false
real_can_latency_20260710,497,before,false,enter_extended_session,1003,500300321388,2026413581695,2026416414972,2.833277,positive,,false
real_can_latency_20260710,497,before,false,request_security_seed,2701,670113F1,2026442629925,2026445726296,3.096371,positive,,false
real_can_latency_20260710,497,before,false,send_security_key,2702B6AB,6702,2026471943205,2026474990199,3.046994,positive,,false
real_can_latency_20260710,497,before,false,read_target_before,221234,62123401F0,2026501246149,2026504293771,3.047622,positive,,false
real_can_latency_20260710,497,before,false,write_target,2E123401F1,6E1234,2026530547347,2026533617248,3.069901,positive,,false
real_can_latency_20260710,497,before,false,read_target_after,221234,62123401F1,2026559862513,2026562971526,3.109013,positive,,false
real_can_latency_20260710,498,before,false,session_reset,1001,500100321388,2026589294944,2026592187237,2.892293,positive,,false
real_can_latency_20260710,498,before,false,enter_extended_session,1003,500300321388,2026618394717,2026621469717,3.075000,positive,,false
real_can_latency_20260710,498,before,false,request_security_seed,2701,670113F2,2026647705344,2026650769518,3.064174,positive,,false
real_can_latency_20260710,498,before,false,send_security_key,2702B6A8,6702,2026677040066,2026680122748,3.082682,positive,,false
real_can_latency_20260710,498,before,false,read_target_before,221234,62123401F1,2026706356419,2026709413958,3.057539,positive,,false
real_can_latency_20260710,498,before,false,write_target,2E123401F2,6E1234,2026735623394,2026738686381,3.062987,positive,,false
real_can_latency_20260710,498,before,false,read_target_after,221234,62123401F2,2026764897214,2026767951331,3.054117,positive,,false
real_can_latency_20260710,499,before,false,session_reset,1001,500100321388,2026794323848,2026797276904,2.953056,positive,,false
real_can_latency_20260710,499,before,false,enter_extended_session,1003,500300321388,2026823513927,2026826602406,3.088479,positive,,false
real_can_latency_20260710,499,before,false,request_security_seed,2701,670113F3,2026852825531,2026856100558,3.275027,positive,,false
real_can_latency_20260710,499,before,false,send_security_key,2702B6A9,6702,2026882335137,2026885259977,2.924840,positive,,false
real_can_latency_20260710,499,before,false,read_target_before,221234,62123401F2,2026911503915,2026914422957,2.919042,positive,,false
real_can_latency_20260710,499,before,false,write_target,2E123401F3,6E1234,2026940869507,2026943792740,2.923233,positive,,false
real_can_latency_20260710,499,before,false,read_target_after,221234,62123401F3,2026970047852,2026973072915,3.025063,positive,,false
real_can_latency_20260710,500,before,false,session_reset,1001,500100321388,2026999406320,2027002350716,2.944396,positive,,false
real_can_latency_20260710,500,before,false,enter_extended_session,1003,500300321388,2027028566019,2027031675311,3.109292,positive,,false
real_can_latency_20260710,500,before,false,request_security_seed,2701,670113F4,2027057919458,2027060945569,3.026111,positive,,false
real_can_latency_20260710,500,before,false,send_security_key,2702B6AE,6702,2027087241748,2027090293840,3.052092,positive,,false
real_can_latency_20260710,500,before,false,read_target_before,221234,62123401F3,2027116566971,2027119759934,3.192963,positive,,false
real_can_latency_20260710,500,before,false,write_target,2E123401F4,6E1234,2027145975586,2027148997855,3.022269,positive,,false
real_can_latency_20260710,500,before,false,read_target_after,221234,62123401F4,2027175221888,2027178157064,2.935176,positive,,false
real_can_latency_20260710,501,before,false,session_reset,1001,500100321388,2027204928588,2027207464827,2.536239,positive,,false
real_can_latency_20260710,501,before,false,enter_extended_session,1003,500300321388,2027233703108,2027236776222,3.073114,positive,,false
real_can_latency_20260710,501,before,false,request_security_seed,2701,670113F5,2027263041112,2027266059680,3.018568,positive,,false
real_can_latency_20260710,501,before,false,send_security_key,2702B6AF,6702,2027292275960,2027295345652,3.069692,positive,,false
real_can_latency_20260710,501,before,false,read_target_before,221234,62123401F4,2027321591476,2027324592443,3.000967,positive,,false
real_can_latency_20260710,501,before,false,write_target,2E123401F5,6E1234,2027350838685,2027354023337,3.184652,positive,,false
real_can_latency_20260710,501,before,false,read_target_after,221234,62123401F5,2027380250164,2027383266217,3.016053,positive,,false
real_can_latency_20260710,502,before,false,session_reset,1001,500100321388,2027409597946,2027412621542,3.023596,positive,,false
real_can_latency_20260710,502,before,false,enter_extended_session,1003,500300321388,2027438836635,2027441817069,2.980434,positive,,false
real_can_latency_20260710,502,before,false,request_security_seed,2701,670113F6,2027468037051,2027471118057,3.081006,positive,,false
real_can_latency_20260710,502,before,false,send_security_key,2702B6AC,6702,2027497348376,2027500403820,3.055444,positive,,false
real_can_latency_20260710,502,before,false,read_target_before,221234,62123401F5,2027526656209,2027529653474,2.997265,positive,,false
real_can_latency_20260710,502,before,false,write_target,2E123401F6,6E1234,2027555863259,2027558994203,3.130944,positive,,false
real_can_latency_20260710,502,before,false,read_target_after,221234,62123401F6,2027585236185,2027588293026,3.056841,positive,,false
real_can_latency_20260710,503,before,false,session_reset,1001,500100321388,2027614667638,2027617578020,2.910382,positive,,false
real_can_latency_20260710,503,before,false,enter_extended_session,1003,500300321388,2027643825171,2027646978743,3.153572,positive,,false
real_can_latency_20260710,503,before,false,request_security_seed,2701,670113F7,2027673227360,2027676215965,2.988605,positive,,false
real_can_latency_20260710,503,before,false,send_security_key,2702B6AD,6702,2027702439439,2027705457797,3.018358,positive,,false
real_can_latency_20260710,503,before,false,read_target_before,221234,62123401F6,2027731696776,2027734757319,3.060543,positive,,false
real_can_latency_20260710,503,before,false,write_target,2E123401F7,6E1234,2027760989174,2027764102796,3.113622,positive,,false
real_can_latency_20260710,503,before,false,read_target_after,221234,62123401F7,2027790351483,2027793587748,3.236265,positive,,false
real_can_latency_20260710,504,before,false,session_reset,1001,500100321388,2027819958519,2027822702049,2.743530,positive,,false
real_can_latency_20260710,504,before,false,enter_extended_session,1003,500300321388,2027848924685,2027851958758,3.034073,positive,,false
real_can_latency_20260710,504,before,false,request_security_seed,2701,670113F8,2027878145215,2027881294737,3.149522,positive,,false
real_can_latency_20260710,504,before,false,send_security_key,2702B6A2,6702,2027907538465,2027910620588,3.082123,positive,,false
real_can_latency_20260710,504,before,false,read_target_before,221234,62123401F7,2027936859218,2027939899576,3.040358,positive,,false
real_can_latency_20260710,504,before,false,write_target,2E123401F8,6E1234,2027966142187,2027969180171,3.037984,positive,,false
real_can_latency_20260710,504,before,false,read_target_after,221234,62123401F8,2027995438706,2027998489820,3.051114,positive,,false
real_can_latency_20260710,505,before,false,session_reset,1001,500100321388,2028025046090,2028027766223,2.720133,positive,,false
real_can_latency_20260710,505,before,false,enter_extended_session,1003,500300321388,2028054067432,2028057166248,3.098816,positive,,false
real_can_latency_20260710,505,before,false,request_security_seed,2701,670113F9,2028083415912,2028086312536,2.896624,positive,,false
real_can_latency_20260710,505,before,false,send_security_key,2702B6A3,6702,2028112565623,2028115640832,3.075209,positive,,false
real_can_latency_20260710,505,before,false,read_target_before,221234,62123401F8,2028141853411,2028144939795,3.086384,positive,,false
real_can_latency_20260710,505,before,false,write_target,2E123401F9,6E1234,2028171149929,2028174225698,3.075769,positive,,false
real_can_latency_20260710,505,before,false,read_target_after,221234,62123401F9,2028200429546,2028203554692,3.125146,positive,,false
real_can_latency_20260710,506,before,false,session_reset,1001,500100321388,2028229879088,2028232767889,2.888801,positive,,false
real_can_latency_20260710,506,before,false,enter_extended_session,1003,500300321388,2028258944569,2028261115745,2.171176,positive,,false
real_can_latency_20260710,506,before,false,request_security_seed,2701,670113FA,2028287321968,2028290429514,3.107546,positive,,false
real_can_latency_20260710,506,before,false,send_security_key,2702B6A0,6702,2028316677922,2028319801602,3.123680,positive,,false
real_can_latency_20260710,506,before,false,read_target_before,221234,62123401F9,2028346055736,2028349060266,3.004530,positive,,false
real_can_latency_20260710,506,before,false,write_target,2E123401FA,6E1234,2028375280667,2028378362860,3.082193,positive,,false
real_can_latency_20260710,506,before,false,read_target_after,221234,62123401FA,2028404610011,2028407631232,3.021221,positive,,false
real_can_latency_20260710,507,before,false,session_reset,1001,500100321388,2028433973298,2028436946189,2.972891,positive,,false
real_can_latency_20260710,507,before,false,enter_extended_session,1003,500300321388,2028463140329,2028466220288,3.079959,positive,,false
real_can_latency_20260710,507,before,false,request_security_seed,2701,670113FB,2028492412822,2028495464565,3.051743,positive,,false
real_can_latency_20260710,507,before,false,send_security_key,2702B6A1,6702,2028521767030,2028524818004,3.050974,positive,,false
real_can_latency_20260710,507,before,false,read_target_before,221234,62123401FA,2028551038685,2028554140085,3.101400,positive,,false
real_can_latency_20260710,507,before,false,write_target,2E123401FB,6E1234,2028580606958,2028583455949,2.848991,positive,,false
real_can_latency_20260710,507,before,false,read_target_after,221234,62123401FB,2028609693811,2028612667889,2.974078,positive,,false
real_can_latency_20260710,508,before,false,session_reset,1001,500100321388,2028639045155,2028641939474,2.894319,positive,,false
real_can_latency_20260710,508,before,false,enter_extended_session,1003,500300321388,2028668134452,2028671312050,3.177598,positive,,false
real_can_latency_20260710,508,before,false,request_security_seed,2701,670113FC,2028697544883,2028700576930,3.032047,positive,,false
real_can_latency_20260710,508,before,false,send_security_key,2702B6A6,6702,2028726814652,2028729935957,3.121305,positive,,false
real_can_latency_20260710,508,before,false,read_target_before,221234,62123401FB,2028756180733,2028759176043,2.995310,positive,,false
real_can_latency_20260710,508,before,false,write_target,2E123401FC,6E1234,2028785380101,2028788460409,3.080308,positive,,false
real_can_latency_20260710,508,before,false,read_target_after,221234,62123401FC,2028814653222,2028817756857,3.103635,positive,,false
real_can_latency_20260710,509,before,false,session_reset,1001,500100321388,2028844049196,2028847116792,3.067596,positive,,false
real_can_latency_20260710,509,before,false,enter_extended_session,1003,500300321388,2028873416883,2028876614525,3.197642,positive,,false
real_can_latency_20260710,509,before,false,request_security_seed,2701,670113FD,2028902859091,2028905720096,2.861005,positive,,false
real_can_latency_20260710,509,before,false,send_security_key,2702B6A7,6702,2028931955652,2028934980087,3.024435,positive,,false
real_can_latency_20260710,509,before,false,read_target_before,221234,62123401FC,2028961212221,2028964295672,3.083451,positive,,false
real_can_latency_20260710,509,before,false,write_target,2E123401FD,6E1234,2028990543800,2028993632210,3.088410,positive,,false
real_can_latency_20260710,509,before,false,read_target_after,221234,62123401FD,2029019860154,2029022835000,2.974846,positive,,false
real_can_latency_20260710,510,before,false,session_reset,1001,500100321388,2029049193339,2029052173284,2.979945,positive,,false
real_can_latency_20260710,510,before,false,enter_extended_session,1003,500300321388,2029078403952,2029081444171,3.040219,positive,,false
real_can_latency_20260710,510,before,false,request_security_seed,2701,670113FE,2029107663524,2029110765273,3.101749,positive,,false
real_can_latency_20260710,510,before,false,send_security_key,2702B6A4,6702,2029137062570,2029140160897,3.098327,positive,,false
real_can_latency_20260710,510,before,false,read_target_before,221234,62123401FD,2029166418384,2029169598496,3.180112,positive,,false
real_can_latency_20260710,510,before,false,write_target,2E123401FE,6E1234,2029195842225,2029198677876,2.835651,positive,,false
real_can_latency_20260710,510,before,false,read_target_after,221234,62123401FE,2029224926982,2029227978096,3.051114,positive,,false
real_can_latency_20260710,511,before,false,session_reset,1001,500100321388,2029254355851,2029257230055,2.874204,positive,,false
real_can_latency_20260710,511,before,false,enter_extended_session,1003,500300321388,2029283485797,2029286589012,3.103215,positive,,false
real_can_latency_20260710,511,before,false,request_security_seed,2701,670113FF,2029312797680,2029315885950,3.088270,positive,,false
real_can_latency_20260710,511,before,false,send_security_key,2702B6A5,6702,2029342146929,2029345196157,3.049228,positive,,false
real_can_latency_20260710,511,before,false,read_target_before,221234,62123401FE,2029371408317,2029374449513,3.041196,positive,,false
real_can_latency_20260710,511,before,false,write_target,2E123401FF,6E1234,2029400704347,2029403736324,3.031977,positive,,false
real_can_latency_20260710,511,before,false,read_target_after,221234,62123401FF,2029429980890,2029433237968,3.257078,positive,,false
real_can_latency_20260710,512,before,false,session_reset,1001,500100321388,2029459571932,2029462333551,2.761619,positive,,false
real_can_latency_20260710,512,before,false,enter_extended_session,1003,500300321388,2029488547317,2029491656190,3.108873,positive,,false
real_can_latency_20260710,512,before,false,request_security_seed,2701,67011400,2029517866953,2029520974429,3.107476,positive,,false
real_can_latency_20260710,512,before,false,send_security_key,2702B15A,6702,2029547184494,2029550456029,3.271535,positive,,false
real_can_latency_20260710,512,before,false,read_target_before,221234,62123401FF,2029576701294,2029579530240,2.828946,positive,,false
real_can_latency_20260710,512,before,false,write_target,2E12340200,6E1234,2029605750432,2029608861820,3.111388,positive,,false
real_can_latency_20260710,512,before,false,read_target_after,221234,6212340200,2029635052608,2029638147722,3.095114,positive,,false
real_can_latency_20260710,513,before,false,session_reset,1001,500100321388,2029664534975,2029667425383,2.890408,positive,,false
real_can_latency_20260710,513,before,false,enter_extended_session,1003,500300321388,2029693656400,2029696668472,3.012072,positive,,false
real_can_latency_20260710,513,before,false,request_security_seed,2701,67011401,2029722840124,2029724981128,2.141004,positive,,false
real_can_latency_20260710,513,before,false,send_security_key,2702B15B,6702,2029751111293,2029753346234,2.234941,positive,,false
real_can_latency_20260710,513,before,false,read_target_before,221234,6212340200,2029779561048,2029782647432,3.086384,positive,,false
real_can_latency_20260710,513,before,false,write_target,2E12340201,6E1234,2029808898983,2029812032650,3.133667,positive,,false
real_can_latency_20260710,513,before,false,read_target_after,221234,6212340201,2029838261082,2029841234951,2.973869,positive,,false
real_can_latency_20260710,514,before,false,session_reset,1001,500100321388,2029867578903,2029870553679,2.974776,positive,,false
real_can_latency_20260710,514,before,false,enter_extended_session,1003,500300321388,2029896763814,2029899865982,3.102168,positive,,false
real_can_latency_20260710,514,before,false,request_security_seed,2701,67011402,2029926106847,2029929158659,3.051812,positive,,false
real_can_latency_20260710,514,before,false,send_security_key,2702B158,6702,2029955422851,2029958471660,3.048809,positive,,false
real_can_latency_20260710,514,before,false,read_target_before,221234,6212340201,2029984690944,2029987736400,3.045456,positive,,false
real_can_latency_20260710,514,before,false,write_target,2E12340202,6E1234,2030013926141,2030016971179,3.045038,positive,,false
real_can_latency_20260710,514,before,false,read_target_after,221234,6212340202,2030043180964,2030046307926,3.126962,positive,,false
real_can_latency_20260710,515,before,false,session_reset,1001,500100321388,2030072718227,2030075674286,2.956059,positive,,false
real_can_latency_20260710,515,before,false,enter_extended_session,1003,500300321388,2030101906072,2030104964589,3.058517,positive,,false
real_can_latency_20260710,515,before,false,request_security_seed,2701,67011403,2030131147485,2030134209075,3.061590,positive,,false
real_can_latency_20260710,515,before,false,send_security_key,2702B159,6702,2030160465724,2030163511600,3.045876,positive,,false
real_can_latency_20260710,515,before,false,read_target_before,221234,6212340202,2030189731582,2030192786327,3.054745,positive,,false
real_can_latency_20260710,515,before,false,write_target,2E12340203,6E1234,2030219040253,2030222162535,3.122282,positive,,false
real_can_latency_20260710,515,before,false,read_target_after,221234,6212340203,2030248393692,2030251499213,3.105521,positive,,false
real_can_latency_20260710,516,before,false,session_reset,1001,500100321388,2030277844561,2030280660378,2.815817,positive,,false
real_can_latency_20260710,516,before,false,enter_extended_session,1003,500300321388,2030306865274,2030309982039,3.116765,positive,,false
real_can_latency_20260710,516,before,false,request_security_seed,2701,67011404,2030336136021,2030338284567,2.148546,positive,,false
real_can_latency_20260710,516,before,false,send_security_key,2702B15E,6702,2030364501756,2030367623061,3.121305,positive,,false
real_can_latency_20260710,516,before,false,read_target_before,221234,6212340203,2030393834382,2030397218991,3.384609,positive,,false
real_can_latency_20260710,516,before,false,write_target,2E12340204,6E1234,2030423470333,2030426252066,2.781733,positive,,false
real_can_latency_20260710,516,before,false,read_target_after,221234,6212340204,2030452462829,2030455512965,3.050136,positive,,false
real_can_latency_20260710,517,before,false,session_reset,1001,500100321388,2030481851329,2030484842589,2.991260,positive,,false
real_can_latency_20260710,517,before,false,enter_extended_session,1003,500300321388,2030511171384,2030514161736,2.990352,positive,,false
real_can_latency_20260710,517,before,false,request_security_seed,2701,67011405,2030540387794,2030543425568,3.037774,positive,,false
real_can_latency_20260710,517,before,false,send_security_key,2702B15F,6702,2030569662173,2030572717337,3.055164,positive,,false
real_can_latency_20260710,517,before,false,read_target_before,221234,6212340204,2030598941091,2030602045704,3.104613,positive,,false
real_can_latency_20260710,517,before,false,write_target,2E12340205,6E1234,2030628268060,2030631338800,3.070740,positive,,false
real_can_latency_20260710,517,before,false,read_target_after,221234,6212340205,2030657545861,2030660588384,3.042523,positive,,false
real_can_latency_20260710,518,before,false,session_reset,1001,500100321388,2030686932196,2030689874846,2.942650,positive,,false
real_can_latency_20260710,518,before,false,enter_extended_session,1003,500300321388,2030716129120,2030719186450,3.057330,positive,,false
real_can_latency_20260710,518,before,false,request_security_seed,2701,67011406,2030745434997,2030748512651,3.077654,positive,,false
real_can_latency_20260710,518,before,false,send_security_key,2702B15C,6702,2030774746182,2030777806376,3.060194,positive,,false
real_can_latency_20260710,518,before,false,read_target_before,221234,6212340205,2030804072593,2030807145707,3.073114,positive,,false
real_can_latency_20260710,518,before,false,write_target,2E12340206,6E1234,2030833354864,2030836372035,3.017171,positive,,false
real_can_latency_20260710,518,before,false,read_target_after,221234,6212340206,2030862581680,2030865652140,3.070460,positive,,false
real_can_latency_20260710,519,before,false,session_reset,1001,500100321388,2030892031851,2030895022062,2.990211,positive,,false
real_can_latency_20260710,519,before,false,enter_extended_session,1003,500300321388,2030921231987,2030924323260,3.091273,positive,,false
real_can_latency_20260710,519,before,false,request_security_seed,2701,67011407,2030950557560,2030953574800,3.017240,positive,,false
real_can_latency_20260710,519,before,false,send_security_key,2702B15D,6702,2030979803373,2030982895065,3.091692,positive,,false
real_can_latency_20260710,519,before,false,read_target_before,221234,6212340206,2031009104222,2031012123208,3.018986,positive,,false
real_can_latency_20260710,519,before,false,write_target,2E12340207,6E1234,2031038340885,2031041438305,3.097420,positive,,false
real_can_latency_20260710,519,before,false,read_target_after,221234,6212340207,2031067613867,2031069714502,2.100635,positive,,false
real_can_latency_20260710,520,before,false,session_reset,1001,500100321388,2031096050841,2031099043637,2.992796,positive,,false
real_can_latency_20260710,520,before,false,enter_extended_session,1003,500300321388,2031125250489,2031128333939,3.083450,positive,,false
real_can_latency_20260710,520,before,false,request_security_seed,2701,67011408,2031154524309,2031157652877,3.128568,positive,,false
real_can_latency_20260710,520,before,false,send_security_key,2702B152,6702,2031183872789,2031186967764,3.094975,positive,,false
real_can_latency_20260710,520,before,false,read_target_before,221234,6212340207,2031213182508,2031216245076,3.062568,positive,,false
real_can_latency_20260710,520,before,false,write_target,2E12340208,6E1234,2031242446899,2031245571347,3.124448,positive,,false
real_can_latency_20260710,520,before,false,read_target_after,221234,6212340208,2031271773799,2031274886094,3.112295,positive,,false
real_can_latency_20260710,1,after,true,session_reset,1001,500100321388,2032965141743,2032968254737,3.112994,positive,,false
real_can_latency_20260710,1,after,true,enter_extended_session,1003,500300321388,2032994505869,2032997511655,3.005786,positive,,false
real_can_latency_20260710,1,after,true,request_security_seed,2701,67011201,2033023748888,2033026812085,3.063197,positive,,false
real_can_latency_20260710,1,after,true,send_security_key,2702B75B,6702,2033053034023,2033056101759,3.067736,positive,,false
real_can_latency_20260710,1,after,true,read_target_before,221234,621234,2033082309519,2033085393249,3.083730,positive,,false
real_can_latency_20260710,1,after,true,write_target,2E12340001,7F2E31,2033111601078,2033114711977,3.110899,negative,0x31,false
real_can_latency_20260710,1,after,true,read_target_after,221234,621234,2033140954867,2033144059201,3.104334,positive,,false
real_can_latency_20260710,2,after,true,session_reset,1001,500100321388,2033170429413,2033173340284,2.910871,positive,,false
real_can_latency_20260710,2,after,true,enter_extended_session,1003,500300321388,2033199587504,2033202868887,3.281383,positive,,false
real_can_latency_20260710,2,after,true,request_security_seed,2701,67011202,2033229052621,2033231900006,2.847385,positive,,false
real_can_latency_20260710,2,after,true,send_security_key,2702B758,6702,2033258196256,2033261234239,3.037983,positive,,false
real_can_latency_20260710,2,after,true,read_target_before,221234,621234,2033287478526,2033290504916,3.026390,positive,,false
real_can_latency_20260710,2,after,true,write_target,2E12340002,7F2E31,2033316752067,2033319825041,3.072974,negative,0x31,false
real_can_latency_20260710,2,after,true,read_target_after,221234,621234,2033346061366,2033349080772,3.019406,positive,,false
real_can_latency_20260710,3,after,true,session_reset,1001,500100321388,2033375463975,2033378356408,2.892433,positive,,false
real_can_latency_20260710,3,after,true,enter_extended_session,1003,500300321388,2033404577368,2033407676114,3.098746,positive,,false
real_can_latency_20260710,3,after,true,request_security_seed,2701,67011203,2033433894210,2033437051204,3.156994,positive,,false
real_can_latency_20260710,3,after,true,send_security_key,2702B759,6702,2033463304152,2033466273201,2.969049,positive,,false
real_can_latency_20260710,3,after,true,read_target_before,221234,621234,2033492482847,2033495531586,3.048739,positive,,false
real_can_latency_20260710,3,after,true,write_target,2E12340003,7F2E31,2033521750451,2033524869521,3.119070,negative,0x31,false
real_can_latency_20260710,3,after,true,read_target_after,221234,621234,2033551042639,2033554213532,3.170893,positive,,false
real_can_latency_20260710,4,after,true,session_reset,1001,500100321388,2033580653237,2033583483510,2.830273,positive,,false
real_can_latency_20260710,4,after,true,enter_extended_session,1003,500300321388,2033609702305,2033612761032,3.058727,positive,,false
real_can_latency_20260710,4,after,true,request_security_seed,2701,67011204,2033638945185,2033642031220,3.086035,positive,,false
real_can_latency_20260710,4,after,true,send_security_key,2702B75E,6702,2033668260700,2033671368596,3.107896,positive,,false
real_can_latency_20260710,4,after,true,read_target_before,221234,621234,2033697591232,2033700645838,3.054606,positive,,false
real_can_latency_20260710,4,after,true,write_target,2E12340004,7F2E31,2033726864912,2033730065837,3.200925,negative,0x31,false
real_can_latency_20260710,4,after,true,read_target_after,221234,621234,2033756276600,2033759235872,2.959272,positive,,false
real_can_latency_20260710,5,after,true,session_reset,1001,500100321388,2033785602452,2033788490205,2.887753,positive,,false
real_can_latency_20260710,5,after,true,enter_extended_session,1003,500300321388,2033814712911,2033817863410,3.150499,positive,,false
real_can_latency_20260710,5,after,true,request_security_seed,2701,67011205,2033844133120,2033847187656,3.054536,positive,,false
real_can_latency_20260710,5,after,true,send_security_key,2702B75F,6702,2033873433689,2033876478657,3.044968,positive,,false
real_can_latency_20260710,5,after,true,read_target_before,221234,621234,2033902705693,2033905712457,3.006764,positive,,false
real_can_latency_20260710,5,after,true,write_target,2E12340005,7F2E31,2033931918681,2033935098024,3.179343,negative,0x31,false
real_can_latency_20260710,5,after,true,read_target_after,221234,621234,2033961302990,2033964277208,2.974218,positive,,false
real_can_latency_20260710,6,after,true,session_reset,1001,500100321388,2033990662786,2033994026442,3.363656,positive,,false
real_can_latency_20260710,6,after,true,enter_extended_session,1003,500300321388,2034020245726,2034023079492,2.833766,positive,,false
real_can_latency_20260710,6,after,true,request_security_seed,2701,67011206,2034049288369,2034052198542,2.910173,positive,,false
real_can_latency_20260710,6,after,true,send_security_key,2702B75C,6702,2034078413286,2034081528584,3.115298,positive,,false
real_can_latency_20260710,6,after,true,read_target_before,221234,621234,2034107782510,2034110846335,3.063825,positive,,false
real_can_latency_20260710,6,after,true,write_target,2E12340006,7F2E31,2034137118838,2034140132377,3.013539,negative,0x31,false
real_can_latency_20260710,6,after,true,read_target_after,221234,621234,2034166338880,2034169388946,3.050066,positive,,false
real_can_latency_20260710,7,after,true,session_reset,1001,500100321388,2034195703284,2034198684696,2.981412,positive,,false
real_can_latency_20260710,7,after,true,enter_extended_session,1003,500300321388,2034224907332,2034228061044,3.153712,positive,,false
real_can_latency_20260710,7,after,true,request_security_seed,2701,67011207,2034254307845,2034257328019,3.020174,positive,,false
real_can_latency_20260710,7,after,true,send_security_key,2702B75D,6702,2034283522579,2034286570689,3.048110,positive,,false
real_can_latency_20260710,7,after,true,read_target_before,221234,621234,2034312769998,2034315895564,3.125566,positive,,false
real_can_latency_20260710,7,after,true,write_target,2E12340007,7F2E31,2034342141317,2034345214292,3.072975,negative,0x31,false
real_can_latency_20260710,7,after,true,read_target_after,221234,621234,2034371465843,2034374539865,3.074022,positive,,false
real_can_latency_20260710,8,after,true,session_reset,1001,500100321388,2034400929493,2034403723868,2.794375,positive,,false
real_can_latency_20260710,8,after,true,enter_extended_session,1003,500300321388,2034429939450,2034433276776,3.337326,positive,,false
real_can_latency_20260710,8,after,true,request_security_seed,2701,67011208,2034459483837,2034462363210,2.879373,positive,,false
real_can_latency_20260710,8,after,true,send_security_key,2702B752,6702,2034488591783,2034491697303,3.105520,positive,,false
real_can_latency_20260710,8,after,true,read_target_before,221234,621234,2034517960098,2034521041594,3.081496,positive,,false
real_can_latency_20260710,8,after,true,write_target,2E12340008,7F2E31,2034547348808,2034550293972,2.945164,negative,0x31,false
real_can_latency_20260710,8,after,true,read_target_after,221234,621234,2034576496284,2034579601386,3.105102,positive,,false
real_can_latency_20260710,9,after,true,session_reset,1001,500100321388,2034605941007,2034608854742,2.913735,positive,,false
real_can_latency_20260710,9,after,true,enter_extended_session,1003,500300321388,2034635037219,2034638233325,3.196106,positive,,false
real_can_latency_20260710,9,after,true,request_security_seed,2701,67011209,2034664454005,2034667526770,3.072765,positive,,false
real_can_latency_20260710,9,after,true,send_security_key,2702B753,6702,2034693767495,2034696800241,3.032746,positive,,false
real_can_latency_20260710,9,after,true,read_target_before,221234,621234,2034723030210,2034726069940,3.039730,positive,,false
real_can_latency_20260710,9,after,true,write_target,2E12340009,7F2E31,2034752308640,2034755367366,3.058726,negative,0x31,false
real_can_latency_20260710,9,after,true,read_target_after,221234,621234,2034781603971,2034784681904,3.077933,positive,,false
real_can_latency_20260710,10,after,true,session_reset,1001,500100321388,2034811101704,2034814067541,2.965837,positive,,false
real_can_latency_20260710,10,after,true,enter_extended_session,1003,500300321388,2034840266361,2034843253709,2.987348,positive,,false
real_can_latency_20260710,10,after,true,request_security_seed,2701,6701120A,2034869457139,2034872545408,3.088269,positive,,false
real_can_latency_20260710,10,after,true,send_security_key,2702B750,6702,2034898761409,2034901857013,3.095604,positive,,false
real_can_latency_20260710,10,after,true,read_target_before,221234,621234,2034928038721,2034931155347,3.116626,positive,,false
real_can_latency_20260710,10,after,true,write_target,2E1234000A,7F2E31,2034957369462,2034960455846,3.086384,negative,0x31,false
real_can_latency_20260710,10,after,true,read_target_after,221234,621234,2034986698387,2034989720727,3.022340,positive,,false
real_can_latency_20260710,11,after,true,session_reset,1001,500100321388,2035016039535,2035019047347,3.007812,positive,,false
real_can_latency_20260710,11,after,true,enter_extended_session,1003,500300321388,2035045293031,2035048318303,3.025272,positive,,false
real_can_latency_20260710,11,after,true,request_security_seed,2701,6701120B,2035074555536,2035077631025,3.075489,positive,,false
real_can_latency_20260710,11,after,true,send_security_key,2702B751,6702,2035103845839,2035106946680,3.100841,positive,,false
real_can_latency_20260710,11,after,true,read_target_before,221234,621234,2035133160307,2035136213446,3.053139,positive,,false
real_can_latency_20260710,11,after,true,write_target,2E1234000B,7F2E31,2035162442298,2035165555362,3.113064,negative,0x31,false
real_can_latency_20260710,11,after,true,read_target_after,221234,621234,2035191784912,2035194848109,3.063197,positive,,false
real_can_latency_20260710,12,after,true,session_reset,1001,500100321388,2035221256874,2035224132545,2.875671,positive,,false
real_can_latency_20260710,12,after,true,enter_extended_session,1003,500300321388,2035250348266,2035253435209,3.086943,positive,,false
real_can_latency_20260710,12,after,true,request_security_seed,2701,6701120C,2035279647648,2035282713499,3.065851,positive,,false
real_can_latency_20260710,12,after,true,send_security_key,2702B756,6702,2035308974408,2035312059605,3.085197,positive,,false
real_can_latency_20260710,12,after,true,read_target_before,221234,621234,2035338267225,2035341548189,3.280964,positive,,false
real_can_latency_20260710,12,after,true,write_target,2E1234000C,7F2E31,2035367777320,2035370624566,2.847246,negative,0x31,false
real_can_latency_20260710,12,after,true,read_target_after,221234,621234,2035396826249,2035399902366,3.076117,positive,,false
real_can_latency_20260710,13,after,true,session_reset,1001,500100321388,2035426272090,2035429139869,2.867779,positive,,false
real_can_latency_20260710,13,after,true,enter_extended_session,1003,500300321388,2035455339596,2035458455314,3.115718,positive,,false
real_can_latency_20260710,13,after,true,request_security_seed,2701,6701120D,2035484668941,2035487801281,3.132340,positive,,false
real_can_latency_20260710,13,after,true,send_security_key,2702B757,6702,2035514051714,2035517111418,3.059704,positive,,false
real_can_latency_20260710,13,after,true,read_target_before,221234,621234,2035543331331,2035546360794,3.029463,positive,,false
real_can_latency_20260710,13,after,true,write_target,2E1234000D,7F2E31,2035572602147,2035575702919,3.100772,negative,0x31,false
real_can_latency_20260710,13,after,true,read_target_after,221234,621234,2035601937288,2035605039666,3.102378,positive,,false
real_can_latency_20260710,14,after,true,session_reset,1001,500100321388,2035631427478,2035634443462,3.015984,positive,,false
real_can_latency_20260710,14,after,true,enter_extended_session,1003,500300321388,2035660687609,2035663581160,2.893551,positive,,false
real_can_latency_20260710,14,after,true,request_security_seed,2701,6701120E,2035689826704,2035692900866,3.074162,positive,,false
real_can_latency_20260710,14,after,true,send_security_key,2702B754,6702,2035719165896,2035722260661,3.094765,positive,,false
real_can_latency_20260710,14,after,true,read_target_before,221234,621234,2035748501596,2035751485941,2.984345,positive,,false
real_can_latency_20260710,14,after,true,write_target,2E1234000E,7F2E31,2035777691815,2035780752846,3.061031,negative,0x31,false
real_can_latency_20260710,14,after,true,read_target_after,221234,621234,2035806965705,2035810100768,3.135063,positive,,false
real_can_latency_20260710,15,after,true,session_reset,1001,500100321388,2035836512956,2035839381852,2.868896,positive,,false
real_can_latency_20260710,15,after,true,enter_extended_session,1003,500300321388,2035865587866,2035868723488,3.135622,positive,,false
real_can_latency_20260710,15,after,true,request_security_seed,2701,6701120F,2035894967566,2035898093969,3.126403,positive,,false
real_can_latency_20260710,15,after,true,send_security_key,2702B755,6702,2035924348383,2035927272525,2.924142,positive,,false
real_can_latency_20260710,15,after,true,read_target_before,221234,621234,2035953473370,2035956505697,3.032327,positive,,false
real_can_latency_20260710,15,after,true,write_target,2E1234000F,7F2E31,2035982973059,2035985883441,2.910382,negative,0x31,false
real_can_latency_20260710,15,after,true,read_target_after,221234,621234,2036012133944,2036015193300,3.059356,positive,,false
real_can_latency_20260710,16,after,true,session_reset,1001,500100321388,2036041516299,2036044464815,2.948516,positive,,false
real_can_latency_20260710,16,after,true,enter_extended_session,1003,500300321388,2036070672225,2036073746317,3.074092,positive,,false
real_can_latency_20260710,16,after,true,request_security_seed,2701,67011210,2036099985296,2036103072868,3.087572,positive,,false
real_can_latency_20260710,16,after,true,send_security_key,2702B74A,6702,2036129298577,2036132374555,3.075978,positive,,false
real_can_latency_20260710,16,after,true,read_target_before,221234,621234,2036158618911,2036161646628,3.027717,positive,,false
real_can_latency_20260710,16,after,true,write_target,2E12340010,7F2E31,2036187876039,2036190933648,3.057609,negative,0x31,false
real_can_latency_20260710,16,after,true,read_target_after,221234,621234,2036217157123,2036220219062,3.061939,positive,,false
real_can_latency_20260710,17,after,true,session_reset,1001,500100321388,2036246591649,2036249523193,2.931544,positive,,false
real_can_latency_20260710,17,after,true,enter_extended_session,1003,500300321388,2036275747715,2036278857985,3.110270,positive,,false
real_can_latency_20260710,17,after,true,request_security_seed,2701,67011211,2036305065535,2036308318981,3.253446,positive,,false
real_can_latency_20260710,17,after,true,send_security_key,2702B74B,6702,2036334535401,2036337428812,2.893411,positive,,false
real_can_latency_20260710,17,after,true,read_target_before,221234,621234,2036363840650,2036366722886,2.882236,positive,,false
real_can_latency_20260710,17,after,true,write_target,2E12340011,7F2E31,2036392962913,2036396095114,3.132201,negative,0x31,false
real_can_latency_20260710,17,after,true,read_target_after,221234,621234,2036422300708,2036425315085,3.014377,positive,,false
real_can_latency_20260710,18,after,true,session_reset,1001,500100321388,2036451606027,2036454545743,2.939716,positive,,false
real_can_latency_20260710,18,after,true,enter_extended_session,1003,500300321388,2036480796036,2036483855042,3.059006,positive,,false
real_can_latency_20260710,18,after,true,request_security_seed,2701,67011212,2036510046389,2036513206177,3.159788,positive,,false
real_can_latency_20260710,18,after,true,send_security_key,2702B748,6702,2036539439080,2036542725841,3.286761,positive,,false
real_can_latency_20260710,18,after,true,read_target_before,221234,621234,2036568928642,2036571833926,2.905284,positive,,false
real_can_latency_20260710,18,after,true,write_target,2E12340012,7F2E31,2036598038124,2036601111657,3.073533,negative,0x31,false
real_can_latency_20260710,18,after,true,read_target_after,221234,621234,2036627324724,2036630409921,3.085197,positive,,false
real_can_latency_20260710,19,after,true,session_reset,1001,500100321388,2036656796337,2036659719221,2.922884,positive,,false
real_can_latency_20260710,19,after,true,enter_extended_session,1003,500300321388,2036685948143,2036689069587,3.121444,positive,,false
real_can_latency_20260710,19,after,true,request_security_seed,2701,67011213,2036715282935,2036718282016,2.999081,positive,,false
real_can_latency_20260710,19,after,true,send_security_key,2702B749,6702,2036744541319,2036747608357,3.067038,positive,,false
real_can_latency_20260710,19,after,true,read_target_before,221234,621234,2036773797399,2036776833288,3.035889,positive,,false
real_can_latency_20260710,19,after,true,write_target,2E12340013,7F2E31,2036803040559,2036806250004,3.209445,negative,0x31,false
real_can_latency_20260710,19,after,true,read_target_after,221234,621234,2036832518666,2036835494421,2.975755,positive,,false
real_can_latency_20260710,20,after,true,session_reset,1001,500100321388,2036861851642,2036864755390,2.903748,positive,,false
real_can_latency_20260710,20,after,true,enter_extended_session,1003,500300321388,2036891028102,2036894140887,3.112785,positive,,false
real_can_latency_20260710,20,after,true,request_security_seed,2701,67011214,2036920385244,2036923394662,3.009418,positive,,false
real_can_latency_20260710,20,after,true,send_security_key,2702B74E,6702,2036949620650,2036952895119,3.274469,positive,,false
real_can_latency_20260710,20,after,true,read_target_before,221234,621234,2036979148835,2036981955362,2.806527,positive,,false
real_can_latency_20260710,20,after,true,write_target,2E12340014,7F2E31,2037008165287,2037011270808,3.105521,negative,0x31,false
real_can_latency_20260710,20,after,true,read_target_after,221234,621234,2037037486530,2037040589257,3.102727,positive,,false
real_can_latency_20260710,21,after,false,session_reset,1001,500100321388,2037066916516,2037069866150,2.949634,positive,,false
real_can_latency_20260710,21,after,false,enter_extended_session,1003,500300321388,2037096148361,2037099175798,3.027437,positive,,false
real_can_latency_20260710,21,after,false,request_security_seed,2701,67011215,2037125379507,2037128450177,3.070670,positive,,false
real_can_latency_20260710,21,after,false,send_security_key,2702B74F,6702,2037154676026,2037157759546,3.083520,positive,,false
real_can_latency_20260710,21,after,false,read_target_before,221234,621234,2037184032888,2037187114662,3.081774,positive,,false
real_can_latency_20260710,21,after,false,write_target,2E12340015,7F2E31,2037213347426,2037216602268,3.254842,negative,0x31,false
real_can_latency_20260710,21,after,false,read_target_after,221234,621234,2037242806396,2037245649661,2.843265,positive,,false
real_can_latency_20260710,22,after,false,session_reset,1001,500100321388,2037272030209,2037274938497,2.908288,positive,,false
real_can_latency_20260710,22,after,false,enter_extended_session,1003,500300321388,2037301171330,2037304226006,3.054676,positive,,false
real_can_latency_20260710,22,after,false,request_security_seed,2701,67011216,2037330469105,2037333566944,3.097839,positive,,false
real_can_latency_20260710,22,after,false,send_security_key,2702B74C,6702,2037359829809,2037362849913,3.020104,positive,,false
real_can_latency_20260710,22,after,false,read_target_before,221234,621234,2037389122067,2037392151809,3.029742,positive,,false
real_can_latency_20260710,22,after,false,write_target,2E12340016,7F2E31,2037418368788,2037421423743,3.054955,negative,0x31,false
real_can_latency_20260710,22,after,false,read_target_after,221234,621234,2037447645122,2037450748967,3.103845,positive,,false
real_can_latency_20260710,23,after,false,session_reset,1001,500100321388,2037477136569,2037480097029,2.960460,positive,,false
real_can_latency_20260710,23,after,false,enter_extended_session,1003,500300321388,2037506312541,2037509323146,3.010605,positive,,false
real_can_latency_20260710,23,after,false,request_security_seed,2701,67011217,2037535530627,2037538614497,3.083870,positive,,false
real_can_latency_20260710,23,after,false,send_security_key,2702B74D,6702,2037564834968,2037567910526,3.075558,positive,,false
real_can_latency_20260710,23,after,false,read_target_before,221234,621234,2037594157677,2037597171705,3.014028,positive,,false
real_can_latency_20260710,23,after,false,write_target,2E12340017,7F2E31,2037623390081,2037626552872,3.162791,negative,0x31,false
real_can_latency_20260710,23,after,false,read_target_after,221234,621234,2037652755812,2037655821244,3.065432,positive,,false
real_can_latency_20260710,24,after,false,session_reset,1001,500100321388,2037682180421,2037685095134,2.914713,positive,,false
real_can_latency_20260710,24,after,false,enter_extended_session,1003,500300321388,2037711348081,2037714413722,3.065641,positive,,false
real_can_latency_20260710,24,after,false,request_security_seed,2701,67011218,2037740686156,2037743714222,3.028066,positive,,false
real_can_latency_20260710,24,after,false,send_security_key,2702B742,6702,2037769978134,2037773073109,3.094975,positive,,false
real_can_latency_20260710,24,after,false,read_target_before,221234,621234,2037799278355,2037802277855,2.999500,positive,,false
real_can_latency_20260710,24,after,false,write_target,2E12340018,7F2E31,2037828523819,2037831615860,3.092041,negative,0x31,false
real_can_latency_20260710,24,after,false,read_target_after,221234,621234,2037857864477,2037860897432,3.032955,positive,,false
real_can_latency_20260710,25,after,false,session_reset,1001,500100321388,2037887263803,2037890221608,2.957805,positive,,false
real_can_latency_20260710,25,after,false,enter_extended_session,1003,500300321388,2037916431952,2037919494450,3.062498,positive,,false
real_can_latency_20260710,25,after,false,request_security_seed,2701,67011219,2037945705074,2037948756257,3.051183,positive,,false
real_can_latency_20260710,25,after,false,send_security_key,2702B743,6702,2037974991954,2037978114516,3.122562,positive,,false
real_can_latency_20260710,25,after,false,read_target_before,221234,621234,2038004356219,2038007380444,3.024225,positive,,false
real_can_latency_20260710,25,after,false,write_target,2E12340019,7F2E31,2038033609366,2038036675216,3.065850,negative,0x31,false
real_can_latency_20260710,25,after,false,read_target_after,221234,621234,2038062880113,2038065997716,3.117603,positive,,false
real_can_latency_20260710,26,after,false,session_reset,1001,500100321388,2038092392094,2038095283968,2.891874,positive,,false
real_can_latency_20260710,26,after,false,enter_extended_session,1003,500300321388,2038121539569,2038124621903,3.082334,positive,,false
real_can_latency_20260710,26,after,false,request_security_seed,2701,6701121A,2038150853548,2038153901519,3.047971,positive,,false
real_can_latency_20260710,26,after,false,send_security_key,2702B740,6702,2038180200982,2038183232330,3.031348,positive,,false
real_can_latency_20260710,26,after,false,read_target_before,221234,621234,2038209475919,2038212430931,2.955012,positive,,false
real_can_latency_20260710,26,after,false,write_target,2E1234001A,7F2E31,2038238682272,2038241771170,3.088898,negative,0x31,false
real_can_latency_20260710,26,after,false,read_target_after,221234,621234,2038267980606,2038271089549,3.108943,positive,,false
real_can_latency_20260710,27,after,false,session_reset,1001,500100321388,2038297506346,2038300321673,2.815327,positive,,false
real_can_latency_20260710,27,after,false,enter_extended_session,1003,500300321388,2038326529084,2038329608135,3.079051,positive,,false
real_can_latency_20260710,27,after,false,request_security_seed,2701,6701121B,2038355824066,2038358941530,3.117464,positive,,false
real_can_latency_20260710,27,after,false,send_security_key,2702B741,6702,2038385185677,2038388227851,3.042174,positive,,false
real_can_latency_20260710,27,after,false,read_target_before,221234,621234,2038414475072,2038417451804,2.976732,positive,,false
real_can_latency_20260710,27,after,false,write_target,2E1234001B,7F2E31,2038443707615,2038446816698,3.109083,negative,0x31,false
real_can_latency_20260710,27,after,false,read_target_after,221234,621234,2038473054560,2038476070194,3.015634,positive,,false
real_can_latency_20260710,28,after,false,session_reset,1001,500100321388,2038502317903,2038505376281,3.058378,positive,,false
real_can_latency_20260710,28,after,false,enter_extended_session,1003,500300321388,2038531656886,2038534749206,3.092320,positive,,false
real_can_latency_20260710,28,after,false,request_security_seed,2701,6701121C,2038560965138,2038564093217,3.128079,positive,,false
real_can_latency_20260710,28,after,false,send_security_key,2702B746,6702,2038590311104,2038593314865,3.003761,positive,,false
real_can_latency_20260710,28,after,false,read_target_before,221234,621234,2038619526397,2038622629124,3.102727,positive,,false
real_can_latency_20260710,28,after,false,write_target,2E1234001C,7F2E31,2038648842471,2038651945407,3.102936,negative,0x31,false
real_can_latency_20260710,28,after,false,read_target_after,221234,621234,2038678172793,2038681204351,3.031558,positive,,false
real_can_latency_20260710,29,after,false,session_reset,1001,500100321388,2038707556334,2038710503943,2.947609,positive,,false
real_can_latency_20260710,29,after,false,enter_extended_session,1003,500300321388,2038736724903,2038739790963,3.066060,positive,,false
real_can_latency_20260710,29,after,false,request_security_seed,2701,6701121D,2038766035320,2038769107945,3.072625,positive,,false
real_can_latency_20260710,29,after,false,send_security_key,2702B747,6702,2038795365013,2038798434146,3.069133,positive,,false
real_can_latency_20260710,29,after,false,read_target_before,221234,621234,2038824681856,2038827934324,3.252468,positive,,false
real_can_latency_20260710,29,after,false,write_target,2E1234001D,7F2E31,2038854176027,2038857055260,2.879233,negative,0x31,false
real_can_latency_20260710,29,after,false,read_target_after,221234,621234,2038883307649,2038886283892,2.976243,positive,,false
real_can_latency_20260710,30,after,false,session_reset,1001,500100321388,2038912824518,2038915596893,2.772375,positive,,false
real_can_latency_20260710,30,after,false,enter_extended_session,1003,500300321388,2038941859409,2038944908986,3.049577,positive,,false
real_can_latency_20260710,30,after,false,request_security_seed,2701,6701121E,2038971175274,2038974259563,3.084289,positive,,false
real_can_latency_20260710,30,after,false,send_security_key,2702B744,6702,2039000505805,2039003483865,2.978060,positive,,false
real_can_latency_20260710,30,after,false,read_target_before,221234,621234,2039029728501,2039032802104,3.073603,positive,,false
real_can_latency_20260710,30,after,false,write_target,2E1234001E,7F2E31,2039059041502,2039062106165,3.064663,negative,0x31,false
real_can_latency_20260710,30,after,false,read_target_after,221234,621234,2039088322306,2039091507168,3.184862,positive,,false
real_can_latency_20260710,31,after,false,session_reset,1001,500100321388,2039117955463,2039120643748,2.688285,positive,,false
real_can_latency_20260710,31,after,false,enter_extended_session,1003,500300321388,2039146851159,2039149979238,3.128079,positive,,false
real_can_latency_20260710,31,after,false,request_security_seed,2701,6701121F,2039176219126,2039179307395,3.088269,positive,,false
real_can_latency_20260710,31,after,false,send_security_key,2702B745,6702,2039205568095,2039208594904,3.026809,positive,,false
real_can_latency_20260710,31,after,false,read_target_before,221234,621234,2039234824315,2039238084117,3.259802,positive,,false
real_can_latency_20260710,31,after,false,write_target,2E1234001F,7F2E31,2039264301026,2039267185706,2.884680,negative,0x31,false
real_can_latency_20260710,31,after,false,read_target_after,221234,621234,2039293406108,2039296457710,3.051602,positive,,false
real_can_latency_20260710,32,after,false,session_reset,1001,500100321388,2039322837980,2039325764426,2.926446,positive,,false
real_can_latency_20260710,32,after,false,enter_extended_session,1003,500300321388,2039351983221,2039355102221,3.119000,positive,,false
real_can_latency_20260710,32,after,false,request_security_seed,2701,67011220,2039381354470,2039384332669,2.978199,positive,,false
real_can_latency_20260710,32,after,false,send_security_key,2702B77A,6702,2039410585547,2039413633448,3.047901,positive,,false
real_can_latency_20260710,32,after,false,read_target_before,221234,621234,2039440168557,2039442967122,2.798565,positive,,false
real_can_latency_20260710,32,after,false,write_target,2E12340020,7F2E31,2039469170762,2039472276771,3.106009,negative,0x31,false
real_can_latency_20260710,32,after,false,read_target_after,221234,621234,2039498548646,2039501570356,3.021710,positive,,false
real_can_latency_20260710,33,after,false,session_reset,1001,500100321388,2039527956632,2039530869948,2.913316,positive,,false
real_can_latency_20260710,33,after,false,enter_extended_session,1003,500300321388,2039557124921,2039560150822,3.025901,positive,,false
real_can_latency_20260710,33,after,false,request_security_seed,2701,67011221,2039586402233,2039589475836,3.073603,positive,,false
real_can_latency_20260710,33,after,false,send_security_key,2702B77B,6702,2039615728993,2039618787440,3.058447,positive,,false
real_can_latency_20260710,33,after,false,read_target_before,221234,621234,2039645070211,2039648116086,3.045875,positive,,false
real_can_latency_20260710,33,after,false,write_target,2E12340021,7F2E31,2039674330132,2039677347582,3.017450,negative,0x31,false
real_can_latency_20260710,33,after,false,read_target_after,221234,621234,2039703771503,2039706641586,2.870083,positive,,false
real_can_latency_20260710,34,after,false,session_reset,1001,500100321388,2039733033799,2039735947953,2.914154,positive,,false
real_can_latency_20260710,34,after,false,enter_extended_session,1003,500300321388,2039762178132,2039765247614,3.069482,positive,,false
real_can_latency_20260710,34,after,false,request_security_seed,2701,67011222,2039791489526,2039794517593,3.028067,positive,,false
real_can_latency_20260710,34,after,false,send_security_key,2702B778,6702,2039820769213,2039823792949,3.023736,positive,,false
real_can_latency_20260710,34,after,false,read_target_before,221234,621234,2039850044011,2039853124249,3.080238,positive,,false
real_can_latency_20260710,34,after,false,write_target,2E12340022,7F2E31,2039879326980,2039882451218,3.124238,negative,0x31,false
real_can_latency_20260710,34,after,false,read_target_after,221234,621234,2039908660235,2039911698918,3.038683,positive,,false
real_can_latency_20260710,35,after,false,session_reset,1001,500100321388,2039938035256,2039940971969,2.936713,positive,,false
real_can_latency_20260710,35,after,false,enter_extended_session,1003,500300321388,2039967216047,2039970340355,3.124308,positive,,false
real_can_latency_20260710,35,after,false,request_security_seed,2701,67011223,2039996550350,2039999636385,3.086035,positive,,false
real_can_latency_20260710,35,after,false,send_security_key,2702B779,6702,2040025885002,2040028910763,3.025761,positive,,false
real_can_latency_20260710,35,after,false,read_target_before,221234,621234,2040055167971,2040058204279,3.036308,positive,,false
real_can_latency_20260710,35,after,false,write_target,2E12340023,7F2E31,2040084417626,2040087512531,3.094905,negative,0x31,false
real_can_latency_20260710,35,after,false,read_target_after,221234,621234,2040113765967,2040116796757,3.030790,positive,,false
real_can_latency_20260710,36,after,false,session_reset,1001,500100321388,2040143158798,2040146123098,2.964300,positive,,false
real_can_latency_20260710,36,after,false,enter_extended_session,1003,500300321388,2040172348528,2040175742007,3.393479,positive,,false
real_can_latency_20260710,36,after,false,request_security_seed,2701,67011224,2040201960103,2040204670529,2.710426,positive,,false
real_can_latency_20260710,36,after,false,send_security_key,2702B77E,6702,2040230893863,2040233951333,3.057470,positive,,false
real_can_latency_20260710,36,after,false,read_target_before,221234,621234,2040260239341,2040263284867,3.045526,positive,,false
real_can_latency_20260710,36,after,false,write_target,2E12340024,7F2E31,2040289541098,2040292631742,3.090644,negative,0x31,false
real_can_latency_20260710,36,after,false,read_target_after,221234,621234,2040318878194,2040321885168,3.006974,positive,,false
real_can_latency_20260710,37,after,false,session_reset,1001,500100321388,2040348282549,2040351213744,2.931195,positive,,false
real_can_latency_20260710,37,after,false,enter_extended_session,1003,500300321388,2040377493790,2040380463399,2.969609,positive,,false
real_can_latency_20260710,37,after,false,request_security_seed,2701,67011225,2040406703635,2040409777308,3.073673,positive,,false
real_can_latency_20260710,37,after,false,send_security_key,2702B77F,6702,2040436030605,2040439121878,3.091273,positive,,false
real_can_latency_20260710,37,after,false,read_target_before,221234,621234,2040465329987,2040468373558,3.043571,positive,,false
real_can_latency_20260710,37,after,false,write_target,2E12340025,7F2E31,2040494615820,2040497679505,3.063685,negative,0x31,false
real_can_latency_20260710,37,after,false,read_target_after,221234,621234,2040523923653,2040526930068,3.006415,positive,,false
real_can_latency_20260710,38,after,false,session_reset,1001,500100321388,2040553251600,2040556149201,2.897601,positive,,false
real_can_latency_20260710,38,after,false,enter_extended_session,1003,500300321388,2040582384130,2040585610267,3.226137,positive,,false
real_can_latency_20260710,38,after,false,request_security_seed,2701,67011226,2040611831018,2040614821439,2.990421,positive,,false
real_can_latency_20260710,38,after,false,send_security_key,2702B77C,6702,2040641049174,2040644134510,3.085336,positive,,false
real_can_latency_20260710,38,after,false,read_target_before,221234,621234,2040670382290,2040673477823,3.095533,positive,,false
real_can_latency_20260710,38,after,false,write_target,2E12340026,7F2E31,2040699698364,2040702783351,3.084987,negative,0x31,false
real_can_latency_20260710,38,after,false,read_target_after,221234,621234,2040728994254,2040732083641,3.089387,positive,,false
real_can_latency_20260710,39,after,false,session_reset,1001,500100321388,2040758420259,2040761308781,2.888522,positive,,false
real_can_latency_20260710,39,after,false,enter_extended_session,1003,500300321388,2040787559843,2040790681497,3.121654,positive,,false
real_can_latency_20260710,39,after,false,request_security_seed,2701,67011227,2040816906508,2040819956225,3.049717,positive,,false
real_can_latency_20260710,39,after,false,send_security_key,2702B77D,6702,2040846203655,2040849229137,3.025482,positive,,false
real_can_latency_20260710,39,after,false,read_target_before,221234,621234,2040875471469,2040878511618,3.040149,positive,,false
real_can_latency_20260710,39,after,false,write_target,2E12340027,7F2E31,2040904759187,2040907817285,3.058098,negative,0x31,false
real_can_latency_20260710,39,after,false,read_target_after,221234,621234,2040934075262,2040937160179,3.084917,positive,,false
real_can_latency_20260710,40,after,false,session_reset,1001,500100321388,2040963547502,2040966435186,2.887684,positive,,false
real_can_latency_20260710,40,after,false,enter_extended_session,1003,500300321388,2040992684293,2040995710473,3.026180,positive,,false
real_can_latency_20260710,40,after,false,request_security_seed,2701,67011228,2041021971592,2041025112383,3.140791,positive,,false
real_can_latency_20260710,40,after,false,send_security_key,2702B772,6702,2041051378740,2041054302951,2.924211,positive,,false
real_can_latency_20260710,40,after,false,read_target_before,221234,621234,2041080548635,2041083634112,3.085477,positive,,false
real_can_latency_20260710,40,after,false,write_target,2E12340028,7F2E31,2041109884615,2041112943900,3.059285,negative,0x31,false
real_can_latency_20260710,40,after,false,read_target_after,221234,621234,2041139182460,2041142204101,3.021641,positive,,false
real_can_latency_20260710,41,after,false,session_reset,1001,500100321388,2041168579062,2041171479527,2.900465,positive,,false
real_can_latency_20260710,41,after,false,enter_extended_session,1003,500300321388,2041197691268,2041200825424,3.134156,positive,,false
real_can_latency_20260710,41,after,false,request_security_seed,2701,67011229,2041227069711,2041230133676,3.063965,positive,,false
real_can_latency_20260710,41,after,false,send_security_key,2702B773,6702,2041256391373,2041259383540,2.992167,positive,,false
real_can_latency_20260710,41,after,false,read_target_before,221234,621234,2041285622938,2041288686624,3.063686,positive,,false
real_can_latency_20260710,41,after,false,write_target,2E12340029,7F2E31,2041314935940,2041317998717,3.062777,negative,0x31,false
real_can_latency_20260710,41,after,false,read_target_after,221234,621234,2041344272757,2041347316468,3.043711,positive,,false
real_can_latency_20260710,42,after,false,session_reset,1001,500100321388,2041373697575,2041376595875,2.898300,positive,,false
real_can_latency_20260710,42,after,false,enter_extended_session,1003,500300321388,2041402840023,2041405882267,3.042244,positive,,false
real_can_latency_20260710,42,after,false,request_security_seed,2701,6701122A,2041432119220,2041435153363,3.034143,positive,,false
real_can_latency_20260710,42,after,false,send_security_key,2702B770,6702,2041461386545,2041464461615,3.075070,positive,,false
real_can_latency_20260710,42,after,false,read_target_before,221234,621234,2041490702270,2041493753873,3.051603,positive,,false
real_can_latency_20260710,42,after,false,write_target,2E1234002A,7F2E31,2041519989430,2041523065477,3.076047,negative,0x31,false
real_can_latency_20260710,42,after,false,read_target_after,221234,621234,2041549304387,2041552347958,3.043571,positive,,false
real_can_latency_20260710,43,after,false,session_reset,1001,500100321388,2041578726202,2041581649156,2.922954,positive,,false
real_can_latency_20260710,43,after,false,enter_extended_session,1003,500300321388,2041607900078,2041610961459,3.061381,positive,,false
real_can_latency_20260710,43,after,false,request_security_seed,2701,6701122B,2041637176971,2041640249177,3.072206,positive,,false
real_can_latency_20260710,43,after,false,send_security_key,2702B771,6702,2041666501845,2041669538292,3.036447,positive,,false
real_can_latency_20260710,43,after,false,read_target_before,221234,621234,2041695953413,2041698804849,2.851436,positive,,false
real_can_latency_20260710,43,after,false,write_target,2E1234002B,7F2E31,2041725054304,2041728171768,3.117464,negative,0x31,false
real_can_latency_20260710,43,after,false,read_target_after,221234,621234,2041754399293,2041757437137,3.037844,positive,,false
real_can_latency_20260710,44,after,false,session_reset,1001,500100321388,2041783807559,2041786739872,2.932313,positive,,false
real_can_latency_20260710,44,after,false,enter_extended_session,1003,500300321388,2041812986254,2041816073616,3.087362,positive,,false
real_can_latency_20260710,44,after,false,request_security_seed,2701,6701122C,2041842314760,2041845293937,2.979177,positive,,false
real_can_latency_20260710,44,after,false,send_security_key,2702B776,6702,2041871564345,2041874643466,3.079121,positive,,false
real_can_latency_20260710,44,after,false,read_target_before,221234,621234,2041900866870,2041903929019,3.062149,positive,,false
real_can_latency_20260710,44,after,false,write_target,2E1234002C,7F2E31,2041930175681,2041933254033,3.078352,negative,0x31,false
real_can_latency_20260710,44,after,false,read_target_after,221234,621234,2041959468917,2041962537002,3.068085,positive,,false
real_can_latency_20260710,45,after,false,session_reset,1001,500100321388,2041988936269,2041991830727,2.894458,positive,,false
real_can_latency_20260710,45,after,false,enter_extended_session,1003,500300321388,2042018084932,2042021140446,3.055514,positive,,false
real_can_latency_20260710,45,after,false,request_security_seed,2701,6701122D,2042047373139,2042050413567,3.040428,positive,,false
real_can_latency_20260710,45,after,false,send_security_key,2702B777,6702,2042076640254,2042079704708,3.064454,positive,,false
real_can_latency_20260710,45,after,false,read_target_before,221234,621234,2042105918963,2042108960020,3.041057,positive,,false
real_can_latency_20260710,45,after,false,write_target,2E1234002D,7F2E31,2042135197044,2042138329873,3.132829,negative,0x31,false
real_can_latency_20260710,45,after,false,read_target_after,221234,621234,2042164564103,2042167673604,3.109501,positive,,false
real_can_latency_20260710,46,after,false,session_reset,1001,500100321388,2042194060928,2042196863055,2.802127,positive,,false
real_can_latency_20260710,46,after,false,enter_extended_session,1003,500300321388,2042223130041,2042226167117,3.037076,positive,,false
real_can_latency_20260710,46,after,false,request_security_seed,2701,6701122E,2042252405677,2042255484379,3.078702,positive,,false
real_can_latency_20260710,46,after,false,send_security_key,2702B774,6702,2042281752133,2042284722789,2.970656,positive,,false
real_can_latency_20260710,46,after,false,read_target_before,221234,621234,2042311200278,2042314037815,2.837537,positive,,false
real_can_latency_20260710,46,after,false,write_target,2E1234002E,7F2E31,2042340222807,2042343396982,3.174175,negative,0x31,false
real_can_latency_20260710,46,after,false,read_target_after,221234,621234,2042369605790,2042372619818,3.014028,positive,,false
real_can_latency_20260710,47,after,false,session_reset,1001,500100321388,2042398990100,2042402030458,3.040358,positive,,false
real_can_latency_20260710,47,after,false,enter_extended_session,1003,500300321388,2042428247367,2042431319783,3.072416,positive,,false
real_can_latency_20260710,47,after,false,request_security_seed,2701,6701122F,2042457525797,2042460582149,3.056352,positive,,false
real_can_latency_20260710,47,after,false,send_security_key,2702B775,6702,2042486794867,2042489891867,3.097000,positive,,false
real_can_latency_20260710,47,after,false,read_target_before,221234,621234,2042516130497,2042519194253,3.063756,positive,,false
real_can_latency_20260710,47,after,false,write_target,2E1234002F,7F2E31,2042545428902,2042548525273,3.096371,negative,0x31,false
real_can_latency_20260710,47,after,false,read_target_after,221234,621234,2042574750005,2042577776325,3.026320,positive,,false
real_can_latency_20260710,48,after,false,session_reset,1001,500100321388,2042604023964,2042607031217,3.007253,positive,,false
real_can_latency_20260710,48,after,false,enter_extended_session,1003,500300321388,2042633252736,2042636367755,3.115019,positive,,false
real_can_latency_20260710,48,after,false,request_security_seed,2701,67011230,2042662607224,2042665682782,3.075558,positive,,false
real_can_latency_20260710,48,after,false,send_security_key,2702B76A,6702,2042691915476,2042694986215,3.070739,positive,,false
real_can_latency_20260710,48,after,false,read_target_before,221234,621234,2042721274922,2042724592203,3.317281,positive,,false
real_can_latency_20260710,48,after,false,write_target,2E12340030,7F2E31,2042750838446,2042753562141,2.723695,negative,0x31,false
real_can_latency_20260710,48,after,false,read_target_after,221234,621234,2042779802517,2042782855517,3.053000,positive,,false
real_can_latency_20260710,49,after,false,session_reset,1001,500100321388,2042809230897,2042812136600,2.905703,positive,,false
real_can_latency_20260710,49,after,false,enter_extended_session,1003,500300321388,2042838344081,2042841464897,3.120816,positive,,false
real_can_latency_20260710,49,after,false,request_security_seed,2701,67011231,2042867672168,2042870737111,3.064943,positive,,false
real_can_latency_20260710,49,after,false,send_security_key,2702B76B,6702,2042896974623,2042900121770,3.147147,positive,,false
real_can_latency_20260710,49,after,false,read_target_before,221234,621234,2042926373460,2042929377570,3.004110,positive,,false
real_can_latency_20260710,49,after,false,write_target,2E12340031,7F2E31,2042955705249,2042958669060,2.963811,negative,0x31,false
real_can_latency_20260710,49,after,false,read_target_after,221234,621234,2042984890230,2042987945185,3.054955,positive,,false
real_can_latency_20260710,50,after,false,session_reset,1001,500100321388,2043014291861,2043017212440,2.920579,positive,,false
real_can_latency_20260710,50,after,false,enter_extended_session,1003,500300321388,2043043436124,2043046535289,3.099165,positive,,false
real_can_latency_20260710,50,after,false,request_security_seed,2701,67011232,2043072787748,2043075828106,3.040358,positive,,false
real_can_latency_20260710,50,after,false,send_security_key,2702B768,6702,2043102081054,2043105146276,3.065222,positive,,false
real_can_latency_20260710,50,after,false,read_target_before,221234,621234,2043131394125,2043134446007,3.051882,positive,,false
real_can_latency_20260710,50,after,false,write_target,2E12340032,7F2E31,2043160669970,2043163773326,3.103356,negative,0x31,false
real_can_latency_20260710,50,after,false,read_target_after,221234,621234,2043190022991,2043193060486,3.037495,positive,,false
real_can_latency_20260710,51,after,false,session_reset,1001,500100321388,2043219401085,2043222332629,2.931544,positive,,false
real_can_latency_20260710,51,after,false,enter_extended_session,1003,500300321388,2043248548770,2043251638856,3.090086,positive,,false
real_can_latency_20260710,51,after,false,request_security_seed,2701,67011233,2043277841657,2043280943197,3.101540,positive,,false
real_can_latency_20260710,51,after,false,send_security_key,2702B769,6702,2043307198659,2043310193131,2.994472,positive,,false
real_can_latency_20260710,51,after,false,read_target_before,221234,621234,2043336444612,2043339515282,3.070670,positive,,false
real_can_latency_20260710,51,after,false,write_target,2E12340033,7F2E31,2043365729257,2043368996742,3.267485,negative,0x31,false
real_can_latency_20260710,51,after,false,read_target_after,221234,621234,2043395240400,2043398084154,2.843754,positive,,false
real_can_latency_20260710,52,after,false,session_reset,1001,500100321388,2043424419096,2043427413987,2.994891,positive,,false
real_can_latency_20260710,52,after,false,enter_extended_session,1003,500300321388,2043453638020,2043456698493,3.060473,positive,,false
real_can_latency_20260710,52,after,false,request_security_seed,2701,67011234,2043482949694,2043485983906,3.034212,positive,,false
real_can_latency_20260710,52,after,false,send_security_key,2702B76E,6702,2043512257457,2043515286361,3.028904,positive,,false
real_can_latency_20260710,52,after,false,read_target_before,221234,621234,2043541522617,2043544740793,3.218176,positive,,false
real_can_latency_20260710,52,after,false,write_target,2E12340034,7F2E31,2043570986058,2043573877373,2.891315,negative,0x31,false
real_can_latency_20260710,52,after,false,read_target_after,221234,621234,2043600142543,2043603184717,3.042174,positive,,false
real_can_latency_20260710,53,after,false,session_reset,1001,500100321388,2043629557723,2043632478233,2.920510,positive,,false
real_can_latency_20260710,53,after,false,enter_extended_session,1003,500300321388,2043658713091,2043661782853,3.069762,positive,,false
real_can_latency_20260710,53,after,false,request_security_seed,2701,67011235,2043688031959,2043691123093,3.091134,positive,,false
real_can_latency_20260710,53,after,false,send_security_key,2702B76F,6702,2043717366681,2043720382246,3.015565,positive,,false
real_can_latency_20260710,53,after,false,read_target_before,221234,621234,2043746619270,2043749675272,3.056002,positive,,false
real_can_latency_20260710,53,after,false,write_target,2E12340035,7F2E31,2043775932550,2043778996585,3.064035,negative,0x31,false
real_can_latency_20260710,53,after,false,read_target_after,221234,621234,2043805293463,2043808263002,2.969539,positive,,false
real_can_latency_20260710,54,after,false,session_reset,1001,500100321388,2043834804326,2043837546949,2.742623,positive,,false
real_can_latency_20260710,54,after,false,enter_extended_session,1003,500300321388,2043863761553,2043866853315,3.091762,positive,,false
real_can_latency_20260710,54,after,false,request_security_seed,2701,67011236,2043893044732,2043896180285,3.135553,positive,,false
real_can_latency_20260710,54,after,false,send_security_key,2702B76C,6702,2043922408857,2043925461857,3.053000,positive,,false
real_can_latency_20260710,54,after,false,read_target_before,221234,621234,2043951681350,2043954706972,3.025622,positive,,false
real_can_latency_20260710,54,after,false,write_target,2E12340036,7F2E31,2043980921786,2043984127530,3.205744,negative,0x31,false
real_can_latency_20260710,54,after,false,read_target_after,221234,621234,2044010370141,2044013356511,2.986370,positive,,false
real_can_latency_20260710,55,after,false,session_reset,1001,500100321388,2044039722044,2044042620065,2.898021,positive,,false
real_can_latency_20260710,55,after,false,enter_extended_session,1003,500300321388,2044068858765,2044071915186,3.056421,positive,,false
real_can_latency_20260710,55,after,false,request_security_seed,2701,67011237,2044098159963,2044101189426,3.029463,positive,,false
real_can_latency_20260710,55,after,false,send_security_key,2702B76D,6702,2044127433224,2044130525056,3.091832,positive,,false
real_can_latency_20260710,55,after,false,read_target_before,221234,621234,2044156754327,2044159810679,3.056352,positive,,false
real_can_latency_20260710,55,after,false,write_target,2E12340037,7F2E31,2044186073963,2044189379441,3.305478,negative,0x31,false
real_can_latency_20260710,55,after,false,read_target_after,221234,621234,2044215621773,2044218376408,2.754635,positive,,false
real_can_latency_20260710,56,after,false,session_reset,1001,500100321388,2044244759890,2044247660355,2.900465,positive,,false
real_can_latency_20260710,56,after,false,enter_extended_session,1003,500300321388,2044273897169,2044276994798,3.097629,positive,,false
real_can_latency_20260710,56,after,false,request_security_seed,2701,67011238,2044303231891,2044306347958,3.116067,positive,,false
real_can_latency_20260710,56,after,false,send_security_key,2702B762,6702,2044332633173,2044335718719,3.085546,positive,,false
real_can_latency_20260710,56,after,false,read_target_before,221234,621234,2044361961330,2044364907052,2.945722,positive,,false
real_can_latency_20260710,56,after,false,write_target,2E12340038,7F2E31,2044391166006,2044394235209,3.069203,negative,0x31,false
real_can_latency_20260710,56,after,false,read_target_after,221234,621234,2044420483827,2044423523487,3.039660,positive,,false
real_can_latency_20260710,57,after,false,session_reset,1001,500100321388,2044449894188,2044452815326,2.921138,positive,,false
real_can_latency_20260710,57,after,false,enter_extended_session,1003,500300321388,2044479032864,2044482088797,3.055933,positive,,false
real_can_latency_20260710,57,after,false,request_security_seed,2701,67011239,2044508366468,2044511412693,3.046225,positive,,false
real_can_latency_20260710,57,after,false,send_security_key,2702B763,6702,2044537648669,2044540754400,3.105731,positive,,false
real_can_latency_20260710,57,after,false,read_target_before,221234,621234,2044566975290,2044570026753,3.051463,positive,,false
real_can_latency_20260710,57,after,false,write_target,2E12340039,7F2E31,2044596324330,2044599413787,3.089457,negative,0x31,false
real_can_latency_20260710,57,after,false,read_target_after,221234,621234,2044625681750,2044628584101,2.902351,positive,,false
real_can_latency_20260710,58,after,false,session_reset,1001,500100321388,2044654817214,2044657771666,2.954452,positive,,false
real_can_latency_20260710,58,after,false,enter_extended_session,1003,500300321388,2044684051852,2044687144522,3.092670,positive,,false
real_can_latency_20260710,58,after,false,request_security_seed,2701,6701123A,2044713376797,2044716481340,3.104543,positive,,false
real_can_latency_20260710,58,after,false,send_security_key,2702B760,6702,2044742747417,2044745775414,3.027997,positive,,false
real_can_latency_20260710,58,after,false,read_target_before,221234,621234,2044772014882,2044775129901,3.115019,positive,,false
real_can_latency_20260710,58,after,false,write_target,2E1234003A,7F2E31,2044801381312,2044804402185,3.020873,negative,0x31,false
real_can_latency_20260710,58,after,false,read_target_after,221234,621234,2044830615322,2044833689973,3.074651,positive,,false
real_can_latency_20260710,59,after,false,session_reset,1001,500100321388,2044860072477,2044862968193,2.895716,positive,,false
real_can_latency_20260710,59,after,false,enter_extended_session,1003,500300321388,2044889183705,2044892287340,3.103635,positive,,false
real_can_latency_20260710,59,after,false,request_security_seed,2701,6701123B,2044918525551,2044921558716,3.033165,positive,,false
real_can_latency_20260710,59,after,false,send_security_key,2702B761,6702,2044947824445,2044950871717,3.047272,positive,,false
real_can_latency_20260710,59,after,false,read_target_before,221234,621234,2044977141217,2044980161322,3.020105,positive,,false
real_can_latency_20260710,59,after,false,write_target,2E1234003B,7F2E31,2045006407914,2045009461123,3.053209,negative,0x31,false
real_can_latency_20260710,59,after,false,read_target_after,221234,621234,2045035680197,2045038746746,3.066549,positive,,false
real_can_latency_20260710,60,after,false,session_reset,1001,500100321388,2045065073936,2045067984388,2.910452,positive,,false
real_can_latency_20260710,60,after,false,enter_extended_session,1003,500300321388,2045094251933,2045097361365,3.109432,positive,,false
real_can_latency_20260710,60,after,false,request_security_seed,2701,6701123C,2045123601252,2045126832278,3.231026,positive,,false
real_can_latency_20260710,60,after,false,send_security_key,2702B766,6702,2045153143754,2045155929049,2.785295,positive,,false
real_can_latency_20260710,60,after,false,read_target_before,221234,621234,2045182149241,2045185200006,3.050765,positive,,false
real_can_latency_20260710,60,after,false,write_target,2E1234003C,7F2E31,2045211415169,2045214532772,3.117603,negative,0x31,false
real_can_latency_20260710,60,after,false,read_target_after,221234,621234,2045240777199,2045243846053,3.068854,positive,,false
real_can_latency_20260710,61,after,false,session_reset,1001,500100321388,2045270283034,2045273290497,3.007463,positive,,false
real_can_latency_20260710,61,after,false,enter_extended_session,1003,500300321388,2045299511876,2045302422747,2.910871,positive,,false
real_can_latency_20260710,61,after,false,request_security_seed,2701,6701123D,2045328698952,2045331711374,3.012422,positive,,false
real_can_latency_20260710,61,after,false,send_security_key,2702B767,6702,2045357932823,2045361055594,3.122771,positive,,false
real_can_latency_20260710,61,after,false,read_target_before,221234,621234,2045387299463,2045390325433,3.025970,positive,,false
real_can_latency_20260710,61,after,false,write_target,2E1234003D,7F2E31,2045416554286,2045419638435,3.084149,negative,0x31,false
real_can_latency_20260710,61,after,false,read_target_after,221234,621234,2045445883141,2045448920496,3.037355,positive,,false
real_can_latency_20260710,62,after,false,session_reset,1001,500100321388,2045475315013,2045478174062,2.859049,positive,,false
real_can_latency_20260710,62,after,false,enter_extended_session,1003,500300321388,2045504396628,2045507542029,3.145401,positive,,false
real_can_latency_20260710,62,after,false,request_security_seed,2701,6701123E,2045533763827,2045537046816,3.282989,positive,,false
real_can_latency_20260710,62,after,false,send_security_key,2702B764,6702,2045563309123,2045566109784,2.800661,positive,,false
real_can_latency_20260710,62,after,false,read_target_before,221234,621234,2045592540130,2045595391566,2.851436,positive,,false
real_can_latency_20260710,62,after,false,write_target,2E1234003E,7F2E31,2045621680272,2045624729500,3.049228,negative,0x31,false
real_can_latency_20260710,62,after,false,read_target_after,221234,621234,2045650977559,2045654035448,3.057889,positive,,false
real_can_latency_20260710,63,after,false,session_reset,1001,500100321388,2045680409850,2045683275813,2.865963,positive,,false
real_can_latency_20260710,63,after,false,enter_extended_session,1003,500300321388,2045709521847,2045712603063,3.081216,positive,,false
real_can_latency_20260710,63,after,false,request_security_seed,2701,6701123F,2045738845045,2045741883168,3.038123,positive,,false
real_can_latency_20260710,63,after,false,send_security_key,2702B765,6702,2045768143310,2045771218589,3.075279,positive,,false
real_can_latency_20260710,63,after,false,read_target_before,221234,621234,2045797438012,2045800489126,3.051114,positive,,false
real_can_latency_20260710,63,after,false,write_target,2E1234003F,7F2E31,2045826719725,2045829811556,3.091831,negative,0x31,false
real_can_latency_20260710,63,after,false,read_target_after,221234,621234,2045856063526,2045859146907,3.083381,positive,,false
real_can_latency_20260710,64,after,false,session_reset,1001,500100321388,2045885597298,2045888391254,2.793956,positive,,false
real_can_latency_20260710,64,after,false,enter_extended_session,1003,500300321388,2045914647065,2045917707119,3.060054,positive,,false
real_can_latency_20260710,64,after,false,request_security_seed,2701,67011240,2045943918720,2045947027174,3.108454,positive,,false
real_can_latency_20260710,64,after,false,send_security_key,2702B71A,6702,2045973236610,2045976190155,2.953545,positive,,false
real_can_latency_20260710,64,after,false,read_target_before,221234,621234,2046002401267,2046005497988,3.096721,positive,,false
real_can_latency_20260710,64,after,false,write_target,2E12340040,7F2E31,2046031764904,2046034894171,3.129267,negative,0x31,false
real_can_latency_20260710,64,after,false,read_target_after,221234,621234,2046061134827,2046064133629,2.998802,positive,,false
real_can_latency_20260710,65,after,false,session_reset,1001,500100321388,2046090454184,2046093438110,2.983926,positive,,false
real_can_latency_20260710,65,after,false,enter_extended_session,1003,500300321388,2046119698949,2046122712698,3.013749,positive,,false
real_can_latency_20260710,65,after,false,request_security_seed,2701,67011241,2046148916058,2046152068442,3.152384,positive,,false
real_can_latency_20260710,65,after,false,send_security_key,2702B71B,6702,2046178332914,2046181344078,3.011164,positive,,false
real_can_latency_20260710,65,after,false,read_target_before,221234,621234,2046207552467,2046210642203,3.089736,positive,,false
real_can_latency_20260710,65,after,false,write_target,2E12340041,7F2E31,2046236865468,2046239962468,3.097000,negative,0x31,false
real_can_latency_20260710,65,after,false,read_target_after,221234,621234,2046266421799,2046269181253,2.759454,positive,,false
real_can_latency_20260710,66,after,false,session_reset,1001,500100321388,2046295548113,2046298543423,2.995310,positive,,false
real_can_latency_20260710,66,after,false,enter_extended_session,1003,500300321388,2046324798187,2046327842805,3.044618,positive,,false
real_can_latency_20260710,66,after,false,request_security_seed,2701,67011242,2046354088769,2046357157203,3.068434,positive,,false
real_can_latency_20260710,66,after,false,send_security_key,2702B718,6702,2046383407916,2046386452884,3.044968,positive,,false
real_can_latency_20260710,66,after,false,read_target_before,221234,621234,2046412702270,2046415734945,3.032675,positive,,false
real_can_latency_20260710,66,after,false,write_target,2E12340042,7F2E31,2046441980001,2046445088874,3.108873,negative,0x31,false
real_can_latency_20260710,66,after,false,read_target_after,221234,621234,2046471338749,2046474514810,3.176061,positive,,false
real_can_latency_20260710,67,after,false,session_reset,1001,500100321388,2046500868400,2046503596215,2.727815,positive,,false
real_can_latency_20260710,67,after,false,enter_extended_session,1003,500300321388,2046529869627,2046532922766,3.053139,positive,,false
real_can_latency_20260710,67,after,false,request_security_seed,2701,67011243,2046559219365,2046562205246,2.985881,positive,,false
real_can_latency_20260710,67,after,false,send_security_key,2702B719,6702,2046588471883,2046591514476,3.042593,positive,,false
real_can_latency_20260710,67,after,false,read_target_before,221234,621234,2046617755341,2046620823846,3.068505,positive,,false
real_can_latency_20260710,67,after,false,write_target,2E12340043,7F2E31,2046647074419,2046650144111,3.069692,negative,0x31,false
real_can_latency_20260710,67,after,false,read_target_after,221234,621234,2046676359274,2046679390413,3.031139,positive,,false
real_can_latency_20260710,68,after,false,session_reset,1001,500100321388,2046705779064,2046708617090,2.838026,positive,,false
real_can_latency_20260710,68,after,false,enter_extended_session,1003,500300321388,2046734846780,2046738035133,3.188353,positive,,false
real_can_latency_20260710,68,after,false,request_security_seed,2701,67011244,2046764307148,2046767302947,2.995799,positive,,false
real_can_latency_20260710,68,after,false,send_security_key,2702B71E,6702,2046793568746,2046796580259,3.011513,positive,,false
real_can_latency_20260710,68,after,false,read_target_before,221234,621234,2046822800451,2046825905134,3.104683,positive,,false
real_can_latency_20260710,68,after,false,write_target,2E12340044,7F2E31,2046852165275,2046855444283,3.279008,negative,0x31,false
real_can_latency_20260710,68,after,false,read_target_after,221234,621234,2046881675859,2046884480990,2.805131,positive,,false
real_can_latency_20260710,69,after,false,session_reset,1001,500100321388,2046910843939,2046913762562,2.918623,positive,,false
real_can_latency_20260710,69,after,false,enter_extended_session,1003,500300321388,2046940057066,2046943130320,3.073254,positive,,false
real_can_latency_20260710,69,after,false,request_security_seed,2701,67011245,2046969407084,2046972381162,2.974078,positive,,false
real_can_latency_20260710,69,after,false,send_security_key,2702B71F,6702,2046998662395,2047001662734,3.000339,positive,,false
real_can_latency_20260710,69,after,false,read_target_before,221234,621234,2047027909396,2047031019108,3.109712,positive,,false
real_can_latency_20260710,69,after,false,write_target,2E12340045,7F2E31,2047057249636,2047060273931,3.024295,negative,0x31,false
real_can_latency_20260710,69,after,false,read_target_after,221234,621234,2047086710423,2047089550614,2.840191,positive,,false
real_can_latency_20260710,70,after,false,session_reset,1001,500100321388,2047115913214,2047118887432,2.974218,positive,,false
real_can_latency_20260710,70,after,false,enter_extended_session,1003,500300321388,2047145153649,2047148175639,3.021990,positive,,false
real_can_latency_20260710,70,after,false,request_security_seed,2701,67011246,2047174416923,2047177423827,3.006904,positive,,false
real_can_latency_20260710,70,after,false,send_security_key,2702B71C,6702,2047203668673,2047206751426,3.082753,positive,,false
real_can_latency_20260710,70,after,false,read_target_before,221234,621234,2047232983630,2047236055836,3.072206,positive,,false
real_can_latency_20260710,70,after,false,write_target,2E12340046,7F2E31,2047262315768,2047265378965,3.063197,negative,0x31,false
real_can_latency_20260710,70,after,false,read_target_after,221234,621234,2047291622274,2047294679045,3.056771,positive,,false
real_can_latency_20260710,71,after,false,session_reset,1001,500100321388,2047321118890,2047323945672,2.826782,positive,,false
real_can_latency_20260710,71,after,false,enter_extended_session,1003,500300321388,2047350208467,2047353231505,3.023038,positive,,false
real_can_latency_20260710,71,after,false,request_security_seed,2701,67011247,2047379459519,2047382517547,3.058028,positive,,false
real_can_latency_20260710,71,after,false,send_security_key,2702B71D,6702,2047408778247,2047411941038,3.162791,positive,,false
real_can_latency_20260710,71,after,false,read_target_before,221234,621234,2047438191541,2047441179309,2.987768,positive,,false
real_can_latency_20260710,71,after,false,write_target,2E12340047,7F2E31,2047467435050,2047470473872,3.038822,negative,0x31,false
real_can_latency_20260710,71,after,false,read_target_after,221234,621234,2047496734223,2047499953237,3.219014,positive,,false
real_can_latency_20260710,72,after,false,session_reset,1001,500100321388,2047526315417,2047529046934,2.731517,positive,,false
real_can_latency_20260710,72,after,false,enter_extended_session,1003,500300321388,2047555298555,2047558332278,3.033723,positive,,false
real_can_latency_20260710,72,after,false,request_security_seed,2701,67011248,2047584834841,2047587617902,2.783061,positive,,false
real_can_latency_20260710,72,after,false,send_security_key,2702B712,6702,2047613901720,2047616954091,3.052371,positive,,false
real_can_latency_20260710,72,after,false,read_target_before,221234,621234,2047643199006,2047646233079,3.034073,positive,,false
real_can_latency_20260710,72,after,false,write_target,2E12340048,7F2E31,2047672476458,2047675506061,3.029603,negative,0x31,false
real_can_latency_20260710,72,after,false,read_target_after,221234,621234,2047701804825,2047704818154,3.013329,positive,,false
real_can_latency_20260710,73,after,false,session_reset,1001,500100321388,2047731228456,2047734179277,2.950821,positive,,false
real_can_latency_20260710,73,after,false,enter_extended_session,1003,500300321388,2047760438510,2047763433681,2.995171,positive,,false
real_can_latency_20260710,73,after,false,request_security_seed,2701,67011249,2047789671263,2047792689831,3.018568,positive,,false
real_can_latency_20260710,73,after,false,send_security_key,2702B713,6702,2047818938867,2047822031537,3.092670,positive,,false
real_can_latency_20260710,73,after,false,read_target_before,221234,621234,2047848275894,2047851306475,3.030581,positive,,false
real_can_latency_20260710,73,after,false,write_target,2E12340049,7F2E31,2047877553137,2047880612492,3.059355,negative,0x31,false
real_can_latency_20260710,73,after,false,read_target_after,221234,621234,2047906859713,2047909910198,3.050485,positive,,false
real_can_latency_20260710,74,after,false,session_reset,1001,500100321388,2047936321966,2047939192748,2.870782,positive,,false
real_can_latency_20260710,74,after,false,enter_extended_session,1003,500300321388,2047965449747,2047968505819,3.056072,positive,,false
real_can_latency_20260710,74,after,false,request_security_seed,2701,6701124A,2047994747732,2047997785716,3.037984,positive,,false
real_can_latency_20260710,74,after,false,send_security_key,2702B710,6702,2048024046905,2048027361602,3.314697,positive,,false
real_can_latency_20260710,74,after,false,read_target_before,221234,621234,2048053596600,2048056363667,2.767067,positive,,false
real_can_latency_20260710,74,after,false,write_target,2E1234004A,7F2E31,2048082566329,2048085684281,3.117952,negative,0x31,false
real_can_latency_20260710,74,after,false,read_target_after,221234,621234,2048111890156,2048114936101,3.045945,positive,,false
real_can_latency_20260710,75,after,false,session_reset,1001,500100321388,2048141308129,2048144290519,2.982390,positive,,false
real_can_latency_20260710,75,after,false,enter_extended_session,1003,500300321388,2048170581740,2048173553094,2.971354,positive,,false
real_can_latency_20260710,75,after,false,request_security_seed,2701,6701124B,2048199768607,2048203400875,3.632268,positive,,false
real_can_latency_20260710,75,after,false,send_security_key,2702B711,6702,2048229623581,2048232164500,2.540919,positive,,false
real_can_latency_20260710,75,after,false,read_target_before,221234,621234,2048258392933,2048261479457,3.086524,positive,,false
real_can_latency_20260710,75,after,false,write_target,2E1234004B,7F2E31,2048287723814,2048290785824,3.062010,negative,0x31,false
real_can_latency_20260710,75,after,false,read_target_after,221234,621234,2048317044428,2048320272312,3.227884,positive,,false
real_can_latency_20260710,76,after,false,session_reset,1001,500100321388,2048346604181,2048349329273,2.725092,positive,,false
real_can_latency_20260710,76,after,false,enter_extended_session,1003,500300321388,2048375571046,2048378662668,3.091622,positive,,false
real_can_latency_20260710,76,after,false,request_security_seed,2701,6701124C,2048404907934,2048407965752,3.057818,positive,,false
real_can_latency_20260710,76,after,false,send_security_key,2702B716,6702,2048434277647,2048437259687,2.982040,positive,,false
real_can_latency_20260710,76,after,false,read_target_before,221234,621234,2048463466469,2048466518281,3.051812,positive,,false
real_can_latency_20260710,76,after,false,write_target,2E1234004C,7F2E31,2048492727997,2048495812775,3.084778,negative,0x31,false
real_can_latency_20260710,76,after,false,read_target_after,221234,621234,2048522039601,2048525179554,3.139953,positive,,false
real_can_latency_20260710,77,after,false,session_reset,1001,500100321388,2048551556332,2048554449673,2.893341,positive,,false
real_can_latency_20260710,77,after,false,enter_extended_session,1003,500300321388,2048580670214,2048583856402,3.186188,positive,,false
real_can_latency_20260710,77,after,false,request_security_seed,2701,6701124D,2048610073800,2048613033212,2.959412,positive,,false
real_can_latency_20260710,77,after,false,send_security_key,2702B717,6702,2048639288185,2048642336295,3.048110,positive,,false
real_can_latency_20260710,77,after,false,read_target_before,221234,621234,2048668577789,2048671618566,3.040777,positive,,false
real_can_latency_20260710,77,after,false,write_target,2E1234004D,7F2E31,2048697861946,2048700963276,3.101330,negative,0x31,false
real_can_latency_20260710,77,after,false,read_target_after,221234,621234,2048727124102,2048730123603,2.999501,positive,,false
real_can_latency_20260710,78,after,false,session_reset,1001,500100321388,2048756454634,2048759481024,3.026390,positive,,false
real_can_latency_20260710,78,after,false,enter_extended_session,1003,500300321388,2048785696676,2048788840959,3.144283,positive,,false
real_can_latency_20260710,78,after,false,request_security_seed,2701,6701124E,2048815400792,2048818189370,2.788578,positive,,false
real_can_latency_20260710,78,after,false,send_security_key,2702B714,6702,2048844442667,2048847438536,2.995869,positive,,false
real_can_latency_20260710,78,after,false,read_target_before,221234,621234,2048873646994,2048876661441,3.014447,positive,,false
real_can_latency_20260710,78,after,false,write_target,2E1234004E,7F2E31,2048902869201,2048906041910,3.172709,negative,0x31,false
real_can_latency_20260710,78,after,false,read_target_after,221234,621234,2048932300934,2048935291425,2.990491,positive,,false
real_can_latency_20260710,79,after,false,session_reset,1001,500100321388,2048961709339,2048964613995,2.904656,positive,,false
real_can_latency_20260710,79,after,false,enter_extended_session,1003,500300321388,2048990834257,2048993901294,3.067037,positive,,false
real_can_latency_20260710,79,after,false,request_security_seed,2701,6701124F,2049020132731,2049023207870,3.075139,positive,,false
real_can_latency_20260710,79,after,false,send_security_key,2702B715,6702,2049049450761,2049052486579,3.035818,positive,,false
real_can_latency_20260710,79,after,false,read_target_before,221234,621234,2049078771445,2049081772901,3.001456,positive,,false
real_can_latency_20260710,79,after,false,write_target,2E1234004F,7F2E31,2049108057068,2049111164684,3.107616,negative,0x31,false
real_can_latency_20260710,79,after,false,read_target_after,221234,621234,2049137391302,2049140340167,2.948865,positive,,false
real_can_latency_20260710,80,after,false,session_reset,1001,500100321388,2049166673572,2049169691302,3.017730,positive,,false
real_can_latency_20260710,80,after,false,enter_extended_session,1003,500300321388,2049195946764,2049198986145,3.039381,positive,,false
real_can_latency_20260710,80,after,false,request_security_seed,2701,67011250,2049225248940,2049228305013,3.056073,positive,,false
real_can_latency_20260710,80,after,false,send_security_key,2702B70A,6702,2049254548043,2049257573874,3.025831,positive,,false
real_can_latency_20260710,80,after,false,read_target_before,221234,621234,2049283780377,2049286880310,3.099933,positive,,false
real_can_latency_20260710,80,after,false,write_target,2E12340050,7F2E31,2049313142687,2049316226207,3.083520,negative,0x31,false
real_can_latency_20260710,80,after,false,read_target_after,221234,621234,2049342462812,2049345470554,3.007742,positive,,false
real_can_latency_20260710,81,after,false,session_reset,1001,500100321388,2049371894265,2049374950617,3.056352,positive,,false
real_can_latency_20260710,81,after,false,enter_extended_session,1003,500300321388,2049401174092,2049404110665,2.936573,positive,,false
real_can_latency_20260710,81,after,false,request_security_seed,2701,67011251,2049430309066,2049433334059,3.024993,positive,,false
real_can_latency_20260710,81,after,false,send_security_key,2702B70B,6702,2049459759027,2049462648108,2.889081,positive,,false
real_can_latency_20260710,81,after,false,read_target_before,221234,621234,2049488855868,2049491987580,3.131712,positive,,false
real_can_latency_20260710,81,after,false,write_target,2E12340051,7F2E31,2049518293118,2049521252949,2.959831,negative,0x31,false
real_can_latency_20260710,81,after,false,read_target_after,221234,621234,2049547457566,2049550724701,3.267135,positive,,false
real_can_latency_20260710,82,after,false,session_reset,1001,500100321388,2049577046862,2049579856532,2.809670,positive,,false
real_can_latency_20260710,82,after,false,enter_extended_session,1003,500300321388,2049606417483,2049609201242,2.783759,positive,,false
real_can_latency_20260710,82,after,false,request_security_seed,2701,67011252,2049635468368,2049638649387,3.181019,positive,,false
real_can_latency_20260710,82,after,false,send_security_key,2702B708,6702,2049664872163,2049667708653,2.836490,positive,,false
real_can_latency_20260710,82,after,false,read_target_before,221234,621234,2049693907473,2049697049312,3.141839,positive,,false
real_can_latency_20260710,82,after,false,write_target,2E12340052,7F2E31,2049723276069,2049726350650,3.074581,negative,0x31,false
real_can_latency_20260710,82,after,false,read_target_after,221234,621234,2049752580131,2049755631035,3.050904,positive,,false
real_can_latency_20260710,83,after,false,session_reset,1001,500100321388,2049782049857,2049784907858,2.858001,positive,,false
real_can_latency_20260710,83,after,false,enter_extended_session,1003,500300321388,2049811141390,2049814258225,3.116835,positive,,false
real_can_latency_20260710,83,after,false,request_security_seed,2701,67011253,2049840483655,2049843525201,3.041546,positive,,false
real_can_latency_20260710,83,after,false,send_security_key,2702B709,6702,2049869778986,2049872844767,3.065781,positive,,false
real_can_latency_20260710,83,after,false,read_target_before,221234,621234,2049899112102,2049902241090,3.128988,positive,,false
real_can_latency_20260710,83,after,false,write_target,2E12340053,7F2E31,2049928453739,2049931474891,3.021152,negative,0x31,false
real_can_latency_20260710,83,after,false,read_target_after,221234,621234,2049957691730,2049960739003,3.047273,positive,,false
real_can_latency_20260710,84,after,false,session_reset,1001,500100321388,2049987105863,2049990030074,2.924211,positive,,false
real_can_latency_20260710,84,after,false,enter_extended_session,1003,500300321388,2050016247123,2050019338256,3.091133,positive,,false
real_can_latency_20260710,84,after,false,request_security_seed,2701,67011254,2050045581147,2050048590984,3.009837,positive,,false
real_can_latency_20260710,84,after,false,send_security_key,2702B70E,6702,2050074812223,2050078083060,3.270837,positive,,false
real_can_latency_20260710,84,after,false,read_target_before,221234,621234,2050104291937,2050107226206,2.934269,positive,,false
real_can_latency_20260710,84,after,false,write_target,2E12340054,7F2E31,2050133443953,2050136523353,3.079400,negative,0x31,false
real_can_latency_20260710,84,after,false,read_target_after,221234,621234,2050162725945,2050165940978,3.215033,positive,,false
real_can_latency_20260710,85,after,false,session_reset,1001,500100321388,2050192274104,2050195104518,2.830414,positive,,false
real_can_latency_20260710,85,after,false,enter_extended_session,1003,500300321388,2050221308716,2050224411303,3.102587,positive,,false
real_can_latency_20260710,85,after,false,request_security_seed,2701,67011255,2050250616409,2050253678558,3.062149,positive,,false
real_can_latency_20260710,85,after,false,send_security_key,2702B70F,6702,2050279926756,2050283027039,3.100283,positive,,false
real_can_latency_20260710,85,after,false,read_target_before,221234,621234,2050309341029,2050312347304,3.006275,positive,,false
real_can_latency_20260710,85,after,false,write_target,2E12340055,7F2E31,2050338570220,2050341555333,2.985113,negative,0x31,false
real_can_latency_20260710,85,after,false,read_target_after,221234,621234,2050367755690,2050370890824,3.135134,positive,,false
real_can_latency_20260710,86,after,false,session_reset,1001,500100321388,2050397246299,2050400197050,2.950751,positive,,false
real_can_latency_20260710,86,after,false,enter_extended_session,1003,500300321388,2050426438404,2050429494198,3.055794,positive,,false
real_can_latency_20260710,86,after,false,request_security_seed,2701,67011256,2050455696999,2050458778634,3.081635,positive,,false
real_can_latency_20260710,86,after,false,send_security_key,2702B70C,6702,2050484995333,2050488069844,3.074511,positive,,false
real_can_latency_20260710,86,after,false,read_target_before,221234,621234,2050514271388,2050517369646,3.098258,positive,,false
real_can_latency_20260710,86,after,false,write_target,2E12340056,7F2E31,2050543580060,2050546707022,3.126962,negative,0x31,false
real_can_latency_20260710,86,after,false,read_target_after,221234,621234,2050572948376,2050576041605,3.093229,positive,,false
real_can_latency_20260710,87,after,false,session_reset,1001,500100321388,2050602379829,2050605223513,2.843684,positive,,false
real_can_latency_20260710,87,after,false,enter_extended_session,1003,500300321388,2050631427920,2050634579118,3.151198,positive,,false
real_can_latency_20260710,87,after,false,request_security_seed,2701,67011257,2050660791348,2050663838760,3.047412,positive,,false
real_can_latency_20260710,87,after,false,send_security_key,2702B70D,6702,2050690108749,2050693170409,3.061660,positive,,false
real_can_latency_20260710,87,after,false,read_target_before,221234,621234,2050719462398,2050722447721,2.985323,positive,,false
real_can_latency_20260710,87,after,false,write_target,2E12340057,7F2E31,2050748658764,2050751776716,3.117952,negative,0x31,false
real_can_latency_20260710,87,after,false,read_target_after,221234,621234,2050777965619,2050781019806,3.054187,positive,,false
real_can_latency_20260710,88,after,false,session_reset,1001,500100321388,2050807436743,2050810281125,2.844382,positive,,false
real_can_latency_20260710,88,after,false,enter_extended_session,1003,500300321388,2050836520174,2050839659568,3.139394,positive,,false
real_can_latency_20260710,88,after,false,request_security_seed,2701,67011258,2050865881017,2050869372275,3.491258,positive,,false
real_can_latency_20260710,88,after,false,send_security_key,2702B702,6702,2050895624803,2050898260567,2.635764,positive,,false
real_can_latency_20260710,88,after,false,read_target_before,221234,621234,2050924490467,2050927518673,3.028206,positive,,false
real_can_latency_20260710,88,after,false,write_target,2E12340058,7F2E31,2050953787684,2050956847598,3.059914,negative,0x31,false
real_can_latency_20260710,88,after,false,read_target_after,221234,621234,2050983073866,2050986165558,3.091692,positive,,false
real_can_latency_20260710,89,after,false,session_reset,1001,500100321388,2051012568177,2051015387835,2.819658,positive,,false
real_can_latency_20260710,89,after,false,enter_extended_session,1003,500300321388,2051041589519,2051044709567,3.120048,positive,,false
real_can_latency_20260710,89,after,false,request_security_seed,2701,67011259,2051070927175,2051074037445,3.110270,positive,,false
real_can_latency_20260710,89,after,false,send_security_key,2702B703,6702,2051100291370,2051103364275,3.072905,positive,,false
real_can_latency_20260710,89,after,false,read_target_before,221234,621234,2051129618340,2051132768629,3.150289,positive,,false
real_can_latency_20260710,89,after,false,write_target,2E12340059,7F2E31,2051159042949,2051161904163,2.861214,negative,0x31,false
real_can_latency_20260710,89,after,false,read_target_after,221234,621234,2051188145237,2051191191183,3.045946,positive,,false
real_can_latency_20260710,90,after,false,session_reset,1001,500100321388,2051217572919,2051220498527,2.925608,positive,,false
real_can_latency_20260710,90,after,false,enter_extended_session,1003,500300321388,2051246739532,2051249827313,3.087781,positive,,false
real_can_latency_20260710,90,after,false,request_security_seed,2701,6701125A,2051276064406,2051279070193,3.005787,positive,,false
real_can_latency_20260710,90,after,false,send_security_key,2702B700,6702,2051305329915,2051308418325,3.088410,positive,,false
real_can_latency_20260710,90,after,false,read_target_before,221234,621234,2051334668898,2051337667421,2.998523,positive,,false
real_can_latency_20260710,90,after,false,write_target,2E1234005A,7F2E31,2051363926375,2051367030988,3.104613,negative,0x31,false
real_can_latency_20260710,90,after,false,read_target_after,221234,621234,2051393292596,2051396271633,2.979037,positive,,false
real_can_latency_20260710,91,after,false,session_reset,1001,500100321388,2051422672785,2051425558653,2.885868,positive,,false
real_can_latency_20260710,91,after,false,enter_extended_session,1003,500300321388,2051451774166,2051454901198,3.127032,positive,,false
real_can_latency_20260710,91,after,false,request_security_seed,2701,6701125B,2051481145276,2051484191291,3.046015,positive,,false
real_can_latency_20260710,91,after,false,send_security_key,2702B701,6702,2051510446125,2051513482572,3.036447,positive,,false
real_can_latency_20260710,91,after,false,read_target_before,221234,621234,2051539727418,2051542940565,3.213147,positive,,false
real_can_latency_20260710,91,after,false,write_target,2E1234005B,7F2E31,2051569198402,2051572077844,2.879442,negative,0x31,false
real_can_latency_20260710,91,after,false,read_target_after,221234,621234,2051598323389,2051601353131,3.029742,positive,,false
real_can_latency_20260710,92,after,false,session_reset,1001,500100321388,2051627943485,2051630664736,2.721251,positive,,false
real_can_latency_20260710,92,after,false,enter_extended_session,1003,500300321388,2051656908324,2051659979972,3.071648,positive,,false
real_can_latency_20260710,92,after,false,request_security_seed,2701,6701125C,2051686165452,2051689199246,3.033794,positive,,false
real_can_latency_20260710,92,after,false,send_security_key,2702B706,6702,2051715426422,2051718567841,3.141419,positive,,false
real_can_latency_20260710,92,after,false,read_target_before,221234,621234,2051744774833,2051747833699,3.058866,positive,,false
real_can_latency_20260710,92,after,false,write_target,2E1234005C,7F2E31,2051774041459,2051777274651,3.233192,negative,0x31,false
real_can_latency_20260710,92,after,false,read_target_after,221234,621234,2051803529485,2051806414445,2.884960,positive,,false
real_can_latency_20260710,93,after,false,session_reset,1001,500100321388,2051832749526,2051835753916,3.004390,positive,,false
real_can_latency_20260710,93,after,false,enter_extended_session,1003,500300321388,2051862231894,2051865058816,2.826922,positive,,false
real_can_latency_20260710,93,after,false,request_security_seed,2701,6701125D,2051891264131,2051894341087,3.076956,positive,,false
real_can_latency_20260710,93,after,false,send_security_key,2702B707,6702,2051920562466,2051923665193,3.102727,positive,,false
real_can_latency_20260710,93,after,false,read_target_before,221234,621234,2051949900820,2051952864073,2.963253,positive,,false
real_can_latency_20260710,93,after,false,write_target,2E1234005D,7F2E31,2051979048436,2051982252573,3.204137,negative,0x31,false
real_can_latency_20260710,93,after,false,read_target_after,221234,621234,2052008464664,2052011542597,3.077933,positive,,false
real_can_latency_20260710,94,after,false,session_reset,1001,500100321388,2052037981324,2052040840443,2.859119,positive,,false
real_can_latency_20260710,94,after,false,enter_extended_session,1003,500300321388,2052067046666,2052070214207,3.167541,positive,,false
real_can_latency_20260710,94,after,false,request_security_seed,2701,6701125E,2052096423643,2052099413575,2.989932,positive,,false
real_can_latency_20260710,94,after,false,send_security_key,2702B704,6702,2052125664009,2052128744037,3.080028,positive,,false
real_can_latency_20260710,94,after,false,read_target_before,221234,621234,2052154973239,2052158053686,3.080447,positive,,false
real_can_latency_20260710,94,after,false,write_target,2E1234005E,7F2E31,2052184293364,2052187335887,3.042523,negative,0x31,false
real_can_latency_20260710,94,after,false,read_target_after,221234,621234,2052213559292,2052216599161,3.039869,positive,,false
real_can_latency_20260710,95,after,false,session_reset,1001,500100321388,2052242984529,2052245934652,2.950123,positive,,false
real_can_latency_20260710,95,after,false,enter_extended_session,1003,500300321388,2052272152260,2052275215736,3.063476,positive,,false
real_can_latency_20260710,95,after,false,request_security_seed,2701,6701125F,2052301444169,2052304528318,3.084149,positive,,false
real_can_latency_20260710,95,after,false,send_security_key,2702B705,6702,2052330794396,2052333904806,3.110410,positive,,false
real_can_latency_20260710,95,after,false,read_target_before,221234,621234,2052360138198,2052363128340,2.990142,positive,,false
real_can_latency_20260710,95,after,false,write_target,2E1234005F,7F2E31,2052389337985,2052392426046,3.088061,negative,0x31,false
real_can_latency_20260710,95,after,false,read_target_after,221234,621234,2052418659857,2052421700913,3.041056,positive,,false
real_can_latency_20260710,96,after,false,session_reset,1001,500100321388,2052448137895,2052450972708,2.834813,positive,,false
real_can_latency_20260710,96,after,false,enter_extended_session,1003,500300321388,2052477174113,2052480449908,3.275795,positive,,false
real_can_latency_20260710,96,after,false,request_security_seed,2701,67011260,2052506726951,2052509590260,2.863309,positive,,false
real_can_latency_20260710,96,after,false,send_security_key,2702B73A,6702,2052536126138,2052538888874,2.762736,positive,,false
real_can_latency_20260710,96,after,false,read_target_before,221234,621234,2052565163682,2052568188396,3.024714,positive,,false
real_can_latency_20260710,96,after,false,write_target,2E12340060,7F2E31,2052594469909,2052597703660,3.233751,negative,0x31,false
real_can_latency_20260710,96,after,false,read_target_after,221234,621234,2052623948855,2052626776335,2.827480,positive,,false
real_can_latency_20260710,97,after,false,session_reset,1001,500100321388,2052653126922,2052656074949,2.948027,positive,,false
real_can_latency_20260710,97,after,false,enter_extended_session,1003,500300321388,2052682303243,2052685375938,3.072695,positive,,false
real_can_latency_20260710,97,after,false,request_security_seed,2701,67011261,2052711638803,2052714702698,3.063895,positive,,false
real_can_latency_20260710,97,after,false,send_security_key,2702B73B,6702,2052740932109,2052743969604,3.037495,positive,,false
real_can_latency_20260710,97,after,false,read_target_before,221234,621234,2052770163256,2052773251107,3.087851,positive,,false
real_can_latency_20260710,97,after,false,write_target,2E12340061,7F2E31,2052799455444,2052802600077,3.144633,negative,0x31,false
real_can_latency_20260710,97,after,false,read_target_after,221234,621234,2052828832840,2052831755166,2.922326,positive,,false
real_can_latency_20260710,98,after,false,session_reset,1001,500100321388,2052858145842,2052861208619,3.062777,positive,,false
real_can_latency_20260710,98,after,false,enter_extended_session,1003,500300321388,2052887454722,2052890442839,2.988117,positive,,false
real_can_latency_20260710,98,after,false,request_security_seed,2701,67011262,2052916641100,2052919773441,3.132341,positive,,false
real_can_latency_20260710,98,after,false,send_security_key,2702B738,6702,2052946037144,2052949081693,3.044549,positive,,false
real_can_latency_20260710,98,after,false,read_target_before,221234,621234,2052975369701,2052978356980,2.987279,positive,,false
real_can_latency_20260710,98,after,false,write_target,2E12340062,7F2E31,2053004609229,2053007633244,3.024015,negative,0x31,false
real_can_latency_20260710,98,after,false,read_target_after,221234,621234,2053033881163,2053036933674,3.052511,positive,,false
real_can_latency_20260710,99,after,false,session_reset,1001,500100321388,2053063284750,2053066191710,2.906960,positive,,false
real_can_latency_20260710,99,after,false,enter_extended_session,1003,500300321388,2053092418467,2053095563518,3.145051,positive,,false
real_can_latency_20260710,99,after,false,request_security_seed,2701,67011263,2053121794885,2053124843694,3.048809,positive,,false
real_can_latency_20260710,99,after,false,send_security_key,2702B739,6702,2053151128769,2053154225560,3.096791,positive,,false
real_can_latency_20260710,99,after,false,read_target_before,221234,621234,2053180488355,2053183450211,2.961856,positive,,false
real_can_latency_20260710,99,after,false,write_target,2E12340063,7F2E31,2053209669425,2053212742330,3.072905,negative,0x31,false
real_can_latency_20260710,99,after,false,read_target_after,221234,621234,2053238982916,2053242050931,3.068015,positive,,false
real_can_latency_20260710,100,after,false,session_reset,1001,500100321388,2053268616491,2053271390822,2.774331,positive,,false
real_can_latency_20260710,100,after,false,enter_extended_session,1003,500300321388,2053297612969,2053300610654,2.997685,positive,,false
real_can_latency_20260710,100,after,false,request_security_seed,2701,67011264,2053326811849,2053329908919,3.097070,positive,,false
real_can_latency_20260710,100,after,false,send_security_key,2702B73E,6702,2053356170876,2053359241686,3.070810,positive,,false
real_can_latency_20260710,100,after,false,read_target_before,221234,621234,2053385480875,2053388504750,3.023875,positive,,false
real_can_latency_20260710,100,after,false,write_target,2E12340064,7F2E31,2053414767546,2053417792539,3.024993,negative,0x31,false
real_can_latency_20260710,100,after,false,read_target_after,221234,621234,2053444000997,2053447139902,3.138905,positive,,false
real_can_latency_20260710,101,after,false,session_reset,1001,500100321388,2053473614528,2053476411697,2.797169,positive,,false
real_can_latency_20260710,101,after,false,enter_extended_session,1003,500300321388,2053502665972,2053505717505,3.051533,positive,,false
real_can_latency_20260710,101,after,false,request_security_seed,2701,67011265,2053532028631,2053535066894,3.038263,positive,,false
real_can_latency_20260710,101,after,false,send_security_key,2702B73F,6702,2053561281568,2053564288333,3.006765,positive,,false
real_can_latency_20260710,101,after,false,read_target_before,221234,621234,2053590491763,2053593593442,3.101679,positive,,false
real_can_latency_20260710,101,after,false,write_target,2E12340065,7F2E31,2053619852047,2053622888285,3.036238,negative,0x31,false
real_can_latency_20260710,101,after,false,read_target_after,221234,621234,2053649180833,2053652234182,3.053349,positive,,false
real_can_latency_20260710,102,after,false,session_reset,1001,500100321388,2053678626953,2053681430407,2.803454,positive,,false
real_can_latency_20260710,102,after,false,enter_extended_session,1003,500300321388,2053707642009,2053710768971,3.126962,positive,,false
real_can_latency_20260710,102,after,false,request_security_seed,2701,67011266,2053736966953,2053740067306,3.100353,positive,,false
real_can_latency_20260710,102,after,false,send_security_key,2702B73C,6702,2053766295250,2053769366897,3.071647,positive,,false
real_can_latency_20260710,102,after,false,read_target_before,221234,621234,2053795584994,2053798965203,3.380209,positive,,false
real_can_latency_20260710,102,after,false,write_target,2E12340066,7F2E31,2053825162696,2053827952671,2.789975,negative,0x31,false
real_can_latency_20260710,102,after,false,read_target_after,221234,621234,2053854144996,2053857299057,3.154061,positive,,false
real_can_latency_20260710,103,after,false,session_reset,1001,500100321388,2053883667384,2053886561703,2.894319,positive,,false
real_can_latency_20260710,103,after,false,enter_extended_session,1003,500300321388,2053912832600,2053915866044,3.033444,positive,,false
real_can_latency_20260710,103,after,false,request_security_seed,2701,67011267,2053942141062,2053945172131,3.031069,positive,,false
real_can_latency_20260710,103,after,false,send_security_key,2702B73D,6702,2053971383453,2053974463761,3.080308,positive,,false
real_can_latency_20260710,103,after,false,read_target_before,221234,621234,2054000666422,2054003757765,3.091343,positive,,false
real_can_latency_20260710,103,after,false,write_target,2E12340067,7F2E31,2054030031875,2054033085503,3.053628,negative,0x31,false
real_can_latency_20260710,103,after,false,read_target_after,221234,621234,2054059339499,2054062338231,2.998732,positive,,false
real_can_latency_20260710,104,after,false,session_reset,1001,500100321388,2054088662488,2054091617639,2.955151,positive,,false
real_can_latency_20260710,104,after,false,enter_extended_session,1003,500300321388,2054117834967,2054120964374,3.129407,positive,,false
real_can_latency_20260710,104,after,false,request_security_seed,2701,67011268,2054147209988,2054150229673,3.019685,positive,,false
real_can_latency_20260710,104,after,false,send_security_key,2702B732,6702,2054176476405,2054179547634,3.071229,positive,,false
real_can_latency_20260710,104,after,false,read_target_before,221234,621234,2054205802886,2054209047183,3.244297,positive,,false
real_can_latency_20260710,104,after,false,write_target,2E12340068,7F2E31,2054235255711,2054238198989,2.943278,negative,0x31,false
real_can_latency_20260710,104,after,false,read_target_after,221234,621234,2054264396063,2054267442009,3.045946,positive,,false
real_can_latency_20260710,105,after,false,session_reset,1001,500100321388,2054293825282,2054296732102,2.906820,positive,,false
real_can_latency_20260710,105,after,false,enter_extended_session,1003,500300321388,2054322978974,2054326050901,3.071927,positive,,false
real_can_latency_20260710,105,after,false,request_security_seed,2701,67011269,2054352302452,2054355286308,2.983856,positive,,false
real_can_latency_20260710,105,after,false,send_security_key,2702B733,6702,2054381523960,2054384642122,3.118162,positive,,false
real_can_latency_20260710,105,after,false,read_target_before,221234,621234,2054410885432,2054413904908,3.019476,positive,,false
real_can_latency_20260710,105,after,false,write_target,2E12340069,7F2E31,2054440166027,2054443233833,3.067806,negative,0x31,false
real_can_latency_20260710,105,after,false,read_target_after,221234,621234,2054469460869,2054472738620,3.277751,positive,,false
real_can_latency_20260710,106,after,false,session_reset,1001,500100321388,2054499184122,2054501759892,2.575770,positive,,false
real_can_latency_20260710,106,after,false,enter_extended_session,1003,500300321388,2054527999640,2054531118291,3.118651,positive,,false
real_can_latency_20260710,106,after,false,request_security_seed,2701,6701126A,2054557369702,2054560425146,3.055444,positive,,false
real_can_latency_20260710,106,after,false,send_security_key,2702B730,6702,2054586701840,2054589717056,3.015216,positive,,false
real_can_latency_20260710,106,after,false,read_target_before,221234,621234,2054615946746,2054619039905,3.093159,positive,,false
real_can_latency_20260710,106,after,false,write_target,2E1234006A,7F2E31,2054645256116,2054648326855,3.070739,negative,0x31,false
real_can_latency_20260710,106,after,false,read_target_after,221234,621234,2054674577778,2054677608428,3.030650,positive,,false
real_can_latency_20260710,107,after,false,session_reset,1001,500100321388,2054704042476,2054706891816,2.849340,positive,,false
real_can_latency_20260710,107,after,false,enter_extended_session,1003,500300321388,2054733121926,2054736223605,3.101679,positive,,false
real_can_latency_20260710,107,after,false,request_security_seed,2701,6701126B,2054762434788,2054765467463,3.032675,positive,,false
real_can_latency_20260710,107,after,false,send_security_key,2702B731,6702,2054791689401,2054794835360,3.145959,positive,,false
real_can_latency_20260710,107,after,false,read_target_before,221234,621234,2054821039140,2054824083549,3.044409,positive,,false
real_can_latency_20260710,107,after,false,write_target,2E1234006B,7F2E31,2054850340477,2054853418900,3.078423,negative,0x31,false
real_can_latency_20260710,107,after,false,read_target_after,221234,621234,2054879606196,2054882572801,2.966605,positive,,false
real_can_latency_20260710,108,after,false,session_reset,1001,500100321388,2054908913540,2054911969473,3.055933,positive,,false
real_can_latency_20260710,108,after,false,enter_extended_session,1003,500300321388,2054938150833,2054941282545,3.131712,positive,,false
real_can_latency_20260710,108,after,false,request_security_seed,2701,6701126C,2054967726719,2054970577736,2.851017,positive,,false
real_can_latency_20260710,108,after,false,send_security_key,2702B736,6702,2054996905974,2054999842547,2.936573,positive,,false
real_can_latency_20260710,108,after,false,read_target_before,221234,621234,2055026055336,2055029207581,3.152245,positive,,false
real_can_latency_20260710,108,after,false,write_target,2E1234006C,7F2E31,2055055421696,2055058460518,3.038822,negative,0x31,false
real_can_latency_20260710,108,after,false,read_target_after,221234,621234,2055084673446,2055087752357,3.078911,positive,,false
real_can_latency_20260710,109,after,false,session_reset,1001,500100321388,2055114155046,2055117076883,2.921837,positive,,false
real_can_latency_20260710,109,after,false,enter_extended_session,1003,500300321388,2055143337304,2055146412862,3.075558,positive,,false
real_can_latency_20260710,109,after,false,request_security_seed,2701,6701126D,2055172643112,2055175641425,2.998313,positive,,false
real_can_latency_20260710,109,after,false,send_security_key,2702B737,6702,2055201865319,2055204935080,3.069761,positive,,false
real_can_latency_20260710,109,after,false,read_target_before,221234,621234,2055231151710,2055234274342,3.122632,positive,,false
real_can_latency_20260710,109,after,false,write_target,2E1234006D,7F2E31,2055260538535,2055263566950,3.028415,negative,0x31,false
real_can_latency_20260710,109,after,false,read_target_after,221234,621234,2055289774920,2055292990511,3.215591,positive,,false
real_can_latency_20260710,110,after,false,session_reset,1001,500100321388,2055319339352,2055322139803,2.800451,positive,,false
real_can_latency_20260710,110,after,false,enter_extended_session,1003,500300321388,2055348353919,2055351437300,3.083381,positive,,false
real_can_latency_20260710,110,after,false,request_security_seed,2701,6701126E,2055377672159,2055380740803,3.068644,positive,,false
real_can_latency_20260710,110,after,false,send_security_key,2702B734,6702,2055407028672,2055410031455,3.002783,positive,,false
real_can_latency_20260710,110,after,false,read_target_before,221234,621234,2055436244244,2055439300945,3.056701,positive,,false
real_can_latency_20260710,110,after,false,write_target,2E1234006E,7F2E31,2055465508495,2055468627426,3.118931,negative,0x31,false
real_can_latency_20260710,110,after,false,read_target_after,221234,621234,2055494844056,2055497894611,3.050555,positive,,false
real_can_latency_20260710,111,after,false,session_reset,1001,500100321388,2055524287662,2055527252800,2.965138,positive,,false
real_can_latency_20260710,111,after,false,enter_extended_session,1003,500300321388,2055553462237,2055556508950,3.046713,positive,,false
real_can_latency_20260710,111,after,false,request_security_seed,2701,6701126F,2055582709168,2055585830123,3.120955,positive,,false
real_can_latency_20260710,111,after,false,send_security_key,2702B735,6702,2055612047731,2055615136350,3.088619,positive,,false
real_can_latency_20260710,111,after,false,read_target_before,221234,621234,2055641376028,2055644386773,3.010745,positive,,false
real_can_latency_20260710,111,after,false,write_target,2E1234006F,7F2E31,2055670676039,2055673928367,3.252328,negative,0x31,false
real_can_latency_20260710,111,after,false,read_target_after,221234,621234,2055700158686,2055702975201,2.816515,positive,,false
real_can_latency_20260710,112,after,false,session_reset,1001,500100321388,2055729287639,2055732285808,2.998169,positive,,false
real_can_latency_20260710,112,after,false,enter_extended_session,1003,500300321388,2055758545343,2055761571378,3.026035,positive,,false
real_can_latency_20260710,112,after,false,request_security_seed,2701,67011270,2055787805002,2055790913939,3.108937,positive,,false
real_can_latency_20260710,112,after,false,send_security_key,2702B72A,6702,2055817173055,2055820229751,3.056696,positive,,false
real_can_latency_20260710,112,after,false,read_target_before,221234,621234,2055846468263,2055849478794,3.010531,positive,,false
real_can_latency_20260710,112,after,false,write_target,2E12340070,7F2E31,2055875721776,2055878805501,3.083725,negative,0x31,false
real_can_latency_20260710,112,after,false,read_target_after,221234,621234,2055905056864,2055908081293,3.024429,positive,,false
real_can_latency_20260710,113,after,false,session_reset,1001,500100321388,2055934540017,2055937377060,2.837043,positive,,false
real_can_latency_20260710,113,after,false,enter_extended_session,1003,500300321388,2055963604067,2055966660788,3.056721,positive,,false
real_can_latency_20260710,113,after,false,request_security_seed,2701,67011271,2055992863793,2055996000342,3.136549,positive,,false
real_can_latency_20260710,113,after,false,send_security_key,2702B72B,6702,2056022239245,2056025240443,3.001198,positive,,false
real_can_latency_20260710,113,after,false,read_target_before,221234,621234,2056051516571,2056054592079,3.075508,positive,,false
real_can_latency_20260710,113,after,false,write_target,2E12340071,7F2E31,2056080830493,2056083852154,3.021661,negative,0x31,false
real_can_latency_20260710,113,after,false,read_target_after,221234,621234,2056110048035,2056113224533,3.176498,positive,,false
real_can_latency_20260710,114,after,false,session_reset,1001,500100321388,2056139567638,2056142454228,2.886590,positive,,false
real_can_latency_20260710,114,after,false,enter_extended_session,1003,500300321388,2056168722813,2056171777648,3.054835,positive,,false
real_can_latency_20260710,114,after,false,request_security_seed,2701,67011272,2056198043859,2056201080746,3.036887,positive,,false
real_can_latency_20260710,114,after,false,send_security_key,2702B728,6702,2056227340461,2056230337678,2.997217,positive,,false
real_can_latency_20260710,114,after,false,read_target_before,221234,621234,2056256555209,2056259677022,3.121813,positive,,false
real_can_latency_20260710,114,after,false,write_target,2E12340072,7F2E31,2056285903633,2056288950018,3.046385,negative,0x31,false
real_can_latency_20260710,114,after,false,read_target_after,221234,621234,2056315182844,2056318244315,3.061471,positive,,false
real_can_latency_20260710,115,after,false,session_reset,1001,500100321388,2056344623248,2056347635900,3.012652,positive,,false
real_can_latency_20260710,115,after,false,enter_extended_session,1003,500300321388,2056373849101,2056376838706,2.989605,positive,,false
real_can_latency_20260710,115,after,false,request_security_seed,2701,67011273,2056403040034,2056406157517,3.117483,positive,,false
real_can_latency_20260710,115,after,false,send_security_key,2702B729,6702,2056432595536,2056435431840,2.836304,positive,,false
real_can_latency_20260710,115,after,false,read_target_before,221234,621234,2056461662571,2056464746600,3.084029,positive,,false
real_can_latency_20260710,115,after,false,write_target,2E12340073,7F2E31,2056490988506,2056494025951,3.037445,negative,0x31,false
real_can_latency_20260710,115,after,false,read_target_after,221234,621234,2056520264714,2056523322902,3.058188,positive,,false
real_can_latency_20260710,116,after,false,session_reset,1001,500100321388,2056549673201,2056552607492,2.934291,positive,,false
real_can_latency_20260710,116,after,false,enter_extended_session,1003,500300321388,2056578846254,2056581858627,3.012373,positive,,false
real_can_latency_20260710,116,after,false,request_security_seed,2701,67011274,2056608149351,2056611220879,3.071528,positive,,false
real_can_latency_20260710,116,after,false,send_security_key,2702B72E,6702,2056637469001,2056640490034,3.021033,positive,,false
real_can_latency_20260710,116,after,false,read_target_before,221234,621234,2056666746327,2056669814711,3.068384,positive,,false
real_can_latency_20260710,116,after,false,write_target,2E12340074,7F2E31,2056696357421,2056699133802,2.776381,negative,0x31,false
real_can_latency_20260710,116,after,false,read_target_after,221234,621234,2056725348190,2056728441159,3.092969,positive,,false
real_can_latency_20260710,117,after,false,session_reset,1001,500100321388,2056754819604,2056757662263,2.842659,positive,,false
real_can_latency_20260710,117,after,false,enter_extended_session,1003,500300321388,2056783919045,2056787020954,3.101909,positive,,false
real_can_latency_20260710,117,after,false,request_security_seed,2701,67011275,2056813278504,2056816288990,3.010486,positive,,false
real_can_latency_20260710,117,after,false,send_security_key,2702B72F,6702,2056842554852,2056845612691,3.057839,positive,,false
real_can_latency_20260710,117,after,false,read_target_before,221234,621234,2056871828476,2056874897070,3.068594,positive,,false
real_can_latency_20260710,117,after,false,write_target,2E12340075,7F2E31,2056901166214,2056904215462,3.049248,negative,0x31,false
real_can_latency_20260710,117,after,false,read_target_after,221234,621234,2056930410505,2056933492299,3.081794,positive,,false
real_can_latency_20260710,118,after,false,session_reset,1001,500100321388,2056959849722,2056962768647,2.918925,positive,,false
real_can_latency_20260710,118,after,false,enter_extended_session,1003,500300321388,2056988985132,2056992087320,3.102188,positive,,false
real_can_latency_20260710,118,after,false,request_security_seed,2701,67011276,2057018293677,2057021379173,3.085496,positive,,false
real_can_latency_20260710,118,after,false,send_security_key,2702B72C,6702,2057047594470,2057050691700,3.097230,positive,,false
real_can_latency_20260710,118,after,false,read_target_before,221234,621234,2057076905600,2057079941788,3.036188,positive,,false
real_can_latency_20260710,118,after,false,write_target,2E12340076,7F2E31,2057106188584,2057109287349,3.098765,negative,0x31,false
real_can_latency_20260710,118,after,false,read_target_after,221234,621234,2057135529954,2057138602530,3.072576,positive,,false
real_can_latency_20260710,119,after,false,session_reset,1001,500100321388,2057164945566,2057167852199,2.906633,positive,,false
real_can_latency_20260710,119,after,false,enter_extended_session,1003,500300321388,2057194047173,2057197244274,3.197101,positive,,false
real_can_latency_20260710,119,after,false,request_security_seed,2701,67011277,2057223462156,2057226445824,2.983668,positive,,false
real_can_latency_20260710,119,after,false,send_security_key,2702B72D,6702,2057252702117,2057255726153,3.024036,positive,,false
real_can_latency_20260710,119,after,false,read_target_before,221234,621234,2057281983634,2057285048667,3.065033,positive,,false
real_can_latency_20260710,119,after,false,write_target,2E12340077,7F2E31,2057311296719,2057314367409,3.070690,negative,0x31,false
real_can_latency_20260710,119,after,false,read_target_after,221234,621234,2057340580192,2057343664780,3.084588,positive,,false
real_can_latency_20260710,120,after,false,session_reset,1001,500100321388,2057370062222,2057372930234,2.868012,positive,,false
real_can_latency_20260710,120,after,false,enter_extended_session,1003,500300321388,2057399170743,2057402225719,3.054976,positive,,false
real_can_latency_20260710,120,after,false,request_security_seed,2701,67011278,2057428461410,2057432062540,3.601130,positive,,false
real_can_latency_20260710,120,after,false,send_security_key,2702B722,6702,2057458312618,2057460824162,2.511544,positive,,false
real_can_latency_20260710,120,after,false,read_target_before,221234,621234,2057487057618,2057490140670,3.083052,positive,,false
real_can_latency_20260710,120,after,false,write_target,2E12340078,7F2E31,2057516381110,2057519451799,3.070689,negative,0x31,false
real_can_latency_20260710,120,after,false,read_target_after,221234,621234,2057545744759,2057548695044,2.950285,positive,,false
real_can_latency_20260710,121,after,false,session_reset,1001,500100321388,2057575124682,2057577994719,2.870037,positive,,false
real_can_latency_20260710,121,after,false,enter_extended_session,1003,500300321388,2057604226569,2057607290344,3.063775,positive,,false
real_can_latency_20260710,121,after,false,request_security_seed,2701,67011279,2057633516816,2057636564318,3.047502,positive,,false
real_can_latency_20260710,121,after,false,send_security_key,2702B723,6702,2057662817818,2057665881664,3.063846,positive,,false
real_can_latency_20260710,121,after,false,read_target_before,221234,621234,2057692135723,2057695242171,3.106448,positive,,false
real_can_latency_20260710,121,after,false,write_target,2E12340079,7F2E31,2057721457538,2057724503155,3.045617,negative,0x31,false
real_can_latency_20260710,121,after,false,read_target_after,221234,621234,2057750768178,2057753782437,3.014259,positive,,false
real_can_latency_20260710,122,after,false,session_reset,1001,500100321388,2057780205231,2057783033014,2.827783,positive,,false
real_can_latency_20260710,122,after,false,enter_extended_session,1003,500300321388,2057809258997,2057812388842,3.129845,positive,,false
real_can_latency_20260710,122,after,false,request_security_seed,2701,6701127A,2057838637872,2057841883513,3.245641,positive,,false
real_can_latency_20260710,122,after,false,send_security_key,2702B720,6702,2057868153146,2057870950549,2.797403,positive,,false
real_can_latency_20260710,122,after,false,read_target_before,221234,621234,2057897163262,2057900249596,3.086334,positive,,false
real_can_latency_20260710,122,after,false,write_target,2E1234007A,7F2E31,2057926475579,2057929573507,3.097928,negative,0x31,false
real_can_latency_20260710,122,after,false,read_target_after,221234,621234,2057955790689,2057958853627,3.062938,positive,,false
real_can_latency_20260710,123,after,false,session_reset,1001,500100321388,2057985252955,2057988201493,2.948538,positive,,false
real_can_latency_20260710,123,after,false,enter_extended_session,1003,500300321388,2058014406385,2058017442993,3.036608,positive,,false
real_can_latency_20260710,123,after,false,request_security_seed,2701,6701127B,2058043666322,2058046747069,3.080747,positive,,false
real_can_latency_20260710,123,after,false,send_security_key,2702B721,6702,2058072997916,2058076068326,3.070410,positive,,false
real_can_latency_20260710,123,after,false,read_target_before,221234,621234,2058102289561,2058105318416,3.028855,positive,,false
real_can_latency_20260710,123,after,false,write_target,2E1234007B,7F2E31,2058131530222,2058134673336,3.143114,negative,0x31,false
real_can_latency_20260710,123,after,false,read_target_after,221234,621234,2058160889682,2058163912740,3.023058,positive,,false
real_can_latency_20260710,124,after,false,session_reset,1001,500100321388,2058190301523,2058193188601,2.887078,positive,,false
real_can_latency_20260710,124,after,false,enter_extended_session,1003,500300321388,2058219436584,2058222553998,3.117414,positive,,false
real_can_latency_20260710,124,after,false,request_security_seed,2701,6701127C,2058248802191,2058251842360,3.040169,positive,,false
real_can_latency_20260710,124,after,false,send_security_key,2702B726,6702,2058278040477,2058281226614,3.186137,positive,,false
real_can_latency_20260710,124,after,false,read_target_before,221234,621234,2058307441423,2058310374736,2.933313,positive,,false
real_can_latency_20260710,124,after,false,write_target,2E1234007C,7F2E31,2058336601697,2058339740063,3.138366,negative,0x31,false
real_can_latency_20260710,124,after,false,read_target_after,221234,621234,2058365968560,2058368998882,3.030322,positive,,false
real_can_latency_20260710,125,after,false,session_reset,1001,500100321388,2058395386617,2058398304006,2.917389,positive,,false
real_can_latency_20260710,125,after,false,enter_extended_session,1003,500300321388,2058424613170,2058427622330,3.009160,positive,,false
real_can_latency_20260710,125,after,false,request_security_seed,2701,6701127D,2058453869755,2058456935346,3.065591,positive,,false
real_can_latency_20260710,125,after,false,send_security_key,2702B727,6702,2058483179488,2058486209252,3.029764,positive,,false
real_can_latency_20260710,125,after,false,read_target_before,221234,621234,2058512425108,2058515436014,3.010906,positive,,false
real_can_latency_20260710,125,after,false,write_target,2E1234007D,7F2E31,2058541684207,2058544844642,3.160435,negative,0x31,false
real_can_latency_20260710,125,after,false,read_target_after,221234,621234,2058571116930,2058574077272,2.960342,positive,,false
real_can_latency_20260710,126,after,false,session_reset,1001,500100321388,2058600446778,2058603345241,2.898463,positive,,false
real_can_latency_20260710,126,after,false,enter_extended_session,1003,500300321388,2058629562983,2058632668733,3.105750,positive,,false
real_can_latency_20260710,126,after,false,request_security_seed,2701,6701127E,2058658878932,2058662017856,3.138924,positive,,false
real_can_latency_20260710,126,after,false,send_security_key,2702B724,6702,2058688241535,2058691249089,3.007554,positive,,false
real_can_latency_20260710,126,after,false,read_target_before,221234,621234,2058717506012,2058720581591,3.075579,positive,,false
real_can_latency_20260710,126,after,false,write_target,2E1234007E,7F2E31,2058746788787,2058750130180,3.341393,negative,0x31,false
real_can_latency_20260710,126,after,false,read_target_after,221234,621234,2058776342614,2058779174309,2.831695,positive,,false
real_can_latency_20260710,127,after,false,session_reset,1001,500100321388,2058805456724,2058808451566,2.994842,positive,,false
real_can_latency_20260710,127,after,false,enter_extended_session,1003,500300321388,2058834691658,2058837787281,3.095623,positive,,false
real_can_latency_20260710,127,after,false,request_security_seed,2701,6701127F,2058864055867,2058867095757,3.039890,positive,,false
real_can_latency_20260710,127,after,false,send_security_key,2702B725,6702,2058893352261,2058896353250,3.000989,positive,,false
real_can_latency_20260710,127,after,false,read_target_before,221234,621234,2058922633849,2058925618006,2.984157,positive,,false
real_can_latency_20260710,127,after,false,write_target,2E1234007F,7F2E31,2058951825272,2058954994717,3.169445,negative,0x31,false
real_can_latency_20260710,127,after,false,read_target_after,221234,621234,2058981239069,2058984214775,2.975706,positive,,false
real_can_latency_20260710,128,after,false,session_reset,1001,500100321388,2059010559838,2059013799264,3.239426,positive,,false
real_can_latency_20260710,128,after,false,enter_extended_session,1003,500300321388,2059040045571,2059042836549,2.790978,positive,,false
real_can_latency_20260710,128,after,false,request_security_seed,2701,67011280,2059069035714,2059072202715,3.167001,positive,,false
real_can_latency_20260710,128,after,false,send_security_key,2702B7DA,6702,2059098427651,2059101452875,3.025224,positive,,false
real_can_latency_20260710,128,after,false,read_target_before,221234,621234,2059127673621,2059130752692,3.079071,positive,,false
real_can_latency_20260710,128,after,false,write_target,2E12340080,7F2E31,2059156985730,2059160052230,3.066500,negative,0x31,false
real_can_latency_20260710,128,after,false,read_target_after,221234,621234,2059186263408,2059189352605,3.089197,positive,,false
real_can_latency_20260710,129,after,false,session_reset,1001,500100321388,2059215698995,2059218636149,2.937154,positive,,false
real_can_latency_20260710,129,after,false,enter_extended_session,1003,500300321388,2059244871702,2059247933033,3.061331,positive,,false
real_can_latency_20260710,129,after,false,request_security_seed,2701,67011281,2059274159995,2059277221187,3.061192,positive,,false
real_can_latency_20260710,129,after,false,send_security_key,2702B7DB,6702,2059303447590,2059306708806,3.261216,positive,,false
real_can_latency_20260710,129,after,false,read_target_before,221234,621234,2059332920961,2059335825011,2.904050,positive,,false
real_can_latency_20260710,129,after,false,write_target,2E12340081,7F2E31,2059362047503,2059365203888,3.156385,negative,0x31,false
real_can_latency_20260710,129,after,false,read_target_after,221234,621234,2059391443980,2059394420105,2.976125,positive,,false
real_can_latency_20260710,130,after,false,session_reset,1001,500100321388,2059420776622,2059423700996,2.924374,positive,,false
real_can_latency_20260710,130,after,false,enter_extended_session,1003,500300321388,2059449939970,2059452985448,3.045478,positive,,false
real_can_latency_20260710,130,after,false,request_security_seed,2701,67011282,2059479218206,2059482292738,3.074532,positive,,false
real_can_latency_20260710,130,after,false,send_security_key,2702B7D8,6702,2059508542817,2059511606243,3.063426,positive,,false
real_can_latency_20260710,130,after,false,read_target_before,221234,621234,2059537825034,2059540889019,3.063985,positive,,false
real_can_latency_20260710,130,after,false,write_target,2E12340082,7F2E31,2059567171854,2059570195331,3.023477,negative,0x31,false
real_can_latency_20260710,130,after,false,read_target_after,221234,621234,2059596443106,2059599496964,3.053858,positive,,false
real_can_latency_20260710,131,after,false,session_reset,1001,500100321388,2059625858300,2059628752293,2.893993,positive,,false
real_can_latency_20260710,131,after,false,enter_extended_session,1003,500300321388,2059654984912,2059658081443,3.096531,positive,,false
real_can_latency_20260710,131,after,false,request_security_seed,2701,67011283,2059684304075,2059687353114,3.049039,positive,,false
real_can_latency_20260710,131,after,false,send_security_key,2702B7D9,6702,2059713614717,2059716662848,3.048131,positive,,false
real_can_latency_20260710,131,after,false,read_target_before,221234,621234,2059743205980,2059746378218,3.172238,positive,,false
real_can_latency_20260710,131,after,false,write_target,2E12340083,7F2E31,2059772631370,2059775289860,2.658490,negative,0x31,false
real_can_latency_20260710,131,after,false,read_target_after,221234,621234,2059801507952,2059804538484,3.030532,positive,,false
real_can_latency_20260710,132,after,false,session_reset,1001,500100321388,2059830883337,2059833836136,2.952799,positive,,false
real_can_latency_20260710,132,after,false,enter_extended_session,1003,500300321388,2059860081955,2059863194200,3.112245,positive,,false
real_can_latency_20260710,132,after,false,request_security_seed,2701,67011284,2059889402445,2059892432417,3.029972,positive,,false
real_can_latency_20260710,132,after,false,send_security_key,2702B7DE,6702,2059918700585,2059921771136,3.070551,positive,,false
real_can_latency_20260710,132,after,false,read_target_before,221234,621234,2059948033228,2059951081289,3.048061,positive,,false
real_can_latency_20260710,132,after,false,write_target,2E12340084,7F2E31,2059977321451,2059980372377,3.050926,negative,0x31,false
real_can_latency_20260710,132,after,false,read_target_after,221234,621234,2060006573638,2060009628614,3.054976,positive,,false
real_can_latency_20260710,133,after,false,session_reset,1001,500100321388,2060035967322,2060038918724,2.951402,positive,,false
real_can_latency_20260710,133,after,false,enter_extended_session,1003,500300321388,2060065179839,2060068248084,3.068245,positive,,false
real_can_latency_20260710,133,after,false,request_security_seed,2701,67011285,2060094456120,2060097546924,3.090804,positive,,false
real_can_latency_20260710,133,after,false,send_security_key,2702B7DF,6702,2060123767462,2060126824184,3.056722,positive,,false
real_can_latency_20260710,133,after,false,read_target_before,221234,621234,2060153032569,2060156212490,3.179921,positive,,false
real_can_latency_20260710,133,after,false,write_target,2E12340085,7F2E31,2060182444970,2060185453571,3.008601,negative,0x31,false
real_can_latency_20260710,133,after,false,read_target_after,221234,621234,2060211680394,2060214722031,3.041637,positive,,false
real_can_latency_20260710,134,after,false,session_reset,1001,500100321388,2060241075685,2060244059982,2.984297,positive,,false
real_can_latency_20260710,134,after,false,enter_extended_session,1003,500300321388,2060270299097,2060273327673,3.028576,positive,,false
real_can_latency_20260710,134,after,false,request_security_seed,2701,67011286,2060299588229,2060302616456,3.028227,positive,,false
real_can_latency_20260710,134,after,false,send_security_key,2702B7DC,6702,2060328884555,2060331896299,3.011744,positive,,false
real_can_latency_20260710,134,after,false,read_target_before,221234,621234,2060358135344,2060361177399,3.042055,positive,,false
real_can_latency_20260710,134,after,false,write_target,2E12340086,7F2E31,2060387391023,2060390503198,3.112175,negative,0x31,false
real_can_latency_20260710,134,after,false,read_target_after,221234,621234,2060416719405,2060419791003,3.071598,positive,,false
real_can_latency_20260710,135,after,false,session_reset,1001,500100321388,2060446156949,2060449087189,2.930240,positive,,false
real_can_latency_20260710,135,after,false,enter_extended_session,1003,500300321388,2060475303676,2060478390709,3.087033,positive,,false
real_can_latency_20260710,135,after,false,request_security_seed,2701,67011287,2060504596859,2060507675092,3.078233,positive,,false
real_can_latency_20260710,135,after,false,send_security_key,2702B7DD,6702,2060533904569,2060537037697,3.133128,positive,,false
real_can_latency_20260710,135,after,false,read_target_before,221234,621234,2060563228272,2060566213128,2.984856,positive,,false
real_can_latency_20260710,135,after,false,write_target,2E12340087,7F2E31,2060592447005,2060595575872,3.128867,negative,0x31,false
real_can_latency_20260710,135,after,false,read_target_after,221234,621234,2060621802835,2060624853620,3.050785,positive,,false
real_can_latency_20260710,136,after,false,session_reset,1001,500100321388,2060651150284,2060654183190,3.032906,positive,,false
real_can_latency_20260710,136,after,false,enter_extended_session,1003,500300321388,2060680399677,2060683491738,3.092061,positive,,false
real_can_latency_20260710,136,after,false,request_security_seed,2701,67011288,2060709711787,2060712779474,3.067687,positive,,false
real_can_latency_20260710,136,after,false,send_security_key,2702B7D2,6702,2060739027249,2060742099336,3.072087,positive,,false
real_can_latency_20260710,136,after,false,read_target_before,221234,621234,2060768322527,2060771540162,3.217635,positive,,false
real_can_latency_20260710,136,after,false,write_target,2E12340088,7F2E31,2060797777322,2060800676413,2.899091,negative,0x31,false
real_can_latency_20260710,136,after,false,read_target_after,221234,621234,2060826916855,2060829937260,3.020405,positive,,false
real_can_latency_20260710,137,after,false,session_reset,1001,500100321388,2060856459370,2060859198386,2.739016,positive,,false
real_can_latency_20260710,137,after,false,enter_extended_session,1003,500300321388,2060885456707,2060888538013,3.081306,positive,,false
real_can_latency_20260710,137,after,false,request_security_seed,2701,67011289,2060914779991,2060917827983,3.047992,positive,,false
real_can_latency_20260710,137,after,false,send_security_key,2702B7D3,6702,2060944259021,2060947196594,2.937573,positive,,false
real_can_latency_20260710,137,after,false,read_target_before,221234,621234,2060973475100,2060976419308,2.944208,positive,,false
real_can_latency_20260710,137,after,false,write_target,2E12340089,7F2E31,2061002678538,2061005693495,3.014957,negative,0x31,false
real_can_latency_20260710,137,after,false,read_target_after,221234,621234,2061031861583,2061033950521,2.088938,positive,,false
real_can_latency_20260710,138,after,false,session_reset,1001,500100321388,2061060269884,2061063308307,3.038423,positive,,false
real_can_latency_20260710,138,after,false,enter_extended_session,1003,500300321388,2061089551963,2061092625167,3.073204,positive,,false
real_can_latency_20260710,138,after,false,request_security_seed,2701,6701128A,2061118841096,2061121940910,3.099814,positive,,false
real_can_latency_20260710,138,after,false,send_security_key,2702B7D0,6702,2061148167175,2061151243103,3.075928,positive,,false
real_can_latency_20260710,138,after,false,read_target_before,221234,621234,2061177492206,2061180536776,3.044570,positive,,false
real_can_latency_20260710,138,after,false,write_target,2E1234008A,7F2E31,2061206765206,2061209857267,3.092061,negative,0x31,false
real_can_latency_20260710,138,after,false,read_target_after,221234,621234,2061236037088,2061239186628,3.149540,positive,,false
real_can_latency_20260710,139,after,false,session_reset,1001,500100321388,2061265518912,2061268412835,2.893923,positive,,false
real_can_latency_20260710,139,after,false,enter_extended_session,1003,500300321388,2061294661030,2061297719777,3.058747,positive,,false
real_can_latency_20260710,139,after,false,request_security_seed,2701,6701128B,2061323924601,2061326995710,3.071109,positive,,false
real_can_latency_20260710,139,after,false,send_security_key,2702B7D1,6702,2061353235315,2061356332335,3.097020,positive,,false
real_can_latency_20260710,139,after,false,read_target_before,221234,621234,2061382503147,2061385540802,3.037655,positive,,false
real_can_latency_20260710,139,after,false,write_target,2E1234008B,7F2E31,2061411771188,2061414909204,3.138016,negative,0x31,false
real_can_latency_20260710,139,after,false,read_target_after,221234,621234,2061441160752,2061444188350,3.027598,positive,,false
real_can_latency_20260710,140,after,false,session_reset,1001,500100321388,2061470575459,2061473486493,2.911034,positive,,false
real_can_latency_20260710,140,after,false,enter_extended_session,1003,500300321388,2061499727494,2061502824305,3.096811,positive,,false
real_can_latency_20260710,140,after,false,request_security_seed,2701,6701128C,2061529072500,2061532137882,3.065382,positive,,false
real_can_latency_20260710,140,after,false,send_security_key,2702B7D6,6702,2061558384121,2061561381618,2.997497,positive,,false
real_can_latency_20260710,140,after,false,read_target_before,221234,621234,2061587615985,2061590697361,3.081376,positive,,false
real_can_latency_20260710,140,after,false,write_target,2E1234008C,7F2E31,2061616958826,2061620050468,3.091642,negative,0x31,false
real_can_latency_20260710,140,after,false,read_target_after,221234,621234,2061646287698,2061649317182,3.029484,positive,,false
real_can_latency_20260710,141,after,false,session_reset,1001,500100321388,2061675861153,2061678594442,2.733289,positive,,false
real_can_latency_20260710,141,after,false,enter_extended_session,1003,500300321388,2061704853253,2061707888743,3.035490,positive,,false
real_can_latency_20260710,141,after,false,request_security_seed,2701,6701128D,2061734154049,2061737211260,3.057211,positive,,false
real_can_latency_20260710,141,after,false,send_security_key,2702B7D7,6702,2061763463716,2061766506749,3.043033,positive,,false
real_can_latency_20260710,141,after,false,read_target_before,221234,621234,2061792771915,2061795790644,3.018729,positive,,false
real_can_latency_20260710,141,after,false,write_target,2E1234008D,7F2E31,2061822057836,2061825081523,3.023687,negative,0x31,false
real_can_latency_20260710,141,after,false,read_target_after,221234,621234,2061851328880,2061854351659,3.022779,positive,,false
real_can_latency_20260710,142,after,false,session_reset,1001,500100321388,2061880737510,2061883647916,2.910406,positive,,false
real_can_latency_20260710,142,after,false,enter_extended_session,1003,500300321388,2061909890244,2061912989080,3.098836,positive,,false
real_can_latency_20260710,142,after,false,request_security_seed,2701,6701128E,2061939275478,2061942295255,3.019777,positive,,false
real_can_latency_20260710,142,after,false,send_security_key,2702B7D4,6702,2061968556999,2061971563505,3.006506,positive,,false
real_can_latency_20260710,142,after,false,read_target_before,221234,621234,2061997797244,2062000825890,3.028646,positive,,false
real_can_latency_20260710,142,after,false,write_target,2E1234008E,7F2E31,2062027057813,2062030187728,3.129915,negative,0x31,false
real_can_latency_20260710,142,after,false,read_target_after,221234,621234,2062056395975,2062059444735,3.048760,positive,,false
real_can_latency_20260710,143,after,false,session_reset,1001,500100321388,2062085827724,2062088761945,2.934221,positive,,false
real_can_latency_20260710,143,after,false,enter_extended_session,1003,500300321388,2062115066642,2062118026425,2.959783,positive,,false
real_can_latency_20260710,143,after,false,request_security_seed,2701,6701128F,2062144264494,2062147364168,3.099674,positive,,false
real_can_latency_20260710,143,after,false,send_security_key,2702B7D5,6702,2062173627240,2062176690877,3.063637,positive,,false
real_can_latency_20260710,143,after,false,read_target_before,221234,621234,2062202940260,2062205936220,2.995960,positive,,false
real_can_latency_20260710,143,after,false,write_target,2E1234008F,7F2E31,2062232177991,2062235259646,3.081655,negative,0x31,false
real_can_latency_20260710,143,after,false,read_target_after,221234,621234,2062261501067,2062264521751,3.020684,positive,,false
real_can_latency_20260710,144,after,false,session_reset,1001,500100321388,2062290901038,2062293803273,2.902235,positive,,false
real_can_latency_20260710,144,after,false,enter_extended_session,1003,500300321388,2062320041621,2062323224755,3.183134,positive,,false
real_can_latency_20260710,144,after,false,request_security_seed,2701,67011290,2062349557877,2062352416880,2.859003,positive,,false
real_can_latency_20260710,144,after,false,send_security_key,2702B7CA,6702,2062378673806,2062381718794,3.044988,positive,,false
real_can_latency_20260710,144,after,false,read_target_before,221234,621234,2062407896940,2062410954290,3.057350,positive,,false
real_can_latency_20260710,144,after,false,write_target,2E12340090,7F2E31,2062437155414,2062440344135,3.188721,negative,0x31,false
real_can_latency_20260710,144,after,false,read_target_after,221234,621234,2062466593169,2062469610920,3.017751,positive,,false
real_can_latency_20260710,145,after,false,session_reset,1001,500100321388,2062496063120,2062498868695,2.805575,positive,,false
real_can_latency_20260710,145,after,false,enter_extended_session,1003,500300321388,2062525136586,2062528197638,3.061052,positive,,false
real_can_latency_20260710,145,after,false,request_security_seed,2701,67011291,2062554441993,2062557509261,3.067268,positive,,false
real_can_latency_20260710,145,after,false,send_security_key,2702B7CB,6702,2062583774009,2062586775417,3.001408,positive,,false
real_can_latency_20260710,145,after,false,read_target_before,221234,621234,2062613045054,2062616082011,3.036957,positive,,false
real_can_latency_20260710,145,after,false,write_target,2E12340091,7F2E31,2062642324549,2062645404179,3.079630,negative,0x31,false
real_can_latency_20260710,145,after,false,read_target_after,221234,621234,2062671656705,2062674670475,3.013770,positive,,false
real_can_latency_20260710,146,after,false,session_reset,1001,500100321388,2062700988232,2062703992993,3.004761,positive,,false
real_can_latency_20260710,146,after,false,enter_extended_session,1003,500300321388,2062730229735,2062733265714,3.035979,positive,,false
real_can_latency_20260710,146,after,false,request_security_seed,2701,67011292,2062759508253,2062762577826,3.069573,positive,,false
real_can_latency_20260710,146,after,false,send_security_key,2702B7C8,6702,2062788921843,2062792087936,3.166093,positive,,false
real_can_latency_20260710,146,after,false,read_target_before,221234,621234,2062818316506,2062821210150,2.893644,positive,,false
real_can_latency_20260710,146,after,false,write_target,2E12340092,7F2E31,2062847424473,2062850513811,3.089338,negative,0x31,false
real_can_latency_20260710,146,after,false,read_target_after,221234,621234,2062876938564,2062879789256,2.850692,positive,,false
real_can_latency_20260710,147,after,false,session_reset,1001,500100321388,2062906153806,2062909073222,2.919416,positive,,false
real_can_latency_20260710,147,after,false,enter_extended_session,1003,500300321388,2062935289779,2062938631522,3.341743,positive,,false
real_can_latency_20260710,147,after,false,request_security_seed,2701,67011293,2062964836277,2062967692835,2.856558,positive,,false
real_can_latency_20260710,147,after,false,send_security_key,2702B7C9,6702,2062993919311,2062996948656,3.029345,positive,,false
real_can_latency_20260710,147,after,false,read_target_before,221234,621234,2063023218084,2063026257416,3.039332,positive,,false
real_can_latency_20260710,147,after,false,write_target,2E12340093,7F2E31,2063052500165,2063055550461,3.050296,negative,0x31,false
real_can_latency_20260710,147,after,false,read_target_after,221234,621234,2063081742925,2063084816060,3.073135,positive,,false
real_can_latency_20260710,148,after,false,session_reset,1001,500100321388,2063111179703,2063114271276,3.091573,positive,,false
real_can_latency_20260710,148,after,false,enter_extended_session,1003,500300321388,2063140532183,2063143450691,2.918508,positive,,false
real_can_latency_20260710,148,after,false,request_security_seed,2701,67011294,2063169666411,2063172760847,3.094436,positive,,false
real_can_latency_20260710,148,after,false,send_security_key,2702B7CE,6702,2063199022453,2063202109975,3.087522,positive,,false
real_can_latency_20260710,148,after,false,read_target_before,221234,621234,2063228357823,2063231314183,2.956360,positive,,false
real_can_latency_20260710,148,after,false,write_target,2E12340094,7F2E31,2063257562310,2063260652626,3.090316,negative,0x31,false
real_can_latency_20260710,148,after,false,read_target_after,221234,621234,2063286893908,2063289894129,3.000221,positive,,false
real_can_latency_20260710,149,after,false,session_reset,1001,500100321388,2063316245830,2063319192972,2.947142,positive,,false
real_can_latency_20260710,149,after,false,enter_extended_session,1003,500300321388,2063345399054,2063348491814,3.092760,positive,,false
real_can_latency_20260710,149,after,false,request_security_seed,2701,67011295,2063374695033,2063377826345,3.131312,positive,,false
real_can_latency_20260710,149,after,false,send_security_key,2702B7CF,6702,2063404087183,2063407244685,3.157502,positive,,false
real_can_latency_20260710,149,after,false,read_target_before,221234,621234,2063433483872,2063436423122,2.939250,positive,,false
real_can_latency_20260710,149,after,false,write_target,2E12340095,7F2E31,2063462670621,2063465696263,3.025642,negative,0x31,false
real_can_latency_20260710,149,after,false,read_target_after,221234,621234,2063491903603,2063494947475,3.043872,positive,,false
real_can_latency_20260710,150,after,false,session_reset,1001,500100321388,2063521281017,2063524269714,2.988697,positive,,false
real_can_latency_20260710,150,after,false,enter_extended_session,1003,500300321388,2063550499891,2063553599356,3.099465,positive,,false
real_can_latency_20260710,150,after,false,request_security_seed,2701,67011296,2063579844340,2063582899526,3.055186,positive,,false
real_can_latency_20260710,150,after,false,send_security_key,2702B7CC,6702,2063609143951,2063612396367,3.252416,positive,,false
real_can_latency_20260710,150,after,false,read_target_before,221234,621234,2063638616627,2063641493020,2.876393,positive,,false
real_can_latency_20260710,150,after,false,write_target,2E12340096,7F2E31,2063667710836,2063670745069,3.034233,negative,0x31,false
real_can_latency_20260710,150,after,false,read_target_after,221234,621234,2063696963933,2063700079112,3.115179,positive,,false
real_can_latency_20260710,151,after,false,session_reset,1001,500100321388,2063726421174,2063729329136,2.907962,positive,,false
real_can_latency_20260710,151,after,false,enter_extended_session,1003,500300321388,2063755559802,2063758653051,3.093249,positive,,false
real_can_latency_20260710,151,after,false,request_security_seed,2701,67011297,2063784865629,2063787976408,3.110779,positive,,false
real_can_latency_20260710,151,after,false,send_security_key,2702B7CD,6702,2063814272934,2063817277206,3.004272,positive,,false
real_can_latency_20260710,151,after,false,read_target_before,221234,621234,2063843489783,2063846564944,3.075161,positive,,false
real_can_latency_20260710,151,after,false,write_target,2E12340097,7F2E31,2063872815445,2063875886275,3.070830,negative,0x31,false
real_can_latency_20260710,151,after,false,read_target_after,221234,621234,2063902164922,2063905206000,3.041078,positive,,false
real_can_latency_20260710,152,after,false,session_reset,1001,500100321388,2063931795229,2063934453719,2.658490,positive,,false
real_can_latency_20260710,152,after,false,enter_extended_session,1003,500300321388,2063960705477,2063963754866,3.049389,positive,,false
real_can_latency_20260710,152,after,false,request_security_seed,2701,67011298,2063989994892,2063993037087,3.042195,positive,,false
real_can_latency_20260710,152,after,false,send_security_key,2702B7C2,6702,2064019271317,2064022367848,3.096531,positive,,false
real_can_latency_20260710,152,after,false,read_target_before,221234,621234,2064048583360,2064051616965,3.033605,positive,,false
real_can_latency_20260710,152,after,false,write_target,2E12340098,7F2E31,2064077853638,2064080901421,3.047783,negative,0x31,false
real_can_latency_20260710,152,after,false,read_target_after,221234,621234,2064107143891,2064110122601,2.978710,positive,,false
real_can_latency_20260710,153,after,false,session_reset,1001,500100321388,2064136452652,2064139439883,2.987231,positive,,false
real_can_latency_20260710,153,after,false,enter_extended_session,1003,500300321388,2064165656582,2064168764497,3.107915,positive,,false
real_can_latency_20260710,153,after,false,request_security_seed,2701,67011299,2064194947673,2064198143797,3.196124,positive,,false
real_can_latency_20260710,153,after,false,send_security_key,2702B7C3,6702,2064224365804,2064227374476,3.008672,positive,,false
real_can_latency_20260710,153,after,false,read_target_before,221234,621234,2064253577766,2064256669059,3.091293,positive,,false
real_can_latency_20260710,153,after,false,write_target,2E12340099,7F2E31,2064282901821,2064285989274,3.087453,negative,0x31,false
real_can_latency_20260710,153,after,false,read_target_after,221234,621234,2064312211979,2064315273171,3.061192,positive,,false
real_can_latency_20260710,154,after,false,session_reset,1001,500100321388,2064341653367,2064344562027,2.908660,positive,,false
real_can_latency_20260710,154,after,false,enter_extended_session,1003,500300321388,2064370797723,2064373848648,3.050925,positive,,false
real_can_latency_20260710,154,after,false,request_security_seed,2701,6701129A,2064400042090,2064403169701,3.127611,positive,,false
real_can_latency_20260710,154,after,false,send_security_key,2702B7C0,6702,2064429392337,2064432525046,3.132709,positive,,false
real_can_latency_20260710,154,after,false,read_target_before,221234,621234,2064458735669,2064461815019,3.079350,positive,,false
real_can_latency_20260710,154,after,false,write_target,2E1234009A,7F2E31,2064488119857,2064491160516,3.040659,negative,0x31,false
real_can_latency_20260710,154,after,false,read_target_after,221234,621234,2064517396631,2064520373595,2.976964,positive,,false
real_can_latency_20260710,155,after,false,session_reset,1001,500100321388,2064546680179,2064549673486,2.993307,positive,,false
real_can_latency_20260710,155,after,false,enter_extended_session,1003,500300321388,2064575890814,2064579017726,3.126912,positive,,false
real_can_latency_20260710,155,after,false,request_security_seed,2701,6701129B,2064605221504,2064608279554,3.058050,positive,,false
real_can_latency_20260710,155,after,false,send_security_key,2702B7C1,6702,2064634542138,2064637610943,3.068805,positive,,false
real_can_latency_20260710,155,after,false,read_target_before,221234,621234,2064663851807,2064666836942,2.985135,positive,,false
real_can_latency_20260710,155,after,false,write_target,2E1234009B,7F2E31,2064693079901,2064696239639,3.159738,negative,0x31,false
real_can_latency_20260710,155,after,false,read_target_after,221234,621234,2064722489722,2064725551682,3.061960,positive,,false
real_can_latency_20260710,156,after,false,session_reset,1001,500100321388,2064751907225,2064754757288,2.850063,positive,,false
real_can_latency_20260710,156,after,false,enter_extended_session,1003,500300321388,2064780978876,2064784072963,3.094087,positive,,false
real_can_latency_20260710,156,after,false,request_security_seed,2701,6701129C,2064810287287,2064813360352,3.073065,positive,,false
real_can_latency_20260710,156,after,false,send_security_key,2702B7C6,6702,2064839586131,2064842662408,3.076277,positive,,false
real_can_latency_20260710,156,after,false,read_target_before,221234,621234,2064868872403,2064871929754,3.057351,positive,,false
real_can_latency_20260710,156,after,false,write_target,2E1234009C,7F2E31,2064898140377,2064901277835,3.137458,negative,0x31,false
real_can_latency_20260710,156,after,false,read_target_after,221234,621234,2064927480216,2064930556494,3.076278,positive,,false
real_can_latency_20260710,157,after,false,session_reset,1001,500100321388,2064956913922,2064959873775,2.959853,positive,,false
real_can_latency_20260710,157,after,false,enter_extended_session,1003,500300321388,2064986131542,2064989389615,3.258073,positive,,false
real_can_latency_20260710,157,after,false,request_security_seed,2701,6701129D,2065015607293,2065018396175,2.788882,positive,,false
real_can_latency_20260710,157,after,false,send_security_key,2702B7C7,6702,2065044696894,2065047741184,3.044290,positive,,false
real_can_latency_20260710,157,after,false,read_target_before,221234,621234,2065073960957,2065077075298,3.114341,positive,,false
real_can_latency_20260710,157,after,false,write_target,2E1234009D,7F2E31,2065103287388,2065106371977,3.084589,negative,0x31,false
real_can_latency_20260710,157,after,false,read_target_after,221234,621234,2065132575896,2065135620885,3.044989,positive,,false
real_can_latency_20260710,158,after,false,session_reset,1001,500100321388,2065161987813,2065164899615,2.911802,positive,,false
real_can_latency_20260710,158,after,false,enter_extended_session,1003,500300321388,2065191160664,2065194271303,3.110639,positive,,false
real_can_latency_20260710,158,after,false,request_security_seed,2701,6701129E,2065220496873,2065223549545,3.052672,positive,,false
real_can_latency_20260710,158,after,false,send_security_key,2702B7C4,6702,2065249798231,2065252823805,3.025574,positive,,false
real_can_latency_20260710,158,after,false,read_target_before,221234,621234,2065279064739,2065282158757,3.094018,positive,,false
real_can_latency_20260710,158,after,false,write_target,2E1234009E,7F2E31,2065308374479,2065311443702,3.069223,negative,0x31,false
real_can_latency_20260710,158,after,false,read_target_after,221234,621234,2065337676955,2065340733747,3.056792,positive,,false
real_can_latency_20260710,159,after,false,session_reset,1001,500100321388,2065367168420,2065370214736,3.046316,positive,,false
real_can_latency_20260710,159,after,false,enter_extended_session,1003,500300321388,2065396429689,2065399291486,2.861797,positive,,false
real_can_latency_20260710,159,after,false,request_security_seed,2701,6701129F,2065425511329,2065428571124,3.059795,positive,,false
real_can_latency_20260710,159,after,false,send_security_key,2702B7C5,6702,2065455044768,2065457917111,2.872343,positive,,false
real_can_latency_20260710,159,after,false,read_target_before,221234,621234,2065484156718,2065487248501,3.091783,positive,,false
real_can_latency_20260710,159,after,false,write_target,2E1234009F,7F2E31,2065513460801,2065516489866,3.029065,negative,0x31,false
real_can_latency_20260710,159,after,false,read_target_after,221234,621234,2065542702794,2065545788780,3.085986,positive,,false
real_can_latency_20260710,160,after,false,session_reset,1001,500100321388,2065572155218,2065575068907,2.913689,positive,,false
real_can_latency_20260710,160,after,false,enter_extended_session,1003,500300321388,2065601309492,2065604393941,3.084449,positive,,false
real_can_latency_20260710,160,after,false,request_security_seed,2701,670112A0,2065630612108,2065633683776,3.071668,positive,,false
real_can_latency_20260710,160,after,false,send_security_key,2702B7FA,6702,2065659898381,2065663167908,3.269527,positive,,false
real_can_latency_20260710,160,after,false,read_target_before,221234,621234,2065689404722,2065692221611,2.816889,positive,,false
real_can_latency_20260710,160,after,false,write_target,2E123400A0,7F2E31,2065718443130,2065721600632,3.157502,negative,0x31,false
real_can_latency_20260710,160,after,false,read_target_after,221234,621234,2065747837795,2065751079177,3.241382,positive,,false
real_can_latency_20260710,161,after,false,session_reset,1001,500100321388,2065777493386,2065780148943,2.655557,positive,,false
real_can_latency_20260710,161,after,false,enter_extended_session,1003,500300321388,2065806356145,2065809424111,3.067966,positive,,false
real_can_latency_20260710,161,after,false,request_security_seed,2701,670112A1,2065835639903,2065838722746,3.082843,positive,,false
real_can_latency_20260710,161,after,false,send_security_key,2702B7FB,6702,2065865178581,2065868074739,2.896158,positive,,false
real_can_latency_20260710,161,after,false,read_target_before,221234,621234,2065894297864,2065897533519,3.235655,positive,,false
real_can_latency_20260710,161,after,false,write_target,2E123400A1,7F2E31,2065923749590,2065926686814,2.937224,negative,0x31,false
real_can_latency_20260710,161,after,false,read_target_after,221234,621234,2065952895483,2065955943684,3.048201,positive,,false
real_can_latency_20260710,162,after,false,session_reset,1001,500100321388,2065982314454,2065985250002,2.935548,positive,,false
real_can_latency_20260710,162,after,false,enter_extended_session,1003,500300321388,2066011487725,2066014534949,3.047224,positive,,false
real_can_latency_20260710,162,after,false,request_security_seed,2701,670112A2,2066040768830,2066043831559,3.062729,positive,,false
real_can_latency_20260710,162,after,false,send_security_key,2702B7F8,6702,2066070039809,2066073142696,3.102887,positive,,false
real_can_latency_20260710,162,after,false,read_target_before,221234,621234,2066099385238,2066102409484,3.024246,positive,,false
real_can_latency_20260710,162,after,false,write_target,2E123400A2,7F2E31,2066128657892,2066131734938,3.077046,negative,0x31,false
real_can_latency_20260710,162,after,false,read_target_after,221234,621234,2066157975105,2066161035879,3.060774,positive,,false
real_can_latency_20260710,163,after,false,session_reset,1001,500100321388,2066187372775,2066190289327,2.916552,positive,,false
real_can_latency_20260710,163,after,false,enter_extended_session,1003,500300321388,2066216512034,2066219624210,3.112176,positive,,false
real_can_latency_20260710,163,after,false,request_security_seed,2701,670112A3,2066245856904,2066248892884,3.035980,positive,,false
real_can_latency_20260710,163,after,false,send_security_key,2702B7F9,6702,2066275177330,2066278207094,3.029764,positive,,false
real_can_latency_20260710,163,after,false,read_target_before,221234,621234,2066304486791,2066307552103,3.065312,positive,,false
real_can_latency_20260710,163,after,false,write_target,2E123400A3,7F2E31,2066333771947,2066336790815,3.018868,negative,0x31,false
real_can_latency_20260710,163,after,false,read_target_after,221234,621234,2066363017992,2066366150073,3.132081,positive,,false
real_can_latency_20260710,164,after,false,session_reset,1001,500100321388,2066392537045,2066395386131,2.849086,positive,,false
real_can_latency_20260710,164,after,false,enter_extended_session,1003,500300321388,2066421600806,2066424877667,3.276861,positive,,false
real_can_latency_20260710,164,after,false,request_security_seed,2701,670112A4,2066451113364,2066453952113,2.838749,positive,,false
real_can_latency_20260710,164,after,false,send_security_key,2702B7FE,6702,2066480203664,2066483247117,3.043453,positive,,false
real_can_latency_20260710,164,after,false,read_target_before,221234,621234,2066509458160,2066512577949,3.119789,positive,,false
real_can_latency_20260710,164,after,false,write_target,2E123400A4,7F2E31,2066538887398,2066541891460,3.004062,negative,0x31,false
real_can_latency_20260710,164,after,false,read_target_after,221234,621234,2066568134351,2066571222642,3.088291,positive,,false
real_can_latency_20260710,165,after,false,session_reset,1001,500100321388,2066597551995,2066600405132,2.853137,positive,,false
real_can_latency_20260710,165,after,false,enter_extended_session,1003,500300321388,2066626628048,2066629749862,3.121814,positive,,false
real_can_latency_20260710,165,after,false,request_security_seed,2701,670112A5,2066656181184,2066659066168,2.884984,positive,,false
real_can_latency_20260710,165,after,false,send_security_key,2702B7FF,6702,2066685315693,2066688379190,3.063497,positive,,false
real_can_latency_20260710,165,after,false,read_target_before,221234,621234,2066714634094,2066717668397,3.034303,positive,,false
real_can_latency_20260710,165,after,false,write_target,2E123400A5,7F2E31,2066743915409,2066746937839,3.022430,negative,0x31,false
real_can_latency_20260710,165,after,false,read_target_after,221234,621234,2066773194559,2066776236824,3.042265,positive,,false
real_can_latency_20260710,166,after,false,session_reset,1001,500100321388,2066802791484,2066805535040,2.743556,positive,,false
real_can_latency_20260710,166,after,false,enter_extended_session,1003,500300321388,2066831788687,2066834851625,3.062938,positive,,false
real_can_latency_20260710,166,after,false,request_security_seed,2701,670112A6,2066861124827,2066864207460,3.082633,positive,,false
real_can_latency_20260710,166,after,false,send_security_key,2702B7FC,6702,2066890470814,2066893414115,2.943301,positive,,false
real_can_latency_20260710,166,after,false,read_target_before,221234,621234,2066919629349,2066922744598,3.115249,positive,,false
real_can_latency_20260710,166,after,false,write_target,2E123400A6,7F2E31,2066948966187,2066952078922,3.112735,negative,0x31,false
real_can_latency_20260710,166,after,false,read_target_after,221234,621234,2066978337597,2066981334187,2.996590,positive,,false
real_can_latency_20260710,167,after,false,session_reset,1001,500100321388,2067007701605,2067010591547,2.889942,positive,,false
real_can_latency_20260710,167,after,false,enter_extended_session,1003,500300321388,2067037126443,2067039917561,2.791118,positive,,false
real_can_latency_20260710,167,after,false,request_security_seed,2701,670112A7,2067066147532,2067069185468,3.037936,positive,,false
real_can_latency_20260710,167,after,false,send_security_key,2702B7FD,6702,2067095413134,2067098516510,3.103376,positive,,false
real_can_latency_20260710,167,after,false,read_target_before,221234,621234,2067124722386,2067127789585,3.067199,positive,,false
real_can_latency_20260710,167,after,false,write_target,2E123400A7,7F2E31,2067154041555,2067157182087,3.140532,negative,0x31,false
real_can_latency_20260710,167,after,false,read_target_after,221234,621234,2067183370922,2067186393981,3.023059,positive,,false
real_can_latency_20260710,168,after,false,session_reset,1001,500100321388,2067212780046,2067215743252,2.963206,positive,,false
real_can_latency_20260710,168,after,false,enter_extended_session,1003,500300321388,2067241964353,2067245054390,3.090037,positive,,false
real_can_latency_20260710,168,after,false,request_security_seed,2701,670112A8,2067271299726,2067274275991,2.976265,positive,,false
real_can_latency_20260710,168,after,false,send_security_key,2702B7F2,6702,2067300505055,2067303614926,3.109871,positive,,false
real_can_latency_20260710,168,after,false,read_target_before,221234,621234,2067329830929,2067332909372,3.078443,positive,,false
real_can_latency_20260710,168,after,false,write_target,2E123400A8,7F2E31,2067359182854,2067362221906,3.039052,negative,0x31,false
real_can_latency_20260710,168,after,false,read_target_after,221234,621234,2067388478626,2067391502035,3.023409,positive,,false
real_can_latency_20260710,169,after,false,session_reset,1001,500100321388,2067418300231,2067420774411,2.474180,positive,,false
real_can_latency_20260710,169,after,false,enter_extended_session,1003,500300321388,2067446999493,2067450217897,3.218404,positive,,false
real_can_latency_20260710,169,after,false,request_security_seed,2701,670112A9,2067476460998,2067479378528,2.917530,positive,,false
real_can_latency_20260710,169,after,false,send_security_key,2702B7F3,6702,2067505631407,2067508676396,3.044989,positive,,false
real_can_latency_20260710,169,after,false,read_target_before,221234,621234,2067534890304,2067538021127,3.130823,positive,,false
real_can_latency_20260710,169,after,false,write_target,2E123400A9,7F2E31,2067564271631,2067567316411,3.044780,negative,0x31,false
real_can_latency_20260710,169,after,false,read_target_after,221234,621234,2067593555322,2067596575098,3.019776,positive,,false
real_can_latency_20260710,170,after,false,session_reset,1001,500100321388,2067622979811,2067625849919,2.870108,positive,,false
real_can_latency_20260710,170,after,false,enter_extended_session,1003,500300321388,2067652155528,2067655375887,3.220359,positive,,false
real_can_latency_20260710,170,after,false,request_security_seed,2701,670112AA,2067681625553,2067684435808,2.810255,positive,,false
real_can_latency_20260710,170,after,false,send_security_key,2702B7F0,6702,2067710677651,2067713764196,3.086545,positive,,false
real_can_latency_20260710,170,after,false,read_target_before,221234,621234,2067740044592,2067743086788,3.042196,positive,,false
real_can_latency_20260710,170,after,false,write_target,2E123400AA,7F2E31,2067769350841,2067772372294,3.021453,negative,0x31,false
real_can_latency_20260710,170,after,false,read_target_after,221234,621234,2067798642284,2067801687692,3.045408,positive,,false
real_can_latency_20260710,171,after,false,session_reset,1001,500100321388,2067828041840,2067830943586,2.901746,positive,,false
real_can_latency_20260710,171,after,false,enter_extended_session,1003,500300321388,2067857186477,2067860267155,3.080678,positive,,false
real_can_latency_20260710,171,after,false,request_security_seed,2701,670112AB,2067886516332,2067889572845,3.056513,positive,,false
real_can_latency_20260710,171,after,false,send_security_key,2702B7F1,6702,2067915835083,2067918846199,3.011116,positive,,false
real_can_latency_20260710,171,after,false,read_target_before,221234,621234,2067945135745,2067948160689,3.024944,positive,,false
real_can_latency_20260710,171,after,false,write_target,2E123400AB,7F2E31,2067974408750,2067977435999,3.027249,negative,0x31,false
real_can_latency_20260710,171,after,false,read_target_after,221234,621234,2068003680149,2068006740713,3.060564,positive,,false
real_can_latency_20260710,172,after,false,session_reset,1001,500100321388,2068033172943,2068036019236,2.846293,positive,,false
real_can_latency_20260710,172,after,false,enter_extended_session,1003,500300321388,2068062227906,2068065328000,3.100094,positive,,false
real_can_latency_20260710,172,after,false,request_security_seed,2701,670112AC,2068091535273,2068094613716,3.078443,positive,,false
real_can_latency_20260710,172,after,false,send_security_key,2702B7F6,6702,2068120841942,2068123939032,3.097090,positive,,false
real_can_latency_20260710,172,after,false,read_target_before,221234,621234,2068150199245,2068153247308,3.048063,positive,,false
real_can_latency_20260710,172,after,false,write_target,2E123400AC,7F2E31,2068179459959,2068182530091,3.070132,negative,0x31,false
real_can_latency_20260710,172,after,false,read_target_after,221234,621234,2068208769631,2068211795065,3.025434,positive,,false
real_can_latency_20260710,173,after,false,session_reset,1001,500100321388,2068238193492,2068241173041,2.979549,positive,,false
real_can_latency_20260710,173,after,false,enter_extended_session,1003,500300321388,2068267462657,2068270389685,2.927028,positive,,false
real_can_latency_20260710,173,after,false,request_security_seed,2701,670112AD,2068296632577,2068299703198,3.070621,positive,,false
real_can_latency_20260710,173,after,false,send_security_key,2702B7F7,6702,2068325957195,2068328988426,3.031231,positive,,false
real_can_latency_20260710,173,after,false,read_target_before,221234,621234,2068355216512,2068358275749,3.059237,positive,,false
real_can_latency_20260710,173,after,false,write_target,2E123400AD,7F2E31,2068384518292,2068387604906,3.086614,negative,0x31,false
real_can_latency_20260710,173,after,false,read_target_after,221234,621234,2068413847310,2068416880775,3.033465,positive,,false
real_can_latency_20260710,174,after,false,session_reset,1001,500100321388,2068443292124,2068446382719,3.090595,positive,,false
real_can_latency_20260710,174,after,false,enter_extended_session,1003,500300321388,2068472664024,2068475450392,2.786368,positive,,false
real_can_latency_20260710,174,after,false,request_security_seed,2701,670112AE,2068501672123,2068504782972,3.110849,positive,,false
real_can_latency_20260710,174,after,false,send_security_key,2702B7F4,6702,2068531015318,2068534166605,3.151287,positive,,false
real_can_latency_20260710,174,after,false,read_target_before,221234,621234,2068560427168,2068563366348,2.939180,positive,,false
real_can_latency_20260710,174,after,false,write_target,2E123400AE,7F2E31,2068589611964,2068592669944,3.057980,negative,0x31,false
real_can_latency_20260710,174,after,false,read_target_after,221234,621234,2068619137025,2068621912848,2.775823,positive,,false
real_can_latency_20260710,175,after,false,session_reset,1001,500100321388,2068648290324,2068651259326,2.969002,positive,,false
real_can_latency_20260710,175,after,false,enter_extended_session,1003,500300321388,2068677491812,2068680558662,3.066850,positive,,false
real_can_latency_20260710,175,after,false,request_security_seed,2701,670112AF,2068706768100,2068709857019,3.088919,positive,,false
real_can_latency_20260710,175,after,false,send_security_key,2702B7F5,6702,2068736135949,2068739190996,3.055047,positive,,false
real_can_latency_20260710,175,after,false,read_target_before,221234,621234,2068765426625,2068768376700,2.950075,positive,,false
real_can_latency_20260710,175,after,false,write_target,2E123400AF,7F2E31,2068794868505,2068797751534,2.883029,negative,0x31,false
real_can_latency_20260710,175,after,false,read_target_after,221234,621234,2068823999664,2068827062603,3.062939,positive,,false
real_can_latency_20260710,176,after,false,session_reset,1001,500100321388,2068853449576,2068856281551,2.831975,positive,,false
real_can_latency_20260710,176,after,false,enter_extended_session,1003,500300321388,2068882520812,2068885610080,3.089268,positive,,false
real_can_latency_20260710,176,after,false,request_security_seed,2701,670112B0,2068911854998,2068914916330,3.061332,positive,,false
real_can_latency_20260710,176,after,false,send_security_key,2702B7EA,6702,2068941173330,2068944225932,3.052602,positive,,false
real_can_latency_20260710,176,after,false,read_target_before,221234,621234,2068970450526,2068973533789,3.083263,positive,,false
real_can_latency_20260710,176,after,false,write_target,2E123400B0,7F2E31,2068999765577,2069003154393,3.388816,negative,0x31,false
real_can_latency_20260710,176,after,false,read_target_after,221234,621234,2069029387717,2069032159140,2.771423,positive,,false
real_can_latency_20260710,177,after,false,session_reset,1001,500100321388,2069058532287,2069061405118,2.872831,positive,,false
real_can_latency_20260710,177,after,false,enter_extended_session,1003,500300321388,2069087661002,2069090708086,3.047084,positive,,false
real_can_latency_20260710,177,after,false,request_security_seed,2701,670112B1,2069116972141,2069119999670,3.027529,positive,,false
real_can_latency_20260710,177,after,false,send_security_key,2702B7EB,6702,2069146270709,2069149310111,3.039402,positive,,false
real_can_latency_20260710,177,after,false,read_target_before,221234,621234,2069175542738,2069178598483,3.055745,positive,,false
real_can_latency_20260710,177,after,false,write_target,2E123400B1,7F2E31,2069204812322,2069207841946,3.029624,negative,0x31,false
real_can_latency_20260710,177,after,false,read_target_after,221234,621234,2069234076389,2069237244368,3.167979,positive,,false
real_can_latency_20260710,178,after,false,session_reset,1001,500100321388,2069263616117,2069266698192,3.082075,positive,,false
real_can_latency_20260710,178,after,false,enter_extended_session,1003,500300321388,2069292962247,2069295774247,2.812000,positive,,false
real_can_latency_20260710,178,after,false,request_security_seed,2701,670112B2,2069322024683,2069325139024,3.114341,positive,,false
real_can_latency_20260710,178,after,false,send_security_key,2702B7E8,6702,2069351391206,2069354398621,3.007415,positive,,false
real_can_latency_20260710,178,after,false,read_target_before,221234,621234,2069380685374,2069383686783,3.001409,positive,,false
real_can_latency_20260710,178,after,false,write_target,2E123400B2,7F2E31,2069409916965,2069412981859,3.064894,negative,0x31,false
real_can_latency_20260710,178,after,false,read_target_after,221234,621234,2069439251920,2069442281405,3.029485,positive,,false
real_can_latency_20260710,179,after,false,session_reset,1001,500100321388,2069468650710,2069471569916,2.919206,positive,,false
real_can_latency_20260710,179,after,false,enter_extended_session,1003,500300321388,2069497797654,2069500907246,3.109592,positive,,false
real_can_latency_20260710,179,after,false,request_security_seed,2701,670112B3,2069527156424,2069530175014,3.018590,positive,,false
real_can_latency_20260710,179,after,false,send_security_key,2702B7E9,6702,2069556433691,2069559428535,2.994844,positive,,false
real_can_latency_20260710,179,after,false,read_target_before,221234,621234,2069585665771,2069588743166,3.077395,positive,,false
real_can_latency_20260710,179,after,false,write_target,2E123400B3,7F2E31,2069615191321,2069618125404,2.934083,negative,0x31,false
real_can_latency_20260710,179,after,false,read_target_after,221234,621234,2069644384569,2069647321655,2.937086,positive,,false
real_can_latency_20260710,180,after,false,session_reset,1001,500100321388,2069673679925,2069676618407,2.938482,positive,,false
real_can_latency_20260710,180,after,false,enter_extended_session,1003,500300321388,2069702874011,2069705913623,3.039612,positive,,false
real_can_latency_20260710,180,after,false,request_security_seed,2701,670112B4,2069732160636,2069735234819,3.074183,positive,,false
real_can_latency_20260710,180,after,false,send_security_key,2702B7EE,6702,2069761478061,2069764560206,3.082145,positive,,false
real_can_latency_20260710,180,after,false,read_target_before,221234,621234,2069790786756,2069793844247,3.057491,positive,,false
real_can_latency_20260710,180,after,false,write_target,2E123400B4,7F2E31,2069820139032,2069823165514,3.026482,negative,0x31,false
real_can_latency_20260710,180,after,false,read_target_after,221234,621234,2069849412527,2069852424203,3.011676,positive,,false
real_can_latency_20260710,181,after,false,session_reset,1001,500100321388,2069878793508,2069881731571,2.938063,positive,,false
real_can_latency_20260710,181,after,false,enter_extended_session,1003,500300321388,2069907975302,2069911058494,3.083192,positive,,false
real_can_latency_20260710,181,after,false,request_security_seed,2701,670112B5,2069937294333,2069940320745,3.026412,positive,,false
real_can_latency_20260710,181,after,false,send_security_key,2702B7EF,6702,2069966571111,2069969601783,3.030672,positive,,false
real_can_latency_20260710,181,after,false,read_target_before,221234,621234,2069995843141,2069998909641,3.066500,positive,,false
real_can_latency_20260710,181,after,false,write_target,2E123400B5,7F2E31,2070025155259,2070028225530,3.070271,negative,0x31,false
real_can_latency_20260710,181,after,false,read_target_after,221234,621234,2070054471846,2070057533598,3.061752,positive,,false
real_can_latency_20260710,182,after,false,session_reset,1001,500100321388,2070083875176,2070086792637,2.917461,positive,,false
real_can_latency_20260710,182,after,false,enter_extended_session,1003,500300321388,2070113029734,2070116150151,3.120417,positive,,false
real_can_latency_20260710,182,after,false,request_security_seed,2701,670112B6,2070142389204,2070145405977,3.016773,positive,,false
real_can_latency_20260710,182,after,false,send_security_key,2702B7EC,6702,2070171665284,2070174679334,3.014050,positive,,false
real_can_latency_20260710,182,after,false,read_target_before,221234,621234,2070200942970,2070203992430,3.049460,positive,,false
real_can_latency_20260710,182,after,false,write_target,2E123400B6,7F2E31,2070230260815,2070233294002,3.033187,negative,0x31,false
real_can_latency_20260710,182,after,false,read_target_after,221234,621234,2070259508051,2070262571688,3.063637,positive,,false
real_can_latency_20260710,183,after,false,session_reset,1001,500100321388,2070288961876,2070291896447,2.934571,positive,,false
real_can_latency_20260710,183,after,false,enter_extended_session,1003,500300321388,2070318153868,2070321218832,3.064964,positive,,false
real_can_latency_20260710,183,after,false,request_security_seed,2701,670112B7,2070347451669,2070350494493,3.042824,positive,,false
real_can_latency_20260710,183,after,false,send_security_key,2702B7ED,6702,2070376723768,2070379796554,3.072786,positive,,false
real_can_latency_20260710,183,after,false,read_target_before,221234,621234,2070406052648,2070409180748,3.128100,positive,,false
real_can_latency_20260710,183,after,false,write_target,2E123400B7,7F2E31,2070435411629,2070438371971,2.960342,negative,0x31,false
real_can_latency_20260710,183,after,false,read_target_after,221234,621234,2070464608230,2070467655943,3.047713,positive,,false
real_can_latency_20260710,184,after,false,session_reset,1001,500100321388,2070494033909,2070496929649,2.895740,positive,,false
real_can_latency_20260710,184,after,false,enter_extended_session,1003,500300321388,2070523175895,2070526240789,3.064894,positive,,false
real_can_latency_20260710,184,after,false,request_security_seed,2701,670112B8,2070552670577,2070555548996,2.878419,positive,,false
real_can_latency_20260710,184,after,false,send_security_key,2702B7E2,6702,2070581777433,2070584857762,3.080329,positive,,false
real_can_latency_20260710,184,after,false,read_target_before,221234,621234,2070611039754,2070614140547,3.100793,positive,,false
real_can_latency_20260710,184,after,false,write_target,2E123400B8,7F2E31,2070640365631,2070643459299,3.093668,negative,0x31,false
real_can_latency_20260710,184,after,false,read_target_after,221234,621234,2070669677260,2070672731888,3.054628,positive,,false
real_can_latency_20260710,185,after,false,session_reset,1001,500100321388,2070699126476,2070702019072,2.892596,positive,,false
real_can_latency_20260710,185,after,false,enter_extended_session,1003,500300321388,2070728285922,2070731332867,3.046945,positive,,false
real_can_latency_20260710,185,after,false,request_security_seed,2701,670112B9,2070757570872,2070760602661,3.031789,positive,,false
real_can_latency_20260710,185,after,false,send_security_key,2702B7E3,6702,2070786858825,2070789932379,3.073554,positive,,false
real_can_latency_20260710,185,after,false,read_target_before,221234,621234,2070816182816,2070819244986,3.062170,positive,,false
real_can_latency_20260710,185,after,false,write_target,2E123400B9,7F2E31,2070845484248,2070848576240,3.091992,negative,0x31,false
real_can_latency_20260710,185,after,false,read_target_after,221234,621234,2070874813058,2070877819705,3.006647,positive,,false
real_can_latency_20260710,186,after,false,session_reset,1001,500100321388,2070904218623,2070907100813,2.882190,positive,,false
real_can_latency_20260710,186,after,false,enter_extended_session,1003,500300321388,2070933355161,2070936429204,3.074043,positive,,false
real_can_latency_20260710,186,after,false,request_security_seed,2701,670112BA,2070962648771,2070965745303,3.096532,positive,,false
real_can_latency_20260710,186,after,false,send_security_key,2702B7E0,6702,2070991961798,2070995024527,3.062729,positive,,false
real_can_latency_20260710,186,after,false,read_target_before,221234,621234,2071021242419,2071024340348,3.097929,positive,,false
real_can_latency_20260710,186,after,false,write_target,2E123400BA,7F2E31,2071050589737,2071053614822,3.025085,negative,0x31,false
real_can_latency_20260710,186,after,false,read_target_after,221234,621234,2071079849266,2071082905709,3.056443,positive,,false
real_can_latency_20260710,187,after,false,session_reset,1001,500100321388,2071109282070,2071112252539,2.970469,positive,,false
real_can_latency_20260710,187,after,false,enter_extended_session,1003,500300321388,2071138498716,2071141526036,3.027320,positive,,false
real_can_latency_20260710,187,after,false,request_security_seed,2701,670112BB,2071167762226,2071170744219,2.981993,positive,,false
real_can_latency_20260710,187,after,false,send_security_key,2702B7E1,6702,2071197043056,2071200113817,3.070761,positive,,false
real_can_latency_20260710,187,after,false,read_target_before,221234,621234,2071226351333,2071229378583,3.027250,positive,,false
real_can_latency_20260710,187,after,false,write_target,2E123400BB,7F2E31,2071255570424,2071258642512,3.072088,negative,0x31,false
real_can_latency_20260710,187,after,false,read_target_after,221234,621234,2071284836169,2071288049056,3.212887,positive,,false
real_can_latency_20260710,188,after,false,session_reset,1001,500100321388,2071314382673,2071317219607,2.836934,positive,,false
real_can_latency_20260710,188,after,false,enter_extended_session,1003,500300321388,2071343458730,2071346564900,3.106170,positive,,false
real_can_latency_20260710,188,after,false,request_security_seed,2701,670112BC,2071372784747,2071375849153,3.064406,positive,,false
real_can_latency_20260710,188,after,false,send_security_key,2702B7E6,6702,2071402160701,2071405158618,2.997917,positive,,false
real_can_latency_20260710,188,after,false,read_target_before,221234,621234,2071431401023,2071434423384,3.022361,positive,,false
real_can_latency_20260710,188,after,false,write_target,2E123400BC,7F2E31,2071460851846,2071463766931,2.915085,negative,0x31,false
real_can_latency_20260710,188,after,false,read_target_after,221234,621234,2071490196580,2071493128288,2.931708,positive,,false
real_can_latency_20260710,189,after,false,session_reset,1001,500100321388,2071519544388,2071522376712,2.832324,positive,,false
real_can_latency_20260710,189,after,false,enter_extended_session,1003,500300321388,2071548616743,2071551624438,3.007695,positive,,false
real_can_latency_20260710,189,after,false,request_security_seed,2701,670112BD,2071577850151,2071580946893,3.096742,positive,,false
real_can_latency_20260710,189,after,false,send_security_key,2702B7E7,6702,2071607198867,2071610216688,3.017821,positive,,false
real_can_latency_20260710,189,after,false,read_target_before,221234,621234,2071636482351,2071639542705,3.060354,positive,,false
real_can_latency_20260710,189,after,false,write_target,2E123400BD,7F2E31,2071665785670,2071669093400,3.307730,negative,0x31,false
real_can_latency_20260710,189,after,false,read_target_after,221234,621234,2071695349704,2071698103527,2.753823,positive,,false
real_can_latency_20260710,190,after,false,session_reset,1001,500100321388,2071724433723,2071727419418,2.985695,positive,,false
real_can_latency_20260710,190,after,false,enter_extended_session,1003,500300321388,2071753659519,2071756751371,3.091852,positive,,false
real_can_latency_20260710,190,after,false,request_security_seed,2701,670112BE,2071782975618,2071786039535,3.063917,positive,,false
real_can_latency_20260710,190,after,false,send_security_key,2702B7E4,6702,2071812292486,2071815302136,3.009650,positive,,false
real_can_latency_20260710,190,after,false,read_target_before,221234,621234,2071841544961,2071844626966,3.082005,positive,,false
real_can_latency_20260710,190,after,false,write_target,2E123400BE,7F2E31,2071870838502,2071873949771,3.111269,negative,0x31,false
real_can_latency_20260710,190,after,false,read_target_after,221234,621234,2071900161027,2071903264264,3.103237,positive,,false
real_can_latency_20260710,191,after,false,session_reset,1001,500100321388,2071929622675,2071932511990,2.889315,positive,,false
real_can_latency_20260710,191,after,false,enter_extended_session,1003,500300321388,2071958749576,2071961776966,3.027390,positive,,false
real_can_latency_20260710,191,after,false,request_security_seed,2701,670112BF,2071988037252,2071991121631,3.084379,positive,,false
real_can_latency_20260710,191,after,false,send_security_key,2702B7E5,6702,2072017384431,2072020407491,3.023060,positive,,false
real_can_latency_20260710,191,after,false,read_target_before,221234,621234,2072046665262,2072049701103,3.035841,positive,,false
real_can_latency_20260710,191,after,false,write_target,2E123400BF,7F2E31,2072075910614,2072079189710,3.279096,negative,0x31,false
real_can_latency_20260710,191,after,false,read_target_after,221234,621234,2072105397685,2072108275895,2.878210,positive,,false
real_can_latency_20260710,192,after,false,session_reset,1001,500100321388,2072134639545,2072137581310,2.941765,positive,,false
real_can_latency_20260710,192,after,false,enter_extended_session,1003,500300321388,2072163793126,2072166898667,3.105541,positive,,false
real_can_latency_20260710,192,after,false,request_security_seed,2701,670112C0,2072193133810,2072196193047,3.059237,positive,,false
real_can_latency_20260710,192,after,false,send_security_key,2702B79A,6702,2072222455638,2072225553078,3.097440,positive,,false
real_can_latency_20260710,192,after,false,read_target_before,221234,621234,2072251773484,2072254786976,3.013492,positive,,false
real_can_latency_20260710,192,after,false,write_target,2E123400C0,7F2E31,2072281040696,2072284147704,3.107008,negative,0x31,false
real_can_latency_20260710,192,after,false,read_target_after,221234,621234,2072310369647,2072313390263,3.020616,positive,,false
real_can_latency_20260710,193,after,false,session_reset,1001,500100321388,2072339793862,2072342669278,2.875416,positive,,false
real_can_latency_20260710,193,after,false,enter_extended_session,1003,500300321388,2072368897716,2072371964985,3.067269,positive,,false
real_can_latency_20260710,193,after,false,request_security_seed,2701,670112C1,2072398196845,2072401298615,3.101770,positive,,false
real_can_latency_20260710,193,after,false,send_security_key,2702B79B,6702,2072427588234,2072430594462,3.006228,positive,,false
real_can_latency_20260710,193,after,false,read_target_before,221234,621234,2072456829884,2072459857204,3.027320,positive,,false
real_can_latency_20260710,193,after,false,write_target,2E123400C1,7F2E31,2072486054354,2072489179241,3.124887,negative,0x31,false
real_can_latency_20260710,193,after,false,read_target_after,221234,621234,2072515420181,2072518471596,3.051415,positive,,false
real_can_latency_20260710,194,after,false,session_reset,1001,500100321388,2072544837341,2072547761576,2.924235,positive,,false
real_can_latency_20260710,194,after,false,enter_extended_session,1003,500300321388,2072573995113,2072577130616,3.135503,positive,,false
real_can_latency_20260710,194,after,false,request_security_seed,2701,670112C2,2072603356749,2072606349079,2.992330,positive,,false
real_can_latency_20260710,194,after,false,send_security_key,2702B798,6702,2072632606361,2072635623624,3.017263,positive,,false
real_can_latency_20260710,194,after,false,read_target_before,221234,621234,2072661862748,2072664934976,3.072228,positive,,false
real_can_latency_20260710,194,after,false,write_target,2E123400C2,7F2E31,2072691162576,2072694258829,3.096253,negative,0x31,false
real_can_latency_20260710,194,after,false,read_target_after,221234,621234,2072720483845,2072723545736,3.061891,positive,,false
real_can_latency_20260710,195,after,false,session_reset,1001,500100321388,2072749930757,2072752817767,2.887010,positive,,false
real_can_latency_20260710,195,after,false,enter_extended_session,1003,500300321388,2072779039779,2072782080160,3.040381,positive,,false
real_can_latency_20260710,195,after,false,request_security_seed,2701,670112C3,2072808324172,2072811441726,3.117554,positive,,false
real_can_latency_20260710,195,after,false,send_security_key,2702B799,6702,2072837702431,2072840707681,3.005250,positive,,false
real_can_latency_20260710,195,after,false,read_target_before,221234,621234,2072866943592,2072869982087,3.038495,positive,,false
real_can_latency_20260710,195,after,false,write_target,2E123400C3,7F2E31,2072896204519,2072899244829,3.040310,negative,0x31,false
real_can_latency_20260710,195,after,false,read_target_after,221234,621234,2072925433179,2072927512759,2.079580,positive,,false
real_can_latency_20260710,196,after,false,session_reset,1001,500100321388,2072953885907,2072956869716,2.983809,positive,,false
real_can_latency_20260710,196,after,false,enter_extended_session,1003,500300321388,2072983137475,2072986177576,3.040101,positive,,false
real_can_latency_20260710,196,after,false,request_security_seed,2701,670112C4,2073012370396,2073015441157,3.070761,positive,,false
real_can_latency_20260710,196,after,false,send_security_key,2702B79E,6702,2073041665545,2073044787081,3.121536,positive,,false
real_can_latency_20260710,196,after,false,read_target_before,221234,621234,2073071069646,2073074050662,2.981016,positive,,false
real_can_latency_20260710,196,after,false,write_target,2E123400C4,7F2E31,2073100300961,2073103412718,3.111757,negative,0x31,false
real_can_latency_20260710,196,after,false,read_target_after,221234,621234,2073129628027,2073132714572,3.086545,positive,,false
real_can_latency_20260710,197,after,false,session_reset,1001,500100321388,2073159040090,2073162239078,3.198988,positive,,false
real_can_latency_20260710,197,after,false,enter_extended_session,1003,500300321388,2073188491962,2073191261150,2.769188,positive,,false
real_can_latency_20260710,197,after,false,request_security_seed,2701,670112C5,2073217490986,2073220546521,3.055535,positive,,false
real_can_latency_20260710,197,after,false,send_security_key,2702B79F,6702,2073246782433,2073249901664,3.119231,positive,,false
real_can_latency_20260710,197,after,false,read_target_before,221234,621234,2073276157550,2073279199118,3.041568,positive,,false
real_can_latency_20260710,197,after,false,write_target,2E123400C5,7F2E31,2073305390820,2073308386712,2.995892,negative,0x31,false
real_can_latency_20260710,197,after,false,read_target_after,221234,621234,2073334605652,2073337779289,3.173637,positive,,false
real_can_latency_20260710,198,after,false,session_reset,1001,500100321388,2073364174857,2073367092108,2.917251,positive,,false
real_can_latency_20260710,198,after,false,enter_extended_session,1003,500300321388,2073393308813,2073396334597,3.025784,positive,,false
real_can_latency_20260710,198,after,false,request_security_seed,2701,670112C6,2073422570718,2073425643365,3.072647,positive,,false
real_can_latency_20260710,198,after,false,send_security_key,2702B79C,6702,2073451924324,2073454939282,3.014958,positive,,false
real_can_latency_20260710,198,after,false,read_target_before,221234,621234,2073481189023,2073484238692,3.049669,positive,,false
real_can_latency_20260710,198,after,false,write_target,2E123400C6,7F2E31,2073510459658,2073513577072,3.117414,negative,0x31,false
real_can_latency_20260710,198,after,false,read_target_after,221234,621234,2073539816476,2073542848196,3.031720,positive,,false
real_can_latency_20260710,199,after,false,session_reset,1001,500100321388,2073569302291,2073572310963,3.008672,positive,,false
real_can_latency_20260710,199,after,false,enter_extended_session,1003,500300321388,2073598545199,2073601425295,2.880096,positive,,false
real_can_latency_20260710,199,after,false,request_security_seed,2701,670112C7,2073627837205,2073630737834,2.900629,positive,,false
real_can_latency_20260710,199,after,false,send_security_key,2702B79D,6702,2073657047079,2073660123078,3.075999,positive,,false
real_can_latency_20260710,199,after,false,read_target_before,221234,621234,2073686371561,2073689319681,2.948120,positive,,false
real_can_latency_20260710,199,after,false,write_target,2E123400C7,7F2E31,2073715559854,2073718624469,3.064615,negative,0x31,false
real_can_latency_20260710,199,after,false,read_target_after,221234,621234,2073744892088,2073747912145,3.020057,positive,,false
real_can_latency_20260710,200,after,false,session_reset,1001,500100321388,2073774278380,2073777209668,2.931288,positive,,false
real_can_latency_20260710,200,after,false,enter_extended_session,1003,500300321388,2073803445580,2073806523465,3.077885,positive,,false
real_can_latency_20260710,200,after,false,request_security_seed,2701,670112C8,2073832760844,2073835798291,3.037447,positive,,false
real_can_latency_20260710,200,after,false,send_security_key,2702B792,6702,2073862047193,2073865111878,3.064685,positive,,false
real_can_latency_20260710,200,after,false,read_target_before,221234,621234,2073891354564,2073894413033,3.058469,positive,,false
real_can_latency_20260710,200,after,false,write_target,2E123400C8,7F2E31,2073920627434,2073923734372,3.106938,negative,0x31,false
real_can_latency_20260710,200,after,false,read_target_after,221234,621234,2073950038519,2073953021211,2.982692,positive,,false
real_can_latency_20260710,201,after,false,session_reset,1001,500100321388,2073979527197,2073982291497,2.764300,positive,,false
real_can_latency_20260710,201,after,false,enter_extended_session,1003,500300321388,2074008536838,2074011609415,3.072577,positive,,false
real_can_latency_20260710,201,after,false,request_security_seed,2701,670112C9,2074037843581,2074040902470,3.058889,positive,,false
real_can_latency_20260710,201,after,false,send_security_key,2702B793,6702,2074067171766,2074070173734,3.001968,positive,,false
real_can_latency_20260710,201,after,false,read_target_before,221234,621234,2074096417120,2074099799510,3.382390,positive,,false
real_can_latency_20260710,201,after,false,write_target,2E123400C9,7F2E31,2074126075092,2074128777304,2.702212,negative,0x31,false
real_can_latency_20260710,201,after,false,read_target_after,221234,621234,2074154997851,2074158122459,3.124608,positive,,false
real_can_latency_20260710,202,after,false,session_reset,1001,500100321388,2074184488974,2074187415235,2.926261,positive,,false
real_can_latency_20260710,202,after,false,enter_extended_session,1003,500300321388,2074213659109,2074216706613,3.047504,positive,,false
real_can_latency_20260710,202,after,false,request_security_seed,2701,670112CA,2074242928628,2074245926754,2.998126,positive,,false
real_can_latency_20260710,202,after,false,send_security_key,2702B790,6702,2074272177473,2074275308227,3.130754,positive,,false
real_can_latency_20260710,202,after,false,read_target_before,221234,621234,2074301548261,2074304594088,3.045827,positive,,false
real_can_latency_20260710,202,after,false,write_target,2E123400CA,7F2E31,2074330841874,2074333911518,3.069644,negative,0x31,false
real_can_latency_20260710,202,after,false,read_target_after,221234,621234,2074360150084,2074363161620,3.011536,positive,,false
real_can_latency_20260710,203,after,false,session_reset,1001,500100321388,2074389600490,2074392405716,2.805226,positive,,false
real_can_latency_20260710,203,after,false,enter_extended_session,1003,500300321388,2074418649591,2074421766447,3.116856,positive,,false
real_can_latency_20260710,203,after,false,request_security_seed,2701,670112CB,2074447977287,2074451088067,3.110780,positive,,false
real_can_latency_20260710,203,after,false,send_security_key,2702B791,6702,2074477326912,2074480389712,3.062800,positive,,false
real_can_latency_20260710,203,after,false,read_target_before,221234,621234,2074506634494,2074509789274,3.154780,positive,,false
real_can_latency_20260710,203,after,false,write_target,2E123400CB,7F2E31,2074536016945,2074538959688,2.942743,negative,0x31,false
real_can_latency_20260710,203,after,false,read_target_after,221234,621234,2074565450589,2074568254209,2.803620,positive,,false
real_can_latency_20260710,204,after,false,session_reset,1001,500100321388,2074594607734,2074597525334,2.917600,positive,,false
real_can_latency_20260710,204,after,false,enter_extended_session,1003,500300321388,2074623761177,2074627080152,3.318975,positive,,false
real_can_latency_20260710,204,after,false,request_security_seed,2701,670112CC,2074653257887,2074656073869,2.815982,positive,,false
real_can_latency_20260710,204,after,false,send_security_key,2702B796,6702,2074682515183,2074685373279,2.858096,positive,,false
real_can_latency_20260710,204,after,false,read_target_before,221234,621234,2074711563865,2074714638118,3.074253,positive,,false
real_can_latency_20260710,204,after,false,write_target,2E123400CC,7F2E31,2074740863485,2074744184066,3.320581,negative,0x31,false
real_can_latency_20260710,204,after,false,read_target_after,221234,621234,2074770426544,2074773318163,2.891619,positive,,false
real_can_latency_20260710,205,after,false,session_reset,1001,500100321388,2074799725116,2074802605002,2.879886,positive,,false
real_can_latency_20260710,205,after,false,enter_extended_session,1003,500300321388,2074828852718,2074831945199,3.092481,positive,,false
real_can_latency_20260710,205,after,false,request_security_seed,2701,670112CD,2074858212610,2074861209969,2.997359,positive,,false
real_can_latency_20260710,205,after,false,send_security_key,2702B797,6702,2074887470884,2074890554007,3.083123,positive,,false
real_can_latency_20260710,205,after,false,read_target_before,221234,621234,2074916776231,2074919775265,2.999034,positive,,false
real_can_latency_20260710,205,after,false,write_target,2E123400CD,7F2E31,2074946073616,2074949097025,3.023409,negative,0x31,false
real_can_latency_20260710,205,after,false,read_target_after,221234,621234,2074975426385,2074978400346,2.973961,positive,,false
real_can_latency_20260710,206,after,false,session_reset,1001,500100321388,2075004751008,2075007711072,2.960064,positive,,false
real_can_latency_20260710,206,after,false,enter_extended_session,1003,500300321388,2075033947195,2075037040794,3.093599,positive,,false
real_can_latency_20260710,206,after,false,request_security_seed,2701,670112CE,2075063266440,2075066274694,3.008254,positive,,false
real_can_latency_20260710,206,after,false,send_security_key,2702B794,6702,2075092490493,2075095542607,3.052114,positive,,false
real_can_latency_20260710,206,after,false,read_target_before,221234,621234,2075121766368,2075124888043,3.121675,positive,,false
real_can_latency_20260710,206,after,false,write_target,2E123400CE,7F2E31,2075151133874,2075154240254,3.106380,negative,0x31,false
real_can_latency_20260710,206,after,false,read_target_after,221234,621234,2075180465062,2075183552376,3.087314,positive,,false
real_can_latency_20260710,207,after,false,session_reset,1001,500100321388,2075209947526,2075212741019,2.793493,positive,,false
real_can_latency_20260710,207,after,false,enter_extended_session,1003,500300321388,2075238991669,2075242109852,3.118183,positive,,false
real_can_latency_20260710,207,after,false,request_security_seed,2701,670112CF,2075268335219,2075271340470,3.005251,positive,,false
real_can_latency_20260710,207,after,false,send_security_key,2702B795,6702,2075297582459,2075300671309,3.088850,positive,,false
real_can_latency_20260710,207,after,false,read_target_before,221234,621234,2075326893813,2075329935450,3.041637,positive,,false
real_can_latency_20260710,207,after,false,write_target,2E123400CF,7F2E31,2075356131904,2075359208741,3.076837,negative,0x31,false
real_can_latency_20260710,207,after,false,read_target_after,221234,621234,2075385424051,2075388509479,3.085428,positive,,false
real_can_latency_20260710,208,after,false,session_reset,1001,500100321388,2075414890661,2075417847582,2.956921,positive,,false
real_can_latency_20260710,208,after,false,enter_extended_session,1003,500300321388,2075444070644,2075447177723,3.107079,positive,,false
real_can_latency_20260710,208,after,false,request_security_seed,2701,670112D0,2075473404487,2075476440258,3.035771,positive,,false
real_can_latency_20260710,208,after,false,send_security_key,2702B78A,6702,2075502676031,2075505727097,3.051066,positive,,false
real_can_latency_20260710,208,after,false,read_target_before,221234,621234,2075531934795,2075535080426,3.145631,positive,,false
real_can_latency_20260710,208,after,false,write_target,2E123400D0,7F2E31,2075561295037,2075564361049,3.066012,negative,0x31,false
real_can_latency_20260710,208,after,false,read_target_after,221234,621234,2075590592353,2075593607312,3.014959,positive,,false
real_can_latency_20260710,209,after,false,session_reset,1001,500100321388,2075619969916,2075622897573,2.927657,positive,,false
real_can_latency_20260710,209,after,false,enter_extended_session,1003,500300321388,2075649156255,2075652248946,3.092691,positive,,false
real_can_latency_20260710,209,after,false,request_security_seed,2701,670112D1,2075678470263,2075681555830,3.085567,positive,,false
real_can_latency_20260710,209,after,false,send_security_key,2702B78B,6702,2075707802359,2075710873609,3.071250,positive,,false
real_can_latency_20260710,209,after,false,read_target_before,221234,621234,2075737137319,2075740101224,2.963905,positive,,false
real_can_latency_20260710,209,after,false,write_target,2E123400D1,7F2E31,2075766324845,2075769435625,3.110780,negative,0x31,false
real_can_latency_20260710,209,after,false,read_target_after,221234,621234,2075795651215,2075798760528,3.109313,positive,,false
real_can_latency_20260710,210,after,false,session_reset,1001,500100321388,2075825148904,2075828047437,2.898533,positive,,false
real_can_latency_20260710,210,after,false,enter_extended_session,1003,500300321388,2075854294036,2075857298030,3.003994,positive,,false
real_can_latency_20260710,210,after,false,request_security_seed,2701,670112D2,2075883562019,2075886630755,3.068736,positive,,false
real_can_latency_20260710,210,after,false,send_security_key,2702B788,6702,2075912863595,2075915933798,3.070203,positive,,false
real_can_latency_20260710,210,after,false,read_target_before,221234,621234,2075942175228,2075945195355,3.020127,positive,,false
real_can_latency_20260710,210,after,false,write_target,2E123400D2,7F2E31,2075971440208,2075974517534,3.077326,negative,0x31,false
real_can_latency_20260710,210,after,false,read_target_after,221234,621234,2076000746814,2076003767429,3.020615,positive,,false
real_can_latency_20260710,211,after,false,session_reset,1001,500100321388,2076030167748,2076033066352,2.898604,positive,,false
real_can_latency_20260710,211,after,false,enter_extended_session,1003,500300321388,2076059249885,2076062338945,3.089060,positive,,false
real_can_latency_20260710,211,after,false,request_security_seed,2701,670112D3,2076088561030,2076091708407,3.147377,positive,,false
real_can_latency_20260710,211,after,false,send_security_key,2702B789,6702,2076117997819,2076120990708,2.992889,positive,,false
real_can_latency_20260710,211,after,false,read_target_before,221234,621234,2076147263498,2076150257923,2.994425,positive,,false
real_can_latency_20260710,211,after,false,write_target,2E123400D3,7F2E31,2076176474561,2076179599868,3.125307,negative,0x31,false
real_can_latency_20260710,211,after,false,read_target_after,221234,621234,2076205816296,2076208895020,3.078724,positive,,false
real_can_latency_20260710,212,after,false,session_reset,1001,500100321388,2076235308259,2076238198412,2.890153,positive,,false
real_can_latency_20260710,212,after,false,enter_extended_session,1003,500300321388,2076264440263,2076267484415,3.044152,positive,,false
real_can_latency_20260710,212,after,false,request_security_seed,2701,670112D4,2076293704126,2076296727954,3.023828,positive,,false
real_can_latency_20260710,212,after,false,send_security_key,2702B78E,6702,2076323220114,2076326111663,2.891549,positive,,false
real_can_latency_20260710,212,after,false,read_target_before,221234,621234,2076352373349,2076355353317,2.979968,positive,,false
real_can_latency_20260710,212,after,false,write_target,2E123400D4,7F2E31,2076381587764,2076384675986,3.088222,negative,0x31,false
real_can_latency_20260710,212,after,false,read_target_after,221234,621234,2076410894649,2076413937544,3.042895,positive,,false
real_can_latency_20260710,213,after,false,session_reset,1001,500100321388,2076440271095,2076443226968,2.955873,positive,,false
real_can_latency_20260710,213,after,false,enter_extended_session,1003,500300321388,2076469448705,2076472545726,3.097021,positive,,false
real_can_latency_20260710,213,after,false,request_security_seed,2701,670112D5,2076498777240,2076502166895,3.389655,positive,,false
real_can_latency_20260710,213,after,false,send_security_key,2702B78F,6702,2076528406091,2076531124156,2.718065,positive,,false
real_can_latency_20260710,213,after,false,read_target_before,221234,621234,2076557331366,2076560407435,3.076069,positive,,false
real_can_latency_20260710,213,after,false,write_target,2E123400D5,7F2E31,2076586626378,2076589768726,3.142348,negative,0x31,false
real_can_latency_20260710,213,after,false,read_target_after,221234,621234,2076616043122,2076619134905,3.091783,positive,,false
real_can_latency_20260710,214,after,false,session_reset,1001,500100321388,2076645481587,2076648324667,2.843080,positive,,false
real_can_latency_20260710,214,after,false,enter_extended_session,1003,500300321388,2076674549476,2076677614580,3.065104,positive,,false
real_can_latency_20260710,214,after,false,request_security_seed,2701,670112D6,2076703851752,2076706924818,3.073066,positive,,false
real_can_latency_20260710,214,after,false,send_security_key,2702B78C,6702,2076733151303,2076736245461,3.094158,positive,,false
real_can_latency_20260710,214,after,false,read_target_before,221234,621234,2076762472645,2076765538447,3.065802,positive,,false
real_can_latency_20260710,214,after,false,write_target,2E123400D6,7F2E31,2076791758647,2076794897922,3.139275,negative,0x31,false
real_can_latency_20260710,214,after,false,read_target_after,221234,621234,2076821142357,2076824122744,2.980387,positive,,false
real_can_latency_20260710,215,after,false,session_reset,1001,500100321388,2076850490168,2076853408188,2.918020,positive,,false
real_can_latency_20260710,215,after,false,enter_extended_session,1003,500300321388,2076879642915,2076882722685,3.079770,positive,,false
real_can_latency_20260710,215,after,false,request_security_seed,2701,670112D7,2076908932409,2076912146553,3.214144,positive,,false
real_can_latency_20260710,215,after,false,send_security_key,2702B78D,6702,2076938387706,2076941292804,2.905098,positive,,false
real_can_latency_20260710,215,after,false,read_target_before,221234,621234,2076967516008,2076970566725,3.050717,positive,,false
real_can_latency_20260710,215,after,false,write_target,2E123400D7,7F2E31,2076996797541,2076999913699,3.116158,negative,0x31,false
real_can_latency_20260710,215,after,false,read_target_after,221234,621234,2077026151988,2077029193137,3.041149,positive,,false
real_can_latency_20260710,216,after,false,session_reset,1001,500100321388,2077055528226,2077058517483,2.989257,positive,,false
real_can_latency_20260710,216,after,false,enter_extended_session,1003,500300321388,2077084755074,2077087779111,3.024037,positive,,false
real_can_latency_20260710,216,after,false,request_security_seed,2701,670112D8,2077113991001,2077117051077,3.060076,positive,,false
real_can_latency_20260710,216,after,false,send_security_key,2702B782,6702,2077143268484,2077146399657,3.131173,positive,,false
real_can_latency_20260710,216,after,false,read_target_before,221234,621234,2077172620626,2077175683705,3.063079,positive,,false
real_can_latency_20260710,216,after,false,write_target,2E123400D8,7F2E31,2077201914521,2077204980533,3.066012,negative,0x31,false
real_can_latency_20260710,216,after,false,read_target_after,221234,621234,2077231155617,2077234239857,3.084240,positive,,false
real_can_latency_20260710,217,after,false,session_reset,1001,500100321388,2077260530946,2077263524813,2.993867,positive,,false
real_can_latency_20260710,217,after,false,enter_extended_session,1003,500300321388,2077289747178,2077292879400,3.132222,positive,,false
real_can_latency_20260710,217,after,false,request_security_seed,2701,670112D9,2077319039677,2077322048350,3.008673,positive,,false
real_can_latency_20260710,217,after,false,send_security_key,2702B783,6702,2077348293833,2077351442117,3.148284,positive,,false
real_can_latency_20260710,217,after,false,read_target_before,221234,621234,2077377655543,2077380730914,3.075371,positive,,false
real_can_latency_20260710,217,after,false,write_target,2E123400D9,7F2E31,2077406921572,2077410070066,3.148494,negative,0x31,false
real_can_latency_20260710,217,after,false,read_target_after,221234,621234,2077436288800,2077439364310,3.075510,positive,,false
real_can_latency_20260710,218,after,false,session_reset,1001,500100321388,2077465713367,2077468647520,2.934153,positive,,false
real_can_latency_20260710,218,after,false,enter_extended_session,1003,500300321388,2077494896565,2077497921930,3.025365,positive,,false
real_can_latency_20260710,218,after,false,request_security_seed,2701,670112DA,2077524146181,2077527208701,3.062520,positive,,false
real_can_latency_20260710,218,after,false,send_security_key,2702B780,6702,2077553412000,2077556455943,3.043943,positive,,false
real_can_latency_20260710,218,after,false,read_target_before,221234,621234,2077582662315,2077585895176,3.232861,positive,,false
real_can_latency_20260710,218,after,false,write_target,2E123400DA,7F2E31,2077612182354,2077615116088,2.933734,negative,0x31,false
real_can_latency_20260710,218,after,false,read_target_after,221234,621234,2077641318479,2077644380510,3.062031,positive,,false
real_can_latency_20260710,219,after,false,session_reset,1001,500100321388,2077670785230,2077673755561,2.970331,positive,,false
real_can_latency_20260710,219,after,false,enter_extended_session,1003,500300321388,2077699960815,2077703056370,3.095555,positive,,false
real_can_latency_20260710,219,after,false,request_security_seed,2701,670112DB,2077729274056,2077732306056,3.032000,positive,,false
real_can_latency_20260710,219,after,false,send_security_key,2702B781,6702,2077758552587,2077761560910,3.008323,positive,,false
real_can_latency_20260710,219,after,false,read_target_before,221234,621234,2077787805765,2077790874920,3.069155,positive,,false
real_can_latency_20260710,219,after,false,write_target,2E123400DB,7F2E31,2077817151063,2077820255557,3.104494,negative,0x31,false
real_can_latency_20260710,219,after,false,read_target_after,221234,621234,2077846501389,2077849520398,3.019009,positive,,false
real_can_latency_20260710,220,after,false,session_reset,1001,500100321388,2077875913036,2077878787754,2.874718,positive,,false
real_can_latency_20260710,220,after,false,enter_extended_session,1003,500300321388,2077904999504,2077908092125,3.092621,positive,,false
real_can_latency_20260710,220,after,false,request_security_seed,2701,670112DC,2077934296053,2077937420173,3.124120,positive,,false
real_can_latency_20260710,220,after,false,send_security_key,2702B786,6702,2077963655459,2077966688995,3.033536,positive,,false
real_can_latency_20260710,220,after,false,read_target_before,221234,621234,2077992908289,2077996072497,3.164208,positive,,false
real_can_latency_20260710,220,after,false,write_target,2E123400DC,7F2E31,2078022295632,2078025313174,3.017542,negative,0x31,false
real_can_latency_20260710,220,after,false,read_target_after,221234,621234,2078051517592,2078054585350,3.067758,positive,,false
real_can_latency_20260710,221,after,false,session_reset,1001,500100321388,2078080998591,2078083890770,2.892179,positive,,false
real_can_latency_20260710,221,after,false,enter_extended_session,1003,500300321388,2078110131714,2078113195840,3.064126,positive,,false
real_can_latency_20260710,221,after,false,request_security_seed,2701,670112DD,2078139412340,2078142499304,3.086964,positive,,false
real_can_latency_20260710,221,after,false,send_security_key,2702B787,6702,2078168724185,2078171797251,3.073066,positive,,false
real_can_latency_20260710,221,after,false,read_target_before,221234,621234,2078198057262,2078201088982,3.031720,positive,,false
real_can_latency_20260710,221,after,false,write_target,2E123400DD,7F2E31,2078227327970,2078230366675,3.038705,negative,0x31,false
real_can_latency_20260710,221,after,false,read_target_after,221234,621234,2078256625219,2078259668672,3.043453,positive,,false
real_can_latency_20260710,222,after,false,session_reset,1001,500100321388,2078285982949,2078288899991,2.917042,positive,,false
real_can_latency_20260710,222,after,false,enter_extended_session,1003,500300321388,2078315128503,2078318182433,3.053930,positive,,false
real_can_latency_20260710,222,after,false,request_security_seed,2701,670112DE,2078344399142,2078347507827,3.108685,positive,,false
real_can_latency_20260710,222,after,false,send_security_key,2702B784,6702,2078373739832,2078376822117,3.082285,positive,,false
real_can_latency_20260710,222,after,false,read_target_before,221234,621234,2078403071372,2078406094153,3.022781,positive,,false
real_can_latency_20260710,222,after,false,write_target,2E123400DE,7F2E31,2078432296125,2078435433864,3.137739,negative,0x31,false
real_can_latency_20260710,222,after,false,read_target_after,221234,621234,2078461654415,2078465065301,3.410886,positive,,false
real_can_latency_20260710,223,after,false,session_reset,1001,500100321388,2078491450815,2078494079275,2.628460,positive,,false
real_can_latency_20260710,223,after,false,enter_extended_session,1003,500300321388,2078520360377,2078523309406,2.949029,positive,,false
real_can_latency_20260710,223,after,false,request_security_seed,2701,670112DF,2078549528979,2078552627677,3.098698,positive,,false
real_can_latency_20260710,223,after,false,send_security_key,2702B785,6702,2078578875465,2078581924576,3.049111,positive,,false
real_can_latency_20260710,223,after,false,read_target_before,221234,621234,2078608162307,2078611217773,3.055466,positive,,false
real_can_latency_20260710,223,after,false,write_target,2E123400DF,7F2E31,2078637427359,2078640492254,3.064895,negative,0x31,false
real_can_latency_20260710,223,after,false,read_target_after,221234,621234,2078666706309,2078669760518,3.054209,positive,,false
real_can_latency_20260710,224,after,false,session_reset,1001,500100321388,2078696079684,2078699068382,2.988698,positive,,false
real_can_latency_20260710,224,after,false,enter_extended_session,1003,500300321388,2078725297942,2078728448881,3.150939,positive,,false
real_can_latency_20260710,224,after,false,request_security_seed,2701,670112E0,2078754700790,2078757708415,3.007625,positive,,false
real_can_latency_20260710,224,after,false,send_security_key,2702B7BA,6702,2078783928756,2078787032552,3.103796,positive,,false
real_can_latency_20260710,224,after,false,read_target_before,221234,621234,2078813255407,2078816305915,3.050508,positive,,false
real_can_latency_20260710,224,after,false,write_target,2E123400E0,7F2E31,2078842498948,2078845553367,3.054419,negative,0x31,false
real_can_latency_20260710,224,after,false,read_target_after,221234,621234,2078871759530,2078874892240,3.132710,positive,,false
real_can_latency_20260710,225,after,false,session_reset,1001,500100321388,2078901270142,2078904205203,2.935061,positive,,false
real_can_latency_20260710,225,after,false,enter_extended_session,1003,500300321388,2078930427709,2078933499797,3.072088,positive,,false
real_can_latency_20260710,225,after,false,request_security_seed,2701,670112E1,2078959710011,2078962739567,3.029556,positive,,false
real_can_latency_20260710,225,after,false,send_security_key,2702B7BB,6702,2078988963330,2078992103723,3.140393,positive,,false
real_can_latency_20260710,225,after,false,read_target_before,221234,621234,2079018329932,2079021381417,3.051485,positive,,false
real_can_latency_20260710,225,after,false,write_target,2E123400E1,7F2E31,2079047578083,2079050667771,3.089688,negative,0x31,false
real_can_latency_20260710,225,after,false,read_target_after,221234,621234,2079076883643,2079079904887,3.021244,positive,,false
real_can_latency_20260710,226,after,false,session_reset,1001,500100321388,2079106170136,2079109168403,2.998267,positive,,false
real_can_latency_20260710,226,after,false,enter_extended_session,1003,500300321388,2079135361507,2079137505900,2.144393,positive,,false
real_can_latency_20260710,226,after,false,request_security_seed,2701,670112E2,2079163734483,2079166852806,3.118323,positive,,false
real_can_latency_20260710,226,after,false,send_security_key,2702B7B8,6702,2079193041509,2079196240918,3.199409,positive,,false
real_can_latency_20260710,226,after,false,read_target_before,221234,621234,2079222442891,2079225454288,3.011397,positive,,false
real_can_latency_20260710,226,after,false,write_target,2E123400E2,7F2E31,2079251667646,2079254795956,3.128310,negative,0x31,false
real_can_latency_20260710,226,after,false,read_target_after,221234,621234,2079281015599,2079284070437,3.054838,positive,,false
real_can_latency_20260710,227,after,false,session_reset,1001,500100321388,2079310448759,2079313359864,2.911105,positive,,false
real_can_latency_20260710,227,after,false,enter_extended_session,1003,500300321388,2079339579437,2079342657253,3.077816,positive,,false
real_can_latency_20260710,227,after,false,request_security_seed,2701,670112E3,2079368844699,2079371946400,3.101701,positive,,false
real_can_latency_20260710,227,after,false,send_security_key,2702B7B9,6702,2079398149701,2079401212361,3.062660,positive,,false
real_can_latency_20260710,227,after,false,read_target_before,221234,621234,2079427413915,2079430507864,3.093949,positive,,false
real_can_latency_20260710,227,after,false,write_target,2E123400E3,7F2E31,2079456737355,2079459918674,3.181319,negative,0x31,false
real_can_latency_20260710,227,after,false,read_target_after,221234,621234,2079486137340,2079489134908,2.997568,positive,,false
real_can_latency_20260710,228,after,false,session_reset,1001,500100321388,2079515523845,2079518420843,2.896998,positive,,false
real_can_latency_20260710,228,after,false,enter_extended_session,1003,500300321388,2079544642931,2079547782765,3.139834,positive,,false
real_can_latency_20260710,228,after,false,request_security_seed,2701,670112E4,2079574044243,2079577080642,3.036399,positive,,false
real_can_latency_20260710,228,after,false,send_security_key,2702B7BE,6702,2079603302451,2079606366438,3.063987,positive,,false
real_can_latency_20260710,228,after,false,read_target_before,221234,621234,2079632630360,2079635660335,3.029975,positive,,false
real_can_latency_20260710,228,after,false,write_target,2E123400E4,7F2E31,2079661872016,2079664964638,3.092622,negative,0x31,false
real_can_latency_20260710,228,after,false,read_target_after,221234,621234,2079691301055,2079694254274,2.953219,positive,,false
real_can_latency_20260710,229,after,false,session_reset,1001,500100321388,2079720636088,2079723538323,2.902235,positive,,false
real_can_latency_20260710,229,after,false,enter_extended_session,1003,500300321388,2079749769141,2079752855756,3.086615,positive,,false
real_can_latency_20260710,229,after,false,request_security_seed,2701,670112E5,2079779137279,2079782139456,3.002177,positive,,false
real_can_latency_20260710,229,after,false,send_security_key,2702B7BF,6702,2079808374185,2079811480147,3.105962,positive,,false
real_can_latency_20260710,229,after,false,read_target_before,221234,621234,2079837708590,2079840743034,3.034444,positive,,false
real_can_latency_20260710,229,after,false,write_target,2E123400E5,7F2E31,2079866980626,2079870096645,3.116019,negative,0x31,false
real_can_latency_20260710,229,after,false,read_target_after,221234,621234,2079896346948,2079899306663,2.959715,positive,,false
real_can_latency_20260710,230,after,false,session_reset,1001,500100321388,2079925611721,2079928576395,2.964674,positive,,false
real_can_latency_20260710,230,after,false,enter_extended_session,1003,500300321388,2079954797924,2079957934685,3.136761,positive,,false
real_can_latency_20260710,230,after,false,request_security_seed,2701,670112E6,2079984176887,2079987219154,3.042267,positive,,false
real_can_latency_20260710,230,after,false,send_security_key,2702B7BC,6702,2080013473439,2080016520943,3.047504,positive,,false
real_can_latency_20260710,230,after,false,read_target_before,221234,621234,2080042779838,2080045817984,3.038146,positive,,false
real_can_latency_20260710,230,after,false,write_target,2E123400E6,7F2E31,2080072069475,2080075097704,3.028229,negative,0x31,false
real_can_latency_20260710,230,after,false,read_target_after,221234,621234,2080101341652,2080104351722,3.010070,positive,,false
real_can_latency_20260710,231,after,false,session_reset,1001,500100321388,2080130698686,2080133908291,3.209605,positive,,false
real_can_latency_20260710,231,after,false,enter_extended_session,1003,500300321388,2080160171097,2080163095402,2.924305,positive,,false
real_can_latency_20260710,231,after,false,request_security_seed,2701,670112E7,2080189309040,2080192298576,2.989536,positive,,false
real_can_latency_20260710,231,after,false,send_security_key,2702B7BD,6702,2080218738149,2080221568937,2.830788,positive,,false
real_can_latency_20260710,231,after,false,read_target_before,221234,621234,2080247870644,2080250892029,3.021385,positive,,false
real_can_latency_20260710,231,after,false,write_target,2E123400E7,7F2E31,2080277138352,2080280192212,3.053860,negative,0x31,false
real_can_latency_20260710,231,after,false,read_target_after,221234,621234,2080306443214,2080309449932,3.006718,positive,,false
real_can_latency_20260710,232,after,false,session_reset,1001,500100321388,2080335870298,2080338770997,2.900699,positive,,false
real_can_latency_20260710,232,after,false,enter_extended_session,1003,500300321388,2080365040089,2080368087803,3.047714,positive,,false
real_can_latency_20260710,232,after,false,request_security_seed,2701,670112E8,2080394284399,2080397323523,3.039124,positive,,false
real_can_latency_20260710,232,after,false,send_security_key,2702B7B2,6702,2080423541631,2080426653319,3.111688,positive,,false
real_can_latency_20260710,232,after,false,read_target_before,221234,621234,2080452868214,2080455969426,3.101212,positive,,false
real_can_latency_20260710,232,after,false,write_target,2E123400E8,7F2E31,2080482214492,2080485282949,3.068457,negative,0x31,false
real_can_latency_20260710,232,after,false,read_target_after,221234,621234,2080511498682,2080514553589,3.054907,positive,,false
real_can_latency_20260710,233,after,false,session_reset,1001,500100321388,2080540904255,2080543897144,2.992889,positive,,false
real_can_latency_20260710,233,after,false,enter_extended_session,1003,500300321388,2080570108686,2080573081321,2.972635,positive,,false
real_can_latency_20260710,233,after,false,request_security_seed,2701,670112E9,2080599492958,2080602410977,2.918019,positive,,false
real_can_latency_20260710,233,after,false,send_security_key,2702B7B3,6702,2080628648082,2080631725478,3.077396,positive,,false
real_can_latency_20260710,233,after,false,read_target_before,221234,621234,2080657960627,2080661098645,3.138018,positive,,false
real_can_latency_20260710,233,after,false,write_target,2E123400E9,7F2E31,2080687318848,2080690337927,3.019079,negative,0x31,false
real_can_latency_20260710,233,after,false,read_target_after,221234,621234,2080716607507,2080719583355,2.975848,positive,,false
real_can_latency_20260710,234,after,false,session_reset,1001,500100321388,2080745897214,2080748874668,2.977454,positive,,false
real_can_latency_20260710,234,after,false,enter_extended_session,1003,500300321388,2080775127766,2080778261943,3.134177,positive,,false
real_can_latency_20260710,234,after,false,request_security_seed,2701,670112EA,2080804463568,2080807528393,3.064825,positive,,false
real_can_latency_20260710,234,after,false,send_security_key,2702B7B0,6702,2080833816062,2080836808043,2.991981,positive,,false
real_can_latency_20260710,234,after,false,read_target_before,221234,621234,2080863040887,2080866113535,3.072648,positive,,false
real_can_latency_20260710,234,after,false,write_target,2E123400EA,7F2E31,2080892361185,2080895417559,3.056374,negative,0x31,false
real_can_latency_20260710,234,after,false,read_target_after,221234,621234,2080921657247,2080924674790,3.017543,positive,,false
real_can_latency_20260710,235,after,false,session_reset,1001,500100321388,2080951046129,2080954118217,3.072088,positive,,false
real_can_latency_20260710,235,after,false,enter_extended_session,1003,500300321388,2080980372572,2080983290941,2.918369,positive,,false
real_can_latency_20260710,235,after,false,request_security_seed,2701,670112EB,2081009527348,2081012656217,3.128869,positive,,false
real_can_latency_20260710,235,after,false,send_security_key,2702B7B1,6702,2081038923144,2081041907163,2.984019,positive,,false
real_can_latency_20260710,235,after,false,read_target_before,221234,621234,2081068130230,2081071161672,3.031442,positive,,false
real_can_latency_20260710,235,after,false,write_target,2E123400EB,7F2E31,2081097389977,2081100521430,3.131453,negative,0x31,false
real_can_latency_20260710,235,after,false,read_target_after,221234,621234,2081126777392,2081129748071,2.970679,positive,,false
real_can_latency_20260710,236,after,false,session_reset,1001,500100321388,2081156149302,2081159080732,2.931430,positive,,false
real_can_latency_20260710,236,after,false,enter_extended_session,1003,500300321388,2081185300237,2081188393347,3.093110,positive,,false
real_can_latency_20260710,236,after,false,request_security_seed,2701,670112EC,2081214613341,2081217849486,3.236145,positive,,false
real_can_latency_20260710,236,after,false,send_security_key,2702B7B6,6702,2081244095600,2081247028636,2.933036,positive,,false
real_can_latency_20260710,236,after,false,read_target_before,221234,621234,2081273251982,2081276221963,2.969981,positive,,false
real_can_latency_20260710,236,after,false,write_target,2E123400EC,7F2E31,2081302431900,2081305575645,3.143745,negative,0x31,false
real_can_latency_20260710,236,after,false,read_target_after,221234,621234,2081331830071,2081334781335,2.951264,positive,,false
real_can_latency_20260710,237,after,false,session_reset,1001,500100321388,2081361173626,2081364188096,3.014470,positive,,false
real_can_latency_20260710,237,after,false,enter_extended_session,1003,500300321388,2081390437214,2081393421582,2.984368,positive,,false
real_can_latency_20260710,237,after,false,request_security_seed,2701,670112ED,2081419670979,2081422753614,3.082635,positive,,false
real_can_latency_20260710,237,after,false,send_security_key,2702B7B7,6702,2081449021867,2081452081036,3.059169,positive,,false
real_can_latency_20260710,237,after,false,read_target_before,221234,621234,2081478316883,2081481354331,3.037448,positive,,false
real_can_latency_20260710,237,after,false,write_target,2E123400ED,7F2E31,2081507614832,2081510689715,3.074883,negative,0x31,false
real_can_latency_20260710,237,after,false,read_target_after,221234,621234,2081536942743,2081539945620,3.002877,positive,,false
real_can_latency_20260710,238,after,false,session_reset,1001,500100321388,2081566177417,2081569209906,3.032489,positive,,false
real_can_latency_20260710,238,after,false,enter_extended_session,1003,500300321388,2081595415303,2081598503245,3.087942,positive,,false
real_can_latency_20260710,238,after,false,request_security_seed,2701,670112EE,2081624713741,2081627860140,3.146399,positive,,false
real_can_latency_20260710,238,after,false,send_security_key,2702B7B4,6702,2081654050521,2081657141746,3.091225,positive,,false
real_can_latency_20260710,238,after,false,read_target_before,221234,621234,2081683384927,2081686436692,3.051765,positive,,false
real_can_latency_20260710,238,after,false,write_target,2E123400EE,7F2E31,2081712679873,2081715889269,3.209396,negative,0x31,false
real_can_latency_20260710,238,after,false,read_target_after,221234,621234,2081742145441,2081745070654,2.925213,positive,,false
real_can_latency_20260710,239,after,false,session_reset,1001,500100321388,2081771468183,2081774285562,2.817379,positive,,false
real_can_latency_20260710,239,after,false,enter_extended_session,1003,500300321388,2081800492636,2081803606140,3.113504,positive,,false
real_can_latency_20260710,239,after,false,request_security_seed,2701,670112EF,2081829856864,2081832915683,3.058819,positive,,false
real_can_latency_20260710,239,after,false,send_security_key,2702B7B5,6702,2081859167524,2081862200991,3.033467,positive,,false
real_can_latency_20260710,239,after,false,read_target_before,221234,621234,2081888444800,2081891502222,3.057422,positive,,false
real_can_latency_20260710,239,after,false,write_target,2E123400EF,7F2E31,2081917749803,2081920786203,3.036400,negative,0x31,false
real_can_latency_20260710,239,after,false,read_target_after,221234,621234,2081947039162,2081950121936,3.082774,positive,,false
real_can_latency_20260710,240,after,false,session_reset,1001,500100321388,2081976487339,2081979381054,2.893715,positive,,false
real_can_latency_20260710,240,after,false,enter_extended_session,1003,500300321388,2082005603843,2082008670903,3.067060,positive,,false
real_can_latency_20260710,240,after,false,request_security_seed,2701,670112F0,2082034916459,2082038129207,3.212748,positive,,false
real_can_latency_20260710,240,after,false,send_security_key,2702B7AA,6702,2082064349831,2082067262892,2.913061,positive,,false
real_can_latency_20260710,240,after,false,read_target_before,221234,621234,2082093489870,2082096558956,3.069086,positive,,false
real_can_latency_20260710,240,after,false,write_target,2E123400F0,7F2E31,2082122802906,2082125904677,3.101771,negative,0x31,false
real_can_latency_20260710,240,after,false,read_target_after,221234,621234,2082152156379,2082155185237,3.028858,positive,,false
real_can_latency_20260710,241,after,false,session_reset,1001,500100321388,2082181579484,2082184446380,2.866896,positive,,false
real_can_latency_20260710,241,after,false,enter_extended_session,1003,500300321388,2082210664140,2082213770521,3.106381,positive,,false
real_can_latency_20260710,241,after,false,request_security_seed,2701,670112F1,2082240291529,2082243073569,2.782040,positive,,false
real_can_latency_20260710,241,after,false,send_security_key,2702B7AB,6702,2082269275824,2082272281284,3.005460,positive,,false
real_can_latency_20260710,241,after,false,read_target_before,221234,621234,2082298516923,2082301667513,3.150590,positive,,false
real_can_latency_20260710,241,after,false,write_target,2E123400F1,7F2E31,2082327873610,2082331042567,3.168957,negative,0x31,false
real_can_latency_20260710,241,after,false,read_target_after,221234,621234,2082357295387,2082360192455,2.897068,positive,,false
real_can_latency_20260710,242,after,false,session_reset,1001,500100321388,2082386557858,2082389518062,2.960204,positive,,false
real_can_latency_20260710,242,after,false,enter_extended_session,1003,500300321388,2082415723739,2082418794920,3.071181,positive,,false
real_can_latency_20260710,242,after,false,request_security_seed,2701,670112F2,2082444994451,2082448062140,3.067689,positive,,false
real_can_latency_20260710,242,after,false,send_security_key,2702B7A8,6702,2082474304134,2082477413448,3.109314,positive,,false
real_can_latency_20260710,242,after,false,read_target_before,221234,621234,2082503653697,2082506701411,3.047714,positive,,false
real_can_latency_20260710,242,after,false,write_target,2E123400F2,7F2E31,2082532960307,2082536054465,3.094158,negative,0x31,false
real_can_latency_20260710,242,after,false,read_target_after,221234,621234,2082562264752,2082565358910,3.094158,positive,,false
real_can_latency_20260710,243,after,false,session_reset,1001,500100321388,2082591690650,2082594598194,2.907544,positive,,false
real_can_latency_20260710,243,after,false,enter_extended_session,1003,500300321388,2082620809319,2082623942029,3.132710,positive,,false
real_can_latency_20260710,243,after,false,request_security_seed,2701,670112F3,2082650182767,2082653226360,3.043593,positive,,false
real_can_latency_20260710,243,after,false,send_security_key,2702B7A9,6702,2082679489167,2082682540862,3.051695,positive,,false
real_can_latency_20260710,243,after,false,read_target_before,221234,621234,2082708803600,2082711820514,3.016914,positive,,false
real_can_latency_20260710,243,after,false,write_target,2E123400F3,7F2E31,2082738071728,2082741160578,3.088850,negative,0x31,false
real_can_latency_20260710,243,after,false,read_target_after,221234,621234,2082767401734,2082770394414,2.992680,positive,,false
real_can_latency_20260710,244,after,false,session_reset,1001,500100321388,2082796718960,2082799714713,2.995753,positive,,false
real_can_latency_20260710,244,after,false,enter_extended_session,1003,500300321388,2082825949933,2082829073006,3.123073,positive,,false
real_can_latency_20260710,244,after,false,request_security_seed,2701,670112F4,2082855281197,2082858284353,3.003156,positive,,false
real_can_latency_20260710,244,after,false,send_security_key,2702B7AE,6702,2082884531865,2082887608214,3.076349,positive,,false
real_can_latency_20260710,244,after,false,read_target_before,221234,621234,2082913818710,2082916899040,3.080330,positive,,false
real_can_latency_20260710,244,after,false,write_target,2E123400F4,7F2E31,2082943132234,2082946212564,3.080330,negative,0x31,false
real_can_latency_20260710,244,after,false,read_target_after,221234,621234,2082972462172,2082975501924,3.039752,positive,,false
real_can_latency_20260710,245,after,false,session_reset,1001,500100321388,2083001845468,2083004774034,2.928566,positive,,false
real_can_latency_20260710,245,after,false,enter_extended_session,1003,500300321388,2083030989629,2083034134632,3.145003,positive,,false
real_can_latency_20260710,245,after,false,request_security_seed,2701,670112F5,2083060340310,2083063397313,3.057003,positive,,false
real_can_latency_20260710,245,after,false,send_security_key,2702B7AF,6702,2083089610254,2083092901783,3.291529,positive,,false
real_can_latency_20260710,245,after,false,read_target_before,221234,621234,2083119136166,2083121992586,2.856420,positive,,false
real_can_latency_20260710,245,after,false,write_target,2E123400F5,7F2E31,2083148248270,2083151297102,3.048832,negative,0x31,false
real_can_latency_20260710,245,after,false,read_target_after,221234,621234,2083177579395,2083180578221,2.998826,positive,,false
real_can_latency_20260710,246,after,false,session_reset,1001,500100321388,2083206949072,2083209883295,2.934223,positive,,false
real_can_latency_20260710,246,after,false,enter_extended_session,1003,500300321388,2083236162935,2083239214071,3.051136,positive,,false
real_can_latency_20260710,246,after,false,request_security_seed,2701,670112F6,2083265483514,2083268457756,2.974242,positive,,false
real_can_latency_20260710,246,after,false,send_security_key,2702B7AC,6702,2083294718957,2083297771979,3.053022,positive,,false
real_can_latency_20260710,246,after,false,read_target_before,221234,621234,2083324034647,2083327047930,3.013283,positive,,false
real_can_latency_20260710,246,after,false,write_target,2E123400F6,7F2E31,2083353288040,2083356386598,3.098558,negative,0x31,false
real_can_latency_20260710,246,after,false,read_target_after,221234,621234,2083382638720,2083385632168,2.993448,positive,,false
real_can_latency_20260710,247,after,false,session_reset,1001,500100321388,2083412042829,2083414925300,2.882471,positive,,false
real_can_latency_20260710,247,after,false,enter_extended_session,1003,500300321388,2083441394627,2083444234076,2.839449,positive,,false
real_can_latency_20260710,247,after,false,request_security_seed,2701,670112F7,2083470472858,2083473552420,3.079562,positive,,false
real_can_latency_20260710,247,after,false,send_security_key,2702B7AD,6702,2083499807406,2083502854491,3.047085,positive,,false
real_can_latency_20260710,247,after,false,read_target_before,221234,621234,2083529059401,2083532103414,3.044013,positive,,false
real_can_latency_20260710,247,after,false,write_target,2E123400F7,7F2E31,2083558283251,2083561346889,3.063638,negative,0x31,false
real_can_latency_20260710,247,after,false,read_target_after,221234,621234,2083587559132,2083590668027,3.108895,positive,,false
real_can_latency_20260710,248,after,false,session_reset,1001,500100321388,2083617040624,2083620079259,3.038635,positive,,false
real_can_latency_20260710,248,after,false,enter_extended_session,1003,500300321388,2083646325096,2083649334886,3.009790,positive,,false
real_can_latency_20260710,248,after,false,request_security_seed,2701,670112F8,2083675583167,2083678602666,3.019499,positive,,false
real_can_latency_20260710,248,after,false,send_security_key,2702B7A2,6702,2083704860655,2083707920451,3.059796,positive,,false
real_can_latency_20260710,248,after,false,read_target_before,221234,621234,2083734180256,2083737191094,3.010838,positive,,false
real_can_latency_20260710,248,after,false,write_target,2E123400F8,7F2E31,2083763459978,2083766529762,3.069784,negative,0x31,false
real_can_latency_20260710,248,after,false,read_target_after,221234,621234,2083792763307,2083795796913,3.033606,positive,,false
real_can_latency_20260710,249,after,false,session_reset,1001,500100321388,2083822182082,2083825095702,2.913620,positive,,false
real_can_latency_20260710,249,after,false,enter_extended_session,1003,500300321388,2083851348592,2083854410694,3.062102,positive,,false
real_can_latency_20260710,249,after,false,request_security_seed,2701,670112F9,2083880622727,2083883728200,3.105473,positive,,false
real_can_latency_20260710,249,after,false,send_security_key,2702B7A3,6702,2083909955389,2083913074201,3.118812,positive,,false
real_can_latency_20260710,249,after,false,read_target_before,221234,621234,2083939308584,2083942300565,2.991981,positive,,false
real_can_latency_20260710,249,after,false,write_target,2E123400F9,7F2E31,2083968510015,2083971608364,3.098349,negative,0x31,false
real_can_latency_20260710,249,after,false,read_target_after,221234,621234,2083997816627,2084000919236,3.102609,positive,,false
real_can_latency_20260710,250,after,false,session_reset,1001,500100321388,2084027366215,2084030211810,2.845595,positive,,false
real_can_latency_20260710,250,after,false,enter_extended_session,1003,500300321388,2084056443260,2084059499006,3.055746,positive,,false
real_can_latency_20260710,250,after,false,request_security_seed,2701,670112FA,2084085714253,2084088796468,3.082215,positive,,false
real_can_latency_20260710,250,after,false,send_security_key,2702B7A0,6702,2084115044680,2084118098680,3.054000,positive,,false
real_can_latency_20260710,250,after,false,read_target_before,221234,621234,2084144322448,2084147378333,3.055885,positive,,false
real_can_latency_20260710,250,after,false,write_target,2E123400FA,7F2E31,2084173589809,2084176934766,3.344957,negative,0x31,false
real_can_latency_20260710,250,after,false,read_target_after,221234,621234,2084203168101,2084205955449,2.787348,positive,,false
real_can_latency_20260710,251,after,false,session_reset,1001,500100321388,2084232402847,2084235217852,2.815005,positive,,false
real_can_latency_20260710,251,after,false,enter_extended_session,1003,500300321388,2084261443365,2084264561689,3.118324,positive,,false
real_can_latency_20260710,251,after,false,request_security_seed,2701,670112FB,2084290779380,2084293887227,3.107847,positive,,false
real_can_latency_20260710,251,after,false,send_security_key,2702B7A1,6702,2084320157229,2084323169325,3.012096,positive,,false
real_can_latency_20260710,251,after,false,read_target_before,221234,621234,2084349422286,2084352470629,3.048343,positive,,false
real_can_latency_20260710,251,after,false,write_target,2E123400FB,7F2E31,2084378714441,2084381764600,3.050159,negative,0x31,false
real_can_latency_20260710,251,after,false,read_target_after,221234,621234,2084407986411,2084411067370,3.080959,positive,,false
real_can_latency_20260710,252,after,false,session_reset,1001,500100321388,2084437464343,2084440347512,2.883169,positive,,false
real_can_latency_20260710,252,after,false,enter_extended_session,1003,500300321388,2084466582314,2084469633730,3.051416,positive,,false
real_can_latency_20260710,252,after,false,request_security_seed,2701,670112FC,2084495878171,2084498934057,3.055886,positive,,false
real_can_latency_20260710,252,after,false,send_security_key,2702B7A6,6702,2084525172630,2084528268325,3.095695,positive,,false
real_can_latency_20260710,252,after,false,read_target_before,221234,621234,2084554518213,2084557569350,3.051137,positive,,false
real_can_latency_20260710,252,after,false,write_target,2E123400FC,7F2E31,2084583793746,2084586858501,3.064755,negative,0x31,false
real_can_latency_20260710,252,after,false,read_target_after,221234,621234,2084613120192,2084616101069,2.980877,positive,,false
real_can_latency_20260710,253,after,false,session_reset,1001,500100321388,2084642754218,2084645419344,2.665126,positive,,false
real_can_latency_20260710,253,after,false,enter_extended_session,1003,500300321388,2084671682851,2084674736502,3.053651,positive,,false
real_can_latency_20260710,253,after,false,request_security_seed,2701,670112FD,2084700964181,2084704039971,3.075790,positive,,false
real_can_latency_20260710,253,after,false,send_security_key,2702B7A7,6702,2084730296843,2084733291967,2.995124,positive,,false
real_can_latency_20260710,253,after,false,read_target_before,221234,621234,2084759493246,2084762618484,3.125238,positive,,false
real_can_latency_20260710,253,after,false,write_target,2E123400FD,7F2E31,2084788893864,2084791933686,3.039822,negative,0x31,false
real_can_latency_20260710,253,after,false,read_target_after,221234,621234,2084818148444,2084821205796,3.057352,positive,,false
real_can_latency_20260710,254,after,false,session_reset,1001,500100321388,2084847532020,2084850472459,2.940439,positive,,false
real_can_latency_20260710,254,after,false,enter_extended_session,1003,500300321388,2084876733452,2084879762728,3.029276,positive,,false
real_can_latency_20260710,254,after,false,request_security_seed,2701,670112FE,2084906033987,2084909096857,3.062870,positive,,false
real_can_latency_20260710,254,after,false,send_security_key,2702B7A4,6702,2084935359526,2084938362333,3.002807,positive,,false
real_can_latency_20260710,254,after,false,read_target_before,221234,621234,2084964580862,2084967892016,3.311154,positive,,false
real_can_latency_20260710,254,after,false,write_target,2E123400FE,7F2E31,2084994150495,2084996980865,2.830370,negative,0x31,false
real_can_latency_20260710,254,after,false,read_target_after,221234,621234,2085023198557,2085026264081,3.065524,positive,,false
real_can_latency_20260710,255,after,false,session_reset,1001,500100321388,2085052614261,2085055577608,2.963347,positive,,false
real_can_latency_20260710,255,after,false,enter_extended_session,1003,500300321388,2085081807103,2085084892601,3.085498,positive,,false
real_can_latency_20260710,255,after,false,request_security_seed,2701,670112FF,2085111114833,2085114109399,2.994566,positive,,false
real_can_latency_20260710,255,after,false,send_security_key,2702B7A5,6702,2085140282742,2085142454862,2.172120,positive,,false
real_can_latency_20260710,255,after,false,read_target_before,221234,621234,2085168667106,2085171747785,3.080679,positive,,false
real_can_latency_20260710,255,after,false,write_target,2E123400FF,7F2E31,2085197996906,2085201132410,3.135504,negative,0x31,false
real_can_latency_20260710,255,after,false,read_target_after,221234,621234,2085227379226,2085230384547,3.005321,positive,,false
real_can_latency_20260710,256,after,false,session_reset,1001,500100321388,2085256776143,2085260231797,3.455654,positive,,false
real_can_latency_20260710,256,after,false,enter_extended_session,1003,500300321388,2085286477845,2085289063702,2.585857,positive,,false
real_can_latency_20260710,256,after,false,request_security_seed,2701,67011300,2085315278530,2085318234264,2.955734,positive,,false
real_can_latency_20260710,256,after,false,send_security_key,2702B65A,6702,2085344468090,2085347567836,3.099746,positive,,false
real_can_latency_20260710,256,after,false,read_target_before,221234,621234,2085373779940,2085376876264,3.096324,positive,,false
real_can_latency_20260710,256,after,false,write_target,2E12340100,7F2E31,2085403121613,2085406241333,3.119720,negative,0x31,false
real_can_latency_20260710,256,after,false,read_target_after,221234,621234,2085432474879,2085435424677,2.949798,positive,,false
real_can_latency_20260710,257,after,false,session_reset,1001,500100321388,2085461806425,2085464795892,2.989467,positive,,false
real_can_latency_20260710,257,after,false,enter_extended_session,1003,500300321388,2085491027692,2085494093984,3.066292,positive,,false
real_can_latency_20260710,257,after,false,request_security_seed,2701,67011301,2085520359028,2085523354083,2.995055,positive,,false
real_can_latency_20260710,257,after,false,send_security_key,2702B65B,6702,2085549583159,2085552653781,3.070622,positive,,false
real_can_latency_20260710,257,after,false,read_target_before,221234,621234,2085578881321,2085581872674,2.991353,positive,,false
real_can_latency_20260710,257,after,false,write_target,2E12340101,7F2E31,2085608145610,2085611199540,3.053930,negative,0x31,false
real_can_latency_20260710,257,after,false,read_target_after,221234,621234,2085637438603,2085640555041,3.116438,positive,,false
real_can_latency_20260710,258,after,false,session_reset,1001,500100321388,2085666918142,2085669843425,2.925283,positive,,false
real_can_latency_20260710,258,after,false,enter_extended_session,1003,500300321388,2085696089473,2085699149200,3.059727,positive,,false
real_can_latency_20260710,258,after,false,request_security_seed,2701,67011302,2085725397133,2085728431019,3.033886,positive,,false
real_can_latency_20260710,258,after,false,send_security_key,2702B658,6702,2085754686285,2085757745593,3.059308,positive,,false
real_can_latency_20260710,258,after,false,read_target_before,221234,621234,2085783970199,2085787069596,3.099397,positive,,false
real_can_latency_20260710,258,after,false,write_target,2E12340102,7F2E31,2085813308590,2085816358260,3.049670,negative,0x31,false
real_can_latency_20260710,258,after,false,read_target_after,221234,621234,2085842598021,2085845617939,3.019918,positive,,false
real_can_latency_20260710,259,after,false,session_reset,1001,500100321388,2085872125820,2085874930488,2.804668,positive,,false
real_can_latency_20260710,259,after,false,enter_extended_session,1003,500300321388,2085901189316,2085904215101,3.025785,positive,,false
real_can_latency_20260710,259,after,false,request_security_seed,2701,67011303,2085930452348,2085933505929,3.053581,positive,,false
real_can_latency_20260710,259,after,false,send_security_key,2702B659,6702,2085959758053,2085962813660,3.055607,positive,,false
real_can_latency_20260710,259,after,false,read_target_before,221234,621234,2085989246183,2085992111263,2.865080,positive,,false
real_can_latency_20260710,259,after,false,write_target,2E12340103,7F2E31,2086018371210,2086021442112,3.070902,negative,0x31,false
real_can_latency_20260710,259,after,false,read_target_after,221234,621234,2086047680896,2086050705144,3.024248,positive,,false
real_can_latency_20260710,260,after,false,session_reset,1001,500100321388,2086077083331,2086080045630,2.962299,positive,,false
real_can_latency_20260710,260,after,false,enter_extended_session,1003,500300321388,2086106301526,2086109303006,3.001480,positive,,false
real_can_latency_20260710,260,after,false,request_security_seed,2701,67011304,2086135544654,2086138591251,3.046597,positive,,false
real_can_latency_20260710,260,after,false,send_security_key,2702B65E,6702,2086164885280,2086167882709,2.997429,positive,,false
real_can_latency_20260710,260,after,false,read_target_before,221234,621234,2086194181347,2086197191907,3.010560,positive,,false
real_can_latency_20260710,260,after,false,write_target,2E12340104,7F2E31,2086223437745,2086226468209,3.030464,negative,0x31,false
real_can_latency_20260710,260,after,false,read_target_after,221234,621234,2086252709927,2086255747864,3.037937,positive,,false
real_can_latency_20260710,261,after,false,session_reset,1001,500100321388,2086282157828,2086285072217,2.914389,positive,,false
real_can_latency_20260710,261,after,false,enter_extended_session,1003,500300321388,2086311322804,2086314358018,3.035214,positive,,false
real_can_latency_20260710,261,after,false,request_security_seed,2701,67011305,2086340576059,2086343684955,3.108896,positive,,false
real_can_latency_20260710,261,after,false,send_security_key,2702B65F,6702,2086369942317,2086373067764,3.125447,positive,,false
real_can_latency_20260710,261,after,false,read_target_before,221234,621234,2086399317793,2086402268848,2.951055,positive,,false
real_can_latency_20260710,261,after,false,write_target,2E12340105,7F2E31,2086428518668,2086431604306,3.085638,negative,0x31,false
real_can_latency_20260710,261,after,false,read_target_after,221234,621234,2086457848748,2086461204111,3.355363,positive,,false
real_can_latency_20260710,262,after,false,session_reset,1001,500100321388,2086487534387,2086490139800,2.605413,positive,,false
real_can_latency_20260710,262,after,false,enter_extended_session,1003,500300321388,2086516382426,2086519461219,3.078793,positive,,false
real_can_latency_20260710,262,after,false,request_security_seed,2701,67011306,2086545724448,2086548757217,3.032769,positive,,false
real_can_latency_20260710,262,after,false,send_security_key,2702B65C,6702,2086575037976,2086578085481,3.047505,positive,,false
real_can_latency_20260710,262,after,false,read_target_before,221234,621234,2086604356253,2086607326025,2.969772,positive,,false
real_can_latency_20260710,262,after,false,write_target,2E12340106,7F2E31,2086633554822,2086636633127,3.078305,negative,0x31,false
real_can_latency_20260710,262,after,false,read_target_after,221234,621234,2086662854102,2086665961042,3.106940,positive,,false
real_can_latency_20260710,263,after,false,session_reset,1001,500100321388,2086692335597,2086695287839,2.952242,positive,,false
real_can_latency_20260710,263,after,false,enter_extended_session,1003,500300321388,2086721519779,2086724758439,3.238660,positive,,false
real_can_latency_20260710,263,after,false,request_security_seed,2701,67011307,2086750975433,2086753799308,2.823875,positive,,false
real_can_latency_20260710,263,after,false,send_security_key,2702B65D,6702,2086780030619,2086783133788,3.103169,positive,,false
real_can_latency_20260710,263,after,false,read_target_before,221234,621234,2086809389613,2086812398427,3.008814,positive,,false
real_can_latency_20260710,263,after,false,write_target,2E12340107,7F2E31,2086838654811,2086841761821,3.107010,negative,0x31,false
real_can_latency_20260710,263,after,false,read_target_after,221234,621234,2086868049284,2086870968073,2.918789,positive,,false
real_can_latency_20260710,264,after,false,session_reset,1001,500100321388,2086897302190,2086900307162,3.004972,positive,,false
real_can_latency_20260710,264,after,false,enter_extended_session,1003,500300321388,2086926562848,2086929614683,3.051835,positive,,false
real_can_latency_20260710,264,after,false,request_security_seed,2701,67011308,2086955838173,2086958925208,3.087035,positive,,false
real_can_latency_20260710,264,after,false,send_security_key,2702B652,6702,2086985201079,2086988212267,3.011188,positive,,false
real_can_latency_20260710,264,after,false,read_target_before,221234,621234,2087014462645,2087017509801,3.047156,positive,,false
real_can_latency_20260710,264,after,false,write_target,2E12340108,7F2E31,2087043752009,2087046802866,3.050857,negative,0x31,false
real_can_latency_20260710,264,after,false,read_target_after,221234,621234,2087073047309,2087076104452,3.057143,positive,,false
real_can_latency_20260710,265,after,false,session_reset,1001,500100321388,2087102508970,2087105586716,3.077746,positive,,false
real_can_latency_20260710,265,after,false,enter_extended_session,1003,500300321388,2087131851761,2087134725991,2.874230,positive,,false
real_can_latency_20260710,265,after,false,request_security_seed,2701,67011309,2087160965335,2087163987628,3.022293,positive,,false
real_can_latency_20260710,265,after,false,send_security_key,2702B653,6702,2087190258819,2087193279995,3.021176,positive,,false
real_can_latency_20260710,265,after,false,read_target_before,221234,621234,2087219535402,2087222583536,3.048134,positive,,false
real_can_latency_20260710,265,after,false,write_target,2E12340109,7F2E31,2087248828816,2087251921788,3.092972,negative,0x31,false
real_can_latency_20260710,265,after,false,read_target_after,221234,621234,2087278162529,2087281159679,2.997150,positive,,false
real_can_latency_20260710,266,after,false,session_reset,1001,500100321388,2087307508393,2087310449950,2.941557,positive,,false
real_can_latency_20260710,266,after,false,enter_extended_session,1003,500300321388,2087337060079,2087339778354,2.718275,positive,,false
real_can_latency_20260710,266,after,false,request_security_seed,2701,6701130A,2087366066098,2087369062829,2.996731,positive,,false
real_can_latency_20260710,266,after,false,send_security_key,2702B650,6702,2087395293024,2087398545791,3.252767,positive,,false
real_can_latency_20260710,266,after,false,read_target_before,221234,621234,2087424762297,2087427659156,2.896859,positive,,false
real_can_latency_20260710,266,after,false,write_target,2E1234010A,7F2E31,2087453890328,2087457064525,3.174197,negative,0x31,false
real_can_latency_20260710,266,after,false,read_target_after,221234,621234,2087483318536,2087486251851,2.933315,positive,,false
real_can_latency_20260710,267,after,false,session_reset,1001,500100321388,2087512642680,2087515520541,2.877861,positive,,false
real_can_latency_20260710,267,after,false,enter_extended_session,1003,500300321388,2087541748781,2087544796076,3.047295,positive,,false
real_can_latency_20260710,267,after,false,request_security_seed,2701,6701130B,2087571042405,2087574147947,3.105542,positive,,false
real_can_latency_20260710,267,after,false,send_security_key,2702B651,6702,2087600409082,2087603419362,3.010280,positive,,false
real_can_latency_20260710,267,after,false,read_target_before,221234,621234,2087629677004,2087632690986,3.013982,positive,,false
real_can_latency_20260710,267,after,false,write_target,2E1234010B,7F2E31,2087658900647,2087662047187,3.146540,negative,0x31,false
real_can_latency_20260710,267,after,false,read_target_after,221234,621234,2087688251890,2087691303097,3.051207,positive,,false
real_can_latency_20260710,268,after,false,session_reset,1001,500100321388,2087717644827,2087720629895,2.985068,positive,,false
real_can_latency_20260710,268,after,false,enter_extended_session,1003,500300321388,2087746852826,2087749937766,3.084940,positive,,false
real_can_latency_20260710,268,after,false,request_security_seed,2701,6701130C,2087776177878,2087779230063,3.052185,positive,,false
real_can_latency_20260710,268,after,false,send_security_key,2702B656,6702,2087805473458,2087808502036,3.028578,positive,,false
real_can_latency_20260710,268,after,false,read_target_before,221234,621234,2087834719240,2087837792726,3.073486,positive,,false
real_can_latency_20260710,268,after,false,write_target,2E1234010C,7F2E31,2087864065734,2087867143061,3.077327,negative,0x31,false
real_can_latency_20260710,268,after,false,read_target_after,221234,621234,2087893396513,2087896404278,3.007765,positive,,false
real_can_latency_20260710,269,after,false,session_reset,1001,500100321388,2087922759977,2087926064217,3.304240,positive,,false
real_can_latency_20260710,269,after,false,enter_extended_session,1003,500300321388,2087952286101,2087955046281,2.760180,positive,,false
real_can_latency_20260710,269,after,false,request_security_seed,2701,6701130D,2087981274661,2087984257423,2.982762,positive,,false
real_can_latency_20260710,269,after,false,send_security_key,2702B657,6702,2088010527987,2088013579613,3.051626,positive,,false
real_can_latency_20260710,269,after,false,read_target_before,221234,621234,2088039836697,2088042900196,3.063499,positive,,false
real_can_latency_20260710,269,after,false,write_target,2E1234010D,7F2E31,2088069169782,2088072251439,3.081657,negative,0x31,false
real_can_latency_20260710,269,after,false,read_target_after,221234,621234,2088098460962,2088101420118,2.959156,positive,,false
real_can_latency_20260710,270,after,false,session_reset,1001,500100321388,2088127799913,2088130771711,2.971798,positive,,false
real_can_latency_20260710,270,after,false,enter_extended_session,1003,500300321388,2088157020973,2088160085240,3.064267,positive,,false
real_can_latency_20260710,270,after,false,request_security_seed,2701,6701130E,2088186304541,2088189571276,3.266735,positive,,false
real_can_latency_20260710,270,after,false,send_security_key,2702B654,6702,2088215823192,2088218672070,2.848878,positive,,false
real_can_latency_20260710,270,after,false,read_target_before,221234,621234,2088244885504,2088248050621,3.165117,positive,,false
real_can_latency_20260710,270,after,false,write_target,2E1234010E,7F2E31,2088274305959,2088277276919,2.970960,negative,0x31,false
real_can_latency_20260710,270,after,false,read_target_after,221234,621234,2088303560822,2088306541629,2.980807,positive,,false
real_can_latency_20260710,271,after,false,session_reset,1001,500100321388,2088332880916,2088335839864,2.958948,positive,,false
real_can_latency_20260710,271,after,false,enter_extended_session,1003,500300321388,2088362043799,2088365192853,3.149054,positive,,false
real_can_latency_20260710,271,after,false,request_security_seed,2701,6701130F,2088391407194,2088394428230,3.021036,positive,,false
real_can_latency_20260710,271,after,false,send_security_key,2702B655,6702,2088420674699,2088423761734,3.087035,positive,,false
real_can_latency_20260710,271,after,false,read_target_before,221234,621234,2088449971745,2088453045441,3.073696,positive,,false
real_can_latency_20260710,271,after,false,write_target,2E1234010F,7F2E31,2088479263903,2088482330964,3.067061,negative,0x31,false
real_can_latency_20260710,271,after,false,read_target_after,221234,621234,2088508542372,2088511633877,3.091505,positive,,false
real_can_latency_20260710,272,after,false,session_reset,1001,500100321388,2088538028059,2088540928479,2.900420,positive,,false
real_can_latency_20260710,272,after,false,enter_extended_session,1003,500300321388,2088567186123,2088570461030,3.274907,positive,,false
real_can_latency_20260710,272,after,false,request_security_seed,2701,67011310,2088596738926,2088599552954,2.814028,positive,,false
real_can_latency_20260710,272,after,false,send_security_key,2702B64A,6702,2088625781683,2088628813963,3.032280,positive,,false
real_can_latency_20260710,272,after,false,read_target_before,221234,621234,2088655042063,2088658127422,3.085359,positive,,false
real_can_latency_20260710,272,after,false,write_target,2E12340110,7F2E31,2088684448690,2088687457084,3.008394,negative,0x31,false
real_can_latency_20260710,272,after,false,read_target_after,221234,621234,2088713688677,2088716731991,3.043314,positive,,false
real_can_latency_20260710,273,after,false,session_reset,1001,500100321388,2088743115558,2088746042168,2.926610,positive,,false
real_can_latency_20260710,273,after,false,enter_extended_session,1003,500300321388,2088772272015,2088775323780,3.051765,positive,,false
real_can_latency_20260710,273,after,false,request_security_seed,2701,67011311,2088801565919,2088804599805,3.033886,positive,,false
real_can_latency_20260710,273,after,false,send_security_key,2702B64B,6702,2088830843689,2088833916756,3.073067,positive,,false
real_can_latency_20260710,273,after,false,read_target_before,221234,621234,2088860163783,2088863218203,3.054420,positive,,false
real_can_latency_20260710,273,after,false,write_target,2E12340111,7F2E31,2088889417250,2088892509034,3.091784,negative,0x31,false
real_can_latency_20260710,273,after,false,read_target_after,221234,621234,2088918748309,2088921753560,3.005251,positive,,false
real_can_latency_20260710,274,after,false,session_reset,1001,500100321388,2088948131120,2088951124289,2.993169,positive,,false
real_can_latency_20260710,274,after,false,enter_extended_session,1003,500300321388,2088977389545,2088980722630,3.333085,positive,,false
real_can_latency_20260710,274,after,false,request_security_seed,2701,67011312,2089006969867,2089009664187,2.694320,positive,,false
real_can_latency_20260710,274,after,false,send_security_key,2702B648,6702,2089035929723,2089039065717,3.135994,positive,,false
real_can_latency_20260710,274,after,false,read_target_before,221234,621234,2089065305272,2089068288663,2.983391,positive,,false
real_can_latency_20260710,274,after,false,write_target,2E12340112,7F2E31,2089094536669,2089097612599,3.075930,negative,0x31,false
real_can_latency_20260710,274,after,false,read_target_after,221234,621234,2089123873596,2089126886599,3.013003,positive,,false
real_can_latency_20260710,275,after,false,session_reset,1001,500100321388,2089153344128,2089156159552,2.815424,positive,,false
real_can_latency_20260710,275,after,false,enter_extended_session,1003,500300321388,2089182407488,2089185473571,3.066083,positive,,false
real_can_latency_20260710,275,after,false,request_security_seed,2701,67011313,2089211711450,2089214747291,3.035841,positive,,false
real_can_latency_20260710,275,after,false,send_security_key,2702B649,6702,2089241018345,2089244084637,3.066292,positive,,false
real_can_latency_20260710,275,after,false,read_target_before,221234,621234,2089270341094,2089273358148,3.017054,positive,,false
real_can_latency_20260710,275,after,false,write_target,2E12340113,7F2E31,2089299581779,2089302681735,3.099956,negative,0x31,false
real_can_latency_20260710,275,after,false,read_target_after,221234,621234,2089328905716,2089332074604,3.168888,positive,,false
real_can_latency_20260710,276,after,false,session_reset,1001,500100321388,2089358430724,2089361254738,2.824014,positive,,false
real_can_latency_20260710,276,after,false,enter_extended_session,1003,500300321388,2089387489684,2089390640903,3.151219,positive,,false
real_can_latency_20260710,276,after,false,request_security_seed,2701,67011314,2089416888629,2089419821735,2.933106,positive,,false
real_can_latency_20260710,276,after,false,send_security_key,2702B64E,6702,2089446037824,2089449146859,3.109035,positive,,false
real_can_latency_20260710,276,after,false,read_target_before,221234,621234,2089475409740,2089478482528,3.072788,positive,,false
real_can_latency_20260710,276,after,false,write_target,2E12340114,7F2E31,2089504724947,2089507750173,3.025226,negative,0x31,false
real_can_latency_20260710,276,after,false,read_target_after,221234,621234,2089533991334,2089537090452,3.099118,positive,,false
real_can_latency_20260710,277,after,false,session_reset,1001,500100321388,2089563443149,2089566321989,2.878840,positive,,false
real_can_latency_20260710,277,after,false,enter_extended_session,1003,500300321388,2089592578375,2089595628115,3.049740,positive,,false
real_can_latency_20260710,277,after,false,request_security_seed,2701,67011315,2089621903499,2089624934522,3.031023,positive,,false
real_can_latency_20260710,277,after,false,send_security_key,2702B64F,6702,2089651207041,2089654279061,3.072020,positive,,false
real_can_latency_20260710,277,after,false,read_target_before,221234,621234,2089680496686,2089683439989,2.943303,positive,,false
real_can_latency_20260710,277,after,false,write_target,2E12340115,7F2E31,2089709639664,2089711824146,2.184482,negative,0x31,false
real_can_latency_20260710,277,after,false,read_target_after,221234,621234,2089738040444,2089741101918,3.061474,positive,,false
real_can_latency_20260710,278,after,false,session_reset,1001,500100321388,2089767658271,2089770406438,2.748167,positive,,false
real_can_latency_20260710,278,after,false,enter_extended_session,1003,500300321388,2089796666596,2089799907002,3.240406,positive,,false
real_can_latency_20260710,278,after,false,request_security_seed,2701,67011316,2089826165204,2089829252519,3.087315,positive,,false
real_can_latency_20260710,278,after,false,send_security_key,2702B64C,6702,2089855510722,2089858304844,2.794122,positive,,false
real_can_latency_20260710,278,after,false,read_target_before,221234,621234,2089884546355,2089887571721,3.025366,positive,,false
real_can_latency_20260710,278,after,false,write_target,2E12340116,7F2E31,2089913803034,2089917028843,3.225809,negative,0x31,false
real_can_latency_20260710,278,after,false,read_target_after,221234,621234,2089943260716,2089946203320,2.942604,positive,,false
real_can_latency_20260710,279,after,false,session_reset,1001,500100321388,2089972613078,2089975484374,2.871296,positive,,false
real_can_latency_20260710,279,after,false,enter_extended_session,1003,500300321388,2090001730495,2090004800280,3.069785,positive,,false
real_can_latency_20260710,279,after,false,request_security_seed,2701,67011317,2090031224076,2090034093277,2.869201,positive,,false
real_can_latency_20260710,279,after,false,send_security_key,2702B64D,6702,2090060360141,2090063398008,3.037867,positive,,false
real_can_latency_20260710,279,after,false,read_target_before,221234,621234,2090089632256,2090092714402,3.082146,positive,,false
real_can_latency_20260710,279,after,false,write_target,2E12340117,7F2E31,2090118948091,2090122030378,3.082287,negative,0x31,false
real_can_latency_20260710,279,after,false,read_target_after,221234,621234,2090148500897,2090151265267,2.764370,positive,,false
real_can_latency_20260710,280,after,false,session_reset,1001,500100321388,2090177625089,2090180581801,2.956712,positive,,false
real_can_latency_20260710,280,after,false,enter_extended_session,1003,500300321388,2090206814652,2090209899173,3.084521,positive,,false
real_can_latency_20260710,280,after,false,request_security_seed,2701,67011318,2090236170018,2090239213193,3.043175,positive,,false
real_can_latency_20260710,280,after,false,send_security_key,2702B642,6702,2090265476914,2090268439073,2.962159,positive,,false
real_can_latency_20260710,280,after,false,read_target_before,221234,621234,2090294679747,2090297776629,3.096882,positive,,false
real_can_latency_20260710,280,after,false,write_target,2E12340118,7F2E31,2090324051525,2090327105455,3.053930,negative,0x31,false
real_can_latency_20260710,280,after,false,read_target_after,221234,621234,2090353358351,2090356347958,2.989607,positive,,false
real_can_latency_20260710,281,after,false,session_reset,1001,500100321388,2090382738719,2090385651013,2.912294,positive,,false
real_can_latency_20260710,281,after,false,enter_extended_session,1003,500300321388,2090411884492,2090414987591,3.103099,positive,,false
real_can_latency_20260710,281,after,false,request_security_seed,2701,67011319,2090441382682,2090444243503,2.860821,positive,,false
real_can_latency_20260710,281,after,false,send_security_key,2702B643,6702,2090470500588,2090473621916,3.121328,positive,,false
real_can_latency_20260710,281,after,false,read_target_before,221234,621234,2090499874601,2090502852406,2.977805,positive,,false
real_can_latency_20260710,281,after,false,write_target,2E12340119,7F2E31,2090529128348,2090532175784,3.047436,negative,0x31,false
real_can_latency_20260710,281,after,false,read_target_after,221234,621234,2090558587078,2090561432744,2.845666,positive,,false
real_can_latency_20260710,282,after,false,session_reset,1001,500100321388,2090587807860,2090590762687,2.954827,positive,,false
real_can_latency_20260710,282,after,false,enter_extended_session,1003,500300321388,2090617047150,2090620087811,3.040661,positive,,false
real_can_latency_20260710,282,after,false,request_security_seed,2701,6701131A,2090646339380,2090649324936,2.985556,positive,,false
real_can_latency_20260710,282,after,false,send_security_key,2702B640,6702,2090675572942,2090678609692,3.036750,positive,,false
real_can_latency_20260710,282,after,false,read_target_before,221234,621234,2090704862099,2090708072473,3.210374,positive,,false
real_can_latency_20260710,282,after,false,write_target,2E1234011A,7F2E31,2090734333819,2090737261547,2.927728,negative,0x31,false
real_can_latency_20260710,282,after,false,read_target_after,221234,621234,2090763507109,2090766554475,3.047366,positive,,false
real_can_latency_20260710,283,after,false,session_reset,1001,500100321388,2090792946354,2090795814857,2.868503,positive,,false
real_can_latency_20260710,283,after,false,enter_extended_session,1003,500300321388,2090822039746,2090825146895,3.107149,positive,,false
real_can_latency_20260710,283,after,false,request_security_seed,2701,6701131B,2090851384705,2090854413633,3.028928,positive,,false
real_can_latency_20260710,283,after,false,send_security_key,2702B641,6702,2090880660871,2090883936546,3.275675,positive,,false
real_can_latency_20260710,283,after,false,read_target_before,221234,621234,2090910188534,2090913045932,2.857398,positive,,false
real_can_latency_20260710,283,after,false,write_target,2E1234011B,7F2E31,2090939292263,2090942289413,2.997150,negative,0x31,false
real_can_latency_20260710,283,after,false,read_target_after,221234,621234,2090968697704,2090971609718,2.912014,positive,,false
real_can_latency_20260710,284,after,false,session_reset,1001,500100321388,2090997988118,2091000896571,2.908453,positive,,false
real_can_latency_20260710,284,after,false,enter_extended_session,1003,500300321388,2091027179149,2091030414945,3.235796,positive,,false
real_can_latency_20260710,284,after,false,request_security_seed,2701,6701131C,2091056657295,2091059482637,2.825342,positive,,false
real_can_latency_20260710,284,after,false,send_security_key,2702B646,6702,2091085737977,2091088769210,3.031233,positive,,false
real_can_latency_20260710,284,after,false,read_target_before,221234,621234,2091114955408,2091118028964,3.073556,positive,,false
real_can_latency_20260710,284,after,false,write_target,2E1234011C,7F2E31,2091144215022,2091146363676,2.148654,negative,0x31,false
real_can_latency_20260710,284,after,false,read_target_after,221234,621234,2091172547430,2091175644382,3.096952,positive,,false
real_can_latency_20260710,285,after,false,session_reset,1001,500100321388,2091201904542,2091204907629,3.003087,positive,,false
real_can_latency_20260710,285,after,false,enter_extended_session,1003,500300321388,2091231104163,2091233246182,2.142019,positive,,false
real_can_latency_20260710,285,after,false,request_security_seed,2701,6701131D,2091259419320,2091261587878,2.168558,positive,,false
real_can_latency_20260710,285,after,false,send_security_key,2702B647,6702,2091287775752,2091290987733,3.211981,positive,,false
real_can_latency_20260710,285,after,false,read_target_before,221234,621234,2091317203403,2091320195246,2.991843,positive,,false
real_can_latency_20260710,285,after,false,write_target,2E1234011D,7F2E31,2091346404491,2091349701748,3.297257,negative,0x31,false
real_can_latency_20260710,285,after,false,read_target_after,221234,621234,2091375883196,2091378838372,2.955176,positive,,false
real_can_latency_20260710,286,after,false,session_reset,1001,500100321388,2091405115992,2091408063904,2.947912,positive,,false
real_can_latency_20260710,286,after,false,enter_extended_session,1003,500300321388,2091434346692,2091437392102,3.045410,positive,,false
real_can_latency_20260710,286,after,false,request_security_seed,2701,6701131E,2091463636548,2091466947842,3.311294,positive,,false
real_can_latency_20260710,286,after,false,send_security_key,2702B644,6702,2091493219595,2091496057997,2.838402,positive,,false
real_can_latency_20260710,286,after,false,read_target_before,221234,621234,2091522290779,2091525291142,3.000363,positive,,false
real_can_latency_20260710,286,after,false,write_target,2E1234011E,7F2E31,2091551551790,2091554632609,3.080819,negative,0x31,false
real_can_latency_20260710,286,after,false,read_target_after,221234,621234,2091580879080,2091583921627,3.042547,positive,,false
real_can_latency_20260710,287,after,false,session_reset,1001,500100321388,2091610289201,2091613223146,2.933945,positive,,false
real_can_latency_20260710,287,after,false,enter_extended_session,1003,500300321388,2091639511730,2091642480386,2.968656,positive,,false
real_can_latency_20260710,287,after,false,request_security_seed,2701,6701131F,2091668729021,2091671773035,3.044014,positive,,false
real_can_latency_20260710,287,after,false,send_security_key,2702B645,6702,2091698045626,2091701115899,3.070273,positive,,false
real_can_latency_20260710,287,after,false,read_target_before,221234,621234,2091727325284,2091730304346,2.979062,positive,,false
real_can_latency_20260710,287,after,false,write_target,2E1234011F,7F2E31,2091756530563,2091759774391,3.243828,negative,0x31,false
real_can_latency_20260710,287,after,false,read_target_after,221234,621234,2091786031128,2091788976107,2.944979,positive,,false
real_can_latency_20260710,288,after,false,session_reset,1001,500100321388,2091815299542,2091818251505,2.951963,positive,,false
real_can_latency_20260710,288,after,false,enter_extended_session,1003,500300321388,2091844456491,2091847589342,3.132851,positive,,false
real_can_latency_20260710,288,after,false,request_security_seed,2701,67011320,2091873806060,2091876888416,3.082356,positive,,false
real_can_latency_20260710,288,after,false,send_security_key,2702B67A,6702,2091903148715,2091906189516,3.040801,positive,,false
real_can_latency_20260710,288,after,false,read_target_before,221234,621234,2091932437244,2091935435372,2.998128,positive,,false
real_can_latency_20260710,288,after,false,write_target,2E12340120,7F2E31,2091961665500,2091964743595,3.078095,negative,0x31,false
real_can_latency_20260710,288,after,false,read_target_after,221234,621234,2091990920226,2091993996087,3.075861,positive,,false
real_can_latency_20260710,289,after,false,session_reset,1001,500100321388,2092020401167,2092023364165,2.962998,positive,,false
real_can_latency_20260710,289,after,false,enter_extended_session,1003,500300321388,2092049638153,2092052624758,2.986605,positive,,false
real_can_latency_20260710,289,after,false,request_security_seed,2701,67011321,2092078849508,2092081967414,3.117906,positive,,false
real_can_latency_20260710,289,after,false,send_security_key,2702B67B,6702,2092108166463,2092111232756,3.066293,positive,,false
real_can_latency_20260710,289,after,false,read_target_before,221234,621234,2092137407640,2092140468904,3.061264,positive,,false
real_can_latency_20260710,289,after,false,write_target,2E12340121,7F2E31,2092166723617,2092169850112,3.126495,negative,0x31,false
real_can_latency_20260710,289,after,false,read_target_after,221234,621234,2092196044413,2092199123067,3.078654,positive,,false
real_can_latency_20260710,290,after,false,session_reset,1001,500100321388,2092225463335,2092228419000,2.955665,positive,,false
real_can_latency_20260710,290,after,false,enter_extended_session,1003,500300321388,2092254638303,2092257728900,3.090597,positive,,false
real_can_latency_20260710,290,after,false,request_security_seed,2701,67011322,2092283938426,2092287063455,3.125029,positive,,false
real_can_latency_20260710,290,after,false,send_security_key,2702B678,6702,2092313300986,2092316323628,3.022642,positive,,false
real_can_latency_20260710,290,after,false,read_target_before,221234,621234,2092342562208,2092345626615,3.064407,positive,,false
real_can_latency_20260710,290,after,false,write_target,2E12340122,7F2E31,2092371901232,2092374994344,3.093112,negative,0x31,false
real_can_latency_20260710,290,after,false,read_target_after,221234,621234,2092401234948,2092404226302,2.991354,positive,,false
real_can_latency_20260710,291,after,false,session_reset,1001,500100321388,2092430604772,2092433484171,2.879399,positive,,false
real_can_latency_20260710,291,after,false,enter_extended_session,1003,500300321388,2092459697817,2092462758522,3.060705,positive,,false
real_can_latency_20260710,291,after,false,request_security_seed,2701,67011323,2092488945420,2092492071845,3.126425,positive,,false
real_can_latency_20260710,291,after,false,send_security_key,2702B679,6702,2092518298901,2092521422114,3.123213,positive,,false
real_can_latency_20260710,291,after,false,read_target_before,221234,621234,2092547691214,2092550715532,3.024318,positive,,false
real_can_latency_20260710,291,after,false,write_target,2E12340123,7F2E31,2092576958860,2092580042055,3.083195,negative,0x31,false
real_can_latency_20260710,291,after,false,read_target_after,221234,621234,2092606285593,2092609280438,2.994845,positive,,false
real_can_latency_20260710,292,after,false,session_reset,1001,500100321388,2092635860469,2092638583913,2.723444,positive,,false
real_can_latency_20260710,292,after,false,enter_extended_session,1003,500300321388,2092664827242,2092667885712,3.058470,positive,,false
real_can_latency_20260710,292,after,false,request_security_seed,2701,67011324,2092694139307,2092697155943,3.016636,positive,,false
real_can_latency_20260710,292,after,false,send_security_key,2702B67E,6702,2092723428954,2092726507260,3.078306,positive,,false
real_can_latency_20260710,292,after,false,read_target_before,221234,621234,2092752752404,2092755784265,3.031861,positive,,false
real_can_latency_20260710,292,after,false,write_target,2E12340124,7F2E31,2092782037790,2092785165753,3.127963,negative,0x31,false
real_can_latency_20260710,292,after,false,read_target_after,221234,621234,2092811403354,2092814388701,2.985347,positive,,false
real_can_latency_20260710,293,after,false,session_reset,1001,500100321388,2092840773946,2092843651878,2.877932,positive,,false
real_can_latency_20260710,293,after,false,enter_extended_session,1003,500300321388,2092869903378,2092872989017,3.085639,positive,,false
real_can_latency_20260710,293,after,false,request_security_seed,2701,67011325,2092899225431,2092902275660,3.050229,positive,,false
real_can_latency_20260710,293,after,false,send_security_key,2702B67F,6702,2092928504113,2092931579275,3.075162,positive,,false
real_can_latency_20260710,293,after,false,read_target_before,221234,621234,2092957823232,2092960879887,3.056655,positive,,false
real_can_latency_20260710,293,after,false,write_target,2E12340125,7F2E31,2092987143959,2092990199077,3.055118,negative,0x31,false
real_can_latency_20260710,293,after,false,read_target_after,221234,621234,2093016423689,2093019429919,3.006230,positive,,false
real_can_latency_20260710,294,after,false,session_reset,1001,500100321388,2093045917202,2093048733534,2.816332,positive,,false
real_can_latency_20260710,294,after,false,enter_extended_session,1003,500300321388,2093074960800,2093078073328,3.112528,positive,,false
real_can_latency_20260710,294,after,false,request_security_seed,2701,67011326,2093104326365,2093107310594,2.984229,positive,,false
real_can_latency_20260710,294,after,false,send_security_key,2702B67C,6702,2093133591149,2093136660794,3.069645,positive,,false
real_can_latency_20260710,294,after,false,read_target_before,221234,621234,2093162912853,2093166050803,3.137950,positive,,false
real_can_latency_20260710,294,after,false,write_target,2E12340126,7F2E31,2093192300976,2093195256152,2.955176,negative,0x31,false
real_can_latency_20260710,294,after,false,read_target_after,221234,621234,2093221506326,2093224680593,3.174267,positive,,false
real_can_latency_20260710,295,after,false,session_reset,1001,500100321388,2093251027636,2093253833701,2.806065,positive,,false
real_can_latency_20260710,295,after,false,enter_extended_session,1003,500300321388,2093280044275,2093283125514,3.081239,positive,,false
real_can_latency_20260710,295,after,false,request_security_seed,2701,67011327,2093309338812,2093312399028,3.060216,positive,,false
real_can_latency_20260710,295,after,false,send_security_key,2702B67D,6702,2093338648992,2093341755513,3.106521,positive,,false
real_can_latency_20260710,295,after,false,read_target_before,221234,621234,2093367943529,2093371063250,3.119721,positive,,false
real_can_latency_20260710,295,after,false,write_target,2E12340127,7F2E31,2093397269144,2093400327056,3.057912,negative,0x31,false
real_can_latency_20260710,295,after,false,read_target_after,221234,621234,2093426580722,2093429585694,3.004972,positive,,false
real_can_latency_20260710,296,after,false,session_reset,1001,500100321388,2093455921213,2093458937360,3.016147,positive,,false
real_can_latency_20260710,296,after,false,enter_extended_session,1003,500300321388,2093485151706,2093488230500,3.078794,positive,,false
real_can_latency_20260710,296,after,false,request_security_seed,2701,67011328,2093514433531,2093517519868,3.086337,positive,,false
real_can_latency_20260710,296,after,false,send_security_key,2702B672,6702,2093543745178,2093546770963,3.025785,positive,,false
real_can_latency_20260710,296,after,false,read_target_before,221234,621234,2093572992432,2093576127030,3.134598,positive,,false
real_can_latency_20260710,296,after,false,write_target,2E12340128,7F2E31,2093602340746,2093605447198,3.106452,negative,0x31,false
real_can_latency_20260710,296,after,false,read_target_after,221234,621234,2093631668736,2093634717080,3.048344,positive,,false
real_can_latency_20260710,297,after,false,session_reset,1001,500100321388,2093661047710,2093663989547,2.941837,positive,,false
real_can_latency_20260710,297,after,false,enter_extended_session,1003,500300321388,2093690254387,2093693341841,3.087454,positive,,false
real_can_latency_20260710,297,after,false,request_security_seed,2701,67011329,2093719589431,2093722596708,3.007277,positive,,false
real_can_latency_20260710,297,after,false,send_security_key,2702B673,6702,2093748839269,2093752175427,3.336158,positive,,false
real_can_latency_20260710,297,after,false,read_target_before,221234,621234,2093778370426,2093781108956,2.738530,positive,,false
real_can_latency_20260710,297,after,false,write_target,2E12340129,7F2E31,2093807348025,2093810487860,3.139835,negative,0x31,false
real_can_latency_20260710,297,after,false,read_target_after,221234,621234,2093836938896,2093839773317,2.834421,positive,,false
real_can_latency_20260710,298,after,false,session_reset,1001,500100321388,2093866128881,2093869324938,3.196057,positive,,false
real_can_latency_20260710,298,after,false,enter_extended_session,1003,500300321388,2093895536978,2093898470294,2.933316,positive,,false
real_can_latency_20260710,298,after,false,request_security_seed,2701,6701132A,2093924671230,2093927663421,2.992191,positive,,false
real_can_latency_20260710,298,after,false,send_security_key,2702B670,6702,2093953909824,2093956982891,3.073067,positive,,false
real_can_latency_20260710,298,after,false,read_target_before,221234,621234,2093983222170,2093986267371,3.045201,positive,,false
real_can_latency_20260710,298,after,false,write_target,2E1234012A,7F2E31,2094012512936,2094015582790,3.069854,negative,0x31,false
real_can_latency_20260710,298,after,false,read_target_after,221234,621234,2094041829263,2094044815379,2.986116,positive,,false
real_can_latency_20260710,299,after,false,session_reset,1001,500100321388,2094071203838,2094074149725,2.945887,positive,,false
real_can_latency_20260710,299,after,false,enter_extended_session,1003,500300321388,2094100395988,2094103452364,3.056376,positive,,false
real_can_latency_20260710,299,after,false,request_security_seed,2701,6701132B,2094129692411,2094132730628,3.038217,positive,,false
real_can_latency_20260710,299,after,false,send_security_key,2702B671,6702,2094158984504,2094162023070,3.038566,positive,,false
real_can_latency_20260710,299,after,false,read_target_before,221234,621234,2094188270311,2094191340655,3.070344,positive,,false
real_can_latency_20260710,299,after,false,write_target,2E1234012B,7F2E31,2094217755444,2094220660404,2.904960,negative,0x31,false
real_can_latency_20260710,299,after,false,read_target_after,221234,621234,2094246886274,2094250040357,3.154083,positive,,false
real_can_latency_20260710,300,after,false,session_reset,1001,500100321388,2094276407026,2094279235580,2.828554,positive,,false
real_can_latency_20260710,300,after,false,enter_extended_session,1003,500300321388,2094305481355,2094308491635,3.010280,positive,,false
real_can_latency_20260710,300,after,false,request_security_seed,2701,6701132C,2094334724419,2094337834712,3.110293,positive,,false
real_can_latency_20260710,300,after,false,send_security_key,2702B676,6702,2094364123508,2094367134976,3.011468,positive,,false
real_can_latency_20260710,300,after,false,read_target_before,221234,621234,2094393356166,2094396443341,3.087175,positive,,false
real_can_latency_20260710,300,after,false,write_target,2E1234012C,7F2E31,2094422665230,2094425741720,3.076490,negative,0x31,false
real_can_latency_20260710,300,after,false,read_target_after,221234,621234,2094451978484,2094455019006,3.040522,positive,,false
real_can_latency_20260710,301,after,false,session_reset,1001,500100321388,2094481523611,2094484266750,2.743139,positive,,false
real_can_latency_20260710,301,after,false,enter_extended_session,1003,500300321388,2094510502397,2094513623795,3.121398,positive,,false
real_can_latency_20260710,301,after,false,request_security_seed,2701,6701132D,2094539852388,2094542932719,3.080331,positive,,false
real_can_latency_20260710,301,after,false,send_security_key,2702B677,6702,2094569196652,2094572224812,3.028160,positive,,false
real_can_latency_20260710,301,after,false,read_target_before,221234,621234,2094598457246,2094601444968,2.987722,positive,,false
real_can_latency_20260710,301,after,false,write_target,2E1234012D,7F2E31,2094627645346,2094630784692,3.139346,negative,0x31,false
real_can_latency_20260710,301,after,false,read_target_after,221234,621234,2094656974245,2094660038373,3.064128,positive,,false
real_can_latency_20260710,302,after,false,session_reset,1001,500100321388,2094686292668,2094689337100,3.044432,positive,,false
real_can_latency_20260710,302,after,false,enter_extended_session,1003,500300321388,2094715540341,2094718604609,3.064268,positive,,false
real_can_latency_20260710,302,after,false,request_security_seed,2701,6701132E,2094744771952,2094746951126,2.179174,positive,,false
real_can_latency_20260710,302,after,false,send_security_key,2702B674,6702,2094773120774,2094775260488,2.139714,positive,,false
real_can_latency_20260710,302,after,false,read_target_before,221234,621234,2094801494040,2094804622073,3.128033,positive,,false
real_can_latency_20260710,302,after,false,write_target,2E1234012E,7F2E31,2094830849828,2094833967873,3.118045,negative,0x31,false
real_can_latency_20260710,302,after,false,read_target_after,221234,621234,2094860165317,2094863222112,3.056795,positive,,false
real_can_latency_20260710,303,after,false,session_reset,1001,500100321388,2094889566083,2094892483754,2.917671,positive,,false
real_can_latency_20260710,303,after,false,enter_extended_session,1003,500300321388,2094918703129,2094921814120,3.110991,positive,,false
real_can_latency_20260710,303,after,false,request_security_seed,2701,6701132F,2094948074630,2094951104187,3.029557,positive,,false
real_can_latency_20260710,303,after,false,send_security_key,2702B675,6702,2094977332641,2094980418629,3.085988,positive,,false
real_can_latency_20260710,303,after,false,read_target_before,221234,621234,2095006664055,2095009674755,3.010700,positive,,false
real_can_latency_20260710,303,after,false,write_target,2E1234012F,7F2E31,2095035883235,2095039032289,3.149054,negative,0x31,false
real_can_latency_20260710,303,after,false,read_target_after,221234,621234,2095065240140,2095068297983,3.057843,positive,,false
real_can_latency_20260710,304,after,false,session_reset,1001,500100321388,2095094674081,2095097574851,2.900770,positive,,false
real_can_latency_20260710,304,after,false,enter_extended_session,1003,500300321388,2095123784588,2095126904519,3.119931,positive,,false
real_can_latency_20260710,304,after,false,request_security_seed,2701,67011330,2095153136605,2095156209393,3.072788,positive,,false
real_can_latency_20260710,304,after,false,send_security_key,2702B66A,6702,2095182445809,2095185499112,3.053303,positive,,false
real_can_latency_20260710,304,after,false,read_target_before,221234,621234,2095211716112,2095214780240,3.064128,positive,,false
real_can_latency_20260710,304,after,false,write_target,2E12340130,7F2E31,2095240998917,2095244114518,3.115601,negative,0x31,false
real_can_latency_20260710,304,after,false,read_target_after,221234,621234,2095270329702,2095273449424,3.119722,positive,,false
real_can_latency_20260710,305,after,false,session_reset,1001,500100321388,2095299865121,2095302640946,2.775825,positive,,false
real_can_latency_20260710,305,after,false,enter_extended_session,1003,500300321388,2095328890004,2095331968868,3.078864,positive,,false
real_can_latency_20260710,305,after,false,request_security_seed,2701,67011331,2095358299570,2095361211584,2.912014,positive,,false
real_can_latency_20260710,305,after,false,send_security_key,2702B66B,6702,2095387430470,2095390477557,3.047087,positive,,false
real_can_latency_20260710,305,after,false,read_target_before,221234,621234,2095416674443,2095419830552,3.156109,positive,,false
real_can_latency_20260710,305,after,false,write_target,2E12340131,7F2E31,2095446055165,2095449118385,3.063220,negative,0x31,false
real_can_latency_20260710,305,after,false,read_target_after,221234,621234,2095475299837,2095478381704,3.081867,positive,,false
real_can_latency_20260710,306,after,false,session_reset,1001,500100321388,2095504642495,2095507638737,2.996242,positive,,false
real_can_latency_20260710,306,after,false,enter_extended_session,1003,500300321388,2095533847986,2095536970291,3.122305,positive,,false
real_can_latency_20260710,306,after,false,request_security_seed,2701,67011332,2095563131908,2095565267082,2.135174,positive,,false
real_can_latency_20260710,306,after,false,send_security_key,2702B668,6702,2095591472070,2095593636019,2.163949,positive,,false
real_can_latency_20260710,306,after,false,read_target_before,221234,621234,2095619832696,2095622907580,3.074884,positive,,false
real_can_latency_20260710,306,after,false,write_target,2E12340132,7F2E31,2095649152726,2095652220695,3.067969,negative,0x31,false
real_can_latency_20260710,306,after,false,read_target_after,221234,621234,2095678412902,2095681505106,3.092204,positive,,false
real_can_latency_20260710,307,after,false,session_reset,1001,500100321388,2095707793554,2095710796920,3.003366,positive,,false
real_can_latency_20260710,307,after,false,enter_extended_session,1003,500300321388,2095736985007,2095740144398,3.159391,positive,,false
real_can_latency_20260710,307,after,false,request_security_seed,2701,67011333,2095766349036,2095769431253,3.082217,positive,,false
real_can_latency_20260710,307,after,false,send_security_key,2702B669,6702,2095795653981,2095798747581,3.093600,positive,,false
real_can_latency_20260710,307,after,false,read_target_before,221234,621234,2095824949776,2095828047078,3.097302,positive,,false
real_can_latency_20260710,307,after,false,write_target,2E12340133,7F2E31,2095854259958,2095857311514,3.051556,negative,0x31,false
real_can_latency_20260710,307,after,false,read_target_after,221234,621234,2095883501906,2095886576370,3.074464,positive,,false
real_can_latency_20260710,308,after,false,session_reset,1001,500100321388,2095912902183,2095915919517,3.017334,positive,,false
real_can_latency_20260710,308,after,false,enter_extended_session,1003,500300321388,2095942165990,2095945187446,3.021456,positive,,false
real_can_latency_20260710,308,after,false,request_security_seed,2701,67011334,2095971390827,2095974474301,3.083474,positive,,false
real_can_latency_20260710,308,after,false,send_security_key,2702B66E,6702,2096000698636,2096003776453,3.077817,positive,,false
real_can_latency_20260710,308,after,false,read_target_before,221234,621234,2096029974946,2096033086217,3.111271,positive,,false
real_can_latency_20260710,308,after,false,write_target,2E12340134,7F2E31,2096059284012,2096062412323,3.128311,negative,0x31,false
real_can_latency_20260710,308,after,false,read_target_after,221234,621234,2096088607534,2096091672640,3.065106,positive,,false
real_can_latency_20260710,309,after,false,session_reset,1001,500100321388,2096117994472,2096120941687,2.947215,positive,,false
real_can_latency_20260710,309,after,false,enter_extended_session,1003,500300321388,2096147143952,2096150259762,3.115810,positive,,false
real_can_latency_20260710,309,after,false,request_security_seed,2701,67011335,2096176455322,2096179549761,3.094439,positive,,false
real_can_latency_20260710,309,after,false,send_security_key,2702B66F,6702,2096205765994,2096208901080,3.135086,positive,,false
real_can_latency_20260710,309,after,false,read_target_before,221234,621234,2096235104882,2096238129759,3.024877,positive,,false
real_can_latency_20260710,309,after,false,write_target,2E12340135,7F2E31,2096264337890,2096266479421,2.141531,negative,0x31,false
real_can_latency_20260710,309,after,false,read_target_after,221234,621234,2096292671000,2096295754055,3.083055,positive,,false
real_can_latency_20260710,310,after,false,session_reset,1001,500100321388,2096322040757,2096325059489,3.018732,positive,,false
real_can_latency_20260710,310,after,false,enter_extended_session,1003,500300321388,2096351270344,2096354357519,3.087175,positive,,false
real_can_latency_20260710,310,after,false,request_security_seed,2701,67011336,2096380551473,2096383625728,3.074255,positive,,false
real_can_latency_20260710,310,after,false,send_security_key,2702B66C,6702,2096409912989,2096412948622,3.035633,positive,,false
real_can_latency_20260710,310,after,false,read_target_before,221234,621234,2096439130703,2096441248348,2.117645,positive,,false
real_can_latency_20260710,310,after,false,write_target,2E12340136,7F2E31,2096467493564,2096470718326,3.224762,negative,0x31,false
real_can_latency_20260710,310,after,false,read_target_after,221234,621234,2096496926039,2096499927939,3.001900,positive,,false
real_can_latency_20260710,311,after,false,session_reset,1001,500100321388,2096526273377,2096529147329,2.873952,positive,,false
real_can_latency_20260710,311,after,false,enter_extended_session,1003,500300321388,2096555347708,2096558469385,3.121677,positive,,false
real_can_latency_20260710,311,after,false,request_security_seed,2701,67011337,2096584660335,2096587755333,3.094998,positive,,false
real_can_latency_20260710,311,after,false,send_security_key,2702B66D,6702,2096613952779,2096617108468,3.155689,positive,,false
real_can_latency_20260710,311,after,false,read_target_before,221234,621234,2096643304796,2096646369274,3.064478,positive,,false
real_can_latency_20260710,311,after,false,write_target,2E12340137,7F2E31,2096672598776,2096675667165,3.068389,negative,0x31,false
real_can_latency_20260710,311,after,false,read_target_after,221234,621234,2096701893175,2096704937468,3.044293,positive,,false
real_can_latency_20260710,312,after,false,session_reset,1001,500100321388,2096731310354,2096734262807,2.952453,positive,,false
real_can_latency_20260710,312,after,false,enter_extended_session,1003,500300321388,2096760471497,2096763526127,3.054630,positive,,false
real_can_latency_20260710,312,after,false,request_security_seed,2701,67011338,2096789753534,2096792911109,3.157575,positive,,false
real_can_latency_20260710,312,after,false,send_security_key,2702B662,6702,2096819140961,2096822122956,2.981995,positive,,false
real_can_latency_20260710,312,after,false,read_target_before,221234,621234,2096848306783,2096850525907,2.219124,positive,,false
real_can_latency_20260710,312,after,false,write_target,2E12340138,7F2E31,2096876723772,2096879772465,3.048693,negative,0x31,false
real_can_latency_20260710,312,after,false,read_target_after,221234,621234,2096905984787,2096909093683,3.108896,positive,,false
real_can_latency_20260710,313,after,false,session_reset,1001,500100321388,2096935410766,2096938341847,2.931081,positive,,false
real_can_latency_20260710,313,after,false,enter_extended_session,1003,500300321388,2096964540340,2096967605935,3.065595,positive,,false
real_can_latency_20260710,313,after,false,request_security_seed,2701,67011339,2096993782709,2096995933737,2.151028,positive,,false
real_can_latency_20260710,313,after,false,send_security_key,2702B663,6702,2097022137959,2097024269571,2.131612,positive,,false
real_can_latency_20260710,313,after,false,read_target_before,221234,621234,2097050476237,2097053548327,3.072090,positive,,false
real_can_latency_20260710,313,after,false,write_target,2E12340139,7F2E31,2097079738091,2097082140197,2.402106,negative,0x31,false
real_can_latency_20260710,313,after,false,read_target_after,221234,621234,2097108342184,2097111171996,2.829812,positive,,false
real_can_latency_20260710,314,after,false,session_reset,1001,500100321388,2097137415467,2097140439716,3.024249,positive,,false
real_can_latency_20260710,314,after,false,enter_extended_session,1003,500300321388,2097166613906,2097168774433,2.160527,positive,,false
real_can_latency_20260710,314,after,false,request_security_seed,2701,6701133A,2097194957073,2097197132965,2.175892,positive,,false
real_can_latency_20260710,314,after,false,send_security_key,2702B660,6702,2097223340049,2097226433511,3.093462,positive,,false
real_can_latency_20260710,314,after,false,read_target_before,221234,621234,2097252627954,2097255706749,3.078795,positive,,false
real_can_latency_20260710,314,after,false,write_target,2E1234013A,7F2E31,2097281908595,2097284047402,2.138807,negative,0x31,false
real_can_latency_20260710,314,after,false,read_target_after,221234,621234,2097310237654,2097312352086,2.114432,positive,,false
real_can_latency_20260710,315,after,false,session_reset,1001,500100321388,2097338804522,2097341646626,2.842104,positive,,false
real_can_latency_20260710,315,after,false,enter_extended_session,1003,500300321388,2097367868936,2097370943610,3.074674,positive,,false
real_can_latency_20260710,315,after,false,request_security_seed,2701,6701133B,2097397134352,2097400233889,3.099537,positive,,false
real_can_latency_20260710,315,after,false,send_security_key,2702B661,6702,2097426437900,2097428627411,2.189511,positive,,false
real_can_latency_20260710,315,after,false,read_target_before,221234,621234,2097454834007,2097457871945,3.037938,positive,,false
real_can_latency_20260710,315,after,false,write_target,2E1234013B,7F2E31,2097484044598,2097486184242,2.139644,negative,0x31,false
real_can_latency_20260710,315,after,false,read_target_after,221234,621234,2097512369537,2097514481035,2.111498,positive,,false
real_can_latency_20260710,316,after,false,session_reset,1001,500100321388,2097540789878,2097543795060,3.005182,positive,,false
real_can_latency_20260710,316,after,false,enter_extended_session,1003,500300321388,2097570053059,2097573137231,3.084172,positive,,false
real_can_latency_20260710,316,after,false,request_security_seed,2701,6701133C,2097599327624,2097602425974,3.098350,positive,,false
real_can_latency_20260710,316,after,false,send_security_key,2702B666,6702,2097628645839,2097631733015,3.087176,positive,,false
real_can_latency_20260710,316,after,false,read_target_before,221234,621234,2097657944360,2097660993193,3.048833,positive,,false
real_can_latency_20260710,316,after,false,write_target,2E1234013C,7F2E31,2097687236175,2097690388233,3.152058,negative,0x31,false
real_can_latency_20260710,316,after,false,read_target_after,221234,621234,2097716604048,2097719568862,2.964814,positive,,false
real_can_latency_20260710,317,after,false,session_reset,1001,500100321388,2097745985330,2097748914525,2.929195,positive,,false
real_can_latency_20260710,317,after,false,enter_extended_session,1003,500300321388,2097775166308,2097778200404,3.034096,positive,,false
real_can_latency_20260710,317,after,false,request_security_seed,2701,6701133D,2097804431374,2097807504023,3.072649,positive,,false
real_can_latency_20260710,317,after,false,send_security_key,2702B667,6702,2097833765514,2097836858975,3.093461,positive,,false
real_can_latency_20260710,317,after,false,read_target_before,221234,621234,2097863046853,2097866129838,3.082985,positive,,false
real_can_latency_20260710,317,after,false,write_target,2E1234013D,7F2E31,2097892335945,2097895437717,3.101772,negative,0x31,false
real_can_latency_20260710,317,after,false,read_target_after,221234,621234,2097921691316,2097924739869,3.048553,positive,,false
real_can_latency_20260710,318,after,false,session_reset,1001,500100321388,2097951149213,2097954027145,2.877932,positive,,false
real_can_latency_20260710,318,after,false,enter_extended_session,1003,500300321388,2097980249665,2097983319870,3.070205,positive,,false
real_can_latency_20260710,318,after,false,request_security_seed,2701,6701133E,2098009561316,2098012611546,3.050230,positive,,false
real_can_latency_20260710,318,after,false,send_security_key,2702B664,6702,2098038795235,2098041890233,3.094998,positive,,false
real_can_latency_20260710,318,after,false,read_target_before,221234,621234,2098068127838,2098071203839,3.076001,positive,,false
real_can_latency_20260710,318,after,false,write_target,2E1234013E,7F2E31,2098097430201,2098100504665,3.074464,negative,0x31,false
real_can_latency_20260710,318,after,false,read_target_after,221234,621234,2098126722366,2098129748152,3.025786,positive,,false
real_can_latency_20260710,319,after,false,session_reset,1001,500100321388,2098156042538,2098159118958,3.076420,positive,,false
real_can_latency_20260710,319,after,false,enter_extended_session,1003,500300321388,2098185348043,2098188436267,3.088224,positive,,false
real_can_latency_20260710,319,after,false,request_security_seed,2701,6701133F,2098214655993,2098217710064,3.054071,positive,,false
real_can_latency_20260710,319,after,false,send_security_key,2702B665,6702,2098243908140,2098247045112,3.136972,positive,,false
real_can_latency_20260710,319,after,false,read_target_before,221234,621234,2098273249753,2098276292789,3.043036,positive,,false
real_can_latency_20260710,319,after,false,write_target,2E1234013F,7F2E31,2098302516985,2098305601507,3.084522,negative,0x31,false
real_can_latency_20260710,319,after,false,read_target_after,221234,621234,2098331855525,2098334934320,3.078795,positive,,false
real_can_latency_20260710,320,after,false,session_reset,1001,500100321388,2098361275989,2098364213565,2.937576,positive,,false
real_can_latency_20260710,320,after,false,enter_extended_session,1003,500300321388,2098390468491,2098393443712,2.975221,positive,,false
real_can_latency_20260710,320,after,false,request_security_seed,2701,67011340,2098419643115,2098422769681,3.126566,positive,,false
real_can_latency_20260710,320,after,false,send_security_key,2702B61A,6702,2098449020766,2098452102563,3.081797,positive,,false
real_can_latency_20260710,320,after,false,read_target_before,221234,621234,2098478339680,2098481335294,2.995614,positive,,false
real_can_latency_20260710,320,after,false,write_target,2E12340140,7F2E31,2098507591268,2098510664685,3.073417,negative,0x31,false
real_can_latency_20260710,320,after,false,read_target_after,221234,621234,2098536915142,2098539955384,3.040242,positive,,false
real_can_latency_20260710,321,after,false,session_reset,1001,500100321388,2098566302431,2098569259074,2.956643,positive,,false
real_can_latency_20260710,321,after,false,enter_extended_session,1003,500300321388,2098595474330,2098598518205,3.043875,positive,,false
real_can_latency_20260710,321,after,false,request_security_seed,2701,67011341,2098624726547,2098627898859,3.172312,positive,,false
real_can_latency_20260710,321,after,false,send_security_key,2702B61B,6702,2098654172502,2098657150377,2.977875,positive,,false
real_can_latency_20260710,321,after,false,read_target_before,221234,621234,2098683392871,2098686433463,3.040592,positive,,false
real_can_latency_20260710,321,after,false,write_target,2E12340141,7F2E31,2098712690554,2098715755870,3.065316,negative,0x31,false
real_can_latency_20260710,321,after,false,read_target_after,221234,621234,2098741969380,2098745065216,3.095836,positive,,false
real_can_latency_20260710,322,after,false,session_reset,1001,500100321388,2098771406885,2098774341388,2.934503,positive,,false
real_can_latency_20260710,322,after,false,enter_extended_session,1003,500300321388,2098800562791,2098803637675,3.074884,positive,,false
real_can_latency_20260710,322,after,false,request_security_seed,2701,67011342,2098829858938,2098832939758,3.080820,positive,,false
real_can_latency_20260710,322,after,false,send_security_key,2702B618,6702,2098859215217,2098862244355,3.029138,positive,,false
real_can_latency_20260710,322,after,false,read_target_before,221234,621234,2098888519675,2098891511308,2.991633,positive,,false
real_can_latency_20260710,322,after,false,write_target,2E12340142,7F2E31,2098917741720,2098920819118,3.077398,negative,0x31,false
real_can_latency_20260710,322,after,false,read_target_after,221234,621234,2098947031441,2098950135030,3.103589,positive,,false
real_can_latency_20260710,323,after,false,session_reset,1001,500100321388,2098976577479,2098979422935,2.845456,positive,,false
real_can_latency_20260710,323,after,false,enter_extended_session,1003,500300321388,2099005650135,2099008907793,3.257658,positive,,false
real_can_latency_20260710,323,after,false,request_security_seed,2701,67011343,2099035138485,2099037938126,2.799641,positive,,false
real_can_latency_20260710,323,after,false,send_security_key,2702B619,6702,2099064168608,2099067307466,3.138858,positive,,false
real_can_latency_20260710,323,after,false,read_target_before,221234,621234,2099093576571,2099096601448,3.024877,positive,,false
real_can_latency_20260710,323,after,false,write_target,2E12340143,7F2E31,2099122826833,2099125977703,3.150870,negative,0x31,false
real_can_latency_20260710,323,after,false,read_target_after,221234,621234,2099152155805,2099155198842,3.043037,positive,,false
real_can_latency_20260710,324,after,false,session_reset,1001,500100321388,2099181549520,2099184489471,2.939951,positive,,false
real_can_latency_20260710,324,after,false,enter_extended_session,1003,500300321388,2099210713668,2099213836393,3.122725,positive,,false
real_can_latency_20260710,324,after,false,request_security_seed,2701,67011344,2099240053676,2099243122413,3.068737,positive,,false
real_can_latency_20260710,324,after,false,send_security_key,2702B61E,6702,2099269339626,2099272634509,3.294883,positive,,false
real_can_latency_20260710,324,after,false,read_target_before,221234,621234,2099298845506,2099301663794,2.818288,positive,,false
real_can_latency_20260710,324,after,false,write_target,2E12340144,7F2E31,2099327878912,2099330973491,3.094579,negative,0x31,false
real_can_latency_20260710,324,after,false,read_target_after,221234,621234,2099357202646,2099360270546,3.067900,positive,,false
real_can_latency_20260710,325,after,false,session_reset,1001,500100321388,2099386643155,2099389569417,2.926262,positive,,false
real_can_latency_20260710,325,after,false,enter_extended_session,1003,500300321388,2099415806534,2099418964878,3.158344,positive,,false
real_can_latency_20260710,325,after,false,request_security_seed,2701,67011345,2099445152059,2099448345742,3.193683,positive,,false
real_can_latency_20260710,325,after,false,send_security_key,2702B61F,6702,2099474577622,2099477439351,2.861729,positive,,false
real_can_latency_20260710,325,after,false,read_target_before,221234,621234,2099503657262,2099506749606,3.092344,positive,,false
real_can_latency_20260710,325,after,false,write_target,2E12340145,7F2E31,2099532974990,2099536109588,3.134598,negative,0x31,false
real_can_latency_20260710,325,after,false,read_target_after,221234,621234,2099562363048,2099565353075,2.990027,positive,,false
real_can_latency_20260710,326,after,false,session_reset,1001,500100321388,2099591712135,2099594653274,2.941139,positive,,false
real_can_latency_20260710,326,after,false,enter_extended_session,1003,500300321388,2099620868251,2099623977078,3.108827,positive,,false
real_can_latency_20260710,326,after,false,request_security_seed,2701,67011346,2099650142748,2099653271759,3.129011,positive,,false
real_can_latency_20260710,326,after,false,send_security_key,2702B61C,6702,2099679517327,2099682552401,3.035074,positive,,false
real_can_latency_20260710,326,after,false,read_target_before,221234,621234,2099708763887,2099711792885,3.028998,positive,,false
real_can_latency_20260710,326,after,false,write_target,2E12340146,7F2E31,2099738023927,2099741229064,3.205137,negative,0x31,false
real_can_latency_20260710,326,after,false,read_target_after,221234,621234,2099767449140,2099770468151,3.019011,positive,,false
real_can_latency_20260710,327,after,false,session_reset,1001,500100321388,2099796789287,2099799930659,3.141372,positive,,false
real_can_latency_20260710,327,after,false,enter_extended_session,1003,500300321388,2099826198786,2099829063449,2.864663,positive,,false
real_can_latency_20260710,327,after,false,request_security_seed,2701,67011347,2099855272630,2099858340809,3.068179,positive,,false
real_can_latency_20260710,327,after,false,send_security_key,2702B61D,6702,2099884639596,2099887663915,3.024319,positive,,false
real_can_latency_20260710,327,after,false,read_target_before,221234,621234,2099913897820,2099916922977,3.025157,positive,,false
real_can_latency_20260710,327,after,false,write_target,2E12340147,7F2E31,2099943123078,2099946173518,3.050440,negative,0x31,false
real_can_latency_20260710,327,after,false,read_target_after,221234,621234,2099972431867,2099975507030,3.075163,positive,,false
real_can_latency_20260710,328,after,false,session_reset,1001,500100321388,2100001855894,2100004774823,2.918929,positive,,false
real_can_latency_20260710,328,after,false,enter_extended_session,1003,500300321388,2100030998392,2100034139695,3.141303,positive,,false
real_can_latency_20260710,328,after,false,request_security_seed,2701,67011348,2100060390222,2100063426903,3.036681,positive,,false
real_can_latency_20260710,328,after,false,send_security_key,2702B612,6702,2100089688954,2100092725216,3.036262,positive,,false
real_can_latency_20260710,328,after,false,read_target_before,221234,621234,2100118948436,2100122033517,3.085081,positive,,false
real_can_latency_20260710,328,after,false,write_target,2E12340148,7F2E31,2100148247587,2100151334344,3.086757,negative,0x31,false
real_can_latency_20260710,328,after,false,read_target_after,221234,621234,2100177550859,2100180613660,3.062801,positive,,false
real_can_latency_20260710,329,after,false,session_reset,1001,500100321388,2100206975864,2100209983002,3.007138,positive,,false
real_can_latency_20260710,329,after,false,enter_extended_session,1003,500300321388,2100236173676,2100239226490,3.052814,positive,,false
real_can_latency_20260710,329,after,false,request_security_seed,2701,67011349,2100265444192,2100268453007,3.008815,positive,,false
real_can_latency_20260710,329,after,false,send_security_key,2702B613,6702,2100294687680,2100297796158,3.108478,positive,,false
real_can_latency_20260710,329,after,false,read_target_before,221234,621234,2100324054298,2100327103410,3.049112,positive,,false
real_can_latency_20260710,329,after,false,write_target,2E12340149,7F2E31,2100353331519,2100356413177,3.081658,negative,0x31,false
real_can_latency_20260710,329,after,false,read_target_after,221234,621234,2100382624315,2100385638716,3.014401,positive,,false
real_can_latency_20260710,330,after,false,session_reset,1001,500100321388,2100411967885,2100414950369,2.982484,positive,,false
real_can_latency_20260710,330,after,false,enter_extended_session,1003,500300321388,2100441246643,2100444271939,3.025296,positive,,false
real_can_latency_20260710,330,after,false,request_security_seed,2701,6701134A,2100470478048,2100473617465,3.139417,positive,,false
real_can_latency_20260710,330,after,false,send_security_key,2702B610,6702,2100499834888,2100502933727,3.098839,positive,,false
real_can_latency_20260710,330,after,false,read_target_before,221234,621234,2100529156877,2100532201380,3.044503,positive,,false
real_can_latency_20260710,330,after,false,write_target,2E1234014A,7F2E31,2100558452955,2100561499344,3.046389,negative,0x31,false
real_can_latency_20260710,330,after,false,read_target_after,221234,621234,2100587716837,2100590779988,3.063151,positive,,false
real_can_latency_20260710,331,after,false,session_reset,1001,500100321388,2100617141143,2100620066987,2.925844,positive,,false
real_can_latency_20260710,331,after,false,enter_extended_session,1003,500300321388,2100646306479,2100649314525,3.008046,positive,,false
real_can_latency_20260710,331,after,false,request_security_seed,2701,6701134B,2100675557091,2100678672064,3.114973,positive,,false
real_can_latency_20260710,331,after,false,send_security_key,2702B611,6702,2100704947455,2100707972332,3.024877,positive,,false
real_can_latency_20260710,331,after,false,read_target_before,221234,621234,2100734222022,2100737313807,3.091785,positive,,false
real_can_latency_20260710,331,after,false,write_target,2E1234014B,7F2E31,2100763602468,2100766714158,3.111690,negative,0x31,false
real_can_latency_20260710,331,after,false,read_target_after,221234,621234,2100792963289,2100795857145,2.893856,positive,,false
real_can_latency_20260710,332,after,false,session_reset,1001,500100321388,2100822375442,2100825124239,2.748797,positive,,false
real_can_latency_20260710,332,after,false,enter_extended_session,1003,500300321388,2100851364919,2100854480380,3.115461,positive,,false
real_can_latency_20260710,332,after,false,request_security_seed,2701,6701134C,2100880679854,2100883699075,3.019221,positive,,false
real_can_latency_20260710,332,after,false,send_security_key,2702B616,6702,2100909926625,2100912987331,3.060706,positive,,false
real_can_latency_20260710,332,after,false,read_target_before,221234,621234,2100939207338,2100942325942,3.118604,positive,,false
real_can_latency_20260710,332,after,false,write_target,2E1234014C,7F2E31,2100968595537,2100971662599,3.067062,negative,0x31,false
real_can_latency_20260710,332,after,false,read_target_after,221234,621234,2100997888124,2101000967617,3.079493,positive,,false
real_can_latency_20260710,333,after,false,session_reset,1001,500100321388,2101027328843,2101030207265,2.878422,positive,,false
real_can_latency_20260710,333,after,false,enter_extended_session,1003,500300321388,2101056451717,2101059532048,3.080331,positive,,false
real_can_latency_20260710,333,after,false,request_security_seed,2701,6701134D,2101085755618,2101088762687,3.007069,positive,,false
real_can_latency_20260710,333,after,false,send_security_key,2702B617,6702,2101115318140,2101118059464,2.741324,positive,,false
real_can_latency_20260710,333,after,false,read_target_before,221234,621234,2101144289878,2101147417492,3.127614,positive,,false
real_can_latency_20260710,333,after,false,write_target,2E1234014D,7F2E31,2101173626674,2101176639260,3.012586,negative,0x31,false
real_can_latency_20260710,333,after,false,read_target_after,221234,621234,2101202833008,2101205965580,3.132572,positive,,false
real_can_latency_20260710,334,after,false,session_reset,1001,500100321388,2101232239785,2101235236656,2.996871,positive,,false
real_can_latency_20260710,334,after,false,enter_extended_session,1003,500300321388,2101261460575,2101264587910,3.127335,positive,,false
real_can_latency_20260710,334,after,false,request_security_seed,2701,6701134E,2101290813784,2101293917442,3.103658,positive,,false
real_can_latency_20260710,334,after,false,send_security_key,2702B614,6702,2101320156237,2101323137954,2.981717,positive,,false
real_can_latency_20260710,334,after,false,read_target_before,221234,621234,2101349355098,2101352480616,3.125518,positive,,false
real_can_latency_20260710,334,after,false,write_target,2E1234014E,7F2E31,2101378728700,2101381800302,3.071602,negative,0x31,false
real_can_latency_20260710,334,after,false,read_target_after,221234,621234,2101408023033,2101411037016,3.013983,positive,,false
real_can_latency_20260710,335,after,false,session_reset,1001,500100321388,2101437463543,2101440358517,2.894974,positive,,false
real_can_latency_20260710,335,after,false,enter_extended_session,1003,500300321388,2101466580550,2101469598234,3.017684,positive,,false
real_can_latency_20260710,335,after,false,request_security_seed,2701,6701134F,2101495767189,2101497931068,2.163879,positive,,false
real_can_latency_20260710,335,after,false,send_security_key,2702B615,6702,2101524171819,2101527258715,3.086896,positive,,false
real_can_latency_20260710,335,after,false,read_target_before,221234,621234,2101553465314,2101556506045,3.040731,positive,,false
real_can_latency_20260710,335,after,false,write_target,2E1234014F,7F2E31,2101582705520,2101584916752,2.211232,negative,0x31,false
real_can_latency_20260710,335,after,false,read_target_after,221234,621234,2101611139483,2101614196837,3.057354,positive,,false
real_can_latency_20260710,336,after,false,session_reset,1001,500100321388,2101640584673,2101643481043,2.896370,positive,,false
real_can_latency_20260710,336,after,false,enter_extended_session,1003,500300321388,2101669702448,2101672792208,3.089760,positive,,false
real_can_latency_20260710,336,after,false,request_security_seed,2701,67011350,2101699076539,2101702142833,3.066294,positive,,false
real_can_latency_20260710,336,after,false,send_security_key,2702B60A,6702,2101728378764,2101731387229,3.008465,positive,,false
real_can_latency_20260710,336,after,false,read_target_before,221234,621234,2101757595015,2101760641474,3.046459,positive,,false
real_can_latency_20260710,336,after,false,write_target,2E12340150,7F2E31,2101786851424,2101790031908,3.180484,negative,0x31,false
real_can_latency_20260710,336,after,false,read_target_after,221234,621234,2101816244792,2101819292368,3.047576,positive,,false
real_can_latency_20260710,337,after,false,session_reset,1001,500100321388,2101845637880,2101848586910,2.949030,positive,,false
real_can_latency_20260710,337,after,false,enter_extended_session,1003,500300321388,2101874883673,2101877940329,3.056656,positive,,false
real_can_latency_20260710,337,after,false,request_security_seed,2701,67011351,2101904146578,2101907162237,3.015659,positive,,false
real_can_latency_20260710,337,after,false,send_security_key,2702B60B,6702,2101933435254,2101936468652,3.033398,positive,,false
real_can_latency_20260710,337,after,false,read_target_before,221234,621234,2101962702558,2101965754046,3.051488,positive,,false
real_can_latency_20260710,337,after,false,write_target,2E12340151,7F2E31,2101991977127,2101995050195,3.073068,negative,0x31,false
real_can_latency_20260710,337,after,false,read_target_after,221234,621234,2102021279702,2102024330351,3.050649,positive,,false
real_can_latency_20260710,338,after,false,session_reset,1001,500100321388,2102050677819,2102053636698,2.958879,positive,,false
real_can_latency_20260710,338,after,false,enter_extended_session,1003,500300321388,2102079887366,2102082918320,3.030954,positive,,false
real_can_latency_20260710,338,after,false,request_security_seed,2701,67011352,2102109114723,2102112172566,3.057843,positive,,false
real_can_latency_20260710,338,after,false,send_security_key,2702B608,6702,2102138395368,2102141618733,3.223365,positive,,false
real_can_latency_20260710,338,after,false,read_target_before,221234,621234,2102167793904,2102170763189,2.969285,positive,,false
real_can_latency_20260710,338,after,false,write_target,2E12340152,7F2E31,2102196933680,2102199167820,2.234140,negative,0x31,false
real_can_latency_20260710,338,after,false,read_target_after,221234,621234,2102225590087,2102228488763,2.898676,positive,,false
real_can_latency_20260710,339,after,false,session_reset,1001,500100321388,2102254854739,2102257735046,2.880307,positive,,false
real_can_latency_20260710,339,after,false,enter_extended_session,1003,500300321388,2102283982362,2102287074846,3.092484,positive,,false
real_can_latency_20260710,339,after,false,request_security_seed,2701,67011353,2102313283820,2102316314494,3.030674,positive,,false
real_can_latency_20260710,339,after,false,send_security_key,2702B609,6702,2102342558947,2102345597235,3.038288,positive,,false
real_can_latency_20260710,339,after,false,read_target_before,221234,621234,2102371853071,2102374947022,3.093951,positive,,false
real_can_latency_20260710,339,after,false,write_target,2E12340153,7F2E31,2102401182256,2102404283051,3.100795,negative,0x31,false
real_can_latency_20260710,339,after,false,read_target_after,221234,621234,2102430534278,2102433507823,2.973545,positive,,false
real_can_latency_20260710,340,after,false,session_reset,1001,500100321388,2102459935818,2102462812563,2.876745,positive,,false
real_can_latency_20260710,340,after,false,enter_extended_session,1003,500300321388,2102489088305,2102492153341,3.065036,positive,,false
real_can_latency_20260710,340,after,false,request_security_seed,2701,67011354,2102518390880,2102521429237,3.038357,positive,,false
real_can_latency_20260710,340,after,false,send_security_key,2702B60E,6702,2102547783759,2102550753672,2.969913,positive,,false
real_can_latency_20260710,340,after,false,read_target_before,221234,621234,2102576985763,2102580031244,3.045481,positive,,false
real_can_latency_20260710,340,after,false,write_target,2E12340154,7F2E31,2102606279398,2102609340035,3.060637,negative,0x31,false
real_can_latency_20260710,340,after,false,read_target_after,221234,621234,2102635561999,2102638648825,3.086826,positive,,false
real_can_latency_20260710,341,after,false,session_reset,1001,500100321388,2102665060058,2102667954753,2.894695,positive,,false
real_can_latency_20260710,341,after,false,enter_extended_session,1003,500300321388,2102694156952,2102697248458,3.091506,positive,,false
real_can_latency_20260710,341,after,false,request_security_seed,2701,67011355,2102723495216,2102726503402,3.008186,positive,,false
real_can_latency_20260710,341,after,false,send_security_key,2702B60F,6702,2102752767200,2102755818897,3.051697,positive,,false
real_can_latency_20260710,341,after,false,read_target_before,221234,621234,2102782043515,2102785074888,3.031373,positive,,false
real_can_latency_20260710,341,after,false,write_target,2E12340155,7F2E31,2102811284979,2102814420555,3.135576,negative,0x31,false
real_can_latency_20260710,341,after,false,read_target_after,221234,621234,2102840627573,2102843685067,3.057494,positive,,false
real_can_latency_20260710,342,after,false,session_reset,1001,500100321388,2102870039239,2102872956772,2.917533,positive,,false
real_can_latency_20260710,342,after,false,enter_extended_session,1003,500300321388,2102899454468,2102902294337,2.839869,positive,,false
real_can_latency_20260710,342,after,false,request_security_seed,2701,67011356,2102928547869,2102931586855,3.038986,positive,,false
real_can_latency_20260710,342,after,false,send_security_key,2702B60C,6702,2102957802883,2102960943696,3.140813,positive,,false
real_can_latency_20260710,342,after,false,read_target_before,221234,621234,2102987206029,2102990206323,3.000294,positive,,false
real_can_latency_20260710,342,after,false,write_target,2E12340156,7F2E31,2103016478504,2103019480613,3.002109,negative,0x31,false
real_can_latency_20260710,342,after,false,read_target_after,221234,621234,2103045701251,2103048765589,3.064338,positive,,false
real_can_latency_20260710,343,after,false,session_reset,1001,500100321388,2103075228994,2103078077733,2.848739,positive,,false
real_can_latency_20260710,343,after,false,enter_extended_session,1003,500300321388,2103104313038,2103107310747,2.997709,positive,,false
real_can_latency_20260710,343,after,false,request_security_seed,2701,67011357,2103133540534,2103136641190,3.100656,positive,,false
real_can_latency_20260710,343,after,false,send_security_key,2702B60D,6702,2103162871745,2103165981410,3.109665,positive,,false
real_can_latency_20260710,343,after,false,read_target_before,221234,621234,2103192220555,2103195276443,3.055888,positive,,false
real_can_latency_20260710,343,after,false,write_target,2E12340157,7F2E31,2103221517055,2103224756484,3.239429,negative,0x31,false
real_can_latency_20260710,343,after,false,read_target_after,221234,621234,2103250963014,2103253905549,2.942535,positive,,false
real_can_latency_20260710,344,after,false,session_reset,1001,500100321388,2103280626038,2103283131859,2.505821,positive,,false
real_can_latency_20260710,344,after,false,enter_extended_session,1003,500300321388,2103309503563,2103312654014,3.150451,positive,,false
real_can_latency_20260710,344,after,false,request_security_seed,2701,67011358,2103338870601,2103341703766,2.833165,positive,,false
real_can_latency_20260710,344,after,false,send_security_key,2702B602,6702,2103367919585,2103371034627,3.115042,positive,,false
real_can_latency_20260710,344,after,false,read_target_before,221234,621234,2103397256662,2103400273858,3.017196,positive,,false
real_can_latency_20260710,344,after,false,write_target,2E12340158,7F2E31,2103426550019,2103429613170,3.063151,negative,0x31,false
real_can_latency_20260710,344,after,false,read_target_after,221234,621234,2103455835903,2103458967637,3.131734,positive,,false
real_can_latency_20260710,345,after,false,session_reset,1001,500100321388,2103485339830,2103488425399,3.085569,positive,,false
real_can_latency_20260710,345,after,false,enter_extended_session,1003,500300321388,2103514642196,2103517508744,2.866548,positive,,false
real_can_latency_20260710,345,after,false,request_security_seed,2701,67011359,2103543718278,2103546822774,3.104496,positive,,false
real_can_latency_20260710,345,after,false,send_security_key,2702B603,6702,2103573190217,2103576147769,2.957552,positive,,false
real_can_latency_20260710,345,after,false,read_target_before,221234,621234,2103602368407,2103605426249,3.057842,positive,,false
real_can_latency_20260710,345,after,false,write_target,2E12340159,7F2E31,2103631631871,2103634741606,3.109735,negative,0x31,false
real_can_latency_20260710,345,after,false,read_target_after,221234,621234,2103660958263,2103664040969,3.082706,positive,,false
real_can_latency_20260710,346,after,false,session_reset,1001,500100321388,2103690418330,2103693289697,2.871367,positive,,false
real_can_latency_20260710,346,after,false,enter_extended_session,1003,500300321388,2103719501186,2103722619092,3.117906,positive,,false
real_can_latency_20260710,346,after,false,request_security_seed,2701,6701135A,2103748838682,2103751935077,3.096395,positive,,false
real_can_latency_20260710,346,after,false,send_security_key,2702B600,6702,2103778166890,2103781212790,3.045900,positive,,false
real_can_latency_20260710,346,after,false,read_target_before,221234,621234,2103807529668,2103810480166,2.950498,positive,,false
real_can_latency_20260710,346,after,false,write_target,2E1234015A,7F2E31,2103836746619,2103839780087,3.033468,negative,0x31,false
real_can_latency_20260710,346,after,false,read_target_after,221234,621234,2103865997722,2103869129457,3.131735,positive,,false
real_can_latency_20260710,347,after,false,session_reset,1001,500100321388,2103895468824,2103898401931,2.933107,positive,,false
real_can_latency_20260710,347,after,false,enter_extended_session,1003,500300321388,2103924637165,2103927650869,3.013704,positive,,false
real_can_latency_20260710,347,after,false,request_security_seed,2701,6701135B,2103953880307,2103956946111,3.065804,positive,,false
real_can_latency_20260710,347,after,false,send_security_key,2702B601,6702,2103983173524,2103986309030,3.135506,positive,,false
real_can_latency_20260710,347,after,false,read_target_before,221234,621234,2104012544265,2104015484566,2.940301,positive,,false
real_can_latency_20260710,347,after,false,write_target,2E1234015B,7F2E31,2104041679433,2104044076093,2.396660,negative,0x31,false
real_can_latency_20260710,347,after,false,read_target_after,221234,621234,2104070320058,2104073151407,2.831349,positive,,false
real_can_latency_20260710,348,after,false,session_reset,1001,500100321388,2104099553702,2104102455380,2.901678,positive,,false
real_can_latency_20260710,348,after,false,enter_extended_session,1003,500300321388,2104128770374,2104131795182,3.024808,positive,,false
real_can_latency_20260710,348,after,false,request_security_seed,2701,6701135C,2104158042849,2104161066889,3.024040,positive,,false
real_can_latency_20260710,348,after,false,send_security_key,2702B606,6702,2104187333343,2104190368208,3.034865,positive,,false
real_can_latency_20260710,348,after,false,read_target_before,221234,621234,2104216589196,2104219640474,3.051278,positive,,false
real_can_latency_20260710,348,after,false,write_target,2E1234015C,7F2E31,2104245855455,2104248957368,3.101913,negative,0x31,false
real_can_latency_20260710,348,after,false,read_target_after,221234,621234,2104275153701,2104278282223,3.128522,positive,,false
real_can_latency_20260710,349,after,false,session_reset,1001,500100321388,2104304675858,2104307751440,3.075582,positive,,false
real_can_latency_20260710,349,after,false,enter_extended_session,1003,500300321388,2104333968168,2104336895687,2.927519,positive,,false
real_can_latency_20260710,349,after,false,request_security_seed,2701,6701135D,2104363146148,2104366187858,3.041710,positive,,false
real_can_latency_20260710,349,after,false,send_security_key,2702B607,6702,2104392429658,2104395479329,3.049671,positive,,false
real_can_latency_20260710,349,after,false,read_target_before,221234,621234,2104421707720,2104424769055,3.061335,positive,,false
real_can_latency_20260710,349,after,false,write_target,2E1234015D,7F2E31,2104451035998,2104454146850,3.110852,negative,0x31,false
real_can_latency_20260710,349,after,false,read_target_after,221234,621234,2104480381527,2104483351929,2.970402,positive,,false
real_can_latency_20260710,350,after,false,session_reset,1001,500100321388,2104509704567,2104512648569,2.944002,positive,,false
real_can_latency_20260710,350,after,false,enter_extended_session,1003,500300321388,2104538885410,2104541961622,3.076212,positive,,false
real_can_latency_20260710,350,after,false,request_security_seed,2701,6701135E,2104568140216,2104571228021,3.087805,positive,,false
real_can_latency_20260710,350,after,false,send_security_key,2702B604,6702,2104597482951,2104600497143,3.014192,positive,,false
real_can_latency_20260710,350,after,false,read_target_before,221234,621234,2104626718410,2104629818577,3.100167,positive,,false
real_can_latency_20260710,350,after,false,write_target,2E1234015E,7F2E31,2104656074066,2104659173674,3.099608,negative,0x31,false
real_can_latency_20260710,350,after,false,read_target_after,221234,621234,2104685398922,2104688436092,3.037170,positive,,false
real_can_latency_20260710,351,after,false,session_reset,1001,500100321388,2104714927713,2104717695925,2.768212,positive,,false
real_can_latency_20260710,351,after,false,enter_extended_session,1003,500300321388,2104743949738,2104746997175,3.047437,positive,,false
real_can_latency_20260710,351,after,false,request_security_seed,2701,6701135F,2104773264956,2104776338374,3.073418,positive,,false
real_can_latency_20260710,351,after,false,send_security_key,2702B605,6702,2104802604269,2104805616645,3.012376,positive,,false
real_can_latency_20260710,351,after,false,read_target_before,221234,621234,2104831894414,2104834956866,3.062452,positive,,false
real_can_latency_20260710,351,after,false,write_target,2E1234015F,7F2E31,2104861171708,2104864209646,3.037938,negative,0x31,false
real_can_latency_20260710,351,after,false,read_target_after,221234,621234,2104890427840,2104893477023,3.049183,positive,,false
real_can_latency_20260710,352,after,false,session_reset,1001,500100321388,2104919854384,2104922800971,2.946587,positive,,false
real_can_latency_20260710,352,after,false,enter_extended_session,1003,500300321388,2104949065260,2104952115001,3.049741,positive,,false
real_can_latency_20260710,352,after,false,request_security_seed,2701,67011360,2104978342903,2104981608104,3.265201,positive,,false
real_can_latency_20260710,352,after,false,send_security_key,2702B63A,6702,2105007853956,2105010690473,2.836517,positive,,false
real_can_latency_20260710,352,after,false,read_target_before,221234,621234,2105037140749,2105039977825,2.837076,positive,,false
real_can_latency_20260710,352,after,false,write_target,2E12340160,7F2E31,2105066236876,2105069303170,3.066294,negative,0x31,false
real_can_latency_20260710,352,after,false,read_target_after,221234,621234,2105095532400,2105098592687,3.060287,positive,,false
real_can_latency_20260710,353,after,false,session_reset,1001,500100321388,2105124931078,2105127854198,2.923120,positive,,false
real_can_latency_20260710,353,after,false,enter_extended_session,1003,500300321388,2105154044247,2105157195467,3.151220,positive,,false
real_can_latency_20260710,353,after,false,request_security_seed,2701,67011361,2105183438246,2105186462845,3.024599,positive,,false
real_can_latency_20260710,353,after,false,send_security_key,2702B63B,6702,2105212694379,2105215795523,3.101144,positive,,false
real_can_latency_20260710,353,after,false,read_target_before,221234,621234,2105242022239,2105245127853,3.105614,positive,,false
real_can_latency_20260710,353,after,false,write_target,2E12340161,7F2E31,2105271336200,2105274374138,3.037938,negative,0x31,false
real_can_latency_20260710,353,after,false,read_target_after,221234,621234,2105300581647,2105303664214,3.082567,positive,,false
real_can_latency_20260710,354,after,false,session_reset,1001,500100321388,2105330016154,2105332963369,2.947215,positive,,false
real_can_latency_20260710,354,after,false,enter_extended_session,1003,500300321388,2105359176116,2105362272581,3.096465,positive,,false
real_can_latency_20260710,354,after,false,request_security_seed,2701,67011362,2105388505442,2105391526270,3.020828,positive,,false
real_can_latency_20260710,354,after,false,send_security_key,2702B638,6702,2105417734128,2105420844282,3.110154,positive,,false
real_can_latency_20260710,354,after,false,read_target_before,221234,621234,2105447041664,2105450139735,3.098071,positive,,false
real_can_latency_20260710,354,after,false,write_target,2E12340162,7F2E31,2105476371340,2105479467386,3.096046,negative,0x31,false
real_can_latency_20260710,354,after,false,read_target_after,221234,621234,2105505662114,2105508946800,3.284686,positive,,false
real_can_latency_20260710,355,after,false,session_reset,1001,500100321388,2105535323883,2105538050261,2.726378,positive,,false
real_can_latency_20260710,355,after,false,enter_extended_session,1003,500300321388,2105564279840,2105567317080,3.037240,positive,,false
real_can_latency_20260710,355,after,false,request_security_seed,2701,67011363,2105593544284,2105596754659,3.210375,positive,,false
real_can_latency_20260710,355,after,false,send_security_key,2702B639,6702,2105623057012,2105625970215,2.913203,positive,,false
real_can_latency_20260710,355,after,false,read_target_before,221234,621234,2105652185755,2105655393267,3.207512,positive,,false
real_can_latency_20260710,355,after,false,write_target,2E12340163,7F2E31,2105681619145,2105684479059,2.859914,negative,0x31,false
real_can_latency_20260710,355,after,false,read_target_after,221234,621234,2105710691736,2105713797699,3.105963,positive,,false
real_can_latency_20260710,356,after,false,session_reset,1001,500100321388,2105740221575,2105743136175,2.914600,positive,,false
real_can_latency_20260710,356,after,false,enter_extended_session,1003,500300321388,2105769374833,2105772387908,3.013075,positive,,false
real_can_latency_20260710,356,after,false,request_security_seed,2701,67011364,2105798660020,2105801660523,3.000503,positive,,false
real_can_latency_20260710,356,after,false,send_security_key,2702B63E,6702,2105827923137,2105831035107,3.111970,positive,,false
real_can_latency_20260710,356,after,false,read_target_before,221234,621234,2105857288501,2105860304230,3.015729,positive,,false
real_can_latency_20260710,356,after,false,write_target,2E12340164,7F2E31,2105886579136,2105889830647,3.251511,negative,0x31,false
real_can_latency_20260710,356,after,false,read_target_after,221234,621234,2105916046467,2105918892902,2.846435,positive,,false
real_can_latency_20260710,357,after,false,session_reset,1001,500100321388,2105945269985,2105948178368,2.908383,positive,,false
real_can_latency_20260710,357,after,false,enter_extended_session,1003,500300321388,2105974430366,2105977465791,3.035425,positive,,false
real_can_latency_20260710,357,after,false,request_security_seed,2701,67011365,2106003727846,2106006813905,3.086059,positive,,false
real_can_latency_20260710,357,after,false,send_security_key,2702B63F,6702,2106033056405,2106036101677,3.045272,positive,,false
real_can_latency_20260710,357,after,false,read_target_before,221234,621234,2106062350951,2106065293976,2.943025,positive,,false
real_can_latency_20260710,357,after,false,write_target,2E12340165,7F2E31,2106091520203,2106094612827,3.092624,negative,0x31,false
real_can_latency_20260710,357,after,false,read_target_after,221234,621234,2106120849740,2106123994884,3.145144,positive,,false
real_can_latency_20260710,358,after,false,session_reset,1001,500100321388,2106150381256,2106153281748,2.900492,positive,,false
real_can_latency_20260710,358,after,false,enter_extended_session,1003,500300321388,2106179536470,2106182561907,3.025437,positive,,false
real_can_latency_20260710,358,after,false,request_security_seed,2701,67011366,2106208767950,2106211890186,3.122236,positive,,false
real_can_latency_20260710,358,after,false,send_security_key,2702B63C,6702,2106238136248,2106241161475,3.025227,positive,,false
real_can_latency_20260710,358,after,false,read_target_before,221234,621234,2106267366192,2106270469780,3.103588,positive,,false
real_can_latency_20260710,358,after,false,write_target,2E12340166,7F2E31,2106296717937,2106299758530,3.040593,negative,0x31,false
real_can_latency_20260710,358,after,false,read_target_after,221234,621234,2106326024287,2106329163634,3.139347,positive,,false
real_can_latency_20260710,359,after,false,session_reset,1001,500100321388,2106355525423,2106358322969,2.797546,positive,,false
real_can_latency_20260710,359,after,false,enter_extended_session,1003,500300321388,2106384756274,2106387645661,2.889387,positive,,false
real_can_latency_20260710,359,after,false,request_security_seed,2701,67011367,2106413885577,2106416950125,3.064548,positive,,false
real_can_latency_20260710,359,after,false,send_security_key,2702B63D,6702,2106443225869,2106446187890,2.962021,positive,,false
real_can_latency_20260710,359,after,false,read_target_before,221234,621234,2106472398403,2106475513306,3.114903,positive,,false
real_can_latency_20260710,359,after,false,write_target,2E12340167,7F2E31,2106501711038,2106504878043,3.167005,negative,0x31,false
real_can_latency_20260710,359,after,false,read_target_after,221234,621234,2106531148130,2106534159180,3.011050,positive,,false
real_can_latency_20260710,360,after,false,session_reset,1001,500100321388,2106560530257,2106563431307,2.901050,positive,,false
real_can_latency_20260710,360,after,false,enter_extended_session,1003,500300321388,2106589700137,2106592684368,2.984231,positive,,false
real_can_latency_20260710,360,after,false,request_security_seed,2701,67011368,2106618887268,2106621978425,3.091157,positive,,false
real_can_latency_20260710,360,after,false,send_security_key,2702B632,6702,2106648155973,2106651322070,3.166097,positive,,false
real_can_latency_20260710,360,after,false,read_target_before,221234,621234,2106677611642,2106680653701,3.042059,positive,,false
real_can_latency_20260710,360,after,false,write_target,2E12340168,7F2E31,2106706893478,2106710066838,3.173360,negative,0x31,false
real_can_latency_20260710,360,after,false,read_target_after,221234,621234,2106736270506,2106739200820,2.930314,positive,,false
real_can_latency_20260710,361,after,false,session_reset,1001,500100321388,2106765528805,2106768504515,2.975710,positive,,false
real_can_latency_20260710,361,after,false,enter_extended_session,1003,500300321388,2106794722152,2106797844109,3.121957,positive,,false
real_can_latency_20260710,361,after,false,request_security_seed,2701,67011369,2106824101694,2106827081665,2.979971,positive,,false
real_can_latency_20260710,361,after,false,send_security_key,2702B633,6702,2106853332825,2106856397164,3.064339,positive,,false
real_can_latency_20260710,361,after,false,read_target_before,221234,621234,2106882645949,2106885675437,3.029488,positive,,false
real_can_latency_20260710,361,after,false,write_target,2E12340169,7F2E31,2106912221396,2106915042059,2.820663,negative,0x31,false
real_can_latency_20260710,361,after,false,read_target_after,221234,621234,2106941290286,2106944304758,3.014472,positive,,false
real_can_latency_20260710,362,after,false,session_reset,1001,500100321388,2106970727867,2106973792903,3.065036,positive,,false
real_can_latency_20260710,362,after,false,enter_extended_session,1003,500300321388,2107000048255,2107002954194,2.905939,positive,,false
real_can_latency_20260710,362,after,false,request_security_seed,2701,6701136A,2107029203888,2107032180786,2.976898,positive,,false
real_can_latency_20260710,362,after,false,send_security_key,2702B630,6702,2107058821240,2107061488184,2.666944,positive,,false
real_can_latency_20260710,362,after,false,read_target_before,221234,621234,2107087719789,2107090787271,3.067482,positive,,false
real_can_latency_20260710,362,after,false,write_target,2E1234016A,7F2E31,2107117036197,2107120128960,3.092763,negative,0x31,false
real_can_latency_20260710,362,after,false,read_target_after,221234,621234,2107146362521,2107149330340,2.967819,positive,,false
real_can_latency_20260710,363,after,false,session_reset,1001,500100321388,2107175711055,2107178667629,2.956574,positive,,false
real_can_latency_20260710,363,after,false,enter_extended_session,1003,500300321388,2107204916346,2107207972094,3.055748,positive,,false
real_can_latency_20260710,363,after,false,request_security_seed,2701,6701136B,2107234181560,2107237460868,3.279308,positive,,false
real_can_latency_20260710,363,after,false,send_security_key,2702B631,6702,2107263728093,2107266563213,2.835120,positive,,false
real_can_latency_20260710,363,after,false,read_target_before,221234,621234,2107292771282,2107295891633,3.120351,positive,,false
real_can_latency_20260710,363,after,false,write_target,2E1234016B,7F2E31,2107322138673,2107325207551,3.068878,negative,0x31,false
real_can_latency_20260710,363,after,false,read_target_after,221234,621234,2107351444255,2107354455794,3.011539,positive,,false
real_can_latency_20260710,364,after,false,session_reset,1001,500100321388,2107380960966,2107383755230,2.794264,positive,,false
real_can_latency_20260710,364,after,false,enter_extended_session,1003,500300321388,2107409971890,2107413024425,3.052535,positive,,false
real_can_latency_20260710,364,after,false,request_security_seed,2701,6701136C,2107439279287,2107442341251,3.061964,positive,,false
real_can_latency_20260710,364,after,false,send_security_key,2702B636,6702,2107468578863,2107471654795,3.075932,positive,,false
real_can_latency_20260710,364,after,false,read_target_before,221234,621234,2107497921740,2107500882574,2.960834,positive,,false
real_can_latency_20260710,364,after,false,write_target,2E1234016C,7F2E31,2107527116624,2107530604757,3.488133,negative,0x31,false
real_can_latency_20260710,364,after,false,read_target_after,221234,621234,2107556863880,2107559498697,2.634817,positive,,false
real_can_latency_20260710,365,after,false,session_reset,1001,500100321388,2107585901901,2107588815383,2.913482,positive,,false
real_can_latency_20260710,365,after,false,enter_extended_session,1003,500300321388,2107615050830,2107618147225,3.096395,positive,,false
real_can_latency_20260710,365,after,false,request_security_seed,2701,6701136D,2107644413961,2107647445614,3.031653,positive,,false
real_can_latency_20260710,365,after,false,send_security_key,2702B637,6702,2107673705575,2107676739043,3.033468,positive,,false
real_can_latency_20260710,365,after,false,read_target_before,221234,621234,2107703165644,2107706039876,2.874232,positive,,false
real_can_latency_20260710,365,after,false,write_target,2E1234016D,7F2E31,2107732298161,2107735356912,3.058751,negative,0x31,false
real_can_latency_20260710,365,after,false,read_target_after,221234,621234,2107761609330,2107764640843,3.031513,positive,,false
real_can_latency_20260710,366,after,false,session_reset,1001,500100321388,2107791023305,2107793885105,2.861800,positive,,false
real_can_latency_20260710,366,after,false,enter_extended_session,1003,500300321388,2107820167694,2107823243207,3.075513,positive,,false
real_can_latency_20260710,366,after,false,request_security_seed,2701,6701136E,2107849481517,2107852492567,3.011050,positive,,false
real_can_latency_20260710,366,after,false,send_security_key,2702B634,6702,2107878735557,2107881831114,3.095557,positive,,false
real_can_latency_20260710,366,after,false,read_target_before,221234,621234,2107908097151,2107911192778,3.095627,positive,,false
real_can_latency_20260710,366,after,false,write_target,2E1234016E,7F2E31,2107937436955,2107940426843,2.989888,negative,0x31,false
real_can_latency_20260710,366,after,false,read_target_after,221234,621234,2107966652931,2107969672083,3.019152,positive,,false
real_can_latency_20260710,367,after,false,session_reset,1001,500100321388,2107996050075,2107999041709,2.991634,positive,,false
real_can_latency_20260710,367,after,false,enter_extended_session,1003,500300321388,2108025294966,2108028286740,2.991774,positive,,false
real_can_latency_20260710,367,after,false,request_security_seed,2701,6701136F,2108054522606,2108057582056,3.059450,positive,,false
real_can_latency_20260710,367,after,false,send_security_key,2702B635,6702,2108083807726,2108086900769,3.093043,positive,,false
real_can_latency_20260710,367,after,false,read_target_before,221234,621234,2108113100597,2108116111368,3.010771,positive,,false
real_can_latency_20260710,367,after,false,write_target,2E1234016F,7F2E31,2108142396053,2108145514658,3.118605,negative,0x31,false
real_can_latency_20260710,367,after,false,read_target_after,221234,621234,2108171743610,2108174737759,2.994149,positive,,false
real_can_latency_20260710,368,after,false,session_reset,1001,500100321388,2108201154722,2108204262153,3.107431,positive,,false
real_can_latency_20260710,368,after,false,enter_extended_session,1003,500300321388,2108230482165,2108233323432,2.841267,positive,,false
real_can_latency_20260710,368,after,false,request_security_seed,2701,67011370,2108259562930,2108262673643,3.110713,positive,,false
real_can_latency_20260710,368,after,false,send_security_key,2702B62A,6702,2108288892748,2108292034121,3.141373,positive,,false
real_can_latency_20260710,368,after,false,read_target_before,221234,621234,2108318243657,2108321252751,3.009094,positive,,false
real_can_latency_20260710,368,after,false,write_target,2E12340170,7F2E31,2108347467107,2108350522925,3.055818,negative,0x31,false
real_can_latency_20260710,368,after,false,read_target_after,221234,621234,2108376734766,2108379907078,3.172312,positive,,false
real_can_latency_20260710,369,after,false,session_reset,1001,500100321388,2108406451572,2108409100776,2.649204,positive,,false
real_can_latency_20260710,369,after,false,enter_extended_session,1003,500300321388,2108435353055,2108438461393,3.108338,positive,,false
real_can_latency_20260710,369,after,false,request_security_seed,2701,67011371,2108464665692,2108467831718,3.166026,positive,,false
real_can_latency_20260710,369,after,false,send_security_key,2702B62B,6702,2108494041604,2108497039943,2.998339,positive,,false
real_can_latency_20260710,369,after,false,read_target_before,221234,621234,2108523259117,2108526327996,3.068879,positive,,false
real_can_latency_20260710,369,after,false,write_target,2E12340171,7F2E31,2108552580833,2108555662981,3.082148,negative,0x31,false
real_can_latency_20260710,369,after,false,read_target_after,221234,621234,2108581951438,2108584933643,2.982205,positive,,false
real_can_latency_20260710,370,after,false,session_reset,1001,500100321388,2108611305350,2108614202769,2.897419,positive,,false
real_can_latency_20260710,370,after,false,enter_extended_session,1003,500300321388,2108640420617,2108643482301,3.061684,positive,,false
real_can_latency_20260710,370,after,false,request_security_seed,2701,67011372,2108669718447,2108672830138,3.111691,positive,,false
real_can_latency_20260710,370,after,false,send_security_key,2702B628,6702,2108699139337,2108702140330,3.000993,positive,,false
real_can_latency_20260710,370,after,false,read_target_before,221234,621234,2108728352171,2108731690635,3.338464,positive,,false
real_can_latency_20260710,370,after,false,write_target,2E12340172,7F2E31,2108757944870,2108760673483,2.728613,negative,0x31,false
real_can_latency_20260710,370,after,false,read_target_after,221234,621234,2108786915146,2108790035078,3.119932,positive,,false
real_can_latency_20260710,371,after,false,session_reset,1001,500100321388,2108816428296,2108819304483,2.876187,positive,,false
real_can_latency_20260710,371,after,false,enter_extended_session,1003,500300321388,2108845528896,2108848590720,3.061824,positive,,false
real_can_latency_20260710,371,after,false,request_security_seed,2701,67011373,2108874799837,2108877904474,3.104637,positive,,false
real_can_latency_20260710,371,after,false,send_security_key,2702B629,6702,2108904134893,2108907138679,3.003786,positive,,false
real_can_latency_20260710,371,after,false,read_target_before,221234,621234,2108933365396,2108936483792,3.118396,positive,,false
real_can_latency_20260710,371,after,false,write_target,2E12340173,7F2E31,2108962723290,2108965821641,3.098351,negative,0x31,false
real_can_latency_20260710,371,after,false,read_target_after,221234,621234,2108992040537,2108995298544,3.258007,positive,,false
real_can_latency_20260710,372,after,false,session_reset,1001,500100321388,2109021637427,2109024309679,2.672252,positive,,false
real_can_latency_20260710,372,after,false,enter_extended_session,1003,500300321388,2109050550993,2109053681820,3.130827,positive,,false
real_can_latency_20260710,372,after,false,request_security_seed,2701,67011374,2109079905745,2109082972248,3.066503,positive,,false
real_can_latency_20260710,372,after,false,send_security_key,2702B62E,6702,2109109190446,2109112237254,3.046808,positive,,false
real_can_latency_20260710,372,after,false,read_target_before,221234,621234,2109138457547,2109141545142,3.087595,positive,,false
real_can_latency_20260710,372,after,false,write_target,2E12340174,7F2E31,2109167767251,2109170889697,3.122446,negative,0x31,false
real_can_latency_20260710,372,after,false,read_target_after,221234,621234,2109197137856,2109200154214,3.016358,positive,,false
real_can_latency_20260710,373,after,false,session_reset,1001,500100321388,2109226479268,2109229444502,2.965234,positive,,false
real_can_latency_20260710,373,after,false,enter_extended_session,1003,500300321388,2109255725137,2109258953672,3.228535,positive,,false
real_can_latency_20260710,373,after,false,request_security_seed,2701,67011375,2109285132619,2109288078228,2.945609,positive,,false
real_can_latency_20260710,373,after,false,send_security_key,2702B62F,6702,2109314336933,2109317336669,2.999736,positive,,false
real_can_latency_20260710,373,after,false,read_target_before,221234,621234,2109343595094,2109346657966,3.062872,positive,,false
real_can_latency_20260710,373,after,false,write_target,2E12340175,7F2E31,2109372881122,2109375991416,3.110294,negative,0x31,false
real_can_latency_20260710,373,after,false,read_target_after,221234,621234,2109402230566,2109405273044,3.042478,positive,,false
real_can_latency_20260710,374,after,false,session_reset,1001,500100321388,2109431684491,2109434531625,2.847134,positive,,false
real_can_latency_20260710,374,after,false,enter_extended_session,1003,500300321388,2109460753803,2109463894198,3.140395,positive,,false
real_can_latency_20260710,374,after,false,request_security_seed,2701,67011376,2109490138097,2109493145725,3.007628,positive,,false
real_can_latency_20260710,374,after,false,send_security_key,2702B62C,6702,2109519386201,2109522424000,3.037799,positive,,false
real_can_latency_20260710,374,after,false,read_target_before,221234,621234,2109548661404,2109551758358,3.096954,positive,,false
real_can_latency_20260710,374,after,false,write_target,2E12340176,7F2E31,2109578025794,2109581052767,3.026973,negative,0x31,false
real_can_latency_20260710,374,after,false,read_target_after,221234,621234,2109607278438,2109610314910,3.036472,positive,,false
real_can_latency_20260710,375,after,false,session_reset,1001,500100321388,2109636690878,2109639811438,3.120560,positive,,false
real_can_latency_20260710,375,after,false,enter_extended_session,1003,500300321388,2109666038226,2109668889689,2.851463,positive,,false
real_can_latency_20260710,375,after,false,request_security_seed,2701,67011377,2109695146020,2109698201349,3.055329,positive,,false
real_can_latency_20260710,375,after,false,send_security_key,2702B62D,6702,2109724453419,2109727504488,3.051069,positive,,false
real_can_latency_20260710,375,after,false,read_target_before,221234,621234,2109753779256,2109756978597,3.199341,positive,,false
real_can_latency_20260710,375,after,false,write_target,2E12340177,7F2E31,2109783127862,2109786111814,2.983952,negative,0x31,false
real_can_latency_20260710,375,after,false,read_target_after,221234,621234,2109812321840,2109815387156,3.065316,positive,,false
real_can_latency_20260710,376,after,false,session_reset,1001,500100321388,2109841762984,2109844663755,2.900771,positive,,false
real_can_latency_20260710,376,after,false,enter_extended_session,1003,500300321388,2109870928816,2109873964310,3.035494,positive,,false
real_can_latency_20260710,376,after,false,request_security_seed,2701,67011378,2109900202552,2109903369138,3.166586,positive,,false
real_can_latency_20260710,376,after,false,send_security_key,2702B622,6702,2109929602979,2109932666899,3.063920,positive,,false
real_can_latency_20260710,376,after,false,read_target_before,221234,621234,2109958886004,2109961893422,3.007418,positive,,false
real_can_latency_20260710,376,after,false,write_target,2E12340178,7F2E31,2109988161417,2109991223870,3.062453,negative,0x31,false
real_can_latency_20260710,376,after,false,read_target_after,221234,621234,2110017458411,2110020428325,2.969914,positive,,false
real_can_latency_20260710,377,after,false,session_reset,1001,500100321388,2110046811557,2110049736283,2.924726,positive,,false
real_can_latency_20260710,377,after,false,enter_extended_session,1003,500300321388,2110075990100,2110079162413,3.172313,positive,,false
real_can_latency_20260710,377,after,false,request_security_seed,2701,67011379,2110105393392,2110108329293,2.935901,positive,,false
real_can_latency_20260710,377,after,false,send_security_key,2702B623,6702,2110134607065,2110137666795,3.059730,positive,,false
real_can_latency_20260710,377,after,false,read_target_before,221234,621234,2110163856707,2110166910151,3.053444,positive,,false
real_can_latency_20260710,377,after,false,write_target,2E12340179,7F2E31,2110193177796,2110196464089,3.286293,negative,0x31,false
real_can_latency_20260710,377,after,false,read_target_after,221234,621234,2110222690877,2110225479764,2.788887,positive,,false
real_can_latency_20260710,378,after,false,session_reset,1001,500100321388,2110252034525,2110254894300,2.859775,positive,,false
real_can_latency_20260710,378,after,false,enter_extended_session,1003,500300321388,2110281208389,2110284167408,2.959019,positive,,false
real_can_latency_20260710,378,after,false,request_security_seed,2701,6701137A,2110310416545,2110313462376,3.045831,positive,,false
real_can_latency_20260710,378,after,false,send_security_key,2702B620,6702,2110339724923,2110342948708,3.223785,positive,,false
real_can_latency_20260710,378,after,false,read_target_before,221234,621234,2110369168373,2110372067887,2.899514,positive,,false
real_can_latency_20260710,378,after,false,write_target,2E1234017A,7F2E31,2110398290695,2110401353218,3.062523,negative,0x31,false
real_can_latency_20260710,378,after,false,read_target_after,221234,621234,2110427599981,2110430644764,3.044783,positive,,false
real_can_latency_20260710,379,after,false,session_reset,1001,500100321388,2110457059494,2110460124461,3.064967,positive,,false
real_can_latency_20260710,379,after,false,enter_extended_session,1003,500300321388,2110486317936,2110489159691,2.841755,positive,,false
real_can_latency_20260710,379,after,false,request_security_seed,2701,6701137B,2110515354842,2110518472749,3.117907,positive,,false
real_can_latency_20260710,379,after,false,send_security_key,2702B621,6702,2110544715950,2110547901323,3.185373,positive,,false
real_can_latency_20260710,379,after,false,read_target_before,221234,621234,2110574162263,2110577111923,2.949660,positive,,false
real_can_latency_20260710,379,after,false,write_target,2E1234017B,7F2E31,2110603332496,2110606390200,3.057704,negative,0x31,false
real_can_latency_20260710,379,after,false,read_target_after,221234,621234,2110632579274,2110635653320,3.074046,positive,,false
real_can_latency_20260710,380,after,false,session_reset,1001,500100321388,2110662229034,2110664931108,2.702074,positive,,false
real_can_latency_20260710,380,after,false,enter_extended_session,1003,500300321388,2110691165649,2110694303600,3.137951,positive,,false
real_can_latency_20260710,380,after,false,request_security_seed,2701,6701137C,2110720550153,2110723615679,3.065526,positive,,false
real_can_latency_20260710,380,after,false,send_security_key,2702B626,6702,2110749863629,2110752909111,3.045482,positive,,false
real_can_latency_20260710,380,after,false,read_target_before,221234,621234,2110779177175,2110782175095,2.997920,positive,,false
real_can_latency_20260710,380,after,false,write_target,2E1234017C,7F2E31,2110808430938,2110811526495,3.095557,negative,0x31,false
real_can_latency_20260710,380,after,false,read_target_after,221234,621234,2110837781220,2110840801978,3.020758,positive,,false
real_can_latency_20260710,381,after,false,session_reset,1001,500100321388,2110867197502,2110870105397,2.907895,positive,,false
real_can_latency_20260710,381,after,false,enter_extended_session,1003,500300321388,2110896353557,2110899395616,3.042059,positive,,false
real_can_latency_20260710,381,after,false,request_security_seed,2701,6701137D,2110925614303,2110928674172,3.059869,positive,,false
real_can_latency_20260710,381,after,false,send_security_key,2702B627,6702,2110954909900,2110957986810,3.076910,positive,,false
real_can_latency_20260710,381,after,false,read_target_before,221234,621234,2110984258647,2110987289322,3.030675,positive,,false
real_can_latency_20260710,381,after,false,write_target,2E1234017D,7F2E31,2111013502213,2111016563199,3.060986,negative,0x31,false
real_can_latency_20260710,381,after,false,read_target_after,221234,621234,2111042791176,2111045874162,3.082986,positive,,false
real_can_latency_20260710,382,after,false,session_reset,1001,500100321388,2111072358035,2111075219626,2.861591,positive,,false
real_can_latency_20260710,382,after,false,enter_extended_session,1003,500300321388,2111101527011,2111104476741,2.949730,positive,,false
real_can_latency_20260710,382,after,false,request_security_seed,2701,6701137E,2111130717568,2111133977112,3.259544,positive,,false
real_can_latency_20260710,382,after,false,send_security_key,2702B624,6702,2111160164721,2111163055924,2.891203,positive,,false
real_can_latency_20260710,382,after,false,read_target_before,221234,621234,2111189293748,2111192310525,3.016777,positive,,false
real_can_latency_20260710,382,after,false,write_target,2E1234017E,7F2E31,2111218574889,2111221699151,3.124262,negative,0x31,false
real_can_latency_20260710,382,after,false,read_target_after,221234,621234,2111247949476,2111250964577,3.015101,positive,,false
real_can_latency_20260710,383,after,false,session_reset,1001,500100321388,2111277331467,2111280223788,2.892321,positive,,false
real_can_latency_20260710,383,after,false,enter_extended_session,1003,500300321388,2111306448552,2111309536357,3.087805,positive,,false
real_can_latency_20260710,383,after,false,request_security_seed,2701,6701137F,2111335755464,2111338934411,3.178947,positive,,false
real_can_latency_20260710,383,after,false,send_security_key,2702B625,6702,2111365175937,2111368166035,2.990098,positive,,false
real_can_latency_20260710,383,after,false,read_target_before,221234,621234,2111394400995,2111397516876,3.115881,positive,,false
real_can_latency_20260710,383,after,false,write_target,2E1234017F,7F2E31,2111423733050,2111426701567,2.968517,negative,0x31,false
real_can_latency_20260710,383,after,false,read_target_after,221234,621234,2111452951962,2111456027685,3.075723,positive,,false
real_can_latency_20260710,384,after,false,session_reset,1001,500100321388,2111482389826,2111485346121,2.956295,positive,,false
real_can_latency_20260710,384,after,false,enter_extended_session,1003,500300321388,2111511609227,2111514640601,3.031374,positive,,false
real_can_latency_20260710,384,after,false,request_security_seed,2701,67011380,2111540895606,2111544209835,3.314229,positive,,false
real_can_latency_20260710,384,after,false,send_security_key,2702B6DA,6702,2111570446123,2111573210565,2.764442,positive,,false
real_can_latency_20260710,384,after,false,read_target_before,221234,621234,2111599428763,2111602510911,3.082148,positive,,false
real_can_latency_20260710,384,after,false,write_target,2E12340180,7F2E31,2111628758443,2111631948565,3.190122,negative,0x31,false
real_can_latency_20260710,384,after,false,read_target_after,221234,621234,2111658200567,2111661134653,2.934086,positive,,false
real_can_latency_20260710,385,after,false,session_reset,1001,500100321388,2111687597504,2111690395889,2.798385,positive,,false
real_can_latency_20260710,385,after,false,enter_extended_session,1003,500300321388,2111716612621,2111719708248,3.095627,positive,,false
real_can_latency_20260710,385,after,false,request_security_seed,2701,67011381,2111745952917,2111748993160,3.040243,positive,,false
real_can_latency_20260710,385,after,false,send_security_key,2702B6DB,6702,2111775258013,2111778266688,3.008675,positive,,false
real_can_latency_20260710,385,after,false,read_target_before,221234,621234,2111804516106,2111807605517,3.089411,positive,,false
real_can_latency_20260710,385,after,false,write_target,2E12340181,7F2E31,2111833841386,2111836861585,3.020199,negative,0x31,false
real_can_latency_20260710,385,after,false,read_target_after,221234,621234,2111863053803,2111866214173,3.160370,positive,,false
real_can_latency_20260710,386,after,false,session_reset,1001,500100321388,2111892572612,2111895497688,2.925076,positive,,false
real_can_latency_20260710,386,after,false,enter_extended_session,1003,500300321388,2111921770572,2111924800340,3.029768,positive,,false
real_can_latency_20260710,386,after,false,request_security_seed,2701,67011382,2111951030621,2111954074147,3.043526,positive,,false
real_can_latency_20260710,386,after,false,send_security_key,2702B6D8,6702,2111980353108,2111983326723,2.973615,positive,,false
real_can_latency_20260710,386,after,false,read_target_before,221234,621234,2112009566573,2112012668347,3.101774,positive,,false
real_can_latency_20260710,386,after,false,write_target,2E12340182,7F2E31,2112038918254,2112041975679,3.057425,negative,0x31,false
real_can_latency_20260710,386,after,false,read_target_after,221234,621234,2112068246468,2112071279798,3.033330,positive,,false
real_can_latency_20260710,387,after,false,session_reset,1001,500100321388,2112097681609,2112100522107,2.840498,positive,,false
real_can_latency_20260710,387,after,false,enter_extended_session,1003,500300321388,2112126754764,2112129968492,3.213728,positive,,false
real_can_latency_20260710,387,after,false,request_security_seed,2701,67011383,2112156233136,2112159142777,2.909641,positive,,false
real_can_latency_20260710,387,after,false,send_security_key,2702B6D9,6702,2112185387237,2112188480071,3.092834,positive,,false
real_can_latency_20260710,387,after,false,read_target_before,221234,621234,2112214709095,2112217666997,2.957902,positive,,false
real_can_latency_20260710,387,after,false,write_target,2E12340183,7F2E31,2112243910897,2112247051014,3.140117,negative,0x31,false
real_can_latency_20260710,387,after,false,read_target_after,221234,621234,2112273338565,2112276367634,3.029069,positive,,false
real_can_latency_20260710,388,after,false,session_reset,1001,500100321388,2112302823293,2112305660649,2.837356,positive,,false
real_can_latency_20260710,388,after,false,enter_extended_session,1003,500300321388,2112331896308,2112334993612,3.097304,positive,,false
real_can_latency_20260710,388,after,false,request_security_seed,2701,67011384,2112361246941,2112364223071,2.976130,positive,,false
real_can_latency_20260710,388,after,false,send_security_key,2702B6DE,6702,2112390451327,2112393497368,3.046041,positive,,false
real_can_latency_20260710,388,after,false,read_target_before,221234,621234,2112419736101,2112422907436,3.171335,positive,,false
real_can_latency_20260710,388,after,false,write_target,2E12340184,7F2E31,2112449182136,2112452167694,2.985558,negative,0x31,false
real_can_latency_20260710,388,after,false,read_target_after,221234,621234,2112478392738,2112481561699,3.168961,positive,,false
real_can_latency_20260710,389,after,false,session_reset,1001,500100321388,2112507908545,2112510705603,2.797058,positive,,false
real_can_latency_20260710,389,after,false,enter_extended_session,1003,500300321388,2112537149249,2112539966630,2.817381,positive,,false
real_can_latency_20260710,389,after,false,request_security_seed,2701,67011385,2112566208505,2112569257270,3.048765,positive,,false
real_can_latency_20260710,389,after,false,send_security_key,2702B6DF,6702,2112595475958,2112598833838,3.357880,positive,,false
real_can_latency_20260710,389,after,false,read_target_before,221234,621234,2112625055529,2112627862784,2.807255,positive,,false
real_can_latency_20260710,389,after,false,write_target,2E12340185,7F2E31,2112654134551,2112657190090,3.055539,negative,0x31,false
real_can_latency_20260710,389,after,false,read_target_after,221234,621234,2112683603425,2112686507479,2.904054,positive,,false
real_can_latency_20260710,390,after,false,session_reset,1001,500100321388,2112712898744,2112715791065,2.892321,positive,,false
real_can_latency_20260710,390,after,false,enter_extended_session,1003,500300321388,2112742042718,2112745152383,3.109665,positive,,false
real_can_latency_20260710,390,after,false,request_security_seed,2701,67011386,2112771372538,2112774380655,3.008117,positive,,false
real_can_latency_20260710,390,after,false,send_security_key,2702B6DC,6702,2112800614918,2112803683238,3.068320,positive,,false
real_can_latency_20260710,390,after,false,read_target_before,221234,621234,2112829933843,2112832999160,3.065317,positive,,false
real_can_latency_20260710,390,after,false,write_target,2E12340186,7F2E31,2112859272184,2112862342041,3.069857,negative,0x31,false
real_can_latency_20260710,390,after,false,read_target_after,221234,621234,2112888555700,2112891525405,2.969705,positive,,false
real_can_latency_20260710,391,after,false,session_reset,1001,500100321388,2112917931476,2112920884419,2.952943,positive,,false
real_can_latency_20260710,391,after,false,enter_extended_session,1003,500300321388,2112947139983,2112950178760,3.038777,positive,,false
real_can_latency_20260710,391,after,false,request_security_seed,2701,67011387,2112976400522,2112979464861,3.064339,positive,,false
real_can_latency_20260710,391,after,false,send_security_key,2702B6DD,6702,2113005710718,2113008743628,3.032910,positive,,false
real_can_latency_20260710,391,after,false,read_target_before,221234,621234,2113034966996,2113038072541,3.105545,positive,,false
real_can_latency_20260710,391,after,false,write_target,2E12340187,7F2E31,2113064291929,2113067410464,3.118535,negative,0x31,false
real_can_latency_20260710,391,after,false,read_target_after,221234,621234,2113093661489,2113096636502,2.975013,positive,,false
real_can_latency_20260710,392,after,false,session_reset,1001,500100321388,2113122994523,2113125869384,2.874861,positive,,false
real_can_latency_20260710,392,after,false,enter_extended_session,1003,500300321388,2113152039952,2113155264925,3.224973,positive,,false
real_can_latency_20260710,392,after,false,request_security_seed,2701,67011388,2113181508268,2113184528468,3.020200,positive,,false
real_can_latency_20260710,392,after,false,send_security_key,2702B6D2,6702,2113210780610,2113213881895,3.101285,positive,,false
real_can_latency_20260710,392,after,false,read_target_before,221234,621234,2113240159460,2113243152002,2.992542,positive,,false
real_can_latency_20260710,392,after,false,write_target,2E12340188,7F2E31,2113269420627,2113272526661,3.106034,negative,0x31,false
real_can_latency_20260710,392,after,false,read_target_after,221234,621234,2113298739903,2113301682509,2.942606,positive,,false
real_can_latency_20260710,393,after,false,session_reset,1001,500100321388,2113328043673,2113331039498,2.995825,positive,,false
real_can_latency_20260710,393,after,false,enter_extended_session,1003,500300321388,2113357267616,2113360352069,3.084453,positive,,false
real_can_latency_20260710,393,after,false,request_security_seed,2701,67011389,2113386574040,2113389647319,3.073279,positive,,false
real_can_latency_20260710,393,after,false,send_security_key,2702B6D3,6702,2113415879836,2113419101806,3.221970,positive,,false
real_can_latency_20260710,393,after,false,read_target_before,221234,621234,2113445336698,2113448157921,2.821223,positive,,false
real_can_latency_20260710,393,after,false,write_target,2E12340189,7F2E31,2113474378216,2113477519799,3.141583,negative,0x31,false
real_can_latency_20260710,393,after,false,read_target_after,221234,621234,2113503733110,2113506856395,3.123285,positive,,false
real_can_latency_20260710,394,after,false,session_reset,1001,500100321388,2113533217280,2113536115118,2.897838,positive,,false
real_can_latency_20260710,394,after,false,enter_extended_session,1003,500300321388,2113562369426,2113565393885,3.024459,positive,,false
real_can_latency_20260710,394,after,false,request_security_seed,2701,6701138A,2113591608663,2113594685923,3.077260,positive,,false
real_can_latency_20260710,394,after,false,send_security_key,2702B6D0,6702,2113620921304,2113623950862,3.029558,positive,,false
real_can_latency_20260710,394,after,false,read_target_before,221234,621234,2113650186871,2113653296676,3.109805,positive,,false
real_can_latency_20260710,394,after,false,write_target,2E1234018A,7F2E31,2113679530451,2113682569647,3.039196,negative,0x31,false
real_can_latency_20260710,394,after,false,read_target_after,221234,621234,2113708785333,2113711896465,3.111132,positive,,false
real_can_latency_20260710,395,after,false,session_reset,1001,500100321388,2113738249179,2113741227334,2.978155,positive,,false
real_can_latency_20260710,395,after,false,enter_extended_session,1003,500300321388,2113767492537,2113770488991,2.996454,positive,,false
real_can_latency_20260710,395,after,false,request_security_seed,2701,6701138B,2113796726816,2113799765383,3.038567,positive,,false
real_can_latency_20260710,395,after,false,send_security_key,2702B6D1,6702,2113826044136,2113829063706,3.019570,positive,,false
real_can_latency_20260710,395,after,false,read_target_before,221234,621234,2113855298878,2113858349179,3.050301,positive,,false
real_can_latency_20260710,395,after,false,write_target,2E1234018B,7F2E31,2113884812520,2113887786974,2.974454,negative,0x31,false
real_can_latency_20260710,395,after,false,read_target_after,221234,621234,2113914039466,2113916927806,2.888340,positive,,false
real_can_latency_20260710,396,after,false,session_reset,1001,500100321388,2113943289529,2113946248059,2.958530,positive,,false
real_can_latency_20260710,396,after,false,enter_extended_session,1003,500300321388,2113972514240,2113975547779,3.033539,positive,,false
real_can_latency_20260710,396,after,false,request_security_seed,2701,6701138C,2114001755084,2114004858255,3.103171,positive,,false
real_can_latency_20260710,396,after,false,send_security_key,2702B6D6,6702,2114031171230,2114034169918,2.998688,positive,,false
real_can_latency_20260710,396,after,false,read_target_before,221234,621234,2114060393776,2114063674342,3.280566,positive,,false
real_can_latency_20260710,396,after,false,write_target,2E1234018C,7F2E31,2114089888004,2114092738280,2.850276,negative,0x31,false
real_can_latency_20260710,396,after,false,read_target_after,221234,621234,2114118976176,2114122046382,3.070206,positive,,false
real_can_latency_20260710,397,after,false,session_reset,1001,500100321388,2114148425845,2114151328432,2.902587,positive,,false
real_can_latency_20260710,397,after,false,enter_extended_session,1003,500300321388,2114177566538,2114180625429,3.058891,positive,,false
real_can_latency_20260710,397,after,false,request_security_seed,2701,6701138D,2114206848589,2114209987029,3.138440,positive,,false
real_can_latency_20260710,397,after,false,send_security_key,2702B6D7,6702,2114236237007,2114239159080,2.922073,positive,,false
real_can_latency_20260710,397,after,false,read_target_before,221234,621234,2114265385452,2114268486388,3.100936,positive,,false
real_can_latency_20260710,397,after,false,write_target,2E1234018D,7F2E31,2114294743350,2114297877041,3.133691,negative,0x31,false
real_can_latency_20260710,397,after,false,read_target_after,221234,621234,2114324150765,2114327128571,2.977806,positive,,false
real_can_latency_20260710,398,after,false,session_reset,1001,500100321388,2114353420873,2114356758430,3.337557,positive,,false
real_can_latency_20260710,398,after,false,enter_extended_session,1003,500300321388,2114383017278,2114385714114,2.696836,positive,,false
real_can_latency_20260710,398,after,false,request_security_seed,2701,6701138E,2114411930499,2114415018654,3.088155,positive,,false
real_can_latency_20260710,398,after,false,send_security_key,2702B6D4,6702,2114441284207,2114444337790,3.053583,positive,,false
real_can_latency_20260710,398,after,false,read_target_before,221234,621234,2114470640009,2114473615930,2.975921,positive,,false
real_can_latency_20260710,398,after,false,write_target,2E1234018E,7F2E31,2114499826169,2114502900984,3.074815,negative,0x31,false
real_can_latency_20260710,398,after,false,read_target_after,221234,621234,2114529152080,2114532227803,3.075723,positive,,false
real_can_latency_20260710,399,after,false,session_reset,1001,500100321388,2114558587710,2114561491136,2.903426,positive,,false
real_can_latency_20260710,399,after,false,enter_extended_session,1003,500300321388,2114587738460,2114590886958,3.148498,positive,,false
real_can_latency_20260710,399,after,false,request_security_seed,2701,6701138F,2114617152161,2114620310576,3.158415,positive,,false
real_can_latency_20260710,399,after,false,send_security_key,2702B6D5,6702,2114646556853,2114649369834,2.812981,positive,,false
real_can_latency_20260710,399,after,false,read_target_before,221234,621234,2114675610943,2114678677447,3.066504,positive,,false
real_can_latency_20260710,399,after,false,write_target,2E1234018F,7F2E31,2114704974358,2114707999097,3.024739,negative,0x31,false
real_can_latency_20260710,399,after,false,read_target_after,221234,621234,2114734269749,2114737286596,3.016847,positive,,false
real_can_latency_20260710,400,after,false,session_reset,1001,500100321388,2114763651043,2114766542805,2.891762,positive,,false
real_can_latency_20260710,400,after,false,enter_extended_session,1003,500300321388,2114792792435,2114795885757,3.093322,positive,,false
real_can_latency_20260710,400,after,false,request_security_seed,2701,67011390,2114822154942,2114825205872,3.050930,positive,,false
real_can_latency_20260710,400,after,false,send_security_key,2702B6CA,6702,2114851488954,2114854470462,2.981508,positive,,false
real_can_latency_20260710,400,after,false,read_target_before,221234,621234,2114880751031,2114883725764,2.974733,positive,,false
real_can_latency_20260710,400,after,false,write_target,2E12340190,7F2E31,2114909972599,2114913066760,3.094161,negative,0x31,false
real_can_latency_20260710,400,after,false,read_target_after,221234,621234,2114939282307,2114942355027,3.072720,positive,,false
real_can_latency_20260710,401,after,false,session_reset,1001,500100321388,2114968891353,2114971640849,2.749496,positive,,false
real_can_latency_20260710,401,after,false,enter_extended_session,1003,500300321388,2114997916530,2115001180055,3.263525,positive,,false
real_can_latency_20260710,401,after,false,request_security_seed,2701,67011391,2115027411456,2115030252584,2.841128,positive,,false
real_can_latency_20260710,401,after,false,send_security_key,2702B6CB,6702,2115056517230,2115059552724,3.035494,positive,,false
real_can_latency_20260710,401,after,false,read_target_before,221234,621234,2115085775046,2115088910623,3.135577,positive,,false
real_can_latency_20260710,401,after,false,write_target,2E12340191,7F2E31,2115115201808,2115118201754,2.999946,negative,0x31,false
real_can_latency_20260710,401,after,false,read_target_after,221234,621234,2115144478063,2115147442180,2.964117,positive,,false
real_can_latency_20260710,402,after,false,session_reset,1001,500100321388,2115173805790,2115176720949,2.915159,positive,,false
real_can_latency_20260710,402,after,false,enter_extended_session,1003,500300321388,2115202941805,2115206071585,3.129780,positive,,false
real_can_latency_20260710,402,after,false,request_security_seed,2701,67011392,2115232284897,2115235360411,3.075514,positive,,false
real_can_latency_20260710,402,after,false,send_security_key,2702B6C8,6702,2115261597260,2115264852893,3.255633,positive,,false
real_can_latency_20260710,402,after,false,read_target_before,221234,621234,2115291100218,2115294088919,2.988701,positive,,false
real_can_latency_20260710,402,after,false,write_target,2E12340192,7F2E31,2115320301813,2115323218368,2.916555,negative,0x31,false
real_can_latency_20260710,402,after,false,read_target_after,221234,621234,2115349429656,2115352523328,3.093672,positive,,false
real_can_latency_20260710,403,after,false,session_reset,1001,500100321388,2115378890849,2115382095987,3.205138,positive,,false
real_can_latency_20260710,403,after,false,enter_extended_session,1003,500300321388,2115408330950,2115411167329,2.836379,positive,,false
real_can_latency_20260710,403,after,false,request_security_seed,2701,67011393,2115437378337,2115440418441,3.040104,positive,,false
real_can_latency_20260710,403,after,false,send_security_key,2702B6C9,6702,2115466683226,2115469696721,3.013495,positive,,false
real_can_latency_20260710,403,after,false,read_target_before,221234,621234,2115495944116,2115499075432,3.131316,positive,,false
real_can_latency_20260710,403,after,false,write_target,2E12340193,7F2E31,2115525328624,2115528310690,2.982066,negative,0x31,false
real_can_latency_20260710,403,after,false,read_target_after,221234,621234,2115554554035,2115557817420,3.263385,positive,,false
real_can_latency_20260710,404,after,false,session_reset,1001,500100321388,2115584162522,2115586850349,2.687827,positive,,false
real_can_latency_20260710,404,after,false,enter_extended_session,1003,500300321388,2115613266689,2115616184153,2.917464,positive,,false
real_can_latency_20260710,404,after,false,request_security_seed,2701,67011394,2115642420513,2115645468300,3.047787,positive,,false
real_can_latency_20260710,404,after,false,send_security_key,2702B6CE,6702,2115671727498,2115674879208,3.151710,positive,,false
real_can_latency_20260710,404,after,false,read_target_before,221234,621234,2115701143993,2115704052237,2.908244,positive,,false
real_can_latency_20260710,404,after,false,write_target,2E12340194,7F2E31,2115730294674,2115733406155,3.111481,negative,0x31,false
real_can_latency_20260710,404,after,false,read_target_after,221234,621234,2115759652712,2115762686112,3.033400,positive,,false
real_can_latency_20260710,405,after,false,session_reset,1001,500100321388,2115789043436,2115791978639,2.935203,positive,,false
real_can_latency_20260710,405,after,false,enter_extended_session,1003,500300321388,2115818180638,2115821301408,3.120770,positive,,false
real_can_latency_20260710,405,after,false,request_security_seed,2701,67011395,2115847515768,2115850553009,3.037241,positive,,false
real_can_latency_20260710,405,after,false,send_security_key,2702B6CF,6702,2115876775680,2115879884647,3.108967,positive,,false
real_can_latency_20260710,405,after,false,read_target_before,221234,621234,2115906160607,2115909168166,3.007559,positive,,false
real_can_latency_20260710,405,after,false,write_target,2E12340195,7F2E31,2115935392094,2115938510560,3.118466,negative,0x31,false
real_can_latency_20260710,405,after,false,read_target_after,221234,621234,2115964757396,2115967729266,2.971870,positive,,false
real_can_latency_20260710,406,after,false,session_reset,1001,500100321388,2115994040845,2115997054340,3.013495,positive,,false
real_can_latency_20260710,406,after,false,enter_extended_session,1003,500300321388,2116023261996,2116026332132,3.070136,positive,,false
real_can_latency_20260710,406,after,false,request_security_seed,2701,67011396,2116052537483,2116055662514,3.125031,positive,,false
real_can_latency_20260710,406,after,false,send_security_key,2702B6CC,6702,2116081894754,2116085148432,3.253678,positive,,false
real_can_latency_20260710,406,after,false,read_target_before,221234,621234,2116111357974,2116114208739,2.850765,positive,,false
real_can_latency_20260710,406,after,false,write_target,2E12340196,7F2E31,2116140457672,2116143524176,3.066504,negative,0x31,false
real_can_latency_20260710,406,after,false,read_target_after,221234,621234,2116170070211,2116172884589,2.814378,positive,,false
real_can_latency_20260710,407,after,false,session_reset,1001,500100321388,2116199288289,2116202159518,2.871229,positive,,false
real_can_latency_20260710,407,after,false,enter_extended_session,1003,500300321388,2116228428285,2116231437799,3.009514,positive,,false
real_can_latency_20260710,407,after,false,request_security_seed,2701,67011397,2116257622477,2116260683254,3.060777,positive,,false
real_can_latency_20260710,407,after,false,send_security_key,2702B6CD,6702,2116286906764,2116290050932,3.144168,positive,,false
real_can_latency_20260710,407,after,false,read_target_before,221234,621234,2116316276048,2116319267264,2.991216,positive,,false
real_can_latency_20260710,407,after,false,write_target,2E12340197,7F2E31,2116345525694,2116348631239,3.105545,negative,0x31,false
real_can_latency_20260710,407,after,false,read_target_after,221234,621234,2116374850838,2116377868524,3.017686,positive,,false
real_can_latency_20260710,408,after,false,session_reset,1001,500100321388,2116404241703,2116407232499,2.990796,positive,,false
real_can_latency_20260710,408,after,false,enter_extended_session,1003,500300321388,2116433447070,2116436517345,3.070275,positive,,false
real_can_latency_20260710,408,after,false,request_security_seed,2701,67011398,2116462780804,2116466082393,3.301589,positive,,false
real_can_latency_20260710,408,after,false,send_security_key,2702B6C2,6702,2116492364220,2116495299982,2.935762,positive,,false
real_can_latency_20260710,408,after,false,read_target_before,221234,621234,2116521543885,2116524358264,2.814379,positive,,false
real_can_latency_20260710,408,after,false,write_target,2E12340198,7F2E31,2116550609990,2116553716932,3.106942,negative,0x31,false
real_can_latency_20260710,408,after,false,read_target_after,221234,621234,2116579944073,2116583024755,3.080682,positive,,false
real_can_latency_20260710,409,after,false,session_reset,1001,500100321388,2116609413229,2116612282573,2.869344,positive,,false
real_can_latency_20260710,409,after,false,enter_extended_session,1003,500300321388,2116638508946,2116641631742,3.122796,positive,,false
real_can_latency_20260710,409,after,false,request_security_seed,2701,67011399,2116667846382,2116670885788,3.039406,positive,,false
real_can_latency_20260710,409,after,false,send_security_key,2702B6C3,6702,2116697157069,2116700245853,3.088784,positive,,false
real_can_latency_20260710,409,after,false,read_target_before,221234,621234,2116726496950,2116729470985,2.974035,positive,,false
real_can_latency_20260710,409,after,false,write_target,2E12340199,7F2E31,2116755713422,2116758961442,3.248020,negative,0x31,false
real_can_latency_20260710,409,after,false,read_target_after,221234,621234,2116785155759,2116788061908,2.906149,positive,,false
real_can_latency_20260710,410,after,false,session_reset,1001,500100321388,2116814418675,2116817359535,2.940860,positive,,false
real_can_latency_20260710,410,after,false,enter_extended_session,1003,500300321388,2116843628721,2116846664705,3.035984,positive,,false
real_can_latency_20260710,410,after,false,request_security_seed,2701,6701139A,2116872873897,2116875951646,3.077749,positive,,false
real_can_latency_20260710,410,after,false,send_security_key,2702B6C0,6702,2116902157905,2116905224619,3.066714,positive,,false
real_can_latency_20260710,410,after,false,read_target_before,221234,621234,2116931437373,2116934561217,3.123844,positive,,false
real_can_latency_20260710,410,after,false,write_target,2E1234019A,7F2E31,2116960830891,2116963875466,3.044575,negative,0x31,false
real_can_latency_20260710,410,after,false,read_target_after,221234,621234,2116990152754,2116993166039,3.013285,positive,,false
real_can_latency_20260710,411,after,false,session_reset,1001,500100321388,2117019525879,2117022444810,2.918931,positive,,false
real_can_latency_20260710,411,after,false,enter_extended_session,1003,500300321388,2117048664200,2117051708844,3.044644,positive,,false
real_can_latency_20260710,411,after,false,request_security_seed,2701,6701139B,2117077942412,2117081052217,3.109805,positive,,false
real_can_latency_20260710,411,after,false,send_security_key,2702B6C1,6702,2117107626399,2117110364372,2.737973,positive,,false
real_can_latency_20260710,411,after,false,read_target_before,221234,621234,2117136631114,2117139651593,3.020479,positive,,false
real_can_latency_20260710,411,after,false,write_target,2E1234019B,7F2E31,2117165862951,2117168944122,3.081171,negative,0x31,false
real_can_latency_20260710,411,after,false,read_target_after,221234,621234,2117195186140,2117198205572,3.019432,positive,,false
real_can_latency_20260710,412,after,false,session_reset,1001,500100321388,2117224579171,2117227505225,2.926054,positive,,false
real_can_latency_20260710,412,after,false,enter_extended_session,1003,500300321388,2117253743332,2117256870738,3.127406,positive,,false
real_can_latency_20260710,412,after,false,request_security_seed,2701,6701139C,2117283127143,2117286157610,3.030467,positive,,false
real_can_latency_20260710,412,after,false,send_security_key,2702B6C6,6702,2117312441673,2117315364235,2.922562,positive,,false
real_can_latency_20260710,412,after,false,read_target_before,221234,621234,2117341602202,2117344702091,3.099889,positive,,false
real_can_latency_20260710,412,after,false,write_target,2E1234019C,7F2E31,2117371172419,2117374066626,2.894207,negative,0x31,false
real_can_latency_20260710,412,after,false,read_target_after,221234,621234,2117400336231,2117403359714,3.023483,positive,,false
real_can_latency_20260710,413,after,false,session_reset,1001,500100321388,2117429736665,2117432568573,2.831908,positive,,false
real_can_latency_20260710,413,after,false,enter_extended_session,1003,500300321388,2117458816179,2117461899236,3.083057,positive,,false
real_can_latency_20260710,413,after,false,request_security_seed,2701,6701139D,2117488147400,2117491184152,3.036752,positive,,false
real_can_latency_20260710,413,after,false,send_security_key,2702B6C7,6702,2117517670404,2117520623696,2.953292,positive,,false
real_can_latency_20260710,413,after,false,read_target_before,221234,621234,2117546837569,2117550080002,3.242433,positive,,false
real_can_latency_20260710,413,after,false,write_target,2E1234019D,7F2E31,2117576334941,2117579115587,2.780646,negative,0x31,false
real_can_latency_20260710,413,after,false,read_target_after,221234,621234,2117605353694,2117608354897,3.001203,positive,,false
real_can_latency_20260710,414,after,false,session_reset,1001,500100321388,2117634684496,2117637638347,2.953851,positive,,false
real_can_latency_20260710,414,after,false,enter_extended_session,1003,500300321388,2117663875756,2117667047441,3.171685,positive,,false
real_can_latency_20260710,414,after,false,request_security_seed,2701,6701139E,2117693288900,2117696284796,2.995896,positive,,false
real_can_latency_20260710,414,after,false,send_security_key,2702B6C4,6702,2117722510401,2117725541776,3.031375,positive,,false
real_can_latency_20260710,414,after,false,read_target_before,221234,621234,2117751807331,2117754857981,3.050650,positive,,false
real_can_latency_20260710,414,after,false,write_target,2E1234019E,7F2E31,2117781067174,2117784250941,3.183767,negative,0x31,false
real_can_latency_20260710,414,after,false,read_target_after,221234,621234,2117810499944,2117813438011,2.938067,positive,,false
real_can_latency_20260710,415,after,false,session_reset,1001,500100321388,2117839775362,2117842812812,3.037450,positive,,false
real_can_latency_20260710,415,after,false,enter_extended_session,1003,500300321388,2117869251293,2117872082853,2.831560,positive,,false
real_can_latency_20260710,415,after,false,request_security_seed,2701,6701139F,2117898328433,2117901349261,3.020828,positive,,false
real_can_latency_20260710,415,after,false,send_security_key,2702B6C5,6702,2117927600918,2117930649683,3.048765,positive,,false
real_can_latency_20260710,415,after,false,read_target_before,221234,621234,2117956899244,2117960166890,3.267646,positive,,false
real_can_latency_20260710,415,after,false,write_target,2E1234019F,7F2E31,2117986385722,2117989256322,2.870600,negative,0x31,false
real_can_latency_20260710,415,after,false,read_target_after,221234,621234,2118015680068,2118018538446,2.858378,positive,,false
real_can_latency_20260710,416,after,false,session_reset,1001,500100321388,2118044913093,2118047899141,2.986048,positive,,false
real_can_latency_20260710,416,after,false,enter_extended_session,1003,500300321388,2118074147934,2118077134611,2.986677,positive,,false
real_can_latency_20260710,416,after,false,request_security_seed,2701,670113A0,2118103368528,2118106480429,3.111901,positive,,false
real_can_latency_20260710,416,after,false,send_security_key,2702B6FA,6702,2118132740537,2118135733499,2.992962,positive,,false
real_can_latency_20260710,416,after,false,read_target_before,221234,621234,2118161924604,2118165035457,3.110853,positive,,false
real_can_latency_20260710,416,after,false,write_target,2E123401A0,7F2E31,2118191301781,2118194324844,3.023063,negative,0x31,false
real_can_latency_20260710,416,after,false,read_target_after,221234,621234,2118220573498,2118223640072,3.066574,positive,,false
real_can_latency_20260710,417,after,false,session_reset,1001,500100321388,2118250016396,2118252895307,2.878911,positive,,false
real_can_latency_20260710,417,after,false,enter_extended_session,1003,500300321388,2118279149968,2118282190282,3.040314,positive,,false
real_can_latency_20260710,417,after,false,request_security_seed,2701,670113A1,2118308423082,2118311500970,3.077888,positive,,false
real_can_latency_20260710,417,after,false,send_security_key,2702B6FB,6702,2118337759751,2118340847697,3.087946,positive,,false
real_can_latency_20260710,417,after,false,read_target_before,221234,621234,2118367025322,2118370045871,3.020549,positive,,false
real_can_latency_20260710,417,after,false,write_target,2E123401A1,7F2E31,2118396261980,2118399449588,3.187608,negative,0x31,false
real_can_latency_20260710,417,after,false,read_target_after,221234,621234,2118425707740,2118428614798,2.907058,positive,,false
real_can_latency_20260710,418,after,false,session_reset,1001,500100321388,2118455027089,2118457966762,2.939673,positive,,false
real_can_latency_20260710,418,after,false,enter_extended_session,1003,500300321388,2118484203893,2118487286600,3.082707,positive,,false
real_can_latency_20260710,418,after,false,request_security_seed,2701,670113A2,2118513476448,2118516756805,3.280357,positive,,false
real_can_latency_20260710,418,after,false,send_security_key,2702B6F8,6702,2118543031440,2118545867819,2.836379,positive,,false
real_can_latency_20260710,418,after,false,read_target_before,221234,621234,2118572281577,2118575187936,2.906359,positive,,false
real_can_latency_20260710,418,after,false,write_target,2E123401A2,7F2E31,2118601440640,2118604504281,3.063641,negative,0x31,false
real_can_latency_20260710,418,after,false,read_target_after,221234,621234,2118630754751,2118633832570,3.077819,positive,,false
real_can_latency_20260710,419,after,false,session_reset,1001,500100321388,2118660239204,2118663057983,2.818779,positive,,false
real_can_latency_20260710,419,after,false,enter_extended_session,1003,500300321388,2118689314389,2118692336963,3.022574,positive,,false
real_can_latency_20260710,419,after,false,request_security_seed,2701,670113A3,2118718905628,2118721645207,2.739579,positive,,false
real_can_latency_20260710,419,after,false,send_security_key,2702B6F9,6702,2118747900496,2118750966023,3.065527,positive,,false
real_can_latency_20260710,419,after,false,read_target_before,221234,621234,2118777233255,2118780275803,3.042548,positive,,false
real_can_latency_20260710,419,after,false,write_target,2E123401A3,7F2E31,2118806495473,2118809548918,3.053445,negative,0x31,false
real_can_latency_20260710,419,after,false,read_target_after,221234,621234,2118835788003,2118838856324,3.068321,positive,,false
real_can_latency_20260710,420,after,false,session_reset,1001,500100321388,2118865244310,2118868161774,2.917464,positive,,false
real_can_latency_20260710,420,after,false,enter_extended_session,1003,500300321388,2118894400860,2118897442920,3.042060,positive,,false
real_can_latency_20260710,420,after,false,request_security_seed,2701,670113A4,2118923680329,2118926732586,3.052257,positive,,false
real_can_latency_20260710,420,after,false,send_security_key,2702B6FE,6702,2118953028173,2118956054240,3.026067,positive,,false
real_can_latency_20260710,420,after,false,read_target_before,221234,621234,2118982418202,2118985287406,2.869204,positive,,false
real_can_latency_20260710,420,after,false,write_target,2E123401A4,7F2E31,2119011530822,2119014874804,3.343982,negative,0x31,false
real_can_latency_20260710,420,after,false,read_target_after,221234,621234,2119041161592,2119043927222,2.765630,positive,,false
real_can_latency_20260710,421,after,false,session_reset,1001,500100321388,2119070296981,2119073214445,2.917464,positive,,false
real_can_latency_20260710,421,after,false,enter_extended_session,1003,500300321388,2119099476649,2119102515287,3.038638,positive,,false
real_can_latency_20260710,421,after,false,request_security_seed,2701,670113A5,2119128744735,2119131841271,3.096536,positive,,false
real_can_latency_20260710,421,after,false,send_security_key,2702B6FF,6702,2119158144402,2119161328728,3.184326,positive,,false
real_can_latency_20260710,421,after,false,read_target_before,221234,621234,2119187751845,2119190458459,2.706614,positive,,false
real_can_latency_20260710,421,after,false,write_target,2E123401A5,7F2E31,2119216710955,2119219731574,3.020619,negative,0x31,false
real_can_latency_20260710,421,after,false,read_target_after,221234,621234,2119245999854,2119249033882,3.034028,positive,,false
real_can_latency_20260710,422,after,false,session_reset,1001,500100321388,2119275441495,2119278277315,2.835820,positive,,false
real_can_latency_20260710,422,after,false,enter_extended_session,1003,500300321388,2119304513887,2119307655750,3.141863,positive,,false
real_can_latency_20260710,422,after,false,request_security_seed,2701,670113A6,2119333876398,2119336892547,3.016149,positive,,false
real_can_latency_20260710,422,after,false,send_security_key,2702B6FC,6702,2119363161805,2119366224538,3.062733,positive,,false
real_can_latency_20260710,422,after,false,read_target_before,221234,621234,2119392458317,2119395487945,3.029628,positive,,false
real_can_latency_20260710,422,after,false,write_target,2E123401A6,7F2E31,2119421734435,2119425160550,3.426115,negative,0x31,false
real_can_latency_20260710,422,after,false,read_target_after,221234,621234,2119451400335,2119454071679,2.671344,positive,,false
real_can_latency_20260710,423,after,false,session_reset,1001,500100321388,2119480438155,2119483405137,2.966982,positive,,false
real_can_latency_20260710,423,after,false,enter_extended_session,1003,500300321388,2119509651556,2119512741946,3.090390,positive,,false
real_can_latency_20260710,423,after,false,request_security_seed,2701,670113A7,2119539045915,2119541957722,2.911807,positive,,false
real_can_latency_20260710,423,after,false,send_security_key,2702B6FD,6702,2119568223418,2119571255141,3.031723,positive,,false
real_can_latency_20260710,423,after,false,read_target_before,221234,621234,2119597490177,2119600554586,3.064409,positive,,false
real_can_latency_20260710,423,after,false,write_target,2E123401A7,7F2E31,2119627031202,2119629857593,2.826391,negative,0x31,false
real_can_latency_20260710,423,after,false,read_target_after,221234,621234,2119656122870,2119659134479,3.011609,positive,,false
real_can_latency_20260710,424,after,false,session_reset,1001,500100321388,2119685506194,2119688660558,3.154364,positive,,false
real_can_latency_20260710,424,after,false,enter_extended_session,1003,500300321388,2119714899016,2119717799508,2.900492,positive,,false
real_can_latency_20260710,424,after,false,request_security_seed,2701,670113A8,2119744050119,2119747043430,2.993311,positive,,false
real_can_latency_20260710,424,after,false,send_security_key,2702B6F2,6702,2119773274415,2119776368087,3.093672,positive,,false
real_can_latency_20260710,424,after,false,read_target_before,221234,621234,2119802602355,2119805907785,3.305430,positive,,false
real_can_latency_20260710,424,after,false,write_target,2E123401A8,7F2E31,2119832160071,2119834945745,2.785674,negative,0x31,false
real_can_latency_20260710,424,after,false,read_target_after,221234,621234,2119861198730,2119864252663,3.053933,positive,,false
real_can_latency_20260710,425,after,false,session_reset,1001,500100321388,2119890604612,2119893498261,2.893649,positive,,false
real_can_latency_20260710,425,after,false,enter_extended_session,1003,500300321388,2119919743214,2119922797496,3.054282,positive,,false
real_can_latency_20260710,425,after,false,request_security_seed,2701,670113A9,2119949046151,2119952147436,3.101285,positive,,false
real_can_latency_20260710,425,after,false,send_security_key,2702B6F3,6702,2119978400142,2119981609261,3.209119,positive,,false
real_can_latency_20260710,425,after,false,read_target_before,221234,621234,2120008063738,2120010708054,2.644316,positive,,false
real_can_latency_20260710,425,after,false,write_target,2E123401A9,7F2E31,2120036952519,2120040050382,3.097863,negative,0x31,false
real_can_latency_20260710,425,after,false,read_target_after,221234,621234,2120066321177,2120069484900,3.163723,positive,,false
real_can_latency_20260710,426,after,false,session_reset,1001,500100321388,2120095857942,2120098831837,2.973895,positive,,false
real_can_latency_20260710,426,after,false,enter_extended_session,1003,500300321388,2120125084683,2120127922040,2.837357,positive,,false
real_can_latency_20260710,426,after,false,request_security_seed,2701,670113AA,2120154155051,2120157207098,3.052047,positive,,false
real_can_latency_20260710,426,after,false,send_security_key,2702B6F0,6702,2120183637060,2120186498791,2.861731,positive,,false
real_can_latency_20260710,426,after,false,read_target_before,221234,621234,2120212737459,2120215871081,3.133622,positive,,false
real_can_latency_20260710,426,after,false,write_target,2E123401AA,7F2E31,2120242138803,2120245111581,2.972778,negative,0x31,false
real_can_latency_20260710,426,after,false,read_target_after,221234,621234,2120271368966,2120274393915,3.024949,positive,,false
real_can_latency_20260710,427,after,false,session_reset,1001,500100321388,2120300737485,2120303686098,2.948613,positive,,false
real_can_latency_20260710,427,after,false,enter_extended_session,1003,500300321388,2120330042029,2120333032127,2.990098,positive,,false
real_can_latency_20260710,427,after,false,request_security_seed,2701,670113AB,2120359283157,2120362467274,3.184117,positive,,false
real_can_latency_20260710,427,after,false,send_security_key,2702B6F1,6702,2120388721167,2120391545463,2.824296,positive,,false
real_can_latency_20260710,427,after,false,read_target_before,221234,621234,2120417755357,2120420832756,3.077399,positive,,false
real_can_latency_20260710,427,after,false,write_target,2E123401AB,7F2E31,2120447114167,2120450204976,3.090809,negative,0x31,false
real_can_latency_20260710,427,after,false,read_target_after,221234,621234,2120476421505,2120479438003,3.016498,positive,,false
real_can_latency_20260710,428,after,false,session_reset,1001,500100321388,2120505875927,2120508870635,2.994708,positive,,false
real_can_latency_20260710,428,after,false,enter_extended_session,1003,500300321388,2120535142618,2120538071536,2.928918,positive,,false
real_can_latency_20260710,428,after,false,request_security_seed,2701,670113AC,2120564326686,2120567363159,3.036473,positive,,false
real_can_latency_20260710,428,after,false,send_security_key,2702B6F6,6702,2120593613211,2120596682509,3.069298,positive,,false
real_can_latency_20260710,428,after,false,read_target_before,221234,621234,2120622907838,2120625920844,3.013006,positive,,false
real_can_latency_20260710,428,after,false,write_target,2E123401AC,7F2E31,2120652174737,2120655321699,3.146962,negative,0x31,false
real_can_latency_20260710,428,after,false,read_target_after,221234,621234,2120681567979,2120684538942,2.970963,positive,,false
real_can_latency_20260710,429,after,false,session_reset,1001,500100321388,2120711067030,2120713803956,2.736926,positive,,false
real_can_latency_20260710,429,after,false,enter_extended_session,1003,500300321388,2120740075658,2120743191121,3.115463,positive,,false
real_can_latency_20260710,429,after,false,request_security_seed,2701,670113AD,2120769430069,2120772439304,3.009235,positive,,false
real_can_latency_20260710,429,after,false,send_security_key,2702B6F7,6702,2120798682651,2120801819625,3.136974,positive,,false
real_can_latency_20260710,429,after,false,read_target_before,221234,621234,2120828076242,2120831086525,3.010283,positive,,false
real_can_latency_20260710,429,after,false,write_target,2E123401AD,7F2E31,2120857360113,2120860335964,2.975851,negative,0x31,false
real_can_latency_20260710,429,after,false,read_target_after,221234,621234,2120886545858,2120889612363,3.066505,positive,,false
real_can_latency_20260710,430,after,false,session_reset,1001,500100321388,2120915972833,2120918978786,3.005953,positive,,false
real_can_latency_20260710,430,after,false,enter_extended_session,1003,500300321388,2120945234006,2120948220263,2.986257,positive,,false
real_can_latency_20260710,430,after,false,request_security_seed,2701,670113AE,2120974419122,2120977500713,3.081591,positive,,false
real_can_latency_20260710,430,after,false,send_security_key,2702B6F4,6702,2121003778492,2121006798273,3.019781,positive,,false
real_can_latency_20260710,430,after,false,read_target_before,221234,621234,2121033074377,2121036268131,3.193754,positive,,false
real_can_latency_20260710,430,after,false,write_target,2E123401AE,7F2E31,2121062504146,2121065412391,2.908245,negative,0x31,false
real_can_latency_20260710,430,after,false,read_target_after,221234,621234,2121091656927,2121094679222,3.022295,positive,,false
real_can_latency_20260710,431,after,false,session_reset,1001,500100321388,2121121059249,2121123995081,2.935832,positive,,false
real_can_latency_20260710,431,after,false,enter_extended_session,1003,500300321388,2121150275026,2121153272038,2.997012,positive,,false
real_can_latency_20260710,431,after,false,request_security_seed,2701,670113AF,2121179459304,2121182523364,3.064060,positive,,false
real_can_latency_20260710,431,after,false,send_security_key,2702B6F5,6702,2121208776001,2121211914582,3.138581,positive,,false
real_can_latency_20260710,431,after,false,read_target_before,221234,621234,2121238120565,2121241113806,2.993241,positive,,false
real_can_latency_20260710,431,after,false,write_target,2E123401AF,7F2E31,2121267365605,2121270489868,3.124263,negative,0x31,false
real_can_latency_20260710,431,after,false,read_target_after,221234,621234,2121296747673,2121299849867,3.102194,positive,,false
real_can_latency_20260710,432,after,false,session_reset,1001,500100321388,2121326258249,2121329061034,2.802785,positive,,false
real_can_latency_20260710,432,after,false,enter_extended_session,1003,500300321388,2121355248439,2121358361598,3.113159,positive,,false
real_can_latency_20260710,432,after,false,request_security_seed,2701,670113B0,2121384835281,2121387722504,2.887223,positive,,false
real_can_latency_20260710,432,after,false,send_security_key,2702B6EA,6702,2121413995465,2121416974668,2.979203,positive,,false
real_can_latency_20260710,432,after,false,read_target_before,221234,621234,2121443215851,2121446241150,3.025299,positive,,false
real_can_latency_20260710,432,after,false,write_target,2E123401B0,7F2E31,2121472483310,2121475616723,3.133413,negative,0x31,false
real_can_latency_20260710,432,after,false,read_target_after,221234,621234,2121501859652,2121504874893,3.015241,positive,,false
real_can_latency_20260710,433,after,false,session_reset,1001,500100321388,2121531261345,2121534151990,2.890645,positive,,false
real_can_latency_20260710,433,after,false,enter_extended_session,1003,500300321388,2121560369008,2121563448783,3.079775,positive,,false
real_can_latency_20260710,433,after,false,request_security_seed,2701,670113B1,2121589653020,2121592798165,3.145145,positive,,false
real_can_latency_20260710,433,after,false,send_security_key,2702B6EB,6702,2121619052129,2121622040132,2.988003,positive,,false
real_can_latency_20260710,433,after,false,read_target_before,221234,621234,2121648261481,2121651318627,3.057146,positive,,false
real_can_latency_20260710,433,after,false,write_target,2E123401B1,7F2E31,2121677526705,2121680645660,3.118955,negative,0x31,false
real_can_latency_20260710,433,after,false,read_target_after,221234,621234,2121706847034,2121709891050,3.044016,positive,,false
real_can_latency_20260710,434,after,false,session_reset,1001,500100321388,2121736185801,2121739171709,2.985908,positive,,false
real_can_latency_20260710,434,after,false,enter_extended_session,1003,500300321388,2121765371755,2121768472971,3.101216,positive,,false
real_can_latency_20260710,434,after,false,request_security_seed,2701,670113B2,2121794670154,2121797782754,3.112600,positive,,false
real_can_latency_20260710,434,after,false,send_security_key,2702B6E8,6702,2121823994115,2121827109787,3.115672,positive,,false
real_can_latency_20260710,434,after,false,read_target_before,221234,621234,2121853322475,2121856400853,3.078378,positive,,false
real_can_latency_20260710,434,after,false,write_target,2E123401B2,7F2E31,2121882578131,2121885754635,3.176504,negative,0x31,false
real_can_latency_20260710,434,after,false,read_target_after,221234,621234,2121911962714,2121914987733,3.025019,positive,,false
real_can_latency_20260710,435,after,false,session_reset,1001,500100321388,2121941318382,2121944265598,2.947216,positive,,false
real_can_latency_20260710,435,after,false,enter_extended_session,1003,500300321388,2121970454401,2121973564207,3.109806,positive,,false
real_can_latency_20260710,435,after,false,request_security_seed,2701,670113B3,2121999747842,2122002877063,3.129221,positive,,false
real_can_latency_20260710,435,after,false,send_security_key,2702B6E9,6702,2122029027524,2122031171011,2.143487,positive,,false
real_can_latency_20260710,435,after,false,read_target_before,221234,621234,2122057349408,2122059530050,2.180642,positive,,false
real_can_latency_20260710,435,after,false,write_target,2E123401B3,7F2E31,2122085716129,2122088802678,3.086549,negative,0x31,false
real_can_latency_20260710,435,after,false,read_target_after,221234,621234,2122114979958,2122118146055,3.166097,positive,,false
real_can_latency_20260710,436,after,false,session_reset,1001,500100321388,2122144409379,2122147379363,2.969984,positive,,false
real_can_latency_20260710,436,after,false,enter_extended_session,1003,500300321388,2122173563626,2122176765064,3.201438,positive,,false
real_can_latency_20260710,436,after,false,request_security_seed,2701,670113B4,2122202948349,2122205992714,3.044365,positive,,false
real_can_latency_20260710,436,after,false,send_security_key,2702B6EE,6702,2122232199606,2122235303685,3.104079,positive,,false
real_can_latency_20260710,436,after,false,read_target_before,221234,621234,2122261495002,2122264597615,3.102613,positive,,false
real_can_latency_20260710,436,after,false,write_target,2E123401B4,7F2E31,2122290782437,2122293897411,3.114974,negative,0x31,false
real_can_latency_20260710,436,after,false,read_target_after,221234,621234,2122320086843,2122323153208,3.066365,positive,,false
real_can_latency_20260710,437,after,false,session_reset,1001,500100321388,2122349411712,2122352470324,3.058612,positive,,false
real_can_latency_20260710,437,after,false,enter_extended_session,1003,500300321388,2122378661293,2122381848831,3.187538,positive,,false
real_can_latency_20260710,437,after,false,request_security_seed,2701,670113B5,2122408042034,2122411081371,3.039337,positive,,false
real_can_latency_20260710,437,after,false,send_security_key,2702B6EF,6702,2122438999924,2122441316546,2.316622,positive,,false
real_can_latency_20260710,437,after,false,read_target_before,221234,621234,2122467504162,2122469619923,2.115761,positive,,false
real_can_latency_20260710,437,after,false,write_target,2E123401B5,7F2E31,2122495798389,2122498013044,2.214655,negative,0x31,false
real_can_latency_20260710,437,after,false,read_target_after,221234,621234,2122524193955,2122527286441,3.092486,positive,,false
real_can_latency_20260710,438,after,false,session_reset,1001,500100321388,2122553538031,2122556567589,3.029558,positive,,false
real_can_latency_20260710,438,after,false,enter_extended_session,1003,500300321388,2122582746894,2122585886313,3.139419,positive,,false
real_can_latency_20260710,438,after,false,request_security_seed,2701,670113B6,2122612099560,2122615202242,3.102682,positive,,false
real_can_latency_20260710,438,after,false,send_security_key,2702B6EC,6702,2122641419191,2122644467956,3.048765,positive,,false
real_can_latency_20260710,438,after,false,read_target_before,221234,621234,2122670693705,2122673745752,3.052047,positive,,false
real_can_latency_20260710,438,after,false,write_target,2E123401B6,7F2E31,2122699933228,2122702092779,2.159551,negative,0x31,false
real_can_latency_20260710,438,after,false,read_target_after,221234,621234,2122728270338,2122731827335,3.556997,positive,,false
real_can_latency_20260710,439,after,false,session_reset,1001,500100321388,2122758128652,2122760680359,2.551707,positive,,false
real_can_latency_20260710,439,after,false,enter_extended_session,1003,500300321388,2122786868324,2122789945305,3.076981,positive,,false
real_can_latency_20260710,439,after,false,request_security_seed,2701,670113B7,2122816140673,2122819268148,3.127475,positive,,false
real_can_latency_20260710,439,after,false,send_security_key,2702B6ED,6702,2122845465751,2122848579818,3.114067,positive,,false
real_can_latency_20260710,439,after,false,read_target_before,221234,621234,2122874806963,2122877879544,3.072581,positive,,false
real_can_latency_20260710,439,after,false,write_target,2E123401B7,7F2E31,2122904108925,2122907181575,3.072650,negative,0x31,false
real_can_latency_20260710,439,after,false,read_target_after,221234,621234,2122933417032,2122936519714,3.102682,positive,,false
real_can_latency_20260710,440,after,false,session_reset,1001,500100321388,2122962888637,2122966031268,3.142631,positive,,false
real_can_latency_20260710,440,after,false,enter_extended_session,1003,500300321388,2122992241234,2122995453287,3.212053,positive,,false
real_can_latency_20260710,440,after,false,request_security_seed,2701,670113B8,2123021693843,2123024345562,2.651719,positive,,false
real_can_latency_20260710,440,after,false,send_security_key,2702B6E2,6702,2123050586328,2123053673226,3.086898,positive,,false
real_can_latency_20260710,440,after,false,read_target_before,221234,621234,2123079932359,2123083030642,3.098283,positive,,false
real_can_latency_20260710,440,after,false,write_target,2E123401B8,7F2E31,2123109261909,2123112520266,3.258357,negative,0x31,false
real_can_latency_20260710,440,after,false,read_target_after,221234,621234,2123138778003,2123141585188,2.807185,positive,,false
real_can_latency_20260710,441,after,false,session_reset,1001,500100321388,2123167940353,2123170877163,2.936810,positive,,false
real_can_latency_20260710,441,after,false,enter_extended_session,1003,500300321388,2123197143909,2123200195468,3.051559,positive,,false
real_can_latency_20260710,441,after,false,request_security_seed,2701,670113B9,2123226397891,2123229505252,3.107361,positive,,false
real_can_latency_20260710,441,after,false,send_security_key,2702B6E3,6702,2123255722272,2123258818319,3.096047,positive,,false
real_can_latency_20260710,441,after,false,read_target_before,221234,621234,2123285040856,2123288077189,3.036333,positive,,false
real_can_latency_20260710,441,after,false,write_target,2E123401B9,7F2E31,2123314334018,2123317380828,3.046810,negative,0x31,false
real_can_latency_20260710,441,after,false,read_target_after,221234,621234,2123343615098,2123346669520,3.054422,positive,,false
real_can_latency_20260710,442,after,false,session_reset,1001,500100321388,2123373040748,2123376052777,3.012029,positive,,false
real_can_latency_20260710,442,after,false,enter_extended_session,1003,500300321388,2123402307231,2123405283641,2.976410,positive,,false
real_can_latency_20260710,442,after,false,request_security_seed,2701,670113BA,2123431511276,2123434522048,3.010772,positive,,false
real_can_latency_20260710,442,after,false,send_security_key,2702B6E0,6702,2123460958926,2123463874994,2.916068,positive,,false
real_can_latency_20260710,442,after,false,read_target_before,221234,621234,2123490120648,2123493178562,3.057914,positive,,false
real_can_latency_20260710,442,after,false,write_target,2E123401BA,7F2E31,2123519412553,2123522697240,3.284687,negative,0x31,false
real_can_latency_20260710,442,after,false,read_target_after,221234,621234,2123548936050,2123551810632,2.874582,positive,,false
real_can_latency_20260710,443,after,false,session_reset,1001,500100321388,2123578183327,2123580982550,2.799223,positive,,false
real_can_latency_20260710,443,after,false,enter_extended_session,1003,500300321388,2123607154522,2123610362944,3.208422,positive,,false
real_can_latency_20260710,443,after,false,request_security_seed,2701,670113BB,2123636603220,2123639792016,3.188796,positive,,false
real_can_latency_20260710,443,after,false,send_security_key,2702B6E1,6702,2123666040534,2123669142448,3.101914,positive,,false
real_can_latency_20260710,443,after,false,read_target_before,221234,621234,2123695377626,2123698254862,2.877236,positive,,false
real_can_latency_20260710,443,after,false,write_target,2E123401BB,7F2E31,2123724482357,2123727517853,3.035496,negative,0x31,false
real_can_latency_20260710,443,after,false,read_target_after,221234,621234,2123753757082,2123756808501,3.051419,positive,,false
real_can_latency_20260710,444,after,false,session_reset,1001,500100321388,2123783222751,2123786125409,2.902658,positive,,false
real_can_latency_20260710,444,after,false,enter_extended_session,1003,500300321388,2123812364079,2123815419479,3.055400,positive,,false
real_can_latency_20260710,444,after,false,request_security_seed,2701,670113BC,2123841655774,2123844701815,3.046041,positive,,false
real_can_latency_20260710,444,after,false,send_security_key,2702B6E6,6702,2123871162300,2123874062374,2.900074,positive,,false
real_can_latency_20260710,444,after,false,read_target_before,221234,621234,2123900295946,2123903349460,3.053514,positive,,false
real_can_latency_20260710,444,after,false,write_target,2E123401BC,7F2E31,2123929595324,2123932867580,3.272256,negative,0x31,false
real_can_latency_20260710,444,after,false,read_target_after,221234,621234,2123959148713,2123961904775,2.756062,positive,,false
real_can_latency_20260710,445,after,false,session_reset,1001,500100321388,2123988310924,2123991181106,2.870182,positive,,false
real_can_latency_20260710,445,after,false,enter_extended_session,1003,500300321388,2124017421872,2124020511844,3.089972,positive,,false
real_can_latency_20260710,445,after,false,request_security_seed,2701,670113BD,2124046758616,2124049807730,3.049114,positive,,false
real_can_latency_20260710,445,after,false,send_security_key,2702B6E7,6702,2124076049264,2124079147267,3.098003,positive,,false
real_can_latency_20260710,445,after,false,read_target_before,221234,621234,2124105381259,2124108364513,2.983254,positive,,false
real_can_latency_20260710,445,after,false,write_target,2E123401BD,7F2E31,2124134607933,2124137717809,3.109876,negative,0x31,false
real_can_latency_20260710,445,after,false,read_target_after,221234,621234,2124163966048,2124166965575,2.999527,positive,,false
real_can_latency_20260710,446,after,false,session_reset,1001,500100321388,2124193370607,2124196245468,2.874861,positive,,false
real_can_latency_20260710,446,after,false,enter_extended_session,1003,500300321388,2124222501110,2124225568104,3.066994,positive,,false
real_can_latency_20260710,446,after,false,request_security_seed,2701,670113BE,2124251800978,2124254855331,3.054353,positive,,false
real_can_latency_20260710,446,after,false,send_security_key,2702B6E4,6702,2124281152528,2124284238518,3.085990,positive,,false
real_can_latency_20260710,446,after,false,read_target_before,221234,621234,2124310486338,2124313429923,2.943585,positive,,false
real_can_latency_20260710,446,after,false,write_target,2E123401BE,7F2E31,2124339677883,2124342793835,3.115952,negative,0x31,false
real_can_latency_20260710,446,after,false,read_target_after,221234,621234,2124369043540,2124372069747,3.026207,positive,,false
real_can_latency_20260710,447,after,false,session_reset,1001,500100321388,2124398463045,2124401302358,2.839313,positive,,false
real_can_latency_20260710,447,after,false,enter_extended_session,1003,500300321388,2124427545428,2124430898281,3.352853,positive,,false
real_can_latency_20260710,447,after,false,request_security_seed,2701,670113BF,2124457149942,2124459949166,2.799224,positive,,false
real_can_latency_20260710,447,after,false,send_security_key,2702B6E5,6702,2124486163113,2124489259859,3.096746,positive,,false
real_can_latency_20260710,447,after,false,read_target_before,221234,621234,2124515464587,2124518454057,2.989470,positive,,false
real_can_latency_20260710,447,after,false,write_target,2E123401BF,7F2E31,2124545152560,2124547845276,2.692716,negative,0x31,false
real_can_latency_20260710,447,after,false,read_target_after,221234,621234,2124574046792,2124577417873,3.371081,positive,,false
real_can_latency_20260710,448,after,false,session_reset,1001,500100321388,2124603831704,2124606591608,2.759904,positive,,false
real_can_latency_20260710,448,after,false,enter_extended_session,1003,500300321388,2124632827205,2124635792720,2.965515,positive,,false
real_can_latency_20260710,448,after,false,request_security_seed,2701,670113C0,2124662042984,2124665065420,3.022436,positive,,false
real_can_latency_20260710,448,after,false,send_security_key,2702B69A,6702,2124691286001,2124694339516,3.053515,positive,,false
real_can_latency_20260710,448,after,false,read_target_before,221234,621234,2124720541869,2124723693580,3.151711,positive,,false
real_can_latency_20260710,448,after,false,write_target,2E123401C0,7F2E31,2124749905991,2124752939880,3.033889,negative,0x31,false
real_can_latency_20260710,448,after,false,read_target_after,221234,621234,2124779173871,2124782227246,3.053375,positive,,false
real_can_latency_20260710,449,after,false,session_reset,1001,500100321388,2124808613770,2124811520339,2.906569,positive,,false
real_can_latency_20260710,449,after,false,enter_extended_session,1003,500300321388,2124837771022,2124840871260,3.100238,positive,,false
real_can_latency_20260710,449,after,false,request_security_seed,2701,670113C1,2124867050217,2124870104430,3.054213,positive,,false
real_can_latency_20260710,449,after,false,send_security_key,2702B69B,6702,2124896364541,2124899411910,3.047369,positive,,false
real_can_latency_20260710,449,after,false,read_target_before,221234,621234,2124925659031,2124928784133,3.125102,positive,,false
real_can_latency_20260710,449,after,false,write_target,2E123401C1,7F2E31,2124955069317,2124958044051,2.974734,negative,0x31,false
real_can_latency_20260710,449,after,false,read_target_after,221234,621234,2124984281395,2124987630966,3.349571,positive,,false
real_can_latency_20260710,450,after,false,session_reset,1001,500100321388,2125013969998,2125016593432,2.623434,positive,,false
real_can_latency_20260710,450,after,false,enter_extended_session,1003,500300321388,2125042836364,2125045864875,3.028511,positive,,false
real_can_latency_20260710,450,after,false,request_security_seed,2701,670113C2,2125072137839,2125075271321,3.133482,positive,,false
real_can_latency_20260710,450,after,false,send_security_key,2702B698,6702,2125101540164,2125104448898,2.908734,positive,,false
real_can_latency_20260710,450,after,false,read_target_before,221234,621234,2125130627785,2125134208250,3.580465,positive,,false
real_can_latency_20260710,450,after,false,write_target,2E123401C2,7F2E31,2125160430997,2125163031244,2.600247,negative,0x31,false
real_can_latency_20260710,450,after,false,read_target_after,221234,621234,2125189234087,2125192341449,3.107362,positive,,false
real_can_latency_20260710,451,after,false,session_reset,1001,500100321388,2125218673148,2125221606048,2.932900,positive,,false
real_can_latency_20260710,451,after,false,enter_extended_session,1003,500300321388,2125247794643,2125250893903,3.099260,positive,,false
real_can_latency_20260710,451,after,false,request_security_seed,2701,670113C3,2125277146263,2125280218006,3.071743,positive,,false
real_can_latency_20260710,451,after,false,send_security_key,2702B699,6702,2125306647902,2125309594490,2.946588,positive,,false
real_can_latency_20260710,451,after,false,read_target_before,221234,621234,2125335842730,2125338905882,3.063152,positive,,false
real_can_latency_20260710,451,after,false,write_target,2E123401C3,7F2E31,2125365148395,2125368595323,3.446928,negative,0x31,false
real_can_latency_20260710,451,after,false,read_target_after,221234,621234,2125394803544,2125397462946,2.659402,positive,,false
real_can_latency_20260710,452,after,false,session_reset,1001,500100321388,2125423879432,2125426816522,2.937090,positive,,false
real_can_latency_20260710,452,after,false,enter_extended_session,1003,500300321388,2125453042622,2125456071203,3.028581,positive,,false
real_can_latency_20260710,452,after,false,request_security_seed,2701,670113C4,2125482306452,2125485353332,3.046880,positive,,false
real_can_latency_20260710,452,after,false,send_security_key,2702B69E,6702,2125511608067,2125514675480,3.067413,positive,,false
real_can_latency_20260710,452,after,false,read_target_before,221234,621234,2125540906468,2125543947551,3.041083,positive,,false
real_can_latency_20260710,452,after,false,write_target,2E123401C4,7F2E31,2125570189296,2125573247489,3.058193,negative,0x31,false
real_can_latency_20260710,452,after,false,read_target_after,221234,621234,2125599461716,2125602451815,2.990099,positive,,false
real_can_latency_20260710,453,after,false,session_reset,1001,500100321388,2125628793851,2125631813563,3.019712,positive,,false
real_can_latency_20260710,453,after,false,enter_extended_session,1003,500300321388,2125658040710,2125661163926,3.123216,positive,,false
real_can_latency_20260710,453,after,false,request_security_seed,2701,670113C5,2125687372775,2125690393814,3.021039,positive,,false
real_can_latency_20260710,453,after,false,send_security_key,2702B69F,6702,2125716630949,2125719793694,3.162745,positive,,false
real_can_latency_20260710,453,after,false,read_target_before,221234,621234,2125746027547,2125749047677,3.020130,positive,,false
real_can_latency_20260710,453,after,false,write_target,2E123401C5,7F2E31,2125775255618,2125778302498,3.046880,negative,0x31,false
real_can_latency_20260710,453,after,false,read_target_after,221234,621234,2125804509811,2125807798480,3.288669,positive,,false
real_can_latency_20260710,454,after,false,session_reset,1001,500100321388,2125834174947,2125836884495,2.709548,positive,,false
real_can_latency_20260710,454,after,false,enter_extended_session,1003,500300321388,2125863145096,2125866188135,3.043039,positive,,false
real_can_latency_20260710,454,after,false,request_security_seed,2701,670113C6,2125892388533,2125895493730,3.105197,positive,,false
real_can_latency_20260710,454,after,false,send_security_key,2702B69C,6702,2125921725697,2125924850379,3.124682,positive,,false
real_can_latency_20260710,454,after,false,read_target_before,221234,621234,2125951114752,2125954139562,3.024810,positive,,false
real_can_latency_20260710,454,after,false,write_target,2E123401C6,7F2E31,2125980386684,2125983419037,3.032353,negative,0x31,false
real_can_latency_20260710,454,after,false,read_target_after,221234,621234,2126009663995,2126012659541,2.995546,positive,,false
real_can_latency_20260710,455,after,false,session_reset,1001,500100321388,2126039049419,2126041968909,2.919490,positive,,false
real_can_latency_20260710,455,after,false,enter_extended_session,1003,500300321388,2126068151499,2126071290428,3.138929,positive,,false
real_can_latency_20260710,455,after,false,request_security_seed,2701,670113C7,2126097525399,2126100608316,3.082917,positive,,false
real_can_latency_20260710,455,after,false,send_security_key,2702B69D,6702,2126127038143,2126129874941,2.836798,positive,,false
real_can_latency_20260710,455,after,false,read_target_before,221234,621234,2126156242400,2126159193178,2.950778,positive,,false
real_can_latency_20260710,455,after,false,write_target,2E123401C7,7F2E31,2126185429127,2126188450514,3.021387,negative,0x31,false
real_can_latency_20260710,455,after,false,read_target_after,221234,621234,2126214674380,2126217786491,3.112111,positive,,false
real_can_latency_20260710,456,after,false,session_reset,1001,500100321388,2126244153531,2126247103192,2.949661,positive,,false
real_can_latency_20260710,456,after,false,enter_extended_session,1003,500300321388,2126273319934,2126276444337,3.124403,positive,,false
real_can_latency_20260710,456,after,false,request_security_seed,2701,670113C8,2126302679796,2126305639794,2.959998,positive,,false
real_can_latency_20260710,456,after,false,send_security_key,2702B692,6702,2126331897253,2126335139338,3.242085,positive,,false
real_can_latency_20260710,456,after,false,read_target_before,221234,621234,2126361359432,2126364274243,2.914811,positive,,false
real_can_latency_20260710,456,after,false,write_target,2E123401C8,7F2E31,2126390517315,2126393574531,3.057216,negative,0x31,false
real_can_latency_20260710,456,after,false,read_target_after,221234,621234,2126419899876,2126423097472,3.197596,positive,,false
real_can_latency_20260710,457,after,false,session_reset,1001,500100321388,2126449431058,2126452136345,2.705287,positive,,false
real_can_latency_20260710,457,after,false,enter_extended_session,1003,500300321388,2126478339329,2126481468132,3.128803,positive,,false
real_can_latency_20260710,457,after,false,request_security_seed,2701,670113C9,2126507708061,2126510786509,3.078448,positive,,false
real_can_latency_20260710,457,after,false,send_security_key,2702B693,6702,2126537072463,2126540085330,3.012867,positive,,false
real_can_latency_20260710,457,after,false,read_target_before,221234,621234,2126566266174,2126569249079,2.982905,positive,,false
real_can_latency_20260710,457,after,false,write_target,2E123401C9,7F2E31,2126595464634,2126598923854,3.459220,negative,0x31,false
real_can_latency_20260710,457,after,false,read_target_after,221234,621234,2126625162736,2126627927528,2.764792,positive,,false
real_can_latency_20260710,458,after,false,session_reset,1001,500100321388,2126654483278,2126657197296,2.714018,positive,,false
real_can_latency_20260710,458,after,false,enter_extended_session,1003,500300321388,2126683436317,2126686539977,3.103660,positive,,false
real_can_latency_20260710,458,after,false,request_security_seed,2701,670113CA,2126712767684,2126715812678,3.044994,positive,,false
real_can_latency_20260710,458,after,false,send_security_key,2702B690,6702,2126742075096,2126745149074,3.073978,positive,,false
real_can_latency_20260710,458,after,false,read_target_before,221234,621234,2126771385301,2126774421705,3.036404,positive,,false
real_can_latency_20260710,458,after,false,write_target,2E123401CA,7F2E31,2126800843570,2126803784920,2.941350,negative,0x31,false
real_can_latency_20260710,458,after,false,read_target_after,221234,621234,2126830040214,2126832993227,2.953013,positive,,false
real_can_latency_20260710,459,after,false,session_reset,1001,500100321388,2126859380311,2126862282271,2.901960,positive,,false
real_can_latency_20260710,459,after,false,enter_extended_session,1003,500300321388,2126888505299,2126891633333,3.128034,positive,,false
real_can_latency_20260710,459,after,false,request_security_seed,2701,670113CB,2126917851752,2126920893882,3.042130,positive,,false
real_can_latency_20260710,459,after,false,send_security_key,2702B691,6702,2126947171386,2126950264430,3.093044,positive,,false
real_can_latency_20260710,459,after,false,read_target_before,221234,621234,2126976502544,2126979683937,3.181393,positive,,false
real_can_latency_20260710,459,after,false,write_target,2E123401CB,7F2E31,2127005893277,2127008812208,2.918931,negative,0x31,false
real_can_latency_20260710,459,after,false,read_target_after,221234,621234,2127035043407,2127038074084,3.030677,positive,,false
real_can_latency_20260710,460,after,false,session_reset,1001,500100321388,2127064625504,2127067380519,2.755015,positive,,false
real_can_latency_20260710,460,after,false,enter_extended_session,1003,500300321388,2127094016586,2127096690236,2.673650,positive,,false
real_can_latency_20260710,460,after,false,request_security_seed,2701,670113CC,2127122897620,2127126202841,3.305221,positive,,false
real_can_latency_20260710,460,after,false,send_security_key,2702B696,6702,2127152435857,2127155333277,2.897420,positive,,false
real_can_latency_20260710,460,after,false,read_target_before,221234,621234,2127181584032,2127184576436,2.992404,positive,,false
real_can_latency_20260710,460,after,false,write_target,2E123401CC,7F2E31,2127210784518,2127213917023,3.132505,negative,0x31,false
real_can_latency_20260710,460,after,false,read_target_after,221234,621234,2127240172108,2127243392962,3.220854,positive,,false
real_can_latency_20260710,461,after,false,session_reset,1001,500100321388,2127269734301,2127272475836,2.741535,positive,,false
real_can_latency_20260710,461,after,false,enter_extended_session,1003,500300321388,2127298703683,2127301790861,3.087178,positive,,false
real_can_latency_20260710,461,after,false,request_security_seed,2701,670113CD,2127328051953,2127331065309,3.013356,positive,,false
real_can_latency_20260710,461,after,false,send_security_key,2702B697,6702,2127357314527,2127360401217,3.086690,positive,,false
real_can_latency_20260710,461,after,false,read_target_before,221234,621234,2127386622289,2127389654991,3.032702,positive,,false
real_can_latency_20260710,461,after,false,write_target,2E123401CD,7F2E31,2127415867194,2127418957166,3.089972,negative,0x31,false
real_can_latency_20260710,461,after,false,read_target_after,221234,621234,2127445183616,2127448200185,3.016569,positive,,false
real_can_latency_20260710,462,after,false,session_reset,1001,500100321388,2127474569530,2127477549921,2.980391,positive,,false
real_can_latency_20260710,462,after,false,enter_extended_session,1003,500300321388,2127503825400,2127506835613,3.010213,positive,,false
real_can_latency_20260710,462,after,false,request_security_seed,2701,670113CE,2127533052705,2127536134016,3.081311,positive,,false
real_can_latency_20260710,462,after,false,send_security_key,2702B694,6702,2127562366822,2127565432210,3.065388,positive,,false
real_can_latency_20260710,462,after,false,read_target_before,221234,621234,2127591688972,2127594791654,3.102682,positive,,false
real_can_latency_20260710,462,after,false,write_target,2E123401CE,7F2E31,2127622140099,2127624944212,2.804113,negative,0x31,false
real_can_latency_20260710,462,after,false,read_target_after,221234,621234,2127651156275,2127654256862,3.100587,positive,,false
real_can_latency_20260710,463,after,false,session_reset,1001,500100321388,2127680664690,2127683590814,2.926124,positive,,false
real_can_latency_20260710,463,after,false,enter_extended_session,1003,500300321388,2127709844433,2127712902348,3.057915,positive,,false
real_can_latency_20260710,463,after,false,request_security_seed,2701,670113CF,2127739154430,2127742186643,3.032213,positive,,false
real_can_latency_20260710,463,after,false,send_security_key,2702B695,6702,2127768403106,2127771398024,2.994918,positive,,false
real_can_latency_20260710,463,after,false,read_target_before,221234,621234,2127797617281,2127800775487,3.158206,positive,,false
real_can_latency_20260710,463,after,false,write_target,2E123401CF,7F2E31,2127826978820,2127830073401,3.094581,negative,0x31,false
real_can_latency_20260710,463,after,false,read_target_after,221234,621234,2127856313052,2127859389684,3.076632,positive,,false
real_can_latency_20260710,464,after,false,session_reset,1001,500100321388,2127885750578,2127888664830,2.914252,positive,,false
real_can_latency_20260710,464,after,false,enter_extended_session,1003,500300321388,2127914899172,2127917965468,3.066296,positive,,false
real_can_latency_20260710,464,after,false,request_security_seed,2701,670113D0,2127944160839,2127947244944,3.084105,positive,,false
real_can_latency_20260710,464,after,false,send_security_key,2702B68A,6702,2127973489903,2127976625411,3.135508,positive,,false
real_can_latency_20260710,464,after,false,read_target_before,221234,621234,2128002880776,2128005901116,3.020340,positive,,false
real_can_latency_20260710,464,after,false,write_target,2E123401D0,7F2E31,2128032141885,2128035215164,3.073279,negative,0x31,false
real_can_latency_20260710,464,after,false,read_target_after,221234,621234,2128061425762,2128064455181,3.029419,positive,,false
real_can_latency_20260710,465,after,false,session_reset,1001,500100321388,2128090797289,2128093808690,3.011401,positive,,false
real_can_latency_20260710,465,after,false,enter_extended_session,1003,500300321388,2128120033674,2128123088935,3.055261,positive,,false
real_can_latency_20260710,465,after,false,request_security_seed,2701,670113D1,2128149372446,2128152358704,2.986258,positive,,false
real_can_latency_20260710,465,after,false,send_security_key,2702B68B,6702,2128178617282,2128182023144,3.405862,positive,,false
real_can_latency_20260710,465,after,false,read_target_before,221234,621234,2128208254414,2128210900617,2.646203,positive,,false
real_can_latency_20260710,465,after,false,write_target,2E123401D1,7F2E31,2128237142084,2128240239528,3.097444,negative,0x31,false
real_can_latency_20260710,465,after,false,read_target_after,221234,621234,2128266445586,2128269480174,3.034588,positive,,false
real_can_latency_20260710,466,after,false,session_reset,1001,500100321388,2128295829894,2128298801485,2.971591,positive,,false
real_can_latency_20260710,466,after,false,enter_extended_session,1003,500300321388,2128325060692,2128328123705,3.063013,positive,,false
real_can_latency_20260710,466,after,false,request_security_seed,2701,670113D2,2128354326969,2128357391029,3.064060,positive,,false
real_can_latency_20260710,466,after,false,send_security_key,2702B688,6702,2128383615385,2128386794195,3.178810,positive,,false
real_can_latency_20260710,466,after,false,read_target_before,221234,621234,2128413085877,2128416068992,2.983115,positive,,false
real_can_latency_20260710,466,after,false,write_target,2E123401D2,7F2E31,2128442312485,2128445330031,3.017546,negative,0x31,false
real_can_latency_20260710,466,after,false,read_target_after,221234,621234,2128471574781,2128474565927,2.991146,positive,,false
real_can_latency_20260710,467,after,false,session_reset,1001,500100321388,2128500913064,2128503894642,2.981578,positive,,false
real_can_latency_20260710,467,after,false,enter_extended_session,1003,500300321388,2128530139741,2128533173211,3.033470,positive,,false
real_can_latency_20260710,467,after,false,request_security_seed,2701,670113D3,2128559421453,2128562719131,3.297678,positive,,false
real_can_latency_20260710,467,after,false,send_security_key,2702B689,6702,2128588975824,2128591822749,2.846925,positive,,false
real_can_latency_20260710,467,after,false,read_target_before,221234,621234,2128618039422,2128621036715,2.997293,positive,,false
real_can_latency_20260710,467,after,false,write_target,2E123401D3,7F2E31,2128647248779,2128650436388,3.187609,negative,0x31,false
real_can_latency_20260710,467,after,false,read_target_after,221234,621234,2128676650547,2128679701199,3.050652,positive,,false
real_can_latency_20260710,468,after,false,session_reset,1001,500100321388,2128706063001,2128708992479,2.929478,positive,,false
real_can_latency_20260710,468,after,false,enter_extended_session,1003,500300321388,2128735235342,2128738380838,3.145496,positive,,false
real_can_latency_20260710,468,after,false,request_security_seed,2701,670113D4,2128764644933,2128767565401,2.920468,positive,,false
real_can_latency_20260710,468,after,false,send_security_key,2702B68E,6702,2128794154047,2128796865411,2.711364,positive,,false
real_can_latency_20260710,468,after,false,read_target_before,221234,621234,2128823142357,2128826171358,3.029001,positive,,false
real_can_latency_20260710,468,after,false,write_target,2E123401D4,7F2E31,2128852406259,2128855510339,3.104080,negative,0x31,false
real_can_latency_20260710,468,after,false,read_target_after,221234,621234,2128881715279,2128884759086,3.043807,positive,,false
real_can_latency_20260710,469,after,false,session_reset,1001,500100321388,2128911334253,2128914077464,2.743211,positive,,false
real_can_latency_20260710,469,after,false,enter_extended_session,1003,500300321388,2128940510994,2128943369163,2.858169,positive,,false
real_can_latency_20260710,469,after,false,request_security_seed,2701,670113D5,2128969602669,2128972684329,3.081660,positive,,false
real_can_latency_20260710,469,after,false,send_security_key,2702B68F,6702,2128998910362,2129002172771,3.262409,positive,,false
real_can_latency_20260710,469,after,false,read_target_before,221234,621234,2129028386721,2129031197748,2.811027,positive,,false
real_can_latency_20260710,469,after,false,write_target,2E123401D5,7F2E31,2129057420848,2129060585479,3.164631,negative,0x31,false
real_can_latency_20260710,469,after,false,read_target_after,221234,621234,2129086891969,2129089871662,2.979693,positive,,false
real_can_latency_20260710,470,after,false,session_reset,1001,500100321388,2129116306728,2129119196606,2.889878,positive,,false
real_can_latency_20260710,470,after,false,enter_extended_session,1003,500300321388,2129145417331,2129148413576,2.996245,positive,,false
real_can_latency_20260710,470,after,false,request_security_seed,2701,670113D6,2129174610555,2129177784894,3.174339,positive,,false
real_can_latency_20260710,470,after,false,send_security_key,2702B68C,6702,2129204083492,2129207089026,3.005534,positive,,false
real_can_latency_20260710,470,after,false,read_target_before,221234,621234,2129233330075,2129236343012,3.012937,positive,,false
real_can_latency_20260710,470,after,false,write_target,2E123401D6,7F2E31,2129262601730,2129265682273,3.080543,negative,0x31,false
real_can_latency_20260710,470,after,false,read_target_after,221234,621234,2129291902509,2129294948202,3.045693,positive,,false
real_can_latency_20260710,471,after,false,session_reset,1001,500100321388,2129321295059,2129324221114,2.926055,positive,,false
real_can_latency_20260710,471,after,false,enter_extended_session,1003,500300321388,2129350476830,2129353547455,3.070625,positive,,false
real_can_latency_20260710,471,after,false,request_security_seed,2701,670113D7,2129379797513,2129383161681,3.364168,positive,,false
real_can_latency_20260710,471,after,false,send_security_key,2702B68D,6702,2129409385967,2129412405958,3.019991,positive,,false
real_can_latency_20260710,471,after,false,read_target_before,221234,621234,2129438642467,2129441405514,2.763047,positive,,false
real_can_latency_20260710,471,after,false,write_target,2E123401D7,7F2E31,2129467828149,2129470813010,2.984861,negative,0x31,false
real_can_latency_20260710,471,after,false,read_target_after,221234,621234,2129497058807,2129500060291,3.001484,positive,,false
real_can_latency_20260710,472,after,false,session_reset,1001,500100321388,2129526393879,2129529497399,3.103520,positive,,false
real_can_latency_20260710,472,after,false,enter_extended_session,1003,500300321388,2129555712607,2129558620922,2.908315,positive,,false
real_can_latency_20260710,472,after,false,request_security_seed,2701,670113D8,2129584847444,2129587859962,3.012518,positive,,false
real_can_latency_20260710,472,after,false,send_security_key,2702B682,6702,2129614058477,2129617211795,3.153318,positive,,false
real_can_latency_20260710,472,after,false,read_target_before,221234,621234,2129643445580,2129646531920,3.086340,positive,,false
real_can_latency_20260710,472,after,false,write_target,2E123401D8,7F2E31,2129672749781,2129675996895,3.247114,negative,0x31,false
real_can_latency_20260710,472,after,false,read_target_after,221234,621234,2129702251772,2129705056374,2.804602,positive,,false
real_can_latency_20260710,473,after,false,session_reset,1001,500100321388,2129731601161,2129734385578,2.784417,positive,,false
real_can_latency_20260710,473,after,false,enter_extended_session,1003,500300321388,2129760655681,2129764134177,3.478496,positive,,false
real_can_latency_20260710,473,after,false,request_security_seed,2701,670113D9,2129790349525,2129793213282,2.863757,positive,,false
real_can_latency_20260710,473,after,false,send_security_key,2702B683,6702,2129819424857,2129822274157,2.849300,positive,,false
real_can_latency_20260710,473,after,false,read_target_before,221234,621234,2129848554177,2129851538270,2.984093,positive,,false
real_can_latency_20260710,473,after,false,write_target,2E123401D9,7F2E31,2129877790074,2129880919925,3.129851,negative,0x31,false
real_can_latency_20260710,473,after,false,read_target_after,221234,621234,2129907183462,2129910191650,3.008188,positive,,false
real_can_latency_20260710,474,after,false,session_reset,1001,500100321388,2129936601225,2129939637419,3.036194,positive,,false
real_can_latency_20260710,474,after,false,enter_extended_session,1003,500300321388,2129965893693,2129968718060,2.824367,positive,,false
real_can_latency_20260710,474,after,false,request_security_seed,2701,670113DA,2129994935363,2129998028059,3.092696,positive,,false
real_can_latency_20260710,474,after,false,send_security_key,2702B680,6702,2130024301095,2130027385689,3.084594,positive,,false
real_can_latency_20260710,474,after,false,read_target_before,221234,621234,2130053635678,2130056636253,3.000575,positive,,false
real_can_latency_20260710,474,after,false,write_target,2E123401DA,7F2E31,2130082843011,2130085960570,3.117559,negative,0x31,false
real_can_latency_20260710,474,after,false,read_target_after,221234,621234,2130112170749,2130115213927,3.043178,positive,,false
real_can_latency_20260710,475,after,false,session_reset,1001,500100321388,2130141564278,2130144553120,2.988842,positive,,false
real_can_latency_20260710,475,after,false,enter_extended_session,1003,500300321388,2130170774334,2130173862909,3.088575,positive,,false
real_can_latency_20260710,475,after,false,request_security_seed,2701,670113DB,2130200107869,2130203372164,3.264295,positive,,false
real_can_latency_20260710,475,after,false,send_security_key,2702B681,6702,2130229604693,2130232397841,2.793148,positive,,false
real_can_latency_20260710,475,after,false,read_target_before,221234,621234,2130259056539,2130261795979,2.739440,positive,,false
real_can_latency_20260710,475,after,false,write_target,2E123401DB,7F2E31,2130288032698,2130291077832,3.045134,negative,0x31,false
real_can_latency_20260710,475,after,false,read_target_after,221234,621234,2130317331452,2130320556566,3.225114,positive,,false
real_can_latency_20260710,476,after,false,session_reset,1001,500100321388,2130346893507,2130349704255,2.810748,positive,,false
real_can_latency_20260710,476,after,false,enter_extended_session,1003,500300321388,2130375918206,2130378892032,2.973826,positive,,false
real_can_latency_20260710,476,after,false,request_security_seed,2701,670113DC,2130405139577,2130408219491,3.079914,positive,,false
real_can_latency_20260710,476,after,false,send_security_key,2702B686,6702,2130434468642,2130437555541,3.086899,positive,,false
real_can_latency_20260710,476,after,false,read_target_before,221234,621234,2130463767466,2130466783896,3.016430,positive,,false
real_can_latency_20260710,476,after,false,write_target,2E123401DC,7F2E31,2130493013491,2130496100320,3.086829,negative,0x31,false
real_can_latency_20260710,476,after,false,read_target_after,221234,621234,2130522317414,2130525431620,3.114206,positive,,false
real_can_latency_20260710,477,after,false,session_reset,1001,500100321388,2130551847132,2130554685048,2.837916,positive,,false
real_can_latency_20260710,477,after,false,enter_extended_session,1003,500300321388,2130580908986,2130584228525,3.319539,positive,,false
real_can_latency_20260710,477,after,false,request_security_seed,2701,670113DD,2130610443454,2130613355750,2.912296,positive,,false
real_can_latency_20260710,477,after,false,send_security_key,2702B687,6702,2130639610768,2130642598283,2.987515,positive,,false
real_can_latency_20260710,477,after,false,read_target_before,221234,621234,2130668799173,2130671799400,3.000227,positive,,false
real_can_latency_20260710,477,after,false,write_target,2E123401DD,7F2E31,2130698000011,2130700212711,2.212700,negative,0x31,false
real_can_latency_20260710,477,after,false,read_target_after,221234,621234,2130726427151,2130729524386,3.097235,positive,,false
real_can_latency_20260710,478,after,false,session_reset,1001,500100321388,2130755873130,2130758839832,2.966702,positive,,false
real_can_latency_20260710,478,after,false,enter_extended_session,1003,500300321388,2130785053295,2130788100384,3.047089,positive,,false
real_can_latency_20260710,478,after,false,request_security_seed,2701,670113DE,2130814326417,2130817414643,3.088226,positive,,false
real_can_latency_20260710,478,after,false,send_security_key,2702B684,6702,2130843638302,2130846789594,3.151292,positive,,false
real_can_latency_20260710,478,after,false,read_target_before,221234,621234,2130873034554,2130876059923,3.025369,positive,,false
real_can_latency_20260710,478,after,false,write_target,2E123401DE,7F2E31,2130902338687,2130905259923,2.921236,negative,0x31,false
real_can_latency_20260710,478,after,false,read_target_after,221234,621234,2130931484490,2130934584309,3.099819,positive,,false
real_can_latency_20260710,479,after,false,session_reset,1001,500100321388,2130960934031,2130963892702,2.958671,positive,,false
real_can_latency_20260710,479,after,false,enter_extended_session,1003,500300321388,2130990163015,2130993250542,3.087527,positive,,false
real_can_latency_20260710,479,after,false,request_security_seed,2701,670113DF,2131019463656,2131022682484,3.218828,positive,,false
real_can_latency_20260710,479,after,false,send_security_key,2702B685,6702,2131048915851,2131051785335,2.869484,positive,,false
real_can_latency_20260710,479,after,false,read_target_before,221234,621234,2131078040284,2131081067957,3.027673,positive,,false
real_can_latency_20260710,479,after,false,write_target,2E123401DF,7F2E31,2131107402454,2131110406731,3.004277,negative,0x31,false
real_can_latency_20260710,479,after,false,read_target_after,221234,621234,2131136634442,2131139671334,3.036892,positive,,false
real_can_latency_20260710,480,after,false,session_reset,1001,500100321388,2131166031114,2131169048521,3.017407,positive,,false
real_can_latency_20260710,480,after,false,enter_extended_session,1003,500300321388,2131195261704,2131198269613,3.007909,positive,,false
real_can_latency_20260710,480,after,false,request_security_seed,2701,670113E0,2131224518136,2131227599867,3.081731,positive,,false
real_can_latency_20260710,480,after,false,send_security_key,2702B6BA,6702,2131253852161,2131256875644,3.023483,positive,,false
real_can_latency_20260710,480,after,false,read_target_before,221234,621234,2131283111177,2131286159453,3.048276,positive,,false
real_can_latency_20260710,480,after,false,write_target,2E123401E0,7F2E31,2131312371868,2131315479789,3.107921,negative,0x31,false
real_can_latency_20260710,480,after,false,read_target_after,221234,621234,2131341705404,2131344789999,3.084595,positive,,false
real_can_latency_20260710,481,after,false,session_reset,1001,500100321388,2131371343028,2131374063960,2.720932,positive,,false
real_can_latency_20260710,481,after,false,enter_extended_session,1003,500300321388,2131400304242,2131403392537,3.088295,positive,,false
real_can_latency_20260710,481,after,false,request_security_seed,2701,670113E1,2131429595315,2131432616144,3.020829,positive,,false
real_can_latency_20260710,481,after,false,send_security_key,2702B6BB,6702,2131458843156,2131461911826,3.068670,positive,,false
real_can_latency_20260710,481,after,false,read_target_before,221234,621234,2131488135625,2131491209394,3.073769,positive,,false
real_can_latency_20260710,481,after,false,write_target,2E123401E1,7F2E31,2131517471466,2131520554035,3.082569,negative,0x31,false
real_can_latency_20260710,481,after,false,read_target_after,221234,621234,2131546784469,2131549836866,3.052397,positive,,false
real_can_latency_20260710,482,after,false,session_reset,1001,500100321388,2131576206912,2131579156155,2.949243,positive,,false
real_can_latency_20260710,482,after,false,enter_extended_session,1003,500300321388,2131605391268,2131608398688,3.007420,positive,,false
real_can_latency_20260710,482,after,false,request_security_seed,2701,670113E2,2131634649236,2131637789074,3.139838,positive,,false
real_can_latency_20260710,482,after,false,send_security_key,2702B6B8,6702,2131664078733,2131666986141,2.907408,positive,,false
real_can_latency_20260710,482,after,false,read_target_before,221234,621234,2131693295495,2131696287271,2.991776,positive,,false
real_can_latency_20260710,482,after,false,write_target,2E123401E2,7F2E31,2131722535026,2131725557322,3.022296,negative,0x31,false
real_can_latency_20260710,482,after,false,read_target_after,221234,621234,2131751779445,2131754906502,3.127057,positive,,false
real_can_latency_20260710,483,after,false,session_reset,1001,500100321388,2131781265513,2131784161886,2.896373,positive,,false
real_can_latency_20260710,483,after,false,enter_extended_session,1003,500300321388,2131810413761,2131813503174,3.089413,positive,,false
real_can_latency_20260710,483,after,false,request_security_seed,2701,670113E3,2131839744713,2131842779301,3.034588,positive,,false
real_can_latency_20260710,483,after,false,send_security_key,2702B6B9,6702,2131869032783,2131872107739,3.074956,positive,,false
real_can_latency_20260710,483,after,false,read_target_before,221234,621234,2131898351652,2131901463694,3.112042,positive,,false
real_can_latency_20260710,483,after,false,write_target,2E123401E3,7F2E31,2131927724858,2131930784798,3.059940,negative,0x31,false
real_can_latency_20260710,483,after,false,read_target_after,221234,621234,2131957038000,2131960336657,3.298657,positive,,false
real_can_latency_20260710,484,after,false,session_reset,1001,500100321388,2131986712989,2131989246748,2.533759,positive,,false
real_can_latency_20260710,484,after,false,enter_extended_session,1003,500300321388,2132015459582,2132018535028,3.075446,positive,,false
real_can_latency_20260710,484,after,false,request_security_seed,2701,670113E4,2132044748980,2132048134379,3.385399,positive,,false
real_can_latency_20260710,484,after,false,send_security_key,2702B6BE,6702,2132074435981,2132077179682,2.743701,positive,,false
real_can_latency_20260710,484,after,false,read_target_before,221234,621234,2132103381482,2132106429270,3.047788,positive,,false
real_can_latency_20260710,484,after,false,write_target,2E123401E4,7F2E31,2132132644968,2132135755823,3.110855,negative,0x31,false
real_can_latency_20260710,484,after,false,read_target_after,221234,621234,2132161968168,2132165073715,3.105547,positive,,false
real_can_latency_20260710,485,after,false,session_reset,1001,500100321388,2132191408701,2132194385112,2.976411,positive,,false
real_can_latency_20260710,485,after,false,enter_extended_session,1003,500300321388,2132220613102,2132223882356,3.269254,positive,,false
real_can_latency_20260710,485,after,false,request_security_seed,2701,670113E5,2132250153368,2132252909221,2.755853,positive,,false
real_can_latency_20260710,485,after,false,send_security_key,2702B6BF,6702,2132279193503,2132282215101,3.021598,positive,,false
real_can_latency_20260710,485,after,false,read_target_before,221234,621234,2132308430170,2132311556529,3.126359,positive,,false
real_can_latency_20260710,485,after,false,write_target,2E123401E5,7F2E31,2132337796113,2132340849698,3.053585,negative,0x31,false
real_can_latency_20260710,485,after,false,read_target_after,221234,621234,2132367055409,2132370341425,3.286016,positive,,false
real_can_latency_20260710,486,after,false,session_reset,1001,500100321388,2132396698481,2132399434848,2.736367,positive,,false
real_can_latency_20260710,486,after,false,enter_extended_session,1003,500300321388,2132425680857,2132428797718,3.116861,positive,,false
real_can_latency_20260710,486,after,false,request_security_seed,2701,670113E6,2132455050292,2132458045490,2.995198,positive,,false
real_can_latency_20260710,486,after,false,send_security_key,2702B6BC,6702,2132484313639,2132487325668,3.012029,positive,,false
real_can_latency_20260710,486,after,false,read_target_before,221234,621234,2132513555754,2132516567364,3.011610,positive,,false
real_can_latency_20260710,486,after,false,write_target,2E123401E6,7F2E31,2132542781736,2132545928767,3.147031,negative,0x31,false
real_can_latency_20260710,486,after,false,read_target_after,221234,621234,2132572209837,2132575231365,3.021528,positive,,false
real_can_latency_20260710,487,after,false,session_reset,1001,500100321388,2132601574942,2132604729935,3.154993,positive,,false
real_can_latency_20260710,487,after,false,enter_extended_session,1003,500300321388,2132630936275,2132633814210,2.877935,positive,,false
real_can_latency_20260710,487,after,false,request_security_seed,2701,670113E7,2132660032422,2132663085518,3.053096,positive,,false
real_can_latency_20260710,487,after,false,send_security_key,2702B6BD,6702,2132689348918,2132692440147,3.091229,positive,,false
real_can_latency_20260710,487,after,false,read_target_before,221234,621234,2132718657661,2132721682541,3.024880,positive,,false
real_can_latency_20260710,487,after,false,write_target,2E123401E7,7F2E31,2132747922684,2132751041919,3.119235,negative,0x31,false
real_can_latency_20260710,487,after,false,read_target_after,221234,621234,2132777250214,2132780342002,3.091788,positive,,false
real_can_latency_20260710,488,after,false,session_reset,1001,500100321388,2132806692633,2132809547730,2.855097,positive,,false
real_can_latency_20260710,488,after,false,enter_extended_session,1003,500300321388,2132835967014,2132838909343,2.942329,positive,,false
real_can_latency_20260710,488,after,false,request_security_seed,2701,670113E8,2132865148019,2132868222695,3.074676,positive,,false
real_can_latency_20260710,488,after,false,send_security_key,2702B6B2,6702,2132894422330,2132897466626,3.044296,positive,,false
real_can_latency_20260710,488,after,false,read_target_before,221234,621234,2132923701531,2132926758328,3.056797,positive,,false
real_can_latency_20260710,488,after,false,write_target,2E123401E8,7F2E31,2132953052737,2132956126715,3.073978,negative,0x31,false
real_can_latency_20260710,488,after,false,read_target_after,221234,621234,2132982493131,2132985361847,2.868716,positive,,false
real_can_latency_20260710,489,after,false,session_reset,1001,500100321388,2133011713526,2133014628686,2.915160,positive,,false
real_can_latency_20260710,489,after,false,enter_extended_session,1003,500300321388,2133040867782,2133044276089,3.408307,positive,,false
real_can_latency_20260710,489,after,false,request_security_seed,2701,670113E9,2133070694745,2133073242892,2.548147,positive,,false
real_can_latency_20260710,489,after,false,send_security_key,2702B6B3,6702,2133099460336,2133102558131,3.097795,positive,,false
real_can_latency_20260710,489,after,false,read_target_before,221234,621234,2133128818877,2133131841662,3.022785,positive,,false
real_can_latency_20260710,489,after,false,write_target,2E123401E9,7F2E31,2133158076916,2133161161999,3.085083,negative,0x31,false
real_can_latency_20260710,489,after,false,read_target_after,221234,621234,2133187413317,2133190437918,3.024601,positive,,false
real_can_latency_20260710,490,after,false,session_reset,1001,500100321388,2133216792880,2133219756440,2.963560,positive,,false
real_can_latency_20260710,490,after,false,enter_extended_session,1003,500300321388,2133245985478,2133249051844,3.066366,positive,,false
real_can_latency_20260710,490,after,false,request_security_seed,2701,670113EA,2133275300089,2133278333420,3.033331,positive,,false
real_can_latency_20260710,490,after,false,send_security_key,2702B6B0,6702,2133304579779,2133307816696,3.236917,positive,,false
real_can_latency_20260710,490,after,false,read_target_before,221234,621234,2133334042103,2133336965714,2.923611,positive,,false
real_can_latency_20260710,490,after,false,write_target,2E123401EA,7F2E31,2133363167026,2133366238141,3.071115,negative,0x31,false
real_can_latency_20260710,490,after,false,read_target_after,221234,621234,2133392491204,2133395528027,3.036823,positive,,false
real_can_latency_20260710,491,after,false,session_reset,1001,500100321388,2133421911554,2133424868758,2.957204,positive,,false
real_can_latency_20260710,491,after,false,enter_extended_session,1003,500300321388,2133451042204,2133454122957,3.080753,positive,,false
real_can_latency_20260710,491,after,false,request_security_seed,2701,670113EB,2133480359189,2133483379739,3.020550,positive,,false
real_can_latency_20260710,491,after,false,send_security_key,2702B6B1,6702,2133509811106,2133512806374,2.995268,positive,,false
real_can_latency_20260710,491,after,false,read_target_before,221234,621234,2133539050708,2133542024604,2.973896,positive,,false
real_can_latency_20260710,491,after,false,write_target,2E123401EB,7F2E31,2133568262443,2133571306948,3.044505,negative,0x31,false
real_can_latency_20260710,491,after,false,read_target_after,221234,621234,2133597550164,2133600645235,3.095071,positive,,false
real_can_latency_20260710,492,after,false,session_reset,1001,500100321388,2133627029809,2133629887420,2.857611,positive,,false
real_can_latency_20260710,492,after,false,enter_extended_session,1003,500300321388,2133656132103,2133659218932,3.086829,positive,,false
real_can_latency_20260710,492,after,false,request_security_seed,2701,670113EC,2133685460612,2133688534172,3.073560,positive,,false
real_can_latency_20260710,492,after,false,send_security_key,2702B6B6,6702,2133714790029,2133717790255,3.000226,positive,,false
real_can_latency_20260710,492,after,false,read_target_before,221234,621234,2133744065389,2133747085450,3.020061,positive,,false
real_can_latency_20260710,492,after,false,write_target,2E123401EC,7F2E31,2133773506621,2133776396848,2.890227,negative,0x31,false
real_can_latency_20260710,492,after,false,read_target_after,221234,621234,2133802648794,2133805982581,3.333787,positive,,false
real_can_latency_20260710,493,after,false,session_reset,1001,500100321388,2133832349276,2133834968590,2.619314,positive,,false
real_can_latency_20260710,493,after,false,enter_extended_session,1003,500300321388,2133861205381,2133864268883,3.063502,positive,,false
real_can_latency_20260710,493,after,false,request_security_seed,2701,670113ED,2133890493661,2133893574694,3.081033,positive,,false
real_can_latency_20260710,493,after,false,send_security_key,2702B6B7,6702,2133919839980,2133922870936,3.030956,positive,,false
real_can_latency_20260710,493,after,false,read_target_before,221234,621234,2133949153543,2133952198956,3.045413,positive,,false
real_can_latency_20260710,493,after,false,write_target,2E123401ED,7F2E31,2133978409976,2133981470964,3.060988,negative,0x31,false
real_can_latency_20260710,493,after,false,read_target_after,221234,621234,2134007692530,2134010760503,3.067973,positive,,false
real_can_latency_20260710,494,after,false,session_reset,1001,500100321388,2134037133065,2134040046758,2.913693,positive,,false
real_can_latency_20260710,494,after,false,enter_extended_session,1003,500300321388,2134066286064,2134069573267,3.287203,positive,,false
real_can_latency_20260710,494,after,false,request_security_seed,2701,670113EE,2134095776046,2134098645321,2.869275,positive,,false
real_can_latency_20260710,494,after,false,send_security_key,2702B6B4,6702,2134124892099,2134127948618,3.056519,positive,,false
real_can_latency_20260710,494,after,false,read_target_before,221234,621234,2134154374399,2134157214061,2.839662,positive,,false
real_can_latency_20260710,494,after,false,write_target,2E123401EE,7F2E31,2134183424592,2134186559123,3.134531,negative,0x31,false
real_can_latency_20260710,494,after,false,read_target_after,221234,621234,2134212793260,2134215814579,3.021319,positive,,false
real_can_latency_20260710,495,after,false,session_reset,1001,500100321388,2134242220595,2134245228853,3.008258,positive,,false
real_can_latency_20260710,495,after,false,enter_extended_session,1003,500300321388,2134271448045,2134274426620,2.978575,positive,,false
real_can_latency_20260710,495,after,false,request_security_seed,2701,670113EF,2134300662783,2134303748844,3.086061,positive,,false
real_can_latency_20260710,495,after,false,send_security_key,2702B6B5,6702,2134330030893,2134333246998,3.216105,positive,,false
real_can_latency_20260710,495,after,false,read_target_before,221234,621234,2134359458018,2134362319959,2.861941,positive,,false
real_can_latency_20260710,495,after,false,write_target,2E123401EF,7F2E31,2134388554167,2134391631148,3.076981,negative,0x31,false
real_can_latency_20260710,495,after,false,read_target_after,221234,621234,2134417877229,2134420930883,3.053654,positive,,false
real_can_latency_20260710,496,after,false,session_reset,1001,500100321388,2134447497394,2134450265818,2.768424,positive,,false
real_can_latency_20260710,496,after,false,enter_extended_session,1003,500300321388,2134476523213,2134479521065,2.997852,positive,,false
real_can_latency_20260710,496,after,false,request_security_seed,2701,670113F0,2134505710993,2134509029345,3.318352,positive,,false
real_can_latency_20260710,496,after,false,send_security_key,2702B6AA,6702,2134535194340,2134538111456,2.917116,positive,,false
real_can_latency_20260710,496,after,false,read_target_before,221234,621234,2134564299009,2134567401204,3.102195,positive,,false
real_can_latency_20260710,496,after,false,write_target,2E123401F0,7F2E31,2134593658109,2134596748431,3.090322,negative,0x31,false
real_can_latency_20260710,496,after,false,read_target_after,221234,621234,2134622970695,2134626242812,3.272117,positive,,false
real_can_latency_20260710,497,after,false,session_reset,1001,500100321388,2134652591419,2134655275476,2.684057,positive,,false
real_can_latency_20260710,497,after,false,enter_extended_session,1003,500300321388,2134681698673,2134684586665,2.887992,positive,,false
real_can_latency_20260710,497,after,false,request_security_seed,2701,670113F1,2134710825342,2134713884095,3.058753,positive,,false
real_can_latency_20260710,497,after,false,send_security_key,2702B6AB,6702,2134740168518,2134743227760,3.059242,positive,,false
real_can_latency_20260710,497,after,false,read_target_before,221234,621234,2134769420063,2134772407648,2.987585,positive,,false
real_can_latency_20260710,497,after,false,write_target,2E123401F1,7F2E31,2134798644440,2134801745237,3.100797,negative,0x31,false
real_can_latency_20260710,497,after,false,read_target_after,221234,621234,2134828030359,2134831086249,3.055890,positive,,false
real_can_latency_20260710,498,after,false,session_reset,1001,500100321388,2134857465306,2134860399323,2.934017,positive,,false
real_can_latency_20260710,498,after,false,enter_extended_session,1003,500300321388,2134886636953,2134889665186,3.028233,positive,,false
real_can_latency_20260710,498,after,false,request_security_seed,2701,670113F2,2134915895622,2134918955492,3.059870,positive,,false
real_can_latency_20260710,498,after,false,send_security_key,2702B6A8,6702,2134945236633,2134948237069,3.000436,positive,,false
real_can_latency_20260710,498,after,false,read_target_before,221234,621234,2134974443899,2134977554055,3.110156,positive,,false
real_can_latency_20260710,498,after,false,write_target,2E123401F2,7F2E31,2135003795596,2135006926425,3.130829,negative,0x31,false
real_can_latency_20260710,498,after,false,read_target_after,221234,621234,2135033165452,2135036161977,2.996525,positive,,false
real_can_latency_20260710,499,after,false,session_reset,1001,500100321388,2135062493194,2135065491046,2.997852,positive,,false
real_can_latency_20260710,499,after,false,enter_extended_session,1003,500300321388,2135091745718,2135094756630,3.010912,positive,,false
real_can_latency_20260710,499,after,false,request_security_seed,2701,670113F3,2135120974775,2135124025845,3.051070,positive,,false
real_can_latency_20260710,499,after,false,send_security_key,2702B6A9,6702,2135150273184,2135153335848,3.062664,positive,,false
real_can_latency_20260710,499,after,false,read_target_before,221234,621234,2135179567402,2135182620428,3.053026,positive,,false
real_can_latency_20260710,499,after,false,write_target,2E123401F3,7F2E31,2135208860712,2135211901517,3.040805,negative,0x31,false
real_can_latency_20260710,499,after,false,read_target_after,221234,621234,2135238139636,2135241206421,3.066785,positive,,false
real_can_latency_20260710,500,after,false,session_reset,1001,500100321388,2135267556285,2135270512582,2.956297,positive,,false
real_can_latency_20260710,500,after,false,enter_extended_session,1003,500300321388,2135296723044,2135299805753,3.082709,positive,,false
real_can_latency_20260710,500,after,false,request_security_seed,2701,670113F4,2135326044850,2135329119806,3.074956,positive,,false
real_can_latency_20260710,500,after,false,send_security_key,2702B6AE,6702,2135355376293,2135358470037,3.093744,positive,,false
real_can_latency_20260710,500,after,false,read_target_before,221234,621234,2135384699216,2135387730871,3.031655,positive,,false
real_can_latency_20260710,500,after,false,write_target,2E123401F4,7F2E31,2135413990711,2135417283082,3.292371,negative,0x31,false
real_can_latency_20260710,500,after,false,read_target_after,221234,621234,2135443509677,2135446272794,2.763117,positive,,false
real_can_latency_20260710,501,after,false,session_reset,1001,500100321388,2135472827642,2135475628263,2.800621,positive,,false
real_can_latency_20260710,501,after,false,enter_extended_session,1003,500300321388,2135501855277,2135504918151,3.062874,positive,,false
real_can_latency_20260710,501,after,false,request_security_seed,2701,670113F5,2135531149147,2135534206084,3.056937,positive,,false
real_can_latency_20260710,501,after,false,send_security_key,2702B6AF,6702,2135560465574,2135564834194,4.368620,positive,,false
real_can_latency_20260710,501,after,false,read_target_before,221234,621234,2135591115545,2135593792897,2.677352,positive,,false
real_can_latency_20260710,501,after,false,write_target,2E123401F5,7F2E31,2135620039257,2135623067350,3.028093,negative,0x31,false
real_can_latency_20260710,501,after,false,read_target_after,221234,621234,2135649310009,2135652335658,3.025649,positive,,false
real_can_latency_20260710,502,after,false,session_reset,1001,500100321388,2135678774500,2135681646847,2.872347,positive,,false
real_can_latency_20260710,502,after,false,enter_extended_session,1003,500300321388,2135707874211,2135710971307,3.097096,positive,,false
real_can_latency_20260710,502,after,false,request_security_seed,2701,670113F6,2135737198391,2135740255259,3.056868,positive,,false
real_can_latency_20260710,502,after,false,send_security_key,2702B6AC,6702,2135766494426,2135769540607,3.046181,positive,,false
real_can_latency_20260710,502,after,false,read_target_before,221234,621234,2135795755050,2135798862273,3.107223,positive,,false
real_can_latency_20260710,502,after,false,write_target,2E123401F6,7F2E31,2135825056742,2135828548090,3.491348,negative,0x31,false
real_can_latency_20260710,502,after,false,read_target_after,221234,621234,2135854786698,2135857458183,2.671485,positive,,false
real_can_latency_20260710,503,after,false,session_reset,1001,500100321388,2135883812797,2135886755125,2.942328,positive,,false
real_can_latency_20260710,503,after,false,enter_extended_session,1003,500300321388,2135912949664,2135916057795,3.108131,positive,,false
real_can_latency_20260710,503,after,false,request_security_seed,2701,670113F7,2135942292561,2135945357181,3.064620,positive,,false
real_can_latency_20260710,503,after,false,send_security_key,2702B6AD,6702,2135971589294,2135974960795,3.371501,positive,,false
real_can_latency_20260710,503,after,false,read_target_before,221234,621234,2136001204782,2136003936679,2.731897,positive,,false
real_can_latency_20260710,503,after,false,write_target,2E123401F7,7F2E31,2136030173193,2136033252130,3.078937,negative,0x31,false
real_can_latency_20260710,503,after,false,read_target_after,221234,621234,2136059493323,2136062616609,3.123286,positive,,false
real_can_latency_20260710,504,after,false,session_reset,1001,500100321388,2136088975344,2136091825622,2.850278,positive,,false
real_can_latency_20260710,504,after,false,enter_extended_session,1003,500300321388,2136118043838,2136121113556,3.069718,positive,,false
real_can_latency_20260710,504,after,false,request_security_seed,2701,670113F8,2136147546811,2136150414619,2.867808,positive,,false
real_can_latency_20260710,504,after,false,send_security_key,2702B6A2,6702,2136176849341,2136179767645,2.918304,positive,,false
real_can_latency_20260710,504,after,false,read_target_before,221234,621234,2136206033840,2136209347304,3.313464,positive,,false
real_can_latency_20260710,504,after,false,write_target,2E123401F8,7F2E31,2136235588008,2136238334223,2.746215,negative,0x31,false
real_can_latency_20260710,504,after,false,read_target_after,221234,621234,2136264584565,2136267574315,2.989750,positive,,false
real_can_latency_20260710,505,after,false,session_reset,1001,500100321388,2136294144948,2136296873772,2.728824,positive,,false
real_can_latency_20260710,505,after,false,enter_extended_session,1003,500300321388,2136323137174,2136326416346,3.279172,positive,,false
real_can_latency_20260710,505,after,false,request_security_seed,2701,670113F9,2136352627786,2136355493360,2.865574,positive,,false
real_can_latency_20260710,505,after,false,send_security_key,2702B6A3,6702,2136381740000,2136384783458,3.043458,positive,,false
real_can_latency_20260710,505,after,false,read_target_before,221234,621234,2136411017527,2136414070204,3.052677,positive,,false
real_can_latency_20260710,505,after,false,write_target,2E123401F9,7F2E31,2136440319708,2136443405141,3.085433,negative,0x31,false
real_can_latency_20260710,505,after,false,read_target_after,221234,621234,2136469663305,2136472771715,3.108410,positive,,false
real_can_latency_20260710,506,after,false,session_reset,1001,500100321388,2136499181993,2136502165946,2.983953,positive,,false
real_can_latency_20260710,506,after,false,enter_extended_session,1003,500300321388,2136528373546,2136531251690,2.878144,positive,,false
real_can_latency_20260710,506,after,false,request_security_seed,2701,670113FA,2136557445461,2136560584322,3.138861,positive,,false
real_can_latency_20260710,506,after,false,send_security_key,2702B6A0,6702,2136586854429,2136589884198,3.029769,positive,,false
real_can_latency_20260710,506,after,false,read_target_before,221234,621234,2136616148997,2136619310207,3.161210,positive,,false
real_can_latency_20260710,506,after,false,write_target,2E123401FA,7F2E31,2136645514175,2136648490516,2.976341,negative,0x31,false
real_can_latency_20260710,506,after,false,read_target_after,221234,621234,2136674701398,2136677755192,3.053794,positive,,false
real_can_latency_20260710,507,after,false,session_reset,1001,500100321388,2136704202974,2136707188814,2.985840,positive,,false
real_can_latency_20260710,507,after,false,enter_extended_session,1003,500300321388,2136733425467,2136736347961,2.922494,positive,,false
real_can_latency_20260710,507,after,false,request_security_seed,2701,670113FB,2136762570855,2136765657056,3.086201,positive,,false
real_can_latency_20260710,507,after,false,send_security_key,2702B6A1,6702,2136791912077,2136794959167,3.047090,positive,,false
real_can_latency_20260710,507,after,false,read_target_before,221234,621234,2136821134989,2136824171323,3.036334,positive,,false
real_can_latency_20260710,507,after,false,write_target,2E123401FB,7F2E31,2136850428230,2136853549980,3.121750,negative,0x31,false
real_can_latency_20260710,507,after,false,read_target_after,221234,621234,2136879765401,2136882841266,3.075865,positive,,false
real_can_latency_20260710,508,after,false,session_reset,1001,500100321388,2136909241556,2136912135624,2.894068,positive,,false
real_can_latency_20260710,508,after,false,enter_extended_session,1003,500300321388,2136938376189,2136941391990,3.015801,positive,,false
real_can_latency_20260710,508,after,false,request_security_seed,2701,670113FC,2136967841379,2136970779796,2.938417,positive,,false
real_can_latency_20260710,508,after,false,send_security_key,2702B6A6,6702,2136997043758,2137000079324,3.035566,positive,,false
real_can_latency_20260710,508,after,false,read_target_before,221234,621234,2137026314301,2137029325284,3.010983,positive,,false
real_can_latency_20260710,508,after,false,write_target,2E123401FC,7F2E31,2137055572623,2137058624043,3.051420,negative,0x31,false
real_can_latency_20260710,508,after,false,read_target_after,221234,621234,2137084881440,2137087917425,3.035985,positive,,false
real_can_latency_20260710,509,after,false,session_reset,1001,500100321388,2137114328332,2137117210527,2.882195,positive,,false
real_can_latency_20260710,509,after,false,enter_extended_session,1003,500300321388,2137143475397,2137146736898,3.261501,positive,,false
real_can_latency_20260710,509,after,false,request_security_seed,2701,670113FD,2137172963006,2137175800992,2.837986,positive,,false
real_can_latency_20260710,509,after,false,send_security_key,2702B6A7,6702,2137202043582,2137205092768,3.049186,positive,,false
real_can_latency_20260710,509,after,false,read_target_before,221234,621234,2137231342621,2137234389292,3.046671,positive,,false
real_can_latency_20260710,509,after,false,write_target,2E123401FD,7F2E31,2137260634048,2137263754261,3.120213,negative,0x31,false
real_can_latency_20260710,509,after,false,read_target_after,221234,621234,2137289990077,2137293085008,3.094931,positive,,false
real_can_latency_20260710,510,after,false,session_reset,1001,500100321388,2137319437178,2137322289203,2.852025,positive,,false
real_can_latency_20260710,510,after,false,enter_extended_session,1003,500300321388,2137348532631,2137351602838,3.070207,positive,,false
real_can_latency_20260710,510,after,false,request_security_seed,2701,670113FE,2137377796051,2137380878620,3.082569,positive,,false
real_can_latency_20260710,510,after,false,send_security_key,2702B6A4,6702,2137407161159,2137410147348,2.986189,positive,,false
real_can_latency_20260710,510,after,false,read_target_before,221234,621234,2137436352853,2137439640125,3.287272,positive,,false
real_can_latency_20260710,510,after,false,write_target,2E123401FE,7F2E31,2137465887395,2137468753318,2.865923,negative,0x31,false
real_can_latency_20260710,510,after,false,read_target_after,221234,621234,2137495167507,2137498053963,2.886456,positive,,false
real_can_latency_20260710,511,after,false,session_reset,1001,500100321388,2137524433371,2137527398538,2.965167,positive,,false
real_can_latency_20260710,511,after,false,enter_extended_session,1003,500300321388,2137553632119,2137556738643,3.106524,positive,,false
real_can_latency_20260710,511,after,false,request_security_seed,2701,670113FF,2137582969151,2137585958203,2.989052,positive,,false
real_can_latency_20260710,511,after,false,send_security_key,2702B6A5,6702,2137612190178,2137615252353,3.062175,positive,,false
real_can_latency_20260710,511,after,false,read_target_before,221234,621234,2137641664098,2137644561589,2.897491,positive,,false
real_can_latency_20260710,511,after,false,write_target,2E123401FF,7F2E31,2137670805716,2137673863910,3.058194,negative,0x31,false
real_can_latency_20260710,511,after,false,read_target_after,221234,621234,2137700131084,2137703365278,3.234194,positive,,false
real_can_latency_20260710,512,after,false,session_reset,1001,500100321388,2137729748179,2137732414147,2.665968,positive,,false
real_can_latency_20260710,512,after,false,enter_extended_session,1003,500300321388,2137758652966,2137761738329,3.085363,positive,,false
real_can_latency_20260710,512,after,false,request_security_seed,2701,67011400,2137787976170,2137791061323,3.085153,positive,,false
real_can_latency_20260710,512,after,false,send_security_key,2702B15A,6702,2137817278840,2137820620449,3.341609,positive,,false
real_can_latency_20260710,512,after,false,read_target_before,221234,621234,2137846846697,2137849618264,2.771567,positive,,false
real_can_latency_20260710,512,after,false,write_target,2E12340200,7F2E31,2137875823001,2137878936789,3.113788,negative,0x31,false
real_can_latency_20260710,512,after,false,read_target_after,221234,621234,2137905167366,2137908219764,3.052398,positive,,false
real_can_latency_20260710,513,after,false,session_reset,1001,500100321388,2137934582551,2137937774910,3.192359,positive,,false
real_can_latency_20260710,513,after,false,enter_extended_session,1003,500300321388,2137964026370,2137966811137,2.784767,positive,,false
real_can_latency_20260710,513,after,false,request_security_seed,2701,67011401,2137993042344,2137996101098,3.058754,positive,,false
real_can_latency_20260710,513,after,false,send_security_key,2702B15B,6702,2138022324692,2138025421020,3.096328,positive,,false
real_can_latency_20260710,513,after,false,read_target_before,221234,621234,2138051622404,2138054731234,3.108830,positive,,false
real_can_latency_20260710,513,after,false,write_target,2E12340201,7F2E31,2138080950847,2138084082305,3.131458,negative,0x31,false
real_can_latency_20260710,513,after,false,read_target_after,221234,621234,2138110280058,2138113286989,3.006931,positive,,false
real_can_latency_20260710,514,after,false,session_reset,1001,500100321388,2138139647332,2138142585331,2.937999,positive,,false
real_can_latency_20260710,514,after,false,enter_extended_session,1003,500300321388,2138169021381,2138171893240,2.871859,positive,,false
real_can_latency_20260710,514,after,false,request_security_seed,2701,67011402,2138198167189,2138201286216,3.119027,positive,,false
real_can_latency_20260710,514,after,false,send_security_key,2702B158,6702,2138227553181,2138230501935,2.948754,positive,,false
real_can_latency_20260710,514,after,false,read_target_before,221234,621234,2138256724202,2138259789870,3.065668,positive,,false
real_can_latency_20260710,514,after,false,write_target,2E12340202,7F2E31,2138286018283,2138289134934,3.116651,negative,0x31,false
real_can_latency_20260710,514,after,false,read_target_after,221234,621234,2138315340929,2138318414209,3.073280,positive,,false
real_can_latency_20260710,515,after,false,session_reset,1001,500100321388,2138344804374,2138347731756,2.927382,positive,,false
real_can_latency_20260710,515,after,false,enter_extended_session,1003,500300321388,2138373952766,2138377166637,3.213871,positive,,false
real_can_latency_20260710,515,after,false,request_security_seed,2701,67011403,2138403411393,2138406205309,2.793916,positive,,false
real_can_latency_20260710,515,after,false,send_security_key,2702B159,6702,2138432463544,2138435589415,3.125871,positive,,false
real_can_latency_20260710,515,after,false,read_target_before,221234,621234,2138461822438,2138465075838,3.253400,positive,,false
real_can_latency_20260710,515,after,false,write_target,2E12340203,7F2E31,2138491303622,2138494212986,2.909364,negative,0x31,false
real_can_latency_20260710,515,after,false,read_target_after,221234,621234,2138520450060,2138523469493,3.019433,positive,,false
real_can_latency_20260710,516,after,false,session_reset,1001,500100321388,2138549853092,2138552761129,2.908037,positive,,false
real_can_latency_20260710,516,after,false,enter_extended_session,1003,500300321388,2138578973130,2138582080981,3.107851,positive,,false
real_can_latency_20260710,516,after,false,request_security_seed,2701,67011404,2138608351439,2138611374713,3.023274,positive,,false
real_can_latency_20260710,516,after,false,send_security_key,2702B15E,6702,2138637605082,2138640713003,3.107921,positive,,false
real_can_latency_20260710,516,after,false,read_target_before,221234,621234,2138666932546,2138669936964,3.004418,positive,,false
real_can_latency_20260710,516,after,false,write_target,2E12340204,7F2E31,2138696183815,2138699300746,3.116931,negative,0x31,false
real_can_latency_20260710,516,after,false,read_target_after,221234,621234,2138725535514,2138728505640,2.970126,positive,,false
real_can_latency_20260710,517,after,false,session_reset,1001,500100321388,2138754882325,2138758085859,3.203534,positive,,false
real_can_latency_20260710,517,after,false,enter_extended_session,1003,500300321388,2138784295345,2138787156658,2.861313,positive,,false
real_can_latency_20260710,517,after,false,request_security_seed,2701,67011405,2138813363491,2138816423641,3.060150,positive,,false
real_can_latency_20260710,517,after,false,send_security_key,2702B15F,6702,2138842654638,2138845711296,3.056658,positive,,false
real_can_latency_20260710,517,after,false,read_target_before,221234,621234,2138871933354,2138874941962,3.008608,positive,,false
real_can_latency_20260710,517,after,false,write_target,2E12340205,7F2E31,2138901160667,2138904505070,3.344403,negative,0x31,false
real_can_latency_20260710,517,after,false,read_target_after,221234,621234,2138930748988,2138933659190,2.910202,positive,,false
real_can_latency_20260710,518,after,false,session_reset,1001,500100321388,2138960075754,2138962934623,2.858869,positive,,false
real_can_latency_20260710,518,after,false,enter_extended_session,1003,500300321388,2138989172745,2138992178978,3.006233,positive,,false
real_can_latency_20260710,518,after,false,request_security_seed,2701,67011406,2139018395169,2139021504139,3.108970,positive,,false
real_can_latency_20260710,518,after,false,send_security_key,2702B15C,6702,2139047720470,2139050818055,3.097585,positive,,false
real_can_latency_20260710,518,after,false,read_target_before,221234,621234,2139077049262,2139080096981,3.047719,positive,,false
real_can_latency_20260710,518,after,false,write_target,2E12340206,7F2E31,2139106283909,2139109410548,3.126639,negative,0x31,false
real_can_latency_20260710,518,after,false,read_target_after,221234,621234,2139135600200,2139138736827,3.136627,positive,,false
real_can_latency_20260710,519,after,false,session_reset,1001,500100321388,2139165039411,2139167985093,2.945682,positive,,false
real_can_latency_20260710,519,after,false,enter_extended_session,1003,500300321388,2139194217976,2139197288672,3.070696,positive,,false
real_can_latency_20260710,519,after,false,request_security_seed,2701,67011407,2139223533080,2139226555376,3.022296,positive,,false
real_can_latency_20260710,519,after,false,send_security_key,2702B15D,6702,2139252813263,2139255885077,3.071814,positive,,false
real_can_latency_20260710,519,after,false,read_target_before,221234,621234,2139282154767,2139285344053,3.189286,positive,,false
real_can_latency_20260710,519,after,false,write_target,2E12340207,7F2E31,2139311592301,2139314540846,2.948545,negative,0x31,false
real_can_latency_20260710,519,after,false,read_target_after,221234,621234,2139340778549,2139343759499,2.980950,positive,,false
real_can_latency_20260710,520,after,false,session_reset,1001,500100321388,2139370150293,2139373047016,2.896723,positive,,false
real_can_latency_20260710,520,after,false,enter_extended_session,1003,500300321388,2139399548368,2139402353390,2.805022,positive,,false
real_can_latency_20260710,520,after,false,request_security_seed,2701,67011408,2139428563365,2139431756772,3.193407,positive,,false
real_can_latency_20260710,520,after,false,send_security_key,2702B152,6702,2139458022062,2139460955730,2.933668,positive,,false
real_can_latency_20260710,520,after,false,read_target_before,221234,621234,2139487205655,2139490240453,3.034798,positive,,false
real_can_latency_20260710,520,after,false,write_target,2E12340208,7F2E31,2139516487305,2139519601722,3.114417,negative,0x31,false
real_can_latency_20260710,520,after,false,read_target_after,221234,621234,2139545847177,2139548849080,3.001903,positive,,false
