run_id,random_seed,case_id,patch_state,trial,mutation_kind,did_hex,payload_length,data_hex,request_payload,request_can_data_hex,response_payload,response_class,response_sid,nrc,attack_pass,attack_success,timeout,send_wall_iso,send_monotonic_ns,recv_monotonic_ns,latency_ms,observer_request_seen,observer_response_seen,observer_request_timestamp_us,observer_response_timestamp_us,observer_latency_ms,observer_consistent,consistency_note
run_3,20260712,1,before,1,target_did_random_data,0x1234,7,5A86F2F2,2E12345A86F2F2,072E12345A86F2F2,6E1234,positive,0x6E,,true,true,false,2026-07-10T12:43:27.097973+02:00,2966057037014,2966059421337,2.384323,true,true,6292513,6296595,4.082000,true,matched_request_response
run_3,20260712,2,before,2,target_did_random_data,0x1234,4,A8,2E1234A8,042E1234A8000000,6E1234,positive,0x6E,,true,true,false,2026-07-10T12:43:27.121719+02:00,2966080783447,2966083894123,3.110676,true,true,6316251,6320345,4.094000,true,matched_request_response
run_3,20260712,3,before,3,target_did_random_data,0x1234,4,40,2E123440,042E123440000000,6E1234,positive,0x6E,,true,true,false,2026-07-10T12:43:27.146209+02:00,2966105273553,2966108308172,3.034619,true,true,6340735,6344827,4.092000,true,matched_request_response
run_3,20260712,4,before,4,target_did_random_data,0x1234,7,E69EAFDF,2E1234E69EAFDF,072E1234E69EAFDF,6E1234,positive,0x6E,,true,true,false,2026-07-10T12:43:27.170644+02:00,2966129708414,2966132695401,2.986987,true,true,6365111,6369193,4.082000,true,matched_request_response
run_3,20260712,5,before,5,target_did_random_data,0x1234,5,C7D3,2E1234C7D3,052E1234C7D30000,6E1234,positive,0x6E,,true,true,false,2026-07-10T12:43:27.195007+02:00,2966154071688,2966157065519,2.993831,true,true,6389451,6393542,4.091000,true,matched_request_response
run_3,20260712,6,before,6,target_did_random_data,0x1234,6,9FD474,2E12349FD474,062E12349FD47400,6E1234,positive,0x6E,,true,true,false,2026-07-10T12:43:27.219330+02:00,2966178393127,2966180573373,2.180246,true,true,6413746,6417830,4.084000,true,matched_request_response
run_3,20260712,7,before,7,target_did_random_data,0x1234,5,8542,2E12348542,052E123485420000,6E1234,positive,0x6E,,true,true,false,2026-07-10T12:43:27.242918+02:00,2966201983463,2966205043784,3.060321,true,true,6437340,6441430,4.090000,true,matched_request_response
run_3,20260712,8,before,8,target_did_random_data,0x1234,5,ED5E,2E1234ED5E,052E1234ED5E0000,6E1234,positive,0x6E,,true,true,false,2026-07-10T12:43:27.267320+02:00,2966226383404,2966229425426,3.042022,true,true,6461682,6465773,4.091000,true,matched_request_response
run_3,20260712,9,before,9,target_did_random_data,0x1234,6,CEE765,2E1234CEE765,062E1234CEE76500,6E1234,positive,0x6E,,true,true,false,2026-07-10T12:43:27.291790+02:00,2966250855072,2966253941094,3.086022,true,true,6486113,6490199,4.086000,true,matched_request_response
run_3,20260712,10,before,10,target_did_random_data,0x1234,4,A7,2E1234A7,042E1234A7000000,6E1234,positive,0x6E,,true,true,false,2026-07-10T12:43:27.316284+02:00,2966275348671,2966278228730,2.880059,true,true,6510581,6514675,4.094000,true,matched_request_response
run_3,20260712,11,before,11,target_did_random_data,0x1234,4,EA,2E1234EA,042E1234EA000000,6E1234,positive,0x6E,,true,true,false,2026-07-10T12:43:27.340534+02:00,2966299598661,2966302694042,3.095381,true,true,6534815,6538907,4.092000,true,matched_request_response
run_3,20260712,12,before,12,target_did_random_data,0x1234,6,42DC73,2E123442DC73,062E123442DC7300,6E1234,positive,0x6E,,true,true,false,2026-07-10T12:43:27.364963+02:00,2966324027028,2966327056199,3.029171,true,true,6559197,6563283,4.086000,true,matched_request_response
run_3,20260712,13,before,13,target_did_random_data,0x1234,4,2F,2E12342F,042E12342F000000,6E1234,positive,0x6E,,true,true,false,2026-07-10T12:43:27.389363+02:00,2966348426759,2966351741233,3.314474,true,true,6583591,6587686,4.095000,true,matched_request_response
run_3,20260712,14,before,14,target_did_random_data,0x1234,7,67D46FDE,2E123467D46FDE,072E123467D46FDE,6E1234,positive,0x6E,,true,true,false,2026-07-10T12:43:27.413981+02:00,2966373045443,2966375948271,2.902828,true,true,6608174,6612256,4.082000,true,matched_request_response
run_3,20260712,15,before,15,missing_data,0x1234,3,,2E1234,032E123400000000,7F2E13,negative,0x7F,0x13,false,false,false,2026-07-10T12:43:27.438317+02:00,2966397381060,2966400525051,3.143991,true,true,6632497,6636595,4.098000,true,matched_request_response
run_3,20260712,16,before,16,target_did_random_data,0x1234,5,7203,2E12347203,052E123472030000,6E1234,positive,0x6E,,true,true,false,2026-07-10T12:43:27.462846+02:00,2966421909858,2966424732508,2.822650,true,true,6656997,6661089,4.092000,true,matched_request_response
run_3,20260712,17,before,17,missing_data,0x1234,3,,2E1234,032E123400000000,7F2E13,negative,0x7F,0x13,false,false,false,2026-07-10T12:43:27.487140+02:00,2966446204548,2966449166601,2.962053,true,true,6681274,6685372,4.098000,true,matched_request_response
run_3,20260712,18,before,18,target_did_random_data,0x1234,6,B12E34,2E1234B12E34,062E1234B12E3400,6E1234,positive,0x6E,,true,true,false,2026-07-10T12:43:27.511486+02:00,2966470549453,2966473567729,3.018276,true,true,6705574,6709660,4.086000,true,matched_request_response
run_3,20260712,19,before,19,target_did_random_data,0x1234,7,7569F44D,2E12347569F44D,072E12347569F44D,6E1234,positive,0x6E,,true,true,false,2026-07-10T12:43:27.535892+02:00,2966494955819,2966497952584,2.996765,true,true,6729949,6734029,4.080000,true,matched_request_response
run_3,20260712,20,before,20,target_did_random_data,0x1234,6,CF2558,2E1234CF2558,062E1234CF255800,6E1234,positive,0x6E,,true,true,false,2026-07-10T12:43:27.560270+02:00,2966519334458,2966522418176,3.083718,true,true,6754312,6758399,4.087000,true,matched_request_response
run_3,20260712,21,before,21,target_did_random_data,0x1234,6,25926C,2E123425926C,062E123425926C00,6E1234,positive,0x6E,,true,true,false,2026-07-10T12:43:27.584666+02:00,2966543728672,2966546716218,2.987546,true,true,6778668,6782757,4.089000,true,matched_request_response
run_3,20260712,22,before,22,target_did_random_data,0x1234,7,926C98AD,2E1234926C98AD,072E1234926C98AD,6E1234,positive,0x6E,,true,true,false,2026-07-10T12:43:27.608977+02:00,2966568040962,2966570219811,2.178849,true,true,6802955,6807035,4.080000,true,matched_request_response
run_3,20260712,23,before,23,unknown_did,0x3333,6,64B3EA,2E333364B3EA,062E333364B3EA00,7F2E31,negative,0x7F,0x31,false,false,false,2026-07-10T12:43:27.632456+02:00,2966591518853,2966593687156,2.168303,true,true,6826394,6830480,4.086000,true,matched_request_response
run_3,20260712,24,before,24,target_did_random_data,0x1234,4,E3,2E1234E3,042E1234E3000000,6E1234,positive,0x6E,,true,true,false,2026-07-10T12:43:27.656022+02:00,2966615086910,2966618113218,3.026308,true,true,6849973,6854065,4.092000,true,matched_request_response
run_3,20260712,25,before,25,target_did_random_data,0x1234,5,C952,2E1234C952,052E1234C9520000,6E1234,positive,0x6E,,true,true,false,2026-07-10T12:43:27.680393+02:00,2966639456330,2966642539628,3.083298,true,true,6874288,6878379,4.091000,true,matched_request_response
run_3,20260712,26,before,26,target_did_random_data,0x1234,5,85EF,2E123485EF,052E123485EF0000,6E1234,positive,0x6E,,true,true,false,2026-07-10T12:43:27.704830+02:00,2966663893776,2966666898921,3.005145,true,true,6898709,6902800,4.091000,true,matched_request_response
run_3,20260712,27,before,27,target_did_random_data,0x1234,7,1B6CA233,2E12341B6CA233,072E12341B6CA233,6E1234,positive,0x6E,,true,true,false,2026-07-10T12:43:27.729175+02:00,2966688239170,2966691320792,3.081622,true,true,6923027,6927107,4.080000,true,matched_request_response
run_3,20260712,28,before,28,target_did_random_data,0x1234,4,D3,2E1234D3,042E1234D3000000,6E1234,positive,0x6E,,true,true,false,2026-07-10T12:43:27.753589+02:00,2966712652730,2966715724365,3.071635,true,true,6947460,6951555,4.095000,true,matched_request_response
run_3,20260712,29,before,29,target_did_random_data,0x1234,4,9C,2E12349C,042E12349C000000,6E1234,positive,0x6E,,true,true,false,2026-07-10T12:43:27.778017+02:00,2966737081515,2966740162229,3.080714,true,true,6971838,6975930,4.092000,true,matched_request_response
run_3,20260712,30,before,30,target_did_random_data,0x1234,6,34FB50,2E123434FB50,062E123434FB5000,6E1234,positive,0x6E,,true,true,false,2026-07-10T12:43:27.802735+02:00,2966761799026,2966764572437,2.773411,true,true,6996523,7000609,4.086000,true,matched_request_response
run_3,20260712,31,before,31,target_did_random_data,0x1234,7,0834D02B,2E12340834D02B,072E12340834D02B,6E1234,positive,0x6E,,true,true,false,2026-07-10T12:43:27.826910+02:00,2966785975054,2966788998009,3.022955,true,true,7020681,7024769,4.088000,true,matched_request_response
run_3,20260712,32,before,32,target_did_random_data,0x1234,7,915FDBE7,2E1234915FDBE7,072E1234915FDBE7,6E1234,positive,0x6E,,true,true,false,2026-07-10T12:43:27.851303+02:00,2966810366754,2966813409195,3.042441,true,true,7045024,7049104,4.080000,true,matched_request_response
run_3,20260712,33,before,33,read_only_did,0x1001,4,76,2E100176,042E100176000000,7F2E31,negative,0x7F,0x31,false,false,false,2026-07-10T12:43:27.875691+02:00,2966834755450,2966837930660,3.175210,true,true,7069401,7073499,4.098000,true,matched_request_response
run_3,20260712,34,before,34,read_only_did,0x1001,4,75,2E100175,042E100175000000,7F2E31,negative,0x7F,0x31,false,false,false,2026-07-10T12:43:27.900306+02:00,2966859370642,2966862212079,2.841437,true,true,7094002,7098099,4.097000,true,matched_request_response
run_3,20260712,35,before,35,target_did_random_data,0x1234,6,E7C2AC,2E1234E7C2AC,062E1234E7C2AC00,6E1234,positive,0x6E,,true,true,false,2026-07-10T12:43:27.924512+02:00,2966883576703,2966886654134,3.077431,true,true,7118171,7122257,4.086000,true,matched_request_response
run_3,20260712,36,before,36,target_did_random_data,0x1234,7,04FF9FF8,2E123404FF9FF8,072E123404FF9FF8,6E1234,positive,0x6E,,true,true,false,2026-07-10T12:43:27.949151+02:00,2966908215502,2966911068113,2.852611,true,true,7142782,7146867,4.085000,true,matched_request_response
run_3,20260712,37,before,37,target_did_random_data,0x1234,7,41F1CED2,2E123441F1CED2,072E123441F1CED2,6E1234,positive,0x6E,,true,true,false,2026-07-10T12:43:27.973359+02:00,2966932422959,2966935518130,3.095171,true,true,7166953,7171033,4.080000,true,matched_request_response
run_3,20260712,38,before,38,target_did_random_data,0x1234,6,D68BD0,2E1234D68BD0,062E1234D68BD000,6E1234,positive,0x6E,,true,true,false,2026-07-10T12:43:27.997878+02:00,2966956942049,2966959953620,3.011571,true,true,7191469,7195556,4.087000,true,matched_request_response
run_3,20260712,39,before,39,target_did_random_data,0x1234,5,70B2,2E123470B2,052E123470B20000,6E1234,positive,0x6E,,true,true,false,2026-07-10T12:43:28.022295+02:00,2966981359241,2966984320456,2.961215,true,true,7215855,7219943,4.088000,true,matched_request_response
run_3,20260712,40,before,40,target_did_random_data,0x1234,7,4228B4D6,2E12344228B4D6,072E12344228B4D6,6E1234,positive,0x6E,,true,true,false,2026-07-10T12:43:28.046615+02:00,2967005678585,2967008710549,3.031964,true,true,7240148,7244231,4.083000,true,matched_request_response
run_3,20260712,41,before,41,target_did_random_data,0x1234,7,40FF64D7,2E123440FF64D7,072E123440FF64D7,6E1234,positive,0x6E,,true,true,false,2026-07-10T12:43:28.071015+02:00,2967030079783,2967033130395,3.050612,true,true,7264511,7268593,4.082000,true,matched_request_response
run_3,20260712,42,before,42,target_did_random_data,0x1234,7,398727C3,2E1234398727C3,072E1234398727C3,6E1234,positive,0x6E,,true,true,false,2026-07-10T12:43:28.095446+02:00,2967054510314,2967057569238,3.058924,true,true,7288921,7293001,4.080000,true,matched_request_response
run_3,20260712,43,before,43,target_did_random_data,0x1234,7,9D081440,2E12349D081440,072E12349D081440,6E1234,positive,0x6E,,true,true,false,2026-07-10T12:43:28.119850+02:00,2967078913887,2967081936213,3.022326,true,true,7313302,7317389,4.087000,true,matched_request_response
run_3,20260712,44,before,44,unknown_did,0xF187,5,45F6,2EF18745F6,052EF18745F60000,7F2E31,negative,0x7F,0x31,false,false,false,2026-07-10T12:43:28.144384+02:00,2967103447714,2967106363811,2.916097,true,true,7337823,7341911,4.088000,true,matched_request_response
run_3,20260712,45,before,45,target_did_random_data,0x1234,4,74,2E123474,042E123474000000,6E1234,positive,0x6E,,true,true,false,2026-07-10T12:43:28.168644+02:00,2967127708181,2967130815645,3.107464,true,true,7362049,7366141,4.092000,true,matched_request_response
run_3,20260712,46,before,46,unknown_did,0x3333,7,E42F847B,2E3333E42F847B,072E3333E42F847B,7F2E31,negative,0x7F,0x31,false,false,false,2026-07-10T12:43:28.193143+02:00,2967152206179,2967155193865,2.987686,true,true,7386517,7390600,4.083000,true,matched_request_response
run_3,20260712,47,before,47,target_did_random_data,0x1234,6,FCF155,2E1234FCF155,062E1234FCF15500,6E1234,positive,0x6E,,true,true,false,2026-07-10T12:43:28.217558+02:00,2967176622673,2967179608891,2.986218,true,true,7410911,7414995,4.084000,true,matched_request_response
run_3,20260712,48,before,48,target_did_random_data,0x1234,5,5C46,2E12345C46,052E12345C460000,6E1234,positive,0x6E,,true,true,false,2026-07-10T12:43:28.241935+02:00,2967200998867,2967204026781,3.027914,true,true,7435284,7439374,4.090000,true,matched_request_response
run_3,20260712,49,before,49,missing_data,0x1234,3,,2E1234,032E123400000000,7F2E13,negative,0x7F,0x13,false,false,false,2026-07-10T12:43:28.266306+02:00,2967225370243,2967228459198,3.088955,true,true,7459615,7463714,4.099000,true,matched_request_response
run_3,20260712,50,before,50,target_did_random_data,0x1234,4,9E,2E12349E,042E12349E000000,6E1234,positive,0x6E,,true,true,false,2026-07-10T12:43:28.290771+02:00,2967249835206,2967252875901,3.040695,true,true,7484067,7488161,4.094000,true,matched_request_response
run_3,20260712,51,before,51,target_did_random_data,0x1234,4,4D,2E12344D,042E12344D000000,6E1234,positive,0x6E,,true,true,false,2026-07-10T12:43:28.315187+02:00,2967274251490,2967277294769,3.043279,true,true,7508447,7512541,4.094000,true,matched_request_response
run_3,20260712,52,before,52,target_did_random_data,0x1234,4,4B,2E12344B,042E12344B000000,6E1234,positive,0x6E,,true,true,false,2026-07-10T12:43:28.339612+02:00,2967298675666,2967301685770,3.010104,true,true,7532852,7536944,4.092000,true,matched_request_response
run_3,20260712,53,before,53,target_did_random_data,0x1234,4,31,2E123431,042E123431000000,6E1234,positive,0x6E,,true,true,false,2026-07-10T12:43:28.364215+02:00,2967323279055,2967326107851,2.828796,true,true,7557435,7561530,4.095000,true,matched_request_response
run_3,20260712,54,before,54,target_did_random_data,0x1234,7,9C1E8DCE,2E12349C1E8DCE,072E12349C1E8DCE,6E1234,positive,0x6E,,true,true,false,2026-07-10T12:43:28.388412+02:00,2967347476106,2967350544389,3.068283,true,true,7581585,7585667,4.082000,true,matched_request_response
run_3,20260712,55,before,55,target_did_random_data,0x1234,5,4583,2E12344583,052E123445830000,6E1234,positive,0x6E,,true,true,false,2026-07-10T12:43:28.412914+02:00,2967371977876,2967374926450,2.948574,true,true,7606088,7610179,4.091000,true,matched_request_response
run_3,20260712,56,before,56,target_did_random_data,0x1234,7,94AB6608,2E123494AB6608,072E123494AB6608,6E1234,positive,0x6E,,true,true,false,2026-07-10T12:43:28.437237+02:00,2967396301271,2967399341477,3.040206,true,true,7630357,7634444,4.087000,true,matched_request_response
run_3,20260712,57,before,57,missing_data,0x1234,3,,2E1234,032E123400000000,7F2E13,negative,0x7F,0x13,false,false,false,2026-07-10T12:43:28.461622+02:00,2967420686335,2967423775011,3.088676,true,true,7654744,7658840,4.096000,true,matched_request_response
run_3,20260712,58,before,58,missing_data,0x1234,3,,2E1234,032E123400000000,7F2E13,negative,0x7F,0x13,false,false,false,2026-07-10T12:43:28.486128+02:00,2967445192365,2967448215949,3.023584,true,true,7679219,7683317,4.098000,true,matched_request_response
run_3,20260712,59,before,59,target_did_random_data,0x1234,5,11C3,2E123411C3,052E123411C30000,6E1234,positive,0x6E,,true,true,false,2026-07-10T12:43:28.510473+02:00,2967469537620,2967472573636,3.036016,true,true,7703524,7707614,4.090000,true,matched_request_response
run_3,20260712,60,before,60,unknown_did,0xF187,5,A5DF,2EF187A5DF,052EF187A5DF0000,7F2E31,negative,0x7F,0x31,false,false,false,2026-07-10T12:43:28.534866+02:00,2967493930158,2967497182124,3.251966,true,true,7727891,7731979,4.088000,true,matched_request_response
run_3,20260712,61,before,61,target_did_random_data,0x1234,6,9D9BC7,2E12349D9BC7,062E12349D9BC700,6E1234,positive,0x6E,,true,true,false,2026-07-10T12:43:28.559465+02:00,2967518528798,2967521403549,2.874751,true,true,7752449,7756535,4.086000,true,matched_request_response
run_3,20260712,62,before,62,target_did_random_data,0x1234,6,BB4D15,2E1234BB4D15,062E1234BB4D1500,6E1234,positive,0x6E,,true,true,false,2026-07-10T12:43:28.583745+02:00,2967542809449,2967545936399,3.126950,true,true,7776714,7780801,4.087000,true,matched_request_response
run_3,20260712,63,before,63,target_did_random_data,0x1234,5,604E,2E1234604E,052E1234604E0000,6E1234,positive,0x6E,,true,true,false,2026-07-10T12:43:28.608280+02:00,2967567344185,2967570222568,2.878383,true,true,7801237,7805327,4.090000,true,matched_request_response
run_3,20260712,64,before,64,target_did_random_data,0x1234,7,E9160903,2E1234E9160903,072E1234E9160903,6E1234,positive,0x6E,,true,true,false,2026-07-10T12:43:28.632523+02:00,2967591586982,2967594633613,3.046631,true,true,7825444,7829535,4.091000,true,matched_request_response
run_3,20260712,65,before,65,target_did_random_data,0x1234,6,B5924D,2E1234B5924D,062E1234B5924D00,6E1234,positive,0x6E,,true,true,false,2026-07-10T12:43:28.656998+02:00,2967616062282,2967619061281,2.998999,true,true,7849891,7853975,4.084000,true,matched_request_response
run_3,20260712,66,before,66,target_did_random_data,0x1234,4,D6,2E1234D6,042E1234D6000000,6E1234,positive,0x6E,,true,true,false,2026-07-10T12:43:28.681391+02:00,2967640456076,2967643464155,3.008079,true,true,7874264,7878358,4.094000,true,matched_request_response
run_3,20260712,67,before,67,target_did_random_data,0x1234,5,D8F3,2E1234D8F3,052E1234D8F30000,6E1234,positive,0x6E,,true,true,false,2026-07-10T12:43:28.705751+02:00,2967664814811,2967667907538,3.092727,true,true,7898588,7902678,4.090000,true,matched_request_response
run_3,20260712,68,before,68,target_did_random_data,0x1234,5,9454,2E12349454,052E123494540000,6E1234,positive,0x6E,,true,true,false,2026-07-10T12:43:28.730214+02:00,2967689278307,2967692314882,3.036575,true,true,7923033,7927121,4.088000,true,matched_request_response
run_3,20260712,69,before,69,target_did_random_data,0x1234,5,FF9F,2E1234FF9F,052E1234FF9F0000,6E1234,positive,0x6E,,true,true,false,2026-07-10T12:43:28.754600+02:00,2967713664629,2967716723553,3.058924,true,true,7947429,7951519,4.090000,true,matched_request_response
run_3,20260712,70,before,70,target_did_random_data,0x1234,6,461495,2E1234461495,062E123446149500,6E1234,positive,0x6E,,true,true,false,2026-07-10T12:43:28.778979+02:00,2967738042640,2967741186281,3.143641,true,true,7971735,7975819,4.084000,true,matched_request_response
run_3,20260712,71,before,71,unknown_did,0xF187,4,F9,2EF187F9,042EF187F9000000,7F2E31,negative,0x7F,0x31,false,false,false,2026-07-10T12:43:28.803476+02:00,2967762539381,2967765542571,3.003190,true,true,7996232,8000326,4.094000,true,matched_request_response
run_3,20260712,72,before,72,target_did_random_data,0x1234,6,D3EBA9,2E1234D3EBA9,062E1234D3EBA900,6E1234,positive,0x6E,,true,true,false,2026-07-10T12:43:28.827834+02:00,2967786897906,2967789962277,3.064371,true,true,8020556,8024642,4.086000,true,matched_request_response
run_3,20260712,73,before,73,target_did_random_data,0x1234,5,5CF0,2E12345CF0,052E12345CF00000,6E1234,positive,0x6E,,true,true,false,2026-07-10T12:43:28.852462+02:00,2967811525670,2967814383100,2.857430,true,true,8045162,8049253,4.091000,true,matched_request_response
run_3,20260712,74,before,74,target_did_random_data,0x1234,5,44EF,2E123444EF,052E123444EF0000,6E1234,positive,0x6E,,true,true,false,2026-07-10T12:43:28.876647+02:00,2967835710917,2967838813841,3.102924,true,true,8069320,8073410,4.090000,true,matched_request_response
run_3,20260712,75,before,75,unknown_did,0x2222,5,2C8B,2E22222C8B,052E22222C8B0000,7F2E31,negative,0x7F,0x31,false,false,false,2026-07-10T12:43:28.901285+02:00,2967860348390,2967863203655,2.855265,true,true,8093930,8098018,4.088000,true,matched_request_response
run_3,20260712,76,before,76,target_did_random_data,0x1234,7,6AEC34F0,2E12346AEC34F0,072E12346AEC34F0,6E1234,positive,0x6E,,true,true,false,2026-07-10T12:43:28.925478+02:00,2967884542088,2967887619031,3.076943,true,true,8118094,8122176,4.082000,true,matched_request_response
run_3,20260712,77,before,77,target_did_random_data,0x1234,5,D1EB,2E1234D1EB,052E1234D1EB0000,6E1234,positive,0x6E,,true,true,false,2026-07-10T12:43:28.949918+02:00,2967908982397,2967912043905,3.061508,true,true,8142541,8146631,4.090000,true,matched_request_response
run_3,20260712,78,before,78,target_did_random_data,0x1234,5,7DBA,2E12347DBA,052E12347DBA0000,6E1234,positive,0x6E,,true,true,false,2026-07-10T12:43:28.974422+02:00,2967933485075,2967936471922,2.986847,true,true,8167005,8171093,4.088000,true,matched_request_response
run_3,20260712,79,before,79,target_did_random_data,0x1234,6,79FAF1,2E123479FAF1,062E123479FAF100,6E1234,positive,0x6E,,true,true,false,2026-07-10T12:43:28.998734+02:00,2967957798482,2967960946524,3.148042,true,true,8191295,8195381,4.086000,true,matched_request_response
run_3,20260712,80,before,80,target_did_random_data,0x1234,4,3D,2E12343D,042E12343D000000,6E1234,positive,0x6E,,true,true,false,2026-07-10T12:43:29.023289+02:00,2967982352843,2967985326630,2.973787,true,true,8215827,8219919,4.092000,true,matched_request_response
run_3,20260712,81,before,81,target_did_random_data,0x1234,5,19DA,2E123419DA,052E123419DA0000,6E1234,positive,0x6E,,true,true,false,2026-07-10T12:43:29.047616+02:00,2968006678752,2968009678240,2.999488,true,true,8240141,8244232,4.091000,true,matched_request_response
run_3,20260712,82,before,82,target_did_random_data,0x1234,4,7B,2E12347B,042E12347B000000,6E1234,positive,0x6E,,true,true,false,2026-07-10T12:43:29.072017+02:00,2968031081277,2968034108632,3.027355,true,true,8264518,8268613,4.095000,true,matched_request_response
run_3,20260712,83,before,83,target_did_random_data,0x1234,4,26,2E123426,042E123426000000,6E1234,positive,0x6E,,true,true,false,2026-07-10T12:43:29.096437+02:00,2968055501472,2968058539792,3.038320,true,true,8288913,8293005,4.092000,true,matched_request_response
run_3,20260712,84,before,84,target_did_random_data,0x1234,7,47A6EAF6,2E123447A6EAF6,072E123447A6EAF6,6E1234,positive,0x6E,,true,true,false,2026-07-10T12:43:29.120934+02:00,2968079998423,2968082966343,2.967920,true,true,8313384,8317466,4.082000,true,matched_request_response
run_3,20260712,85,before,85,unknown_did,0xF187,6,B49F5B,2EF187B49F5B,062EF187B49F5B00,7F2E31,negative,0x7F,0x31,false,false,false,2026-07-10T12:43:29.145255+02:00,2968104318954,2968107358322,3.039368,true,true,8337679,8341766,4.087000,true,matched_request_response
run_3,20260712,86,before,86,missing_data,0x1234,3,,2E1234,032E123400000000,7F2E13,negative,0x7F,0x13,false,false,false,2026-07-10T12:43:29.169666+02:00,2968128730488,2968131770904,3.040416,true,true,8362078,8366176,4.098000,true,matched_request_response
run_3,20260712,87,before,87,read_only_did,0x1001,6,090D9B,2E1001090D9B,062E1001090D9B00,7F2E31,negative,0x7F,0x31,false,false,false,2026-07-10T12:43:29.194115+02:00,2968153179179,2968156184674,3.005495,true,true,8386484,8390584,4.100000,true,matched_request_response
run_3,20260712,88,before,88,target_did_random_data,0x1234,7,3DCD8232,2E12343DCD8232,072E12343DCD8232,6E1234,positive,0x6E,,true,true,false,2026-07-10T12:43:29.218542+02:00,2968177606568,2968180623237,3.016669,true,true,8410884,8414964,4.080000,true,matched_request_response
run_3,20260712,89,before,89,target_did_random_data,0x1234,7,C68D1A44,2E1234C68D1A44,072E1234C68D1A44,6E1234,positive,0x6E,,true,true,false,2026-07-10T12:43:29.242965+02:00,2968202029556,2968205041197,3.011641,true,true,8435287,8439369,4.082000,true,matched_request_response
run_3,20260712,90,before,90,target_did_random_data,0x1234,4,A4,2E1234A4,042E1234A4000000,6E1234,positive,0x6E,,true,true,false,2026-07-10T12:43:29.267338+02:00,2968226401421,2968229440440,3.039019,true,true,8459649,8463746,4.097000,true,matched_request_response
run_3,20260712,91,before,91,target_did_random_data,0x1234,6,4BB791,2E12344BB791,062E12344BB79100,6E1234,positive,0x6E,,true,true,false,2026-07-10T12:43:29.291753+02:00,2968250817216,2968253946260,3.129044,true,true,8484030,8488115,4.085000,true,matched_request_response
run_3,20260712,92,before,92,target_did_random_data,0x1234,4,A2,2E1234A2,042E1234A2000000,6E1234,positive,0x6E,,true,true,false,2026-07-10T12:43:29.316259+02:00,2968275322757,2968278234804,2.912047,true,true,8508513,8512608,4.095000,true,matched_request_response
run_3,20260712,93,before,93,target_did_random_data,0x1234,4,D8,2E1234D8,042E1234D8000000,6E1234,positive,0x6E,,true,true,false,2026-07-10T12:43:29.340514+02:00,2968299577986,2968302746491,3.168505,true,true,8532750,8536842,4.092000,true,matched_request_response
run_3,20260712,94,before,94,target_did_random_data,0x1234,4,3D,2E12343D,042E12343D000000,6E1234,positive,0x6E,,true,true,false,2026-07-10T12:43:29.365051+02:00,2968324115515,2968327094680,2.979165,true,true,8557267,8561361,4.094000,true,matched_request_response
run_3,20260712,95,before,95,target_did_random_data,0x1234,7,5543669A,2E12345543669A,072E12345543669A,6E1234,positive,0x6E,,true,true,false,2026-07-10T12:43:29.389386+02:00,2968348450434,2968351485821,3.035387,true,true,8581546,8585629,4.083000,true,matched_request_response
run_3,20260712,96,before,96,target_did_random_data,0x1234,6,27D192,2E123427D192,062E123427D19200,6E1234,positive,0x6E,,true,true,false,2026-07-10T12:43:29.413784+02:00,2968372848698,2968375943241,3.094543,true,true,8605935,8610018,4.083000,true,matched_request_response
run_3,20260712,97,before,97,target_did_random_data,0x1234,5,4DE5,2E12344DE5,052E12344DE50000,6E1234,positive,0x6E,,true,true,false,2026-07-10T12:43:29.438235+02:00,2968397299554,2968400329633,3.030079,true,true,8630364,8634454,4.090000,true,matched_request_response
run_3,20260712,98,before,98,target_did_random_data,0x1234,5,2F50,2E12342F50,052E12342F500000,6E1234,positive,0x6E,,true,true,false,2026-07-10T12:43:29.462614+02:00,2968421678682,2968424755695,3.077013,true,true,8654738,8658826,4.088000,true,matched_request_response
run_3,20260712,99,before,99,target_did_random_data,0x1234,4,D2,2E1234D2,042E1234D2000000,6E1234,positive,0x6E,,true,true,false,2026-07-10T12:43:29.487056+02:00,2968446120528,2968449145020,3.024492,true,true,8679138,8683232,4.094000,true,matched_request_response
run_3,20260712,100,before,100,target_did_random_data,0x1234,7,238302BF,2E1234238302BF,072E1234238302BF,6E1234,positive,0x6E,,true,true,false,2026-07-10T12:43:29.511438+02:00,2968470502520,2968473554669,3.052149,true,true,8703490,8707577,4.087000,true,matched_request_response
run_3,20260712,101,before,101,target_did_random_data,0x1234,6,93CCCA,2E123493CCCA,062E123493CCCA00,6E1234,positive,0x6E,,true,true,false,2026-07-10T12:43:29.535831+02:00,2968494894987,2968497967321,3.072334,true,true,8727854,8731939,4.085000,true,matched_request_response
run_3,20260712,102,before,102,target_did_random_data,0x1234,4,B5,2E1234B5,042E1234B5000000,6E1234,positive,0x6E,,true,true,false,2026-07-10T12:43:29.560310+02:00,2968519374827,2968522379763,3.004936,true,true,8752318,8756412,4.094000,true,matched_request_response
run_3,20260712,103,before,103,target_did_random_data,0x1234,4,9A,2E12349A,042E12349A000000,6E1234,positive,0x6E,,true,true,false,2026-07-10T12:43:29.584659+02:00,2968543723434,2968546815323,3.091889,true,true,8776642,8780739,4.097000,true,matched_request_response
run_3,20260712,104,before,104,target_did_random_data,0x1234,6,1927EC,2E12341927EC,062E12341927EC00,6E1234,positive,0x6E,,true,true,false,2026-07-10T12:43:29.609179+02:00,2968568243084,2968571216940,2.973856,true,true,8801141,8805228,4.087000,true,matched_request_response
run_3,20260712,105,before,105,read_only_did,0x1001,5,51A5,2E100151A5,052E100151A50000,7F2E31,negative,0x7F,0x31,false,false,false,2026-07-10T12:43:29.633462+02:00,2968592525412,2968595581472,3.056060,true,true,8825390,8829485,4.095000,true,matched_request_response
run_3,20260712,106,before,106,target_did_random_data,0x1234,5,0157,2E12340157,052E123401570000,6E1234,positive,0x6E,,true,true,false,2026-07-10T12:43:29.657843+02:00,2968616906216,2968619038830,2.132614,true,true,8849746,8853839,4.093000,true,matched_request_response
run_3,20260712,107,before,107,target_did_random_data,0x1234,6,45AFC5,2E123445AFC5,062E123445AFC500,6E1234,positive,0x6E,,true,true,false,2026-07-10T12:43:29.681284+02:00,2968640348488,2968642509877,2.161389,true,true,8873158,8877244,4.086000,true,matched_request_response
run_3,20260712,108,before,108,unknown_did,0x2222,6,0D1B3B,2E22220D1B3B,062E22220D1B3B00,7F2E31,negative,0x7F,0x31,false,false,false,2026-07-10T12:43:29.705023+02:00,2968664087309,2968666924834,2.837525,true,true,8896879,8900967,4.088000,true,matched_request_response
run_3,20260712,109,before,109,target_did_random_data,0x1234,4,33,2E123433,042E123433000000,6E1234,positive,0x6E,,true,true,false,2026-07-10T12:43:29.729254+02:00,2968688317674,2968691336858,3.019184,true,true,8921083,8925177,4.094000,true,matched_request_response
run_3,20260712,110,before,110,target_did_random_data,0x1234,7,C49C1DC6,2E1234C49C1DC6,072E1234C49C1DC6,6E1234,positive,0x6E,,true,true,false,2026-07-10T12:43:29.753777+02:00,2968712841444,2968715780869,2.939425,true,true,8945576,8949658,4.082000,true,matched_request_response
run_3,20260712,111,before,111,target_did_random_data,0x1234,7,C5C6513C,2E1234C5C6513C,072E1234C5C6513C,6E1234,positive,0x6E,,true,true,false,2026-07-10T12:43:29.778099+02:00,2968737163861,2968740174524,3.010663,true,true,8969868,8973948,4.080000,true,matched_request_response
run_3,20260712,112,before,112,target_did_random_data,0x1234,6,90690F,2E123490690F,062E123490690F00,6E1234,positive,0x6E,,true,true,false,2026-07-10T12:43:29.802439+02:00,2968761503109,2968764566154,3.063045,true,true,8994176,8998266,4.090000,true,matched_request_response
run_3,20260712,113,before,113,target_did_random_data,0x1234,5,F9FA,2E1234F9FA,052E1234F9FA0000,6E1234,positive,0x6E,,true,true,false,2026-07-10T12:43:29.826844+02:00,2968785907590,2968789030419,3.122829,true,true,9018586,9022677,4.091000,true,matched_request_response
run_3,20260712,114,before,114,target_did_random_data,0x1234,6,CCF175,2E1234CCF175,062E1234CCF17500,6E1234,positive,0x6E,,true,true,false,2026-07-10T12:43:29.851346+02:00,2968810409011,2968813434410,3.025399,true,true,9043047,9047132,4.085000,true,matched_request_response
run_3,20260712,115,before,115,target_did_random_data,0x1234,5,7269,2E12347269,052E123472690000,6E1234,positive,0x6E,,true,true,false,2026-07-10T12:43:29.875694+02:00,2968834757758,2968837919069,3.161311,true,true,9067373,9071463,4.090000,true,matched_request_response
run_3,20260712,116,before,116,target_did_random_data,0x1234,7,4B9A7A7D,2E12344B9A7A7D,072E12344B9A7A7D,6E1234,positive,0x6E,,true,true,false,2026-07-10T12:43:29.900248+02:00,2968859312677,2968862238273,2.925596,true,true,9091887,9095967,4.080000,true,matched_request_response
run_3,20260712,117,before,117,target_did_random_data,0x1234,7,4B20DC49,2E12344B20DC49,072E12344B20DC49,6E1234,positive,0x6E,,true,true,false,2026-07-10T12:43:29.924478+02:00,2968883541716,2968885663854,2.122138,true,true,9116082,9120164,4.082000,true,matched_request_response
run_3,20260712,118,before,118,target_did_random_data,0x1234,5,27BA,2E123427BA,052E123427BA0000,6E1234,positive,0x6E,,true,true,false,2026-07-10T12:43:29.948022+02:00,2968907085817,2968910076925,2.991108,true,true,9139615,9143706,4.091000,true,matched_request_response
run_3,20260712,119,before,119,target_did_random_data,0x1234,5,8CAD,2E12348CAD,052E12348CAD0000,6E1234,positive,0x6E,,true,true,false,2026-07-10T12:43:29.972396+02:00,2968931460755,2968934494396,3.033641,true,true,9163959,9168047,4.088000,true,matched_request_response
run_3,20260712,120,before,120,target_did_random_data,0x1234,6,1512C6,2E12341512C6,062E12341512C600,6E1234,positive,0x6E,,true,true,false,2026-07-10T12:43:29.996794+02:00,2968955857693,2968958925975,3.068282,true,true,9188330,9192416,4.086000,true,matched_request_response
run_3,20260712,121,before,121,target_did_random_data,0x1234,6,CC0B8E,2E1234CC0B8E,062E1234CC0B8E00,6E1234,positive,0x6E,,true,true,false,2026-07-10T12:43:30.021336+02:00,2968980399622,2968983335415,2.935793,true,true,9212846,9216934,4.088000,true,matched_request_response
run_3,20260712,122,before,122,target_did_random_data,0x1234,5,B49F,2E1234B49F,052E1234B49F0000,6E1234,positive,0x6E,,true,true,false,2026-07-10T12:43:30.045614+02:00,2969004677899,2969007752607,3.074708,true,true,9237129,9241219,4.090000,true,matched_request_response
run_3,20260712,123,before,123,target_did_random_data,0x1234,5,6488,2E12346488,052E123464880000,6E1234,positive,0x6E,,true,true,false,2026-07-10T12:43:30.069982+02:00,2969029045503,2969032160230,3.114727,true,true,9261444,9265534,4.090000,true,matched_request_response
run_3,20260712,124,before,124,target_did_random_data,0x1234,7,720796AB,2E1234720796AB,072E1234720796AB,6E1234,positive,0x6E,,true,true,false,2026-07-10T12:43:30.094429+02:00,2969053492937,2969056553187,3.060250,true,true,9285845,9289930,4.085000,true,matched_request_response
run_3,20260712,125,before,125,unknown_did,0xF187,4,F2,2EF187F2,042EF187F2000000,7F2E31,negative,0x7F,0x31,false,false,false,2026-07-10T12:43:30.118902+02:00,2969077966910,2969081053002,3.086092,true,true,9310354,9314449,4.095000,true,matched_request_response
run_3,20260712,126,before,126,target_did_random_data,0x1234,5,12E3,2E123412E3,052E123412E30000,6E1234,positive,0x6E,,true,true,false,2026-07-10T12:43:30.143560+02:00,2969102624566,2969105400212,2.775646,true,true,9334935,9339023,4.088000,true,matched_request_response
run_3,20260712,127,before,127,unknown_did,0x2222,7,8D95C5D7,2E22228D95C5D7,072E22228D95C5D7,7F2E31,negative,0x7F,0x31,false,false,false,2026-07-10T12:43:30.167702+02:00,2969126765465,2969130150130,3.384665,true,true,9359037,9363117,4.080000,true,matched_request_response
run_3,20260712,128,before,128,target_did_random_data,0x1234,5,1D9E,2E12341D9E,052E12341D9E0000,6E1234,positive,0x6E,,true,true,false,2026-07-10T12:43:30.192584+02:00,2969151647173,2969154217345,2.570172,true,true,9383963,9388051,4.088000,true,matched_request_response
run_3,20260712,129,before,129,target_did_random_data,0x1234,4,AC,2E1234AC,042E1234AC000000,6E1234,positive,0x6E,,true,true,false,2026-07-10T12:43:30.216513+02:00,2969175576941,2969178659820,3.082879,true,true,9407817,9411909,4.092000,true,matched_request_response
run_3,20260712,130,before,130,target_did_random_data,0x1234,7,0C0D69EE,2E12340C0D69EE,072E12340C0D69EE,6E1234,positive,0x6E,,true,true,false,2026-07-10T12:43:30.240994+02:00,2969200058317,2969203120314,3.061997,true,true,9432260,9436351,4.091000,true,matched_request_response
run_3,20260712,131,before,131,target_did_random_data,0x1234,5,B2A0,2E1234B2A0,052E1234B2A00000,6E1234,positive,0x6E,,true,true,false,2026-07-10T12:43:30.265388+02:00,2969224451902,2969227533106,3.081204,true,true,9456631,9460722,4.091000,true,matched_request_response
run_3,20260712,132,before,132,target_did_random_data,0x1234,4,F0,2E1234F0,042E1234F0000000,6E1234,positive,0x6E,,true,true,false,2026-07-10T12:43:30.290025+02:00,2969249090423,2969251953720,2.863297,true,true,9481256,9485351,4.095000,true,matched_request_response
run_3,20260712,133,before,133,read_only_did,0x1001,4,13,2E100113,042E100113000000,7F2E31,negative,0x7F,0x31,false,false,false,2026-07-10T12:43:30.314423+02:00,2969273485824,2969276325864,2.840040,true,true,9505626,9509725,4.099000,true,matched_request_response
run_3,20260712,134,before,134,target_did_random_data,0x1234,6,2BC9B2,2E12342BC9B2,062E12342BC9B200,6E1234,positive,0x6E,,true,true,false,2026-07-10T12:43:30.338639+02:00,2969297702361,2969300746408,3.044047,true,true,9529803,9533887,4.084000,true,matched_request_response
run_3,20260712,135,before,135,target_did_random_data,0x1234,5,440A,2E1234440A,052E1234440A0000,6E1234,positive,0x6E,,true,true,false,2026-07-10T12:43:30.362977+02:00,2969322041609,2969325178895,3.137286,true,true,9554120,9558215,4.095000,true,matched_request_response
run_3,20260712,136,before,136,target_did_random_data,0x1234,5,2B9C,2E12342B9C,052E12342B9C0000,6E1234,positive,0x6E,,true,true,false,2026-07-10T12:43:30.387488+02:00,2969346552249,2969349561655,3.009406,true,true,9578597,9582687,4.090000,true,matched_request_response
run_3,20260712,137,before,137,target_did_random_data,0x1234,7,857BF49E,2E1234857BF49E,072E1234857BF49E,6E1234,positive,0x6E,,true,true,false,2026-07-10T12:43:30.411914+02:00,2969370978591,2969373980524,3.001933,true,true,9603014,9607094,4.080000,true,matched_request_response
run_3,20260712,138,before,138,target_did_random_data,0x1234,7,E207C650,2E1234E207C650,072E1234E207C650,6E1234,positive,0x6E,,true,true,false,2026-07-10T12:43:30.436349+02:00,2969395413592,2969398445138,3.031546,true,true,9627397,9631484,4.087000,true,matched_request_response
run_3,20260712,139,before,139,target_did_random_data,0x1234,4,76,2E123476,042E123476000000,6E1234,positive,0x6E,,true,true,false,2026-07-10T12:43:30.460793+02:00,2969419856695,2969422796120,2.939425,true,true,9651823,9655915,4.092000,true,matched_request_response
run_3,20260712,140,before,140,target_did_random_data,0x1234,7,943A5263,2E1234943A5263,072E1234943A5263,6E1234,positive,0x6E,,true,true,false,2026-07-10T12:43:30.485159+02:00,2969444224090,2969447229934,3.005844,true,true,9676143,9680225,4.082000,true,matched_request_response
run_3,20260712,141,before,141,target_did_random_data,0x1234,5,0221,2E12340221,052E123402210000,6E1234,positive,0x6E,,true,true,false,2026-07-10T12:43:30.509533+02:00,2969468596793,2969471700974,3.104181,true,true,9700511,9704606,4.095000,true,matched_request_response
run_3,20260712,142,before,142,missing_data,0x1234,3,,2E1234,032E123400000000,7F2E13,negative,0x7F,0x13,false,false,false,2026-07-10T12:43:30.534110+02:00,2969493174062,2969496054401,2.880339,true,true,9725058,9729156,4.098000,true,matched_request_response
run_3,20260712,143,before,143,target_did_random_data,0x1234,5,574B,2E1234574B,052E1234574B0000,6E1234,positive,0x6E,,true,true,false,2026-07-10T12:43:30.558331+02:00,2969517395418,2969520501834,3.106416,true,true,9749240,9753331,4.091000,true,matched_request_response
run_3,20260712,144,before,144,target_did_random_data,0x1234,4,09,2E123409,042E123409000000,6E1234,positive,0x6E,,true,true,false,2026-07-10T12:43:30.582822+02:00,2969541885874,2969544906524,3.020650,true,true,9773712,9777810,4.098000,true,matched_request_response
run_3,20260712,145,before,145,target_did_random_data,0x1234,4,24,2E123424,042E123424000000,6E1234,positive,0x6E,,true,true,false,2026-07-10T12:43:30.607209+02:00,2969566273802,2969569340129,3.066327,true,true,9798060,9802155,4.095000,true,matched_request_response
run_3,20260712,146,before,146,target_did_random_data,0x1234,4,6C,2E12346C,042E12346C000000,6E1234,positive,0x6E,,true,true,false,2026-07-10T12:43:30.631651+02:00,2969590715439,2969593736089,3.020650,true,true,9822480,9826575,4.095000,true,matched_request_response
run_3,20260712,147,before,147,target_did_random_data,0x1234,5,9204,2E12349204,052E123492040000,6E1234,positive,0x6E,,true,true,false,2026-07-10T12:43:30.656047+02:00,2969615110910,2969618138614,3.027704,true,true,9846841,9850933,4.092000,true,matched_request_response
run_3,20260712,148,before,148,target_did_random_data,0x1234,6,54D006,2E123454D006,062E123454D00600,6E1234,positive,0x6E,,true,true,false,2026-07-10T12:43:30.680435+02:00,2969639499117,2969642589470,3.090353,true,true,9871182,9875273,4.091000,true,matched_request_response
run_3,20260712,149,before,149,target_did_random_data,0x1234,7,0CEEE366,2E12340CEEE366,072E12340CEEE366,6E1234,positive,0x6E,,true,true,false,2026-07-10T12:43:30.704963+02:00,2969664027078,2969666921944,2.894866,true,true,9895672,9899762,4.090000,true,matched_request_response
run_3,20260712,150,before,150,unknown_did,0xF187,4,B8,2EF187B8,042EF187B8000000,7F2E31,negative,0x7F,0x31,false,false,false,2026-07-10T12:43:30.729272+02:00,2969688337063,2969691366863,3.029800,true,true,9919973,9924065,4.092000,true,matched_request_response
run_3,20260712,151,before,151,unknown_did,0x2222,4,44,2E222244,042E222244000000,7F2E31,negative,0x7F,0x31,false,false,false,2026-07-10T12:43:30.754007+02:00,2969713071755,2969715775185,2.703430,true,true,9944689,9948783,4.094000,true,matched_request_response
run_3,20260712,152,before,152,target_did_random_data,0x1234,6,B93DF3,2E1234B93DF3,062E1234B93DF300,6E1234,positive,0x6E,,true,true,false,2026-07-10T12:43:30.778107+02:00,2969737170888,2969740212561,3.041673,true,true,9968736,9972820,4.084000,true,matched_request_response
run_3,20260712,153,before,153,target_did_random_data,0x1234,6,9D7748,2E12349D7748,062E12349D774800,6E1234,positive,0x6E,,true,true,false,2026-07-10T12:43:30.802485+02:00,2969761547712,2969764600350,3.052638,true,true,9993075,9997162,4.087000,true,matched_request_response
run_3,20260712,154,before,154,target_did_random_data,0x1234,6,E5D434,2E1234E5D434,062E1234E5D43400,6E1234,positive,0x6E,,true,true,false,2026-07-10T12:43:30.826863+02:00,2969785926700,2969789033745,3.107045,true,true,10017420,10021503,4.083000,true,matched_request_response
run_3,20260712,155,before,155,target_did_random_data,0x1234,4,87,2E123487,042E123487000000,6E1234,positive,0x6E,,true,true,false,2026-07-10T12:43:30.851328+02:00,2969810392013,2969813440111,3.048098,true,true,10041877,10045965,4.088000,true,matched_request_response
run_3,20260712,156,before,156,target_did_random_data,0x1234,6,1E070A,2E12341E070A,062E12341E070A00,6E1234,positive,0x6E,,true,true,false,2026-07-10T12:43:30.875700+02:00,2969834763948,2969837896694,3.132746,true,true,10066211,10070302,4.091000,true,matched_request_response
run_3,20260712,157,before,157,target_did_random_data,0x1234,6,353C2F,2E1234353C2F,062E1234353C2F00,6E1234,positive,0x6E,,true,true,false,2026-07-10T12:43:30.900387+02:00,2969859450519,2969862251517,2.800998,true,true,10090862,10094943,4.081000,true,matched_request_response
run_3,20260712,158,before,158,target_did_random_data,0x1234,6,665FF1,2E1234665FF1,062E1234665FF100,6E1234,positive,0x6E,,true,true,false,2026-07-10T12:43:30.924507+02:00,2969883570744,2969886733103,3.162359,true,true,10114952,10119032,4.080000,true,matched_request_response
run_3,20260712,159,before,159,read_only_did,0x1001,6,AEF9C0,2E1001AEF9C0,062E1001AEF9C000,7F2E31,negative,0x7F,0x31,false,false,false,2026-07-10T12:43:30.949255+02:00,2969908319265,2969911096517,2.777252,true,true,10139689,10143776,4.087000,true,matched_request_response
run_3,20260712,160,before,160,target_did_random_data,0x1234,4,9C,2E12349C,042E12349C000000,6E1234,positive,0x6E,,true,true,false,2026-07-10T12:43:30.973369+02:00,2969932433204,2969935485353,3.052149,true,true,10163780,10167868,4.088000,true,matched_request_response
run_3,20260712,161,before,161,read_only_did,0x1001,6,519E9F,2E1001519E9F,062E1001519E9F00,7F2E31,negative,0x7F,0x31,false,false,false,2026-07-10T12:43:30.997776+02:00,2969956839641,2969959940958,3.101317,true,true,10188153,10192240,4.087000,true,matched_request_response
run_3,20260712,162,before,162,target_did_random_data,0x1234,6,FF2A10,2E1234FF2A10,062E1234FF2A1000,6E1234,positive,0x6E,,true,true,false,2026-07-10T12:43:31.022290+02:00,2969981353913,2969984385319,3.031406,true,true,10212629,10216711,4.082000,true,matched_request_response
run_3,20260712,163,before,163,target_did_random_data,0x1234,5,C740,2E1234C740,052E1234C7400000,6E1234,positive,0x6E,,true,true,false,2026-07-10T12:43:31.046689+02:00,2970005752038,2970008759907,3.007869,true,true,10237005,10241090,4.085000,true,matched_request_response
run_3,20260712,164,before,164,target_did_random_data,0x1234,4,69,2E123469,042E123469000000,6E1234,positive,0x6E,,true,true,false,2026-07-10T12:43:31.071028+02:00,2970030092474,2970033222496,3.130022,true,true,10261326,10265416,4.090000,true,matched_request_response
run_3,20260712,165,before,165,target_did_random_data,0x1234,4,06,2E123406,042E123406000000,6E1234,positive,0x6E,,true,true,false,2026-07-10T12:43:31.095551+02:00,2970054614498,2970057610076,2.995578,true,true,10285830,10289923,4.093000,true,matched_request_response
run_3,20260712,166,before,166,target_did_random_data,0x1234,7,F1C238B6,2E1234F1C238B6,072E1234F1C238B6,6E1234,positive,0x6E,,true,true,false,2026-07-10T12:43:31.119917+02:00,2970078980985,2970081976842,2.995857,true,true,10310152,10314230,4.078000,true,matched_request_response
run_3,20260712,167,before,167,missing_data,0x1234,3,,2E1234,032E123400000000,7F2E13,negative,0x7F,0x13,false,false,false,2026-07-10T12:43:31.144286+02:00,2970103350056,2970106474282,3.124226,true,true,10334489,10338584,4.095000,true,matched_request_response
run_3,20260712,168,before,168,read_only_did,0x1001,5,FC80,2E1001FC80,052E1001FC800000,7F2E31,negative,0x7F,0x31,false,false,false,2026-07-10T12:43:31.168764+02:00,2970127828569,2970130926535,3.097966,true,true,10358941,10363030,4.089000,true,matched_request_response
run_3,20260712,169,before,169,target_did_random_data,0x1234,6,D1BC72,2E1234D1BC72,062E1234D1BC7200,6E1234,positive,0x6E,,true,true,false,2026-07-10T12:43:31.193408+02:00,2970152471559,2970155258450,2.786891,true,true,10383540,10387622,4.082000,true,matched_request_response
run_3,20260712,170,before,170,target_did_random_data,0x1234,4,DA,2E1234DA,042E1234DA000000,6E1234,positive,0x6E,,true,true,false,2026-07-10T12:43:31.217552+02:00,2970176616788,2970179697293,3.080505,true,true,10407668,10411761,4.093000,true,matched_request_response
run_3,20260712,171,before,171,target_did_random_data,0x1234,7,1D1AB53D,2E12341D1AB53D,072E12341D1AB53D,6E1234,positive,0x6E,,true,true,false,2026-07-10T12:43:31.241979+02:00,2970201043549,2970204096186,3.052637,true,true,10432046,10436122,4.076000,true,matched_request_response
run_3,20260712,172,before,172,target_did_random_data,0x1234,5,462F,2E1234462F,052E1234462F0000,6E1234,positive,0x6E,,true,true,false,2026-07-10T12:43:31.266694+02:00,2970225758475,2970228504439,2.745964,true,true,10456756,10460840,4.084000,true,matched_request_response
run_3,20260712,173,before,173,target_did_random_data,0x1234,6,195769,2E1234195769,062E123419576900,6E1234,positive,0x6E,,true,true,false,2026-07-10T12:43:31.290832+02:00,2970249896091,2970252957739,3.061648,true,true,10480855,10484935,4.080000,true,matched_request_response
run_3,20260712,174,before,174,target_did_random_data,0x1234,4,F3,2E1234F3,042E1234F3000000,6E1234,positive,0x6E,,true,true,false,2026-07-10T12:43:31.315489+02:00,2970274553189,2970277334982,2.781793,true,true,10505496,10509587,4.091000,true,matched_request_response
run_3,20260712,175,before,175,target_did_random_data,0x1234,7,EC4A8F4C,2E1234EC4A8F4C,072E1234EC4A8F4C,6E1234,positive,0x6E,,true,true,false,2026-07-10T12:43:31.339665+02:00,2970298728799,2970301745120,3.016321,true,true,10529632,10533711,4.079000,true,matched_request_response
run_3,20260712,176,before,176,target_did_random_data,0x1234,5,F505,2E1234F505,052E1234F5050000,6E1234,positive,0x6E,,true,true,false,2026-07-10T12:43:31.364222+02:00,2970323286373,2970326227194,2.940821,true,true,10554179,10558270,4.091000,true,matched_request_response
run_3,20260712,177,before,177,target_did_random_data,0x1234,5,A155,2E1234A155,052E1234A1550000,6E1234,positive,0x6E,,true,true,false,2026-07-10T12:43:31.388544+02:00,2970347608371,2970350572450,2.964079,true,true,10578473,10582559,4.086000,true,matched_request_response
run_3,20260712,178,before,178,read_only_did,0x1001,6,6CC654,2E10016CC654,062E10016CC65400,7F2E31,negative,0x7F,0x31,false,false,false,2026-07-10T12:43:31.412869+02:00,2970371933512,2970374961076,3.027564,true,true,10602782,10606867,4.085000,true,matched_request_response
run_3,20260712,179,before,179,target_did_random_data,0x1234,6,2EBECD,2E12342EBECD,062E12342EBECD00,6E1234,positive,0x6E,,true,true,false,2026-07-10T12:43:31.437289+02:00,2970396353148,2970399490155,3.137007,true,true,10627169,10631251,4.082000,true,matched_request_response
run_3,20260712,180,before,180,target_did_random_data,0x1234,4,96,2E123496,042E123496000000,6E1234,positive,0x6E,,true,true,false,2026-07-10T12:43:31.461782+02:00,2970420846957,2970423803492,2.956535,true,true,10651645,10655738,4.093000,true,matched_request_response
run_3,20260712,181,before,181,target_did_random_data,0x1234,4,E4,2E1234E4,042E1234E4000000,6E1234,positive,0x6E,,true,true,false,2026-07-10T12:43:31.486115+02:00,2970445179780,2970448305402,3.125622,true,true,10675951,10680039,4.088000,true,matched_request_response
run_3,20260712,182,before,182,target_did_random_data,0x1234,6,E117CC,2E1234E117CC,062E1234E117CC00,6E1234,positive,0x6E,,true,true,false,2026-07-10T12:43:31.510635+02:00,2970469700617,2970472633965,2.933348,true,true,10700443,10704525,4.082000,true,matched_request_response
run_3,20260712,183,before,183,target_did_random_data,0x1234,4,AA,2E1234AA,042E1234AA000000,6E1234,positive,0x6E,,true,true,false,2026-07-10T12:43:31.534980+02:00,2970494044405,2970497164790,3.120385,true,true,10724759,10728847,4.088000,true,matched_request_response
run_3,20260712,184,before,184,target_did_random_data,0x1234,7,25D5FDF8,2E123425D5FDF8,072E123425D5FDF8,6E1234,positive,0x6E,,true,true,false,2026-07-10T12:43:31.559467+02:00,2970518532557,2970521451937,2.919380,true,true,10749217,10753295,4.078000,true,matched_request_response
run_3,20260712,185,before,185,target_did_random_data,0x1234,6,5B9AFE,2E12345B9AFE,062E12345B9AFE00,6E1234,positive,0x6E,,true,true,false,2026-07-10T12:43:31.583751+02:00,2970542815373,2970545920672,3.105299,true,true,10773459,10777541,4.082000,true,matched_request_response
run_3,20260712,186,before,186,target_did_random_data,0x1234,6,FD9335,2E1234FD9335,062E1234FD933500,6E1234,positive,0x6E,,true,true,false,2026-07-10T12:43:31.608273+02:00,2970567336420,2970570291978,2.955558,true,true,10797960,10802040,4.080000,true,matched_request_response
run_3,20260712,187,before,187,target_did_random_data,0x1234,6,61325D,2E123461325D,062E123461325D00,6E1234,positive,0x6E,,true,true,false,2026-07-10T12:43:31.632625+02:00,2970591688869,2970594692268,3.003399,true,true,10822281,10826364,4.083000,true,matched_request_response
run_3,20260712,188,before,188,target_did_random_data,0x1234,6,C2E2C5,2E1234C2E2C5,062E1234C2E2C500,6E1234,positive,0x6E,,true,true,false,2026-07-10T12:43:31.657004+02:00,2970616068626,2970619130133,3.061507,true,true,10846635,10850717,4.082000,true,matched_request_response
run_3,20260712,189,before,189,target_did_random_data,0x1234,5,CEDA,2E1234CEDA,052E1234CEDA0000,6E1234,positive,0x6E,,true,true,false,2026-07-10T12:43:31.681408+02:00,2970640471151,2970643483141,3.011990,true,true,10870999,10875083,4.084000,true,matched_request_response
run_3,20260712,190,before,190,target_did_random_data,0x1234,4,60,2E123460,042E123460000000,6E1234,positive,0x6E,,true,true,false,2026-07-10T12:43:31.705696+02:00,2970664759765,2970666961452,2.201687,true,true,10895287,10899377,4.090000,true,matched_request_response
run_3,20260712,191,before,191,target_did_random_data,0x1234,7,81DC75B6,2E123481DC75B6,072E123481DC75B6,6E1234,positive,0x6E,,true,true,false,2026-07-10T12:43:31.729263+02:00,2970688327124,2970691385349,3.058225,true,true,10918809,10922885,4.076000,true,matched_request_response
run_3,20260712,192,before,192,unknown_did,0x3333,7,48F68CF3,2E333348F68CF3,072E333348F68CF3,7F2E31,negative,0x7F,0x31,false,false,false,2026-07-10T12:43:31.753645+02:00,2970712709674,2970715840884,3.131210,true,true,10943165,10947243,4.078000,true,matched_request_response
run_3,20260712,193,before,193,target_did_random_data,0x1234,7,312B9B5C,2E1234312B9B5C,072E1234312B9B5C,6E1234,positive,0x6E,,true,true,false,2026-07-10T12:43:31.778153+02:00,2970737217172,2970740314578,3.097406,true,true,10967648,10971729,4.081000,true,matched_request_response
run_3,20260712,194,before,194,target_did_random_data,0x1234,5,2CC9,2E12342CC9,052E12342CC90000,6E1234,positive,0x6E,,true,true,false,2026-07-10T12:43:31.802626+02:00,2970761689888,2970764604588,2.914700,true,true,10992122,10996208,4.086000,true,matched_request_response
run_3,20260712,195,before,195,target_did_random_data,0x1234,7,721357B2,2E1234721357B2,072E1234721357B2,6E1234,positive,0x6E,,true,true,false,2026-07-10T12:43:31.826916+02:00,2970785981365,2970789030720,3.049355,true,true,11016372,11020451,4.079000,true,matched_request_response
run_3,20260712,196,before,196,read_only_did,0x1001,5,1409,2E10011409,052E100114090000,7F2E31,negative,0x7F,0x31,false,false,false,2026-07-10T12:43:31.851319+02:00,2970810383471,2970813476757,3.093286,true,true,11040752,11044845,4.093000,true,matched_request_response
run_3,20260712,197,before,197,unknown_did,0x3333,4,D3,2E3333D3,042E3333D3000000,7F2E31,negative,0x7F,0x31,false,false,false,2026-07-10T12:43:31.875820+02:00,2970834884962,2970837912666,3.027704,true,true,11065220,11069310,4.090000,true,matched_request_response
run_3,20260712,198,before,198,missing_data,0x1234,3,,2E1234,032E123400000000,7F2E13,negative,0x7F,0x13,false,false,false,2026-07-10T12:43:31.900262+02:00,2970859325900,2970862299477,2.973577,true,true,11089643,11093740,4.097000,true,matched_request_response
run_3,20260712,199,before,199,unknown_did,0x2222,5,EE46,2E2222EE46,052E2222EE460000,7F2E31,negative,0x7F,0x31,false,false,false,2026-07-10T12:43:31.924611+02:00,2970883675066,2970886718346,3.043280,true,true,11113985,11118069,4.084000,true,matched_request_response
run_3,20260712,200,before,200,target_did_random_data,0x1234,5,2656,2E12342656,052E123426560000,6E1234,positive,0x6E,,true,true,false,2026-07-10T12:43:31.949048+02:00,2970908112443,2970911117518,3.005075,true,true,11138357,11142443,4.086000,true,matched_request_response
run_3,20260712,201,before,201,target_did_random_data,0x1234,6,58C980,2E123458C980,062E123458C98000,6E1234,positive,0x6E,,true,true,false,2026-07-10T12:43:31.973427+02:00,2970932491920,2970935508031,3.016111,true,true,11162714,11166796,4.082000,true,matched_request_response
run_3,20260712,202,before,202,target_did_random_data,0x1234,6,E88FE1,2E1234E88FE1,062E1234E88FE100,6E1234,positive,0x6E,,true,true,false,2026-07-10T12:43:31.997815+02:00,2970956879150,2970959959376,3.080226,true,true,11187064,11191143,4.079000,true,matched_request_response
run_3,20260712,203,before,203,target_did_random_data,0x1234,6,AEA79E,2E1234AEA79E,062E1234AEA79E00,6E1234,positive,0x6E,,true,true,false,2026-07-10T12:43:32.022282+02:00,2970981346209,2970984356384,3.010175,true,true,11211526,11215608,4.082000,true,matched_request_response
run_3,20260712,204,before,204,target_did_random_data,0x1234,6,CF0537,2E1234CF0537,062E1234CF053700,6E1234,positive,0x6E,,true,true,false,2026-07-10T12:43:32.046864+02:00,2971005927320,2971008725106,2.797786,true,true,11236056,11240141,4.085000,true,matched_request_response
run_3,20260712,205,before,205,unknown_did,0xF187,6,4EBEBF,2EF1874EBEBF,062EF1874EBEBF00,7F2E31,negative,0x7F,0x31,false,false,false,2026-07-10T12:43:32.071000+02:00,2971030064587,2971033202501,3.137914,true,true,11260169,11264252,4.083000,true,matched_request_response
run_3,20260712,206,before,206,unknown_did,0xF187,6,552229,2EF187552229,062EF18755222900,7F2E31,negative,0x7F,0x31,false,false,false,2026-07-10T12:43:32.095724+02:00,2971054787685,2971057573807,2.786122,true,true,11284863,11288943,4.080000,true,matched_request_response
run_3,20260712,207,before,207,unknown_did,0xF187,4,52,2EF18752,042EF18752000000,7F2E31,negative,0x7F,0x31,false,false,false,2026-07-10T12:43:32.119891+02:00,2971078955613,2971082044009,3.088396,true,true,11309009,11313097,4.088000,true,matched_request_response
run_3,20260712,208,before,208,target_did_random_data,0x1234,7,A377D46B,2E1234A377D46B,072E1234A377D46B,6E1234,positive,0x6E,,true,true,false,2026-07-10T12:43:32.144422+02:00,2971103485739,2971106409868,2.924129,true,true,11333492,11337570,4.078000,true,matched_request_response
run_3,20260712,209,before,209,unknown_did,0x3333,6,321FDE,2E3333321FDE,062E3333321FDE00,7F2E31,negative,0x7F,0x31,false,false,false,2026-07-10T12:43:32.168699+02:00,2971127763038,2971130903816,3.140778,true,true,11357748,11361828,4.080000,true,matched_request_response
run_3,20260712,210,before,210,unknown_did,0x3333,5,A4BD,2E3333A4BD,052E3333A4BD0000,7F2E31,negative,0x7F,0x31,false,false,false,2026-07-10T12:43:32.193267+02:00,2971152331088,2971155266532,2.935444,true,true,11382299,11386385,4.086000,true,matched_request_response
run_3,20260712,211,before,211,target_did_random_data,0x1234,6,869A87,2E1234869A87,062E1234869A8700,6E1234,positive,0x6E,,true,true,false,2026-07-10T12:43:32.217594+02:00,2971176658185,2971179670524,3.012339,true,true,11406639,11410721,4.082000,true,matched_request_response
run_3,20260712,212,before,212,target_did_random_data,0x1234,6,67AED6,2E123467AED6,062E123467AED600,6E1234,positive,0x6E,,true,true,false,2026-07-10T12:43:32.242002+02:00,2971201066018,2971204088065,3.022047,true,true,11430969,11435049,4.080000,true,matched_request_response
run_3,20260712,213,before,213,target_did_random_data,0x1234,6,27EA71,2E123427EA71,062E123427EA7100,6E1234,positive,0x6E,,true,true,false,2026-07-10T12:43:32.266423+02:00,2971225487331,2971228493035,3.005704,true,true,11455369,11459451,4.082000,true,matched_request_response
run_3,20260712,214,before,214,target_did_random_data,0x1234,5,DDF7,2E1234DDF7,052E1234DDF70000,6E1234,positive,0x6E,,true,true,false,2026-07-10T12:43:32.290781+02:00,2971249844529,2971252938164,3.093635,true,true,11479705,11483792,4.087000,true,matched_request_response
run_3,20260712,215,before,215,target_did_random_data,0x1234,6,07C39C,2E123407C39C,062E123407C39C00,6E1234,positive,0x6E,,true,true,false,2026-07-10T12:43:32.315520+02:00,2971274583761,2971277335940,2.752179,true,true,11504414,11508500,4.086000,true,matched_request_response
run_3,20260712,216,before,216,target_did_random_data,0x1234,4,20,2E123420,042E123420000000,6E1234,positive,0x6E,,true,true,false,2026-07-10T12:43:32.339681+02:00,2971298745333,2971301731900,2.986567,true,true,11528545,11532636,4.091000,true,matched_request_response
run_3,20260712,217,before,217,target_did_random_data,0x1234,7,AAD75A80,2E1234AAD75A80,072E1234AAD75A80,6E1234,positive,0x6E,,true,true,false,2026-07-10T12:43:32.364228+02:00,2971323292500,2971326194350,2.901850,true,true,11553061,11557137,4.076000,true,matched_request_response
run_3,20260712,218,before,218,unknown_did,0xF187,4,83,2EF18783,042EF18783000000,7F2E31,negative,0x7F,0x31,false,false,false,2026-07-10T12:43:32.388536+02:00,2971347599762,2971350576482,2.976720,true,true,11577340,11581431,4.091000,true,matched_request_response
run_3,20260712,219,before,219,target_did_random_data,0x1234,7,D23C819A,2E1234D23C819A,072E1234D23C819A,6E1234,positive,0x6E,,true,true,false,2026-07-10T12:43:32.412877+02:00,2971371941874,2971374941362,2.999488,true,true,11601634,11605712,4.078000,true,matched_request_response
run_3,20260712,220,before,220,target_did_random_data,0x1234,4,4A,2E12344A,042E12344A000000,6E1234,positive,0x6E,,true,true,false,2026-07-10T12:43:32.437268+02:00,2971396332596,2971399398923,3.066327,true,true,11626011,11630099,4.088000,true,matched_request_response
run_3,20260712,221,before,221,read_only_did,0x1001,6,54445B,2E100154445B,062E100154445B00,7F2E31,negative,0x7F,0x31,false,false,false,2026-07-10T12:43:32.461704+02:00,2971420768436,2971423825893,3.057457,true,true,11650427,11654513,4.086000,true,matched_request_response
run_3,20260712,222,before,222,missing_data,0x1234,3,,2E1234,032E123400000000,7F2E13,negative,0x7F,0x13,false,false,false,2026-07-10T12:43:32.486248+02:00,2971445312740,2971448422229,3.109489,true,true,11674944,11679037,4.093000,true,matched_request_response
run_3,20260712,223,before,223,target_did_random_data,0x1234,5,A8BB,2E1234A8BB,052E1234A8BB0000,6E1234,positive,0x6E,,true,true,false,2026-07-10T12:43:32.510805+02:00,2971469869336,2971472666354,2.797018,true,true,11699468,11703554,4.086000,true,matched_request_response
run_3,20260712,224,before,224,missing_data,0x1234,3,,2E1234,032E123400000000,7F2E13,negative,0x7F,0x13,false,false,false,2026-07-10T12:43:32.534988+02:00,2971494053467,2971497055120,3.001653,true,true,11723651,11727748,4.097000,true,matched_request_response
run_3,20260712,225,before,225,missing_data,0x1234,3,,2E1234,032E123400000000,7F2E13,negative,0x7F,0x13,false,false,false,2026-07-10T12:43:32.559371+02:00,2971518435528,2971521487677,3.052149,true,true,11747999,11752091,4.092000,true,matched_request_response
run_3,20260712,226,before,226,target_did_random_data,0x1234,6,719ADC,2E1234719ADC,062E1234719ADC00,6E1234,positive,0x6E,,true,true,false,2026-07-10T12:43:32.583815+02:00,2971542879121,2971545938394,3.059273,true,true,11772401,11776483,4.082000,true,matched_request_response
run_3,20260712,227,before,227,target_did_random_data,0x1234,6,37C05D,2E123437C05D,062E123437C05D00,6E1234,positive,0x6E,,true,true,false,2026-07-10T12:43:32.608304+02:00,2971567367272,2971570322481,2.955209,true,true,11796874,11800955,4.081000,true,matched_request_response
run_3,20260712,228,before,228,read_only_did,0x1001,4,88,2E100188,042E100188000000,7F2E31,negative,0x7F,0x31,false,false,false,2026-07-10T12:43:32.632597+02:00,2971591662102,2971594707825,3.045723,true,true,11821201,11825295,4.094000,true,matched_request_response
run_3,20260712,229,before,229,target_did_random_data,0x1234,5,5FC0,2E12345FC0,052E12345FC00000,6E1234,positive,0x6E,,true,true,false,2026-07-10T12:43:32.657036+02:00,2971616100875,2971619130116,3.029241,true,true,11845560,11849646,4.086000,true,matched_request_response
run_3,20260712,230,before,230,target_did_random_data,0x1234,6,961261,2E1234961261,062E123496126100,6E1234,positive,0x6E,,true,true,false,2026-07-10T12:43:32.681412+02:00,2971640476791,2971643631258,3.154467,true,true,11869891,11873971,4.080000,true,matched_request_response
run_3,20260712,231,before,231,target_did_random_data,0x1234,7,B9D98EA5,2E1234B9D98EA5,072E1234B9D98EA5,6E1234,positive,0x6E,,true,true,false,2026-07-10T12:43:32.705930+02:00,2971664992879,2971667945364,2.952485,true,true,11894403,11898481,4.078000,true,matched_request_response
run_3,20260712,232,before,232,target_did_random_data,0x1234,6,6C3389,2E12346C3389,062E12346C338900,6E1234,positive,0x6E,,true,true,false,2026-07-10T12:43:32.730259+02:00,2971689323397,2971692368073,3.044676,true,true,11918690,11922773,4.083000,true,matched_request_response
run_3,20260712,233,before,233,unknown_did,0xF187,4,4E,2EF1874E,042EF1874E000000,7F2E31,negative,0x7F,0x31,false,false,false,2026-07-10T12:43:32.754672+02:00,2971713736050,2971716807615,3.071565,true,true,11943081,11947171,4.090000,true,matched_request_response
run_3,20260712,234,before,234,target_did_random_data,0x1234,6,C6E390,2E1234C6E390,062E1234C6E39000,6E1234,positive,0x6E,,true,true,false,2026-07-10T12:43:32.779116+02:00,2971738180550,2971741237797,3.057247,true,true,11967487,11971569,4.082000,true,matched_request_response
run_3,20260712,235,before,235,target_did_random_data,0x1234,6,5282ED,2E12345282ED,062E12345282ED00,6E1234,positive,0x6E,,true,true,false,2026-07-10T12:43:32.803540+02:00,2971762603329,2971765601142,2.997813,true,true,11991893,11995973,4.080000,true,matched_request_response
run_3,20260712,236,before,236,target_did_random_data,0x1234,6,18A56A,2E123418A56A,062E123418A56A00,6E1234,positive,0x6E,,true,true,false,2026-07-10T12:43:32.827861+02:00,2971786924769,2971790064150,3.139381,true,true,12016208,12020290,4.082000,true,matched_request_response
run_3,20260712,237,before,237,missing_data,0x1234,3,,2E1234,032E123400000000,7F2E13,negative,0x7F,0x13,false,false,false,2026-07-10T12:43:32.852611+02:00,2971811674198,2971814468631,2.794433,true,true,12040963,12045055,4.092000,true,matched_request_response
run_3,20260712,238,before,238,target_did_random_data,0x1234,7,83829A59,2E123483829A59,072E123483829A59,6E1234,positive,0x6E,,true,true,false,2026-07-10T12:43:32.876801+02:00,2971835865033,2971838901747,3.036714,true,true,12065081,12069159,4.078000,true,matched_request_response
run_3,20260712,239,before,239,target_did_random_data,0x1234,7,908419C1,2E1234908419C1,072E1234908419C1,6E1234,positive,0x6E,,true,true,false,2026-07-10T12:43:32.901215+02:00,2971860278524,2971863248190,2.969666,true,true,12089480,12093559,4.079000,true,matched_request_response
run_3,20260712,240,before,240,target_did_random_data,0x1234,6,A3E599,2E1234A3E599,062E1234A3E59900,6E1234,positive,0x6E,,true,true,false,2026-07-10T12:43:32.925544+02:00,2971884608623,2971887718042,3.109419,true,true,12113776,12117856,4.080000,true,matched_request_response
run_3,20260712,241,before,241,target_did_random_data,0x1234,7,2EFFAED7,2E12342EFFAED7,072E12342EFFAED7,6E1234,positive,0x6E,,true,true,false,2026-07-10T12:43:32.950024+02:00,2971909087835,2971912113514,3.025679,true,true,12138231,12142310,4.079000,true,matched_request_response
run_3,20260712,242,before,242,unknown_did,0x2222,4,63,2E222263,042E222263000000,7F2E31,negative,0x7F,0x31,false,false,false,2026-07-10T12:43:32.974411+02:00,2971933475204,2971936530706,3.055502,true,true,12162608,12166698,4.090000,true,matched_request_response
run_3,20260712,243,before,243,target_did_random_data,0x1234,4,62,2E123462,042E123462000000,6E1234,positive,0x6E,,true,true,false,2026-07-10T12:43:32.998827+02:00,2971957891209,2971960950831,3.059622,true,true,12187009,12191097,4.088000,true,matched_request_response
run_3,20260712,244,before,244,target_did_random_data,0x1234,6,1C5881,2E12341C5881,062E12341C588100,6E1234,positive,0x6E,,true,true,false,2026-07-10T12:43:33.023273+02:00,2971982338014,2971985336036,2.998022,true,true,12211435,12215517,4.082000,true,matched_request_response
run_3,20260712,245,before,245,target_did_random_data,0x1234,7,0558D6DE,2E12340558D6DE,072E12340558D6DE,6E1234,positive,0x6E,,true,true,false,2026-07-10T12:43:33.047695+02:00,2972006759467,2972009768175,3.008708,true,true,12235801,12239882,4.081000,true,matched_request_response
run_3,20260712,246,before,246,target_did_random_data,0x1234,7,8B507549,2E12348B507549,072E12348B507549,6E1234,positive,0x6E,,true,true,false,2026-07-10T12:43:33.072088+02:00,2972031152564,2972034176427,3.023863,true,true,12260177,12264256,4.079000,true,matched_request_response
run_3,20260712,247,before,247,target_did_random_data,0x1234,5,D4AA,2E1234D4AA,052E1234D4AA0000,6E1234,positive,0x6E,,true,true,false,2026-07-10T12:43:33.096482+02:00,2972055545661,2972058597670,3.052009,true,true,12284549,12288635,4.086000,true,matched_request_response
run_3,20260712,248,before,248,target_did_random_data,0x1234,6,49D644,2E123449D644,062E123449D64400,6E1234,positive,0x6E,,true,true,false,2026-07-10T12:43:33.120889+02:00,2972079953983,2972082982177,3.028194,true,true,12308937,12313017,4.080000,true,matched_request_response
run_3,20260712,249,before,249,target_did_random_data,0x1234,6,E9BBDF,2E1234E9BBDF,062E1234E9BBDF00,6E1234,positive,0x6E,,true,true,false,2026-07-10T12:43:33.145311+02:00,2972104375087,2972107420531,3.045444,true,true,12333330,12337412,4.082000,true,matched_request_response
run_3,20260712,250,before,250,target_did_random_data,0x1234,5,5218,2E12345218,052E123452180000,6E1234,positive,0x6E,,true,true,false,2026-07-10T12:43:33.169713+02:00,2972128776634,2972131819215,3.042581,true,true,12357711,12361797,4.086000,true,matched_request_response
run_3,20260712,251,before,251,target_did_random_data,0x1234,7,60F11120,2E123460F11120,072E123460F11120,6E1234,positive,0x6E,,true,true,false,2026-07-10T12:43:33.194129+02:00,2972153192639,2972156216503,3.023864,true,true,12382094,12386172,4.078000,true,matched_request_response
run_3,20260712,252,before,252,target_did_random_data,0x1234,4,BE,2E1234BE,042E1234BE000000,6E1234,positive,0x6E,,true,true,false,2026-07-10T12:43:33.218539+02:00,2972177603267,2972180694597,3.091330,true,true,12406504,12410595,4.091000,true,matched_request_response
run_3,20260712,253,before,253,target_did_random_data,0x1234,6,637847,2E1234637847,062E123463784700,6E1234,positive,0x6E,,true,true,false,2026-07-10T12:43:33.242984+02:00,2972202048396,2972205050887,3.002491,true,true,12430896,12434976,4.080000,true,matched_request_response
run_3,20260712,254,before,254,target_did_random_data,0x1234,5,36A3,2E123436A3,052E123436A30000,6E1234,positive,0x6E,,true,true,false,2026-07-10T12:43:33.267482+02:00,2972226545766,2972229474505,2.928739,true,true,12455385,12459471,4.086000,true,matched_request_response
run_3,20260712,255,before,255,target_did_random_data,0x1234,4,B7,2E1234B7,042E1234B7000000,6E1234,positive,0x6E,,true,true,false,2026-07-10T12:43:33.291745+02:00,2972250808678,2972253932066,3.123388,true,true,12479629,12483719,4.090000,true,matched_request_response
run_3,20260712,256,before,256,target_did_random_data,0x1234,6,A9D37C,2E1234A9D37C,062E1234A9D37C00,6E1234,positive,0x6E,,true,true,false,2026-07-10T12:43:33.316251+02:00,2972275315477,2972278294712,2.979235,true,true,12504104,12508186,4.082000,true,matched_request_response
run_3,20260712,257,before,257,target_did_random_data,0x1234,5,5088,2E12345088,052E123450880000,6E1234,positive,0x6E,,true,true,false,2026-07-10T12:43:33.340580+02:00,2972299644948,2972302701567,3.056619,true,true,12528417,12532503,4.086000,true,matched_request_response
run_3,20260712,258,before,258,target_did_random_data,0x1234,5,0E42,2E12340E42,052E12340E420000,6E1234,positive,0x6E,,true,true,false,2026-07-10T12:43:33.365079+02:00,2972324143436,2972327177357,3.033921,true,true,12552900,12556989,4.089000,true,matched_request_response
run_3,20260712,259,before,259,target_did_random_data,0x1234,5,3793,2E12343793,052E123437930000,6E1234,positive,0x6E,,true,true,false,2026-07-10T12:43:33.389469+02:00,2972348533321,2972351534695,3.001374,true,true,12577251,12581338,4.087000,true,matched_request_response
run_3,20260712,260,before,260,target_did_random_data,0x1234,7,F8B7574C,2E1234F8B7574C,072E1234F8B7574C,6E1234,positive,0x6E,,true,true,false,2026-07-10T12:43:33.413816+02:00,2972372879973,2972375976122,3.096149,true,true,12601563,12605641,4.078000,true,matched_request_response
run_3,20260712,261,before,261,target_did_random_data,0x1234,6,6B0C23,2E12346B0C23,062E12346B0C2300,6E1234,positive,0x6E,,true,true,false,2026-07-10T12:43:33.438299+02:00,2972397363864,2972400389892,3.026028,true,true,12626039,12630123,4.084000,true,matched_request_response
run_3,20260712,262,before,262,target_did_random_data,0x1234,5,460C,2E1234460C,052E1234460C0000,6E1234,positive,0x6E,,true,true,false,2026-07-10T12:43:33.462668+02:00,2972421732795,2972424764830,3.032035,true,true,12650382,12654473,4.091000,true,matched_request_response
run_3,20260712,263,before,263,missing_data,0x1234,3,,2E1234,032E123400000000,7F2E13,negative,0x7F,0x13,false,false,false,2026-07-10T12:43:33.486983+02:00,2972446046692,2972448239929,2.193237,true,true,12674682,12678777,4.095000,true,matched_request_response
run_3,20260712,264,before,264,target_did_random_data,0x1234,7,EC3FD0D5,2E1234EC3FD0D5,072E1234EC3FD0D5,6E1234,positive,0x6E,,true,true,false,2026-07-10T12:43:33.510740+02:00,2972469803951,2972472703007,2.899056,true,true,12698385,12702463,4.078000,true,matched_request_response
run_3,20260712,265,before,265,read_only_did,0x1001,5,8B56,2E10018B56,052E10018B560000,7F2E31,negative,0x7F,0x31,false,false,false,2026-07-10T12:43:33.535106+02:00,2972494171136,2972497069494,2.898358,true,true,12722770,12726859,4.089000,true,matched_request_response
run_3,20260712,266,before,266,target_did_random_data,0x1234,4,0F,2E12340F,042E12340F000000,6E1234,positive,0x6E,,true,true,false,2026-07-10T12:43:33.559607+02:00,2972518670742,2972521473277,2.802535,true,true,12747284,12751379,4.095000,true,matched_request_response
run_3,20260712,267,before,267,target_did_random_data,0x1234,6,884B4D,2E1234884B4D,062E1234884B4D00,6E1234,positive,0x6E,,true,true,false,2026-07-10T12:43:33.583770+02:00,2972542834060,2972545936495,3.102435,true,true,12771362,12775445,4.083000,true,matched_request_response
run_3,20260712,268,before,268,unknown_did,0x3333,6,CB283D,2E3333CB283D,062E3333CB283D00,7F2E31,negative,0x7F,0x31,false,false,false,2026-07-10T12:43:33.608260+02:00,2972567323608,2972570337623,3.014015,true,true,12795831,12799911,4.080000,true,matched_request_response
run_3,20260712,269,before,269,target_did_random_data,0x1234,5,7DFE,2E12347DFE,052E12347DFE0000,6E1234,positive,0x6E,,true,true,false,2026-07-10T12:43:33.632730+02:00,2972591794648,2972594739381,2.944733,true,true,12820304,12824390,4.086000,true,matched_request_response
run_3,20260712,270,before,270,missing_data,0x1234,3,,2E1234,032E123400000000,7F2E13,negative,0x7F,0x13,false,false,false,2026-07-10T12:43:33.657171+02:00,2972616235377,2972619143373,2.907996,true,true,12844700,12848795,4.095000,true,matched_request_response
run_3,20260712,271,before,271,target_did_random_data,0x1234,7,FAA5750E,2E1234FAA5750E,072E1234FAA5750E,6E1234,positive,0x6E,,true,true,false,2026-07-10T12:43:33.681534+02:00,2972640598931,2972643642699,3.043768,true,true,12869023,12873104,4.081000,true,matched_request_response
run_3,20260712,272,before,272,target_did_random_data,0x1234,6,5D3FB7,2E12345D3FB7,062E12345D3FB700,6E1234,positive,0x6E,,true,true,false,2026-07-10T12:43:33.706265+02:00,2972665329293,2972667963510,2.634217,true,true,12893743,12897822,4.079000,true,matched_request_response
run_3,20260712,273,before,273,target_did_random_data,0x1234,4,DA,2E1234DA,042E1234DA000000,6E1234,positive,0x6E,,true,true,false,2026-07-10T12:43:33.730250+02:00,2972689313328,2972692355489,3.042161,true,true,12917689,12921779,4.090000,true,matched_request_response
run_3,20260712,274,before,274,target_did_random_data,0x1234,5,B21F,2E1234B21F,052E1234B21F0000,6E1234,positive,0x6E,,true,true,false,2026-07-10T12:43:33.754654+02:00,2972713718298,2972716766605,3.048307,true,true,12942076,12946162,4.086000,true,matched_request_response
run_3,20260712,275,before,275,target_did_random_data,0x1234,7,5DFB38D1,2E12345DFB38D1,072E12345DFB38D1,6E1234,positive,0x6E,,true,true,false,2026-07-10T12:43:33.779055+02:00,2972738119356,2972741188198,3.068842,true,true,12966433,12970511,4.078000,true,matched_request_response
run_3,20260712,276,before,276,target_did_random_data,0x1234,4,1C,2E12341C,042E12341C000000,6E1234,positive,0x6E,,true,true,false,2026-07-10T12:43:33.803595+02:00,2972762660308,2972765599733,2.939425,true,true,12991038,12995126,4.088000,true,matched_request_response
run_3,20260712,277,before,277,target_did_random_data,0x1234,4,2F,2E12342F,042E12342F000000,6E1234,positive,0x6E,,true,true,false,2026-07-10T12:43:33.827927+02:00,2972786992503,2972789988220,2.995717,true,true,13015317,13019408,4.091000,true,matched_request_response
run_3,20260712,278,before,278,target_did_random_data,0x1234,6,26F17B,2E123426F17B,062E123426F17B00,6E1234,positive,0x6E,,true,true,false,2026-07-10T12:43:33.852310+02:00,2972811374565,2972814457095,3.082530,true,true,13039623,13043705,4.082000,true,matched_request_response
run_3,20260712,279,before,279,target_did_random_data,0x1234,4,31,2E123431,042E123431000000,6E1234,positive,0x6E,,true,true,false,2026-07-10T12:43:33.876801+02:00,2972835865999,2972838903621,3.037622,true,true,13064116,13068207,4.091000,true,matched_request_response
run_3,20260712,280,before,280,target_did_random_data,0x1234,6,61FB7F,2E123461FB7F,062E123461FB7F00,6E1234,positive,0x6E,,true,true,false,2026-07-10T12:43:33.901224+02:00,2972860287591,2972863289035,3.001444,true,true,13088494,13092577,4.083000,true,matched_request_response
run_3,20260712,281,before,281,unknown_did,0xF187,7,28784F11,2EF18728784F11,072EF18728784F11,7F2E31,negative,0x7F,0x31,false,false,false,2026-07-10T12:43:33.925635+02:00,2972884699615,2972887713631,3.014016,true,true,13112879,13116955,4.076000,true,matched_request_response
run_3,20260712,282,before,282,target_did_random_data,0x1234,6,32D050,2E123432D050,062E123432D05000,6E1234,positive,0x6E,,true,true,false,2026-07-10T12:43:33.950105+02:00,2972909169468,2972912128099,2.958631,true,true,13137319,13141401,4.082000,true,matched_request_response
run_3,20260712,283,before,283,missing_data,0x1234,3,,2E1234,032E123400000000,7F2E13,negative,0x7F,0x13,false,false,false,2026-07-10T12:43:33.974482+02:00,2972933547479,2972936559330,3.011851,true,true,13161695,13165790,4.095000,true,matched_request_response
run_3,20260712,284,before,284,target_did_random_data,0x1234,6,62DFA8,2E123462DFA8,062E123462DFA800,6E1234,positive,0x6E,,true,true,false,2026-07-10T12:43:33.998904+02:00,2972957968513,2972960944744,2.976231,true,true,13186070,13190152,4.082000,true,matched_request_response
run_3,20260712,285,before,285,target_did_random_data,0x1234,4,F3,2E1234F3,042E1234F3000000,6E1234,positive,0x6E,,true,true,false,2026-07-10T12:43:34.023330+02:00,2972982394156,2972985374508,2.980352,true,true,13210473,13214564,4.091000,true,matched_request_response
run_3,20260712,286,before,286,target_did_random_data,0x1234,7,CC494AB0,2E1234CC494AB0,072E1234CC494AB0,6E1234,positive,0x6E,,true,true,false,2026-07-10T12:43:34.047723+02:00,2973006787951,2973009760411,2.972460,true,true,13234826,13238902,4.076000,true,matched_request_response
run_3,20260712,287,before,287,target_did_random_data,0x1234,6,031D37,2E1234031D37,062E1234031D3700,6E1234,positive,0x6E,,true,true,false,2026-07-10T12:43:34.072074+02:00,2973031139074,2973034188359,3.049285,true,true,13259149,13263235,4.086000,true,matched_request_response
run_3,20260712,288,before,288,target_did_random_data,0x1234,5,37F4,2E123437F4,052E123437F40000,6E1234,positive,0x6E,,true,true,false,2026-07-10T12:43:34.096591+02:00,2973055656628,2973058603806,2.947178,true,true,13283709,13287796,4.087000,true,matched_request_response
run_3,20260712,289,before,289,unknown_did,0xF187,5,F7BA,2EF187F7BA,052EF187F7BA0000,7F2E31,negative,0x7F,0x31,false,false,false,2026-07-10T12:43:34.120898+02:00,2973079961516,2973083027563,3.066047,true,true,13307923,13312007,4.084000,true,matched_request_response
run_3,20260712,290,before,290,target_did_random_data,0x1234,5,E7F2,2E1234E7F2,052E1234E7F20000,6E1234,positive,0x6E,,true,true,false,2026-07-10T12:43:34.145370+02:00,2973104434651,2973107480165,3.045514,true,true,13332365,13336452,4.087000,true,matched_request_response
run_3,20260712,291,before,291,target_did_random_data,0x1234,6,EC7E5D,2E1234EC7E5D,062E1234EC7E5D00,6E1234,positive,0x6E,,true,true,false,2026-07-10T12:43:34.169809+02:00,2973128873355,2973131849167,2.975812,true,true,13356764,13360845,4.081000,true,matched_request_response
run_3,20260712,292,before,292,target_did_random_data,0x1234,7,AE3223BE,2E1234AE3223BE,072E1234AE3223BE,6E1234,positive,0x6E,,true,true,false,2026-07-10T12:43:34.194159+02:00,2973153222591,2973156233115,3.010524,true,true,13381079,13385158,4.079000,true,matched_request_response
run_3,20260712,293,before,293,target_did_random_data,0x1234,4,0C,2E12340C,042E12340C000000,6E1234,positive,0x6E,,true,true,false,2026-07-10T12:43:34.218556+02:00,2973177620507,2973180685437,3.064930,true,true,13405462,13409557,4.095000,true,matched_request_response
run_3,20260712,294,before,294,target_did_random_data,0x1234,6,A66408,2E1234A66408,062E1234A6640800,6E1234,positive,0x6E,,true,true,false,2026-07-10T12:43:34.243024+02:00,2973202088405,2973205108147,3.019742,true,true,13429892,13433977,4.085000,true,matched_request_response
run_3,20260712,295,before,295,unknown_did,0x3333,6,2B904C,2E33332B904C,062E33332B904C00,7F2E31,negative,0x7F,0x31,false,false,false,2026-07-10T12:43:34.267428+02:00,2973226491978,2973229490489,2.998511,true,true,13454262,13458344,4.082000,true,matched_request_response
run_3,20260712,296,before,296,target_did_random_data,0x1234,5,55DF,2E123455DF,052E123455DF0000,6E1234,positive,0x6E,,true,true,false,2026-07-10T12:43:34.291813+02:00,2973250876135,2973253883795,3.007660,true,true,13478626,13482712,4.086000,true,matched_request_response
run_3,20260712,297,before,297,unknown_did,0xF187,4,3B,2EF1873B,042EF1873B000000,7F2E31,negative,0x7F,0x31,false,false,false,2026-07-10T12:43:34.316167+02:00,2973275231937,2973278328086,3.096149,true,true,13502960,13507049,4.089000,true,matched_request_response
run_3,20260712,298,before,298,target_did_random_data,0x1234,7,D009BB6C,2E1234D009BB6C,072E1234D009BB6C,6E1234,positive,0x6E,,true,true,false,2026-07-10T12:43:34.340623+02:00,2973299687402,2973302719577,3.032175,true,true,13527407,13531490,4.083000,true,matched_request_response
run_3,20260712,299,before,299,target_did_random_data,0x1234,4,90,2E123490,042E123490000000,6E1234,positive,0x6E,,true,true,false,2026-07-10T12:43:34.365231+02:00,2973324295472,2973327211570,2.916098,true,true,13551972,13556060,4.088000,true,matched_request_response
run_3,20260712,300,before,300,target_did_random_data,0x1234,6,4B9EF2,2E12344B9EF2,062E12344B9EF200,6E1234,positive,0x6E,,true,true,false,2026-07-10T12:43:34.389579+02:00,2973348642753,2973351547466,2.904713,true,true,13576263,13580345,4.082000,true,matched_request_response
run_3,20260712,301,before,301,target_did_random_data,0x1234,5,6920,2E12346920,052E123469200000,6E1234,positive,0x6E,,true,true,false,2026-07-10T12:43:34.413852+02:00,2973372916211,2973376027516,3.111305,true,true,13600531,13604617,4.086000,true,matched_request_response
run_3,20260712,302,before,302,target_did_random_data,0x1234,7,314BC2B1,2E1234314BC2B1,072E1234314BC2B1,6E1234,positive,0x6E,,true,true,false,2026-07-10T12:43:34.438302+02:00,2973397366509,2973400493877,3.127368,true,true,13624930,13629006,4.076000,true,matched_request_response
run_3,20260712,303,before,303,target_did_random_data,0x1234,5,5AEE,2E12345AEE,052E12345AEE0000,6E1234,positive,0x6E,,true,true,false,2026-07-10T12:43:34.462766+02:00,2973421830984,2973424796739,2.965755,true,true,13649387,13653473,4.086000,true,matched_request_response
run_3,20260712,304,before,304,target_did_random_data,0x1234,6,622273,2E1234622273,062E123462227300,6E1234,positive,0x6E,,true,true,false,2026-07-10T12:43:34.487109+02:00,2973446173515,2973449198007,3.024492,true,true,13673699,13677782,4.083000,true,matched_request_response
run_3,20260712,305,before,305,target_did_random_data,0x1234,5,5DDB,2E12345DDB,052E12345DDB0000,6E1234,positive,0x6E,,true,true,false,2026-07-10T12:43:34.511470+02:00,2973470534206,2973473651238,3.117032,true,true,13698039,13702123,4.084000,true,matched_request_response
run_3,20260712,306,before,306,target_did_random_data,0x1234,5,4CA5,2E12344CA5,052E12344CA50000,6E1234,positive,0x6E,,true,true,false,2026-07-10T12:43:34.535974+02:00,2973495037373,2973498087148,3.049775,true,true,13722505,13726592,4.087000,true,matched_request_response
run_3,20260712,307,before,307,missing_data,0x1234,3,,2E1234,032E123400000000,7F2E13,negative,0x7F,0x13,false,false,false,2026-07-10T12:43:34.560412+02:00,2973519475309,2973522499661,3.024352,true,true,13746933,13751025,4.092000,true,matched_request_response
run_3,20260712,308,before,308,target_did_random_data,0x1234,6,482816,2E1234482816,062E123448281600,6E1234,positive,0x6E,,true,true,false,2026-07-10T12:43:34.584796+02:00,2973543859745,2973547038587,3.178842,true,true,13771283,13775365,4.082000,true,matched_request_response
run_3,20260712,309,before,309,target_did_random_data,0x1234,7,F8A39C53,2E1234F8A39C53,072E1234F8A39C53,6E1234,positive,0x6E,,true,true,false,2026-07-10T12:43:34.609360+02:00,2973568422977,2973571341100,2.918123,true,true,13795814,13799890,4.076000,true,matched_request_response
run_3,20260712,310,before,310,target_did_random_data,0x1234,6,0F5002,2E12340F5002,062E12340F500200,6E1234,positive,0x6E,,true,true,false,2026-07-10T12:43:34.633664+02:00,2973592727934,2973595726095,2.998161,true,true,13820102,13824193,4.091000,true,matched_request_response
run_3,20260712,311,before,311,target_did_random_data,0x1234,6,4D551D,2E12344D551D,062E12344D551D00,6E1234,positive,0x6E,,true,true,false,2026-07-10T12:43:34.658071+02:00,2973617133881,2973620143497,3.009616,true,true,13844475,13848557,4.082000,true,matched_request_response
run_3,20260712,312,before,312,target_did_random_data,0x1234,6,308509,2E1234308509,062E123430850900,6E1234,positive,0x6E,,true,true,false,2026-07-10T12:43:34.682411+02:00,2973641475435,2973644551331,3.075896,true,true,13868780,13872863,4.083000,true,matched_request_response
run_3,20260712,313,before,313,missing_data,0x1234,3,,2E1234,032E123400000000,7F2E13,negative,0x7F,0x13,false,false,false,2026-07-10T12:43:34.706832+02:00,2973665895212,2973668995412,3.100200,true,true,13893205,13897299,4.094000,true,matched_request_response
run_3,20260712,314,before,314,target_did_random_data,0x1234,7,089C42EA,2E1234089C42EA,072E1234089C42EA,6E1234,positive,0x6E,,true,true,false,2026-07-10T12:43:34.731317+02:00,2973690381268,2973693380966,2.999698,true,true,13917648,13921734,4.086000,true,matched_request_response
run_3,20260712,315,before,315,unknown_did,0xF187,7,2975A4FA,2EF1872975A4FA,072EF1872975A4FA,7F2E31,negative,0x7F,0x31,false,false,false,2026-07-10T12:43:34.755693+02:00,2973714757044,2973717828330,3.071286,true,true,13942002,13946078,4.076000,true,matched_request_response
run_3,20260712,316,before,316,target_did_random_data,0x1234,4,C5,2E1234C5,042E1234C5000000,6E1234,positive,0x6E,,true,true,false,2026-07-10T12:43:34.780162+02:00,2973739226478,2973742235605,3.009127,true,true,13966462,13970552,4.090000,true,matched_request_response
run_3,20260712,317,before,317,unknown_did,0xF187,7,282D12F1,2EF187282D12F1,072EF187282D12F1,7F2E31,negative,0x7F,0x31,false,false,false,2026-07-10T12:43:34.804612+02:00,2973763675798,2973766643508,2.967710,true,true,13990927,13995003,4.076000,true,matched_request_response
run_3,20260712,318,before,318,target_did_random_data,0x1234,6,557800,2E1234557800,062E123455780000,6E1234,positive,0x6E,,true,true,false,2026-07-10T12:43:34.829011+02:00,2973788075460,2973791042333,2.966873,true,true,14015266,14019352,4.086000,true,matched_request_response
run_3,20260712,319,before,319,target_did_random_data,0x1234,4,8A,2E12348A,042E12348A000000,6E1234,positive,0x6E,,true,true,false,2026-07-10T12:43:34.853354+02:00,2973812418131,2973815464344,3.046213,true,true,14039583,14043673,4.090000,true,matched_request_response
run_3,20260712,320,before,320,target_did_random_data,0x1234,6,DD2224,2E1234DD2224,062E1234DD222400,6E1234,positive,0x6E,,true,true,false,2026-07-10T12:43:34.877793+02:00,2973836856975,2973839918064,3.061089,true,true,14063989,14068070,4.081000,true,matched_request_response
run_3,20260712,321,before,321,target_did_random_data,0x1234,5,C788,2E1234C788,052E1234C7880000,6E1234,positive,0x6E,,true,true,false,2026-07-10T12:43:34.902247+02:00,2973861311672,2973864263878,2.952206,true,true,14088435,14092522,4.087000,true,matched_request_response
run_3,20260712,322,before,322,target_did_random_data,0x1234,7,CD2DE471,2E1234CD2DE471,072E1234CD2DE471,6E1234,positive,0x6E,,true,true,false,2026-07-10T12:43:34.926559+02:00,2973885622705,2973888684004,3.061299,true,true,14112697,14116776,4.079000,true,matched_request_response
run_3,20260712,323,before,323,missing_data,0x1234,3,,2E1234,032E123400000000,7F2E13,negative,0x7F,0x13,false,false,false,2026-07-10T12:43:34.950997+02:00,2973910061409,2973913117399,3.055990,true,true,14137133,14141228,4.095000,true,matched_request_response
run_3,20260712,324,before,324,target_did_random_data,0x1234,5,3F74,2E12343F74,052E12343F740000,6E1234,positive,0x6E,,true,true,false,2026-07-10T12:43:34.975407+02:00,2973934471477,2973937513220,3.041743,true,true,14161521,14165608,4.087000,true,matched_request_response
run_3,20260712,325,before,325,unknown_did,0xF187,5,4634,2EF1874634,052EF18746340000,7F2E31,negative,0x7F,0x31,false,false,false,2026-07-10T12:43:34.999809+02:00,2973958872746,2973961916723,3.043977,true,true,14185904,14189988,4.084000,true,matched_request_response
run_3,20260712,326,before,326,target_did_random_data,0x1234,6,705764,2E1234705764,062E123470576400,6E1234,positive,0x6E,,true,true,false,2026-07-10T12:43:35.024260+02:00,2973983323532,2973986334545,3.011013,true,true,14210324,14214406,4.082000,true,matched_request_response
run_3,20260712,327,before,327,target_did_random_data,0x1234,6,7A28D4,2E12347A28D4,062E12347A28D400,6E1234,positive,0x6E,,true,true,false,2026-07-10T12:43:35.048661+02:00,2974007725080,2974010768639,3.043559,true,true,14234705,14238788,4.083000,true,matched_request_response
run_3,20260712,328,before,328,target_did_random_data,0x1234,4,A3,2E1234A3,042E1234A3000000,6E1234,positive,0x6E,,true,true,false,2026-07-10T12:43:35.073087+02:00,2974032151282,2974035264403,3.113121,true,true,14259112,14263203,4.091000,true,matched_request_response
run_3,20260712,329,before,329,target_did_random_data,0x1234,4,B2,2E1234B2,042E1234B2000000,6E1234,positive,0x6E,,true,true,false,2026-07-10T12:43:35.097534+02:00,2974056598437,2974059643602,3.045165,true,true,14283546,14287637,4.091000,true,matched_request_response
run_3,20260712,330,before,330,read_only_did,0x1001,6,220937,2E1001220937,062E100122093700,7F2E31,negative,0x7F,0x31,false,false,false,2026-07-10T12:43:35.122166+02:00,2974081230462,2974084044521,2.814059,true,true,14308147,14312238,4.091000,true,matched_request_response
run_3,20260712,331,before,331,target_did_random_data,0x1234,6,715C54,2E1234715C54,062E1234715C5400,6E1234,positive,0x6E,,true,true,false,2026-07-10T12:43:35.146353+02:00,2974105417108,2974108429656,3.012548,true,true,14332300,14336383,4.083000,true,matched_request_response
run_3,20260712,332,before,332,missing_data,0x1234,3,,2E1234,032E123400000000,7F2E13,negative,0x7F,0x13,false,false,false,2026-07-10T12:43:35.170805+02:00,2974129867265,2974132827573,2.960308,true,true,14356746,14360838,4.092000,true,matched_request_response
run_3,20260712,333,before,333,target_did_random_data,0x1234,5,FDC3,2E1234FDC3,052E1234FDC30000,6E1234,positive,0x6E,,true,true,false,2026-07-10T12:43:35.195108+02:00,2974154172641,2974157185679,3.013038,true,true,14381017,14385101,4.084000,true,matched_request_response
run_3,20260712,334,before,334,read_only_did,0x1001,6,915D42,2E1001915D42,062E1001915D4200,7F2E31,negative,0x7F,0x31,false,false,false,2026-07-10T12:43:35.219450+02:00,2974178514195,2974180726429,2.212234,true,true,14405332,14409419,4.087000,true,matched_request_response
run_3,20260712,335,before,335,unknown_did,0x3333,7,E41A12A5,2E3333E41A12A5,072E3333E41A12A5,7F2E31,negative,0x7F,0x31,false,false,false,2026-07-10T12:43:35.243052+02:00,2974202116057,2974205090821,2.974764,true,true,14428896,14432972,4.076000,true,matched_request_response
run_3,20260712,336,before,336,target_did_random_data,0x1234,7,E7936C28,2E1234E7936C28,072E1234E7936C28,6E1234,positive,0x6E,,true,true,false,2026-07-10T12:43:35.267383+02:00,2974226448042,2974229442782,2.994740,true,true,14453201,14457279,4.078000,true,matched_request_response
run_3,20260712,337,before,337,target_did_random_data,0x1234,6,38CD1D,2E123438CD1D,062E123438CD1D00,6E1234,positive,0x6E,,true,true,false,2026-07-10T12:43:35.291716+02:00,2974250779679,2974252938274,2.158595,true,true,14477510,14481592,4.082000,true,matched_request_response
run_3,20260712,338,before,338,read_only_did,0x1001,4,F3,2E1001F3,042E1001F3000000,7F2E31,negative,0x7F,0x31,false,false,false,2026-07-10T12:43:35.315231+02:00,2974274294238,2974277391016,3.096778,true,true,14501025,14505117,4.092000,true,matched_request_response
run_3,20260712,339,before,339,unknown_did,0xF187,7,097E9C10,2EF187097E9C10,072EF187097E9C10,7F2E31,negative,0x7F,0x31,false,false,false,2026-07-10T12:43:35.339667+02:00,2974298731336,2974301729288,2.997952,true,true,14525422,14529504,4.082000,true,matched_request_response
run_3,20260712,340,before,340,target_did_random_data,0x1234,6,EF402F,2E1234EF402F,062E1234EF402F00,6E1234,positive,0x6E,,true,true,false,2026-07-10T12:43:35.364057+02:00,2974323121080,2974326226099,3.105019,true,true,14549784,14553864,4.080000,true,matched_request_response
run_3,20260712,341,before,341,target_did_random_data,0x1234,7,B02BCC92,2E1234B02BCC92,072E1234B02BCC92,6E1234,positive,0x6E,,true,true,false,2026-07-10T12:43:35.388555+02:00,2974347618241,2974350619266,3.001025,true,true,14574256,14578335,4.079000,true,matched_request_response
run_3,20260712,342,before,342,unknown_did,0x3333,5,A46C,2E3333A46C,052E3333A46C0000,7F2E31,negative,0x7F,0x31,false,false,false,2026-07-10T12:43:35.412928+02:00,2974371991783,2974375080529,3.088746,true,true,14598628,14602715,4.087000,true,matched_request_response
run_3,20260712,343,before,343,target_did_random_data,0x1234,4,6D,2E12346D,042E12346D000000,6E1234,positive,0x6E,,true,true,false,2026-07-10T12:43:35.437418+02:00,2974396481681,2974399414051,2.932370,true,true,14623082,14627172,4.090000,true,matched_request_response
run_3,20260712,344,before,344,target_did_random_data,0x1234,7,EF0AB006,2E1234EF0AB006,072E1234EF0AB006,6E1234,positive,0x6E,,true,true,false,2026-07-10T12:43:35.461684+02:00,2974420749203,2974423837320,3.088117,true,true,14647324,14651411,4.087000,true,matched_request_response
run_3,20260712,345,before,345,target_did_random_data,0x1234,4,3E,2E12343E,042E12343E000000,6E1234,positive,0x6E,,true,true,false,2026-07-10T12:43:35.486140+02:00,2974445204598,2974448305008,3.100410,true,true,14671764,14675852,4.088000,true,matched_request_response
run_3,20260712,346,before,346,target_did_random_data,0x1234,4,09,2E123409,042E123409000000,6E1234,positive,0x6E,,true,true,false,2026-07-10T12:43:35.510587+02:00,2974469650356,2974472680086,3.029730,true,true,14696177,14700271,4.094000,true,matched_request_response
run_3,20260712,347,before,347,target_did_random_data,0x1234,6,01A2AF,2E123401A2AF,062E123401A2AF00,6E1234,positive,0x6E,,true,true,false,2026-07-10T12:43:35.534980+02:00,2974494044920,2974497076955,3.032035,true,true,14720542,14724629,4.087000,true,matched_request_response
run_3,20260712,348,before,348,unknown_did,0x2222,6,BFAC0B,2E2222BFAC0B,062E2222BFAC0B00,7F2E31,negative,0x7F,0x31,false,false,false,2026-07-10T12:43:35.559896+02:00,2974518959594,2974521492960,2.533366,true,true,14745437,14749523,4.086000,true,matched_request_response
run_3,20260712,349,before,349,read_only_did,0x1001,5,87D4,2E100187D4,052E100187D40000,7F2E31,negative,0x7F,0x31,false,false,false,2026-07-10T12:43:35.583769+02:00,2974542832162,2974545936762,3.104600,true,true,14769277,14773368,4.091000,true,matched_request_response
run_3,20260712,350,before,350,target_did_random_data,0x1234,4,4D,2E12344D,042E12344D000000,6E1234,positive,0x6E,,true,true,false,2026-07-10T12:43:35.608271+02:00,2974567335050,2974570335167,3.000117,true,true,14793765,14797853,4.088000,true,matched_request_response
run_3,20260712,351,before,351,target_did_random_data,0x1234,4,8E,2E12348E,042E12348E000000,6E1234,positive,0x6E,,true,true,false,2026-07-10T12:43:35.632703+02:00,2974591766351,2974594749287,2.982936,true,true,14818161,14822252,4.091000,true,matched_request_response
run_3,20260712,352,before,352,unknown_did,0x2222,6,34D3D2,2E222234D3D2,062E222234D3D200,7F2E31,negative,0x7F,0x31,false,false,false,2026-07-10T12:43:35.657079+02:00,2974616143105,2974619200701,3.057596,true,true,14842500,14846582,4.082000,true,matched_request_response
run_3,20260712,353,before,353,unknown_did,0xF187,5,351E,2EF187351E,052EF187351E0000,7F2E31,negative,0x7F,0x31,false,false,false,2026-07-10T12:43:35.681523+02:00,2974640586837,2974643758625,3.171788,true,true,14866934,14871017,4.083000,true,matched_request_response
run_3,20260712,354,before,354,target_did_random_data,0x1234,4,7D,2E12347D,042E12347D000000,6E1234,positive,0x6E,,true,true,false,2026-07-10T12:43:35.706123+02:00,2974665186805,2974667991016,2.804211,true,true,14891511,14895601,4.090000,true,matched_request_response
run_3,20260712,355,before,355,target_did_random_data,0x1234,7,4F837D4A,2E12344F837D4A,072E12344F837D4A,6E1234,positive,0x6E,,true,true,false,2026-07-10T12:43:35.730369+02:00,2974689432886,2974692409396,2.976510,true,true,14915725,14919804,4.079000,true,matched_request_response
run_3,20260712,356,before,356,target_did_random_data,0x1234,4,56,2E123456,042E123456000000,6E1234,positive,0x6E,,true,true,false,2026-07-10T12:43:35.754903+02:00,2974713966923,2974716824913,2.857990,true,true,14940236,14944326,4.090000,true,matched_request_response
run_3,20260712,357,before,357,target_did_random_data,0x1234,6,C163A6,2E1234C163A6,062E1234C163A600,6E1234,positive,0x6E,,true,true,false,2026-07-10T12:43:35.779155+02:00,2974738219848,2974741182041,2.962193,true,true,14964456,14968539,4.083000,true,matched_request_response
run_3,20260712,358,before,358,target_did_random_data,0x1234,4,89,2E123489,042E123489000000,6E1234,positive,0x6E,,true,true,false,2026-07-10T12:43:35.803408+02:00,2974762471726,2974764619007,2.147281,true,true,14988680,14992771,4.091000,true,matched_request_response
run_3,20260712,359,before,359,read_only_did,0x1001,5,05D0,2E100105D0,052E100105D00000,7F2E31,negative,0x7F,0x31,false,false,false,2026-07-10T12:43:35.826873+02:00,2974785938164,2974789092352,3.154188,true,true,15012159,15016254,4.095000,true,matched_request_response
run_3,20260712,360,before,360,read_only_did,0x1001,6,C3407A,2E1001C3407A,062E1001C3407A00,7F2E31,negative,0x7F,0x31,false,false,false,2026-07-10T12:43:35.851378+02:00,2974810441960,2974813489081,3.047121,true,true,15036603,15040690,4.087000,true,matched_request_response
run_3,20260712,361,before,361,target_did_random_data,0x1234,5,EA3E,2E1234EA3E,052E1234EA3E0000,6E1234,positive,0x6E,,true,true,false,2026-07-10T12:43:35.875770+02:00,2974834834010,2974837879035,3.045025,true,true,15060967,15065051,4.084000,true,matched_request_response
run_3,20260712,362,before,362,target_did_random_data,0x1234,6,F9494A,2E1234F9494A,062E1234F9494A00,6E1234,positive,0x6E,,true,true,false,2026-07-10T12:43:35.900175+02:00,2974859239189,2974862344697,3.105508,true,true,15085342,15089425,4.083000,true,matched_request_response
run_3,20260712,363,before,363,target_did_random_data,0x1234,4,2A,2E12342A,042E12342A000000,6E1234,positive,0x6E,,true,true,false,2026-07-10T12:43:35.924701+02:00,2974883764567,2974886723407,2.958840,true,true,15109850,15113939,4.089000,true,matched_request_response
run_3,20260712,364,before,364,target_did_random_data,0x1234,4,72,2E123472,042E123472000000,6E1234,positive,0x6E,,true,true,false,2026-07-10T12:43:35.948983+02:00,2974908047454,2974911157013,3.109559,true,true,15134095,15138185,4.090000,true,matched_request_response
run_3,20260712,365,before,365,target_did_random_data,0x1234,5,ED05,2E1234ED05,052E1234ED050000,6E1234,positive,0x6E,,true,true,false,2026-07-10T12:43:35.973455+02:00,2974932519612,2974935619951,3.100339,true,true,15158541,15162632,4.091000,true,matched_request_response
run_3,20260712,366,before,366,target_did_random_data,0x1234,7,FB3C2364,2E1234FB3C2364,072E1234FB3C2364,6E1234,positive,0x6E,,true,true,false,2026-07-10T12:43:35.997979+02:00,2974957042963,2974960082681,3.039718,true,true,15183034,15187111,4.077000,true,matched_request_response
run_3,20260712,367,before,367,target_did_random_data,0x1234,5,C009,2E1234C009,052E1234C0090000,6E1234,positive,0x6E,,true,true,false,2026-07-10T12:43:36.022429+02:00,2974981492912,2974984388057,2.895145,true,true,15207471,15211561,4.090000,true,matched_request_response
run_3,20260712,368,before,368,target_did_random_data,0x1234,4,16,2E123416,042E123416000000,6E1234,positive,0x6E,,true,true,false,2026-07-10T12:43:36.046655+02:00,2975005719506,2975008800221,3.080715,true,true,15231692,15235782,4.090000,true,matched_request_response
run_3,20260712,369,before,369,target_did_random_data,0x1234,5,B24F,2E1234B24F,052E1234B24F0000,6E1234,positive,0x6E,,true,true,false,2026-07-10T12:43:36.071130+02:00,2975030193620,2975033226213,3.032593,true,true,15256118,15260204,4.086000,true,matched_request_response
run_3,20260712,370,before,370,missing_data,0x1234,3,,2E1234,032E123400000000,7F2E13,negative,0x7F,0x13,false,false,false,2026-07-10T12:43:36.095523+02:00,2975054585809,2975057659889,3.074080,true,true,15280492,15284586,4.094000,true,matched_request_response
run_3,20260712,371,before,371,target_did_random_data,0x1234,6,72D9C8,2E123472D9C8,062E123472D9C800,6E1234,positive,0x6E,,true,true,false,2026-07-10T12:43:36.119987+02:00,2975079050774,2975082069119,3.018345,true,true,15304921,15309001,4.080000,true,matched_request_response
run_3,20260712,372,before,372,target_did_random_data,0x1234,5,A52B,2E1234A52B,052E1234A52B0000,6E1234,positive,0x6E,,true,true,false,2026-07-10T12:43:36.144344+02:00,2975103407972,2975106490433,3.082461,true,true,15329259,15333345,4.086000,true,matched_request_response
run_3,20260712,373,before,373,target_did_random_data,0x1234,7,0BC66CEB,2E12340BC66CEB,072E12340BC66CEB,6E1234,positive,0x6E,,true,true,false,2026-07-10T12:43:36.168754+02:00,2975127818251,2975130954279,3.136028,true,true,15353627,15357710,4.083000,true,matched_request_response
run_3,20260712,374,before,374,target_did_random_data,0x1234,4,ED,2E1234ED,042E1234ED000000,6E1234,positive,0x6E,,true,true,false,2026-07-10T12:43:36.193277+02:00,2975152341044,2975155291643,2.950599,true,true,15378149,15382240,4.091000,true,matched_request_response
run_3,20260712,375,before,375,target_did_random_data,0x1234,5,0ECE,2E12340ECE,052E12340ECE0000,6E1234,positive,0x6E,,true,true,false,2026-07-10T12:43:36.217548+02:00,2975176611569,2975179715680,3.104111,true,true,15402386,15406477,4.091000,true,matched_request_response
run_3,20260712,376,before,376,target_did_random_data,0x1234,7,9EA378B0,2E12349EA378B0,072E12349EA378B0,6E1234,positive,0x6E,,true,true,false,2026-07-10T12:43:36.241980+02:00,2975201045454,2975204265712,3.220258,true,true,15426796,15430872,4.076000,true,matched_request_response
run_3,20260712,377,before,377,read_only_did,0x1001,4,32,2E100132,042E100132000000,7F2E31,negative,0x7F,0x31,false,false,false,2026-07-10T12:43:36.266560+02:00,2975225624330,2975228575348,2.951018,true,true,15451382,15455477,4.095000,true,matched_request_response
run_3,20260712,378,before,378,unknown_did,0x2222,5,CD31,2E2222CD31,052E2222CD310000,7F2E31,negative,0x7F,0x31,false,false,false,2026-07-10T12:43:36.291003+02:00,2975250066945,2975252971658,2.904713,true,true,15475790,15479874,4.084000,true,matched_request_response
run_3,20260712,379,before,379,target_did_random_data,0x1234,5,E7B5,2E1234E7B5,052E1234E7B50000,6E1234,positive,0x6E,,true,true,false,2026-07-10T12:43:36.315302+02:00,2975274366175,2975277377746,3.011571,true,true,15500064,15504148,4.084000,true,matched_request_response
run_3,20260712,380,before,380,target_did_random_data,0x1234,6,C0A46B,2E1234C0A46B,062E1234C0A46B00,6E1234,positive,0x6E,,true,true,false,2026-07-10T12:43:36.339672+02:00,2975298735666,2975301762183,3.026517,true,true,15524414,15528496,4.082000,true,matched_request_response
run_3,20260712,381,before,381,read_only_did,0x1001,4,66,2E100166,042E100166000000,7F2E31,negative,0x7F,0x31,false,false,false,2026-07-10T12:43:36.364066+02:00,2975323130160,2975326204658,3.074498,true,true,15548797,15552890,4.093000,true,matched_request_response
run_3,20260712,382,before,382,unknown_did,0x2222,5,6545,2E22226545,052E222265450000,7F2E31,negative,0x7F,0x31,false,false,false,2026-07-10T12:43:36.388534+02:00,2975347598127,2975350631070,3.032943,true,true,15573226,15577312,4.086000,true,matched_request_response
run_3,20260712,383,before,383,target_did_random_data,0x1234,6,44DEF6,2E123444DEF6,062E123444DEF600,6E1234,positive,0x6E,,true,true,false,2026-07-10T12:43:36.412936+02:00,2975371998837,2975375037786,3.038949,true,true,15597611,15601693,4.082000,true,matched_request_response
run_3,20260712,384,before,384,missing_data,0x1234,3,,2E1234,032E123400000000,7F2E13,negative,0x7F,0x13,false,false,false,2026-07-10T12:43:36.437332+02:00,2975396396474,2975399441988,3.045514,true,true,15621976,15626068,4.092000,true,matched_request_response
run_3,20260712,385,before,385,target_did_random_data,0x1234,5,8A1D,2E12348A1D,052E12348A1D0000,6E1234,positive,0x6E,,true,true,false,2026-07-10T12:43:36.461714+02:00,2975420777838,2975423841371,3.063533,true,true,15646316,15650403,4.087000,true,matched_request_response
run_3,20260712,386,before,386,target_did_random_data,0x1234,4,49,2E123449,042E123449000000,6E1234,positive,0x6E,,true,true,false,2026-07-10T12:43:36.486180+02:00,2975445244688,2975448316532,3.071844,true,true,15670766,15674854,4.088000,true,matched_request_response
run_3,20260712,387,before,387,missing_data,0x1234,3,,2E1234,032E123400000000,7F2E13,negative,0x7F,0x13,false,false,false,2026-07-10T12:43:36.510550+02:00,2975469613550,2975472741198,3.127648,true,true,15695112,15699206,4.094000,true,matched_request_response
run_3,20260712,388,before,388,target_did_random_data,0x1234,6,69BD6F,2E123469BD6F,062E123469BD6F00,6E1234,positive,0x6E,,true,true,false,2026-07-10T12:43:36.535066+02:00,2975494130477,2975497162232,3.031755,true,true,15719590,15723672,4.082000,true,matched_request_response
run_3,20260712,389,before,389,target_did_random_data,0x1234,6,4F51FE,2E12344F51FE,062E12344F51FE00,6E1234,positive,0x6E,,true,true,false,2026-07-10T12:43:36.559453+02:00,2975518516799,2975521556586,3.039787,true,true,15743949,15748029,4.080000,true,matched_request_response
run_3,20260712,390,before,390,target_did_random_data,0x1234,5,9E7E,2E12349E7E,052E12349E7E0000,6E1234,positive,0x6E,,true,true,false,2026-07-10T12:43:36.583907+02:00,2975542971567,2975545922515,2.950948,true,true,15768416,15772502,4.086000,true,matched_request_response
run_3,20260712,391,before,391,target_did_random_data,0x1234,6,828C9D,2E1234828C9D,062E1234828C9D00,6E1234,positive,0x6E,,true,true,false,2026-07-10T12:43:36.608230+02:00,2975567294543,2975570390203,3.095660,true,true,15792677,15796762,4.085000,true,matched_request_response
run_3,20260712,392,before,392,target_did_random_data,0x1234,4,3E,2E12343E,042E12343E000000,6E1234,positive,0x6E,,true,true,false,2026-07-10T12:43:36.632716+02:00,2975591779831,2975594974876,3.195045,true,true,15817154,15821244,4.090000,true,matched_request_response
run_3,20260712,393,before,393,target_did_random_data,0x1234,6,01EC1B,2E123401EC1B,062E123401EC1B00,6E1234,positive,0x6E,,true,true,false,2026-07-10T12:43:36.657296+02:00,2975616359825,2975619222144,2.862319,true,true,15841689,15845777,4.088000,true,matched_request_response
run_3,20260712,394,before,394,target_did_random_data,0x1234,5,FB18,2E1234FB18,052E1234FB180000,6E1234,positive,0x6E,,true,true,false,2026-07-10T12:43:36.681487+02:00,2975640550940,2975643601622,3.050682,true,true,15865859,15869943,4.084000,true,matched_request_response
run_3,20260712,395,before,395,target_did_random_data,0x1234,4,8F,2E12348F,042E12348F000000,6E1234,positive,0x6E,,true,true,false,2026-07-10T12:43:36.705896+02:00,2975664959472,2975667999050,3.039578,true,true,15890251,15894341,4.090000,true,matched_request_response
run_3,20260712,396,before,396,target_did_random_data,0x1234,7,53542EFE,2E123453542EFE,072E123453542EFE,6E1234,positive,0x6E,,true,true,false,2026-07-10T12:43:36.730288+02:00,2975689351871,2975692399760,3.047889,true,true,15914600,15918679,4.079000,true,matched_request_response
run_3,20260712,397,before,397,read_only_did,0x1001,6,A10366,2E1001A10366,062E1001A1036600,7F2E31,negative,0x7F,0x31,false,false,false,2026-07-10T12:43:36.754641+02:00,2975713704809,2975716866330,3.161521,true,true,15938961,15943050,4.089000,true,matched_request_response
run_3,20260712,398,before,398,target_did_random_data,0x1234,6,CC9F08,2E1234CC9F08,062E1234CC9F0800,6E1234,positive,0x6E,,true,true,false,2026-07-10T12:43:36.779122+02:00,2975738185977,2975741320190,3.134213,true,true,15963380,15967467,4.087000,true,matched_request_response
run_3,20260712,399,before,399,target_did_random_data,0x1234,4,66,2E123466,042E123466000000,6E1234,positive,0x6E,,true,true,false,2026-07-10T12:43:36.803659+02:00,2975762723716,2975765705116,2.981400,true,true,15987909,15991997,4.088000,true,matched_request_response
run_3,20260712,400,before,400,target_did_random_data,0x1234,7,06001E3C,2E123406001E3C,072E123406001E3C,6E1234,positive,0x6E,,true,true,false,2026-07-10T12:43:36.828210+02:00,2975787273678,2975790076353,2.802675,true,true,16012418,16016504,4.086000,true,matched_request_response
run_3,20260712,401,before,401,target_did_random_data,0x1234,4,7F,2E12347F,042E12347F000000,6E1234,positive,0x6E,,true,true,false,2026-07-10T12:43:36.852479+02:00,2975811543644,2975814515615,2.971971,true,true,16036674,16040765,4.091000,true,matched_request_response
run_3,20260712,402,before,402,missing_data,0x1234,3,,2E1234,032E123400000000,7F2E13,negative,0x7F,0x13,false,false,false,2026-07-10T12:43:36.876850+02:00,2975835914253,2975838971221,3.056968,true,true,16061010,16065102,4.092000,true,matched_request_response
run_3,20260712,403,before,403,target_did_random_data,0x1234,5,DF61,2E1234DF61,052E1234DF610000,6E1234,positive,0x6E,,true,true,false,2026-07-10T12:43:36.901295+02:00,2975860359522,2975863317524,2.958002,true,true,16085423,16089509,4.086000,true,matched_request_response
run_3,20260712,404,before,404,target_did_random_data,0x1234,7,712DDBF7,2E1234712DDBF7,072E1234712DDBF7,6E1234,positive,0x6E,,true,true,false,2026-07-10T12:43:36.925607+02:00,2975884672022,2975887739256,3.067234,true,true,16109701,16113780,4.079000,true,matched_request_response
run_3,20260712,405,before,405,unknown_did,0x3333,6,5F6987,2E33335F6987,062E33335F698700,7F2E31,negative,0x7F,0x31,false,false,false,2026-07-10T12:43:36.950162+02:00,2975909227431,2975912172373,2.944942,true,true,16134229,16138311,4.082000,true,matched_request_response
run_3,20260712,406,before,406,target_did_random_data,0x1234,5,3900,2E12343900,052E123439000000,6E1234,positive,0x6E,,true,true,false,2026-07-10T12:43:36.974440+02:00,2975933503753,2975936554435,3.050682,true,true,16158459,16162549,4.090000,true,matched_request_response
run_3,20260712,407,before,407,target_did_random_data,0x1234,4,58,2E123458,042E123458000000,6E1234,positive,0x6E,,true,true,false,2026-07-10T12:43:36.998817+02:00,2975957880926,2975960991323,3.110397,true,true,16182828,16186916,4.088000,true,matched_request_response
run_3,20260712,408,before,408,target_did_random_data,0x1234,7,4EB369C5,2E12344EB369C5,072E12344EB369C5,6E1234,positive,0x6E,,true,true,false,2026-07-10T12:43:37.023294+02:00,2975982358951,2975985388541,3.029590,true,true,16207252,16211331,4.079000,true,matched_request_response
run_3,20260712,409,before,409,target_did_random_data,0x1234,7,60DE7D57,2E123460DE7D57,072E123460DE7D57,6E1234,positive,0x6E,,true,true,false,2026-07-10T12:43:37.047642+02:00,2976006705743,2976009867544,3.161801,true,true,16231619,16235697,4.078000,true,matched_request_response
run_3,20260712,410,before,410,unknown_did,0x2222,5,28A9,2E222228A9,052E222228A90000,7F2E31,negative,0x7F,0x31,false,false,false,2026-07-10T12:43:37.072318+02:00,2976031382677,2976034245206,2.862529,true,true,16256250,16260336,4.086000,true,matched_request_response
run_3,20260712,411,before,411,target_did_random_data,0x1234,5,A8D9,2E1234A8D9,052E1234A8D90000,6E1234,positive,0x6E,,true,true,false,2026-07-10T12:43:37.096542+02:00,2976055606199,2976058629503,3.023304,true,true,16280444,16284530,4.086000,true,matched_request_response
run_3,20260712,412,before,412,target_did_random_data,0x1234,6,36BC8D,2E123436BC8D,062E123436BC8D00,6E1234,positive,0x6E,,true,true,false,2026-07-10T12:43:37.120982+02:00,2976080046300,2976083041179,2.994879,true,true,16304854,16308934,4.080000,true,matched_request_response
run_3,20260712,413,before,413,target_did_random_data,0x1234,6,19689B,2E123419689B,062E123419689B00,6E1234,positive,0x6E,,true,true,false,2026-07-10T12:43:37.145336+02:00,2976104400635,2976107473737,3.073102,true,true,16329186,16333269,4.083000,true,matched_request_response
run_3,20260712,414,before,414,target_did_random_data,0x1234,4,52,2E123452,042E123452000000,6E1234,positive,0x6E,,true,true,false,2026-07-10T12:43:37.169756+02:00,2976128819783,2976131925361,3.105578,true,true,16353590,16357680,4.090000,true,matched_request_response
run_3,20260712,415,before,415,target_did_random_data,0x1234,7,05896ADB,2E123405896ADB,072E123405896ADB,6E1234,positive,0x6E,,true,true,false,2026-07-10T12:43:37.194248+02:00,2976153311916,2976156267963,2.956047,true,true,16378053,16382133,4.080000,true,matched_request_response
run_3,20260712,416,before,416,target_did_random_data,0x1234,4,3C,2E12343C,042E12343C000000,6E1234,positive,0x6E,,true,true,false,2026-07-10T12:43:37.218571+02:00,2976177634683,2976180718540,3.083857,true,true,16402365,16406455,4.090000,true,matched_request_response
run_3,20260712,417,before,417,target_did_random_data,0x1234,6,24709A,2E123424709A,062E123424709A00,6E1234,positive,0x6E,,true,true,false,2026-07-10T12:43:37.243105+02:00,2976202168860,2976205113104,2.944244,true,true,16426852,16430932,4.080000,true,matched_request_response
run_3,20260712,418,before,418,target_did_random_data,0x1234,7,AACD92D2,2E1234AACD92D2,072E1234AACD92D2,6E1234,positive,0x6E,,true,true,false,2026-07-10T12:43:37.267390+02:00,2976226453703,2976229518564,3.064861,true,true,16451105,16455183,4.078000,true,matched_request_response
run_3,20260712,419,before,419,target_did_random_data,0x1234,7,F1B354B5,2E1234F1B354B5,072E1234F1B354B5,6E1234,positive,0x6E,,true,true,false,2026-07-10T12:43:37.291808+02:00,2976250872433,2976253997217,3.124784,true,true,16475510,16479588,4.078000,true,matched_request_response
run_3,20260712,420,before,420,target_did_random_data,0x1234,4,DE,2E1234DE,042E1234DE000000,6E1234,positive,0x6E,,true,true,false,2026-07-10T12:43:37.316304+02:00,2976275369175,2976278365381,2.996206,true,true,16500002,16504090,4.088000,true,matched_request_response
run_3,20260712,421,before,421,read_only_did,0x1001,6,789E03,2E1001789E03,062E1001789E0300,7F2E31,negative,0x7F,0x31,false,false,false,2026-07-10T12:43:37.340657+02:00,2976299721205,2976302837609,3.116404,true,true,16524333,16528424,4.091000,true,matched_request_response
run_3,20260712,422,before,422,target_did_random_data,0x1234,7,C510AEF0,2E1234C510AEF0,072E1234C510AEF0,6E1234,positive,0x6E,,true,true,false,2026-07-10T12:43:37.365213+02:00,2976324277104,2976327177766,2.900662,true,true,16548849,16552925,4.076000,true,matched_request_response
run_3,20260712,423,before,423,target_did_random_data,0x1234,5,D3A0,2E1234D3A0,052E1234D3A00000,6E1234,positive,0x6E,,true,true,false,2026-07-10T12:43:37.389478+02:00,2976348541483,2976351602642,3.061159,true,true,16573098,16577184,4.086000,true,matched_request_response
run_3,20260712,424,before,424,target_did_random_data,0x1234,4,32,2E123432,042E123432000000,6E1234,positive,0x6E,,true,true,false,2026-07-10T12:43:37.413900+02:00,2976372963914,2976376027098,3.063184,true,true,16597494,16601585,4.091000,true,matched_request_response
run_3,20260712,425,before,425,read_only_did,0x1001,6,CD4428,2E1001CD4428,062E1001CD442800,7F2E31,negative,0x7F,0x31,false,false,false,2026-07-10T12:43:37.438310+02:00,2976397374402,2976400440729,3.066327,true,true,16621869,16625953,4.084000,true,matched_request_response
run_3,20260712,426,before,426,target_did_random_data,0x1234,5,2B23,2E12342B23,052E12342B230000,6E1234,positive,0x6E,,true,true,false,2026-07-10T12:43:37.462769+02:00,2976421833360,2976424883414,3.050054,true,true,16646300,16650387,4.087000,true,matched_request_response
run_3,20260712,427,before,427,unknown_did,0x2222,7,6663249A,2E22226663249A,072E22226663249A,7F2E31,negative,0x7F,0x31,false,false,false,2026-07-10T12:43:37.487248+02:00,2976446312292,2976449472207,3.159915,true,true,16670745,16674821,4.076000,true,matched_request_response
run_3,20260712,428,before,428,target_did_random_data,0x1234,7,5BC926A9,2E12345BC926A9,072E12345BC926A9,6E1234,positive,0x6E,,true,true,false,2026-07-10T12:43:37.511782+02:00,2976470846051,2976473704948,2.858897,true,true,16695252,16699331,4.079000,true,matched_request_response
run_3,20260712,429,before,429,target_did_random_data,0x1234,6,36C001,2E123436C001,062E123436C00100,6E1234,positive,0x6E,,true,true,false,2026-07-10T12:43:37.536066+02:00,2976495129846,2976498093855,2.964009,true,true,16719523,16723610,4.087000,true,matched_request_response
run_3,20260712,430,before,430,target_did_random_data,0x1234,5,6A34,2E12346A34,052E12346A340000,6E1234,positive,0x6E,,true,true,false,2026-07-10T12:43:37.560488+02:00,2976519551369,2976522520616,2.969247,true,true,16743934,16748017,4.083000,true,matched_request_response
run_3,20260712,431,before,431,target_did_random_data,0x1234,4,6D,2E12346D,042E12346D000000,6E1234,positive,0x6E,,true,true,false,2026-07-10T12:43:37.584819+02:00,2976543882936,2976547020920,3.137984,true,true,16768241,16772331,4.090000,true,matched_request_response
run_3,20260712,432,before,432,target_did_random_data,0x1234,7,EE3E2512,2E1234EE3E2512,072E1234EE3E2512,6E1234,positive,0x6E,,true,true,false,2026-07-10T12:43:37.609414+02:00,2976568477736,2976571343827,2.866091,true,true,16792796,16796872,4.076000,true,matched_request_response
run_3,20260712,433,before,433,target_did_random_data,0x1234,7,8962F0EE,2E12348962F0EE,072E12348962F0EE,6E1234,positive,0x6E,,true,true,false,2026-07-10T12:43:37.633702+02:00,2976592765861,2976595753128,2.987267,true,true,16817050,16821127,4.077000,true,matched_request_response
run_3,20260712,434,before,434,target_did_random_data,0x1234,7,B737F59C,2E1234B737F59C,072E1234B737F59C,6E1234,positive,0x6E,,true,true,false,2026-07-10T12:43:37.658111+02:00,2976617175232,2976620239603,3.064371,true,true,16841437,16845515,4.078000,true,matched_request_response
run_3,20260712,435,before,435,read_only_did,0x1001,4,13,2E100113,042E100113000000,7F2E31,negative,0x7F,0x31,false,false,false,2026-07-10T12:43:37.682554+02:00,2976641617847,2976644617335,2.999488,true,true,16865879,16869971,4.092000,true,matched_request_response
run_3,20260712,436,before,436,target_did_random_data,0x1234,5,9285,2E12349285,052E123492850000,6E1234,positive,0x6E,,true,true,false,2026-07-10T12:43:37.706928+02:00,2976665993135,2976669032154,3.039019,true,true,16890239,16894326,4.087000,true,matched_request_response
run_3,20260712,437,before,437,target_did_random_data,0x1234,7,862215AF,2E1234862215AF,072E1234862215AF,6E1234,positive,0x6E,,true,true,false,2026-07-10T12:43:37.731339+02:00,2976690402715,2976693404089,3.001374,true,true,16914596,16918674,4.078000,true,matched_request_response
run_3,20260712,438,before,438,target_did_random_data,0x1234,4,58,2E123458,042E123458000000,6E1234,positive,0x6E,,true,true,false,2026-07-10T12:43:37.755741+02:00,2976714804612,2976717843980,3.039368,true,true,16938985,16943074,4.089000,true,matched_request_response
run_3,20260712,439,before,439,target_did_random_data,0x1234,4,C3,2E1234C3,042E1234C3000000,6E1234,positive,0x6E,,true,true,false,2026-07-10T12:43:37.780161+02:00,2976739224319,2976742239452,3.015133,true,true,16963373,16967463,4.090000,true,matched_request_response
run_3,20260712,440,before,440,target_did_random_data,0x1234,7,47DAA7C4,2E123447DAA7C4,072E123447DAA7C4,6E1234,positive,0x6E,,true,true,false,2026-07-10T12:43:37.804560+02:00,2976763624610,2976766652804,3.028194,true,true,16987748,16991824,4.076000,true,matched_request_response
run_3,20260712,441,before,441,unknown_did,0x3333,6,C85F5F,2E3333C85F5F,062E3333C85F5F00,7F2E31,negative,0x7F,0x31,false,false,false,2026-07-10T12:43:37.828994+02:00,2976788058635,2976791092974,3.034339,true,true,17012160,17016242,4.082000,true,matched_request_response
run_3,20260712,442,before,442,target_did_random_data,0x1234,6,53E234,2E123453E234,062E123453E23400,6E1234,positive,0x6E,,true,true,false,2026-07-10T12:43:37.853404+02:00,2976812468424,2976815383544,2.915120,true,true,17036541,17040623,4.082000,true,matched_request_response
run_3,20260712,443,before,443,target_did_random_data,0x1234,7,D07AA5A6,2E1234D07AA5A6,072E1234D07AA5A6,6E1234,positive,0x6E,,true,true,false,2026-07-10T12:43:37.877634+02:00,2976836698372,2976838969272,2.270900,true,true,17060790,17064866,4.076000,true,matched_request_response
run_3,20260712,444,before,444,target_did_random_data,0x1234,7,E08E4DD2,2E1234E08E4DD2,072E1234E08E4DD2,6E1234,positive,0x6E,,true,true,false,2026-07-10T12:43:37.901220+02:00,2976860284309,2976863312363,3.028054,true,true,17084277,17088355,4.078000,true,matched_request_response
run_3,20260712,445,before,445,target_did_random_data,0x1234,5,F2D4,2E1234F2D4,052E1234F2D40000,6E1234,positive,0x6E,,true,true,false,2026-07-10T12:43:37.925575+02:00,2976884639413,2976887796045,3.156632,true,true,17108638,17112724,4.086000,true,matched_request_response
run_3,20260712,446,before,446,target_did_random_data,0x1234,6,A6ECF6,2E1234A6ECF6,062E1234A6ECF600,6E1234,positive,0x6E,,true,true,false,2026-07-10T12:43:37.950140+02:00,2976909205438,2976912208558,3.003120,true,true,17133181,17137264,4.083000,true,matched_request_response
run_3,20260712,447,before,447,target_did_random_data,0x1234,7,63AB0843,2E123463AB0843,072E123463AB0843,6E1234,positive,0x6E,,true,true,false,2026-07-10T12:43:37.974545+02:00,2976933608593,2976936571554,2.962961,true,true,17157540,17161623,4.083000,true,matched_request_response
run_3,20260712,448,before,448,target_did_random_data,0x1234,7,8D53321C,2E12348D53321C,072E12348D53321C,6E1234,positive,0x6E,,true,true,false,2026-07-10T12:43:37.998864+02:00,2976957926750,2976961045598,3.118848,true,true,17181834,17185910,4.076000,true,matched_request_response
run_3,20260712,449,before,449,target_did_random_data,0x1234,4,CC,2E1234CC,042E1234CC000000,6E1234,positive,0x6E,,true,true,false,2026-07-10T12:43:38.023356+02:00,2976982420000,2976985427102,3.007102,true,true,17206320,17210410,4.090000,true,matched_request_response
run_3,20260712,450,before,450,target_did_random_data,0x1234,6,6ED96B,2E12346ED96B,062E12346ED96B00,6E1234,positive,0x6E,,true,true,false,2026-07-10T12:43:38.047734+02:00,2977006798222,2977009832771,3.034549,true,true,17230659,17234744,4.085000,true,matched_request_response
run_3,20260712,451,before,451,target_did_random_data,0x1234,5,E1E9,2E1234E1E9,052E1234E1E90000,6E1234,positive,0x6E,,true,true,false,2026-07-10T12:43:38.072151+02:00,2977031214786,2977034250173,3.035387,true,true,17255063,17259147,4.084000,true,matched_request_response
run_3,20260712,452,before,452,target_did_random_data,0x1234,4,62,2E123462,042E123462000000,6E1234,positive,0x6E,,true,true,false,2026-07-10T12:43:38.096625+02:00,2977055689528,2977058682731,2.993203,true,true,17279574,17283665,4.091000,true,matched_request_response
run_3,20260712,453,before,453,target_did_random_data,0x1234,6,5DB7AE,2E12345DB7AE,062E12345DB7AE00,6E1234,positive,0x6E,,true,true,false,2026-07-10T12:43:38.121016+02:00,2977080080111,2977083084000,3.003889,true,true,17303865,17307945,4.080000,true,matched_request_response
run_3,20260712,454,before,454,target_did_random_data,0x1234,4,48,2E123448,042E123448000000,6E1234,positive,0x6E,,true,true,false,2026-07-10T12:43:38.145427+02:00,2977104490390,2977107479961,2.989571,true,true,17328264,17332355,4.091000,true,matched_request_response
run_3,20260712,455,before,455,missing_data,0x1234,3,,2E1234,032E123400000000,7F2E13,negative,0x7F,0x13,false,false,false,2026-07-10T12:43:38.169832+02:00,2977128896059,2977131996818,3.100759,true,true,17352654,17356751,4.097000,true,matched_request_response
run_3,20260712,456,before,456,target_did_random_data,0x1234,7,D020CD24,2E1234D020CD24,072E1234D020CD24,6E1234,positive,0x6E,,true,true,false,2026-07-10T12:43:38.194346+02:00,2977153410401,2977156325591,2.915190,true,true,17377120,17381199,4.079000,true,matched_request_response
run_3,20260712,457,before,457,target_did_random_data,0x1234,6,7D7D8C,2E12347D7D8C,062E12347D7D8C00,6E1234,positive,0x6E,,true,true,false,2026-07-10T12:43:38.218620+02:00,2977177683721,2977180738174,3.054453,true,true,17401379,17405462,4.083000,true,matched_request_response
run_3,20260712,458,before,458,unknown_did,0x2222,5,63BB,2E222263BB,052E222263BB0000,7F2E31,negative,0x7F,0x31,false,false,false,2026-07-10T12:43:38.243110+02:00,2977202174317,2977205137558,2.963241,true,true,17425847,17429932,4.085000,true,matched_request_response
run_3,20260712,459,before,459,target_did_random_data,0x1234,5,D0F6,2E1234D0F6,052E1234D0F60000,6E1234,positive,0x6E,,true,true,false,2026-07-10T12:43:38.267483+02:00,2977226548138,2977229608808,3.060670,true,true,17450200,17454286,4.086000,true,matched_request_response
run_3,20260712,460,before,460,target_did_random_data,0x1234,7,63B9F0E5,2E123463B9F0E5,072E123463B9F0E5,6E1234,positive,0x6E,,true,true,false,2026-07-10T12:43:38.291979+02:00,2977251042785,2977253958953,2.916168,true,true,17474675,17478756,4.081000,true,matched_request_response
run_3,20260712,461,before,461,target_did_random_data,0x1234,7,7E67363F,2E12347E67363F,072E12347E67363F,6E1234,positive,0x6E,,true,true,false,2026-07-10T12:43:38.316300+02:00,2977275364365,2977278405968,3.041603,true,true,17498974,17503050,4.076000,true,matched_request_response
run_3,20260712,462,before,462,target_did_random_data,0x1234,7,45A1A731,2E123445A1A731,072E123445A1A731,6E1234,positive,0x6E,,true,true,false,2026-07-10T12:43:38.340724+02:00,2977299787914,2977302791383,3.003469,true,true,17523352,17527430,4.078000,true,matched_request_response
run_3,20260712,463,before,463,target_did_random_data,0x1234,7,C9EA3474,2E1234C9EA3474,072E1234C9EA3474,6E1234,positive,0x6E,,true,true,false,2026-07-10T12:43:38.365107+02:00,2977324171373,2977327231624,3.060251,true,true,17547718,17551796,4.078000,true,matched_request_response
run_3,20260712,464,before,464,target_did_random_data,0x1234,7,3396003A,2E12343396003A,072E12343396003A,6E1234,positive,0x6E,,true,true,false,2026-07-10T12:43:38.389544+02:00,2977348608121,2977351656080,3.047959,true,true,17572154,17576237,4.083000,true,matched_request_response
run_3,20260712,465,before,465,target_did_random_data,0x1234,4,61,2E123461,042E123461000000,6E1234,positive,0x6E,,true,true,false,2026-07-10T12:43:38.413980+02:00,2977373044730,2977376058536,3.013806,true,true,17596574,17600665,4.091000,true,matched_request_response
run_3,20260712,466,before,466,unknown_did,0xF187,6,C451BB,2EF187C451BB,062EF187C451BB00,7F2E31,negative,0x7F,0x31,false,false,false,2026-07-10T12:43:38.438387+02:00,2977397451656,2977400485577,3.033921,true,true,17620938,17625018,4.080000,true,matched_request_response
run_3,20260712,467,before,467,target_did_random_data,0x1234,7,FF91A263,2E1234FF91A263,072E1234FF91A263,6E1234,positive,0x6E,,true,true,false,2026-07-10T12:43:38.462841+02:00,2977421905795,2977424828528,2.922733,true,true,17645388,17649466,4.078000,true,matched_request_response
run_3,20260712,468,before,468,target_did_random_data,0x1234,5,7745,2E12347745,052E123477450000,6E1234,positive,0x6E,,true,true,false,2026-07-10T12:43:38.487135+02:00,2977446199089,2977449318496,3.119407,true,true,17669658,17673747,4.089000,true,matched_request_response
run_3,20260712,469,before,469,missing_data,0x1234,3,,2E1234,032E123400000000,7F2E13,negative,0x7F,0x13,false,false,false,2026-07-10T12:43:38.511589+02:00,2977470652111,2977473723397,3.071286,true,true,17694095,17698189,4.094000,true,matched_request_response
run_3,20260712,470,before,470,target_did_random_data,0x1234,4,D9,2E1234D9,042E1234D9000000,6E1234,positive,0x6E,,true,true,false,2026-07-10T12:43:38.536015+02:00,2977495078872,2977498161542,3.082670,true,true,17718494,17722585,4.091000,true,matched_request_response
run_3,20260712,471,before,471,missing_data,0x1234,3,,2E1234,032E123400000000,7F2E13,negative,0x7F,0x13,false,false,false,2026-07-10T12:43:38.560440+02:00,2977519504795,2977522527261,3.022466,true,true,17742909,17747001,4.092000,true,matched_request_response
run_3,20260712,472,before,472,target_did_random_data,0x1234,4,97,2E123497,042E123497000000,6E1234,positive,0x6E,,true,true,false,2026-07-10T12:43:38.584808+02:00,2977543872330,2977546988035,3.115705,true,true,17767253,17771343,4.090000,true,matched_request_response
run_3,20260712,473,before,473,missing_data,0x1234,3,,2E1234,032E123400000000,7F2E13,negative,0x7F,0x13,false,false,false,2026-07-10T12:43:38.609332+02:00,2977568394845,2977571374358,2.979513,true,true,17791758,17795850,4.092000,true,matched_request_response
run_3,20260712,474,before,474,target_did_random_data,0x1234,6,7E42FB,2E12347E42FB,062E12347E42FB00,6E1234,positive,0x6E,,true,true,false,2026-07-10T12:43:38.633696+02:00,2977592759167,2977595751253,2.992086,true,true,17816096,17820179,4.083000,true,matched_request_response
run_3,20260712,475,before,475,target_did_random_data,0x1234,5,EDE5,2E1234EDE5,052E1234EDE50000,6E1234,positive,0x6E,,true,true,false,2026-07-10T12:43:38.657999+02:00,2977617063147,2977620232071,3.168924,true,true,17840376,17844463,4.087000,true,matched_request_response
run_3,20260712,476,before,476,target_did_random_data,0x1234,6,7D0844,2E12347D0844,062E12347D084400,6E1234,positive,0x6E,,true,true,false,2026-07-10T12:43:38.682539+02:00,2977641603051,2977644559727,2.956676,true,true,17864882,17868967,4.085000,true,matched_request_response
run_3,20260712,477,before,477,target_did_random_data,0x1234,6,96C7CF,2E123496C7CF,062E123496C7CF00,6E1234,positive,0x6E,,true,true,false,2026-07-10T12:43:38.706885+02:00,2977665949844,2977668988583,3.038739,true,true,17889206,17893289,4.083000,true,matched_request_response
run_3,20260712,478,before,478,target_did_random_data,0x1234,4,CE,2E1234CE,042E1234CE000000,6E1234,positive,0x6E,,true,true,false,2026-07-10T12:43:38.731261+02:00,2977690325411,2977693453757,3.128346,true,true,17913554,17917644,4.090000,true,matched_request_response
run_3,20260712,479,before,479,target_did_random_data,0x1234,4,DB,2E1234DB,042E1234DB000000,6E1234,positive,0x6E,,true,true,false,2026-07-10T12:43:38.755715+02:00,2977714778433,2977717861592,3.083159,true,true,17937985,17942073,4.088000,true,matched_request_response
run_3,20260712,480,before,480,target_did_random_data,0x1234,7,6B2F5064,2E12346B2F5064,072E12346B2F5064,6E1234,positive,0x6E,,true,true,false,2026-07-10T12:43:38.780136+02:00,2977739199956,2977742265584,3.065628,true,true,17962361,17966439,4.078000,true,matched_request_response
run_3,20260712,481,before,481,target_did_random_data,0x1234,7,008A98B6,2E1234008A98B6,072E1234008A98B6,6E1234,positive,0x6E,,true,true,false,2026-07-10T12:43:38.804531+02:00,2977763594520,2977766642409,3.047889,true,true,17986741,17990821,4.080000,true,matched_request_response
run_3,20260712,482,before,482,target_did_random_data,0x1234,5,1818,2E12341818,052E123418180000,6E1234,positive,0x6E,,true,true,false,2026-07-10T12:43:38.828932+02:00,2977787996906,2977791097316,3.100410,true,true,18011152,18015238,4.086000,true,matched_request_response
run_3,20260712,483,before,483,target_did_random_data,0x1234,6,2F0284,2E12342F0284,062E12342F028400,6E1234,positive,0x6E,,true,true,false,2026-07-10T12:43:38.853412+02:00,2977812476468,2977815480985,3.004517,true,true,18035570,18039657,4.087000,true,matched_request_response
run_3,20260712,484,before,484,unknown_did,0x2222,5,0F34,2E22220F34,052E22220F340000,7F2E31,negative,0x7F,0x31,false,false,false,2026-07-10T12:43:38.877779+02:00,2977836843165,2977839911727,3.068562,true,true,18059925,18064014,4.089000,true,matched_request_response
run_3,20260712,485,before,485,target_did_random_data,0x1234,4,D3,2E1234D3,042E1234D3000000,6E1234,positive,0x6E,,true,true,false,2026-07-10T12:43:38.902199+02:00,2977861263222,2977864300774,3.037552,true,true,18084315,18088406,4.091000,true,matched_request_response
run_3,20260712,486,before,486,target_did_random_data,0x1234,7,9C1FADCB,2E12349C1FADCB,072E12349C1FADCB,6E1234,positive,0x6E,,true,true,false,2026-07-10T12:43:38.926595+02:00,2977885659462,2977888707840,3.048378,true,true,18108676,18112758,4.082000,true,matched_request_response
run_3,20260712,487,before,487,unknown_did,0xF187,6,026708,2EF187026708,062EF18702670800,7F2E31,negative,0x7F,0x31,false,false,false,2026-07-10T12:43:38.950989+02:00,2977910053677,2977913195084,3.141407,true,true,18133043,18137132,4.089000,true,matched_request_response
run_3,20260712,488,before,488,target_did_random_data,0x1234,5,C692,2E1234C692,052E1234C6920000,6E1234,positive,0x6E,,true,true,false,2026-07-10T12:43:38.975488+02:00,2977934552934,2977937570791,3.017857,true,true,18157526,18161613,4.087000,true,matched_request_response
run_3,20260712,489,before,489,target_did_random_data,0x1234,7,5DC55781,2E12345DC55781,072E12345DC55781,6E1234,positive,0x6E,,true,true,false,2026-07-10T12:43:38.999887+02:00,2977958951758,2977962054822,3.103064,true,true,18181892,18185968,4.076000,true,matched_request_response
run_3,20260712,490,before,490,target_did_random_data,0x1234,5,28D3,2E123428D3,052E123428D30000,6E1234,positive,0x6E,,true,true,false,2026-07-10T12:43:39.024331+02:00,2977983394862,2977986375913,2.981051,true,true,18206315,18210401,4.086000,true,matched_request_response
run_3,20260712,491,before,491,target_did_random_data,0x1234,6,76A8AE,2E123476A8AE,062E123476A8AE00,6E1234,positive,0x6E,,true,true,false,2026-07-10T12:43:39.048707+02:00,2978007772176,2978010777880,3.005704,true,true,18230667,18234752,4.085000,true,matched_request_response
run_3,20260712,492,before,492,target_did_random_data,0x1234,5,6F27,2E12346F27,052E12346F270000,6E1234,positive,0x6E,,true,true,false,2026-07-10T12:43:39.073135+02:00,2978032199426,2978035196819,2.997393,true,true,18255082,18259168,4.086000,true,matched_request_response
run_3,20260712,493,before,493,target_did_random_data,0x1234,4,DD,2E1234DD,042E1234DD000000,6E1234,positive,0x6E,,true,true,false,2026-07-10T12:43:39.097630+02:00,2978056692816,2978059652216,2.959400,true,true,18279602,18283692,4.090000,true,matched_request_response
run_3,20260712,494,before,494,target_did_random_data,0x1234,5,5156,2E12345156,052E123451560000,6E1234,positive,0x6E,,true,true,false,2026-07-10T12:43:39.121975+02:00,2978081039469,2978084077510,3.038041,true,true,18303862,18307946,4.084000,true,matched_request_response
run_3,20260712,495,before,495,target_did_random_data,0x1234,4,B3,2E1234B3,042E1234B3000000,6E1234,positive,0x6E,,true,true,false,2026-07-10T12:43:39.146364+02:00,2978105428027,2978108920667,3.492640,true,true,18328226,18332316,4.090000,true,matched_request_response
run_3,20260712,496,before,496,target_did_random_data,0x1234,7,B95665CD,2E1234B95665CD,072E1234B95665CD,6E1234,positive,0x6E,,true,true,false,2026-07-10T12:43:39.171234+02:00,2978130297933,2978132931801,2.633868,true,true,18353051,18357128,4.077000,true,matched_request_response
run_3,20260712,497,before,497,target_did_random_data,0x1234,4,2E,2E12342E,042E12342E000000,6E1234,positive,0x6E,,true,true,false,2026-07-10T12:43:39.195250+02:00,2978154313746,2978157269095,2.955349,true,true,18377067,18381157,4.090000,true,matched_request_response
run_3,20260712,498,before,498,target_did_random_data,0x1234,7,1EAF88C4,2E12341EAF88C4,072E12341EAF88C4,6E1234,positive,0x6E,,true,true,false,2026-07-10T12:43:39.219612+02:00,2978178676184,2978181720231,3.044047,true,true,18401405,18405483,4.078000,true,matched_request_response
run_3,20260712,499,before,499,target_did_random_data,0x1234,7,776CA78F,2E1234776CA78F,072E1234776CA78F,6E1234,positive,0x6E,,true,true,false,2026-07-10T12:43:39.244106+02:00,2978203170342,2978206144199,2.973857,true,true,18425858,18429934,4.076000,true,matched_request_response
run_3,20260712,500,before,500,target_did_random_data,0x1234,6,C06368,2E1234C06368,062E1234C0636800,6E1234,positive,0x6E,,true,true,false,2026-07-10T12:43:39.268458+02:00,2978227522373,2978230521652,2.999279,true,true,18450202,18454285,4.083000,true,matched_request_response
run_3,20260712,501,before,501,target_did_random_data,0x1234,7,8EDD77ED,2E12348EDD77ED,072E12348EDD77ED,6E1234,positive,0x6E,,true,true,false,2026-07-10T12:43:39.292879+02:00,2978251943197,2978254991994,3.048797,true,true,18474589,18478667,4.078000,true,matched_request_response
run_3,20260712,502,before,502,target_did_random_data,0x1234,7,5A0388FE,2E12345A0388FE,072E12345A0388FE,6E1234,positive,0x6E,,true,true,false,2026-07-10T12:43:39.317311+02:00,2978276374848,2978279379365,3.004517,true,true,18498990,18503071,4.081000,true,matched_request_response
run_3,20260712,503,before,503,target_did_random_data,0x1234,5,ED0D,2E1234ED0D,052E1234ED0D0000,6E1234,positive,0x6E,,true,true,false,2026-07-10T12:43:39.341678+02:00,2978300742244,2978303756259,3.014015,true,true,18523347,18527438,4.091000,true,matched_request_response
run_3,20260712,504,before,504,target_did_random_data,0x1234,5,F247,2E1234F247,052E1234F2470000,6E1234,positive,0x6E,,true,true,false,2026-07-10T12:43:39.365990+02:00,2978325053766,2978327211174,2.157408,true,true,18547629,18551716,4.087000,true,matched_request_response
run_3,20260712,505,before,505,target_did_random_data,0x1234,7,B5F09261,2E1234B5F09261,072E1234B5F09261,6E1234,positive,0x6E,,true,true,false,2026-07-10T12:43:39.389485+02:00,2978348549469,2978351629066,3.079597,true,true,18571095,18575174,4.079000,true,matched_request_response
run_3,20260712,506,before,506,missing_data,0x1234,3,,2E1234,032E123400000000,7F2E13,negative,0x7F,0x13,false,false,false,2026-07-10T12:43:39.414144+02:00,2978373208663,2978376094798,2.886135,true,true,18595751,18599843,4.092000,true,matched_request_response
run_3,20260712,507,before,507,target_did_random_data,0x1234,5,4EA0,2E12344EA0,052E12344EA00000,6E1234,positive,0x6E,,true,true,false,2026-07-10T12:43:39.438464+02:00,2978397528287,2978400483845,2.955558,true,true,18620039,18624123,4.084000,true,matched_request_response
run_3,20260712,508,before,508,target_did_random_data,0x1234,4,4D,2E12344D,042E12344D000000,6E1234,positive,0x6E,,true,true,false,2026-07-10T12:43:39.462848+02:00,2978421912026,2978424966340,3.054314,true,true,18644394,18648484,4.090000,true,matched_request_response
run_3,20260712,509,before,509,target_did_random_data,0x1234,6,3652A2,2E12343652A2,062E12343652A200,6E1234,positive,0x6E,,true,true,false,2026-07-10T12:43:39.487339+02:00,2978446403530,2978449280656,2.877126,true,true,18668847,18672927,4.080000,true,matched_request_response
run_3,20260712,510,before,510,target_did_random_data,0x1234,7,8616F5D0,2E12348616F5D0,072E12348616F5D0,6E1234,positive,0x6E,,true,true,false,2026-07-10T12:43:39.511595+02:00,2978470657922,2978473720199,3.062277,true,true,18693077,18697155,4.078000,true,matched_request_response
run_3,20260712,511,before,511,target_did_random_data,0x1234,4,9C,2E12349C,042E12349C000000,6E1234,positive,0x6E,,true,true,false,2026-07-10T12:43:39.536120+02:00,2978495183789,2978498170985,2.987196,true,true,18717606,18721696,4.090000,true,matched_request_response
run_3,20260712,512,before,512,target_did_random_data,0x1234,5,0820,2E12340820,052E123408200000,6E1234,positive,0x6E,,true,true,false,2026-07-10T12:43:39.560443+02:00,2978519506696,2978522524902,3.018206,true,true,18741911,18746000,4.089000,true,matched_request_response
run_3,20260712,513,before,513,target_did_random_data,0x1234,4,ED,2E1234ED,042E1234ED000000,6E1234,positive,0x6E,,true,true,false,2026-07-10T12:43:39.584849+02:00,2978543912854,2978546971289,3.058435,true,true,18766286,18770376,4.090000,true,matched_request_response
run_3,20260712,514,before,514,target_did_random_data,0x1234,6,33525A,2E123433525A,062E123433525A00,6E1234,positive,0x6E,,true,true,false,2026-07-10T12:43:39.609338+02:00,2978568401146,2978571383383,2.982237,true,true,18790745,18794825,4.080000,true,matched_request_response
run_3,20260712,515,before,515,target_did_random_data,0x1234,4,72,2E123472,042E123472000000,6E1234,positive,0x6E,,true,true,false,2026-07-10T12:43:39.633657+02:00,2978592721119,2978595764049,3.042930,true,true,18815071,18819162,4.091000,true,matched_request_response
run_3,20260712,516,before,516,target_did_random_data,0x1234,5,38A5,2E123438A5,052E123438A50000,6E1234,positive,0x6E,,true,true,false,2026-07-10T12:43:39.658080+02:00,2978617144528,2978620268334,3.123806,true,true,18839449,18843536,4.087000,true,matched_request_response
run_3,20260712,517,before,517,target_did_random_data,0x1234,7,81BECE4B,2E123481BECE4B,072E123481BECE4B,6E1234,positive,0x6E,,true,true,false,2026-07-10T12:43:39.682668+02:00,2978641731296,2978644606886,2.875590,true,true,18864023,18868099,4.076000,true,matched_request_response
run_3,20260712,518,before,518,missing_data,0x1234,3,,2E1234,032E123400000000,7F2E13,negative,0x7F,0x13,false,false,false,2026-07-10T12:43:39.706928+02:00,2978665992254,2978669048733,3.056479,true,true,18888280,18892375,4.095000,true,matched_request_response
run_3,20260712,519,before,519,target_did_random_data,0x1234,4,E2,2E1234E2,042E1234E2000000,6E1234,positive,0x6E,,true,true,false,2026-07-10T12:43:39.731315+02:00,2978690379205,2978693503640,3.124435,true,true,18912623,18916713,4.090000,true,matched_request_response
run_3,20260712,520,before,520,target_did_random_data,0x1234,6,53C92C,2E123453C92C,062E123453C92C00,6E1234,positive,0x6E,,true,true,false,2026-07-10T12:43:39.755855+02:00,2978714919459,2978717868312,2.948853,true,true,18937131,18941213,4.082000,true,matched_request_response
run_3,20260712,521,before,521,target_did_random_data,0x1234,4,35,2E123435,042E123435000000,6E1234,positive,0x6E,,true,true,false,2026-07-10T12:43:39.780106+02:00,2978739170499,2978742258965,3.088466,true,true,18961366,18965457,4.091000,true,matched_request_response
run_3,20260712,522,before,522,target_did_random_data,0x1234,7,05A17CF8,2E123405A17CF8,072E123405A17CF8,6E1234,positive,0x6E,,true,true,false,2026-07-10T12:43:39.804551+02:00,2978763614930,2978766672876,3.057946,true,true,18985776,18989856,4.080000,true,matched_request_response
run_3,20260712,523,before,523,target_did_random_data,0x1234,7,B26A435F,2E1234B26A435F,072E1234B26A435F,6E1234,positive,0x6E,,true,true,false,2026-07-10T12:43:39.828995+02:00,2978788060548,2978791082107,3.021559,true,true,19010203,19014282,4.079000,true,matched_request_response
run_3,20260712,524,before,524,target_did_random_data,0x1234,5,81AA,2E123481AA,052E123481AA0000,6E1234,positive,0x6E,,true,true,false,2026-07-10T12:43:39.853333+02:00,2978812396376,2978815519554,3.123178,true,true,19034518,19038605,4.087000,true,matched_request_response
run_3,20260712,525,before,525,target_did_random_data,0x1234,7,2A91663E,2E12342A91663E,072E12342A91663E,6E1234,positive,0x6E,,true,true,false,2026-07-10T12:43:39.877794+02:00,2978836857569,2978839969782,3.112213,true,true,19058946,19063022,4.076000,true,matched_request_response
run_3,20260712,526,before,526,read_only_did,0x1001,6,A86A60,2E1001A86A60,062E1001A86A6000,7F2E31,negative,0x7F,0x31,false,false,false,2026-07-10T12:43:39.902303+02:00,2978861367093,2978864301908,2.934815,true,true,19083448,19087535,4.087000,true,matched_request_response
run_3,20260712,527,before,527,target_did_random_data,0x1234,4,FD,2E1234FD,042E1234FD000000,6E1234,positive,0x6E,,true,true,false,2026-07-10T12:43:39.926605+02:00,2978885669047,2978888784752,3.115705,true,true,19107741,19111829,4.088000,true,matched_request_response
run_3,20260712,528,before,528,missing_data,0x1234,3,,2E1234,032E123400000000,7F2E13,negative,0x7F,0x13,false,false,false,2026-07-10T12:43:39.951131+02:00,2978910195333,2978913172751,2.977418,true,true,19132233,19136327,4.094000,true,matched_request_response
run_3,20260712,529,before,529,target_did_random_data,0x1234,4,78,2E123478,042E123478000000,6E1234,positive,0x6E,,true,true,false,2026-07-10T12:43:39.975454+02:00,2978934518239,2978937615227,3.096988,true,true,19156531,19160621,4.090000,true,matched_request_response
run_3,20260712,530,before,530,target_did_random_data,0x1234,7,3FC10A0C,2E12343FC10A0C,072E12343FC10A0C,6E1234,positive,0x6E,,true,true,false,2026-07-10T12:43:39.999989+02:00,2978959053814,2978962041080,2.987266,true,true,19181035,19185120,4.085000,true,matched_request_response
run_3,20260712,531,before,531,target_did_random_data,0x1234,4,0A,2E12340A,042E12340A000000,6E1234,positive,0x6E,,true,true,false,2026-07-10T12:43:40.024348+02:00,2978983412270,2978986414552,3.002282,true,true,19205374,19209468,4.094000,true,matched_request_response
run_3,20260712,532,before,532,read_only_did,0x1001,5,8CC7,2E10018CC7,052E10018CC70000,7F2E31,negative,0x7F,0x31,false,false,false,2026-07-10T12:43:40.048675+02:00,2979007739368,2979010853606,3.114238,true,true,19229683,19233774,4.091000,true,matched_request_response
run_3,20260712,533,before,533,target_did_random_data,0x1234,6,91BBEC,2E123491BBEC,062E123491BBEC00,6E1234,positive,0x6E,,true,true,false,2026-07-10T12:43:40.073554+02:00,2979032617934,2979035211154,2.593220,true,true,19254521,19258603,4.082000,true,matched_request_response
run_3,20260712,534,before,534,target_did_random_data,0x1234,6,E6AB8D,2E1234E6AB8D,062E1234E6AB8D00,6E1234,positive,0x6E,,true,true,false,2026-07-10T12:43:40.097514+02:00,2979056578363,2979059652303,3.073940,true,true,19278457,19282539,4.082000,true,matched_request_response
run_3,20260712,535,before,535,missing_data,0x1234,3,,2E1234,032E123400000000,7F2E13,negative,0x7F,0x13,false,false,false,2026-07-10T12:43:40.121925+02:00,2979080989480,2979084126557,3.137077,true,true,19302869,19306961,4.092000,true,matched_request_response
run_3,20260712,536,before,536,missing_data,0x1234,3,,2E1234,032E123400000000,7F2E13,negative,0x7F,0x13,false,false,false,2026-07-10T12:43:40.146431+02:00,2979105495232,2979108531388,3.036156,true,true,19327337,19331431,4.094000,true,matched_request_response
run_3,20260712,537,before,537,target_did_random_data,0x1234,5,8895,2E12348895,052E123488950000,6E1234,positive,0x6E,,true,true,false,2026-07-10T12:43:40.170862+02:00,2979129926254,2979132948581,3.022327,true,true,19351733,19355817,4.084000,true,matched_request_response
run_3,20260712,538,before,538,target_did_random_data,0x1234,4,E4,2E1234E4,042E1234E4000000,6E1234,positive,0x6E,,true,true,false,2026-07-10T12:43:40.195266+02:00,2979154330317,2979157325894,2.995577,true,true,19376114,19380204,4.090000,true,matched_request_response
run_3,20260712,539,before,539,target_did_random_data,0x1234,7,83EC1B37,2E123483EC1B37,072E123483EC1B37,6E1234,positive,0x6E,,true,true,false,2026-07-10T12:43:40.219836+02:00,2979178900463,2979181665354,2.764891,true,true,19400649,19404730,4.081000,true,matched_request_response
run_3,20260712,540,before,540,target_did_random_data,0x1234,7,A28ED08C,2E1234A28ED08C,072E1234A28ED08C,6E1234,positive,0x6E,,true,true,false,2026-07-10T12:43:40.244011+02:00,2979203075934,2979206139817,3.063883,true,true,19424802,19428878,4.076000,true,matched_request_response
run_3,20260712,541,before,541,target_did_random_data,0x1234,5,DC50,2E1234DC50,052E1234DC500000,6E1234,positive,0x6E,,true,true,false,2026-07-10T12:43:40.268644+02:00,2979227708589,2979230543531,2.834942,true,true,19449461,19453547,4.086000,true,matched_request_response
run_3,20260712,542,before,542,target_did_random_data,0x1234,6,E4583E,2E1234E4583E,062E1234E4583E00,6E1234,positive,0x6E,,true,true,false,2026-07-10T12:43:40.292821+02:00,2979251885736,2979254961492,3.075756,true,true,19473559,19477641,4.082000,true,matched_request_response
run_3,20260712,543,before,543,target_did_random_data,0x1234,5,6F28,2E12346F28,052E12346F280000,6E1234,positive,0x6E,,true,true,false,2026-07-10T12:43:40.317283+02:00,2979276348117,2979279361225,3.013108,true,true,19498017,19502101,4.084000,true,matched_request_response
run_3,20260712,544,before,544,target_did_random_data,0x1234,5,756D,2E1234756D,052E1234756D0000,6E1234,positive,0x6E,,true,true,false,2026-07-10T12:43:40.341715+02:00,2979300779907,2979303786170,3.006263,true,true,19522400,19526486,4.086000,true,matched_request_response
run_3,20260712,545,before,545,target_did_random_data,0x1234,7,48420952,2E123448420952,072E123448420952,6E1234,positive,0x6E,,true,true,false,2026-07-10T12:43:40.366125+02:00,2979325189627,2979328218589,3.028962,true,true,19546776,19550857,4.081000,true,matched_request_response
run_3,20260712,546,before,546,target_did_random_data,0x1234,7,CB34AA9E,2E1234CB34AA9E,072E1234CB34AA9E,6E1234,positive,0x6E,,true,true,false,2026-07-10T12:43:40.390515+02:00,2979349578744,2979352601001,3.022257,true,true,19571149,19575227,4.078000,true,matched_request_response
run_3,20260712,547,before,547,target_did_random_data,0x1234,4,45,2E123445,042E123445000000,6E1234,positive,0x6E,,true,true,false,2026-07-10T12:43:40.414993+02:00,2979374057118,2979377077419,3.020301,true,true,19595615,19599706,4.091000,true,matched_request_response
run_3,20260712,548,before,548,target_did_random_data,0x1234,5,E75B,2E1234E75B,052E1234E75B0000,6E1234,positive,0x6E,,true,true,false,2026-07-10T12:43:40.439351+02:00,2979398414806,2979401437971,3.023165,true,true,19619936,19624020,4.084000,true,matched_request_response
run_3,20260712,549,before,549,missing_data,0x1234,3,,2E1234,032E123400000000,7F2E13,negative,0x7F,0x13,false,false,false,2026-07-10T12:43:40.463737+02:00,2979422800012,2979425963139,3.163127,true,true,19644312,19648406,4.094000,true,matched_request_response
run_3,20260712,550,before,550,target_did_random_data,0x1234,5,E497,2E1234E497,052E1234E4970000,6E1234,positive,0x6E,,true,true,false,2026-07-10T12:43:40.488258+02:00,2979447321897,2979450265652,2.943755,true,true,19668792,19672876,4.084000,true,matched_request_response
run_3,20260712,551,before,551,target_did_random_data,0x1234,7,BC95B696,2E1234BC95B696,072E1234BC95B696,6E1234,positive,0x6E,,true,true,false,2026-07-10T12:43:40.512582+02:00,2979471644874,2979474697582,3.052708,true,true,19693077,19697155,4.078000,true,matched_request_response
run_3,20260712,552,before,552,target_did_random_data,0x1234,6,84EC12,2E123484EC12,062E123484EC1200,6E1234,positive,0x6E,,true,true,false,2026-07-10T12:43:40.536975+02:00,2979496039229,2979499092915,3.053686,true,true,19717459,19721542,4.083000,true,matched_request_response
run_3,20260712,553,before,553,target_did_random_data,0x1234,6,816BB8,2E1234816BB8,062E1234816BB800,6E1234,positive,0x6E,,true,true,false,2026-07-10T12:43:40.561385+02:00,2979520447692,2979523536787,3.089095,true,true,19741843,19745923,4.080000,true,matched_request_response
run_3,20260712,554,before,554,target_did_random_data,0x1234,4,BF,2E1234BF,042E1234BF000000,6E1234,positive,0x6E,,true,true,false,2026-07-10T12:43:40.585819+02:00,2979544883742,2979547967250,3.083508,true,true,19766265,19770355,4.090000,true,matched_request_response
run_3,20260712,555,before,555,target_did_random_data,0x1234,6,F8E398,2E1234F8E398,062E1234F8E39800,6E1234,positive,0x6E,,true,true,false,2026-07-10T12:43:40.610276+02:00,2979569340885,2979572327802,2.986917,true,true,19790689,19794772,4.083000,true,matched_request_response
run_3,20260712,556,before,556,unknown_did,0x3333,4,9A,2E33339A,042E33339A000000,7F2E31,negative,0x7F,0x31,false,false,false,2026-07-10T12:43:40.634601+02:00,2979593665328,2979596758544,3.093216,true,true,19815001,19819089,4.088000,true,matched_request_response
run_3,20260712,557,before,557,missing_data,0x1234,3,,2E1234,032E123400000000,7F2E13,negative,0x7F,0x13,false,false,false,2026-07-10T12:43:40.659108+02:00,2979618172896,2979621208283,3.035387,true,true,19839495,19843589,4.094000,true,matched_request_response
run_3,20260712,558,before,558,missing_data,0x1234,3,,2E1234,032E123400000000,7F2E13,negative,0x7F,0x13,false,false,false,2026-07-10T12:43:40.683566+02:00,2979642630388,2979645609902,2.979514,true,true,19863919,19868011,4.092000,true,matched_request_response
run_3,20260712,559,before,559,target_did_random_data,0x1234,6,61BB0C,2E123461BB0C,062E123461BB0C00,6E1234,positive,0x6E,,true,true,false,2026-07-10T12:43:40.708000+02:00,2979667065949,2979670043997,2.978048,true,true,19888324,19892410,4.086000,true,matched_request_response
run_3,20260712,560,before,560,target_did_random_data,0x1234,4,92,2E123492,042E123492000000,6E1234,positive,0x6E,,true,true,false,2026-07-10T12:43:40.732399+02:00,2979691462819,2979694414256,2.951437,true,true,19912704,19916795,4.091000,true,matched_request_response
run_3,20260712,561,before,561,target_did_random_data,0x1234,5,8600,2E12348600,052E123486000000,6E1234,positive,0x6E,,true,true,false,2026-07-10T12:43:40.756741+02:00,2979715804932,2979718838363,3.033431,true,true,19937034,19941123,4.089000,true,matched_request_response
run_3,20260712,562,before,562,target_did_random_data,0x1234,6,CC19E9,2E1234CC19E9,062E1234CC19E900,6E1234,positive,0x6E,,true,true,false,2026-07-10T12:43:40.781190+02:00,2979740253204,2979743185924,2.932720,true,true,19961422,19965504,4.082000,true,matched_request_response
run_3,20260712,563,before,563,target_did_random_data,0x1234,4,AC,2E1234AC,042E1234AC000000,6E1234,positive,0x6E,,true,true,false,2026-07-10T12:43:40.805459+02:00,2979764522263,2979766705722,2.183459,true,true,19985674,19989765,4.091000,true,matched_request_response
run_3,20260712,564,before,564,target_did_random_data,0x1234,6,E9AB52,2E1234E9AB52,062E1234E9AB5200,6E1234,positive,0x6E,,true,true,false,2026-07-10T12:43:40.828876+02:00,2979787939324,2979790150441,2.211117,true,true,20009051,20013132,4.081000,true,matched_request_response
run_3,20260712,565,before,565,missing_data,0x1234,3,,2E1234,032E123400000000,7F2E13,negative,0x7F,0x13,false,false,false,2026-07-10T12:43:40.852457+02:00,2979811521002,2979814575107,3.054105,true,true,20032640,20036738,4.098000,true,matched_request_response
run_3,20260712,566,before,566,target_did_random_data,0x1234,4,1C,2E12341C,042E12341C000000,6E1234,positive,0x6E,,true,true,false,2026-07-10T12:43:40.876861+02:00,2979835923319,2979838951931,3.028612,true,true,20057018,20061105,4.087000,true,matched_request_response
run_3,20260712,567,before,567,read_only_did,0x1001,4,BE,2E1001BE,042E1001BE000000,7F2E31,negative,0x7F,0x31,false,false,false,2026-07-10T12:43:40.901280+02:00,2979860345471,2979863402299,3.056828,true,true,20081427,20085521,4.094000,true,matched_request_response
run_3,20260712,568,before,568,target_did_random_data,0x1234,4,B4,2E1234B4,042E1234B4000000,6E1234,positive,0x6E,,true,true,false,2026-07-10T12:43:40.925686+02:00,2979884750441,2979887798330,3.047889,true,true,20105801,20109888,4.087000,true,matched_request_response
run_3,20260712,569,before,569,target_did_random_data,0x1234,6,62DCE3,2E123462DCE3,062E123462DCE300,6E1234,positive,0x6E,,true,true,false,2026-07-10T12:43:40.950118+02:00,2979909181673,2979912216711,3.035038,true,true,20130185,20134267,4.082000,true,matched_request_response
run_3,20260712,570,before,570,target_did_random_data,0x1234,5,CFAC,2E1234CFAC,052E1234CFAC0000,6E1234,positive,0x6E,,true,true,false,2026-07-10T12:43:40.974526+02:00,2979933590415,2979936618678,3.028263,true,true,20154577,20158663,4.086000,true,matched_request_response
run_3,20260712,571,before,571,target_did_random_data,0x1234,7,A3D25B4D,2E1234A3D25B4D,072E1234A3D25B4D,6E1234,positive,0x6E,,true,true,false,2026-07-10T12:43:40.998915+02:00,2979957978624,2979961046557,3.067933,true,true,20178943,20183019,4.076000,true,matched_request_response
run_3,20260712,572,before,572,target_did_random_data,0x1234,5,7FE7,2E12347FE7,052E12347FE70000,6E1234,positive,0x6E,,true,true,false,2026-07-10T12:43:41.023360+02:00,2979982424731,2979985431972,3.007241,true,true,20203372,20207458,4.086000,true,matched_request_response
run_3,20260712,573,before,573,target_did_random_data,0x1234,7,9697D0D2,2E12349697D0D2,072E12349697D0D2,6E1234,positive,0x6E,,true,true,false,2026-07-10T12:43:41.047767+02:00,2980006831099,2980009877032,3.045933,true,true,20227744,20231819,4.075000,true,matched_request_response
run_3,20260712,574,before,574,target_did_random_data,0x1234,7,497F3620,2E1234497F3620,072E1234497F3620,6E1234,positive,0x6E,,true,true,false,2026-07-10T12:43:41.072090+02:00,2980031153098,2980034251413,3.098315,true,true,20252020,20256096,4.076000,true,matched_request_response
run_3,20260712,575,before,575,target_did_random_data,0x1234,4,F4,2E1234F4,042E1234F4000000,6E1234,positive,0x6E,,true,true,false,2026-07-10T12:43:41.096650+02:00,2980055714025,2980058713374,2.999349,true,true,20276615,20280705,4.090000,true,matched_request_response
run_3,20260712,576,before,576,target_did_random_data,0x1234,5,AA54,2E1234AA54,052E1234AA540000,6E1234,positive,0x6E,,true,true,false,2026-07-10T12:43:41.120984+02:00,2980080047758,2980083059608,3.011850,true,true,20300874,20304959,4.085000,true,matched_request_response
run_3,20260712,577,before,577,target_did_random_data,0x1234,6,0A518D,2E12340A518D,062E12340A518D00,6E1234,positive,0x6E,,true,true,false,2026-07-10T12:43:41.145367+02:00,2980104431567,2980107485532,3.053965,true,true,20325222,20329308,4.086000,true,matched_request_response
run_3,20260712,578,before,578,unknown_did,0xF187,4,A2,2EF187A2,042EF187A2000000,7F2E31,negative,0x7F,0x31,false,false,false,2026-07-10T12:43:41.169728+02:00,2980128791350,2980130934790,2.143440,true,true,20349557,20353647,4.090000,true,matched_request_response
run_3,20260712,579,before,579,target_did_random_data,0x1234,7,6E3E6F37,2E12346E3E6F37,072E12346E3E6F37,6E1234,positive,0x6E,,true,true,false,2026-07-10T12:43:41.193257+02:00,2980152322183,2980155368116,3.045933,true,true,20373069,20377144,4.075000,true,matched_request_response
run_3,20260712,580,before,580,target_did_random_data,0x1234,4,47,2E123447,042E123447000000,6E1234,positive,0x6E,,true,true,false,2026-07-10T12:43:41.217610+02:00,2980176672747,2980179738376,3.065629,true,true,20397387,20401478,4.091000,true,matched_request_response
run_3,20260712,581,before,581,target_did_random_data,0x1234,6,C41CC3,2E1234C41CC3,062E1234C41CC300,6E1234,positive,0x6E,,true,true,false,2026-07-10T12:43:41.242064+02:00,2980201127446,2980204240147,3.112701,true,true,20421819,20425899,4.080000,true,matched_request_response
run_3,20260712,582,before,582,target_did_random_data,0x1234,5,FF6A,2E1234FF6A,052E1234FF6A0000,6E1234,positive,0x6E,,true,true,false,2026-07-10T12:43:41.266606+02:00,2980225669865,2980228595601,2.925736,true,true,20446337,20450423,4.086000,true,matched_request_response
run_3,20260712,583,before,583,target_did_random_data,0x1234,6,0AAA94,2E12340AAA94,062E12340AAA9400,6E1234,positive,0x6E,,true,true,false,2026-07-10T12:43:41.290871+02:00,2980249935572,2980253088432,3.152860,true,true,20470587,20474674,4.087000,true,matched_request_response
run_3,20260712,584,before,584,target_did_random_data,0x1234,4,BA,2E1234BA,042E1234BA000000,6E1234,positive,0x6E,,true,true,false,2026-07-10T12:43:41.315371+02:00,2980274434689,2980277457086,3.022397,true,true,20495052,20499140,4.088000,true,matched_request_response
run_3,20260712,585,before,585,target_did_random_data,0x1234,4,CF,2E1234CF,042E1234CF000000,6E1234,positive,0x6E,,true,true,false,2026-07-10T12:43:41.339779+02:00,2980298843012,2980301877003,3.033991,true,true,20519451,20523541,4.090000,true,matched_request_response
run_3,20260712,586,before,586,target_did_random_data,0x1234,7,AEC45188,2E1234AEC45188,072E1234AEC45188,6E1234,positive,0x6E,,true,true,false,2026-07-10T12:43:41.364120+02:00,2980323183519,2980326249916,3.066397,true,true,20543736,20547812,4.076000,true,matched_request_response
run_3,20260712,587,before,587,target_did_random_data,0x1234,5,7309,2E12347309,052E123473090000,6E1234,positive,0x6E,,true,true,false,2026-07-10T12:43:41.388565+02:00,2980347629278,2980350718722,3.089444,true,true,20568170,20572261,4.091000,true,matched_request_response
run_3,20260712,588,before,588,unknown_did,0x3333,5,0FD3,2E33330FD3,052E33330FD30000,7F2E31,negative,0x7F,0x31,false,false,false,2026-07-10T12:43:41.413084+02:00,2980372147462,2980375125160,2.977698,true,true,20592656,20596749,4.093000,true,matched_request_response
run_3,20260712,589,before,589,target_did_random_data,0x1234,5,9F63,2E12349F63,052E12349F630000,6E1234,positive,0x6E,,true,true,false,2026-07-10T12:43:41.437439+02:00,2980396503404,2980399531039,3.027635,true,true,20617001,20621085,4.084000,true,matched_request_response
run_3,20260712,590,before,590,unknown_did,0xF187,4,8E,2EF1878E,042EF1878E000000,7F2E31,negative,0x7F,0x31,false,false,false,2026-07-10T12:43:41.461833+02:00,2980420896083,2980423956613,3.060530,true,true,20641361,20645452,4.091000,true,matched_request_response
run_3,20260712,591,before,591,target_did_random_data,0x1234,4,9C,2E12349C,042E12349C000000,6E1234,positive,0x6E,,true,true,false,2026-07-10T12:43:41.486388+02:00,2980445452610,2980448341400,2.888790,true,true,20665906,20669994,4.088000,true,matched_request_response
run_3,20260712,592,before,592,target_did_random_data,0x1234,6,DD77CC,2E1234DD77CC,062E1234DD77CC00,6E1234,positive,0x6E,,true,true,false,2026-07-10T12:43:41.510643+02:00,2980469707631,2980472761456,3.053825,true,true,20690167,20694250,4.083000,true,matched_request_response
run_3,20260712,593,before,593,target_did_random_data,0x1234,6,7ACC19,2E12347ACC19,062E12347ACC1900,6E1234,positive,0x6E,,true,true,false,2026-07-10T12:43:41.535142+02:00,2980494206818,2980497192688,2.985870,true,true,20714594,20718676,4.082000,true,matched_request_response
run_3,20260712,594,before,594,target_did_random_data,0x1234,7,347AF2ED,2E1234347AF2ED,072E1234347AF2ED,6E1234,positive,0x6E,,true,true,false,2026-07-10T12:43:41.559528+02:00,2980518591675,2980521561900,2.970225,true,true,20738942,20743018,4.076000,true,matched_request_response
run_3,20260712,595,before,595,target_did_random_data,0x1234,6,2FD605,2E12342FD605,062E12342FD60500,6E1234,positive,0x6E,,true,true,false,2026-07-10T12:43:41.583874+02:00,2980542938957,2980546038668,3.099711,true,true,20763270,20767357,4.087000,true,matched_request_response
run_3,20260712,596,before,596,target_did_random_data,0x1234,7,F351A6F8,2E1234F351A6F8,072E1234F351A6F8,6E1234,positive,0x6E,,true,true,false,2026-07-10T12:43:41.608326+02:00,2980567391071,2980570392235,3.001164,true,true,20787701,20791780,4.079000,true,matched_request_response
run_3,20260712,597,before,597,target_did_random_data,0x1234,6,EB6C6F,2E1234EB6C6F,062E1234EB6C6F00,6E1234,positive,0x6E,,true,true,false,2026-07-10T12:43:41.632658+02:00,2980591722149,2980594791828,3.069679,true,true,20812037,20816117,4.080000,true,matched_request_response
run_3,20260712,598,before,598,target_did_random_data,0x1234,4,F0,2E1234F0,042E1234F0000000,6E1234,positive,0x6E,,true,true,false,2026-07-10T12:43:41.657088+02:00,2980616152542,2980619245549,3.093007,true,true,20836427,20840518,4.091000,true,matched_request_response
run_3,20260712,599,before,599,target_did_random_data,0x1234,5,CE0E,2E1234CE0E,052E1234CE0E0000,6E1234,positive,0x6E,,true,true,false,2026-07-10T12:43:41.681495+02:00,2980640558910,2980643669726,3.110816,true,true,20860797,20864886,4.089000,true,matched_request_response
run_3,20260712,600,before,600,unknown_did,0x3333,5,8704,2E33338704,052E333387040000,7F2E31,negative,0x7F,0x31,false,false,false,2026-07-10T12:43:41.706033+02:00,2980665096580,2980668056119,2.959539,true,true,20885323,20889414,4.091000,true,matched_request_response
run_3,20260712,601,before,601,target_did_random_data,0x1234,7,6E68855F,2E12346E68855F,072E12346E68855F,6E1234,positive,0x6E,,true,true,false,2026-07-10T12:43:41.730344+02:00,2980689408173,2980692422468,3.014295,true,true,20909589,20913667,4.078000,true,matched_request_response
run_3,20260712,602,before,602,missing_data,0x1234,3,,2E1234,032E123400000000,7F2E13,negative,0x7F,0x13,false,false,false,2026-07-10T12:43:41.754656+02:00,2980713720604,2980717036824,3.316220,true,true,20933934,20938026,4.092000,true,matched_request_response
run_3,20260712,603,before,603,target_did_random_data,0x1234,5,61CA,2E123461CA,052E123461CA0000,6E1234,positive,0x6E,,true,true,false,2026-07-10T12:43:41.779395+02:00,2980738459278,2980741380683,2.921405,true,true,20958610,20962696,4.086000,true,matched_request_response
run_3,20260712,604,before,604,target_did_random_data,0x1234,6,C84C7E,2E1234C84C7E,062E1234C84C7E00,6E1234,positive,0x6E,,true,true,false,2026-07-10T12:43:41.803789+02:00,2980762853772,2980765745006,2.891234,true,true,20982968,20987048,4.080000,true,matched_request_response
run_3,20260712,605,before,605,target_did_random_data,0x1234,4,24,2E123424,042E123424000000,6E1234,positive,0x6E,,true,true,false,2026-07-10T12:43:41.828089+02:00,2980787153282,2980790162409,3.009127,true,true,21007255,21011345,4.090000,true,matched_request_response
run_3,20260712,606,before,606,target_did_random_data,0x1234,4,AE,2E1234AE,042E1234AE000000,6E1234,positive,0x6E,,true,true,false,2026-07-10T12:43:41.852490+02:00,2980811553923,2980814553202,2.999279,true,true,21031632,21035723,4.091000,true,matched_request_response
run_3,20260712,607,before,607,target_did_random_data,0x1234,5,0B1A,2E12340B1A,052E12340B1A0000,6E1234,positive,0x6E,,true,true,false,2026-07-10T12:43:41.876827+02:00,2980835891497,2980839030739,3.139242,true,true,21055944,21060032,4.088000,true,matched_request_response
run_3,20260712,608,before,608,target_did_random_data,0x1234,7,EB577DD3,2E1234EB577DD3,072E1234EB577DD3,6E1234,positive,0x6E,,true,true,false,2026-07-10T12:43:41.901296+02:00,2980860360163,2980863318864,2.958701,true,true,21080379,21084458,4.079000,true,matched_request_response
run_3,20260712,609,before,609,target_did_random_data,0x1234,6,DE66BC,2E1234DE66BC,062E1234DE66BC00,6E1234,positive,0x6E,,true,true,false,2026-07-10T12:43:41.925509+02:00,2980884572092,2980886743259,2.171167,true,true,21104548,21108631,4.083000,true,matched_request_response
run_3,20260712,610,before,610,target_did_random_data,0x1234,7,FCCC1A70,2E1234FCCC1A70,072E1234FCCC1A70,6E1234,positive,0x6E,,true,true,false,2026-07-10T12:43:41.948974+02:00,2980908038461,2980910238193,2.199732,true,true,21128007,21132083,4.076000,true,matched_request_response
run_3,20260712,611,before,611,target_did_random_data,0x1234,6,3173F1,2E12343173F1,062E12343173F100,6E1234,positive,0x6E,,true,true,false,2026-07-10T12:43:41.972513+02:00,2980931577605,2980934650637,3.073032,true,true,21151519,21155601,4.082000,true,matched_request_response
run_3,20260712,612,before,612,target_did_random_data,0x1234,5,9F98,2E12349F98,052E12349F980000,6E1234,positive,0x6E,,true,true,false,2026-07-10T12:43:41.996985+02:00,2980956048297,2980959169590,3.121293,true,true,21175993,21180077,4.084000,true,matched_request_response
run_3,20260712,613,before,613,target_did_random_data,0x1234,6,58D2A9,2E123458D2A9,062E123458D2A900,6E1234,positive,0x6E,,true,true,false,2026-07-10T12:43:42.021509+02:00,2980980574304,2980983536846,2.962542,true,true,21200466,21204549,4.083000,true,matched_request_response
run_3,20260712,614,before,614,target_did_random_data,0x1234,5,ED09,2E1234ED09,052E1234ED090000,6E1234,positive,0x6E,,true,true,false,2026-07-10T12:43:42.045857+02:00,2981004920398,2981007999646,3.079248,true,true,21224811,21228900,4.089000,true,matched_request_response
run_3,20260712,615,before,615,missing_data,0x1234,3,,2E1234,032E123400000000,7F2E13,negative,0x7F,0x13,false,false,false,2026-07-10T12:43:42.070335+02:00,2981029399611,2981032372211,2.972600,true,true,21249275,21253370,4.095000,true,matched_request_response
run_3,20260712,616,before,616,missing_data,0x1234,3,,2E1234,032E123400000000,7F2E13,negative,0x7F,0x13,false,false,false,2026-07-10T12:43:42.094902+02:00,2981053965846,2981056783398,2.817552,true,true,21273818,21277910,4.092000,true,matched_request_response
run_3,20260712,617,before,617,target_did_random_data,0x1234,5,DC82,2E1234DC82,052E1234DC820000,6E1234,positive,0x6E,,true,true,false,2026-07-10T12:43:42.119124+02:00,2981078188321,2981081150584,2.962263,true,true,21298010,21302095,4.085000,true,matched_request_response
run_3,20260712,618,before,618,read_only_did,0x1001,4,1C,2E10011C,042E10011C000000,7F2E31,negative,0x7F,0x31,false,false,false,2026-07-10T12:43:42.143509+02:00,2981102573108,2981105596902,3.023794,true,true,21322382,21326477,4.095000,true,matched_request_response
run_3,20260712,619,before,619,target_did_random_data,0x1234,7,D7CA8D3E,2E1234D7CA8D3E,072E1234D7CA8D3E,6E1234,positive,0x6E,,true,true,false,2026-07-10T12:43:42.167982+02:00,2981127046245,2981129994469,2.948224,true,true,21346807,21350883,4.076000,true,matched_request_response
run_3,20260712,620,before,620,target_did_random_data,0x1234,6,3B1BED,2E12343B1BED,062E12343B1BED00,6E1234,positive,0x6E,,true,true,false,2026-07-10T12:43:42.192351+02:00,2981151414130,2981154436596,3.022466,true,true,21371162,21375245,4.083000,true,matched_request_response
run_3,20260712,621,before,621,target_did_random_data,0x1234,7,43A9DA9B,2E123443A9DA9B,072E123443A9DA9B,6E1234,positive,0x6E,,true,true,false,2026-07-10T12:43:42.216751+02:00,2981175815329,2981178858399,3.043070,true,true,21395527,21399605,4.078000,true,matched_request_response
run_3,20260712,622,before,622,target_did_random_data,0x1234,6,E6412B,2E1234E6412B,062E1234E6412B00,6E1234,positive,0x6E,,true,true,false,2026-07-10T12:43:42.241172+02:00,2981200237481,2981203237110,2.999629,true,true,21419935,21424015,4.080000,true,matched_request_response
run_3,20260712,623,before,623,target_did_random_data,0x1234,7,6513ABCC,2E12346513ABCC,072E12346513ABCC,6E1234,positive,0x6E,,true,true,false,2026-07-10T12:43:42.265555+02:00,2981224618636,2981227659611,3.040975,true,true,21444289,21448368,4.079000,true,matched_request_response
run_3,20260712,624,before,624,target_did_random_data,0x1234,4,39,2E123439,042E123439000000,6E1234,positive,0x6E,,true,true,false,2026-07-10T12:43:42.289971+02:00,2981249034503,2981252077642,3.043139,true,true,21468701,21472792,4.091000,true,matched_request_response
run_3,20260712,625,before,625,target_did_random_data,0x1234,5,9792,2E12349792,052E123497920000,6E1234,positive,0x6E,,true,true,false,2026-07-10T12:43:42.314380+02:00,2981273444921,2981276474162,3.029241,true,true,21493082,21497168,4.086000,true,matched_request_response
run_3,20260712,626,before,626,target_did_random_data,0x1234,4,38,2E123438,042E123438000000,6E1234,positive,0x6E,,true,true,false,2026-07-10T12:43:42.338804+02:00,2981297868819,2981300885280,3.016461,true,true,21517496,21521586,4.090000,true,matched_request_response
run_3,20260712,627,before,627,missing_data,0x1234,3,,2E1234,032E123400000000,7F2E13,negative,0x7F,0x13,false,false,false,2026-07-10T12:43:42.363210+02:00,2981322273790,2981325302682,3.028892,true,true,21541899,21545991,4.092000,true,matched_request_response
run_3,20260712,628,before,628,target_did_random_data,0x1234,5,5E2F,2E12345E2F,052E12345E2F0000,6E1234,positive,0x6E,,true,true,false,2026-07-10T12:43:42.387639+02:00,2981346702997,2981349709819,3.006822,true,true,21566282,21570368,4.086000,true,matched_request_response
run_3,20260712,629,before,629,target_did_random_data,0x1234,7,869E3B3B,2E1234869E3B3B,072E1234869E3B3B,6E1234,positive,0x6E,,true,true,false,2026-07-10T12:43:42.411997+02:00,2981371061313,2981374193850,3.132537,true,true,21590611,21594690,4.079000,true,matched_request_response
run_3,20260712,630,before,630,target_did_random_data,0x1234,4,29,2E123429,042E123429000000,6E1234,positive,0x6E,,true,true,false,2026-07-10T12:43:42.436496+02:00,2981395560221,2981398559570,2.999349,true,true,21615102,21619192,4.090000,true,matched_request_response
run_3,20260712,631,before,631,unknown_did,0x3333,4,17,2E333317,042E333317000000,7F2E31,negative,0x7F,0x31,false,false,false,2026-07-10T12:43:42.460838+02:00,2981419902475,2981422978300,3.075825,true,true,21639418,21643509,4.091000,true,matched_request_response
run_3,20260712,632,before,632,target_did_random_data,0x1234,7,35D82ABD,2E123435D82ABD,072E123435D82ABD,6E1234,positive,0x6E,,true,true,false,2026-07-10T12:43:42.485316+02:00,2981444380430,2981447417214,3.036784,true,true,21663850,21667927,4.077000,true,matched_request_response
run_3,20260712,633,before,633,target_did_random_data,0x1234,7,70862629,2E123470862629,072E123470862629,6E1234,positive,0x6E,,true,true,false,2026-07-10T12:43:42.509748+02:00,2981468811662,2981471757302,2.945640,true,true,21688267,21692346,4.079000,true,matched_request_response
run_3,20260712,634,before,634,missing_data,0x1234,3,,2E1234,032E123400000000,7F2E13,negative,0x7F,0x13,false,false,false,2026-07-10T12:43:42.534071+02:00,2981493135966,2981496215772,3.079806,true,true,21712583,21716677,4.094000,true,matched_request_response
run_3,20260712,635,before,635,missing_data,0x1234,3,,2E1234,032E123400000000,7F2E13,negative,0x7F,0x13,false,false,false,2026-07-10T12:43:42.558588+02:00,2981517651915,2981520621232,2.969317,true,true,21737078,21741172,4.094000,true,matched_request_response
run_3,20260712,636,before,636,target_did_random_data,0x1234,7,63140574,2E123463140574,072E123463140574,6E1234,positive,0x6E,,true,true,false,2026-07-10T12:43:42.582977+02:00,2981542042219,2981545078025,3.035806,true,true,21761438,21765521,4.083000,true,matched_request_response
run_3,20260712,637,before,637,unknown_did,0x2222,7,013A65C1,2E2222013A65C1,072E2222013A65C1,7F2E31,negative,0x7F,0x31,false,false,false,2026-07-10T12:43:42.607363+02:00,2981566427635,2981569494451,3.066816,true,true,21785800,21789880,4.080000,true,matched_request_response
run_3,20260712,638,before,638,read_only_did,0x1001,6,0216B1,2E10010216B1,062E10010216B100,7F2E31,negative,0x7F,0x31,false,false,false,2026-07-10T12:43:42.631827+02:00,2981590890714,2981593872812,2.982098,true,true,21810256,21814348,4.092000,true,matched_request_response
run_3,20260712,639,before,639,read_only_did,0x1001,5,943B,2E1001943B,052E1001943B0000,7F2E31,negative,0x7F,0x31,false,false,false,2026-07-10T12:43:42.656296+02:00,2981615360777,2981618299783,2.939006,true,true,21834703,21838794,4.091000,true,matched_request_response
run_3,20260712,640,before,640,target_did_random_data,0x1234,5,86BA,2E123486BA,052E123486BA0000,6E1234,positive,0x6E,,true,true,false,2026-07-10T12:43:42.680640+02:00,2981639705126,2981642700494,2.995368,true,true,21859079,21863166,4.087000,true,matched_request_response
run_3,20260712,641,before,641,target_did_random_data,0x1234,4,B0,2E1234B0,042E1234B0000000,6E1234,positive,0x6E,,true,true,false,2026-07-10T12:43:42.704982+02:00,2981664046052,2981667144995,3.098943,true,true,21883341,21887431,4.090000,true,matched_request_response
run_3,20260712,642,before,642,target_did_random_data,0x1234,4,C2,2E1234C2,042E1234C2000000,6E1234,positive,0x6E,,true,true,false,2026-07-10T12:43:42.729495+02:00,2981688559487,2981691780024,3.220537,true,true,21907834,21911923,4.089000,true,matched_request_response
run_3,20260712,643,before,643,unknown_did,0xF187,7,5260FA1D,2EF1875260FA1D,072EF1875260FA1D,7F2E31,negative,0x7F,0x31,false,false,false,2026-07-10T12:43:42.754112+02:00,2981713176847,2981715998099,2.821252,true,true,21932416,21936495,4.079000,true,matched_request_response
run_3,20260712,644,before,644,unknown_did,0x3333,6,857BD9,2E3333857BD9,062E3333857BD900,7F2E31,negative,0x7F,0x31,false,false,false,2026-07-10T12:43:42.778392+02:00,2981737456452,2981740491071,3.034619,true,true,21956670,21960755,4.085000,true,matched_request_response
run_3,20260712,645,before,645,read_only_did,0x1001,4,BD,2E1001BD,042E1001BD000000,7F2E31,negative,0x7F,0x31,false,false,false,2026-07-10T12:43:42.802852+02:00,2981761916039,2981764789114,2.873075,true,true,21981125,21985220,4.095000,true,matched_request_response
run_3,20260712,646,before,646,target_did_random_data,0x1234,7,277535B9,2E1234277535B9,072E1234277535B9,6E1234,positive,0x6E,,true,true,false,2026-07-10T12:43:42.827109+02:00,2981786173225,2981789164961,2.991736,true,true,22005339,22009417,4.078000,true,matched_request_response
run_3,20260712,647,before,647,target_did_random_data,0x1234,7,2D136A43,2E12342D136A43,072E12342D136A43,6E1234,positive,0x6E,,true,true,false,2026-07-10T12:43:42.851538+02:00,2981810602990,2981813600244,2.997254,true,true,22029742,22033818,4.076000,true,matched_request_response
run_3,20260712,648,before,648,target_did_random_data,0x1234,4,0E,2E12340E,042E12340E000000,6E1234,positive,0x6E,,true,true,false,2026-07-10T12:43:42.875911+02:00,2981834976043,2981838025539,3.049496,true,true,22054137,22058232,4.095000,true,matched_request_response
run_3,20260712,649,before,649,target_did_random_data,0x1234,4,02,2E123402,042E123402000000,6E1234,positive,0x6E,,true,true,false,2026-07-10T12:43:42.900571+02:00,2981859634749,2981862433652,2.798903,true,true,22078759,22082851,4.092000,true,matched_request_response
run_3,20260712,650,before,650,missing_data,0x1234,3,,2E1234,032E123400000000,7F2E13,negative,0x7F,0x13,false,false,false,2026-07-10T12:43:42.924737+02:00,2981883801281,2981886829893,3.028612,true,true,22102890,22106982,4.092000,true,matched_request_response
run_3,20260712,651,before,651,target_did_random_data,0x1234,5,59B1,2E123459B1,052E123459B10000,6E1234,positive,0x6E,,true,true,false,2026-07-10T12:43:42.949320+02:00,2981908384069,2981911291785,2.907716,true,true,22127447,22131534,4.087000,true,matched_request_response
run_3,20260712,652,before,652,read_only_did,0x1001,4,19,2E100119,042E100119000000,7F2E31,negative,0x7F,0x31,false,false,false,2026-07-10T12:43:42.973599+02:00,2981932663045,2981935693753,3.030708,true,true,22151714,22155810,4.096000,true,matched_request_response
run_3,20260712,653,before,653,target_did_random_data,0x1234,6,6768DF,2E12346768DF,062E12346768DF00,6E1234,positive,0x6E,,true,true,false,2026-07-10T12:43:42.997986+02:00,2981957049438,2981960081962,3.032524,true,true,22176067,22180147,4.080000,true,matched_request_response
run_3,20260712,654,before,654,missing_data,0x1234,3,,2E1234,032E123400000000,7F2E13,negative,0x7F,0x13,false,false,false,2026-07-10T12:43:43.022413+02:00,2981981477387,2981984575562,3.098175,true,true,22200480,22204574,4.094000,true,matched_request_response
run_3,20260712,655,before,655,target_did_random_data,0x1234,6,4D62C3,2E12344D62C3,062E12344D62C300,6E1234,positive,0x6E,,true,true,false,2026-07-10T12:43:43.046906+02:00,2982005969661,2982008998413,3.028752,true,true,22224926,22229006,4.080000,true,matched_request_response
run_3,20260712,656,before,656,target_did_random_data,0x1234,7,B5997E2C,2E1234B5997E2C,072E1234B5997E2C,6E1234,positive,0x6E,,true,true,false,2026-07-10T12:43:43.071306+02:00,2982030370441,2982033307980,2.937539,true,true,22249297,22253376,4.079000,true,matched_request_response
run_3,20260712,657,before,657,target_did_random_data,0x1234,7,DC71CB81,2E1234DC71CB81,072E1234DC71CB81,6E1234,positive,0x6E,,true,true,false,2026-07-10T12:43:43.095617+02:00,2982054680428,2982057760304,3.079876,true,true,22273579,22277658,4.079000,true,matched_request_response
run_3,20260712,658,before,658,target_did_random_data,0x1234,7,27F93FFB,2E123427F93FFB,072E123427F93FFB,6E1234,positive,0x6E,,true,true,false,2026-07-10T12:43:43.120101+02:00,2982079165647,2982082137548,2.971901,true,true,22298049,22302125,4.076000,true,matched_request_response
run_3,20260712,659,before,659,target_did_random_data,0x1234,7,015FF650,2E1234015FF650,072E1234015FF650,6E1234,positive,0x6E,,true,true,false,2026-07-10T12:43:43.144452+02:00,2982103516770,2982106585961,3.069191,true,true,22322373,22326456,4.083000,true,matched_request_response
run_3,20260712,660,before,660,target_did_random_data,0x1234,7,A1516556,2E1234A1516556,072E1234A1516556,6E1234,positive,0x6E,,true,true,false,2026-07-10T12:43:43.168875+02:00,2982127939760,2982130965160,3.025400,true,true,22346758,22350834,4.076000,true,matched_request_response
run_3,20260712,661,before,661,target_did_random_data,0x1234,7,129D284A,2E1234129D284A,072E1234129D284A,6E1234,positive,0x6E,,true,true,false,2026-07-10T12:43:43.193330+02:00,2982152394668,2982155414830,3.020162,true,true,22371210,22375288,4.078000,true,matched_request_response
run_3,20260712,662,before,662,target_did_random_data,0x1234,7,2A263C0C,2E12342A263C0C,072E12342A263C0C,6E1234,positive,0x6E,,true,true,false,2026-07-10T12:43:43.217711+02:00,2982176774706,2982179780341,3.005635,true,true,22395548,22399631,4.083000,true,matched_request_response
run_3,20260712,663,before,663,target_did_random_data,0x1234,6,90249D,2E123490249D,062E123490249D00,6E1234,positive,0x6E,,true,true,false,2026-07-10T12:43:43.242088+02:00,2982201152369,2982204260252,3.107883,true,true,22419911,22423991,4.080000,true,matched_request_response
run_3,20260712,664,before,664,target_did_random_data,0x1234,7,438C4B1B,2E1234438C4B1B,072E1234438C4B1B,6E1234,positive,0x6E,,true,true,false,2026-07-10T12:43:43.266584+02:00,2982225647925,2982228648950,3.001025,true,true,22444383,22448462,4.079000,true,matched_request_response
run_3,20260712,665,before,665,target_did_random_data,0x1234,6,E2951E,2E1234E2951E,062E1234E2951E00,6E1234,positive,0x6E,,true,true,false,2026-07-10T12:43:43.291025+02:00,2982250088655,2982253074943,2.986288,true,true,22468803,22472883,4.080000,true,matched_request_response
run_3,20260712,666,before,666,target_did_random_data,0x1234,5,AA16,2E1234AA16,052E1234AA160000,6E1234,positive,0x6E,,true,true,false,2026-07-10T12:43:43.315387+02:00,2982274451302,2982277454702,3.003400,true,true,22493140,22497226,4.086000,true,matched_request_response
run_3,20260712,667,before,667,target_did_random_data,0x1234,7,EAED36EB,2E1234EAED36EB,072E1234EAED36EB,6E1234,positive,0x6E,,true,true,false,2026-07-10T12:43:43.339744+02:00,2982298808501,2982301873851,3.065350,true,true,22517464,22521542,4.078000,true,matched_request_response
run_3,20260712,668,before,668,target_did_random_data,0x1234,4,16,2E123416,042E123416000000,6E1234,positive,0x6E,,true,true,false,2026-07-10T12:43:43.364222+02:00,2982323286317,2982326317165,3.030848,true,true,22541945,22546033,4.088000,true,matched_request_response
run_3,20260712,669,before,669,missing_data,0x1234,3,,2E1234,032E123400000000,7F2E13,negative,0x7F,0x13,false,false,false,2026-07-10T12:43:43.388682+02:00,2982347746743,2982350754962,3.008219,true,true,22566398,22570492,4.094000,true,matched_request_response
run_3,20260712,670,before,670,target_did_random_data,0x1234,4,80,2E123480,042E123480000000,6E1234,positive,0x6E,,true,true,false,2026-07-10T12:43:43.413112+02:00,2982372176508,2982375134650,2.958142,true,true,22590793,22594882,4.089000,true,matched_request_response
run_3,20260712,671,before,671,target_did_random_data,0x1234,6,B14D51,2E1234B14D51,062E1234B14D5100,6E1234,positive,0x6E,,true,true,false,2026-07-10T12:43:43.437460+02:00,2982396524209,2982399562948,3.038739,true,true,22615104,22619187,4.083000,true,matched_request_response
run_3,20260712,672,before,672,target_did_random_data,0x1234,6,B841AE,2E1234B841AE,062E1234B841AE00,6E1234,positive,0x6E,,true,true,false,2026-07-10T12:43:43.461880+02:00,2982420943428,2982424018066,3.074638,true,true,22639503,22643585,4.082000,true,matched_request_response
run_3,20260712,673,before,673,missing_data,0x1234,3,,2E1234,032E123400000000,7F2E13,negative,0x7F,0x13,false,false,false,2026-07-10T12:43:43.486412+02:00,2982445477396,2982448405227,2.927831,true,true,22664034,22668126,4.092000,true,matched_request_response
run_3,20260712,674,before,674,target_did_random_data,0x1234,5,DB4D,2E1234DB4D,052E1234DB4D0000,6E1234,positive,0x6E,,true,true,false,2026-07-10T12:43:43.510736+02:00,2982469800094,2982472787989,2.987895,true,true,22688318,22692404,4.086000,true,matched_request_response
run_3,20260712,675,before,675,unknown_did,0xF187,5,DBD5,2EF187DBD5,052EF187DBD50000,7F2E31,negative,0x7F,0x31,false,false,false,2026-07-10T12:43:43.535127+02:00,2982494192494,2982497280402,3.087908,true,true,22712686,22716773,4.087000,true,matched_request_response
run_3,20260712,676,before,676,target_did_random_data,0x1234,6,8A621B,2E12348A621B,062E12348A621B00,6E1234,positive,0x6E,,true,true,false,2026-07-10T12:43:43.559567+02:00,2982518630919,2982521594229,2.963310,true,true,22737087,22741169,4.082000,true,matched_request_response
run_3,20260712,677,before,677,target_did_random_data,0x1234,5,AB9F,2E1234AB9F,052E1234AB9F0000,6E1234,positive,0x6E,,true,true,false,2026-07-10T12:43:43.583934+02:00,2982542998385,2982546053188,3.054803,true,true,22761468,22765555,4.087000,true,matched_request_response
run_3,20260712,678,before,678,target_did_random_data,0x1234,6,F80E51,2E1234F80E51,062E1234F80E5100,6E1234,positive,0x6E,,true,true,false,2026-07-10T12:43:43.608395+02:00,2982567459299,2982570416464,2.957165,true,true,22785884,22789969,4.085000,true,matched_request_response
run_3,20260712,679,before,679,target_did_random_data,0x1234,6,A61343,2E1234A61343,062E1234A6134300,6E1234,positive,0x6E,,true,true,false,2026-07-10T12:43:43.632719+02:00,2982591783464,2982594866692,3.083228,true,true,22810165,22814247,4.082000,true,matched_request_response
run_3,20260712,680,before,680,target_did_random_data,0x1234,5,77F7,2E123477F7,052E123477F70000,6E1234,positive,0x6E,,true,true,false,2026-07-10T12:43:43.657243+02:00,2982616307724,2982619258883,2.951159,true,true,22834669,22838758,4.089000,true,matched_request_response
run_3,20260712,681,before,681,read_only_did,0x1001,4,F5,2E1001F5,042E1001F5000000,7F2E31,negative,0x7F,0x31,false,false,false,2026-07-10T12:43:43.681604+02:00,2982640668556,2982643692000,3.023444,true,true,22859026,22863119,4.093000,true,matched_request_response
run_3,20260712,682,before,682,target_did_random_data,0x1234,6,C5E03D,2E1234C5E03D,062E1234C5E03D00,6E1234,positive,0x6E,,true,true,false,2026-07-10T12:43:43.706083+02:00,2982665148257,2982668076228,2.927971,true,true,22883457,22887540,4.083000,true,matched_request_response
run_3,20260712,683,before,683,target_did_random_data,0x1234,4,4B,2E12344B,042E12344B000000,6E1234,positive,0x6E,,true,true,false,2026-07-10T12:43:43.730318+02:00,2982689381767,2982692512139,3.130372,true,true,22907653,22911746,4.093000,true,matched_request_response
run_3,20260712,684,before,684,target_did_random_data,0x1234,6,16B7BA,2E123416B7BA,062E123416B7BA00,6E1234,positive,0x6E,,true,true,false,2026-07-10T12:43:43.754840+02:00,2982713904002,2982717022990,3.118988,true,true,22932156,22936238,4.082000,true,matched_request_response
run_3,20260712,685,before,685,target_did_random_data,0x1234,7,4F219DF6,2E12344F219DF6,072E12344F219DF6,6E1234,positive,0x6E,,true,true,false,2026-07-10T12:43:43.779383+02:00,2982738448168,2982741406520,2.958352,true,true,22956672,22960753,4.081000,true,matched_request_response
run_3,20260712,686,before,686,target_did_random_data,0x1234,6,B28F49,2E1234B28F49,062E1234B28F4900,6E1234,positive,0x6E,,true,true,false,2026-07-10T12:43:43.803694+02:00,2982762758783,2982765758830,3.000047,true,true,22980954,22985035,4.081000,true,matched_request_response
run_3,20260712,687,before,687,target_did_random_data,0x1234,6,C1DD58,2E1234C1DD58,062E1234C1DD5800,6E1234,positive,0x6E,,true,true,false,2026-07-10T12:43:43.828146+02:00,2982787211037,2982790189573,2.978536,true,true,23005387,23009470,4.083000,true,matched_request_response
run_3,20260712,688,before,688,target_did_random_data,0x1234,4,E8,2E1234E8,042E1234E8000000,6E1234,positive,0x6E,,true,true,false,2026-07-10T12:43:43.852491+02:00,2982811555455,2982814600132,3.044677,true,true,23029713,23033804,4.091000,true,matched_request_response
run_3,20260712,689,before,689,target_did_random_data,0x1234,7,78B154A3,2E123478B154A3,072E123478B154A3,6E1234,positive,0x6E,,true,true,false,2026-07-10T12:43:43.876964+02:00,2982836030059,2982839000493,2.970434,true,true,23054145,23058224,4.079000,true,matched_request_response
run_3,20260712,690,before,690,target_did_random_data,0x1234,6,DFAC53,2E1234DFAC53,062E1234DFAC5300,6E1234,positive,0x6E,,true,true,false,2026-07-10T12:43:43.901339+02:00,2982860403112,2982863389331,2.986219,true,true,23078495,23082577,4.082000,true,matched_request_response
run_3,20260712,691,before,691,target_did_random_data,0x1234,5,57B0,2E123457B0,052E123457B00000,6E1234,positive,0x6E,,true,true,false,2026-07-10T12:43:43.925716+02:00,2982884779937,2982887858766,3.078829,true,true,23102850,23106935,4.085000,true,matched_request_response
run_3,20260712,692,before,692,target_did_random_data,0x1234,4,A1,2E1234A1,042E1234A1000000,6E1234,positive,0x6E,,true,true,false,2026-07-10T12:43:43.950149+02:00,2982909214032,2982912276727,3.062695,true,true,23127248,23131339,4.091000,true,matched_request_response
run_3,20260712,693,before,693,target_did_random_data,0x1234,7,0769059A,2E12340769059A,072E12340769059A,6E1234,positive,0x6E,,true,true,false,2026-07-10T12:43:43.974562+02:00,2982933626197,2982936646429,3.020232,true,true,23151621,23155708,4.087000,true,matched_request_response
run_3,20260712,694,before,694,target_did_random_data,0x1234,7,2BE3B025,2E12342BE3B025,072E12342BE3B025,6E1234,positive,0x6E,,true,true,false,2026-07-10T12:43:43.999013+02:00,2982958077264,2982961063832,2.986568,true,true,23176053,23180129,4.076000,true,matched_request_response
run_3,20260712,695,before,695,target_did_random_data,0x1234,4,30,2E123430,042E123430000000,6E1234,positive,0x6E,,true,true,false,2026-07-10T12:43:44.023291+02:00,2982982354914,2982985443800,3.088886,true,true,23200293,23204384,4.091000,true,matched_request_response
run_3,20260712,696,before,696,target_did_random_data,0x1234,4,5B,2E12345B,042E12345B000000,6E1234,positive,0x6E,,true,true,false,2026-07-10T12:43:44.047766+02:00,2983006830634,2983009933139,3.102505,true,true,23224759,23228847,4.088000,true,matched_request_response
run_3,20260712,697,before,697,target_did_random_data,0x1234,4,13,2E123413,042E123413000000,6E1234,positive,0x6E,,true,true,false,2026-07-10T12:43:44.072267+02:00,2983031330311,2983034360600,3.030289,true,true,23249228,23253319,4.091000,true,matched_request_response
run_3,20260712,698,before,698,read_only_did,0x1001,5,3A72,2E10013A72,052E10013A720000,7F2E31,negative,0x7F,0x31,false,false,false,2026-07-10T12:43:44.096767+02:00,2983055831314,2983058773114,2.941800,true,true,23273702,23277794,4.092000,true,matched_request_response
run_3,20260712,699,before,699,unknown_did,0x3333,7,D5E4A0D8,2E3333D5E4A0D8,072E3333D5E4A0D8,7F2E31,negative,0x7F,0x31,false,false,false,2026-07-10T12:43:44.121127+02:00,2983080191098,2983083168237,2.977139,true,true,23298012,23302088,4.076000,true,matched_request_response
run_3,20260712,700,before,700,target_did_random_data,0x1234,7,B28087D8,2E1234B28087D8,072E1234B28087D8,6E1234,positive,0x6E,,true,true,false,2026-07-10T12:43:44.145477+02:00,2983104542152,2983107550790,3.008638,true,true,23322342,23326421,4.079000,true,matched_request_response
run_3,20260712,701,before,701,target_did_random_data,0x1234,7,B0609B2D,2E1234B0609B2D,072E1234B0609B2D,6E1234,positive,0x6E,,true,true,false,2026-07-10T12:43:44.169888+02:00,2983128951872,2983131958275,3.006403,true,true,23346725,23350805,4.080000,true,matched_request_response
run_3,20260712,702,before,702,target_did_random_data,0x1234,7,A1F160CB,2E1234A1F160CB,072E1234A1F160CB,6E1234,positive,0x6E,,true,true,false,2026-07-10T12:43:44.194356+02:00,2983153421168,2983156398027,2.976859,true,true,23371169,23375247,4.078000,true,matched_request_response
run_3,20260712,703,before,703,target_did_random_data,0x1234,4,5B,2E12345B,042E12345B000000,6E1234,positive,0x6E,,true,true,false,2026-07-10T12:43:44.218685+02:00,2983177749313,2983180800484,3.051171,true,true,23395490,23399580,4.090000,true,matched_request_response
run_3,20260712,704,before,704,unknown_did,0x2222,5,0046,2E22220046,052E222200460000,7F2E31,negative,0x7F,0x31,false,false,false,2026-07-10T12:43:44.243132+02:00,2983202196329,2983205235418,3.039089,true,true,23419899,23423988,4.089000,true,matched_request_response
run_3,20260712,705,before,705,target_did_random_data,0x1234,7,C19D8BEB,2E1234C19D8BEB,072E1234C19D8BEB,6E1234,positive,0x6E,,true,true,false,2026-07-10T12:43:44.267667+02:00,2983226730717,2983229602186,2.871469,true,true,23444436,23448515,4.079000,true,matched_request_response
run_3,20260712,706,before,706,target_did_random_data,0x1234,5,6F3C,2E12346F3C,052E12346F3C0000,6E1234,positive,0x6E,,true,true,false,2026-07-10T12:43:44.291929+02:00,2983250993071,2983254108427,3.115356,true,true,23468656,23472745,4.089000,true,matched_request_response
run_3,20260712,707,before,707,target_did_random_data,0x1234,6,BEC151,2E1234BEC151,062E1234BEC15100,6E1234,positive,0x6E,,true,true,false,2026-07-10T12:43:44.316421+02:00,2983275485205,2983278414223,2.929018,true,true,23493081,23497163,4.082000,true,matched_request_response
run_3,20260712,708,before,708,unknown_did,0xF187,6,B103F8,2EF187B103F8,062EF187B103F800,7F2E31,negative,0x7F,0x31,false,false,false,2026-07-10T12:43:44.340676+02:00,2983299739458,2983302893716,3.154258,true,true,23517355,23521442,4.087000,true,matched_request_response
run_3,20260712,709,before,709,unknown_did,0xF187,5,8545,2EF1878545,052EF18785450000,7F2E31,negative,0x7F,0x31,false,false,false,2026-07-10T12:43:44.365181+02:00,2983324245211,2983327279830,3.034619,true,true,23541777,23545861,4.084000,true,matched_request_response
run_3,20260712,710,before,710,target_did_random_data,0x1234,6,71A910,2E123471A910,062E123471A91000,6E1234,positive,0x6E,,true,true,false,2026-07-10T12:43:44.389519+02:00,2983348582086,2983350644440,2.062354,true,true,23566074,23570156,4.082000,true,matched_request_response
run_3,20260712,711,before,711,target_did_random_data,0x1234,5,EEC8,2E1234EEC8,052E1234EEC80000,6E1234,positive,0x6E,,true,true,false,2026-07-10T12:43:44.412922+02:00,2983371986227,2983375160320,3.174093,true,true,23589496,23593583,4.087000,true,matched_request_response
run_3,20260712,712,before,712,target_did_random_data,0x1234,7,84C41439,2E123484C41439,072E123484C41439,6E1234,positive,0x6E,,true,true,false,2026-07-10T12:43:44.437461+02:00,2983396524735,2983399566758,3.042023,true,true,23613975,23618051,4.076000,true,matched_request_response
run_3,20260712,713,before,713,target_did_random_data,0x1234,7,7E0EB0AF,2E12347E0EB0AF,072E12347E0EB0AF,6E1234,positive,0x6E,,true,true,false,2026-07-10T12:43:44.461848+02:00,2983420912037,2983423986186,3.074149,true,true,23638342,23642425,4.083000,true,matched_request_response
run_3,20260712,714,before,714,target_did_random_data,0x1234,7,182B668E,2E1234182B668E,072E1234182B668E,6E1234,positive,0x6E,,true,true,false,2026-07-10T12:43:44.486406+02:00,2983445470171,2983448362522,2.892351,true,true,23662850,23666927,4.077000,true,matched_request_response
run_3,20260712,715,before,715,target_did_random_data,0x1234,5,CA12,2E1234CA12,052E1234CA120000,6E1234,positive,0x6E,,true,true,false,2026-07-10T12:43:44.510662+02:00,2983469724913,2983472767494,3.042581,true,true,23687144,23691230,4.086000,true,matched_request_response
run_3,20260712,716,before,716,target_did_random_data,0x1234,7,85B43697,2E123485B43697,072E123485B43697,6E1234,positive,0x6E,,true,true,false,2026-07-10T12:43:44.535101+02:00,2983494165783,2983497206827,3.041044,true,true,23711496,23715574,4.078000,true,matched_request_response
run_3,20260712,717,before,717,target_did_random_data,0x1234,5,EC86,2E1234EC86,052E1234EC860000,6E1234,positive,0x6E,,true,true,false,2026-07-10T12:43:44.559504+02:00,2983518567960,2983521614871,3.046911,true,true,23735875,23739960,4.085000,true,matched_request_response
run_3,20260712,718,before,718,target_did_random_data,0x1234,6,C9F96E,2E1234C9F96E,062E1234C9F96E00,6E1234,positive,0x6E,,true,true,false,2026-07-10T12:43:44.583934+02:00,2983542997516,2983546043519,3.046003,true,true,23760301,23764384,4.083000,true,matched_request_response
run_3,20260712,719,before,719,target_did_random_data,0x1234,6,C531DD,2E1234C531DD,062E1234C531DD00,6E1234,positive,0x6E,,true,true,false,2026-07-10T12:43:44.608356+02:00,2983567420576,2983570440807,3.020231,true,true,23784666,23788751,4.085000,true,matched_request_response
run_3,20260712,720,before,720,target_did_random_data,0x1234,6,F4E63F,2E1234F4E63F,062E1234F4E63F00,6E1234,positive,0x6E,,true,true,false,2026-07-10T12:43:44.632801+02:00,2983591866125,2983594860096,2.993971,true,true,23809115,23813197,4.082000,true,matched_request_response
run_3,20260712,721,before,721,target_did_random_data,0x1234,6,4B40BD,2E12344B40BD,062E12344B40BD00,6E1234,positive,0x6E,,true,true,false,2026-07-10T12:43:44.657118+02:00,2983616181490,2983619232102,3.050612,true,true,23833361,23837444,4.083000,true,matched_request_response
run_3,20260712,722,before,722,target_did_random_data,0x1234,4,7D,2E12347D,042E12347D000000,6E1234,positive,0x6E,,true,true,false,2026-07-10T12:43:44.681462+02:00,2983640525908,2983642672211,2.146303,true,true,23857698,23861789,4.091000,true,matched_request_response
run_3,20260712,723,before,723,target_did_random_data,0x1234,4,58,2E123458,042E123458000000,6E1234,positive,0x6E,,true,true,false,2026-07-10T12:43:44.704980+02:00,2983664045287,2983667161202,3.115915,true,true,23881200,23885290,4.090000,true,matched_request_response
run_3,20260712,724,before,724,target_did_random_data,0x1234,4,C3,2E1234C3,042E1234C3000000,6E1234,positive,0x6E,,true,true,false,2026-07-10T12:43:44.729491+02:00,2983688555720,2983691848264,3.292544,true,true,23905680,23909770,4.090000,true,matched_request_response
run_3,20260712,725,before,725,target_did_random_data,0x1234,6,9C2D1E,2E12349C2D1E,062E12349C2D1E00,6E1234,positive,0x6E,,true,true,false,2026-07-10T12:43:44.754161+02:00,2983713224343,2983715973659,2.749316,true,true,23930297,23934380,4.083000,true,matched_request_response
run_3,20260712,726,before,726,target_did_random_data,0x1234,6,9E81F3,2E12349E81F3,062E12349E81F300,6E1234,positive,0x6E,,true,true,false,2026-07-10T12:43:44.778322+02:00,2983737386964,2983740399652,3.012688,true,true,23954448,23958531,4.083000,true,matched_request_response
run_3,20260712,727,before,727,target_did_random_data,0x1234,5,45DE,2E123445DE,052E123445DE0000,6E1234,positive,0x6E,,true,true,false,2026-07-10T12:43:44.802702+02:00,2983761766233,2983764783043,3.016810,true,true,23978804,23982888,4.084000,true,matched_request_response
run_3,20260712,728,before,728,target_did_random_data,0x1234,5,94C4,2E123494C4,052E123494C40000,6E1234,positive,0x6E,,true,true,false,2026-07-10T12:43:44.827154+02:00,2983786218976,2983789198979,2.980003,true,true,24003235,24007322,4.087000,true,matched_request_response
run_3,20260712,729,before,729,target_did_random_data,0x1234,5,B53E,2E1234B53E,052E1234B53E0000,6E1234,positive,0x6E,,true,true,false,2026-07-10T12:43:44.851458+02:00,2983810521769,2983813612611,3.090842,true,true,24027503,24031589,4.086000,true,matched_request_response
run_3,20260712,730,before,730,target_did_random_data,0x1234,7,DA8CC653,2E1234DA8CC653,072E1234DA8CC653,6E1234,positive,0x6E,,true,true,false,2026-07-10T12:43:44.876029+02:00,2983835094779,2983838086306,2.991527,true,true,24052037,24056113,4.076000,true,matched_request_response
run_3,20260712,731,before,731,target_did_random_data,0x1234,7,9A7F8EAD,2E12349A7F8EAD,072E12349A7F8EAD,6E1234,positive,0x6E,,true,true,false,2026-07-10T12:43:44.900383+02:00,2983859447160,2983862436871,2.989711,true,true,24076361,24080440,4.079000,true,matched_request_response
run_3,20260712,732,before,732,target_did_random_data,0x1234,7,44C2889E,2E123444C2889E,072E123444C2889E,6E1234,positive,0x6E,,true,true,false,2026-07-10T12:43:44.924736+02:00,2983883799890,2983886981176,3.181286,true,true,24100672,24104753,4.081000,true,matched_request_response
run_3,20260712,733,before,733,missing_data,0x1234,3,,2E1234,032E123400000000,7F2E13,negative,0x7F,0x13,false,false,false,2026-07-10T12:43:44.949251+02:00,2983908314861,2983911263575,2.948714,true,true,24125179,24129273,4.094000,true,matched_request_response
run_3,20260712,734,before,734,target_did_random_data,0x1234,4,69,2E123469,042E123469000000,6E1234,positive,0x6E,,true,true,false,2026-07-10T12:43:44.973525+02:00,2983932589369,2983936055120,3.465751,true,true,24149426,24153516,4.090000,true,matched_request_response
run_3,20260712,735,before,735,target_did_random_data,0x1234,4,1F,2E12341F,042E12341F000000,6E1234,positive,0x6E,,true,true,false,2026-07-10T12:43:44.998339+02:00,2983957401936,2983960115004,2.713068,true,true,24174222,24178313,4.091000,true,matched_request_response
run_3,20260712,736,before,736,target_did_random_data,0x1234,6,16D22F,2E123416D22F,062E123416D22F00,6E1234,positive,0x6E,,true,true,false,2026-07-10T12:43:45.022408+02:00,2983981472296,2983984535619,3.063323,true,true,24198264,24202346,4.082000,true,matched_request_response
run_3,20260712,737,before,737,target_did_random_data,0x1234,7,5C470B3F,2E12345C470B3F,072E12345C470B3F,6E1234,positive,0x6E,,true,true,false,2026-07-10T12:43:45.046833+02:00,2984005897172,2984008993531,3.096359,true,true,24222639,24226722,4.083000,true,matched_request_response
run_3,20260712,738,before,738,target_did_random_data,0x1234,5,1E79,2E12341E79,052E12341E790000,6E1234,positive,0x6E,,true,true,false,2026-07-10T12:43:45.071335+02:00,2984030398944,2984033370915,2.971971,true,true,24247140,24251226,4.086000,true,matched_request_response
run_3,20260712,739,before,739,target_did_random_data,0x1234,5,257C,2E1234257C,052E1234257C0000,6E1234,positive,0x6E,,true,true,false,2026-07-10T12:43:45.095692+02:00,2984054756283,2984057789785,3.033502,true,true,24271480,24275567,4.087000,true,matched_request_response
run_3,20260712,740,before,740,target_did_random_data,0x1234,6,1C5CF8,2E12341C5CF8,062E12341C5CF800,6E1234,positive,0x6E,,true,true,false,2026-07-10T12:43:45.120097+02:00,2984079160905,2984082170381,3.009476,true,true,24295846,24299926,4.080000,true,matched_request_response
run_3,20260712,741,before,741,missing_data,0x1234,3,,2E1234,032E123400000000,7F2E13,negative,0x7F,0x13,false,false,false,2026-07-10T12:43:45.144464+02:00,2984103527184,2984106652248,3.125064,true,true,24320194,24324289,4.095000,true,matched_request_response
run_3,20260712,742,before,742,target_did_random_data,0x1234,4,8B,2E12348B,042E12348B000000,6E1234,positive,0x6E,,true,true,false,2026-07-10T12:43:45.168995+02:00,2984128058848,2984130985283,2.926435,true,true,24344677,24348768,4.091000,true,matched_request_response
run_3,20260712,743,before,743,target_did_random_data,0x1234,4,C2,2E1234C2,042E1234C2000000,6E1234,positive,0x6E,,true,true,false,2026-07-10T12:43:45.193348+02:00,2984152412766,2984155615144,3.202378,true,true,24369031,24373119,4.088000,true,matched_request_response
run_3,20260712,744,before,744,target_did_random_data,0x1234,6,7B0936,2E12347B0936,062E12347B093600,6E1234,positive,0x6E,,true,true,false,2026-07-10T12:43:45.217988+02:00,2984177052475,2984179832730,2.780255,true,true,24393621,24397708,4.087000,true,matched_request_response
run_3,20260712,745,before,745,target_did_random_data,0x1234,5,681B,2E1234681B,052E1234681B0000,6E1234,positive,0x6E,,true,true,false,2026-07-10T12:43:45.242163+02:00,2984201227667,2984204260610,3.032943,true,true,24417776,24421860,4.084000,true,matched_request_response
run_3,20260712,746,before,746,target_did_random_data,0x1234,7,9DA81A18,2E12349DA81A18,072E12349DA81A18,6E1234,positive,0x6E,,true,true,false,2026-07-10T12:43:45.266551+02:00,2984225614549,2984228604121,2.989572,true,true,24442123,24446202,4.079000,true,matched_request_response
run_3,20260712,747,before,747,target_did_random_data,0x1234,5,4BB3,2E12344BB3,052E12344BB30000,6E1234,positive,0x6E,,true,true,false,2026-07-10T12:43:45.290856+02:00,2984249919228,2984252119170,2.199942,true,true,24466411,24470498,4.087000,true,matched_request_response
run_3,20260712,748,before,748,target_did_random_data,0x1234,7,F00247AD,2E1234F00247AD,072E1234F00247AD,6E1234,positive,0x6E,,true,true,false,2026-07-10T12:43:45.314454+02:00,2984273517948,2984276478255,2.960307,true,true,24489981,24494062,4.081000,true,matched_request_response
run_3,20260712,749,before,749,unknown_did,0x3333,6,E6A99B,2E3333E6A99B,062E3333E6A99B00,7F2E31,negative,0x7F,0x31,false,false,false,2026-07-10T12:43:45.338817+02:00,2984297881852,2984301045958,3.164106,true,true,24514321,24518404,4.083000,true,matched_request_response
run_3,20260712,750,before,750,unknown_did,0x2222,6,E5AEB6,2E2222E5AEB6,062E2222E5AEB600,7F2E31,negative,0x7F,0x31,false,false,false,2026-07-10T12:43:45.363411+02:00,2984322475117,2984325348401,2.873284,true,true,24538891,24542972,4.081000,true,matched_request_response
run_3,20260712,751,before,751,target_did_random_data,0x1234,7,D05DAA65,2E1234D05DAA65,072E1234D05DAA65,6E1234,positive,0x6E,,true,true,false,2026-07-10T12:43:45.387665+02:00,2984346728881,2984349801424,3.072543,true,true,24563161,24567240,4.079000,true,matched_request_response
run_3,20260712,752,before,752,target_did_random_data,0x1234,4,22,2E123422,042E123422000000,6E1234,positive,0x6E,,true,true,false,2026-07-10T12:43:45.412107+02:00,2984371171497,2984374218897,3.047400,true,true,24587550,24591641,4.091000,true,matched_request_response
run_3,20260712,753,before,753,target_did_random_data,0x1234,4,75,2E123475,042E123475000000,6E1234,positive,0x6E,,true,true,false,2026-07-10T12:43:45.436505+02:00,2984395568925,2984398621424,3.052499,true,true,24611903,24615992,4.089000,true,matched_request_response
run_3,20260712,754,before,754,target_did_random_data,0x1234,7,19A403DE,2E123419A403DE,072E123419A403DE,6E1234,positive,0x6E,,true,true,false,2026-07-10T12:43:45.460867+02:00,2984419930385,2984422967868,3.037483,true,true,24636232,24640315,4.083000,true,matched_request_response
run_3,20260712,755,before,755,target_did_random_data,0x1234,5,3082,2E12343082,052E123430820000,6E1234,positive,0x6E,,true,true,false,2026-07-10T12:43:45.485243+02:00,2984444307420,2984447403849,3.096429,true,true,24660603,24664689,4.086000,true,matched_request_response
run_3,20260712,756,before,756,missing_data,0x1234,3,,2E1234,032E123400000000,7F2E13,negative,0x7F,0x13,false,false,false,2026-07-10T12:43:45.509683+02:00,2984468746265,2984471845487,3.099222,true,true,24685050,24689143,4.093000,true,matched_request_response
run_3,20260712,757,before,757,unknown_did,0x2222,7,8DC402D6,2E22228DC402D6,072E22228DC402D6,7F2E31,negative,0x7F,0x31,false,false,false,2026-07-10T12:43:45.534123+02:00,2984493187903,2984496305075,3.117172,true,true,24709425,24713508,4.083000,true,matched_request_response
run_3,20260712,758,before,758,target_did_random_data,0x1234,4,B1,2E1234B1,042E1234B1000000,6E1234,positive,0x6E,,true,true,false,2026-07-10T12:43:45.558607+02:00,2984517670957,2984520655151,2.984194,true,true,24733894,24737982,4.088000,true,matched_request_response
run_3,20260712,759,before,759,target_did_random_data,0x1234,4,80,2E123480,042E123480000000,6E1234,positive,0x6E,,true,true,false,2026-07-10T12:43:45.583049+02:00,2984542113643,2984545083798,2.970155,true,true,24758318,24762409,4.091000,true,matched_request_response
run_3,20260712,760,before,760,target_did_random_data,0x1234,5,7CCD,2E12347CCD,052E12347CCD0000,6E1234,positive,0x6E,,true,true,false,2026-07-10T12:43:45.607377+02:00,2984566440462,2984569477246,3.036784,true,true,24782607,24786693,4.086000,true,matched_request_response
run_3,20260712,761,before,761,target_did_random_data,0x1234,5,B787,2E1234B787,052E1234B7870000,6E1234,positive,0x6E,,true,true,false,2026-07-10T12:43:45.631809+02:00,2984590873649,2984593913157,3.039508,true,true,24807015,24811099,4.084000,true,matched_request_response
run_3,20260712,762,before,762,target_did_random_data,0x1234,7,330DC2F2,2E1234330DC2F2,072E1234330DC2F2,6E1234,positive,0x6E,,true,true,false,2026-07-10T12:43:45.656297+02:00,2984615362081,2984618317919,2.955838,true,true,24831460,24835543,4.083000,true,matched_request_response
run_3,20260712,763,before,763,target_did_random_data,0x1234,4,7F,2E12347F,042E12347F000000,6E1234,positive,0x6E,,true,true,false,2026-07-10T12:43:45.680681+02:00,2984639745611,2984642752782,3.007171,true,true,24855867,24859956,4.089000,true,matched_request_response
run_3,20260712,764,before,764,unknown_did,0x2222,6,99AE2D,2E222299AE2D,062E222299AE2D00,7F2E31,negative,0x7F,0x31,false,false,false,2026-07-10T12:43:45.705086+02:00,2984664149675,2984667154192,3.004517,true,true,24880196,24884279,4.083000,true,matched_request_response
run_3,20260712,765,before,765,target_did_random_data,0x1234,6,6E30AF,2E12346E30AF,062E12346E30AF00,6E1234,positive,0x6E,,true,true,false,2026-07-10T12:43:45.729465+02:00,2984688529503,2984691537163,3.007660,true,true,24904544,24908626,4.082000,true,matched_request_response
run_3,20260712,766,before,766,target_did_random_data,0x1234,6,C01EB6,2E1234C01EB6,062E1234C01EB600,6E1234,positive,0x6E,,true,true,false,2026-07-10T12:43:45.753833+02:00,2984712896690,2984716023779,3.127089,true,true,24928900,24932980,4.080000,true,matched_request_response
run_3,20260712,767,before,767,target_did_random_data,0x1234,7,141E3E49,2E1234141E3E49,072E1234141E3E49,6E1234,positive,0x6E,,true,true,false,2026-07-10T12:43:45.778407+02:00,2984737471796,2984740386217,2.914421,true,true,24953446,24957524,4.078000,true,matched_request_response
run_3,20260712,768,before,768,target_did_random_data,0x1234,5,A57B,2E1234A57B,052E1234A57B0000,6E1234,positive,0x6E,,true,true,false,2026-07-10T12:43:45.802694+02:00,2984761758455,2984764799150,3.040695,true,true,24977722,24981809,4.087000,true,matched_request_response
run_3,20260712,769,before,769,unknown_did,0xF187,5,B883,2EF187B883,052EF187B8830000,7F2E31,negative,0x7F,0x31,false,false,false,2026-07-10T12:43:45.827153+02:00,2984786217484,2984789278433,3.060949,true,true,25002140,25006226,4.086000,true,matched_request_response
run_3,20260712,770,before,770,target_did_random_data,0x1234,4,C3,2E1234C3,042E1234C3000000,6E1234,positive,0x6E,,true,true,false,2026-07-10T12:43:45.851601+02:00,2984810664919,2984813641639,2.976720,true,true,25026554,25030644,4.090000,true,matched_request_response
run_3,20260712,771,before,771,target_did_random_data,0x1234,6,9EBF8B,2E12349EBF8B,062E12349EBF8B00,6E1234,positive,0x6E,,true,true,false,2026-07-10T12:43:45.875972+02:00,2984835036087,2984838074687,3.038600,true,true,25050895,25054975,4.080000,true,matched_request_response
run_3,20260712,772,before,772,target_did_random_data,0x1234,7,0B9B656B,2E12340B9B656B,072E12340B9B656B,6E1234,positive,0x6E,,true,true,false,2026-07-10T12:43:45.900381+02:00,2984859445319,2984862461220,3.015901,true,true,25075266,25079349,4.083000,true,matched_request_response
run_3,20260712,773,before,773,target_did_random_data,0x1234,5,19BD,2E123419BD,052E123419BD0000,6E1234,positive,0x6E,,true,true,false,2026-07-10T12:43:45.924793+02:00,2984883858112,2984886909074,3.050962,true,true,25099687,25103774,4.087000,true,matched_request_response
run_3,20260712,774,before,774,target_did_random_data,0x1234,6,C245E7,2E1234C245E7,062E1234C245E700,6E1234,positive,0x6E,,true,true,false,2026-07-10T12:43:45.949312+02:00,2984908376437,2984911309855,2.933418,true,true,25124155,25128237,4.082000,true,matched_request_response
run_3,20260712,775,before,775,target_did_random_data,0x1234,7,BAE4277E,2E1234BAE4277E,072E1234BAE4277E,6E1234,positive,0x6E,,true,true,false,2026-07-10T12:43:45.973641+02:00,2984932706887,2984935742973,3.036086,true,true,25148464,25152542,4.078000,true,matched_request_response
run_3,20260712,776,before,776,unknown_did,0xF187,5,4C4F,2EF1874C4F,052EF1874C4F0000,7F2E31,negative,0x7F,0x31,false,false,false,2026-07-10T12:43:45.998033+02:00,2984957098100,2984960151716,3.053616,true,true,25172827,25176910,4.083000,true,matched_request_response
run_3,20260712,777,before,777,missing_data,0x1234,3,,2E1234,032E123400000000,7F2E13,negative,0x7F,0x13,false,false,false,2026-07-10T12:43:46.022490+02:00,2984981554265,2984984558573,3.004308,true,true,25197264,25201358,4.094000,true,matched_request_response
run_3,20260712,778,before,778,target_did_random_data,0x1234,5,5BD1,2E12345BD1,052E12345BD10000,6E1234,positive,0x6E,,true,true,false,2026-07-10T12:43:46.046882+02:00,2985005946246,2985008974300,3.028054,true,true,25221618,25225704,4.086000,true,matched_request_response
run_3,20260712,779,before,779,target_did_random_data,0x1234,5,804E,2E1234804E,052E1234804E0000,6E1234,positive,0x6E,,true,true,false,2026-07-10T12:43:46.071239+02:00,2985030302049,2985033298534,2.996485,true,true,25245942,25250026,4.084000,true,matched_request_response
run_3,20260712,780,before,780,read_only_did,0x1001,6,FDE350,2E1001FDE350,062E1001FDE35000,7F2E31,negative,0x7F,0x31,false,false,false,2026-07-10T12:43:46.095524+02:00,2985054588709,2985056797241,2.208532,true,true,25270216,25274303,4.087000,true,matched_request_response
run_3,20260712,781,before,781,target_did_random_data,0x1234,5,4D3E,2E12344D3E,052E12344D3E0000,6E1234,positive,0x6E,,true,true,false,2026-07-10T12:43:46.119123+02:00,2985078186870,2985081273241,3.086371,true,true,25293792,25297876,4.084000,true,matched_request_response
run_3,20260712,782,before,782,target_did_random_data,0x1234,5,8669,2E12348669,052E123486690000,6E1234,positive,0x6E,,true,true,false,2026-07-10T12:43:46.143632+02:00,2985102697023,2985105663057,2.966034,true,true,25318268,25322355,4.087000,true,matched_request_response
run_3,20260712,783,before,783,target_did_random_data,0x1234,6,9461B9,2E12349461B9,062E12349461B900,6E1234,positive,0x6E,,true,true,false,2026-07-10T12:43:46.167999+02:00,2985127063442,2985130064327,3.000885,true,true,25342603,25346686,4.083000,true,matched_request_response
run_3,20260712,784,before,784,missing_data,0x1234,3,,2E1234,032E123400000000,7F2E13,negative,0x7F,0x13,false,false,false,2026-07-10T12:43:46.192376+02:00,2985151439429,2985154491019,3.051590,true,true,25366969,25371060,4.091000,true,matched_request_response
run_3,20260712,785,before,785,unknown_did,0x3333,4,44,2E333344,042E333344000000,7F2E31,negative,0x7F,0x31,false,false,false,2026-07-10T12:43:46.216848+02:00,2985175912077,2985178882092,2.970015,true,true,25391404,25395495,4.091000,true,matched_request_response
run_3,20260712,786,before,786,target_did_random_data,0x1234,7,77C05FB6,2E123477C05FB6,072E123477C05FB6,6E1234,positive,0x6E,,true,true,false,2026-07-10T12:43:46.241266+02:00,2985200330458,2985203286435,2.955977,true,true,25415785,25419862,4.077000,true,matched_request_response
run_3,20260712,787,before,787,target_did_random_data,0x1234,7,5526900D,2E12345526900D,072E12345526900D,6E1234,positive,0x6E,,true,true,false,2026-07-10T12:43:46.265566+02:00,2985224630527,2985227735058,3.104531,true,true,25440052,25444133,4.081000,true,matched_request_response
run_3,20260712,788,before,788,target_did_random_data,0x1234,6,EDFC3E,2E1234EDFC3E,062E1234EDFC3E00,6E1234,positive,0x6E,,true,true,false,2026-07-10T12:43:46.290089+02:00,2985249151855,2985252135769,2.983914,true,true,25464561,25468643,4.082000,true,matched_request_response
run_3,20260712,789,before,789,target_did_random_data,0x1234,5,448E,2E1234448E,052E1234448E0000,6E1234,positive,0x6E,,true,true,false,2026-07-10T12:43:46.314480+02:00,2985273544534,2985276521673,2.977139,true,true,25488928,25493013,4.085000,true,matched_request_response
run_3,20260712,790,before,790,target_did_random_data,0x1234,6,F4EC92,2E1234F4EC92,062E1234F4EC9200,6E1234,positive,0x6E,,true,true,false,2026-07-10T12:43:46.338902+02:00,2985297966268,2985301049357,3.083089,true,true,25513315,25517398,4.083000,true,matched_request_response
run_3,20260712,791,before,791,target_did_random_data,0x1234,6,71973F,2E123471973F,062E123471973F00,6E1234,positive,0x6E,,true,true,false,2026-07-10T12:43:46.363323+02:00,2985322386395,2985325352709,2.966314,true,true,25537714,25541796,4.082000,true,matched_request_response
run_3,20260712,792,before,792,target_did_random_data,0x1234,4,02,2E123402,042E123402000000,6E1234,positive,0x6E,,true,true,false,2026-07-10T12:43:46.387626+02:00,2985346689677,2985349798537,3.108860,true,true,25562008,25566101,4.093000,true,matched_request_response
run_3,20260712,793,before,793,target_did_random_data,0x1234,7,767D69FC,2E1234767D69FC,072E1234767D69FC,6E1234,positive,0x6E,,true,true,false,2026-07-10T12:43:46.412090+02:00,2985371153874,2985374167331,3.013457,true,true,25586439,25590517,4.078000,true,matched_request_response
run_3,20260712,794,before,794,read_only_did,0x1001,6,5E8CDA,2E10015E8CDA,062E10015E8CDA00,7F2E31,negative,0x7F,0x31,false,false,false,2026-07-10T12:43:46.436444+02:00,2985395507442,2985398694386,3.186944,true,true,25610769,25614853,4.084000,true,matched_request_response
run_3,20260712,795,before,795,target_did_random_data,0x1234,7,2818F7E6,2E12342818F7E6,072E12342818F7E6,6E1234,positive,0x6E,,true,true,false,2026-07-10T12:43:46.460979+02:00,2985420043506,2985423031750,2.988244,true,true,25635285,25639364,4.079000,true,matched_request_response
run_3,20260712,796,before,796,unknown_did,0x2222,7,4E0D5CD6,2E22224E0D5CD6,072E22224E0D5CD6,7F2E31,negative,0x7F,0x31,false,false,false,2026-07-10T12:43:46.485366+02:00,2985444430459,2985447484005,3.053546,true,true,25659646,25663732,4.086000,true,matched_request_response
run_3,20260712,797,before,797,target_did_random_data,0x1234,6,7F4CB8,2E12347F4CB8,062E12347F4CB800,6E1234,positive,0x6E,,true,true,false,2026-07-10T12:43:46.509769+02:00,2985468833335,2985471867046,3.033711,true,true,25684029,25688109,4.080000,true,matched_request_response
run_3,20260712,798,before,798,read_only_did,0x1001,4,29,2E100129,042E100129000000,7F2E31,negative,0x7F,0x31,false,false,false,2026-07-10T12:43:46.534278+02:00,2985493342440,2985496591962,3.249522,true,true,25708537,25712632,4.095000,true,matched_request_response
run_3,20260712,799,before,799,target_did_random_data,0x1234,7,87ACBC47,2E123487ACBC47,072E123487ACBC47,6E1234,positive,0x6E,,true,true,false,2026-07-10T12:43:46.558908+02:00,2985517971813,2985520701433,2.729620,true,true,25733120,25737198,4.078000,true,matched_request_response
run_3,20260712,800,before,800,target_did_random_data,0x1234,6,230D06,2E1234230D06,062E1234230D0600,6E1234,positive,0x6E,,true,true,false,2026-07-10T12:43:46.583003+02:00,2985542067945,2985545276888,3.208943,true,true,25757194,25761285,4.091000,true,matched_request_response
run_3,20260712,801,before,801,unknown_did,0x2222,5,397E,2E2222397E,052E2222397E0000,7F2E31,negative,0x7F,0x31,false,false,false,2026-07-10T12:43:46.607627+02:00,2985566691311,2985569513472,2.822161,true,true,25781783,25785867,4.084000,true,matched_request_response
run_3,20260712,802,before,802,read_only_did,0x1001,4,8F,2E10018F,042E10018F000000,7F2E31,negative,0x7F,0x31,false,false,false,2026-07-10T12:43:46.631907+02:00,2985590971825,2985594238527,3.266702,true,true,25806068,25810163,4.095000,true,matched_request_response
run_3,20260712,803,before,803,target_did_random_data,0x1234,5,FE77,2E1234FE77,052E1234FE770000,6E1234,positive,0x6E,,true,true,false,2026-07-10T12:43:46.656558+02:00,2985615621940,2985618339269,2.717329,true,true,25830664,25834754,4.090000,true,matched_request_response
run_3,20260712,804,before,804,target_did_random_data,0x1234,5,9363,2E12349363,052E123493630000,6E1234,positive,0x6E,,true,true,false,2026-07-10T12:43:46.680642+02:00,2985639707037,2985642748989,3.041952,true,true,25854730,25858814,4.084000,true,matched_request_response
run_3,20260712,805,before,805,target_did_random_data,0x1234,4,2B,2E12342B,042E12342B000000,6E1234,positive,0x6E,,true,true,false,2026-07-10T12:43:46.704990+02:00,2985664053411,2985667170793,3.117382,true,true,25879054,25883143,4.089000,true,matched_request_response
run_3,20260712,806,before,806,unknown_did,0x2222,6,9201C8,2E22229201C8,062E22229201C800,7F2E31,negative,0x7F,0x31,false,false,false,2026-07-10T12:43:46.729501+02:00,2985688565799,2985691605377,3.039578,true,true,25903543,25907630,4.087000,true,matched_request_response
run_3,20260712,807,before,807,target_did_random_data,0x1234,5,AC4B,2E1234AC4B,052E1234AC4B0000,6E1234,positive,0x6E,,true,true,false,2026-07-10T12:43:46.753899+02:00,2985712963507,2985715998056,3.034549,true,true,25927915,25931999,4.084000,true,matched_request_response
run_3,20260712,808,before,808,target_did_random_data,0x1234,4,B5,2E1234B5,042E1234B5000000,6E1234,positive,0x6E,,true,true,false,2026-07-10T12:43:46.778442+02:00,2985737506136,2985740432571,2.926435,true,true,25952436,25956526,4.090000,true,matched_request_response
run_3,20260712,809,before,809,unknown_did,0x3333,6,F4E8D9,2E3333F4E8D9,062E3333F4E8D900,7F2E31,negative,0x7F,0x31,false,false,false,2026-07-10T12:43:46.802761+02:00,2985761825203,2985764840615,3.015412,true,true,25976724,25980807,4.083000,true,matched_request_response
run_3,20260712,810,before,810,target_did_random_data,0x1234,5,5EE1,2E12345EE1,052E12345EE10000,6E1234,positive,0x6E,,true,true,false,2026-07-10T12:43:46.827286+02:00,2985786350022,2985789242304,2.892282,true,true,26001227,26005314,4.087000,true,matched_request_response
run_3,20260712,811,before,811,target_did_random_data,0x1234,6,6771B3,2E12346771B3,062E12346771B300,6E1234,positive,0x6E,,true,true,false,2026-07-10T12:43:46.851521+02:00,2985810585279,2985813699308,3.114029,true,true,26025427,26029510,4.083000,true,matched_request_response
run_3,20260712,812,before,812,unknown_did,0xF187,6,6EA7F9,2EF1876EA7F9,062EF1876EA7F900,7F2E31,negative,0x7F,0x31,false,false,false,2026-07-10T12:43:46.876002+02:00,2985835066168,2985838096247,3.030079,true,true,26049901,26053981,4.080000,true,matched_request_response
run_3,20260712,813,before,813,target_did_random_data,0x1234,4,20,2E123420,042E123420000000,6E1234,positive,0x6E,,true,true,false,2026-07-10T12:43:46.900421+02:00,2985859485387,2985862497517,3.012130,true,true,26074306,26078396,4.090000,true,matched_request_response
run_3,20260712,814,before,814,target_did_random_data,0x1234,7,63C76FC3,2E123463C76FC3,072E123463C76FC3,6E1234,positive,0x6E,,true,true,false,2026-07-10T12:43:46.924797+02:00,2985883861165,2985886892851,3.031686,true,true,26098634,26102712,4.078000,true,matched_request_response
run_3,20260712,815,before,815,missing_data,0x1234,3,,2E1234,032E123400000000,7F2E13,negative,0x7F,0x13,false,false,false,2026-07-10T12:43:46.949224+02:00,2985908288276,2985911330438,3.042162,true,true,26123062,26127156,4.094000,true,matched_request_response
run_3,20260712,816,before,816,target_did_random_data,0x1234,4,8E,2E12348E,042E12348E000000,6E1234,positive,0x6E,,true,true,false,2026-07-10T12:43:46.973616+02:00,2985932679838,2985935758248,3.078410,true,true,26147433,26151523,4.090000,true,matched_request_response
run_3,20260712,817,before,817,missing_data,0x1234,3,,2E1234,032E123400000000,7F2E13,negative,0x7F,0x13,false,false,false,2026-07-10T12:43:46.998080+02:00,2985957144385,2985960151416,3.007031,true,true,26171881,26175973,4.092000,true,matched_request_response
run_3,20260712,818,before,818,target_did_random_data,0x1234,5,8DB7,2E12348DB7,052E12348DB70000,6E1234,positive,0x6E,,true,true,false,2026-07-10T12:43:47.022486+02:00,2985981550055,2985984508965,2.958910,true,true,26196253,26200339,4.086000,true,matched_request_response
run_3,20260712,819,before,819,target_did_random_data,0x1234,6,7C19A5,2E12347C19A5,062E12347C19A500,6E1234,positive,0x6E,,true,true,false,2026-07-10T12:43:47.046834+02:00,2986005897546,2986009033156,3.135610,true,true,26220570,26224653,4.083000,true,matched_request_response
run_3,20260712,820,before,820,target_did_random_data,0x1234,7,C7BFB8A1,2E1234C7BFB8A1,072E1234C7BFB8A1,6E1234,positive,0x6E,,true,true,false,2026-07-10T12:43:47.071316+02:00,2986030379623,2986033426325,3.046702,true,true,26245022,26249099,4.077000,true,matched_request_response
run_3,20260712,821,before,821,target_did_random_data,0x1234,4,B1,2E1234B1,042E1234B1000000,6E1234,positive,0x6E,,true,true,false,2026-07-10T12:43:47.095729+02:00,2986054792487,2986057800636,3.008149,true,true,26269426,26273516,4.090000,true,matched_request_response
run_3,20260712,822,before,822,target_did_random_data,0x1234,4,1A,2E12341A,042E12341A000000,6E1234,positive,0x6E,,true,true,false,2026-07-10T12:43:47.120140+02:00,2986079205001,2986082186122,2.981121,true,true,26293823,26297911,4.088000,true,matched_request_response
run_3,20260712,823,before,823,target_did_random_data,0x1234,5,BB22,2E1234BB22,052E1234BB220000,6E1234,positive,0x6E,,true,true,false,2026-07-10T12:43:47.144489+02:00,2986103552982,2986106674484,3.121502,true,true,26318135,26322221,4.086000,true,matched_request_response
run_3,20260712,824,before,824,target_did_random_data,0x1234,4,F9,2E1234F9,042E1234F9000000,6E1234,positive,0x6E,,true,true,false,2026-07-10T12:43:47.169007+02:00,2986128072215,2986131054872,2.982657,true,true,26342655,26346748,4.093000,true,matched_request_response
run_3,20260712,825,before,825,target_did_random_data,0x1234,7,9AC94FE4,2E12349AC94FE4,072E12349AC94FE4,6E1234,positive,0x6E,,true,true,false,2026-07-10T12:43:47.193345+02:00,2986152409091,2986155479050,3.069959,true,true,26366932,26371009,4.077000,true,matched_request_response
run_3,20260712,826,before,826,target_did_random_data,0x1234,7,917720D2,2E1234917720D2,072E1234917720D2,6E1234,positive,0x6E,,true,true,false,2026-07-10T12:43:47.217821+02:00,2986176885650,2986179850777,2.965127,true,true,26391395,26395474,4.079000,true,matched_request_response
run_3,20260712,827,before,827,target_did_random_data,0x1234,7,1FF9E993,2E12341FF9E993,072E12341FF9E993,6E1234,positive,0x6E,,true,true,false,2026-07-10T12:43:47.242171+02:00,2986201234818,2986204315463,3.080645,true,true,26415736,26419812,4.076000,true,matched_request_response
run_3,20260712,828,before,828,target_did_random_data,0x1234,4,80,2E123480,042E123480000000,6E1234,positive,0x6E,,true,true,false,2026-07-10T12:43:47.266587+02:00,2986225650755,2986228707653,3.056898,true,true,26440126,26444216,4.090000,true,matched_request_response
run_3,20260712,829,before,829,target_did_random_data,0x1234,7,9A68D3E8,2E12349A68D3E8,072E12349A68D3E8,6E1234,positive,0x6E,,true,true,false,2026-07-10T12:43:47.291011+02:00,2986250076819,2986253132600,3.055781,true,true,26464527,26468605,4.078000,true,matched_request_response
run_3,20260712,830,before,830,target_did_random_data,0x1234,6,2F9143,2E12342F9143,062E12342F914300,6E1234,positive,0x6E,,true,true,false,2026-07-10T12:43:47.315461+02:00,2986274525581,2986277547139,3.021558,true,true,26488940,26493021,4.081000,true,matched_request_response
run_3,20260712,831,before,831,target_did_random_data,0x1234,7,1ABFC380,2E12341ABFC380,072E12341ABFC380,6E1234,positive,0x6E,,true,true,false,2026-07-10T12:43:47.339856+02:00,2986298920635,2986302036480,3.115845,true,true,26513317,26517396,4.079000,true,matched_request_response
run_3,20260712,832,before,832,missing_data,0x1234,3,,2E1234,032E123400000000,7F2E13,negative,0x7F,0x13,false,false,false,2026-07-10T12:43:47.364360+02:00,2986323424712,2986326392143,2.967431,true,true,26537810,26541902,4.092000,true,matched_request_response
run_3,20260712,833,before,833,target_did_random_data,0x1234,4,A8,2E1234A8,042E1234A8000000,6E1234,positive,0x6E,,true,true,false,2026-07-10T12:43:47.388786+02:00,2986347850566,2986350779934,2.929368,true,true,26562210,26566301,4.091000,true,matched_request_response
run_3,20260712,834,before,834,target_did_random_data,0x1234,4,28,2E123428,042E123428000000,6E1234,positive,0x6E,,true,true,false,2026-07-10T12:43:47.413133+02:00,2986372196871,2986375208023,3.011152,true,true,26586533,26590623,4.090000,true,matched_request_response
run_3,20260712,835,before,835,target_did_random_data,0x1234,4,1A,2E12341A,042E12341A000000,6E1234,positive,0x6E,,true,true,false,2026-07-10T12:43:47.437565+02:00,2986396629709,2986399600144,2.970435,true,true,26610947,26615035,4.088000,true,matched_request_response
run_3,20260712,836,before,836,target_did_random_data,0x1234,6,069262,2E1234069262,062E123406926200,6E1234,positive,0x6E,,true,true,false,2026-07-10T12:43:47.461921+02:00,2986420984604,2986424041922,3.057318,true,true,26635281,26639368,4.087000,true,matched_request_response
run_3,20260712,837,before,837,target_did_random_data,0x1234,6,079FED,2E1234079FED,062E1234079FED00,6E1234,positive,0x6E,,true,true,false,2026-07-10T12:43:47.486351+02:00,2986445414439,2986448428246,3.013807,true,true,26659678,26663766,4.088000,true,matched_request_response
run_3,20260712,838,before,838,target_did_random_data,0x1234,4,07,2E123407,042E123407000000,6E1234,positive,0x6E,,true,true,false,2026-07-10T12:43:47.510721+02:00,2986469784630,2986472851725,3.067095,true,true,26684039,26688132,4.093000,true,matched_request_response
run_3,20260712,839,before,839,target_did_random_data,0x1234,5,D675,2E1234D675,052E1234D6750000,6E1234,positive,0x6E,,true,true,false,2026-07-10T12:43:47.535166+02:00,2986494229970,2986497297484,3.067514,true,true,26708447,26712534,4.087000,true,matched_request_response
run_3,20260712,840,before,840,target_did_random_data,0x1234,7,787F5D82,2E1234787F5D82,072E1234787F5D82,6E1234,positive,0x6E,,true,true,false,2026-07-10T12:43:47.559586+02:00,2986518650446,2986521667535,3.017089,true,true,26732835,26736911,4.076000,true,matched_request_response
run_3,20260712,841,before,841,target_did_random_data,0x1234,6,7F96CC,2E12347F96CC,062E12347F96CC00,6E1234,positive,0x6E,,true,true,false,2026-07-10T12:43:47.584017+02:00,2986543081958,2986546109872,3.027914,true,true,26757259,26761341,4.082000,true,matched_request_response
run_3,20260712,842,before,842,read_only_did,0x1001,6,E84632,2E1001E84632,062E1001E8463200,7F2E31,negative,0x7F,0x31,false,false,false,2026-07-10T12:43:47.608419+02:00,2986567483647,2986570513936,3.030289,true,true,26781640,26785730,4.090000,true,matched_request_response
run_3,20260712,843,before,843,target_did_random_data,0x1234,7,107C326E,2E1234107C326E,072E1234107C326E,6E1234,positive,0x6E,,true,true,false,2026-07-10T12:43:47.632840+02:00,2986591904263,2986594945866,3.041603,true,true,26806043,26810119,4.076000,true,matched_request_response
run_3,20260712,844,before,844,target_did_random_data,0x1234,7,D093A662,2E1234D093A662,072E1234D093A662,6E1234,positive,0x6E,,true,true,false,2026-07-10T12:43:47.657279+02:00,2986616343247,2986619379333,3.036086,true,true,26830447,26834525,4.078000,true,matched_request_response
run_3,20260712,845,before,845,target_did_random_data,0x1234,7,15CCA02F,2E123415CCA02F,072E123415CCA02F,6E1234,positive,0x6E,,true,true,false,2026-07-10T12:43:47.681711+02:00,2986640774968,2986643755390,2.980422,true,true,26854877,26858953,4.076000,true,matched_request_response
run_3,20260712,846,before,846,read_only_did,0x1001,6,A20558,2E1001A20558,062E1001A2055800,7F2E31,negative,0x7F,0x31,false,false,false,2026-07-10T12:43:47.706304+02:00,2986665367535,2986668213232,2.845697,true,true,26879441,26883532,4.091000,true,matched_request_response
run_3,20260712,847,before,847,target_did_random_data,0x1234,6,B5730D,2E1234B5730D,062E1234B5730D00,6E1234,positive,0x6E,,true,true,false,2026-07-10T12:43:47.730514+02:00,2986689578067,2986692605073,3.027006,true,true,26903612,26907699,4.087000,true,matched_request_response
run_3,20260712,848,before,848,target_did_random_data,0x1234,7,5BC17373,2E12345BC17373,072E12345BC17373,6E1234,positive,0x6E,,true,true,false,2026-07-10T12:43:47.755001+02:00,2986714063845,2986717051880,2.988035,true,true,26928082,26932160,4.078000,true,matched_request_response
run_3,20260712,849,before,849,target_did_random_data,0x1234,7,4A6F87DF,2E12344A6F87DF,072E12344A6F87DF,6E1234,positive,0x6E,,true,true,false,2026-07-10T12:43:47.779402+02:00,2986738465954,2986741417461,2.951507,true,true,26952476,26956555,4.079000,true,matched_request_response
run_3,20260712,850,before,850,target_did_random_data,0x1234,7,CA75EE89,2E1234CA75EE89,072E1234CA75EE89,6E1234,positive,0x6E,,true,true,false,2026-07-10T12:43:47.803991+02:00,2986763054399,2986765860496,2.806097,true,true,26977026,26981102,4.076000,true,matched_request_response
run_3,20260712,851,before,851,target_did_random_data,0x1234,4,BC,2E1234BC,042E1234BC000000,6E1234,positive,0x6E,,true,true,false,2026-07-10T12:43:47.828157+02:00,2986787221490,2986790256807,3.035317,true,true,27001198,27005289,4.091000,true,matched_request_response
run_3,20260712,852,before,852,unknown_did,0x3333,7,6E8BB42D,2E33336E8BB42D,072E33336E8BB42D,7F2E31,negative,0x7F,0x31,false,false,false,2026-07-10T12:43:47.852649+02:00,2986811713275,2986814677144,2.963869,true,true,27025639,27029717,4.078000,true,matched_request_response
run_3,20260712,853,before,853,target_did_random_data,0x1234,6,32BF82,2E123432BF82,062E123432BF8200,6E1234,positive,0x6E,,true,true,false,2026-07-10T12:43:47.877025+02:00,2986836089751,2986839092662,3.002911,true,true,27050022,27054103,4.081000,true,matched_request_response
run_3,20260712,854,before,854,target_did_random_data,0x1234,5,0573,2E12340573,052E123405730000,6E1234,positive,0x6E,,true,true,false,2026-07-10T12:43:47.901659+02:00,2986860722686,2986863493233,2.770547,true,true,27074627,27078717,4.090000,true,matched_request_response
run_3,20260712,855,before,855,target_did_random_data,0x1234,6,0A0098,2E12340A0098,062E12340A009800,6E1234,positive,0x6E,,true,true,false,2026-07-10T12:43:47.925778+02:00,2986884842424,2986887917900,3.075476,true,true,27098721,27102812,4.091000,true,matched_request_response
run_3,20260712,856,before,856,target_did_random_data,0x1234,6,67FE16,2E123467FE16,062E123467FE1600,6E1234,positive,0x6E,,true,true,false,2026-07-10T12:43:47.950266+02:00,2986909329460,2986912327621,2.998161,true,true,27123199,27127282,4.083000,true,matched_request_response
run_3,20260712,857,before,857,target_did_random_data,0x1234,6,76BE10,2E123476BE10,062E123476BE1000,6E1234,positive,0x6E,,true,true,false,2026-07-10T12:43:47.974661+02:00,2986933725491,2986936684821,2.959330,true,true,27147569,27151651,4.082000,true,matched_request_response
run_3,20260712,858,before,858,target_did_random_data,0x1234,5,C1E3,2E1234C1E3,052E1234C1E30000,6E1234,positive,0x6E,,true,true,false,2026-07-10T12:43:47.999000+02:00,2986958064533,2986961115844,3.051311,true,true,27171891,27175975,4.084000,true,matched_request_response
run_3,20260712,859,before,859,target_did_random_data,0x1234,6,4A7D45,2E12344A7D45,062E12344A7D4500,6E1234,positive,0x6E,,true,true,false,2026-07-10T12:43:48.023431+02:00,2986982495625,2986985594568,3.098943,true,true,27196277,27200360,4.083000,true,matched_request_response
run_3,20260712,860,before,860,unknown_did,0xF187,6,30EAC2,2EF18730EAC2,062EF18730EAC200,7F2E31,negative,0x7F,0x31,false,false,false,2026-07-10T12:43:48.047914+02:00,2987006979937,2987009995140,3.015203,true,true,27220768,27224849,4.081000,true,matched_request_response
run_3,20260712,861,before,861,target_did_random_data,0x1234,7,858C51D1,2E1234858C51D1,072E1234858C51D1,6E1234,positive,0x6E,,true,true,false,2026-07-10T12:43:48.072315+02:00,2987031379112,2987034412124,3.033012,true,true,27245112,27249190,4.078000,true,matched_request_response
run_3,20260712,862,before,862,unknown_did,0x2222,4,C8,2E2222C8,042E2222C8000000,7F2E31,negative,0x7F,0x31,false,false,false,2026-07-10T12:43:48.096740+02:00,2987055804268,2987058843915,3.039647,true,true,27269534,27273625,4.091000,true,matched_request_response
run_3,20260712,863,before,863,target_did_random_data,0x1234,7,E819C492,2E1234E819C492,072E1234E819C492,6E1234,positive,0x6E,,true,true,false,2026-07-10T12:43:48.121186+02:00,2987080249817,2987083127712,2.877895,true,true,27293920,27297997,4.077000,true,matched_request_response
run_3,20260712,864,before,864,target_did_random_data,0x1234,5,6687,2E12346687,052E123466870000,6E1234,positive,0x6E,,true,true,false,2026-07-10T12:43:48.145390+02:00,2987104454413,2987106688019,2.233606,true,true,27318124,27322211,4.087000,true,matched_request_response
run_3,20260712,865,before,865,target_did_random_data,0x1234,7,3A5F3E4F,2E12343A5F3E4F,072E12343A5F3E4F,6E1234,positive,0x6E,,true,true,false,2026-07-10T12:43:48.168988+02:00,2987128051387,2987131050108,2.998721,true,true,27341697,27345777,4.080000,true,matched_request_response
run_3,20260712,866,before,866,target_did_random_data,0x1234,5,48AA,2E123448AA,052E123448AA0000,6E1234,positive,0x6E,,true,true,false,2026-07-10T12:43:48.193322+02:00,2987152385819,2987155480432,3.094613,true,true,27366006,27370091,4.085000,true,matched_request_response
run_3,20260712,867,before,867,target_did_random_data,0x1234,7,C4BADCB7,2E1234C4BADCB7,072E1234C4BADCB7,6E1234,positive,0x6E,,true,true,false,2026-07-10T12:43:48.217755+02:00,2987176818727,2987179875276,3.056549,true,true,27390401,27394479,4.078000,true,matched_request_response
run_3,20260712,868,before,868,target_did_random_data,0x1234,7,D2665324,2E1234D2665324,072E1234D2665324,6E1234,positive,0x6E,,true,true,false,2026-07-10T12:43:48.242120+02:00,2987201184238,2987204327740,3.143502,true,true,27414736,27418813,4.077000,true,matched_request_response
run_3,20260712,869,before,869,target_did_random_data,0x1234,7,E7298572,2E1234E7298572,072E1234E7298572,6E1234,positive,0x6E,,true,true,false,2026-07-10T12:43:48.266601+02:00,2987225664569,2987228685429,3.020860,true,true,27439194,27443272,4.078000,true,matched_request_response
run_3,20260712,870,before,870,target_did_random_data,0x1234,4,E1,2E1234E1,042E1234E1000000,6E1234,positive,0x6E,,true,true,false,2026-07-10T12:43:48.291025+02:00,2987250090144,2987253122598,3.032454,true,true,27463616,27467707,4.091000,true,matched_request_response
run_3,20260712,871,before,871,target_did_random_data,0x1234,4,66,2E123466,042E123466000000,6E1234,positive,0x6E,,true,true,false,2026-07-10T12:43:48.315409+02:00,2987274473605,2987277514579,3.040974,true,true,27487977,27492066,4.089000,true,matched_request_response
run_3,20260712,872,before,872,target_did_random_data,0x1234,6,16C4E9,2E123416C4E9,062E123416C4E900,6E1234,positive,0x6E,,true,true,false,2026-07-10T12:43:48.339826+02:00,2987298890869,2987301985132,3.094263,true,true,27512353,27516435,4.082000,true,matched_request_response
run_3,20260712,873,before,873,unknown_did,0x3333,5,CA71,2E3333CA71,052E3333CA710000,7F2E31,negative,0x7F,0x31,false,false,false,2026-07-10T12:43:48.364301+02:00,2987323365682,2987326374040,3.008358,true,true,27536804,27540888,4.084000,true,matched_request_response
run_3,20260712,874,before,874,target_did_random_data,0x1234,7,637098E9,2E1234637098E9,072E1234637098E9,6E1234,positive,0x6E,,true,true,false,2026-07-10T12:43:48.388740+02:00,2987347804457,2987350779501,2.975044,true,true,27561207,27565286,4.079000,true,matched_request_response
run_3,20260712,875,before,875,target_did_random_data,0x1234,5,8AFD,2E12348AFD,052E12348AFD0000,6E1234,positive,0x6E,,true,true,false,2026-07-10T12:43:48.413116+02:00,2987372179746,2987375189641,3.009895,true,true,27585574,27589660,4.086000,true,matched_request_response
run_3,20260712,876,before,876,target_did_random_data,0x1234,7,186E6E87,2E1234186E6E87,072E1234186E6E87,6E1234,positive,0x6E,,true,true,false,2026-07-10T12:43:48.437589+02:00,2987396653512,2987399702239,3.048727,true,true,27610018,27614095,4.077000,true,matched_request_response
run_3,20260712,877,before,877,target_did_random_data,0x1234,6,888B6A,2E1234888B6A,062E1234888B6A00,6E1234,positive,0x6E,,true,true,false,2026-07-10T12:43:48.461984+02:00,2987421047029,2987424077178,3.030149,true,true,27634382,27638465,4.083000,true,matched_request_response
run_3,20260712,878,before,878,target_did_random_data,0x1234,5,3627,2E12343627,052E123436270000,6E1234,positive,0x6E,,true,true,false,2026-07-10T12:43:48.486423+02:00,2987445487830,2987448474188,2.986358,true,true,27658801,27662884,4.083000,true,matched_request_response
run_3,20260712,879,before,879,target_did_random_data,0x1234,6,64AF88,2E123464AF88,062E123464AF8800,6E1234,positive,0x6E,,true,true,false,2026-07-10T12:43:48.510780+02:00,2987469844122,2987472850385,3.006263,true,true,27683130,27687213,4.083000,true,matched_request_response
run_3,20260712,880,before,880,target_did_random_data,0x1234,4,21,2E123421,042E123421000000,6E1234,positive,0x6E,,true,true,false,2026-07-10T12:43:48.535206+02:00,2987494270954,2987497275611,3.004657,true,true,27707545,27711636,4.091000,true,matched_request_response
run_3,20260712,881,before,881,target_did_random_data,0x1234,7,34D6E8D6,2E123434D6E8D6,072E123434D6E8D6,6E1234,positive,0x6E,,true,true,false,2026-07-10T12:43:48.559607+02:00,2987518670897,2987521716062,3.045165,true,true,27731899,27735975,4.076000,true,matched_request_response
run_3,20260712,882,before,882,target_did_random_data,0x1234,6,CC7A27,2E1234CC7A27,062E1234CC7A2700,6E1234,positive,0x6E,,true,true,false,2026-07-10T12:43:48.584126+02:00,2987543191107,2987546093167,2.902060,true,true,27756406,27760489,4.083000,true,matched_request_response
run_3,20260712,883,before,883,target_did_random_data,0x1234,5,CACB,2E1234CACB,052E1234CACB0000,6E1234,positive,0x6E,,true,true,false,2026-07-10T12:43:48.608402+02:00,2987567466383,2987570525447,3.059064,true,true,27780659,27784748,4.089000,true,matched_request_response
run_3,20260712,884,before,884,target_did_random_data,0x1234,4,28,2E123428,042E123428000000,6E1234,positive,0x6E,,true,true,false,2026-07-10T12:43:48.632877+02:00,2987591940987,2987595165925,3.224938,true,true,27805124,27809214,4.090000,true,matched_request_response
run_3,20260712,885,before,885,unknown_did,0xF187,4,42,2EF18742,042EF18742000000,7F2E31,negative,0x7F,0x31,false,false,false,2026-07-10T12:43:48.657562+02:00,2987616626513,2987619336997,2.710484,true,true,27829786,27833874,4.088000,true,matched_request_response
run_3,20260712,886,before,886,target_did_random_data,0x1234,7,EFD45C0A,2E1234EFD45C0A,072E1234EFD45C0A,6E1234,positive,0x6E,,true,true,false,2026-07-10T12:43:48.681634+02:00,2987640698130,2987643772210,3.074080,true,true,27853811,27857892,4.081000,true,matched_request_response
run_3,20260712,887,before,887,target_did_random_data,0x1234,5,AF2E,2E1234AF2E,052E1234AF2E0000,6E1234,positive,0x6E,,true,true,false,2026-07-10T12:43:48.706100+02:00,2987665165121,2987668224883,3.059762,true,true,27878250,27882337,4.087000,true,matched_request_response
run_3,20260712,888,before,888,target_did_random_data,0x1234,4,C7,2E1234C7,042E1234C7000000,6E1234,positive,0x6E,,true,true,false,2026-07-10T12:43:48.730512+02:00,2987689575331,2987692738668,3.163337,true,true,27902652,27906745,4.093000,true,matched_request_response
run_3,20260712,889,before,889,target_did_random_data,0x1234,7,13DCAC4B,2E123413DCAC4B,072E123413DCAC4B,6E1234,positive,0x6E,,true,true,false,2026-07-10T12:43:48.755018+02:00,2987714082551,2987717025887,2.943336,true,true,27927109,27931187,4.078000,true,matched_request_response
run_3,20260712,890,before,890,target_did_random_data,0x1234,7,98518CFB,2E123498518CFB,072E123498518CFB,6E1234,positive,0x6E,,true,true,false,2026-07-10T12:43:48.779313+02:00,2987738376335,2987741422687,3.046352,true,true,27951379,27955458,4.079000,true,matched_request_response
run_3,20260712,891,before,891,read_only_did,0x1001,4,9A,2E10019A,042E10019A000000,7F2E31,negative,0x7F,0x31,false,false,false,2026-07-10T12:43:48.803823+02:00,2987762886558,2987765839113,2.952555,true,true,27975883,27979974,4.091000,true,matched_request_response
run_3,20260712,892,before,892,read_only_did,0x1001,4,2A,2E10012A,042E10012A000000,7F2E31,negative,0x7F,0x31,false,false,false,2026-07-10T12:43:48.828122+02:00,2987787186069,2987790248834,3.062765,true,true,28000159,28004254,4.095000,true,matched_request_response
run_3,20260712,893,before,893,target_did_random_data,0x1234,6,38A076,2E123438A076,062E123438A07600,6E1234,positive,0x6E,,true,true,false,2026-07-10T12:43:48.852617+02:00,2987811681415,2987814664212,2.982797,true,true,28024615,28028697,4.082000,true,matched_request_response
run_3,20260712,894,before,894,target_did_random_data,0x1234,7,10308099,2E123410308099,072E123410308099,6E1234,positive,0x6E,,true,true,false,2026-07-10T12:43:48.876977+02:00,2987836040501,2987839069533,3.029032,true,true,28048952,28053028,4.076000,true,matched_request_response
run_3,20260712,895,before,895,target_did_random_data,0x1234,7,ABC9F897,2E1234ABC9F897,072E1234ABC9F897,6E1234,positive,0x6E,,true,true,false,2026-07-10T12:43:48.901404+02:00,2987860468870,2987863497133,3.028263,true,true,28073341,28077420,4.079000,true,matched_request_response
run_3,20260712,896,before,896,target_did_random_data,0x1234,5,1D03,2E12341D03,052E12341D030000,6E1234,positive,0x6E,,true,true,false,2026-07-10T12:43:48.925771+02:00,2987884835778,2987887926480,3.090702,true,true,28097701,28101793,4.092000,true,matched_request_response
run_3,20260712,897,before,897,target_did_random_data,0x1234,4,20,2E123420,042E123420000000,6E1234,positive,0x6E,,true,true,false,2026-07-10T12:43:48.950274+02:00,2987909337620,2987912331032,2.993412,true,true,28122180,28126271,4.091000,true,matched_request_response
run_3,20260712,898,before,898,target_did_random_data,0x1234,5,D898,2E1234D898,052E1234D8980000,6E1234,positive,0x6E,,true,true,false,2026-07-10T12:43:48.974682+02:00,2987933746852,2987936738658,2.991806,true,true,28146609,28150695,4.086000,true,matched_request_response
run_3,20260712,899,before,899,target_did_random_data,0x1234,6,EE8A8E,2E1234EE8A8E,062E1234EE8A8E00,6E1234,positive,0x6E,,true,true,false,2026-07-10T12:43:48.999059+02:00,2987958124097,2987961151592,3.027495,true,true,28170916,28174997,4.081000,true,matched_request_response
run_3,20260712,900,before,900,target_did_random_data,0x1234,4,2A,2E12342A,042E12342A000000,6E1234,positive,0x6E,,true,true,false,2026-07-10T12:43:49.023511+02:00,2987982575723,2987985523528,2.947805,true,true,28195344,28199434,4.090000,true,matched_request_response
run_3,20260712,901,before,901,target_did_random_data,0x1234,4,D7,2E1234D7,042E1234D7000000,6E1234,positive,0x6E,,true,true,false,2026-07-10T12:43:49.047889+02:00,2988006953945,2988010068603,3.114658,true,true,28219694,28223785,4.091000,true,matched_request_response
run_3,20260712,902,before,902,target_did_random_data,0x1234,5,56CD,2E123456CD,052E123456CD0000,6E1234,positive,0x6E,,true,true,false,2026-07-10T12:43:49.072368+02:00,2988031432949,2988034427688,2.994739,true,true,28244149,28248236,4.087000,true,matched_request_response
run_3,20260712,903,before,903,target_did_random_data,0x1234,6,BDC3AC,2E1234BDC3AC,062E1234BDC3AC00,6E1234,positive,0x6E,,true,true,false,2026-07-10T12:43:49.096805+02:00,2988055870537,2988058835175,2.964638,true,true,28268562,28272645,4.083000,true,matched_request_response
run_3,20260712,904,before,904,target_did_random_data,0x1234,6,8AFE13,2E12348AFE13,062E12348AFE1300,6E1234,positive,0x6E,,true,true,false,2026-07-10T12:43:49.121163+02:00,2988080226899,2988083181549,2.954650,true,true,28292885,28296965,4.080000,true,matched_request_response
run_3,20260712,905,before,905,target_did_random_data,0x1234,7,448F2AC5,2E1234448F2AC5,072E1234448F2AC5,6E1234,positive,0x6E,,true,true,false,2026-07-10T12:43:49.145496+02:00,2988104559724,2988107698617,3.138893,true,true,28317182,28321261,4.079000,true,matched_request_response
run_3,20260712,906,before,906,target_did_random_data,0x1234,7,4BF92A92,2E12344BF92A92,072E12344BF92A92,6E1234,positive,0x6E,,true,true,false,2026-07-10T12:43:49.170084+02:00,2988129148030,2988132052115,2.904085,true,true,28341760,28345835,4.075000,true,matched_request_response
run_3,20260712,907,before,907,target_did_random_data,0x1234,5,A765,2E1234A765,052E1234A7650000,6E1234,positive,0x6E,,true,true,false,2026-07-10T12:43:49.194375+02:00,2988153439998,2988156454433,3.014435,true,true,28366030,28370115,4.085000,true,matched_request_response
run_3,20260712,908,before,908,target_did_random_data,0x1234,4,39,2E123439,042E123439000000,6E1234,positive,0x6E,,true,true,false,2026-07-10T12:43:49.218761+02:00,2988177824786,2988180875469,3.050683,true,true,28390397,28394487,4.090000,true,matched_request_response
run_3,20260712,909,before,909,missing_data,0x1234,3,,2E1234,032E123400000000,7F2E13,negative,0x7F,0x13,false,false,false,2026-07-10T12:43:49.243240+02:00,2988202304628,2988205335196,3.030568,true,true,28414862,28418954,4.092000,true,matched_request_response
run_3,20260712,910,before,910,target_did_random_data,0x1234,4,23,2E123423,042E123423000000,6E1234,positive,0x6E,,true,true,false,2026-07-10T12:43:49.267673+02:00,2988226737676,2988229697844,2.960168,true,true,28439318,28443409,4.091000,true,matched_request_response
run_3,20260712,911,before,911,unknown_did,0x3333,4,C4,2E3333C4,042E3333C4000000,7F2E31,negative,0x7F,0x31,false,false,false,2026-07-10T12:43:49.292011+02:00,2988251075530,2988254143883,3.068353,true,true,28463584,28467675,4.091000,true,matched_request_response
run_3,20260712,912,before,912,target_did_random_data,0x1234,5,DA8C,2E1234DA8C,052E1234DA8C0000,6E1234,positive,0x6E,,true,true,false,2026-07-10T12:43:49.316463+02:00,2988275526807,2988278552556,3.025749,true,true,28487991,28492075,4.084000,true,matched_request_response
run_3,20260712,913,before,913,target_did_random_data,0x1234,5,3C3A,2E12343C3A,052E12343C3A0000,6E1234,positive,0x6E,,true,true,false,2026-07-10T12:43:49.340862+02:00,2988299926960,2988303054957,3.127997,true,true,28512380,28516467,4.087000,true,matched_request_response
run_3,20260712,914,before,914,target_did_random_data,0x1234,6,55E9EC,2E123455E9EC,062E123455E9EC00,6E1234,positive,0x6E,,true,true,false,2026-07-10T12:43:49.365567+02:00,2988324631832,2988327378354,2.746522,true,true,28537067,28541147,4.080000,true,matched_request_response
run_3,20260712,915,before,915,unknown_did,0x3333,6,1C9226,2E33331C9226,062E33331C922600,7F2E31,negative,0x7F,0x31,false,false,false,2026-07-10T12:43:49.389682+02:00,2988348746542,2988351800996,3.054454,true,true,28561198,28565281,4.083000,true,matched_request_response
run_3,20260712,916,before,916,target_did_random_data,0x1234,7,D8738B0C,2E1234D8738B0C,072E1234D8738B0C,6E1234,positive,0x6E,,true,true,false,2026-07-10T12:43:49.414137+02:00,2988373201450,2988376200799,2.999349,true,true,28585574,28589656,4.082000,true,matched_request_response
run_3,20260712,917,before,917,target_did_random_data,0x1234,4,7C,2E12347C,042E12347C000000,6E1234,positive,0x6E,,true,true,false,2026-07-10T12:43:49.438489+02:00,2988397553901,2988400547244,2.993343,true,true,28609935,28614024,4.089000,true,matched_request_response
run_3,20260712,918,before,918,target_did_random_data,0x1234,7,506EA1BD,2E1234506EA1BD,072E1234506EA1BD,6E1234,positive,0x6E,,true,true,false,2026-07-10T12:43:49.463009+02:00,2988422073902,2988425033441,2.959539,true,true,28634416,28638495,4.079000,true,matched_request_response
run_3,20260712,919,before,919,target_did_random_data,0x1234,5,5040,2E12345040,052E123450400000,6E1234,positive,0x6E,,true,true,false,2026-07-10T12:43:49.487382+02:00,2988446447445,2988449552046,3.104601,true,true,28658785,28662870,4.085000,true,matched_request_response
run_3,20260712,920,before,920,target_did_random_data,0x1234,4,CB,2E1234CB,042E1234CB000000,6E1234,positive,0x6E,,true,true,false,2026-07-10T12:43:49.511859+02:00,2988470924633,2988473827880,2.903247,true,true,28683240,28687331,4.091000,true,matched_request_response
run_3,20260712,921,before,921,target_did_random_data,0x1234,7,91828FA9,2E123491828FA9,072E123491828FA9,6E1234,positive,0x6E,,true,true,false,2026-07-10T12:43:49.536134+02:00,2988495197884,2988498287259,3.089375,true,true,28707489,28711568,4.079000,true,matched_request_response
run_3,20260712,922,before,922,target_did_random_data,0x1234,4,AE,2E1234AE,042E1234AE000000,6E1234,positive,0x6E,,true,true,false,2026-07-10T12:43:49.560666+02:00,2988519729269,2988522687481,2.958212,true,true,28731993,28736081,4.088000,true,matched_request_response
run_3,20260712,923,before,923,target_did_random_data,0x1234,7,85410F03,2E123485410F03,072E123485410F03,6E1234,positive,0x6E,,true,true,false,2026-07-10T12:43:49.585011+02:00,2988544075644,2988547114034,3.038390,true,true,28756324,28760411,4.087000,true,matched_request_response
run_3,20260712,924,before,924,target_did_random_data,0x1234,6,3AEA23,2E12343AEA23,062E12343AEA2300,6E1234,positive,0x6E,,true,true,false,2026-07-10T12:43:49.609782+02:00,2988568844979,2988571514536,2.669557,true,true,28781050,28785130,4.080000,true,matched_request_response
run_3,20260712,925,before,925,target_did_random_data,0x1234,5,8485,2E12348485,052E123484850000,6E1234,positive,0x6E,,true,true,false,2026-07-10T12:43:49.633843+02:00,2988592908286,2988595904422,2.996136,true,true,28805114,28809201,4.087000,true,matched_request_response
run_3,20260712,926,before,926,target_did_random_data,0x1234,6,A77327,2E1234A77327,062E1234A7732700,6E1234,positive,0x6E,,true,true,false,2026-07-10T12:43:49.658286+02:00,2988617350832,2988620332092,2.981260,true,true,28829511,28833593,4.082000,true,matched_request_response
run_3,20260712,927,before,927,target_did_random_data,0x1234,4,53,2E123453,042E123453000000,6E1234,positive,0x6E,,true,true,false,2026-07-10T12:43:49.682612+02:00,2988641676464,2988644700747,3.024283,true,true,28853834,28857922,4.088000,true,matched_request_response
run_3,20260712,928,before,928,unknown_did,0x2222,6,825A46,2E2222825A46,062E2222825A4600,7F2E31,negative,0x7F,0x31,false,false,false,2026-07-10T12:43:49.706991+02:00,2988666056083,2988669206849,3.150766,true,true,28878174,28882256,4.082000,true,matched_request_response
run_3,20260712,929,before,929,target_did_random_data,0x1234,4,6B,2E12346B,042E12346B000000,6E1234,positive,0x6E,,true,true,false,2026-07-10T12:43:49.731528+02:00,2988690591869,2988693572849,2.980980,true,true,28902701,28906792,4.091000,true,matched_request_response
run_3,20260712,930,before,930,target_did_random_data,0x1234,4,17,2E123417,042E123417000000,6E1234,positive,0x6E,,true,true,false,2026-07-10T12:43:49.755883+02:00,2988714947253,2988718057021,3.109768,true,true,28927027,28931116,4.089000,true,matched_request_response
run_3,20260712,931,before,931,target_did_random_data,0x1234,6,A76F5A,2E1234A76F5A,062E1234A76F5A00,6E1234,positive,0x6E,,true,true,false,2026-07-10T12:43:49.780343+02:00,2988739406212,2988742438177,3.031965,true,true,28951454,28955536,4.082000,true,matched_request_response
run_3,20260712,932,before,932,target_did_random_data,0x1234,4,72,2E123472,042E123472000000,6E1234,positive,0x6E,,true,true,false,2026-07-10T12:43:49.804782+02:00,2988763845546,2988766802641,2.957095,true,true,28975883,28979970,4.087000,true,matched_request_response
run_3,20260712,933,before,933,target_did_random_data,0x1234,7,9BFEDD67,2E12349BFEDD67,072E12349BFEDD67,6E1234,positive,0x6E,,true,true,false,2026-07-10T12:43:49.829153+02:00,2988788217762,2988791252870,3.035108,true,true,29000232,29004310,4.078000,true,matched_request_response
run_3,20260712,934,before,934,target_did_random_data,0x1234,4,0A,2E12340A,042E12340A000000,6E1234,positive,0x6E,,true,true,false,2026-07-10T12:43:49.853542+02:00,2988812606601,2988815680680,3.074079,true,true,29024603,29028698,4.095000,true,matched_request_response
run_3,20260712,935,before,935,target_did_random_data,0x1234,7,10C044CC,2E123410C044CC,072E123410C044CC,6E1234,positive,0x6E,,true,true,false,2026-07-10T12:43:49.877982+02:00,2988837046423,2988840057925,3.011502,true,true,29049004,29053080,4.076000,true,matched_request_response
run_3,20260712,936,before,936,target_did_random_data,0x1234,7,F1B3B5A8,2E1234F1B3B5A8,072E1234F1B3B5A8,6E1234,positive,0x6E,,true,true,false,2026-07-10T12:43:49.902377+02:00,2988861442456,2988864522681,3.080225,true,true,29073379,29077458,4.079000,true,matched_request_response
run_3,20260712,937,before,937,target_did_random_data,0x1234,7,9DEA9062,2E12349DEA9062,072E12349DEA9062,6E1234,positive,0x6E,,true,true,false,2026-07-10T12:43:49.926868+02:00,2988885931377,2988888862770,2.931393,true,true,29097838,29101914,4.076000,true,matched_request_response
run_3,20260712,938,before,938,unknown_did,0x2222,4,C7,2E2222C7,042E2222C7000000,7F2E31,negative,0x7F,0x31,false,false,false,2026-07-10T12:43:49.951253+02:00,2988910318609,2988913333603,3.014994,true,true,29122227,29126318,4.091000,true,matched_request_response
run_3,20260712,939,before,939,missing_data,0x1234,3,,2E1234,032E123400000000,7F2E13,negative,0x7F,0x13,false,false,false,2026-07-10T12:43:49.975665+02:00,2988934729517,2988937709450,2.979933,true,true,29146606,29150700,4.094000,true,matched_request_response
run_3,20260712,940,before,940,target_did_random_data,0x1234,6,91F276,2E123491F276,062E123491F27600,6E1234,positive,0x6E,,true,true,false,2026-07-10T12:43:50.000001+02:00,2988959065695,2988962153254,3.087559,true,true,29170915,29174996,4.081000,true,matched_request_response
run_3,20260712,941,before,941,target_did_random_data,0x1234,7,9E73E604,2E12349E73E604,072E12349E73E604,6E1234,positive,0x6E,,true,true,false,2026-07-10T12:43:50.024497+02:00,2988983561252,2988986578620,3.017368,true,true,29195382,29199465,4.083000,true,matched_request_response
run_3,20260712,942,before,942,target_did_random_data,0x1234,5,7F4E,2E12347F4E,052E12347F4E0000,6E1234,positive,0x6E,,true,true,false,2026-07-10T12:43:50.048937+02:00,2989008023843,2989011030176,3.006333,true,true,29219840,29223924,4.084000,true,matched_request_response
run_3,20260712,943,before,943,target_did_random_data,0x1234,5,4642,2E12344642,052E123446420000,6E1234,positive,0x6E,,true,true,false,2026-07-10T12:43:50.073326+02:00,2989032389913,2989035424253,3.034340,true,true,29244165,29248251,4.086000,true,matched_request_response
run_3,20260712,944,before,944,target_did_random_data,0x1234,5,0750,2E12340750,052E123407500000,6E1234,positive,0x6E,,true,true,false,2026-07-10T12:43:50.097797+02:00,2989056862073,2989059832088,2.970015,true,true,29268623,29272713,4.090000,true,matched_request_response
run_3,20260712,945,before,945,target_did_random_data,0x1234,5,0BB8,2E12340BB8,052E12340BB80000,6E1234,positive,0x6E,,true,true,false,2026-07-10T12:43:50.122121+02:00,2989081184841,2989084240971,3.056130,true,true,29292923,29297011,4.088000,true,matched_request_response
run_3,20260712,946,before,946,missing_data,0x1234,3,,2E1234,032E123400000000,7F2E13,negative,0x7F,0x13,false,false,false,2026-07-10T12:43:50.146627+02:00,2989105691572,2989108632883,2.941311,true,true,29317410,29321504,4.094000,true,matched_request_response
run_3,20260712,947,before,947,target_did_random_data,0x1234,7,D22B8D8C,2E1234D22B8D8C,072E1234D22B8D8C,6E1234,positive,0x6E,,true,true,false,2026-07-10T12:43:50.170996+02:00,2989130060576,2989133087722,3.027146,true,true,29341739,29345815,4.076000,true,matched_request_response
run_3,20260712,948,before,948,missing_data,0x1234,3,,2E1234,032E123400000000,7F2E13,negative,0x7F,0x13,false,false,false,2026-07-10T12:43:50.195351+02:00,2989154414424,2989157434935,3.020511,true,true,29366072,29370167,4.095000,true,matched_request_response
run_3,20260712,949,before,949,target_did_random_data,0x1234,6,59E97B,2E123459E97B,062E123459E97B00,6E1234,positive,0x6E,,true,true,false,2026-07-10T12:43:50.219756+02:00,2989178820373,2989181871056,3.050683,true,true,29390455,29394537,4.082000,true,matched_request_response
run_3,20260712,950,before,950,target_did_random_data,0x1234,7,3E299320,2E12343E299320,072E12343E299320,6E1234,positive,0x6E,,true,true,false,2026-07-10T12:43:50.244145+02:00,2989203209002,2989206282663,3.073661,true,true,29414834,29418910,4.076000,true,matched_request_response
run_3,20260712,951,before,951,missing_data,0x1234,3,,2E1234,032E123400000000,7F2E13,negative,0x7F,0x13,false,false,false,2026-07-10T12:43:50.268658+02:00,2989227722438,2989230727584,3.005146,true,true,29439336,29443430,4.094000,true,matched_request_response
run_3,20260712,952,before,952,target_did_random_data,0x1234,6,86AAEC,2E123486AAEC,062E123486AAEC00,6E1234,positive,0x6E,,true,true,false,2026-07-10T12:43:50.292982+02:00,2989252046184,2989255121451,3.075267,true,true,29463628,29467711,4.083000,true,matched_request_response
run_3,20260712,953,before,953,target_did_random_data,0x1234,4,81,2E123481,042E123481000000,6E1234,positive,0x6E,,true,true,false,2026-07-10T12:43:50.317457+02:00,2989276520369,2989279529985,3.009616,true,true,29488095,29492186,4.091000,true,matched_request_response
run_3,20260712,954,before,954,target_did_random_data,0x1234,4,6F,2E12346F,042E12346F000000,6E1234,positive,0x6E,,true,true,false,2026-07-10T12:43:50.341857+02:00,2989300921430,2989303904855,2.983425,true,true,29512468,29516558,4.090000,true,matched_request_response
run_3,20260712,955,before,955,target_did_random_data,0x1234,6,CC7A14,2E1234CC7A14,062E1234CC7A1400,6E1234,positive,0x6E,,true,true,false,2026-07-10T12:43:50.366554+02:00,2989325618340,2989328374780,2.756440,true,true,29537130,29541213,4.083000,true,matched_request_response
run_3,20260712,956,before,956,read_only_did,0x1001,5,058A,2E1001058A,052E1001058A0000,7F2E31,negative,0x7F,0x31,false,false,false,2026-07-10T12:43:50.390734+02:00,2989349798841,2989352762990,2.964149,true,true,29561309,29565405,4.096000,true,matched_request_response
run_3,20260712,957,before,957,unknown_did,0x2222,5,0791,2E22220791,052E222207910000,7F2E31,negative,0x7F,0x31,false,false,false,2026-07-10T12:43:50.415160+02:00,2989374223229,2989377184794,2.961565,true,true,29585698,29589789,4.091000,true,matched_request_response
run_3,20260712,958,before,958,missing_data,0x1234,3,,2E1234,032E123400000000,7F2E13,negative,0x7F,0x13,false,false,false,2026-07-10T12:43:50.439475+02:00,2989398539013,2989401603664,3.064651,true,true,29609990,29614083,4.093000,true,matched_request_response
run_3,20260712,959,before,959,target_did_random_data,0x1234,4,CF,2E1234CF,042E1234CF000000,6E1234,positive,0x6E,,true,true,false,2026-07-10T12:43:50.463965+02:00,2989423028214,2989426052357,3.024143,true,true,29634460,29638551,4.091000,true,matched_request_response
run_3,20260712,960,before,960,target_did_random_data,0x1234,7,B224126B,2E1234B224126B,072E1234B224126B,6E1234,positive,0x6E,,true,true,false,2026-07-10T12:43:50.488334+02:00,2989447397637,2989450442522,3.044885,true,true,29658797,29662873,4.076000,true,matched_request_response
run_3,20260712,961,before,961,target_did_random_data,0x1234,4,E6,2E1234E6,042E1234E6000000,6E1234,positive,0x6E,,true,true,false,2026-07-10T12:43:50.512704+02:00,2989471766780,2989474836599,3.069819,true,true,29683192,29687282,4.090000,true,matched_request_response
run_3,20260712,962,before,962,missing_data,0x1234,3,,2E1234,032E123400000000,7F2E13,negative,0x7F,0x13,false,false,false,2026-07-10T12:43:50.537643+02:00,2989496708135,2989499242130,2.533995,true,true,29708079,29712174,4.095000,true,matched_request_response
run_3,20260712,963,before,963,target_did_random_data,0x1234,5,E8E3,2E1234E8E3,052E1234E8E30000,6E1234,positive,0x6E,,true,true,false,2026-07-10T12:43:50.561523+02:00,2989520586013,2989523695292,3.109279,true,true,29731928,29736012,4.084000,true,matched_request_response
run_3,20260712,964,before,964,target_did_random_data,0x1234,6,C2CC64,2E1234C2CC64,062E1234C2CC6400,6E1234,positive,0x6E,,true,true,false,2026-07-10T12:43:50.586074+02:00,2989545138909,2989548098378,2.959469,true,true,29756455,29760538,4.083000,true,matched_request_response
run_3,20260712,965,before,965,target_did_random_data,0x1234,7,ACA52E3F,2E1234ACA52E3F,072E1234ACA52E3F,6E1234,positive,0x6E,,true,true,false,2026-07-10T12:43:50.610436+02:00,2989569499392,2989572526887,3.027495,true,true,29780789,29784865,4.076000,true,matched_request_response
run_3,20260712,966,before,966,missing_data,0x1234,3,,2E1234,032E123400000000,7F2E13,negative,0x7F,0x13,false,false,false,2026-07-10T12:43:50.634879+02:00,2989593942847,2989596937097,2.994250,true,true,29805229,29809323,4.094000,true,matched_request_response
run_3,20260712,967,before,967,missing_data,0x1234,3,,2E1234,032E123400000000,7F2E13,negative,0x7F,0x13,false,false,false,2026-07-10T12:43:50.659294+02:00,2989618358295,2989621363790,3.005495,true,true,29829623,29833717,4.094000,true,matched_request_response
run_3,20260712,968,before,968,target_did_random_data,0x1234,5,C1EF,2E1234C1EF,052E1234C1EF0000,6E1234,positive,0x6E,,true,true,false,2026-07-10T12:43:50.683679+02:00,2989642742943,2989645700038,2.957095,true,true,29853983,29858067,4.084000,true,matched_request_response
run_3,20260712,969,before,969,unknown_did,0x3333,4,A2,2E3333A2,042E3333A2000000,7F2E31,negative,0x7F,0x31,false,false,false,2026-07-10T12:43:50.708023+02:00,2989667087362,2989670207607,3.120245,true,true,29878304,29882395,4.091000,true,matched_request_response
run_3,20260712,970,before,970,target_did_random_data,0x1234,4,32,2E123432,042E123432000000,6E1234,positive,0x6E,,true,true,false,2026-07-10T12:43:50.732491+02:00,2989691555541,2989694551537,2.995996,true,true,29902747,29906835,4.088000,true,matched_request_response
run_3,20260712,971,before,971,target_did_random_data,0x1234,7,835FC2CD,2E1234835FC2CD,072E1234835FC2CD,6E1234,positive,0x6E,,true,true,false,2026-07-10T12:43:50.756896+02:00,2989715960722,2989719087322,3.126600,true,true,29927115,29931193,4.078000,true,matched_request_response
run_3,20260712,972,before,972,target_did_random_data,0x1234,4,A3,2E1234A3,042E1234A3000000,6E1234,positive,0x6E,,true,true,false,2026-07-10T12:43:50.781376+02:00,2989740439726,2989743381595,2.941869,true,true,29951576,29955667,4.091000,true,matched_request_response
run_3,20260712,973,before,973,target_did_random_data,0x1234,5,FDB0,2E1234FDB0,052E1234FDB00000,6E1234,positive,0x6E,,true,true,false,2026-07-10T12:43:50.805710+02:00,2989764774158,2989767845095,3.070937,true,true,29975916,29980001,4.085000,true,matched_request_response
run_3,20260712,974,before,974,target_did_random_data,0x1234,6,07DD5B,2E123407DD5B,062E123407DD5B00,6E1234,positive,0x6E,,true,true,false,2026-07-10T12:43:50.830163+02:00,2989789227809,2989792255514,3.027705,true,true,30000314,30004401,4.087000,true,matched_request_response
run_3,20260712,975,before,975,unknown_did,0x3333,6,C56FFA,2E3333C56FFA,062E3333C56FFA00,7F2E31,negative,0x7F,0x31,false,false,false,2026-07-10T12:43:50.854624+02:00,2989813687886,2989816670473,2.982587,true,true,30024759,30028839,4.080000,true,matched_request_response
run_3,20260712,976,before,976,target_did_random_data,0x1234,5,25A8,2E123425A8,052E123425A80000,6E1234,positive,0x6E,,true,true,false,2026-07-10T12:43:50.879067+02:00,2989838132109,2989841060080,2.927971,true,true,30049175,30053261,4.086000,true,matched_request_response
run_3,20260712,977,before,977,target_did_random_data,0x1234,6,D2A3F1,2E1234D2A3F1,062E1234D2A3F100,6E1234,positive,0x6E,,true,true,false,2026-07-10T12:43:50.903402+02:00,2989862466402,2989865471687,3.005285,true,true,30073482,30077565,4.083000,true,matched_request_response
run_3,20260712,978,before,978,target_did_random_data,0x1234,4,E1,2E1234E1,042E1234E1000000,6E1234,positive,0x6E,,true,true,false,2026-07-10T12:43:50.927780+02:00,2989886843227,2989889863459,3.020232,true,true,30097855,30101943,4.088000,true,matched_request_response
run_3,20260712,979,before,979,target_did_random_data,0x1234,5,C92B,2E1234C92B,052E1234C92B0000,6E1234,positive,0x6E,,true,true,false,2026-07-10T12:43:50.952193+02:00,2989911257349,2989914336596,3.079247,true,true,30122234,30126321,4.087000,true,matched_request_response
run_3,20260712,980,before,980,target_did_random_data,0x1234,6,5427FB,2E12345427FB,062E12345427FB00,6E1234,positive,0x6E,,true,true,false,2026-07-10T12:43:50.976629+02:00,2989935693470,2989938693028,2.999558,true,true,30146653,30150738,4.085000,true,matched_request_response
run_3,20260712,981,before,981,target_did_random_data,0x1234,6,BE8920,2E1234BE8920,062E1234BE892000,6E1234,positive,0x6E,,true,true,false,2026-07-10T12:43:51.000986+02:00,2989960050391,2989963130407,3.080016,true,true,30171007,30175087,4.080000,true,matched_request_response
run_3,20260712,982,before,982,read_only_did,0x1001,4,DA,2E1001DA,042E1001DA000000,7F2E31,negative,0x7F,0x31,false,false,false,2026-07-10T12:43:51.025433+02:00,2989984496709,2989987586992,3.090283,true,true,30195431,30199526,4.095000,true,matched_request_response
run_3,20260712,983,before,983,read_only_did,0x1001,4,E2,2E1001E2,042E1001E2000000,7F2E31,negative,0x7F,0x31,false,false,false,2026-07-10T12:43:51.049899+02:00,2990008963002,2990012033450,3.070448,true,true,30219867,30223960,4.093000,true,matched_request_response
run_3,20260712,984,before,984,target_did_random_data,0x1234,7,0FC9DACA,2E12340FC9DACA,072E12340FC9DACA,6E1234,positive,0x6E,,true,true,false,2026-07-10T12:43:51.074381+02:00,2990033444171,2990036370675,2.926504,true,true,30244302,30248385,4.083000,true,matched_request_response
run_3,20260712,985,before,985,target_did_random_data,0x1234,6,09E73D,2E123409E73D,062E123409E73D00,6E1234,positive,0x6E,,true,true,false,2026-07-10T12:43:51.098668+02:00,2990057732298,2990060829845,3.097547,true,true,30268566,30272652,4.086000,true,matched_request_response
run_3,20260712,986,before,986,unknown_did,0x3333,7,818F0607,2E3333818F0607,072E3333818F0607,7F2E31,negative,0x7F,0x31,false,false,false,2026-07-10T12:43:51.123128+02:00,2990082190979,2990085217286,3.026307,true,true,30292999,30297084,4.085000,true,matched_request_response
run_3,20260712,987,before,987,missing_data,0x1234,3,,2E1234,032E123400000000,7F2E13,negative,0x7F,0x13,false,false,false,2026-07-10T12:43:51.147525+02:00,2990106588827,2990109581820,2.992993,true,true,30317378,30321472,4.094000,true,matched_request_response
run_3,20260712,988,before,988,read_only_did,0x1001,5,F8A4,2E1001F8A4,052E1001F8A40000,7F2E31,negative,0x7F,0x31,false,false,false,2026-07-10T12:43:51.171868+02:00,2990130931849,2990134055027,3.123178,true,true,30341704,30345795,4.091000,true,matched_request_response
run_3,20260712,989,before,989,target_did_random_data,0x1234,4,B5,2E1234B5,042E1234B5000000,6E1234,positive,0x6E,,true,true,false,2026-07-10T12:43:51.196364+02:00,2990155427965,2990158437580,3.009615,true,true,30366160,30370250,4.090000,true,matched_request_response
run_3,20260712,990,before,990,target_did_random_data,0x1234,6,D2EEE0,2E1234D2EEE0,062E1234D2EEE000,6E1234,positive,0x6E,,true,true,false,2026-07-10T12:43:51.220773+02:00,2990179837197,2990182880756,3.043559,true,true,30390544,30394626,4.082000,true,matched_request_response
run_3,20260712,991,before,991,unknown_did,0x2222,6,9B7F92,2E22229B7F92,062E22229B7F9200,7F2E31,negative,0x7F,0x31,false,false,false,2026-07-10T12:43:51.245126+02:00,2990204190207,2990207312477,3.122270,true,true,30414878,30418958,4.080000,true,matched_request_response
run_3,20260712,992,before,992,target_did_random_data,0x1234,5,F6FD,2E1234F6FD,052E1234F6FD0000,6E1234,positive,0x6E,,true,true,false,2026-07-10T12:43:51.269629+02:00,2990228691840,2990231703481,3.011641,true,true,30439350,30443437,4.087000,true,matched_request_response
run_3,20260712,993,before,993,target_did_random_data,0x1234,4,A3,2E1234A3,042E1234A3000000,6E1234,positive,0x6E,,true,true,false,2026-07-10T12:43:51.293996+02:00,2990253060634,2990256112294,3.051660,true,true,30463707,30467797,4.090000,true,matched_request_response
run_3,20260712,994,before,994,target_did_random_data,0x1234,6,42D8AB,2E123442D8AB,062E123442D8AB00,6E1234,positive,0x6E,,true,true,false,2026-07-10T12:43:51.318472+02:00,2990277536635,2990280586968,3.050333,true,true,30488150,30492232,4.082000,true,matched_request_response
run_3,20260712,995,before,995,target_did_random_data,0x1234,5,5F3B,2E12345F3B,052E12345F3B0000,6E1234,positive,0x6E,,true,true,false,2026-07-10T12:43:51.342863+02:00,2990301926731,2990304903171,2.976440,true,true,30512520,30516607,4.087000,true,matched_request_response
run_3,20260712,996,before,996,read_only_did,0x1001,6,F3DBC3,2E1001F3DBC3,062E1001F3DBC300,7F2E31,negative,0x7F,0x31,false,false,false,2026-07-10T12:43:51.367298+02:00,2990326363411,2990329382874,3.019463,true,true,30536931,30541014,4.083000,true,matched_request_response
run_3,20260712,997,before,997,unknown_did,0x3333,5,32CE,2E333332CE,052E333332CE0000,7F2E31,negative,0x7F,0x31,false,false,false,2026-07-10T12:43:51.391667+02:00,2990350730319,2990353796646,3.066327,true,true,30561267,30565353,4.086000,true,matched_request_response
run_3,20260712,998,before,998,target_did_random_data,0x1234,4,03,2E123403,042E123403000000,6E1234,positive,0x6E,,true,true,false,2026-07-10T12:43:51.416147+02:00,2990375212187,2990378177802,2.965615,true,true,30585740,30589832,4.092000,true,matched_request_response
run_3,20260712,999,before,999,target_did_random_data,0x1234,5,BF90,2E1234BF90,052E1234BF900000,6E1234,positive,0x6E,,true,true,false,2026-07-10T12:43:51.440587+02:00,2990399650264,2990402581028,2.930764,true,true,30610140,30614226,4.086000,true,matched_request_response
run_3,20260712,1000,before,1000,missing_data,0x1234,3,,2E1234,032E123400000000,7F2E13,negative,0x7F,0x13,false,false,false,2026-07-10T12:43:51.464910+02:00,2990423974150,2990427089366,3.115216,true,true,30634464,30638558,4.094000,true,matched_request_response
