run_id,random_seed,case_id,patch_state,trial,mutation_kind,did_hex,payload_length,data_hex,request_payload,request_can_data_hex,response_payload,response_class,response_sid,nrc,attack_pass,attack_success,timeout,send_wall_iso,send_monotonic_ns,recv_monotonic_ns,latency_ms,observer_request_seen,observer_response_seen,observer_request_timestamp_us,observer_response_timestamp_us,observer_latency_ms,observer_consistent,consistency_note
run_1,20260710,1,before,1,unknown_did,0xF187,5,9DC5,2EF1879DC5,052EF1879DC50000,7F2E31,negative,0x7F,0x31,false,false,false,2026-07-10T12:41:29.333893+02:00,2848292958302,2848295379989,2.421687,true,true,157083401,157087482,4.081000,true,matched_request_response
run_1,20260710,2,before,2,target_did_random_data,0x1234,5,26B1,2E123426B1,052E123426B10000,6E1234,positive,0x6E,,true,true,false,2026-07-10T12:41:29.357698+02:00,2848316761500,2848319611526,2.850026,true,true,157107170,157111254,4.084000,true,matched_request_response
run_1,20260710,3,before,3,target_did_random_data,0x1234,4,A3,2E1234A3,042E1234A3000000,6E1234,positive,0x6E,,true,true,false,2026-07-10T12:41:29.381804+02:00,2848340868091,2848343049663,2.181572,true,true,157131243,157135327,4.084000,true,matched_request_response
run_1,20260710,4,before,4,target_did_random_data,0x1234,4,E7,2E1234E7,042E1234E7000000,6E1234,positive,0x6E,,true,true,false,2026-07-10T12:41:29.405299+02:00,2848364362520,2848366480745,2.118225,true,true,157154718,157158805,4.087000,true,matched_request_response
run_1,20260710,5,before,5,target_did_random_data,0x1234,5,E5B9,2E1234E5B9,052E1234E5B90000,6E1234,positive,0x6E,,true,true,false,2026-07-10T12:41:29.428759+02:00,2848387822657,2848390974118,3.151461,true,true,157178157,157182241,4.084000,true,matched_request_response
run_1,20260710,6,before,6,unknown_did,0xF187,7,4EF33525,2EF1874EF33525,072EF1874EF33525,7F2E31,negative,0x7F,0x31,false,false,false,2026-07-10T12:41:29.453363+02:00,2848412427288,2848415344570,2.917282,true,true,157202730,157206804,4.074000,true,matched_request_response
run_1,20260710,7,before,7,target_did_random_data,0x1234,7,859B2B6F,2E1234859B2B6F,072E1234859B2B6F,6E1234,positive,0x6E,,true,true,false,2026-07-10T12:41:29.477886+02:00,2848436950204,2848439725219,2.775015,true,true,157227243,157231316,4.073000,true,matched_request_response
run_1,20260710,8,before,8,target_did_random_data,0x1234,7,3688211A,2E12343688211A,072E12343688211A,6E1234,positive,0x6E,,true,true,false,2026-07-10T12:41:29.501980+02:00,2848461044153,2848463255407,2.211254,true,true,157251305,157255377,4.072000,true,matched_request_response
run_1,20260710,9,before,9,target_did_random_data,0x1234,4,00,2E123400,042E123400000000,6E1234,positive,0x6E,,true,true,false,2026-07-10T12:41:29.525555+02:00,2848484619109,2848487637453,3.018344,true,true,157274880,157278971,4.091000,true,matched_request_response
run_1,20260710,10,before,10,target_did_random_data,0x1234,4,6A,2E12346A,042E12346A000000,6E1234,positive,0x6E,,true,true,false,2026-07-10T12:41:29.549922+02:00,2848508986139,2848511999524,3.013385,true,true,157299229,157303314,4.085000,true,matched_request_response
run_1,20260710,11,before,11,target_did_random_data,0x1234,5,1257,2E12341257,052E123412570000,6E1234,positive,0x6E,,true,true,false,2026-07-10T12:41:29.574283+02:00,2848533346743,2848536420751,3.074008,true,true,157323534,157327617,4.083000,true,matched_request_response
run_1,20260710,12,before,12,unknown_did,0x3333,6,907AB9,2E3333907AB9,062E3333907AB900,7F2E31,negative,0x7F,0x31,false,false,false,2026-07-10T12:41:29.598747+02:00,2848557811761,2848560879552,3.067791,true,true,157347990,157352069,4.079000,true,matched_request_response
run_1,20260710,13,before,13,target_did_random_data,0x1234,5,CE07,2E1234CE07,052E1234CE070000,6E1234,positive,0x6E,,true,true,false,2026-07-10T12:41:29.623384+02:00,2848582446912,2848585355605,2.908693,true,true,157372603,157376690,4.087000,true,matched_request_response
run_1,20260710,14,before,14,missing_data,0x1234,3,,2E1234,032E123400000000,7F2E13,negative,0x7F,0x13,false,false,false,2026-07-10T12:41:29.647693+02:00,2848606757510,2848609704825,2.947315,true,true,157396890,157400981,4.091000,true,matched_request_response
run_1,20260710,15,before,15,target_did_random_data,0x1234,6,43A84B,2E123443A84B,062E123443A84B00,6E1234,positive,0x6E,,true,true,false,2026-07-10T12:41:29.672095+02:00,2848631159181,2848634091969,2.932788,true,true,157421256,157425332,4.076000,true,matched_request_response
run_1,20260710,16,before,16,target_did_random_data,0x1234,6,4DD3ED,2E12344DD3ED,062E12344DD3ED00,6E1234,positive,0x6E,,true,true,false,2026-07-10T12:41:29.696382+02:00,2848655445893,2848658498809,3.052916,true,true,157445513,157449590,4.077000,true,matched_request_response
run_1,20260710,17,before,17,read_only_did,0x1001,4,A1,2E1001A1,042E1001A1000000,7F2E31,negative,0x7F,0x31,false,false,false,2026-07-10T12:41:29.720801+02:00,2848679865653,2848682951115,3.085462,true,true,157469941,157474032,4.091000,true,matched_request_response
run_1,20260710,18,before,18,read_only_did,0x1001,6,20A96E,2E100120A96E,062E100120A96E00,7F2E31,negative,0x7F,0x31,false,false,false,2026-07-10T12:41:29.745276+02:00,2848704340239,2848707363192,3.022953,true,true,157494369,157498450,4.081000,true,matched_request_response
run_1,20260710,19,before,19,target_did_random_data,0x1234,4,6B,2E12346B,042E12346B000000,6E1234,positive,0x6E,,true,true,false,2026-07-10T12:41:29.769729+02:00,2848728792546,2848731748032,2.955486,true,true,157518799,157522885,4.086000,true,matched_request_response
run_1,20260710,20,before,20,target_did_random_data,0x1234,6,1049AC,2E12341049AC,062E12341049AC00,6E1234,positive,0x6E,,true,true,false,2026-07-10T12:41:29.794012+02:00,2848753076743,2848756142160,3.065417,true,true,157543096,157547176,4.080000,true,matched_request_response
run_1,20260710,21,before,21,target_did_random_data,0x1234,5,7E7F,2E12347E7F,052E12347E7F0000,6E1234,positive,0x6E,,true,true,false,2026-07-10T12:41:29.818428+02:00,2848777491754,2848780622124,3.130370,true,true,157567454,157571535,4.081000,true,matched_request_response
run_1,20260710,22,before,22,target_did_random_data,0x1234,6,F3D7D1,2E1234F3D7D1,062E1234F3D7D100,6E1234,positive,0x6E,,true,true,false,2026-07-10T12:41:29.842873+02:00,2848801937216,2848805067586,3.130370,true,true,157591858,157595936,4.078000,true,matched_request_response
run_1,20260710,23,before,23,target_did_random_data,0x1234,4,FC,2E1234FC,042E1234FC000000,6E1234,positive,0x6E,,true,true,false,2026-07-10T12:41:29.867377+02:00,2848826440786,2848829403047,2.962261,true,true,157616353,157620437,4.084000,true,matched_request_response
run_1,20260710,24,before,24,target_did_random_data,0x1234,4,E5,2E1234E5,042E1234E5000000,6E1234,positive,0x6E,,true,true,false,2026-07-10T12:41:29.891677+02:00,2848850740838,2848853828813,3.087975,true,true,157640624,157644710,4.086000,true,matched_request_response
run_1,20260710,25,before,25,target_did_random_data,0x1234,7,1DC080CF,2E12341DC080CF,072E12341DC080CF,6E1234,positive,0x6E,,true,true,false,2026-07-10T12:41:29.916083+02:00,2848875145861,2848878361647,3.215786,true,true,157664989,157669063,4.074000,true,matched_request_response
run_1,20260710,26,before,26,target_did_random_data,0x1234,7,C1FEEF72,2E1234C1FEEF72,072E1234C1FEEF72,6E1234,positive,0x6E,,true,true,false,2026-07-10T12:41:29.940608+02:00,2848899672339,2848902671127,2.998788,true,true,157689490,157693563,4.073000,true,matched_request_response
run_1,20260710,27,before,27,target_did_random_data,0x1234,7,905B1ECF,2E1234905B1ECF,072E1234905B1ECF,6E1234,positive,0x6E,,true,true,false,2026-07-10T12:41:29.964997+02:00,2848924061369,2848927067630,3.006261,true,true,157713920,157717995,4.075000,true,matched_request_response
run_1,20260710,28,before,28,target_did_random_data,0x1234,6,59E2D7,2E123459E2D7,062E123459E2D700,6E1234,positive,0x6E,,true,true,false,2026-07-10T12:41:29.989323+02:00,2848948387053,2848951462108,3.075055,true,true,157738149,157742229,4.080000,true,matched_request_response
run_1,20260710,29,before,29,target_did_random_data,0x1234,7,E28BD6CE,2E1234E28BD6CE,072E1234E28BD6CE,6E1234,positive,0x6E,,true,true,false,2026-07-10T12:41:30.013712+02:00,2848972776641,2848974929369,2.152728,true,true,157762510,157766582,4.072000,true,matched_request_response
run_1,20260710,30,before,30,target_did_random_data,0x1234,7,D3C40DB2,2E1234D3C40DB2,072E1234D3C40DB2,6E1234,positive,0x6E,,true,true,false,2026-07-10T12:41:30.037227+02:00,2848996291255,2848999334322,3.043067,true,true,157785997,157790076,4.079000,true,matched_request_response
run_1,20260710,31,before,31,target_did_random_data,0x1234,7,7ED7DD77,2E12347ED7DD77,072E12347ED7DD77,6E1234,positive,0x6E,,true,true,false,2026-07-10T12:41:30.061599+02:00,2849020663663,2849023769169,3.105506,true,true,157810351,157814424,4.073000,true,matched_request_response
run_1,20260710,32,before,32,target_did_random_data,0x1234,4,0F,2E12340F,042E12340F000000,6E1234,positive,0x6E,,true,true,false,2026-07-10T12:41:30.085988+02:00,2849045052483,2849048133684,3.081201,true,true,157834728,157838820,4.092000,true,matched_request_response
run_1,20260710,33,before,33,unknown_did,0x3333,7,AA5F0818,2E3333AA5F0818,072E3333AA5F0818,7F2E31,negative,0x7F,0x31,false,false,false,2026-07-10T12:41:30.110397+02:00,2849069460719,2849071593751,2.133032,true,true,157859104,157863185,4.081000,true,matched_request_response
run_1,20260710,34,before,34,target_did_random_data,0x1234,5,E6E0,2E1234E6E0,052E1234E6E00000,6E1234,positive,0x6E,,true,true,false,2026-07-10T12:41:30.133866+02:00,2849092929237,2849095969651,3.040414,true,true,157882536,157886619,4.083000,true,matched_request_response
run_1,20260710,35,before,35,target_did_random_data,0x1234,4,66,2E123466,042E123466000000,6E1234,positive,0x6E,,true,true,false,2026-07-10T12:41:30.158394+02:00,2849117458719,2849120479647,3.020928,true,true,157907060,157911147,4.087000,true,matched_request_response
run_1,20260710,36,before,36,read_only_did,0x1001,6,5854F4,2E10015854F4,062E10015854F400,7F2E31,negative,0x7F,0x31,false,false,false,2026-07-10T12:41:30.182767+02:00,2849141831615,2849144871610,3.039995,true,true,157931387,157935468,4.081000,true,matched_request_response
run_1,20260710,37,before,37,target_did_random_data,0x1234,4,29,2E123429,042E123429000000,6E1234,positive,0x6E,,true,true,false,2026-07-10T12:41:30.207176+02:00,2849166239433,2849169363447,3.124014,true,true,157955783,157959870,4.087000,true,matched_request_response
run_1,20260710,38,before,38,target_did_random_data,0x1234,6,9DFDEE,2E12349DFDEE,062E12349DFDEE00,6E1234,positive,0x6E,,true,true,false,2026-07-10T12:41:30.231624+02:00,2849190687619,2849193645340,2.957721,true,true,157980196,157984273,4.077000,true,matched_request_response
run_1,20260710,39,before,39,target_did_random_data,0x1234,6,D38CF8,2E1234D38CF8,062E1234D38CF800,6E1234,positive,0x6E,,true,true,false,2026-07-10T12:41:30.255910+02:00,2849214974820,2849218065938,3.091118,true,true,158004470,158008547,4.077000,true,matched_request_response
run_1,20260710,40,before,40,target_did_random_data,0x1234,7,1414A5C9,2E12341414A5C9,072E12341414A5C9,6E1234,positive,0x6E,,true,true,false,2026-07-10T12:41:30.280318+02:00,2849239382567,2849241563091,2.180524,true,true,158028837,158032911,4.074000,true,matched_request_response
run_1,20260710,41,before,41,unknown_did,0xF187,7,6300217A,2EF1876300217A,072EF1876300217A,7F2E31,negative,0x7F,0x31,false,false,false,2026-07-10T12:41:30.303890+02:00,2849262954870,2849265949258,2.994388,true,true,158052391,158056467,4.076000,true,matched_request_response
run_1,20260710,42,before,42,unknown_did,0x2222,5,3C65,2E22223C65,052E22223C650000,7F2E31,negative,0x7F,0x31,false,false,false,2026-07-10T12:41:30.328316+02:00,2849287380287,2849290369437,2.989150,true,true,158076789,158080871,4.082000,true,matched_request_response
run_1,20260710,43,before,43,target_did_random_data,0x1234,7,9F8C1545,2E12349F8C1545,072E12349F8C1545,6E1234,positive,0x6E,,true,true,false,2026-07-10T12:41:30.352658+02:00,2849311721755,2849314762518,3.040763,true,true,158101093,158105168,4.075000,true,matched_request_response
run_1,20260710,44,before,44,unknown_did,0xF187,4,3C,2EF1873C,042EF1873C000000,7F2E31,negative,0x7F,0x31,false,false,false,2026-07-10T12:41:30.377109+02:00,2849336173573,2849339197154,3.023581,true,true,158125541,158129628,4.087000,true,matched_request_response
run_1,20260710,45,before,45,unknown_did,0x3333,7,4C534157,2E33334C534157,072E33334C534157,7F2E31,negative,0x7F,0x31,false,false,false,2026-07-10T12:41:30.401462+02:00,2849360525098,2849363639753,3.114655,true,true,158149855,158153930,4.075000,true,matched_request_response
run_1,20260710,46,before,46,target_did_random_data,0x1234,7,F54C387A,2E1234F54C387A,072E1234F54C387A,6E1234,positive,0x6E,,true,true,false,2026-07-10T12:41:30.425958+02:00,2849385021125,2849388069431,3.048306,true,true,158174323,158178396,4.073000,true,matched_request_response
run_1,20260710,47,before,47,target_did_random_data,0x1234,4,09,2E123409,042E123409000000,6E1234,positive,0x6E,,true,true,false,2026-07-10T12:41:30.450371+02:00,2849409434669,2849412442397,3.007728,true,true,158198728,158202820,4.092000,true,matched_request_response
run_1,20260710,48,before,48,read_only_did,0x1001,6,B235B4,2E1001B235B4,062E1001B235B400,7F2E31,negative,0x7F,0x31,false,false,false,2026-07-10T12:41:30.474709+02:00,2849433771947,2849436781002,3.009055,true,true,158223030,158227113,4.083000,true,matched_request_response
run_1,20260710,49,before,49,missing_data,0x1234,3,,2E1234,032E123400000000,7F2E13,negative,0x7F,0x13,false,false,false,2026-07-10T12:41:30.498961+02:00,2849458024995,2849460262161,2.237166,true,true,158247254,158251342,4.088000,true,matched_request_response
run_1,20260710,50,before,50,target_did_random_data,0x1234,5,9C21,2E12349C21,052E12349C210000,6E1234,positive,0x6E,,true,true,false,2026-07-10T12:41:30.522482+02:00,2849481546453,2849483761828,2.215375,true,true,158270766,158274849,4.083000,true,matched_request_response
run_1,20260710,51,before,51,target_did_random_data,0x1234,5,E1C2,2E1234E1C2,052E1234E1C20000,6E1234,positive,0x6E,,true,true,false,2026-07-10T12:41:30.546249+02:00,2849505313614,2849508119639,2.806025,true,true,158294503,158298584,4.081000,true,matched_request_response
run_1,20260710,52,before,52,target_did_random_data,0x1234,7,D250F948,2E1234D250F948,072E1234D250F948,6E1234,positive,0x6E,,true,true,false,2026-07-10T12:41:30.570395+02:00,2849529459176,2849532745851,3.286675,true,true,158318603,158322678,4.075000,true,matched_request_response
run_1,20260710,53,before,53,target_did_random_data,0x1234,7,FB998144,2E1234FB998144,072E1234FB998144,6E1234,positive,0x6E,,true,true,false,2026-07-10T12:41:30.595217+02:00,2849554281922,2849556941559,2.659637,true,true,158343414,158347487,4.073000,true,matched_request_response
run_1,20260710,54,before,54,target_did_random_data,0x1234,4,1E,2E12341E,042E12341E000000,6E1234,positive,0x6E,,true,true,false,2026-07-10T12:41:30.619243+02:00,2849578306658,2849581384088,3.077430,true,true,158367431,158371515,4.084000,true,matched_request_response
run_1,20260710,55,before,55,target_did_random_data,0x1234,6,2F5FC1,2E12342F5FC1,062E12342F5FC100,6E1234,positive,0x6E,,true,true,false,2026-07-10T12:41:30.643665+02:00,2849602729352,2849605837512,3.108160,true,true,158391813,158395891,4.078000,true,matched_request_response
run_1,20260710,56,before,56,target_did_random_data,0x1234,7,8914D8FB,2E12348914D8FB,072E12348914D8FB,6E1234,positive,0x6E,,true,true,false,2026-07-10T12:41:30.668143+02:00,2849627207151,2849630240860,3.033709,true,true,158416251,158420323,4.072000,true,matched_request_response
run_1,20260710,57,before,57,target_did_random_data,0x1234,5,3B30,2E12343B30,052E12343B300000,6E1234,positive,0x6E,,true,true,false,2026-07-10T12:41:30.692469+02:00,2849651531927,2849654625769,3.093842,true,true,158440560,158444643,4.083000,true,matched_request_response
run_1,20260710,58,before,58,target_did_random_data,0x1234,5,B148,2E1234B148,052E1234B1480000,6E1234,positive,0x6E,,true,true,false,2026-07-10T12:41:30.716934+02:00,2849675998760,2849679081358,3.082598,true,true,158465029,158469111,4.082000,true,matched_request_response
run_1,20260710,59,before,59,target_did_random_data,0x1234,4,7F,2E12347F,042E12347F000000,6E1234,positive,0x6E,,true,true,false,2026-07-10T12:41:30.741351+02:00,2849700416146,2849703449086,3.032940,true,true,158489392,158493477,4.085000,true,matched_request_response
run_1,20260710,60,before,60,target_did_random_data,0x1234,7,F84088B6,2E1234F84088B6,072E1234F84088B6,6E1234,positive,0x6E,,true,true,false,2026-07-10T12:41:30.765747+02:00,2849724811042,2849727907120,3.096078,true,true,158513748,158517822,4.074000,true,matched_request_response
run_1,20260710,61,before,61,read_only_did,0x1001,4,01,2E100101,042E100101000000,7F2E31,negative,0x7F,0x31,false,false,false,2026-07-10T12:41:30.790217+02:00,2849749280739,2849752361522,3.080783,true,true,158538210,158542303,4.093000,true,matched_request_response
run_1,20260710,62,before,62,target_did_random_data,0x1234,5,3FC2,2E12343FC2,052E12343FC20000,6E1234,positive,0x6E,,true,true,false,2026-07-10T12:41:30.814683+02:00,2849773746665,2849776685319,2.938654,true,true,158562647,158566730,4.083000,true,matched_request_response
run_1,20260710,63,before,63,target_did_random_data,0x1234,7,15EFCE49,2E123415EFCE49,072E123415EFCE49,6E1234,positive,0x6E,,true,true,false,2026-07-10T12:41:30.838986+02:00,2849798049650,2849801111226,3.061576,true,true,158586901,158590976,4.075000,true,matched_request_response
run_1,20260710,64,before,64,missing_data,0x1234,3,,2E1234,032E123400000000,7F2E13,negative,0x7F,0x13,false,false,false,2026-07-10T12:41:30.863395+02:00,2849822459423,2849825565907,3.106484,true,true,158611302,158615390,4.088000,true,matched_request_response
run_1,20260710,65,before,65,target_did_random_data,0x1234,4,C7,2E1234C7,042E1234C7000000,6E1234,positive,0x6E,,true,true,false,2026-07-10T12:41:30.887985+02:00,2849847050435,2849849915057,2.864622,true,true,158635863,158639950,4.087000,true,matched_request_response
run_1,20260710,66,before,66,target_did_random_data,0x1234,6,3C12CF,2E12343C12CF,062E12343C12CF00,6E1234,positive,0x6E,,true,true,false,2026-07-10T12:41:30.912263+02:00,2849871327649,2849874375046,3.047397,true,true,158660105,158664187,4.082000,true,matched_request_response
run_1,20260710,67,before,67,target_did_random_data,0x1234,5,106E,2E1234106E,052E1234106E0000,6E1234,positive,0x6E,,true,true,false,2026-07-10T12:41:30.936701+02:00,2849895765498,2849898753251,2.987753,true,true,158684514,158688594,4.080000,true,matched_request_response
run_1,20260710,68,before,68,missing_data,0x1234,3,,2E1234,032E123400000000,7F2E13,negative,0x7F,0x13,false,false,false,2026-07-10T12:41:30.961026+02:00,2849920090344,2849923186561,3.096217,true,true,158708850,158712941,4.091000,true,matched_request_response
run_1,20260710,69,before,69,unknown_did,0xF187,7,D04FCD38,2EF187D04FCD38,072EF187D04FCD38,7F2E31,negative,0x7F,0x31,false,false,false,2026-07-10T12:41:30.985476+02:00,2849944541183,2849947592283,3.051100,true,true,158733233,158737306,4.073000,true,matched_request_response
run_1,20260710,70,before,70,target_did_random_data,0x1234,7,172E1CA3,2E1234172E1CA3,072E1234172E1CA3,6E1234,positive,0x6E,,true,true,false,2026-07-10T12:41:31.009931+02:00,2849968995096,2849971998214,3.003118,true,true,158757672,158761747,4.075000,true,matched_request_response
run_1,20260710,71,before,71,target_did_random_data,0x1234,5,3D73,2E12343D73,052E12343D730000,6E1234,positive,0x6E,,true,true,false,2026-07-10T12:41:31.034316+02:00,2849993380914,2849996494032,3.113118,true,true,158782025,158786107,4.082000,true,matched_request_response
run_1,20260710,72,before,72,target_did_random_data,0x1234,7,D21D3614,2E1234D21D3614,072E1234D21D3614,6E1234,positive,0x6E,,true,true,false,2026-07-10T12:41:31.058774+02:00,2850017837900,2850020825094,2.987194,true,true,158806445,158810517,4.072000,true,matched_request_response
run_1,20260710,73,before,73,target_did_random_data,0x1234,7,54C5F63E,2E123454C5F63E,072E123454C5F63E,6E1234,positive,0x6E,,true,true,false,2026-07-10T12:41:31.083125+02:00,2850042188936,2850045335020,3.146084,true,true,158830773,158834848,4.075000,true,matched_request_response
run_1,20260710,74,before,74,read_only_did,0x1001,5,627E,2E1001627E,052E1001627E0000,7F2E31,negative,0x7F,0x31,false,false,false,2026-07-10T12:41:31.107961+02:00,2850067026140,2850069646526,2.620386,true,true,158855607,158859694,4.087000,true,matched_request_response
run_1,20260710,75,before,75,target_did_random_data,0x1234,6,956F1D,2E1234956F1D,062E1234956F1D00,6E1234,positive,0x6E,,true,true,false,2026-07-10T12:41:31.132001+02:00,2850091065752,2850094089264,3.023512,true,true,158879658,158883736,4.078000,true,matched_request_response
run_1,20260710,76,before,76,missing_data,0x1234,3,,2E1234,032E123400000000,7F2E13,negative,0x7F,0x13,false,false,false,2026-07-10T12:41:31.156591+02:00,2850115655367,2850118530047,2.874680,true,true,158904187,158908275,4.088000,true,matched_request_response
run_1,20260710,77,before,77,target_did_random_data,0x1234,5,A0BF,2E1234A0BF,052E1234A0BF0000,6E1234,positive,0x6E,,true,true,false,2026-07-10T12:41:31.180873+02:00,2850139936842,2850142901547,2.964705,true,true,158928433,158932514,4.081000,true,matched_request_response
run_1,20260710,78,before,78,target_did_random_data,0x1234,4,CF,2E1234CF,042E1234CF000000,6E1234,positive,0x6E,,true,true,false,2026-07-10T12:41:31.205241+02:00,2850164304361,2850167298539,2.994178,true,true,158952779,158956866,4.087000,true,matched_request_response
run_1,20260710,79,before,79,target_did_random_data,0x1234,7,3F1D31BB,2E12343F1D31BB,072E12343F1D31BB,6E1234,positive,0x6E,,true,true,false,2026-07-10T12:41:31.229598+02:00,2850188662032,2850191749100,3.087068,true,true,158977094,158981169,4.075000,true,matched_request_response
run_1,20260710,80,before,80,target_did_random_data,0x1234,6,717CEA,2E1234717CEA,062E1234717CEA00,6E1234,positive,0x6E,,true,true,false,2026-07-10T12:41:31.254076+02:00,2850213140529,2850216148746,3.008217,true,true,159001555,159005633,4.078000,true,matched_request_response
run_1,20260710,81,before,81,target_did_random_data,0x1234,5,D9BD,2E1234D9BD,052E1234D9BD0000,6E1234,positive,0x6E,,true,true,false,2026-07-10T12:41:31.278455+02:00,2850237519781,2850240575770,3.055989,true,true,159025911,159029994,4.083000,true,matched_request_response
run_1,20260710,82,before,82,target_did_random_data,0x1234,6,1BB5A2,2E12341BB5A2,062E12341BB5A200,6E1234,positive,0x6E,,true,true,false,2026-07-10T12:41:31.303212+02:00,2850262276947,2850264956419,2.679472,true,true,159050652,159054731,4.079000,true,matched_request_response
run_1,20260710,83,before,83,missing_data,0x1234,3,,2E1234,032E123400000000,7F2E13,negative,0x7F,0x13,false,false,false,2026-07-10T12:41:31.327283+02:00,2850286346451,2850289376459,3.030008,true,true,159074705,159078796,4.091000,true,matched_request_response
run_1,20260710,84,before,84,target_did_random_data,0x1234,6,830270,2E1234830270,062E123483027000,6E1234,positive,0x6E,,true,true,false,2026-07-10T12:41:31.351708+02:00,2850310772009,2850313782530,3.010521,true,true,159099096,159103180,4.084000,true,matched_request_response
run_1,20260710,85,before,85,unknown_did,0x2222,6,55BB14,2E222255BB14,062E222255BB1400,7F2E31,negative,0x7F,0x31,false,false,false,2026-07-10T12:41:31.376098+02:00,2850335162156,2850338195027,3.032871,true,true,159123441,159127518,4.077000,true,matched_request_response
run_1,20260710,86,before,86,unknown_did,0xF187,7,CCF46AC2,2EF187CCF46AC2,072EF187CCF46AC2,7F2E31,negative,0x7F,0x31,false,false,false,2026-07-10T12:41:31.400492+02:00,2850359556285,2850362634553,3.078268,true,true,159147818,159151893,4.075000,true,matched_request_response
run_1,20260710,87,before,87,target_did_random_data,0x1234,6,F0F509,2E1234F0F509,062E1234F0F50900,6E1234,positive,0x6E,,true,true,false,2026-07-10T12:41:31.424977+02:00,2850384040649,2850387053196,3.012547,true,true,159172281,159176362,4.081000,true,matched_request_response
run_1,20260710,88,before,88,target_did_random_data,0x1234,6,F8CCCA,2E1234F8CCCA,062E1234F8CCCA00,6E1234,positive,0x6E,,true,true,false,2026-07-10T12:41:31.449365+02:00,2850408429260,2850411437197,3.007937,true,true,159196644,159200722,4.078000,true,matched_request_response
run_1,20260710,89,before,89,target_did_random_data,0x1234,4,BB,2E1234BB,042E1234BB000000,6E1234,positive,0x6E,,true,true,false,2026-07-10T12:41:31.473733+02:00,2850432798176,2850436095537,3.297361,true,true,159221012,159225099,4.087000,true,matched_request_response
run_1,20260710,90,before,90,target_did_random_data,0x1234,6,2B34BF,2E12342B34BF,062E12342B34BF00,6E1234,positive,0x6E,,true,true,false,2026-07-10T12:41:31.498596+02:00,2850457660662,2850460316318,2.655656,true,true,159245830,159249909,4.079000,true,matched_request_response
run_1,20260710,91,before,91,target_did_random_data,0x1234,6,180DD0,2E1234180DD0,062E1234180DD000,6E1234,positive,0x6E,,true,true,false,2026-07-10T12:41:31.522615+02:00,2850481679252,2850484734472,3.055220,true,true,159269838,159273921,4.083000,true,matched_request_response
run_1,20260710,92,before,92,target_did_random_data,0x1234,4,B3,2E1234B3,042E1234B3000000,6E1234,positive,0x6E,,true,true,false,2026-07-10T12:41:31.547274+02:00,2850506338081,2850509108626,2.770545,true,true,159294461,159298545,4.084000,true,matched_request_response
run_1,20260710,93,before,93,target_did_random_data,0x1234,7,FF494D1B,2E1234FF494D1B,072E1234FF494D1B,6E1234,positive,0x6E,,true,true,false,2026-07-10T12:41:31.571451+02:00,2850530514932,2850533524965,3.010033,true,true,159318599,159322673,4.074000,true,matched_request_response
run_1,20260710,94,before,94,read_only_did,0x1001,6,411FD6,2E1001411FD6,062E1001411FD600,7F2E31,negative,0x7F,0x31,false,false,false,2026-07-10T12:41:31.595863+02:00,2850554928407,2850557986420,3.058013,true,true,159342997,159347080,4.083000,true,matched_request_response
run_1,20260710,95,before,95,target_did_random_data,0x1234,6,04327E,2E123404327E,062E123404327E00,6E1234,positive,0x6E,,true,true,false,2026-07-10T12:41:31.620308+02:00,2850579372402,2850582334104,2.961702,true,true,159367417,159371498,4.081000,true,matched_request_response
run_1,20260710,96,before,96,target_did_random_data,0x1234,4,2A,2E12342A,042E12342A000000,6E1234,positive,0x6E,,true,true,false,2026-07-10T12:41:31.644936+02:00,2850604018310,2850606771744,2.753434,true,true,159392044,159396131,4.087000,true,matched_request_response
run_1,20260710,97,before,97,missing_data,0x1234,3,,2E1234,032E123400000000,7F2E13,negative,0x7F,0x13,false,false,false,2026-07-10T12:41:31.669091+02:00,2850628155701,2850631199257,3.043556,true,true,159416154,159420246,4.092000,true,matched_request_response
run_1,20260710,98,before,98,target_did_random_data,0x1234,6,65996E,2E123465996E,062E123465996E00,6E1234,positive,0x6E,,true,true,false,2026-07-10T12:41:31.693506+02:00,2850652570153,2850655590452,3.020299,true,true,159440527,159444602,4.075000,true,matched_request_response
run_1,20260710,99,before,99,missing_data,0x1234,3,,2E1234,032E123400000000,7F2E13,negative,0x7F,0x13,false,false,false,2026-07-10T12:41:31.717975+02:00,2850677039152,2850680028232,2.989080,true,true,159464993,159469084,4.091000,true,matched_request_response
run_1,20260710,100,before,100,target_did_random_data,0x1234,7,B659D6D7,2E1234B659D6D7,072E1234B659D6D7,6E1234,positive,0x6E,,true,true,false,2026-07-10T12:41:31.742307+02:00,2850701371610,2850704409859,3.038249,true,true,159489275,159493348,4.073000,true,matched_request_response
run_1,20260710,101,before,101,target_did_random_data,0x1234,6,EAE70A,2E1234EAE70A,062E1234EAE70A00,6E1234,positive,0x6E,,true,true,false,2026-07-10T12:41:31.766715+02:00,2850725779498,2850728823403,3.043905,true,true,159513663,159517747,4.084000,true,matched_request_response
run_1,20260710,102,before,102,unknown_did,0x2222,5,59F9,2E222259F9,052E222259F90000,7F2E31,negative,0x7F,0x31,false,false,false,2026-07-10T12:41:31.791127+02:00,2850750190668,2850753333818,3.143150,true,true,159538059,159542141,4.082000,true,matched_request_response
run_1,20260710,103,before,103,target_did_random_data,0x1234,7,8EEEA611,2E12348EEEA611,072E12348EEEA611,6E1234,positive,0x6E,,true,true,false,2026-07-10T12:41:31.815640+02:00,2850774703317,2850777679616,2.976299,true,true,159562522,159566594,4.072000,true,matched_request_response
run_1,20260710,104,before,104,target_did_random_data,0x1234,6,EA4E58,2E1234EA4E58,062E1234EA4E5800,6E1234,positive,0x6E,,true,true,false,2026-07-10T12:41:31.840023+02:00,2850799087179,2850802074932,2.987753,true,true,159586940,159591019,4.079000,true,matched_request_response
run_1,20260710,105,before,105,target_did_random_data,0x1234,4,B5,2E1234B5,042E1234B5000000,6E1234,positive,0x6E,,true,true,false,2026-07-10T12:41:31.864346+02:00,2850823410000,2850826515645,3.105645,true,true,159611193,159615278,4.085000,true,matched_request_response
run_1,20260710,106,before,106,read_only_did,0x1001,4,2E,2E10012E,042E10012E000000,7F2E31,negative,0x7F,0x31,false,false,false,2026-07-10T12:41:31.888846+02:00,2850847910148,2850850942180,3.032032,true,true,159635682,159639773,4.091000,true,matched_request_response
run_1,20260710,107,before,107,target_did_random_data,0x1234,7,214C05A3,2E1234214C05A3,072E1234214C05A3,6E1234,positive,0x6E,,true,true,false,2026-07-10T12:41:31.913259+02:00,2850872322784,2850875350417,3.027633,true,true,159660046,159664126,4.080000,true,matched_request_response
run_1,20260710,108,before,108,target_did_random_data,0x1234,6,5F632D,2E12345F632D,062E12345F632D00,6E1234,positive,0x6E,,true,true,false,2026-07-10T12:41:31.937651+02:00,2850896715306,2850899707250,2.991944,true,true,159684435,159688512,4.077000,true,matched_request_response
run_1,20260710,109,before,109,target_did_random_data,0x1234,4,68,2E123468,042E123468000000,6E1234,positive,0x6E,,true,true,false,2026-07-10T12:41:31.962024+02:00,2850921087435,2850924162001,3.074566,true,true,159708832,159712919,4.087000,true,matched_request_response
run_1,20260710,110,before,110,target_did_random_data,0x1234,5,A8DA,2E1234A8DA,052E1234A8DA0000,6E1234,positive,0x6E,,true,true,false,2026-07-10T12:41:31.986472+02:00,2850945535830,2850948607463,3.071633,true,true,159733211,159737291,4.080000,true,matched_request_response
run_1,20260710,111,before,111,target_did_random_data,0x1234,7,8FBA5905,2E12348FBA5905,072E12348FBA5905,6E1234,positive,0x6E,,true,true,false,2026-07-10T12:41:32.010938+02:00,2850970028436,2850973041960,3.013524,true,true,159757686,159761765,4.079000,true,matched_request_response
run_1,20260710,112,before,112,target_did_random_data,0x1234,4,CC,2E1234CC,042E1234CC000000,6E1234,positive,0x6E,,true,true,false,2026-07-10T12:41:32.035350+02:00,2850994414184,2850997403054,2.988870,true,true,159782043,159786130,4.087000,true,matched_request_response
run_1,20260710,113,before,113,read_only_did,0x1001,6,D47C73,2E1001D47C73,062E1001D47C7300,7F2E31,negative,0x7F,0x31,false,false,false,2026-07-10T12:41:32.059708+02:00,2851018772833,2851021849774,3.076941,true,true,159806387,159810468,4.081000,true,matched_request_response
run_1,20260710,114,before,114,missing_data,0x1234,3,,2E1234,032E123400000000,7F2E13,negative,0x7F,0x13,false,false,false,2026-07-10T12:41:32.084221+02:00,2851043285692,2851046313604,3.027912,true,true,159830873,159834964,4.091000,true,matched_request_response
run_1,20260710,115,before,115,target_did_random_data,0x1234,4,45,2E123445,042E123445000000,6E1234,positive,0x6E,,true,true,false,2026-07-10T12:41:32.108654+02:00,2851067718513,2851070623155,2.904642,true,true,159855273,159859357,4.084000,true,matched_request_response
run_1,20260710,116,before,116,unknown_did,0x2222,4,10,2E222210,042E222210000000,7F2E31,negative,0x7F,0x31,false,false,false,2026-07-10T12:41:32.132912+02:00,2851091976590,2851095111849,3.135259,true,true,159879527,159883613,4.086000,true,matched_request_response
run_1,20260710,117,before,117,missing_data,0x1234,3,,2E1234,032E123400000000,7F2E13,negative,0x7F,0x13,false,false,false,2026-07-10T12:41:32.157477+02:00,2851116541761,2851119476993,2.935232,true,true,159904049,159908139,4.090000,true,matched_request_response
run_1,20260710,118,before,118,target_did_random_data,0x1234,6,A1FA8E,2E1234A1FA8E,062E1234A1FA8E00,6E1234,positive,0x6E,,true,true,false,2026-07-10T12:41:32.181796+02:00,2851140860391,2851143928043,3.067652,true,true,159928328,159932405,4.077000,true,matched_request_response
run_1,20260710,119,before,119,target_did_random_data,0x1234,4,05,2E123405,042E123405000000,6E1234,positive,0x6E,,true,true,false,2026-07-10T12:41:32.206489+02:00,2851165553232,2851168306108,2.752876,true,true,159953018,159957109,4.091000,true,matched_request_response
run_1,20260710,120,before,120,target_did_random_data,0x1234,5,3925,2E12343925,052E123439250000,6E1234,positive,0x6E,,true,true,false,2026-07-10T12:41:32.230584+02:00,2851189647811,2851192693323,3.045512,true,true,159977073,159981156,4.083000,true,matched_request_response
run_1,20260710,121,before,121,target_did_random_data,0x1234,6,B5F443,2E1234B5F443,062E1234B5F44300,6E1234,positive,0x6E,,true,true,false,2026-07-10T12:41:32.255009+02:00,2851214073647,2851217211141,3.137494,true,true,160001531,160005609,4.078000,true,matched_request_response
run_1,20260710,122,before,122,target_did_random_data,0x1234,7,20819CBD,2E123420819CBD,072E123420819CBD,6E1234,positive,0x6E,,true,true,false,2026-07-10T12:41:32.279546+02:00,2851238610393,2851241532704,2.922311,true,true,160025989,160030063,4.074000,true,matched_request_response
run_1,20260710,123,before,123,target_did_random_data,0x1234,4,D0,2E1234D0,042E1234D0000000,6E1234,positive,0x6E,,true,true,false,2026-07-10T12:41:32.303857+02:00,2851262921410,2851265957843,3.036433,true,true,160050294,160054378,4.084000,true,matched_request_response
run_1,20260710,124,before,124,target_did_random_data,0x1234,4,91,2E123491,042E123491000000,6E1234,positive,0x6E,,true,true,false,2026-07-10T12:41:32.328304+02:00,2851287369456,2851290366987,2.997531,true,true,160074722,160078809,4.087000,true,matched_request_response
run_1,20260710,125,before,125,target_did_random_data,0x1234,6,369826,2E1234369826,062E123436982600,6E1234,positive,0x6E,,true,true,false,2026-07-10T12:41:32.352684+02:00,2851311748150,2851314785421,3.037271,true,true,160099053,160103132,4.079000,true,matched_request_response
run_1,20260710,126,before,126,target_did_random_data,0x1234,7,91A07D3C,2E123491A07D3C,072E123491A07D3C,6E1234,positive,0x6E,,true,true,false,2026-07-10T12:41:32.377108+02:00,2851336172311,2851339169423,2.997112,true,true,160123456,160127528,4.072000,true,matched_request_response
run_1,20260710,127,before,127,target_did_random_data,0x1234,5,F41E,2E1234F41E,052E1234F41E0000,6E1234,positive,0x6E,,true,true,false,2026-07-10T12:41:32.401695+02:00,2851360759132,2851363581291,2.822159,true,true,160148026,160152108,4.082000,true,matched_request_response
run_1,20260710,128,before,128,read_only_did,0x1001,6,0C442C,2E10010C442C,062E10010C442C00,7F2E31,negative,0x7F,0x31,false,false,false,2026-07-10T12:41:32.425846+02:00,2851384909584,2851388078995,3.169411,true,true,160172156,160176243,4.087000,true,matched_request_response
run_1,20260710,129,before,129,unknown_did,0xF187,7,06C23014,2EF18706C23014,072EF18706C23014,7F2E31,negative,0x7F,0x31,false,false,false,2026-07-10T12:41:32.450359+02:00,2851409421675,2851412454825,3.033150,true,true,160196632,160200711,4.079000,true,matched_request_response
run_1,20260710,130,before,130,read_only_did,0x1001,6,E72C52,2E1001E72C52,062E1001E72C5200,7F2E31,negative,0x7F,0x31,false,false,false,2026-07-10T12:41:32.474718+02:00,2851433781721,2851436871722,3.090001,true,true,160220967,160225050,4.083000,true,matched_request_response
run_1,20260710,131,before,131,target_did_random_data,0x1234,6,894CAD,2E1234894CAD,062E1234894CAD00,6E1234,positive,0x6E,,true,true,false,2026-07-10T12:41:32.499214+02:00,2851458278098,2851461343934,3.065836,true,true,160245444,160249520,4.076000,true,matched_request_response
run_1,20260710,132,before,132,target_did_random_data,0x1234,6,02C3B9,2E123402C3B9,062E123402C3B900,6E1234,positive,0x6E,,true,true,false,2026-07-10T12:41:32.523595+02:00,2851482658468,2851485643497,2.985029,true,true,160269793,160273877,4.084000,true,matched_request_response
run_1,20260710,133,before,133,target_did_random_data,0x1234,4,FD,2E1234FD,042E1234FD000000,6E1234,positive,0x6E,,true,true,false,2026-07-10T12:41:32.547882+02:00,2851506946577,2851509072694,2.126117,true,true,160294076,160298163,4.087000,true,matched_request_response
run_1,20260710,134,before,134,target_did_random_data,0x1234,4,6F,2E12346F,042E12346F000000,6E1234,positive,0x6E,,true,true,false,2026-07-10T12:41:32.571284+02:00,2851530347279,2851532541143,2.193864,true,true,160317443,160321527,4.084000,true,matched_request_response
run_1,20260710,135,before,135,target_did_random_data,0x1234,7,79470A06,2E123479470A06,072E123479470A06,6E1234,positive,0x6E,,true,true,false,2026-07-10T12:41:32.595023+02:00,2851554086783,2851557342029,3.255246,true,true,160341199,160345280,4.081000,true,matched_request_response
run_1,20260710,136,before,136,target_did_random_data,0x1234,6,4EB88A,2E12344EB88A,062E12344EB88A00,6E1234,positive,0x6E,,true,true,false,2026-07-10T12:41:32.619630+02:00,2851578695046,2851581382899,2.687853,true,true,160365731,160369809,4.078000,true,matched_request_response
run_1,20260710,137,before,137,target_did_random_data,0x1234,7,5255D872,2E12345255D872,072E12345255D872,6E1234,positive,0x6E,,true,true,false,2026-07-10T12:41:32.643731+02:00,2851602795351,2851605815650,3.020299,true,true,160389801,160393875,4.074000,true,matched_request_response
run_1,20260710,138,before,138,target_did_random_data,0x1234,5,1B9C,2E12341B9C,052E12341B9C0000,6E1234,positive,0x6E,,true,true,false,2026-07-10T12:41:32.668108+02:00,2851627172019,2851630230522,3.058503,true,true,160414170,160418254,4.084000,true,matched_request_response
run_1,20260710,139,before,139,target_did_random_data,0x1234,7,A3C718AC,2E1234A3C718AC,072E1234A3C718AC,6E1234,positive,0x6E,,true,true,false,2026-07-10T12:41:32.692559+02:00,2851651623977,2851654636244,3.012267,true,true,160438575,160442650,4.075000,true,matched_request_response
run_1,20260710,140,before,140,target_did_random_data,0x1234,5,3FC2,2E12343FC2,052E12343FC20000,6E1234,positive,0x6E,,true,true,false,2026-07-10T12:41:32.716973+02:00,2851676037382,2851679107059,3.069677,true,true,160462990,160467072,4.082000,true,matched_request_response
run_1,20260710,141,before,141,target_did_random_data,0x1234,5,36B5,2E123436B5,052E123436B50000,6E1234,positive,0x6E,,true,true,false,2026-07-10T12:41:32.741371+02:00,2851700434514,2851703464870,3.030356,true,true,160487337,160491418,4.081000,true,matched_request_response
run_1,20260710,142,before,142,target_did_random_data,0x1234,7,76091BE1,2E123476091BE1,072E123476091BE1,6E1234,positive,0x6E,,true,true,false,2026-07-10T12:41:32.765788+02:00,2851724852109,2851727953355,3.101246,true,true,160511733,160515812,4.079000,true,matched_request_response
run_1,20260710,143,before,143,target_did_random_data,0x1234,6,08D5D4,2E123408D5D4,062E123408D5D400,6E1234,positive,0x6E,,true,true,false,2026-07-10T12:41:32.790507+02:00,2851749570023,2851752365922,2.795899,true,true,160536431,160540512,4.081000,true,matched_request_response
run_1,20260710,144,before,144,target_did_random_data,0x1234,4,46,2E123446,042E123446000000,6E1234,positive,0x6E,,true,true,false,2026-07-10T12:41:32.814671+02:00,2851773735351,2851776792108,3.056757,true,true,160560568,160564655,4.087000,true,matched_request_response
run_1,20260710,145,before,145,target_did_random_data,0x1234,6,7A3641,2E12347A3641,062E12347A364100,6E1234,positive,0x6E,,true,true,false,2026-07-10T12:41:32.839110+02:00,2851798173620,2851801112204,2.938584,true,true,160584968,160589046,4.078000,true,matched_request_response
run_1,20260710,146,before,146,target_did_random_data,0x1234,4,A2,2E1234A2,042E1234A2000000,6E1234,positive,0x6E,,true,true,false,2026-07-10T12:41:32.863501+02:00,2851822563907,2851825543000,2.979093,true,true,160609339,160613423,4.084000,true,matched_request_response
run_1,20260710,147,before,147,target_did_random_data,0x1234,7,8EC3E40D,2E12348EC3E40D,072E12348EC3E40D,6E1234,positive,0x6E,,true,true,false,2026-07-10T12:41:32.887817+02:00,2851846881978,2851849951237,3.069259,true,true,160633615,160637694,4.079000,true,matched_request_response
run_1,20260710,148,before,148,target_did_random_data,0x1234,6,ED5B40,2E1234ED5B40,062E1234ED5B4000,6E1234,positive,0x6E,,true,true,false,2026-07-10T12:41:32.912248+02:00,2851871311866,2851874373512,3.061646,true,true,160658022,160662101,4.079000,true,matched_request_response
run_1,20260710,149,before,149,missing_data,0x1234,3,,2E1234,032E123400000000,7F2E13,negative,0x7F,0x13,false,false,false,2026-07-10T12:41:32.936676+02:00,2851895739658,2851898784123,3.044465,true,true,160682438,160686527,4.089000,true,matched_request_response
run_1,20260710,150,before,150,target_did_random_data,0x1234,6,650216,2E1234650216,062E123465021600,6E1234,positive,0x6E,,true,true,false,2026-07-10T12:41:32.961129+02:00,2851920193362,2851923173922,2.980560,true,true,160706850,160710933,4.083000,true,matched_request_response
run_1,20260710,151,before,151,missing_data,0x1234,3,,2E1234,032E123400000000,7F2E13,negative,0x7F,0x13,false,false,false,2026-07-10T12:41:32.985500+02:00,2851944564373,2851947619943,3.055570,true,true,160731203,160735292,4.089000,true,matched_request_response
run_1,20260710,152,before,152,missing_data,0x1234,3,,2E1234,032E123400000000,7F2E13,negative,0x7F,0x13,false,false,false,2026-07-10T12:41:33.010027+02:00,2851969091899,2851972066383,2.974484,true,true,160755743,160759833,4.090000,true,matched_request_response
run_1,20260710,153,before,153,target_did_random_data,0x1234,6,94C958,2E123494C958,062E123494C95800,6E1234,positive,0x6E,,true,true,false,2026-07-10T12:41:33.034362+02:00,2851993425685,2851996431178,3.005493,true,true,160779993,160784072,4.079000,true,matched_request_response
run_1,20260710,154,before,154,target_did_random_data,0x1234,4,45,2E123445,042E123445000000,6E1234,positive,0x6E,,true,true,false,2026-07-10T12:41:33.058712+02:00,2852017775884,2852020857993,3.082109,true,true,160804342,160808426,4.084000,true,matched_request_response
run_1,20260710,155,before,155,target_did_random_data,0x1234,6,D79048,2E1234D79048,062E1234D7904800,6E1234,positive,0x6E,,true,true,false,2026-07-10T12:41:33.083182+02:00,2852042246769,2852045375113,3.128344,true,true,160828776,160832854,4.078000,true,matched_request_response
run_1,20260710,156,before,156,target_did_random_data,0x1234,5,3055,2E12343055,052E123430550000,6E1234,positive,0x6E,,true,true,false,2026-07-10T12:41:33.107676+02:00,2852066740003,2852069799972,3.059969,true,true,160853253,160857334,4.081000,true,matched_request_response
run_1,20260710,157,before,157,unknown_did,0x2222,4,4B,2E22224B,042E22224B000000,7F2E31,negative,0x7F,0x31,false,false,false,2026-07-10T12:41:33.132105+02:00,2852091169541,2852094121256,2.951715,true,true,160877661,160881748,4.087000,true,matched_request_response
run_1,20260710,158,before,158,read_only_did,0x1001,6,01879F,2E100101879F,062E100101879F00,7F2E31,negative,0x7F,0x31,false,false,false,2026-07-10T12:41:33.156404+02:00,2852115468197,2852118535779,3.067582,true,true,160901941,160906029,4.088000,true,matched_request_response
run_1,20260710,159,before,159,target_did_random_data,0x1234,6,4F2689,2E12344F2689,062E12344F268900,6E1234,positive,0x6E,,true,true,false,2026-07-10T12:41:33.180820+02:00,2852139884395,2852142939266,3.054871,true,true,160926321,160930397,4.076000,true,matched_request_response
run_1,20260710,160,before,160,target_did_random_data,0x1234,5,9850,2E12349850,052E123498500000,6E1234,positive,0x6E,,true,true,false,2026-07-10T12:41:33.205301+02:00,2852164365547,2852167350506,2.984959,true,true,160950792,160954874,4.082000,true,matched_request_response
run_1,20260710,161,before,161,read_only_did,0x1001,6,C20B56,2E1001C20B56,062E1001C20B5600,7F2E31,negative,0x7F,0x31,false,false,false,2026-07-10T12:41:33.229624+02:00,2852188687948,2852191773829,3.085881,true,true,160975085,160979173,4.088000,true,matched_request_response
run_1,20260710,162,before,162,target_did_random_data,0x1234,6,9363D8,2E12349363D8,062E12349363D800,6E1234,positive,0x6E,,true,true,false,2026-07-10T12:41:33.254088+02:00,2852213152268,2852216142117,2.989849,true,true,160999508,161003585,4.077000,true,matched_request_response
run_1,20260710,163,before,163,target_did_random_data,0x1234,6,9433B2,2E12349433B2,062E12349433B200,6E1234,positive,0x6E,,true,true,false,2026-07-10T12:41:33.278451+02:00,2852237515108,2852240572773,3.057665,true,true,161023846,161027925,4.079000,true,matched_request_response
run_1,20260710,164,before,164,target_did_random_data,0x1234,5,7FBD,2E12347FBD,052E12347FBD0000,6E1234,positive,0x6E,,true,true,false,2026-07-10T12:41:33.302891+02:00,2852261955332,2852264998400,3.043068,true,true,161048279,161052360,4.081000,true,matched_request_response
run_1,20260710,165,before,165,target_did_random_data,0x1234,4,65,2E123465,042E123465000000,6E1234,positive,0x6E,,true,true,false,2026-07-10T12:41:33.327303+02:00,2852286367411,2852289467748,3.100337,true,true,161072670,161076757,4.087000,true,matched_request_response
run_1,20260710,166,before,166,target_did_random_data,0x1234,7,1A70D772,2E12341A70D772,072E12341A70D772,6E1234,positive,0x6E,,true,true,false,2026-07-10T12:41:33.351745+02:00,2852310810498,2852313869001,3.058503,true,true,161097074,161101149,4.075000,true,matched_request_response
run_1,20260710,167,before,167,target_did_random_data,0x1234,7,5CE4CDD8,2E12345CE4CDD8,072E12345CE4CDD8,6E1234,positive,0x6E,,true,true,false,2026-07-10T12:41:33.376163+02:00,2852335227046,2852338267530,3.040484,true,true,161121467,161125540,4.073000,true,matched_request_response
run_1,20260710,168,before,168,unknown_did,0x2222,6,12D096,2E222212D096,062E222212D09600,7F2E31,negative,0x7F,0x31,false,false,false,2026-07-10T12:41:33.400594+02:00,2852359657912,2852362667106,3.009194,true,true,161145874,161149953,4.079000,true,matched_request_response
run_1,20260710,169,before,169,target_did_random_data,0x1234,7,EE24D198,2E1234EE24D198,072E1234EE24D198,6E1234,positive,0x6E,,true,true,false,2026-07-10T12:41:33.424996+02:00,2852384059723,2852387086797,3.027074,true,true,161170240,161174312,4.072000,true,matched_request_response
run_1,20260710,170,before,170,target_did_random_data,0x1234,5,91F6,2E123491F6,052E123491F60000,6E1234,positive,0x6E,,true,true,false,2026-07-10T12:41:33.449537+02:00,2852408600729,2852411483371,2.882642,true,true,161194768,161198851,4.083000,true,matched_request_response
run_1,20260710,171,before,171,target_did_random_data,0x1234,4,D9,2E1234D9,042E1234D9000000,6E1234,positive,0x6E,,true,true,false,2026-07-10T12:41:33.473768+02:00,2852432831987,2852435909906,3.077919,true,true,161218989,161223075,4.086000,true,matched_request_response
run_1,20260710,172,before,172,target_did_random_data,0x1234,4,E4,2E1234E4,042E1234E4000000,6E1234,positive,0x6E,,true,true,false,2026-07-10T12:41:33.498469+02:00,2852457532302,2852460334975,2.802673,true,true,161243660,161247747,4.087000,true,matched_request_response
run_1,20260710,173,before,173,target_did_random_data,0x1234,4,BE,2E1234BE,042E1234BE000000,6E1234,positive,0x6E,,true,true,false,2026-07-10T12:41:33.522569+02:00,2852481633166,2852484718907,3.085741,true,true,161267732,161271819,4.087000,true,matched_request_response
run_1,20260710,174,before,174,target_did_random_data,0x1234,6,86BC17,2E123486BC17,062E123486BC1700,6E1234,positive,0x6E,,true,true,false,2026-07-10T12:41:33.547190+02:00,2852506253232,2852509150122,2.896890,true,true,161292320,161296397,4.077000,true,matched_request_response
run_1,20260710,175,before,175,target_did_random_data,0x1234,6,F2A913,2E1234F2A913,062E1234F2A91300,6E1234,positive,0x6E,,true,true,false,2026-07-10T12:41:33.571448+02:00,2852530512218,2852533620378,3.108160,true,true,161316543,161320622,4.079000,true,matched_request_response
run_1,20260710,176,before,176,target_did_random_data,0x1234,7,86D4379E,2E123486D4379E,072E123486D4379E,6E1234,positive,0x6E,,true,true,false,2026-07-10T12:41:33.595913+02:00,2852554977655,2852557958703,2.981048,true,true,161341001,161345076,4.075000,true,matched_request_response
run_1,20260710,177,before,177,read_only_did,0x1001,4,64,2E100164,042E100164000000,7F2E31,negative,0x7F,0x31,false,false,false,2026-07-10T12:41:33.620273+02:00,2852579337142,2852582426096,3.088954,true,true,161365341,161369429,4.088000,true,matched_request_response
run_1,20260710,178,before,178,read_only_did,0x1001,6,139832,2E1001139832,062E100113983200,7F2E31,negative,0x7F,0x31,false,false,false,2026-07-10T12:41:33.644732+02:00,2852603795944,2852606831958,3.036014,true,true,161389767,161393850,4.083000,true,matched_request_response
run_1,20260710,179,before,179,target_did_random_data,0x1234,4,C9,2E1234C9,042E1234C9000000,6E1234,positive,0x6E,,true,true,false,2026-07-10T12:41:33.669311+02:00,2852628374595,2852631240265,2.865670,true,true,161414316,161418401,4.085000,true,matched_request_response
run_1,20260710,180,before,180,read_only_did,0x1001,4,94,2E100194,042E100194000000,7F2E31,negative,0x7F,0x31,false,false,false,2026-07-10T12:41:33.693485+02:00,2852652549700,2852655632089,3.082389,true,true,161438463,161442552,4.089000,true,matched_request_response
run_1,20260710,181,before,181,target_did_random_data,0x1234,5,0DB1,2E12340DB1,052E12340DB10000,6E1234,positive,0x6E,,true,true,false,2026-07-10T12:41:33.717892+02:00,2852676956121,2852680052059,3.095938,true,true,161462830,161466917,4.087000,true,matched_request_response
run_1,20260710,182,before,182,target_did_random_data,0x1234,5,C779,2E1234C779,052E1234C7790000,6E1234,positive,0x6E,,true,true,false,2026-07-10T12:41:33.742331+02:00,2852701395019,2852704463998,3.068979,true,true,161487244,161491324,4.080000,true,matched_request_response
run_1,20260710,183,before,183,target_did_random_data,0x1234,7,4F067879,2E12344F067879,072E12344F067879,6E1234,positive,0x6E,,true,true,false,2026-07-10T12:41:33.766754+02:00,2852725818411,2852728895911,3.077500,true,true,161511640,161515719,4.079000,true,matched_request_response
run_1,20260710,184,before,184,unknown_did,0x2222,5,AC3B,2E2222AC3B,052E2222AC3B0000,7F2E31,negative,0x7F,0x31,false,false,false,2026-07-10T12:41:33.791193+02:00,2852750257937,2852753336764,3.078827,true,true,161536048,161540131,4.083000,true,matched_request_response
run_1,20260710,185,before,185,target_did_random_data,0x1234,5,A3BF,2E1234A3BF,052E1234A3BF0000,6E1234,positive,0x6E,,true,true,false,2026-07-10T12:41:33.815636+02:00,2852774700466,2852777757432,3.056966,true,true,161560477,161564556,4.079000,true,matched_request_response
run_1,20260710,186,before,186,target_did_random_data,0x1234,6,913134,2E1234913134,062E123491313400,6E1234,positive,0x6E,,true,true,false,2026-07-10T12:41:33.840129+02:00,2852799193491,2852802112799,2.919308,true,true,161584920,161588998,4.078000,true,matched_request_response
run_1,20260710,187,before,187,target_did_random_data,0x1234,6,9C485B,2E12349C485B,062E12349C485B00,6E1234,positive,0x6E,,true,true,false,2026-07-10T12:41:33.864492+02:00,2852823557099,2852826538217,2.981118,true,true,161609268,161613344,4.076000,true,matched_request_response
run_1,20260710,188,before,188,target_did_random_data,0x1234,5,7794,2E12347794,052E123477940000,6E1234,positive,0x6E,,true,true,false,2026-07-10T12:41:33.888818+02:00,2852847882015,2852851300411,3.418396,true,true,161633575,161637657,4.082000,true,matched_request_response
run_1,20260710,189,before,189,target_did_random_data,0x1234,5,195C,2E1234195C,052E1234195C0000,6E1234,positive,0x6E,,true,true,false,2026-07-10T12:41:33.913561+02:00,2852872624025,2852875368659,2.744634,true,true,161658281,161662361,4.080000,true,matched_request_response
run_1,20260710,190,before,190,target_did_random_data,0x1234,7,C5236BEB,2E1234C5236BEB,072E1234C5236BEB,6E1234,positive,0x6E,,true,true,false,2026-07-10T12:41:33.937630+02:00,2852896693949,2852899791772,3.097823,true,true,161682317,161686389,4.072000,true,matched_request_response
run_1,20260710,191,before,191,target_did_random_data,0x1234,4,9D,2E12349D,042E12349D000000,6E1234,positive,0x6E,,true,true,false,2026-07-10T12:41:33.962084+02:00,2852921148421,2852924236886,3.088465,true,true,161706761,161710848,4.087000,true,matched_request_response
run_1,20260710,192,before,192,target_did_random_data,0x1234,7,6186B9CB,2E12346186B9CB,072E12346186B9CB,6E1234,positive,0x6E,,true,true,false,2026-07-10T12:41:33.986528+02:00,2852945591718,2852948618024,3.026306,true,true,161731165,161735241,4.076000,true,matched_request_response
run_1,20260710,193,before,193,missing_data,0x1234,3,,2E1234,032E123400000000,7F2E13,negative,0x7F,0x13,false,false,false,2026-07-10T12:41:34.010899+02:00,2852969962800,2852973063487,3.100687,true,true,161755528,161759619,4.091000,true,matched_request_response
run_1,20260710,194,before,194,target_did_random_data,0x1234,6,F41E94,2E1234F41E94,062E1234F41E9400,6E1234,positive,0x6E,,true,true,false,2026-07-10T12:41:34.035376+02:00,2852994440040,2852997437431,2.997391,true,true,161779981,161784060,4.079000,true,matched_request_response
run_1,20260710,195,before,195,target_did_random_data,0x1234,7,7E3B70FB,2E12347E3B70FB,072E12347E3B70FB,6E1234,positive,0x6E,,true,true,false,2026-07-10T12:41:34.059725+02:00,2853018788702,2853021841827,3.053125,true,true,161804285,161808357,4.072000,true,matched_request_response
run_1,20260710,196,before,196,target_did_random_data,0x1234,6,411D2D,2E1234411D2D,062E1234411D2D00,6E1234,positive,0x6E,,true,true,false,2026-07-10T12:41:34.084191+02:00,2853043254838,2853046338623,3.083785,true,true,161828763,161832841,4.078000,true,matched_request_response
run_1,20260710,197,before,197,target_did_random_data,0x1234,5,4CBA,2E12344CBA,052E12344CBA0000,6E1234,positive,0x6E,,true,true,false,2026-07-10T12:41:34.108641+02:00,2853067704980,2853070649920,2.944940,true,true,161853159,161857242,4.083000,true,matched_request_response
run_1,20260710,198,before,198,unknown_did,0xF187,6,EF2320,2EF187EF2320,062EF187EF232000,7F2E31,negative,0x7F,0x31,false,false,false,2026-07-10T12:41:34.133014+02:00,2853092077737,2853095083510,3.005773,true,true,161877513,161881590,4.077000,true,matched_request_response
run_1,20260710,199,before,199,missing_data,0x1234,3,,2E1234,032E123400000000,7F2E13,negative,0x7F,0x13,false,false,false,2026-07-10T12:41:34.157379+02:00,2853116443022,2853119512839,3.069817,true,true,161901868,161905959,4.091000,true,matched_request_response
run_1,20260710,200,before,200,target_did_random_data,0x1234,6,FBA424,2E1234FBA424,062E1234FBA42400,6E1234,positive,0x6E,,true,true,false,2026-07-10T12:41:34.181818+02:00,2853140882478,2853143943006,3.060528,true,true,161926262,161930339,4.077000,true,matched_request_response
run_1,20260710,201,before,201,target_did_random_data,0x1234,6,155CB6,2E1234155CB6,062E1234155CB600,6E1234,positive,0x6E,,true,true,false,2026-07-10T12:41:34.206223+02:00,2853165286874,2853168300608,3.013734,true,true,161950643,161954722,4.079000,true,matched_request_response
run_1,20260710,202,before,202,target_did_random_data,0x1234,5,28D4,2E123428D4,052E123428D40000,6E1234,positive,0x6E,,true,true,false,2026-07-10T12:41:34.230582+02:00,2853189646641,2853192815633,3.168992,true,true,161974995,161979078,4.083000,true,matched_request_response
run_1,20260710,203,before,203,read_only_did,0x1001,6,7D16E7,2E10017D16E7,062E10017D16E700,7F2E31,negative,0x7F,0x31,false,false,false,2026-07-10T12:41:34.255114+02:00,2853214176751,2853217145019,2.968268,true,true,161999489,162003570,4.081000,true,matched_request_response
run_1,20260710,204,before,204,target_did_random_data,0x1234,5,FAC1,2E1234FAC1,052E1234FAC10000,6E1234,positive,0x6E,,true,true,false,2026-07-10T12:41:34.279409+02:00,2853238473032,2853241548576,3.075544,true,true,162023769,162027852,4.083000,true,matched_request_response
run_1,20260710,205,before,205,target_did_random_data,0x1234,4,14,2E123414,042E123414000000,6E1234,positive,0x6E,,true,true,false,2026-07-10T12:41:34.303812+02:00,2853262875193,2853265979512,3.104319,true,true,162048153,162052240,4.087000,true,matched_request_response
run_1,20260710,206,before,206,target_did_random_data,0x1234,5,79EB,2E123479EB,052E123479EB0000,6E1234,positive,0x6E,,true,true,false,2026-07-10T12:41:34.328303+02:00,2853287367170,2853290437127,3.069957,true,true,162072617,162076700,4.083000,true,matched_request_response
run_1,20260710,207,before,207,target_did_random_data,0x1234,6,CDC328,2E1234CDC328,062E1234CDC32800,6E1234,positive,0x6E,,true,true,false,2026-07-10T12:41:34.352706+02:00,2853311770099,2853314802621,3.032522,true,true,162097001,162101079,4.078000,true,matched_request_response
run_1,20260710,208,before,208,read_only_did,0x1001,5,1E67,2E10011E67,052E10011E670000,7F2E31,negative,0x7F,0x31,false,false,false,2026-07-10T12:41:34.377113+02:00,2853336177428,2853339251017,3.073589,true,true,162121389,162125473,4.084000,true,matched_request_response
run_1,20260710,209,before,209,target_did_random_data,0x1234,7,6B309144,2E12346B309144,072E12346B309144,6E1234,positive,0x6E,,true,true,false,2026-07-10T12:41:34.401583+02:00,2853360645799,2853363643470,2.997671,true,true,162145811,162149886,4.075000,true,matched_request_response
run_1,20260710,210,before,210,read_only_did,0x1001,5,E5E7,2E1001E5E7,052E1001E5E70000,7F2E31,negative,0x7F,0x31,false,false,false,2026-07-10T12:41:34.426028+02:00,2853385093077,2853388137263,3.044186,true,true,162170307,162174392,4.085000,true,matched_request_response
run_1,20260710,211,before,211,unknown_did,0x3333,7,01AA3427,2E333301AA3427,072E333301AA3427,7F2E31,negative,0x7F,0x31,false,false,false,2026-07-10T12:41:34.450443+02:00,2853409506134,2853412495144,2.989010,true,true,162194629,162198708,4.079000,true,matched_request_response
run_1,20260710,212,before,212,target_did_random_data,0x1234,4,D7,2E1234D7,042E1234D7000000,6E1234,positive,0x6E,,true,true,false,2026-07-10T12:41:34.474770+02:00,2853433833424,2853436911343,3.077919,true,true,162218941,162223028,4.087000,true,matched_request_response
run_1,20260710,213,before,213,missing_data,0x1234,3,,2E1234,032E123400000000,7F2E13,negative,0x7F,0x13,false,false,false,2026-07-10T12:41:34.499211+02:00,2853458275115,2853461339485,3.064370,true,true,162243365,162247454,4.089000,true,matched_request_response
run_1,20260710,214,before,214,target_did_random_data,0x1234,7,5100D8C9,2E12345100D8C9,072E12345100D8C9,6E1234,positive,0x6E,,true,true,false,2026-07-10T12:41:34.523838+02:00,2853482902445,2853485699741,2.797296,true,true,162267955,162272033,4.078000,true,matched_request_response
run_1,20260710,215,before,215,target_did_random_data,0x1234,7,88C9E6B0,2E123488C9E6B0,072E123488C9E6B0,6E1234,positive,0x6E,,true,true,false,2026-07-10T12:41:34.547997+02:00,2853507061348,2853510155889,3.094541,true,true,162292092,162296167,4.075000,true,matched_request_response
run_1,20260710,216,before,216,target_did_random_data,0x1234,5,0D09,2E12340D09,052E12340D090000,6E1234,positive,0x6E,,true,true,false,2026-07-10T12:41:34.572399+02:00,2853531462391,2853534525084,3.062693,true,true,162316479,162320568,4.089000,true,matched_request_response
run_1,20260710,217,before,217,target_did_random_data,0x1234,5,452A,2E1234452A,052E1234452A0000,6E1234,positive,0x6E,,true,true,false,2026-07-10T12:41:34.596814+02:00,2853555877962,2853558927245,3.049283,true,true,162340863,162344946,4.083000,true,matched_request_response
run_1,20260710,218,before,218,target_did_random_data,0x1234,4,22,2E123422,042E123422000000,6E1234,positive,0x6E,,true,true,false,2026-07-10T12:41:34.621190+02:00,2853580254281,2853583378505,3.124224,true,true,162365221,162369306,4.085000,true,matched_request_response
run_1,20260710,219,before,219,target_did_random_data,0x1234,7,D2778F4B,2E1234D2778F4B,072E1234D2778F4B,6E1234,positive,0x6E,,true,true,false,2026-07-10T12:41:34.645628+02:00,2853604691782,2853607795821,3.104039,true,true,162389621,162393696,4.075000,true,matched_request_response
run_1,20260710,220,before,220,target_did_random_data,0x1234,7,FFE7BED2,2E1234FFE7BED2,072E1234FFE7BED2,6E1234,positive,0x6E,,true,true,false,2026-07-10T12:41:34.670109+02:00,2853629172864,2853632233462,3.060598,true,true,162414087,162418161,4.074000,true,matched_request_response
run_1,20260710,221,before,221,target_did_random_data,0x1234,7,28B73A9B,2E123428B73A9B,072E123428B73A9B,6E1234,positive,0x6E,,true,true,false,2026-07-10T12:41:34.694613+02:00,2853653677133,2853656649451,2.972318,true,true,162438575,162442650,4.075000,true,matched_request_response
run_1,20260710,222,before,222,target_did_random_data,0x1234,5,3554,2E12343554,052E123435540000,6E1234,positive,0x6E,,true,true,false,2026-07-10T12:41:34.718989+02:00,2853678053801,2853681062018,3.008217,true,true,162462928,162467010,4.082000,true,matched_request_response
run_1,20260710,223,before,223,target_did_random_data,0x1234,5,D38C,2E1234D38C,052E1234D38C0000,6E1234,positive,0x6E,,true,true,false,2026-07-10T12:41:34.743426+02:00,2853702491372,2853705448465,2.957093,true,true,162487347,162491428,4.081000,true,matched_request_response
run_1,20260710,224,before,224,target_did_random_data,0x1234,6,4CA87E,2E12344CA87E,062E12344CA87E00,6E1234,positive,0x6E,,true,true,false,2026-07-10T12:41:34.767755+02:00,2853726818942,2853729860613,3.041671,true,true,162511647,162515726,4.079000,true,matched_request_response
run_1,20260710,225,before,225,target_did_random_data,0x1234,5,1E45,2E12341E45,052E12341E450000,6E1234,positive,0x6E,,true,true,false,2026-07-10T12:41:34.792256+02:00,2853751321395,2853754352031,3.030636,true,true,162536139,162540222,4.083000,true,matched_request_response
run_1,20260710,226,before,226,target_did_random_data,0x1234,7,C9AC9CB0,2E1234C9AC9CB0,072E1234C9AC9CB0,6E1234,positive,0x6E,,true,true,false,2026-07-10T12:41:34.816832+02:00,2853775895995,2853778715989,2.819994,true,true,162560667,162564742,4.075000,true,matched_request_response
run_1,20260710,227,before,227,unknown_did,0x2222,5,63D1,2E222263D1,052E222263D10000,7F2E31,negative,0x7F,0x31,false,false,false,2026-07-10T12:41:34.841022+02:00,2853800085907,2853803168086,3.082179,true,true,162584902,162588984,4.082000,true,matched_request_response
run_1,20260710,228,before,228,target_did_random_data,0x1234,6,B443CD,2E1234B443CD,062E1234B443CD00,6E1234,positive,0x6E,,true,true,false,2026-07-10T12:41:34.865479+02:00,2853824543173,2853827537701,2.994528,true,true,162609271,162613348,4.077000,true,matched_request_response
run_1,20260710,229,before,229,target_did_random_data,0x1234,6,4DF78D,2E12344DF78D,062E12344DF78D00,6E1234,positive,0x6E,,true,true,false,2026-07-10T12:41:34.889870+02:00,2853848934369,2853851914439,2.980070,true,true,162633641,162637719,4.078000,true,matched_request_response
run_1,20260710,230,before,230,target_did_random_data,0x1234,4,4D,2E12344D,042E12344D000000,6E1234,positive,0x6E,,true,true,false,2026-07-10T12:41:34.914233+02:00,2853873296999,2853876426810,3.129811,true,true,162657992,162662079,4.087000,true,matched_request_response
run_1,20260710,231,before,231,target_did_random_data,0x1234,6,6DE034,2E12346DE034,062E12346DE03400,6E1234,positive,0x6E,,true,true,false,2026-07-10T12:41:34.938751+02:00,2853897815516,2853900806412,2.990896,true,true,162682484,162686560,4.076000,true,matched_request_response
run_1,20260710,232,before,232,target_did_random_data,0x1234,6,5F3EA3,2E12345F3EA3,062E12345F3EA300,6E1234,positive,0x6E,,true,true,false,2026-07-10T12:41:34.963120+02:00,2853922183664,2853925179379,2.995715,true,true,162706827,162710906,4.079000,true,matched_request_response
run_1,20260710,233,before,233,target_did_random_data,0x1234,6,D73812,2E1234D73812,062E1234D7381200,6E1234,positive,0x6E,,true,true,false,2026-07-10T12:41:34.987486+02:00,2853946550555,2853949606403,3.055848,true,true,162731173,162735252,4.079000,true,matched_request_response
run_1,20260710,234,before,234,target_did_random_data,0x1234,5,8828,2E12348828,052E123488280000,6E1234,positive,0x6E,,true,true,false,2026-07-10T12:41:35.011899+02:00,2853970963262,2853974025536,3.062274,true,true,162755567,162759650,4.083000,true,matched_request_response
run_1,20260710,235,before,235,target_did_random_data,0x1234,6,A5F3E1,2E1234A5F3E1,062E1234A5F3E100,6E1234,positive,0x6E,,true,true,false,2026-07-10T12:41:35.036341+02:00,2853995404464,2853998412681,3.008217,true,true,162779984,162784063,4.079000,true,matched_request_response
run_1,20260710,236,before,236,target_did_random_data,0x1234,7,CFB879FE,2E1234CFB879FE,072E1234CFB879FE,6E1234,positive,0x6E,,true,true,false,2026-07-10T12:41:35.060712+02:00,2854019775336,2854022880423,3.105087,true,true,162804327,162808400,4.073000,true,matched_request_response
run_1,20260710,237,before,237,unknown_did,0x3333,6,AF0BF2,2E3333AF0BF2,062E3333AF0BF200,7F2E31,negative,0x7F,0x31,false,false,false,2026-07-10T12:41:35.085139+02:00,2854044203199,2854047325886,3.122687,true,true,162828732,162832815,4.083000,true,matched_request_response
run_1,20260710,238,before,238,target_did_random_data,0x1234,6,0E8E68,2E12340E8E68,062E12340E8E6800,6E1234,positive,0x6E,,true,true,false,2026-07-10T12:41:35.109725+02:00,2854068788624,2854071662745,2.874121,true,true,162853288,162857369,4.081000,true,matched_request_response
run_1,20260710,239,before,239,target_did_random_data,0x1234,4,B4,2E1234B4,042E1234B4000000,6E1234,positive,0x6E,,true,true,false,2026-07-10T12:41:35.134020+02:00,2854093084626,2854096060646,2.976020,true,true,162877639,162881726,4.087000,true,matched_request_response
run_1,20260710,240,before,240,read_only_did,0x1001,6,428A4F,2E1001428A4F,062E1001428A4F00,7F2E31,negative,0x7F,0x31,false,false,false,2026-07-10T12:41:35.158763+02:00,2854117826077,2854120854408,3.028331,true,true,162902288,162906369,4.081000,true,matched_request_response
run_1,20260710,241,before,241,unknown_did,0x2222,4,FD,2E2222FD,042E2222FD000000,7F2E31,negative,0x7F,0x31,false,false,false,2026-07-10T12:41:35.183154+02:00,2854142218460,2854144921120,2.702660,true,true,162926662,162930748,4.086000,true,matched_request_response
run_1,20260710,242,before,242,target_did_random_data,0x1234,4,6D,2E12346D,042E12346D000000,6E1234,positive,0x6E,,true,true,false,2026-07-10T12:41:35.207293+02:00,2854166357528,2854169350310,2.992782,true,true,162950773,162954860,4.087000,true,matched_request_response
run_1,20260710,243,before,243,target_did_random_data,0x1234,4,9F,2E12349F,042E12349F000000,6E1234,positive,0x6E,,true,true,false,2026-07-10T12:41:35.231655+02:00,2854190719390,2854193747372,3.027982,true,true,162975116,162979206,4.090000,true,matched_request_response
run_1,20260710,244,before,244,unknown_did,0xF187,4,92,2EF18792,042EF18792000000,7F2E31,negative,0x7F,0x31,false,false,false,2026-07-10T12:41:35.256112+02:00,2854215175259,2854218176003,3.000744,true,true,162999539,163003625,4.086000,true,matched_request_response
run_1,20260710,245,before,245,target_did_random_data,0x1234,5,75F1,2E123475F1,052E123475F10000,6E1234,positive,0x6E,,true,true,false,2026-07-10T12:41:35.280497+02:00,2854239561147,2854242542754,2.981607,true,true,163023898,163027981,4.083000,true,matched_request_response
run_1,20260710,246,before,246,target_did_random_data,0x1234,4,70,2E123470,042E123470000000,6E1234,positive,0x6E,,true,true,false,2026-07-10T12:41:35.304910+02:00,2854263974343,2854266969150,2.994807,true,true,163048301,163052385,4.084000,true,matched_request_response
run_1,20260710,247,before,247,target_did_random_data,0x1234,7,DA294933,2E1234DA294933,072E1234DA294933,6E1234,positive,0x6E,,true,true,false,2026-07-10T12:41:35.329316+02:00,2854288380206,2854291425718,3.045512,true,true,163072650,163076725,4.075000,true,matched_request_response
run_1,20260710,248,before,248,target_did_random_data,0x1234,7,E638A729,2E1234E638A729,072E1234E638A729,6E1234,positive,0x6E,,true,true,false,2026-07-10T12:41:35.353729+02:00,2854312792564,2854315818730,3.026166,true,true,163097048,163101123,4.075000,true,matched_request_response
run_1,20260710,249,before,249,read_only_did,0x1001,4,DC,2E1001DC,042E1001DC000000,7F2E31,negative,0x7F,0x31,false,false,false,2026-07-10T12:41:35.378144+02:00,2854337207925,2854340258605,3.050680,true,true,163121454,163125543,4.089000,true,matched_request_response
run_1,20260710,250,before,250,missing_data,0x1234,3,,2E1234,032E123400000000,7F2E13,negative,0x7F,0x13,false,false,false,2026-07-10T12:41:35.402561+02:00,2854361625940,2854364694639,3.068699,true,true,163145844,163149935,4.091000,true,matched_request_response
run_1,20260710,251,before,251,target_did_random_data,0x1234,5,0727,2E12340727,052E123407270000,6E1234,positive,0x6E,,true,true,false,2026-07-10T12:41:35.427014+02:00,2854386078387,2854389061879,2.983492,true,true,163170277,163174362,4.085000,true,matched_request_response
run_1,20260710,252,before,252,target_did_random_data,0x1234,4,FE,2E1234FE,042E1234FE000000,6E1234,positive,0x6E,,true,true,false,2026-07-10T12:41:35.451405+02:00,2854410469443,2854413482059,3.012616,true,true,163194650,163198736,4.086000,true,matched_request_response
run_1,20260710,253,before,253,target_did_random_data,0x1234,5,DA08,2E1234DA08,052E1234DA080000,6E1234,positive,0x6E,,true,true,false,2026-07-10T12:41:35.475829+02:00,2854434893464,2854437903147,3.009683,true,true,163219048,163223135,4.087000,true,matched_request_response
run_1,20260710,254,before,254,missing_data,0x1234,3,,2E1234,032E123400000000,7F2E13,negative,0x7F,0x13,false,false,false,2026-07-10T12:41:35.500210+02:00,2854459273904,2854462379131,3.105227,true,true,163243414,163247503,4.089000,true,matched_request_response
run_1,20260710,255,before,255,missing_data,0x1234,3,,2E1234,032E123400000000,7F2E13,negative,0x7F,0x13,false,false,false,2026-07-10T12:41:35.524706+02:00,2854483770212,2854486752727,2.982515,true,true,163267880,163271971,4.091000,true,matched_request_response
run_1,20260710,256,before,256,target_did_random_data,0x1234,6,19DC95,2E123419DC95,062E123419DC9500,6E1234,positive,0x6E,,true,true,false,2026-07-10T12:41:35.549086+02:00,2854508150093,2854511137148,2.987055,true,true,163292229,163296306,4.077000,true,matched_request_response
run_1,20260710,257,before,257,target_did_random_data,0x1234,4,C8,2E1234C8,042E1234C8000000,6E1234,positive,0x6E,,true,true,false,2026-07-10T12:41:35.573468+02:00,2854532532629,2854535542731,3.010102,true,true,163316588,163320674,4.086000,true,matched_request_response
run_1,20260710,258,before,258,target_did_random_data,0x1234,5,4D84,2E12344D84,052E12344D840000,6E1234,positive,0x6E,,true,true,false,2026-07-10T12:41:35.597864+02:00,2854556928364,2854559962492,3.034128,true,true,163340952,163345035,4.083000,true,matched_request_response
run_1,20260710,259,before,259,missing_data,0x1234,3,,2E1234,032E123400000000,7F2E13,negative,0x7F,0x13,false,false,false,2026-07-10T12:41:35.622267+02:00,2854581330176,2854584384488,3.054312,true,true,163365339,163369427,4.088000,true,matched_request_response
run_1,20260710,260,before,260,target_did_random_data,0x1234,7,ADDA02B2,2E1234ADDA02B2,072E1234ADDA02B2,6E1234,positive,0x6E,,true,true,false,2026-07-10T12:41:35.646686+02:00,2854605749518,2854608819754,3.070236,true,true,163389698,163393777,4.079000,true,matched_request_response
run_1,20260710,261,before,261,unknown_did,0xF187,7,52A3B887,2EF18752A3B887,072EF18752A3B887,7F2E31,negative,0x7F,0x31,false,false,false,2026-07-10T12:41:35.671118+02:00,2854630181850,2854633202289,3.020439,true,true,163414112,163418189,4.077000,true,matched_request_response
run_1,20260710,262,before,262,target_did_random_data,0x1234,5,6293,2E12346293,052E123462930000,6E1234,positive,0x6E,,true,true,false,2026-07-10T12:41:35.695496+02:00,2854654560545,2854657602215,3.041670,true,true,163438477,163442556,4.079000,true,matched_request_response
run_1,20260710,263,before,263,missing_data,0x1234,3,,2E1234,032E123400000000,7F2E13,negative,0x7F,0x13,false,false,false,2026-07-10T12:41:35.719897+02:00,2854678960890,2854682090002,3.129112,true,true,163462869,163466960,4.091000,true,matched_request_response
run_1,20260710,264,before,264,target_did_random_data,0x1234,5,C8FC,2E1234C8FC,052E1234C8FC0000,6E1234,positive,0x6E,,true,true,false,2026-07-10T12:41:35.744397+02:00,2854703461527,2854706411706,2.950179,true,true,163487330,163491411,4.081000,true,matched_request_response
run_1,20260710,265,before,265,read_only_did,0x1001,6,5F8237,2E10015F8237,062E10015F823700,7F2E31,negative,0x7F,0x31,false,false,false,2026-07-10T12:41:35.768678+02:00,2854727742094,2854730833911,3.091817,true,true,163511592,163515674,4.082000,true,matched_request_response
run_1,20260710,266,before,266,target_did_random_data,0x1234,4,17,2E123417,042E123417000000,6E1234,positive,0x6E,,true,true,false,2026-07-10T12:41:35.793133+02:00,2854752197265,2854755395311,3.198046,true,true,163536026,163540112,4.086000,true,matched_request_response
run_1,20260710,267,before,267,target_did_random_data,0x1234,4,2A,2E12342A,042E12342A000000,6E1234,positive,0x6E,,true,true,false,2026-07-10T12:41:35.817655+02:00,2854776718156,2854779677205,2.959049,true,true,163560517,163564602,4.085000,true,matched_request_response
run_1,20260710,268,before,268,missing_data,0x1234,3,,2E1234,032E123400000000,7F2E13,negative,0x7F,0x13,false,false,false,2026-07-10T12:41:35.841938+02:00,2854801020164,2854804131886,3.111722,true,true,163584818,163588909,4.091000,true,matched_request_response
run_1,20260710,269,before,269,target_did_random_data,0x1234,5,9436,2E12349436,052E123494360000,6E1234,positive,0x6E,,true,true,false,2026-07-10T12:41:35.866385+02:00,2854825448307,2854828492422,3.044115,true,true,163609207,163613287,4.080000,true,matched_request_response
run_1,20260710,270,before,270,target_did_random_data,0x1234,7,0DCFA68D,2E12340DCFA68D,072E12340DCFA68D,6E1234,positive,0x6E,,true,true,false,2026-07-10T12:41:35.890800+02:00,2854849864156,2854852910577,3.046421,true,true,163633591,163637670,4.079000,true,matched_request_response
run_1,20260710,271,before,271,target_did_random_data,0x1234,5,00EE,2E123400EE,052E123400EE0000,6E1234,positive,0x6E,,true,true,false,2026-07-10T12:41:35.915333+02:00,2854874397620,2854877570383,3.172763,true,true,163658116,163662206,4.090000,true,matched_request_response
run_1,20260710,272,before,272,target_did_random_data,0x1234,5,0D2B,2E12340D2B,052E12340D2B0000,6E1234,positive,0x6E,,true,true,false,2026-07-10T12:41:35.939893+02:00,2854898957064,2854901776429,2.819365,true,true,163682651,163686738,4.087000,true,matched_request_response
run_1,20260710,273,before,273,target_did_random_data,0x1234,6,E29A22,2E1234E29A22,062E1234E29A2200,6E1234,positive,0x6E,,true,true,false,2026-07-10T12:41:35.964094+02:00,2854923158989,2854926147021,2.988032,true,true,163706820,163710899,4.079000,true,matched_request_response
run_1,20260710,274,before,274,target_did_random_data,0x1234,6,11F0FB,2E123411F0FB,062E123411F0FB00,6E1234,positive,0x6E,,true,true,false,2026-07-10T12:41:35.988488+02:00,2854947551931,2854950605475,3.053544,true,true,163731213,163735290,4.077000,true,matched_request_response
run_1,20260710,275,before,275,target_did_random_data,0x1234,7,B01F505B,2E1234B01F505B,072E1234B01F505B,6E1234,positive,0x6E,,true,true,false,2026-07-10T12:41:36.012904+02:00,2854971967571,2854974999534,3.031963,true,true,163755594,163759669,4.075000,true,matched_request_response
run_1,20260710,276,before,276,target_did_random_data,0x1234,6,28BE70,2E123428BE70,062E123428BE7000,6E1234,positive,0x6E,,true,true,false,2026-07-10T12:41:36.037304+02:00,2854996368615,2854999405676,3.037061,true,true,163779981,163784059,4.078000,true,matched_request_response
run_1,20260710,277,before,277,target_did_random_data,0x1234,5,0E5B,2E12340E5B,052E12340E5B0000,6E1234,positive,0x6E,,true,true,false,2026-07-10T12:41:36.061711+02:00,2855020773919,2855023831514,3.057595,true,true,163804368,163808453,4.085000,true,matched_request_response
run_1,20260710,278,before,278,target_did_random_data,0x1234,6,7BF24D,2E12347BF24D,062E12347BF24D00,6E1234,positive,0x6E,,true,true,false,2026-07-10T12:41:36.086156+02:00,2855045220848,2855048267688,3.046840,true,true,163828802,163832881,4.079000,true,matched_request_response
run_1,20260710,279,before,279,read_only_did,0x1001,4,94,2E100194,042E100194000000,7F2E31,negative,0x7F,0x31,false,false,false,2026-07-10T12:41:36.110639+02:00,2855069703607,2855072703652,3.000045,true,true,163853263,163857352,4.089000,true,matched_request_response
run_1,20260710,280,before,280,target_did_random_data,0x1234,5,45B6,2E123445B6,052E123445B60000,6E1234,positive,0x6E,,true,true,false,2026-07-10T12:41:36.134990+02:00,2855094054155,2855097104626,3.050471,true,true,163877588,163881671,4.083000,true,matched_request_response
run_1,20260710,281,before,281,target_did_random_data,0x1234,7,25FEAC30,2E123425FEAC30,072E123425FEAC30,6E1234,positive,0x6E,,true,true,false,2026-07-10T12:41:36.159362+02:00,2855118424887,2855121536539,3.111652,true,true,163901927,163906001,4.074000,true,matched_request_response
run_1,20260710,282,before,282,target_did_random_data,0x1234,4,ED,2E1234ED,042E1234ED000000,6E1234,positive,0x6E,,true,true,false,2026-07-10T12:41:36.183887+02:00,2855142951436,2855145908180,2.956744,true,true,163926445,163930530,4.085000,true,matched_request_response
run_1,20260710,283,before,283,target_did_random_data,0x1234,4,AD,2E1234AD,042E1234AD000000,6E1234,positive,0x6E,,true,true,false,2026-07-10T12:41:36.208230+02:00,2855167294441,2855170417617,3.123176,true,true,163950775,163954862,4.087000,true,matched_request_response
run_1,20260710,284,before,284,target_did_random_data,0x1234,7,C6841F6C,2E1234C6841F6C,072E1234C6841F6C,6E1234,positive,0x6E,,true,true,false,2026-07-10T12:41:36.232694+02:00,2855191758552,2855194797778,3.039226,true,true,163975200,163979272,4.072000,true,matched_request_response
run_1,20260710,285,before,285,target_did_random_data,0x1234,5,E0E7,2E1234E0E7,052E1234E0E70000,6E1234,positive,0x6E,,true,true,false,2026-07-10T12:41:36.257122+02:00,2855216186834,2855219191419,3.004585,true,true,163999621,164003704,4.083000,true,matched_request_response
run_1,20260710,286,before,286,target_did_random_data,0x1234,4,43,2E123443,042E123443000000,6E1234,positive,0x6E,,true,true,false,2026-07-10T12:41:36.281504+02:00,2855240568462,2855243569624,3.001162,true,true,164023977,164028063,4.086000,true,matched_request_response
run_1,20260710,287,before,287,target_did_random_data,0x1234,4,27,2E123427,042E123427000000,6E1234,positive,0x6E,,true,true,false,2026-07-10T12:41:36.305870+02:00,2855264934165,2855267969690,3.035525,true,true,164048310,164052395,4.085000,true,matched_request_response
run_1,20260710,288,before,288,target_did_random_data,0x1234,5,7154,2E12347154,052E123471540000,6E1234,positive,0x6E,,true,true,false,2026-07-10T12:41:36.330244+02:00,2855289308460,2855292422137,3.113677,true,true,164072660,164076743,4.083000,true,matched_request_response
run_1,20260710,289,before,289,target_did_random_data,0x1234,5,541B,2E1234541B,052E1234541B0000,6E1234,positive,0x6E,,true,true,false,2026-07-10T12:41:36.354741+02:00,2855313805675,2855316815848,3.010173,true,true,164097139,164101222,4.083000,true,matched_request_response
run_1,20260710,290,before,290,target_did_random_data,0x1234,7,AA1FC455,2E1234AA1FC455,072E1234AA1FC455,6E1234,positive,0x6E,,true,true,false,2026-07-10T12:41:36.379125+02:00,2855338188770,2855341220313,3.031543,true,true,164121481,164125554,4.073000,true,matched_request_response
run_1,20260710,291,before,291,target_did_random_data,0x1234,4,3D,2E12343D,042E12343D000000,6E1234,positive,0x6E,,true,true,false,2026-07-10T12:41:36.403557+02:00,2855362621451,2855365651179,3.029728,true,true,164145911,164149998,4.087000,true,matched_request_response
run_1,20260710,292,before,292,target_did_random_data,0x1234,4,3C,2E12343C,042E12343C000000,6E1234,positive,0x6E,,true,true,false,2026-07-10T12:41:36.427986+02:00,2855387051270,2855390099087,3.047817,true,true,164170323,164174408,4.085000,true,matched_request_response
run_1,20260710,293,before,293,missing_data,0x1234,3,,2E1234,032E123400000000,7F2E13,negative,0x7F,0x13,false,false,false,2026-07-10T12:41:36.452403+02:00,2855411467190,2855414515984,3.048794,true,true,164194712,164198803,4.091000,true,matched_request_response
run_1,20260710,294,before,294,target_did_random_data,0x1234,7,CCBE18E2,2E1234CCBE18E2,072E1234CCBE18E2,6E1234,positive,0x6E,,true,true,false,2026-07-10T12:41:36.476885+02:00,2855435948761,2855438887555,2.938794,true,true,164219154,164223230,4.076000,true,matched_request_response
run_1,20260710,295,before,295,target_did_random_data,0x1234,5,DFF8,2E1234DFF8,052E1234DFF80000,6E1234,positive,0x6E,,true,true,false,2026-07-10T12:41:36.501302+02:00,2855460366427,2855463343354,2.976927,true,true,164243568,164247650,4.082000,true,matched_request_response
run_1,20260710,296,before,296,target_did_random_data,0x1234,5,D136,2E1234D136,052E1234D1360000,6E1234,positive,0x6E,,true,true,false,2026-07-10T12:41:36.525822+02:00,2855484886690,2855487690620,2.803930,true,true,164268053,164272136,4.083000,true,matched_request_response
run_1,20260710,297,before,297,target_did_random_data,0x1234,7,70C34E22,2E123470C34E22,072E123470C34E22,6E1234,positive,0x6E,,true,true,false,2026-07-10T12:41:36.550009+02:00,2855509072621,2855512119810,3.047189,true,true,164292194,164296266,4.072000,true,matched_request_response
run_1,20260710,298,before,298,target_did_random_data,0x1234,5,456A,2E1234456A,052E1234456A0000,6E1234,positive,0x6E,,true,true,false,2026-07-10T12:41:36.574636+02:00,2855533698904,2855536515895,2.816991,true,true,164316830,164320912,4.082000,true,matched_request_response
run_1,20260710,299,before,299,target_did_random_data,0x1234,7,29637CAA,2E123429637CAA,072E123429637CAA,6E1234,positive,0x6E,,true,true,false,2026-07-10T12:41:36.598786+02:00,2855557849845,2855560950742,3.100897,true,true,164340937,164345012,4.075000,true,matched_request_response
run_1,20260710,300,before,300,target_did_random_data,0x1234,7,9A6D9203,2E12349A6D9203,072E12349A6D9203,6E1234,positive,0x6E,,true,true,false,2026-07-10T12:41:36.623240+02:00,2855582304317,2855585305969,3.001652,true,true,164365366,164369443,4.077000,true,matched_request_response
run_1,20260710,301,before,301,unknown_did,0xF187,6,EF2318,2EF187EF2318,062EF187EF231800,7F2E31,negative,0x7F,0x31,false,false,false,2026-07-10T12:41:36.647571+02:00,2855606634472,2855608825263,2.190791,true,true,164389668,164393747,4.079000,true,matched_request_response
run_1,20260710,302,before,302,read_only_did,0x1001,4,B4,2E1001B4,042E1001B4000000,7F2E31,negative,0x7F,0x31,false,false,false,2026-07-10T12:41:36.671139+02:00,2855630204121,2855633225329,3.021208,true,true,164413243,164417332,4.089000,true,matched_request_response
run_1,20260710,303,before,303,target_did_random_data,0x1234,7,02F69D41,2E123402F69D41,072E123402F69D41,6E1234,positive,0x6E,,true,true,false,2026-07-10T12:41:36.695511+02:00,2855654575133,2855657611077,3.035944,true,true,164437563,164441642,4.079000,true,matched_request_response
run_1,20260710,304,before,304,target_did_random_data,0x1234,4,75,2E123475,042E123475000000,6E1234,positive,0x6E,,true,true,false,2026-07-10T12:41:36.719866+02:00,2855678930570,2855681998292,3.067722,true,true,164461898,164465984,4.086000,true,matched_request_response
run_1,20260710,305,before,305,target_did_random_data,0x1234,4,30,2E123430,042E123430000000,6E1234,positive,0x6E,,true,true,false,2026-07-10T12:41:36.744342+02:00,2855703406554,2855706472110,3.065556,true,true,164486372,164490457,4.085000,true,matched_request_response
run_1,20260710,306,before,306,target_did_random_data,0x1234,4,19,2E123419,042E123419000000,6E1234,positive,0x6E,,true,true,false,2026-07-10T12:41:36.768730+02:00,2855727794188,2855730863656,3.069468,true,true,164510733,164514820,4.087000,true,matched_request_response
run_1,20260710,307,before,307,target_did_random_data,0x1234,7,1B111751,2E12341B111751,072E12341B111751,6E1234,positive,0x6E,,true,true,false,2026-07-10T12:41:36.793150+02:00,2855752213809,2855755350325,3.136516,true,true,164535126,164539204,4.078000,true,matched_request_response
run_1,20260710,308,before,308,target_did_random_data,0x1234,6,8ADB2A,2E12348ADB2A,062E12348ADB2A00,6E1234,positive,0x6E,,true,true,false,2026-07-10T12:41:36.817618+02:00,2855776681761,2855779668467,2.986706,true,true,164559564,164563643,4.079000,true,matched_request_response
run_1,20260710,309,before,309,unknown_did,0x3333,4,F8,2E3333F8,042E3333F8000000,7F2E31,negative,0x7F,0x31,false,false,false,2026-07-10T12:41:36.841999+02:00,2855801063389,2855804146406,3.083017,true,true,164583949,164588036,4.087000,true,matched_request_response
run_1,20260710,310,before,310,target_did_random_data,0x1234,6,F34D51,2E1234F34D51,062E1234F34D5100,6E1234,positive,0x6E,,true,true,false,2026-07-10T12:41:36.866700+02:00,2855825763983,2855828535786,2.771803,true,true,164608615,164612694,4.079000,true,matched_request_response
run_1,20260710,311,before,311,unknown_did,0x2222,4,BE,2E2222BE,042E2222BE000000,7F2E31,negative,0x7F,0x31,false,false,false,2026-07-10T12:41:36.890851+02:00,2855849915134,2855852927331,3.012197,true,true,164632764,164636850,4.086000,true,matched_request_response
run_1,20260710,312,before,312,target_did_random_data,0x1234,5,D87B,2E1234D87B,052E1234D87B0000,6E1234,positive,0x6E,,true,true,false,2026-07-10T12:41:36.915241+02:00,2855874305701,2855877384108,3.078407,true,true,164657117,164661203,4.086000,true,matched_request_response
run_1,20260710,313,before,313,unknown_did,0x2222,7,6BDF16C7,2E22226BDF16C7,072E22226BDF16C7,7F2E31,negative,0x7F,0x31,false,false,false,2026-07-10T12:41:36.939641+02:00,2855898704510,2855901787946,3.083436,true,true,164681478,164685551,4.073000,true,matched_request_response
run_1,20260710,314,before,314,target_did_random_data,0x1234,7,88D8D9FB,2E123488D8D9FB,072E123488D8D9FB,6E1234,positive,0x6E,,true,true,false,2026-07-10T12:41:36.964093+02:00,2855923158004,2855926212177,3.054173,true,true,164705925,164710000,4.075000,true,matched_request_response
run_1,20260710,315,before,315,target_did_random_data,0x1234,7,C8CA54F5,2E1234C8CA54F5,072E1234C8CA54F5,6E1234,positive,0x6E,,true,true,false,2026-07-10T12:41:36.988472+02:00,2855947535930,2855950552388,3.016458,true,true,164730275,164734348,4.073000,true,matched_request_response
run_1,20260710,316,before,316,target_did_random_data,0x1234,6,F16897,2E1234F16897,062E1234F1689700,6E1234,positive,0x6E,,true,true,false,2026-07-10T12:41:37.012848+02:00,2855971911342,2855975076982,3.165640,true,true,164754641,164758719,4.078000,true,matched_request_response
run_1,20260710,317,before,317,target_did_random_data,0x1234,5,8138,2E12348138,052E123481380000,6E1234,positive,0x6E,,true,true,false,2026-07-10T12:41:37.037356+02:00,2855996419942,2855999451765,3.031823,true,true,164779127,164783212,4.085000,true,matched_request_response
run_1,20260710,318,before,318,target_did_random_data,0x1234,4,50,2E123450,042E123450000000,6E1234,positive,0x6E,,true,true,false,2026-07-10T12:41:37.061741+02:00,2856020804294,2856023776472,2.972178,true,true,164803482,164807567,4.085000,true,matched_request_response
run_1,20260710,319,before,319,target_did_random_data,0x1234,6,CF4633,2E1234CF4633,062E1234CF463300,6E1234,positive,0x6E,,true,true,false,2026-07-10T12:41:37.085984+02:00,2856045047705,2856047360300,2.312595,true,true,164827687,164831766,4.079000,true,matched_request_response
run_1,20260710,320,before,320,target_did_random_data,0x1234,5,96D6,2E123496D6,052E123496D60000,6E1234,positive,0x6E,,true,true,false,2026-07-10T12:41:37.109644+02:00,2856068707520,2856071702816,2.995296,true,true,164851347,164855427,4.080000,true,matched_request_response
run_1,20260710,321,before,321,target_did_random_data,0x1234,5,3FD4,2E12343FD4,052E12343FD40000,6E1234,positive,0x6E,,true,true,false,2026-07-10T12:41:37.134023+02:00,2856093087681,2856096129771,3.042090,true,true,164875698,164879780,4.082000,true,matched_request_response
run_1,20260710,322,before,322,target_did_random_data,0x1234,5,DD79,2E1234DD79,052E1234DD790000,6E1234,positive,0x6E,,true,true,false,2026-07-10T12:41:37.158415+02:00,2856117478877,2856120534237,3.055360,true,true,164900059,164904141,4.082000,true,matched_request_response
run_1,20260710,323,before,323,target_did_random_data,0x1234,5,B691,2E1234B691,052E1234B6910000,6E1234,positive,0x6E,,true,true,false,2026-07-10T12:41:37.182794+02:00,2856141858550,2856144881433,3.022883,true,true,164924426,164928507,4.081000,true,matched_request_response
run_1,20260710,324,before,324,target_did_random_data,0x1234,5,43EA,2E123443EA,052E123443EA0000,6E1234,positive,0x6E,,true,true,false,2026-07-10T12:41:37.207198+02:00,2856166261619,2856169358953,3.097334,true,true,164948805,164952888,4.083000,true,matched_request_response
run_1,20260710,325,before,325,target_did_random_data,0x1234,5,A787,2E1234A787,052E1234A7870000,6E1234,positive,0x6E,,true,true,false,2026-07-10T12:41:37.231655+02:00,2856190718187,2856193783115,3.064928,true,true,164973237,164977318,4.081000,true,matched_request_response
run_1,20260710,326,before,326,target_did_random_data,0x1234,6,1FC793,2E12341FC793,062E12341FC79300,6E1234,positive,0x6E,,true,true,false,2026-07-10T12:41:37.256117+02:00,2856215181110,2856218223340,3.042230,true,true,164997678,165001757,4.079000,true,matched_request_response
run_1,20260710,327,before,327,unknown_did,0x3333,7,B24A36EB,2E3333B24A36EB,072E3333B24A36EB,7F2E31,negative,0x7F,0x31,false,false,false,2026-07-10T12:41:37.280560+02:00,2856239624617,2856242619634,2.995017,true,true,165022086,165026160,4.074000,true,matched_request_response
run_1,20260710,328,before,328,target_did_random_data,0x1234,7,38ED2ABE,2E123438ED2ABE,072E123438ED2ABE,6E1234,positive,0x6E,,true,true,false,2026-07-10T12:41:37.304993+02:00,2856264056950,2856267028849,2.971899,true,true,165046490,165050563,4.073000,true,matched_request_response
run_1,20260710,329,before,329,unknown_did,0x2222,5,A60F,2E2222A60F,052E2222A60F0000,7F2E31,negative,0x7F,0x31,false,false,false,2026-07-10T12:41:37.329337+02:00,2856288401283,2856291451754,3.050471,true,true,165070819,165074906,4.087000,true,matched_request_response
run_1,20260710,330,before,330,target_did_random_data,0x1234,5,F9C4,2E1234F9C4,052E1234F9C40000,6E1234,positive,0x6E,,true,true,false,2026-07-10T12:41:37.353772+02:00,2856312836060,2856315895121,3.059061,true,true,165095221,165099302,4.081000,true,matched_request_response
run_1,20260710,331,before,331,target_did_random_data,0x1234,6,51B568,2E123451B568,062E123451B56800,6E1234,positive,0x6E,,true,true,false,2026-07-10T12:41:37.378282+02:00,2856337345847,2856340264248,2.918401,true,true,165119702,165123780,4.078000,true,matched_request_response
run_1,20260710,332,before,332,target_did_random_data,0x1234,4,47,2E123447,042E123447000000,6E1234,positive,0x6E,,true,true,false,2026-07-10T12:41:37.402516+02:00,2856361580458,2856364681285,3.100827,true,true,165143924,165148010,4.086000,true,matched_request_response
run_1,20260710,333,before,333,target_did_random_data,0x1234,4,7B,2E12347B,042E12347B000000,6E1234,positive,0x6E,,true,true,false,2026-07-10T12:41:37.427001+02:00,2856386064683,2856389099929,3.035246,true,true,165168387,165172471,4.084000,true,matched_request_response
run_1,20260710,334,before,334,unknown_did,0xF187,6,5FFC4D,2EF1875FFC4D,062EF1875FFC4D00,7F2E31,negative,0x7F,0x31,false,false,false,2026-07-10T12:41:37.451400+02:00,2856410464470,2856413501392,3.036922,true,true,165192758,165196837,4.079000,true,matched_request_response
run_1,20260710,335,before,335,target_did_random_data,0x1234,7,C07011D7,2E1234C07011D7,072E1234C07011D7,6E1234,positive,0x6E,,true,true,false,2026-07-10T12:41:37.475856+02:00,2856434920270,2856437895661,2.975391,true,true,165217177,165221252,4.075000,true,matched_request_response
run_1,20260710,336,before,336,target_did_random_data,0x1234,7,E4A1587B,2E1234E4A1587B,072E1234E4A1587B,6E1234,positive,0x6E,,true,true,false,2026-07-10T12:41:37.500198+02:00,2856459262786,2856462450775,3.187989,true,true,165241488,165245560,4.072000,true,matched_request_response
run_1,20260710,337,before,337,target_did_random_data,0x1234,6,C0F7F8,2E1234C0F7F8,062E1234C0F7F800,6E1234,positive,0x6E,,true,true,false,2026-07-10T12:41:37.524795+02:00,2856483858478,2856486702149,2.843671,true,true,165266063,165270142,4.079000,true,matched_request_response
run_1,20260710,338,before,338,target_did_random_data,0x1234,6,688C26,2E1234688C26,062E1234688C2600,6E1234,positive,0x6E,,true,true,false,2026-07-10T12:41:37.548986+02:00,2856508049299,2856511179250,3.129951,true,true,165290223,165294299,4.076000,true,matched_request_response
run_1,20260710,339,before,339,target_did_random_data,0x1234,6,037296,2E1234037296,062E123403729600,6E1234,positive,0x6E,,true,true,false,2026-07-10T12:41:37.573457+02:00,2856532521162,2856535564160,3.042998,true,true,165314654,165318737,4.083000,true,matched_request_response
run_1,20260710,340,before,340,target_did_random_data,0x1234,6,529664,2E1234529664,062E123452966400,6E1234,positive,0x6E,,true,true,false,2026-07-10T12:41:37.597831+02:00,2856556895666,2856560167046,3.271380,true,true,165339016,165343094,4.078000,true,matched_request_response
run_1,20260710,341,before,341,target_did_random_data,0x1234,4,79,2E123479,042E123479000000,6E1234,positive,0x6E,,true,true,false,2026-07-10T12:41:37.622433+02:00,2856581497155,2856584460324,2.963169,true,true,165363600,165367687,4.087000,true,matched_request_response
run_1,20260710,342,before,342,target_did_random_data,0x1234,7,CA5F9BCB,2E1234CA5F9BCB,072E1234CA5F9BCB,6E1234,positive,0x6E,,true,true,false,2026-07-10T12:41:37.646779+02:00,2856605843373,2856608844466,3.001093,true,true,165387909,165391984,4.075000,true,matched_request_response
run_1,20260710,343,before,343,target_did_random_data,0x1234,6,F6A0F6,2E1234F6A0F6,062E1234F6A0F600,6E1234,positive,0x6E,,true,true,false,2026-07-10T12:41:37.671118+02:00,2856630181560,2856633258920,3.077360,true,true,165412225,165416302,4.077000,true,matched_request_response
run_1,20260710,344,before,344,target_did_random_data,0x1234,5,C50C,2E1234C50C,052E1234C50C0000,6E1234,positive,0x6E,,true,true,false,2026-07-10T12:41:37.695555+02:00,2856654618921,2856657638173,3.019252,true,true,165436640,165440727,4.087000,true,matched_request_response
run_1,20260710,345,before,345,target_did_random_data,0x1234,6,AD7F01,2E1234AD7F01,062E1234AD7F0100,6E1234,positive,0x6E,,true,true,false,2026-07-10T12:41:37.719910+02:00,2856678973800,2856682059261,3.085461,true,true,165460977,165465060,4.083000,true,matched_request_response
run_1,20260710,346,before,346,target_did_random_data,0x1234,6,6490E9,2E12346490E9,062E12346490E900,6E1234,positive,0x6E,,true,true,false,2026-07-10T12:41:37.744362+02:00,2856703426037,2856706520090,3.094053,true,true,165485380,165489457,4.077000,true,matched_request_response
run_1,20260710,347,before,347,read_only_did,0x1001,5,24DD,2E100124DD,052E100124DD0000,7F2E31,negative,0x7F,0x31,false,false,false,2026-07-10T12:41:37.768924+02:00,2856727988345,2856730886841,2.898496,true,true,165509947,165514034,4.087000,true,matched_request_response
run_1,20260710,348,before,348,target_did_random_data,0x1234,4,52,2E123452,042E123452000000,6E1234,positive,0x6E,,true,true,false,2026-07-10T12:41:37.793195+02:00,2856752257528,2856755404450,3.146922,true,true,165534165,165538252,4.087000,true,matched_request_response
run_1,20260710,349,before,349,target_did_random_data,0x1234,5,3263,2E12343263,052E123432630000,6E1234,positive,0x6E,,true,true,false,2026-07-10T12:41:37.817704+02:00,2856776767455,2856779694935,2.927480,true,true,165558641,165562723,4.082000,true,matched_request_response
run_1,20260710,350,before,350,missing_data,0x1234,3,,2E1234,032E123400000000,7F2E13,negative,0x7F,0x13,false,false,false,2026-07-10T12:41:37.841975+02:00,2856801039292,2856804170151,3.130859,true,true,165582895,165586985,4.090000,true,matched_request_response
run_1,20260710,351,before,351,target_did_random_data,0x1234,7,70F16349,2E123470F16349,072E123470F16349,6E1234,positive,0x6E,,true,true,false,2026-07-10T12:41:37.866979+02:00,2856826042580,2856828562115,2.519535,true,true,165607857,165611931,4.074000,true,matched_request_response
run_1,20260710,352,before,352,target_did_random_data,0x1234,5,69B0,2E123469B0,052E123469B00000,6E1234,positive,0x6E,,true,true,false,2026-07-10T12:41:37.890838+02:00,2856849902421,2856852981737,3.079316,true,true,165631703,165635786,4.083000,true,matched_request_response
run_1,20260710,353,before,353,target_did_random_data,0x1234,7,463C4F37,2E1234463C4F37,072E1234463C4F37,6E1234,positive,0x6E,,true,true,false,2026-07-10T12:41:37.915358+02:00,2856874421916,2856877404431,2.982515,true,true,165656165,165660241,4.076000,true,matched_request_response
run_1,20260710,354,before,354,target_did_random_data,0x1234,5,15F9,2E123415F9,052E123415F90000,6E1234,positive,0x6E,,true,true,false,2026-07-10T12:41:37.939655+02:00,2856898718756,2856901770135,3.051379,true,true,165680466,165684547,4.081000,true,matched_request_response
run_1,20260710,355,before,355,target_did_random_data,0x1234,5,9A99,2E12349A99,052E12349A990000,6E1234,positive,0x6E,,true,true,false,2026-07-10T12:41:37.964113+02:00,2856923176930,2856926205890,3.028960,true,true,165704882,165708964,4.082000,true,matched_request_response
run_1,20260710,356,before,356,target_did_random_data,0x1234,4,E6,2E1234E6,042E1234E6000000,6E1234,positive,0x6E,,true,true,false,2026-07-10T12:41:37.988478+02:00,2856947542425,2856950609728,3.067303,true,true,165729240,165733324,4.084000,true,matched_request_response
run_1,20260710,357,before,357,unknown_did,0xF187,4,17,2EF18717,042EF18717000000,7F2E31,negative,0x7F,0x31,false,false,false,2026-07-10T12:41:38.012870+02:00,2856971934180,2856975157858,3.223678,true,true,165753595,165757681,4.086000,true,matched_request_response
run_1,20260710,358,before,358,unknown_did,0x3333,4,9B,2E33339B,042E33339B000000,7F2E31,negative,0x7F,0x31,false,false,false,2026-07-10T12:41:38.037462+02:00,2856996526031,2856999473067,2.947036,true,true,165778162,165782249,4.087000,true,matched_request_response
run_1,20260710,359,before,359,target_did_random_data,0x1234,5,789C,2E1234789C,052E1234789C0000,6E1234,positive,0x6E,,true,true,false,2026-07-10T12:41:38.061756+02:00,2857020820357,2857024121769,3.301412,true,true,165802425,165806505,4.080000,true,matched_request_response
run_1,20260710,360,before,360,unknown_did,0xF187,4,EE,2EF187EE,042EF187EE000000,7F2E31,negative,0x7F,0x31,false,false,false,2026-07-10T12:41:38.086403+02:00,2857045466126,2857048356101,2.889975,true,true,165827051,165831138,4.087000,true,matched_request_response
run_1,20260710,361,before,361,target_did_random_data,0x1234,6,70B36B,2E123470B36B,062E123470B36B00,6E1234,positive,0x6E,,true,true,false,2026-07-10T12:41:38.110725+02:00,2857069789576,2857072721805,2.932229,true,true,165851333,165855409,4.076000,true,matched_request_response
run_1,20260710,362,before,362,target_did_random_data,0x1234,5,EB52,2E1234EB52,052E1234EB520000,6E1234,positive,0x6E,,true,true,false,2026-07-10T12:41:38.134996+02:00,2857094060505,2857097122569,3.062064,true,true,165875601,165879684,4.083000,true,matched_request_response
run_1,20260710,363,before,363,missing_data,0x1234,3,,2E1234,032E123400000000,7F2E13,negative,0x7F,0x13,false,false,false,2026-07-10T12:41:38.159521+02:00,2857118585168,2857121589544,3.004376,true,true,165900103,165904196,4.093000,true,matched_request_response
run_1,20260710,364,before,364,target_did_random_data,0x1234,6,F53DDC,2E1234F53DDC,062E1234F53DDC00,6E1234,positive,0x6E,,true,true,false,2026-07-10T12:41:38.183906+02:00,2857142970638,2857145949311,2.978673,true,true,165924445,165928521,4.076000,true,matched_request_response
run_1,20260710,365,before,365,target_did_random_data,0x1234,4,04,2E123404,042E123404000000,6E1234,positive,0x6E,,true,true,false,2026-07-10T12:41:38.208274+02:00,2857167337808,2857170346654,3.008846,true,true,165948810,165952901,4.091000,true,matched_request_response
run_1,20260710,366,before,366,target_did_random_data,0x1234,5,C6F8,2E1234C6F8,052E1234C6F80000,6E1234,positive,0x6E,,true,true,false,2026-07-10T12:41:38.232677+02:00,2857191741087,2857194762015,3.020928,true,true,165973169,165977252,4.083000,true,matched_request_response
run_1,20260710,367,before,367,target_did_random_data,0x1234,6,F51F55,2E1234F51F55,062E1234F51F5500,6E1234,positive,0x6E,,true,true,false,2026-07-10T12:41:38.257118+02:00,2857216183128,2857219220469,3.037341,true,true,165997585,166001663,4.078000,true,matched_request_response
run_1,20260710,368,before,368,target_did_random_data,0x1234,5,1D2F,2E12341D2F,052E12341D2F0000,6E1234,positive,0x6E,,true,true,false,2026-07-10T12:41:38.281497+02:00,2857240561264,2857243608313,3.047049,true,true,166021936,166026018,4.082000,true,matched_request_response
run_1,20260710,369,before,369,target_did_random_data,0x1234,7,CC7E8C2C,2E1234CC7E8C2C,072E1234CC7E8C2C,6E1234,positive,0x6E,,true,true,false,2026-07-10T12:41:38.305879+02:00,2857264943800,2857268059363,3.115563,true,true,166046282,166050355,4.073000,true,matched_request_response
run_1,20260710,370,before,370,read_only_did,0x1001,4,22,2E100122,042E100122000000,7F2E31,negative,0x7F,0x31,false,false,false,2026-07-10T12:41:38.330361+02:00,2857289425162,2857292412426,2.987264,true,true,166070760,166074852,4.092000,true,matched_request_response
run_1,20260710,371,before,371,target_did_random_data,0x1234,7,A43E1D08,2E1234A43E1D08,072E1234A43E1D08,6E1234,positive,0x6E,,true,true,false,2026-07-10T12:41:38.354768+02:00,2857313832491,2857316847483,3.014992,true,true,166095125,166099206,4.081000,true,matched_request_response
run_1,20260710,372,before,372,target_did_random_data,0x1234,4,13,2E123413,042E123413000000,6E1234,positive,0x6E,,true,true,false,2026-07-10T12:41:38.379125+02:00,2857338189186,2857341256209,3.067023,true,true,166119471,166123556,4.085000,true,matched_request_response
run_1,20260710,373,before,373,target_did_random_data,0x1234,4,31,2E123431,042E123431000000,6E1234,positive,0x6E,,true,true,false,2026-07-10T12:41:38.403612+02:00,2857362676344,2857365660536,2.984192,true,true,166143924,166148010,4.086000,true,matched_request_response
run_1,20260710,374,before,374,unknown_did,0xF187,4,AD,2EF187AD,042EF187AD000000,7F2E31,negative,0x7F,0x31,false,false,false,2026-07-10T12:41:38.428015+02:00,2857387079623,2857390104323,3.024700,true,true,166168302,166172386,4.084000,true,matched_request_response
run_1,20260710,375,before,375,target_did_random_data,0x1234,4,82,2E123482,042E123482000000,6E1234,positive,0x6E,,true,true,false,2026-07-10T12:41:38.452461+02:00,2857411524598,2857414547970,3.023372,true,true,166192724,166196811,4.087000,true,matched_request_response
run_1,20260710,376,before,376,target_did_random_data,0x1234,5,DD99,2E1234DD99,052E1234DD990000,6E1234,positive,0x6E,,true,true,false,2026-07-10T12:41:38.476850+02:00,2857435913699,2857438920100,3.006401,true,true,166217067,166221150,4.083000,true,matched_request_response
run_1,20260710,377,before,377,read_only_did,0x1001,5,8FE7,2E10018FE7,052E10018FE70000,7F2E31,negative,0x7F,0x31,false,false,false,2026-07-10T12:41:38.501256+02:00,2857460319562,2857463437500,3.117938,true,true,166241462,166245547,4.085000,true,matched_request_response
run_1,20260710,378,before,378,target_did_random_data,0x1234,4,37,2E123437,042E123437000000,6E1234,positive,0x6E,,true,true,false,2026-07-10T12:41:38.525848+02:00,2857484911483,2857487727425,2.815942,true,true,166266022,166270109,4.087000,true,matched_request_response
run_1,20260710,379,before,379,target_did_random_data,0x1234,7,F4E39D39,2E1234F4E39D39,072E1234F4E39D39,6E1234,positive,0x6E,,true,true,false,2026-07-10T12:41:38.550069+02:00,2857509132824,2857512198521,3.065697,true,true,166290227,166294299,4.072000,true,matched_request_response
run_1,20260710,380,before,380,unknown_did,0x3333,4,55,2E333355,042E333355000000,7F2E31,negative,0x7F,0x31,false,false,false,2026-07-10T12:41:38.574479+02:00,2857533542598,2857536581336,3.038738,true,true,166314615,166318702,4.087000,true,matched_request_response
run_1,20260710,381,before,381,target_did_random_data,0x1234,6,7F64CA,2E12347F64CA,062E12347F64CA00,6E1234,positive,0x6E,,true,true,false,2026-07-10T12:41:38.598884+02:00,2857557948531,2857560977211,3.028680,true,true,166338985,166343064,4.079000,true,matched_request_response
run_1,20260710,382,before,382,target_did_random_data,0x1234,6,6D1CB7,2E12346D1CB7,062E12346D1CB700,6E1234,positive,0x6E,,true,true,false,2026-07-10T12:41:38.623323+02:00,2857582385823,2857585440554,3.054731,true,true,166363385,166367462,4.077000,true,matched_request_response
run_1,20260710,383,before,383,target_did_random_data,0x1234,6,BD8390,2E1234BD8390,062E1234BD839000,6E1234,positive,0x6E,,true,true,false,2026-07-10T12:41:38.647791+02:00,2857606856778,2857609818201,2.961423,true,true,166387879,166391957,4.078000,true,matched_request_response
run_1,20260710,384,before,384,target_did_random_data,0x1234,6,9F3DCD,2E12349F3DCD,062E12349F3DCD00,6E1234,positive,0x6E,,true,true,false,2026-07-10T12:41:38.672139+02:00,2857631201739,2857634209048,3.007309,true,true,166412168,166416247,4.079000,true,matched_request_response
run_1,20260710,385,before,385,target_did_random_data,0x1234,4,99,2E123499,042E123499000000,6E1234,positive,0x6E,,true,true,false,2026-07-10T12:41:38.696456+02:00,2857655519881,2857658537596,3.017715,true,true,166436478,166440563,4.085000,true,matched_request_response
run_1,20260710,386,before,386,target_did_random_data,0x1234,4,51,2E123451,042E123451000000,6E1234,positive,0x6E,,true,true,false,2026-07-10T12:41:38.720887+02:00,2857679949909,2857683086006,3.136097,true,true,166460870,166464956,4.086000,true,matched_request_response
run_1,20260710,387,before,387,target_did_random_data,0x1234,4,0F,2E12340F,042E12340F000000,6E1234,positive,0x6E,,true,true,false,2026-07-10T12:41:38.745370+02:00,2857704434065,2857707453247,3.019182,true,true,166485322,166489411,4.089000,true,matched_request_response
run_1,20260710,388,before,388,target_did_random_data,0x1234,6,A21612,2E1234A21612,062E1234A2161200,6E1234,positive,0x6E,,true,true,false,2026-07-10T12:41:38.769743+02:00,2857728807591,2857731914075,3.106484,true,true,166509653,166513731,4.078000,true,matched_request_response
run_1,20260710,389,before,389,target_did_random_data,0x1234,7,CE13C623,2E1234CE13C623,072E1234CE13C623,6E1234,positive,0x6E,,true,true,false,2026-07-10T12:41:38.794257+02:00,2857753321359,2857756353462,3.032103,true,true,166534145,166538220,4.075000,true,matched_request_response
run_1,20260710,390,before,390,target_did_random_data,0x1234,5,0B18,2E12340B18,052E12340B180000,6E1234,positive,0x6E,,true,true,false,2026-07-10T12:41:38.818656+02:00,2857777719610,2857780743192,3.023582,true,true,166558535,166562623,4.088000,true,matched_request_response
run_1,20260710,391,before,391,target_did_random_data,0x1234,7,6DC93B73,2E12346DC93B73,072E12346DC93B73,6E1234,positive,0x6E,,true,true,false,2026-07-10T12:41:38.843062+02:00,2857802126171,2857805139975,3.013804,true,true,166582924,166586998,4.074000,true,matched_request_response
run_1,20260710,392,before,392,target_did_random_data,0x1234,6,FC604D,2E1234FC604D,062E1234FC604D00,6E1234,positive,0x6E,,true,true,false,2026-07-10T12:41:38.867464+02:00,2857826527774,2857829540321,3.012547,true,true,166607285,166611361,4.076000,true,matched_request_response
run_1,20260710,393,before,393,target_did_random_data,0x1234,7,76241496,2E123476241496,072E123476241496,6E1234,positive,0x6E,,true,true,false,2026-07-10T12:41:38.891834+02:00,2857850896760,2857853912241,3.015481,true,true,166631615,166635690,4.075000,true,matched_request_response
run_1,20260710,394,before,394,unknown_did,0x3333,4,CA,2E3333CA,042E3333CA000000,7F2E31,negative,0x7F,0x31,false,false,false,2026-07-10T12:41:38.916279+02:00,2857875342712,2857878379215,3.036503,true,true,166656052,166660139,4.087000,true,matched_request_response
run_1,20260710,395,before,395,target_did_random_data,0x1234,4,EE,2E1234EE,042E1234EE000000,6E1234,positive,0x6E,,true,true,false,2026-07-10T12:41:38.940692+02:00,2857899755979,2857902776837,3.020858,true,true,166680439,166684523,4.084000,true,matched_request_response
run_1,20260710,396,before,396,target_did_random_data,0x1234,7,31CBF00A,2E123431CBF00A,072E123431CBF00A,6E1234,positive,0x6E,,true,true,false,2026-07-10T12:41:38.965116+02:00,2857924180350,2857927224814,3.044464,true,true,166704835,166708914,4.079000,true,matched_request_response
run_1,20260710,397,before,397,read_only_did,0x1001,6,D77D59,2E1001D77D59,062E1001D77D5900,7F2E31,negative,0x7F,0x31,false,false,false,2026-07-10T12:41:38.989496+02:00,2857948559952,2857951617966,3.058014,true,true,166729196,166733276,4.080000,true,matched_request_response
run_1,20260710,398,before,398,unknown_did,0xF187,4,3E,2EF1873E,042EF1873E000000,7F2E31,negative,0x7F,0x31,false,false,false,2026-07-10T12:41:39.014024+02:00,2857973089644,2857976069296,2.979652,true,true,166753710,166757796,4.086000,true,matched_request_response
run_1,20260710,399,before,399,unknown_did,0x2222,7,03963E1F,2E222203963E1F,072E222203963E1F,7F2E31,negative,0x7F,0x31,false,false,false,2026-07-10T12:41:39.038393+02:00,2857997456955,2858000470270,3.013315,true,true,166778041,166782120,4.079000,true,matched_request_response
run_1,20260710,400,before,400,missing_data,0x1234,3,,2E1234,032E123400000000,7F2E13,negative,0x7F,0x13,false,false,false,2026-07-10T12:41:39.062888+02:00,2858021953053,2858024927397,2.974344,true,true,166802519,166806610,4.091000,true,matched_request_response
run_1,20260710,401,before,401,target_did_random_data,0x1234,6,D33EA9,2E1234D33EA9,062E1234D33EA900,6E1234,positive,0x6E,,true,true,false,2026-07-10T12:41:39.087279+02:00,2858046344040,2858049253222,2.909182,true,true,166826860,166830939,4.079000,true,matched_request_response
run_1,20260710,402,before,402,target_did_random_data,0x1234,7,33A82DF7,2E123433A82DF7,072E123433A82DF7,6E1234,positive,0x6E,,true,true,false,2026-07-10T12:41:39.111641+02:00,2858070705554,2858073677104,2.971550,true,true,166851197,166855270,4.073000,true,matched_request_response
run_1,20260710,403,before,403,unknown_did,0xF187,4,5F,2EF1875F,042EF1875F000000,7F2E31,negative,0x7F,0x31,false,false,false,2026-07-10T12:41:39.135989+02:00,2858095053239,2858098107272,3.054033,true,true,166875540,166879627,4.087000,true,matched_request_response
run_1,20260710,404,before,404,target_did_random_data,0x1234,6,425D4D,2E1234425D4D,062E1234425D4D00,6E1234,positive,0x6E,,true,true,false,2026-07-10T12:41:39.160422+02:00,2858119486410,2858122513554,3.027144,true,true,166899922,166904001,4.079000,true,matched_request_response
run_1,20260710,405,before,405,target_did_random_data,0x1234,4,36,2E123436,042E123436000000,6E1234,positive,0x6E,,true,true,false,2026-07-10T12:41:39.184826+02:00,2858143889899,2858146943024,3.053125,true,true,166924310,166928394,4.084000,true,matched_request_response
run_1,20260710,406,before,406,target_did_random_data,0x1234,5,C624,2E1234C624,052E1234C6240000,6E1234,positive,0x6E,,true,true,false,2026-07-10T12:41:39.209244+02:00,2858168308334,2858171425364,3.117030,true,true,166948687,166952770,4.083000,true,matched_request_response
run_1,20260710,407,before,407,target_did_random_data,0x1234,7,35087FBD,2E123435087FBD,072E123435087FBD,6E1234,positive,0x6E,,true,true,false,2026-07-10T12:41:39.233894+02:00,2858192957106,2858195760198,2.803092,true,true,166973304,166977381,4.077000,true,matched_request_response
run_1,20260710,408,before,408,target_did_random_data,0x1234,4,74,2E123474,042E123474000000,6E1234,positive,0x6E,,true,true,false,2026-07-10T12:41:39.258084+02:00,2858217148346,2858220174163,3.025817,true,true,166997499,167001584,4.085000,true,matched_request_response
run_1,20260710,409,before,409,missing_data,0x1234,3,,2E1234,032E123400000000,7F2E13,negative,0x7F,0x13,false,false,false,2026-07-10T12:41:39.282475+02:00,2858241538145,2858244559772,3.021627,true,true,167021856,167025947,4.091000,true,matched_request_response
run_1,20260710,410,before,410,unknown_did,0xF187,5,64AB,2EF18764AB,052EF18764AB0000,7F2E31,negative,0x7F,0x31,false,false,false,2026-07-10T12:41:39.306870+02:00,2858265933951,2858269092816,3.158865,true,true,167046222,167050303,4.081000,true,matched_request_response
run_1,20260710,411,before,411,unknown_did,0xF187,6,1881C2,2EF1871881C2,062EF1871881C200,7F2E31,negative,0x7F,0x31,false,false,false,2026-07-10T12:41:39.331418+02:00,2858290481942,2858293442457,2.960515,true,true,167070736,167074815,4.079000,true,matched_request_response
run_1,20260710,412,before,412,target_did_random_data,0x1234,5,3488,2E12343488,052E123434880000,6E1234,positive,0x6E,,true,true,false,2026-07-10T12:41:39.355801+02:00,2858314866364,2858317844968,2.978604,true,true,167095116,167099201,4.085000,true,matched_request_response
run_1,20260710,413,before,413,target_did_random_data,0x1234,7,2047D5E5,2E12342047D5E5,072E12342047D5E5,6E1234,positive,0x6E,,true,true,false,2026-07-10T12:41:39.380166+02:00,2858339228855,2858342251948,3.023093,true,true,167119438,167123511,4.073000,true,matched_request_response
run_1,20260710,414,before,414,target_did_random_data,0x1234,4,6E,2E12346E,042E12346E000000,6E1234,positive,0x6E,,true,true,false,2026-07-10T12:41:39.404622+02:00,2858363686960,2858366630713,2.943753,true,true,167143888,167147975,4.087000,true,matched_request_response
run_1,20260710,415,before,415,target_did_random_data,0x1234,5,22C0,2E123422C0,052E123422C00000,6E1234,positive,0x6E,,true,true,false,2026-07-10T12:41:39.428998+02:00,2858388062721,2858391087281,3.024560,true,true,167168228,167172308,4.080000,true,matched_request_response
run_1,20260710,416,before,416,target_did_random_data,0x1234,6,81CD53,2E123481CD53,062E123481CD5300,6E1234,positive,0x6E,,true,true,false,2026-07-10T12:41:39.453386+02:00,2858412450635,2858415477849,3.027214,true,true,167192579,167196657,4.078000,true,matched_request_response
run_1,20260710,417,before,417,target_did_random_data,0x1234,5,B04E,2E1234B04E,052E1234B04E0000,6E1234,positive,0x6E,,true,true,false,2026-07-10T12:41:39.477794+02:00,2858436859362,2858439921077,3.061715,true,true,167216975,167221058,4.083000,true,matched_request_response
run_1,20260710,418,before,418,target_did_random_data,0x1234,5,6FE0,2E12346FE0,052E12346FE00000,6E1234,positive,0x6E,,true,true,false,2026-07-10T12:41:39.502263+02:00,2858461327244,2858464346915,3.019671,true,true,167241417,167245498,4.081000,true,matched_request_response
run_1,20260710,419,before,419,read_only_did,0x1001,4,60,2E100160,042E100160000000,7F2E31,negative,0x7F,0x31,false,false,false,2026-07-10T12:41:39.526673+02:00,2858485736949,2858488750962,3.014013,true,true,167265808,167269899,4.091000,true,matched_request_response
run_1,20260710,420,before,420,target_did_random_data,0x1234,5,DD07,2E1234DD07,052E1234DD070000,6E1234,positive,0x6E,,true,true,false,2026-07-10T12:41:39.551111+02:00,2858510175288,2858513141460,2.966172,true,true,167290208,167294293,4.085000,true,matched_request_response
run_1,20260710,421,before,421,read_only_did,0x1001,5,D4C5,2E1001D4C5,052E1001D4C50000,7F2E31,negative,0x7F,0x31,false,false,false,2026-07-10T12:41:39.575438+02:00,2858534501183,2858537587063,3.085880,true,true,167314507,167318592,4.085000,true,matched_request_response
run_1,20260710,422,before,422,target_did_random_data,0x1234,5,B0F9,2E1234B0F9,052E1234B0F90000,6E1234,positive,0x6E,,true,true,false,2026-07-10T12:41:39.599898+02:00,2858558961941,2858561977212,3.015271,true,true,167338949,167343032,4.083000,true,matched_request_response
run_1,20260710,423,before,423,target_did_random_data,0x1234,6,DB958B,2E1234DB958B,062E1234DB958B00,6E1234,positive,0x6E,,true,true,false,2026-07-10T12:41:39.624321+02:00,2858583384008,2858586441533,3.057525,true,true,167363324,167367401,4.077000,true,matched_request_response
run_1,20260710,424,before,424,read_only_did,0x1001,5,5D5E,2E10015D5E,052E10015D5E0000,7F2E31,negative,0x7F,0x31,false,false,false,2026-07-10T12:41:39.648756+02:00,2858607820671,2858610787751,2.967080,true,true,167387756,167391843,4.087000,true,matched_request_response
run_1,20260710,425,before,425,target_did_random_data,0x1234,6,9E545B,2E12349E545B,062E12349E545B00,6E1234,positive,0x6E,,true,true,false,2026-07-10T12:41:39.673125+02:00,2858632190217,2858635220224,3.030007,true,true,167412093,167416172,4.079000,true,matched_request_response
run_1,20260710,426,before,426,target_did_random_data,0x1234,4,DD,2E1234DD,042E1234DD000000,6E1234,positive,0x6E,,true,true,false,2026-07-10T12:41:39.697548+02:00,2858656612423,2858659625389,3.012966,true,true,167436502,167440586,4.084000,true,matched_request_response
run_1,20260710,427,before,427,target_did_random_data,0x1234,5,C238,2E1234C238,052E1234C2380000,6E1234,positive,0x6E,,true,true,false,2026-07-10T12:41:39.721997+02:00,2858681062076,2858684078535,3.016459,true,true,167460926,167465009,4.083000,true,matched_request_response
run_1,20260710,428,before,428,missing_data,0x1234,3,,2E1234,032E123400000000,7F2E13,negative,0x7F,0x13,false,false,false,2026-07-10T12:41:39.746367+02:00,2858705431063,2858708501858,3.070795,true,true,167485273,167489361,4.088000,true,matched_request_response
run_1,20260710,429,before,429,unknown_did,0x2222,6,F964E4,2E2222F964E4,062E2222F964E400,7F2E31,negative,0x7F,0x31,false,false,false,2026-07-10T12:41:39.770899+02:00,2858729964038,2858732892496,2.928458,true,true,167509801,167513879,4.078000,true,matched_request_response
run_1,20260710,430,before,430,target_did_random_data,0x1234,7,2C89E6A7,2E12342C89E6A7,072E12342C89E6A7,6E1234,positive,0x6E,,true,true,false,2026-07-10T12:41:39.795278+02:00,2858754341895,2858757312816,2.970921,true,true,167534118,167538196,4.078000,true,matched_request_response
run_1,20260710,431,before,431,target_did_random_data,0x1234,5,368E,2E1234368E,052E1234368E0000,6E1234,positive,0x6E,,true,true,false,2026-07-10T12:41:39.819649+02:00,2858778713396,2858781712044,2.998648,true,true,167558466,167562547,4.081000,true,matched_request_response
run_1,20260710,432,before,432,target_did_random_data,0x1234,4,AF,2E1234AF,042E1234AF000000,6E1234,positive,0x6E,,true,true,false,2026-07-10T12:41:39.844049+02:00,2858803112764,2858806112320,2.999556,true,true,167582899,167586985,4.086000,true,matched_request_response
run_1,20260710,433,before,433,target_did_random_data,0x1234,4,EC,2E1234EC,042E1234EC000000,6E1234,positive,0x6E,,true,true,false,2026-07-10T12:41:39.868438+02:00,2858827502493,2858830610444,3.107951,true,true,167607216,167611300,4.084000,true,matched_request_response
run_1,20260710,434,before,434,target_did_random_data,0x1234,6,527446,2E1234527446,062E123452744600,6E1234,positive,0x6E,,true,true,false,2026-07-10T12:41:39.892973+02:00,2858852037005,2858854927748,2.890743,true,true,167631711,167635790,4.079000,true,matched_request_response
run_1,20260710,435,before,435,unknown_did,0x3333,6,BAA783,2E3333BAA783,062E3333BAA78300,7F2E31,negative,0x7F,0x31,false,false,false,2026-07-10T12:41:39.917265+02:00,2858876329934,2858879442634,3.112700,true,true,167655967,167660046,4.079000,true,matched_request_response
run_1,20260710,436,before,436,target_did_random_data,0x1234,4,A9,2E1234A9,042E1234A9000000,6E1234,positive,0x6E,,true,true,false,2026-07-10T12:41:39.941756+02:00,2858900819607,2858903770693,2.951086,true,true,167680439,167684523,4.084000,true,matched_request_response
run_1,20260710,437,before,437,target_did_random_data,0x1234,4,75,2E123475,042E123475000000,6E1234,positive,0x6E,,true,true,false,2026-07-10T12:41:39.966137+02:00,2858925200956,2858928221954,3.020998,true,true,167704796,167708882,4.086000,true,matched_request_response
run_1,20260710,438,before,438,target_did_random_data,0x1234,7,82286ACB,2E123482286ACB,072E123482286ACB,6E1234,positive,0x6E,,true,true,false,2026-07-10T12:41:39.990548+02:00,2858949612616,2858952591848,2.979232,true,true,167729166,167733242,4.076000,true,matched_request_response
run_1,20260710,439,before,439,target_did_random_data,0x1234,4,20,2E123420,042E123420000000,6E1234,positive,0x6E,,true,true,false,2026-07-10T12:41:40.014974+02:00,2858974039501,2858977078169,3.038668,true,true,167753590,167757677,4.087000,true,matched_request_response
run_1,20260710,440,before,440,target_did_random_data,0x1234,4,20,2E123420,042E123420000000,6E1234,positive,0x6E,,true,true,false,2026-07-10T12:41:40.039402+02:00,2858998466457,2859001430324,2.963867,true,true,167777983,167782070,4.087000,true,matched_request_response
run_1,20260710,441,before,441,unknown_did,0x3333,7,B3195CDE,2E3333B3195CDE,072E3333B3195CDE,7F2E31,negative,0x7F,0x31,false,false,false,2026-07-10T12:41:40.063795+02:00,2859022860098,2859025853857,2.993759,true,true,167802345,167806417,4.072000,true,matched_request_response
run_1,20260710,442,before,442,target_did_random_data,0x1234,6,A64DC3,2E1234A64DC3,062E1234A64DC300,6E1234,positive,0x6E,,true,true,false,2026-07-10T12:41:40.088145+02:00,2859047210647,2859050293245,3.082598,true,true,167826671,167830750,4.079000,true,matched_request_response
run_1,20260710,443,before,443,target_did_random_data,0x1234,5,2954,2E12342954,052E123429540000,6E1234,positive,0x6E,,true,true,false,2026-07-10T12:41:40.112648+02:00,2859071714078,2859074686746,2.972668,true,true,167851157,167855241,4.084000,true,matched_request_response
run_1,20260710,444,before,444,target_did_random_data,0x1234,5,AF62,2E1234AF62,052E1234AF620000,6E1234,positive,0x6E,,true,true,false,2026-07-10T12:41:40.137011+02:00,2859096076221,2859099119289,3.043068,true,true,167875482,167879563,4.081000,true,matched_request_response
run_1,20260710,445,before,445,missing_data,0x1234,3,,2E1234,032E123400000000,7F2E13,negative,0x7F,0x13,false,false,false,2026-07-10T12:41:40.161465+02:00,2859120530415,2859123516003,2.985588,true,true,167899931,167904022,4.091000,true,matched_request_response
run_1,20260710,446,before,446,target_did_random_data,0x1234,7,BC553793,2E1234BC553793,072E1234BC553793,6E1234,positive,0x6E,,true,true,false,2026-07-10T12:41:40.185995+02:00,2859145058850,2859147952736,2.893886,true,true,167924410,167928483,4.073000,true,matched_request_response
run_1,20260710,447,before,447,target_did_random_data,0x1234,6,90AE60,2E123490AE60,062E123490AE6000,6E1234,positive,0x6E,,true,true,false,2026-07-10T12:41:40.210261+02:00,2859169324820,2859172379901,3.055081,true,true,167948641,167952719,4.078000,true,matched_request_response
run_1,20260710,448,before,448,target_did_random_data,0x1234,6,87CD1F,2E123487CD1F,062E123487CD1F00,6E1234,positive,0x6E,,true,true,false,2026-07-10T12:41:40.234706+02:00,2859193770633,2859196749656,2.979023,true,true,167973087,167977167,4.080000,true,matched_request_response
run_1,20260710,449,before,449,target_did_random_data,0x1234,6,2AD0C2,2E12342AD0C2,062E12342AD0C200,6E1234,positive,0x6E,,true,true,false,2026-07-10T12:41:40.259068+02:00,2859218133474,2859221122205,2.988731,true,true,167997439,168001515,4.076000,true,matched_request_response
run_1,20260710,450,before,450,target_did_random_data,0x1234,6,7F552B,2E12347F552B,062E12347F552B00,6E1234,positive,0x6E,,true,true,false,2026-07-10T12:41:40.283456+02:00,2859242520899,2859245581148,3.060249,true,true,168021779,168025858,4.079000,true,matched_request_response
run_1,20260710,451,before,451,target_did_random_data,0x1234,6,5AD5DC,2E12345AD5DC,062E12345AD5DC00,6E1234,positive,0x6E,,true,true,false,2026-07-10T12:41:40.307862+02:00,2859266926413,2859269979398,3.052985,true,true,168046153,168050233,4.080000,true,matched_request_response
run_1,20260710,452,before,452,target_did_random_data,0x1234,4,19,2E123419,042E123419000000,6E1234,positive,0x6E,,true,true,false,2026-07-10T12:41:40.332392+02:00,2859291455128,2859294402024,2.946896,true,true,168070694,168074780,4.086000,true,matched_request_response
run_1,20260710,453,before,453,target_did_random_data,0x1234,6,0CF2AD,2E12340CF2AD,062E12340CF2AD00,6E1234,positive,0x6E,,true,true,false,2026-07-10T12:41:40.356678+02:00,2859315741841,2859318797900,3.056059,true,true,168094935,168099018,4.083000,true,matched_request_response
run_1,20260710,454,before,454,target_did_random_data,0x1234,4,57,2E123457,042E123457000000,6E1234,positive,0x6E,,true,true,false,2026-07-10T12:41:40.381144+02:00,2859340208467,2859343299865,3.091398,true,true,168119384,168123468,4.084000,true,matched_request_response
run_1,20260710,455,before,455,unknown_did,0xF187,6,D97ECF,2EF187D97ECF,062EF187D97ECF00,7F2E31,negative,0x7F,0x31,false,false,false,2026-07-10T12:41:40.405638+02:00,2859364702121,2859367641614,2.939493,true,true,168143851,168147930,4.079000,true,matched_request_response
run_1,20260710,456,before,456,unknown_did,0xF187,6,7F5E74,2EF1877F5E74,062EF1877F5E7400,7F2E31,negative,0x7F,0x31,false,false,false,2026-07-10T12:41:40.429993+02:00,2859389057489,2859392080931,3.023442,true,true,168168188,168172265,4.077000,true,matched_request_response
run_1,20260710,457,before,457,target_did_random_data,0x1234,5,737C,2E1234737C,052E1234737C0000,6E1234,positive,0x6E,,true,true,false,2026-07-10T12:41:40.454410+02:00,2859413474387,2859416458369,2.983982,true,true,168192586,168196669,4.083000,true,matched_request_response
run_1,20260710,458,before,458,target_did_random_data,0x1234,7,FD365B15,2E1234FD365B15,072E1234FD365B15,6E1234,positive,0x6E,,true,true,false,2026-07-10T12:41:40.478842+02:00,2859437906650,2859440888537,2.981887,true,true,168216975,168221050,4.075000,true,matched_request_response
run_1,20260710,459,before,459,target_did_random_data,0x1234,6,1CB155,2E12341CB155,062E12341CB15500,6E1234,positive,0x6E,,true,true,false,2026-07-10T12:41:40.503255+02:00,2859462318799,2859465392807,3.074008,true,true,168241364,168245441,4.077000,true,matched_request_response
run_1,20260710,460,before,460,unknown_did,0xF187,5,FD3A,2EF187FD3A,052EF187FD3A0000,7F2E31,negative,0x7F,0x31,false,false,false,2026-07-10T12:41:40.527801+02:00,2859486865184,2859489764378,2.899194,true,true,168265903,168269985,4.082000,true,matched_request_response
run_1,20260710,461,before,461,target_did_random_data,0x1234,5,B3E6,2E1234B3E6,052E1234B3E60000,6E1234,positive,0x6E,,true,true,false,2026-07-10T12:41:40.552119+02:00,2859511182907,2859514150616,2.967709,true,true,168290193,168294274,4.081000,true,matched_request_response
run_1,20260710,462,before,462,target_did_random_data,0x1234,4,8D,2E12348D,042E12348D000000,6E1234,positive,0x6E,,true,true,false,2026-07-10T12:41:40.576575+02:00,2859535639406,2859538574638,2.935232,true,true,168314623,168318710,4.087000,true,matched_request_response
run_1,20260710,463,before,463,target_did_random_data,0x1234,5,10AC,2E123410AC,052E123410AC0000,6E1234,positive,0x6E,,true,true,false,2026-07-10T12:41:40.600878+02:00,2859559941345,2859562942647,3.001302,true,true,168338898,168342981,4.083000,true,matched_request_response
run_1,20260710,464,before,464,target_did_random_data,0x1234,6,78D4FC,2E123478D4FC,062E123478D4FC00,6E1234,positive,0x6E,,true,true,false,2026-07-10T12:41:40.625228+02:00,2859584291474,2859587350257,3.058783,true,true,168363211,168367287,4.076000,true,matched_request_response
run_1,20260710,465,before,465,target_did_random_data,0x1234,5,48DE,2E123448DE,052E123448DE0000,6E1234,positive,0x6E,,true,true,false,2026-07-10T12:41:40.649604+02:00,2859608667865,2859611815415,3.147550,true,true,168387568,168391651,4.083000,true,matched_request_response
run_1,20260710,466,before,466,target_did_random_data,0x1234,4,84,2E123484,042E123484000000,6E1234,positive,0x6E,,true,true,false,2026-07-10T12:41:40.674113+02:00,2859633176954,2859636181818,3.004864,true,true,168412053,168416140,4.087000,true,matched_request_response
run_1,20260710,467,before,467,target_did_random_data,0x1234,5,4898,2E12344898,052E123448980000,6E1234,positive,0x6E,,true,true,false,2026-07-10T12:41:40.698494+02:00,2859657558093,2859660603745,3.045652,true,true,168436413,168440494,4.081000,true,matched_request_response
run_1,20260710,468,before,468,target_did_random_data,0x1234,5,CFC4,2E1234CFC4,052E1234CFC40000,6E1234,positive,0x6E,,true,true,false,2026-07-10T12:41:40.722917+02:00,2859681981487,2859685056542,3.075055,true,true,168460821,168464904,4.083000,true,matched_request_response
run_1,20260710,469,before,469,target_did_random_data,0x1234,4,D7,2E1234D7,042E1234D7000000,6E1234,positive,0x6E,,true,true,false,2026-07-10T12:41:40.747294+02:00,2859706357388,2859709364208,3.006820,true,true,168485142,168489229,4.087000,true,matched_request_response
run_1,20260710,470,before,470,target_did_random_data,0x1234,4,CA,2E1234CA,042E1234CA000000,6E1234,positive,0x6E,,true,true,false,2026-07-10T12:41:40.771551+02:00,2859730614419,2859732862759,2.248340,true,true,168509371,168513455,4.084000,true,matched_request_response
run_1,20260710,471,before,471,unknown_did,0x2222,4,12,2E222212,042E222212000000,7F2E31,negative,0x7F,0x31,false,false,false,2026-07-10T12:41:40.795127+02:00,2859754190983,2859757402788,3.211805,true,true,168532936,168537022,4.086000,true,matched_request_response
run_1,20260710,472,before,472,target_did_random_data,0x1234,4,B1,2E1234B1,042E1234B1000000,6E1234,positive,0x6E,,true,true,false,2026-07-10T12:41:40.819644+02:00,2859778707615,2859781700956,2.993341,true,true,168557421,168561506,4.085000,true,matched_request_response
run_1,20260710,473,before,473,target_did_random_data,0x1234,5,869B,2E1234869B,052E1234869B0000,6E1234,positive,0x6E,,true,true,false,2026-07-10T12:41:40.843971+02:00,2859803035186,2859806104584,3.069398,true,true,168581720,168585803,4.083000,true,matched_request_response
run_1,20260710,474,before,474,missing_data,0x1234,3,,2E1234,032E123400000000,7F2E13,negative,0x7F,0x13,false,false,false,2026-07-10T12:41:40.868403+02:00,2859827466751,2859830525673,3.058922,true,true,168606143,168610234,4.091000,true,matched_request_response
run_1,20260710,475,before,475,unknown_did,0x2222,4,E7,2E2222E7,042E2222E7000000,7F2E31,negative,0x7F,0x31,false,false,false,2026-07-10T12:41:40.892826+02:00,2859851889655,2859854948368,3.058713,true,true,168630531,168634618,4.087000,true,matched_request_response
run_1,20260710,476,before,476,target_did_random_data,0x1234,4,43,2E123443,042E123443000000,6E1234,positive,0x6E,,true,true,false,2026-07-10T12:41:40.917297+02:00,2859876362148,2859879386219,3.024071,true,true,168654986,168659073,4.087000,true,matched_request_response
run_1,20260710,477,before,477,unknown_did,0x3333,7,BD50D455,2E3333BD50D455,072E3333BD50D455,7F2E31,negative,0x7F,0x31,false,false,false,2026-07-10T12:41:40.941761+02:00,2859900824722,2859903794945,2.970223,true,true,168679393,168683466,4.073000,true,matched_request_response
run_1,20260710,478,before,478,missing_data,0x1234,3,,2E1234,032E123400000000,7F2E13,negative,0x7F,0x13,false,false,false,2026-07-10T12:41:40.966080+02:00,2859925143353,2859928222250,3.078897,true,true,168703748,168707838,4.090000,true,matched_request_response
run_1,20260710,479,before,479,target_did_random_data,0x1234,4,35,2E123435,042E123435000000,6E1234,positive,0x6E,,true,true,false,2026-07-10T12:41:40.990495+02:00,2859949559414,2859952644386,3.084972,true,true,168728100,168732189,4.089000,true,matched_request_response
run_1,20260710,480,before,480,target_did_random_data,0x1234,7,8F27E677,2E12348F27E677,072E12348F27E677,6E1234,positive,0x6E,,true,true,false,2026-07-10T12:41:41.015018+02:00,2859974082681,2859977049901,2.967220,true,true,168752595,168756669,4.074000,true,matched_request_response
run_1,20260710,481,before,481,target_did_random_data,0x1234,5,9214,2E12349214,052E123492140000,6E1234,positive,0x6E,,true,true,false,2026-07-10T12:41:41.039338+02:00,2859998402290,2860001443681,3.041391,true,true,168776891,168780974,4.083000,true,matched_request_response
run_1,20260710,482,before,482,target_did_random_data,0x1234,6,D2D4DC,2E1234D2D4DC,062E1234D2D4DC00,6E1234,positive,0x6E,,true,true,false,2026-07-10T12:41:41.063727+02:00,2860022791112,2860025811272,3.020160,true,true,168801249,168805325,4.076000,true,matched_request_response
run_1,20260710,483,before,483,missing_data,0x1234,3,,2E1234,032E123400000000,7F2E13,negative,0x7F,0x13,false,false,false,2026-07-10T12:41:41.088117+02:00,2860047181401,2860050280900,3.099499,true,true,168825624,168829714,4.090000,true,matched_request_response
run_1,20260710,484,before,484,missing_data,0x1234,3,,2E1234,032E123400000000,7F2E13,negative,0x7F,0x13,false,false,false,2026-07-10T12:41:41.112560+02:00,2860071624490,2860074714281,3.089791,true,true,168850049,168854139,4.090000,true,matched_request_response
run_1,20260710,485,before,485,target_did_random_data,0x1234,7,F3E3AC8A,2E1234F3E3AC8A,072E1234F3E3AC8A,6E1234,positive,0x6E,,true,true,false,2026-07-10T12:41:41.137021+02:00,2860096084620,2860099106316,3.021696,true,true,168874463,168878536,4.073000,true,matched_request_response
run_1,20260710,486,before,486,missing_data,0x1234,3,,2E1234,032E123400000000,7F2E13,negative,0x7F,0x13,false,false,false,2026-07-10T12:41:41.161390+02:00,2860120454236,2860123557856,3.103620,true,true,168898825,168902915,4.090000,true,matched_request_response
run_1,20260710,487,before,487,target_did_random_data,0x1234,5,FF4D,2E1234FF4D,052E1234FF4D0000,6E1234,positive,0x6E,,true,true,false,2026-07-10T12:41:41.185828+02:00,2860144890759,2860147916157,3.025398,true,true,168923236,168927316,4.080000,true,matched_request_response
run_1,20260710,488,before,488,target_did_random_data,0x1234,7,D6C23919,2E1234D6C23919,072E1234D6C23919,6E1234,positive,0x6E,,true,true,false,2026-07-10T12:41:41.210232+02:00,2860169295785,2860172365113,3.069328,true,true,168947587,168951661,4.074000,true,matched_request_response
run_1,20260710,489,before,489,target_did_random_data,0x1234,4,15,2E123415,042E123415000000,6E1234,positive,0x6E,,true,true,false,2026-07-10T12:41:41.234827+02:00,2860193890849,2860196730818,2.839969,true,true,168972196,168976280,4.084000,true,matched_request_response
run_1,20260710,490,before,490,target_did_random_data,0x1234,7,1707C37B,2E12341707C37B,072E12341707C37B,6E1234,positive,0x6E,,true,true,false,2026-07-10T12:41:41.259136+02:00,2860218201658,2860221169367,2.967709,true,true,168996500,169000577,4.077000,true,matched_request_response
run_1,20260710,491,before,491,target_did_random_data,0x1234,7,EEDE02D6,2E1234EEDE02D6,072E1234EEDE02D6,6E1234,positive,0x6E,,true,true,false,2026-07-10T12:41:41.283519+02:00,2860242583775,2860245601840,3.018065,true,true,169020827,169024907,4.080000,true,matched_request_response
run_1,20260710,492,before,492,target_did_random_data,0x1234,6,30B09A,2E123430B09A,062E123430B09A00,6E1234,positive,0x6E,,true,true,false,2026-07-10T12:41:41.307978+02:00,2860267042858,2860269987798,2.944940,true,true,169045278,169049355,4.077000,true,matched_request_response
run_1,20260710,493,before,493,target_did_random_data,0x1234,7,9803E51F,2E12349803E51F,072E12349803E51F,6E1234,positive,0x6E,,true,true,false,2026-07-10T12:41:41.332297+02:00,2860291361978,2860294426138,3.064160,true,true,169069564,169073643,4.079000,true,matched_request_response
run_1,20260710,494,before,494,target_did_random_data,0x1234,5,EB2B,2E1234EB2B,052E1234EB2B0000,6E1234,positive,0x6E,,true,true,false,2026-07-10T12:41:41.356693+02:00,2860315757016,2860318810979,3.053963,true,true,169093944,169098026,4.082000,true,matched_request_response
run_1,20260710,495,before,495,target_did_random_data,0x1234,5,743D,2E1234743D,052E1234743D0000,6E1234,positive,0x6E,,true,true,false,2026-07-10T12:41:41.381119+02:00,2860340183064,2860343228786,3.045722,true,true,169118341,169122421,4.080000,true,matched_request_response
run_1,20260710,496,before,496,target_did_random_data,0x1234,7,C8FD3A11,2E1234C8FD3A11,072E1234C8FD3A11,6E1234,positive,0x6E,,true,true,false,2026-07-10T12:41:41.405762+02:00,2860364826040,2860367696878,2.870838,true,true,169142962,169147037,4.075000,true,matched_request_response
run_1,20260710,497,before,497,target_did_random_data,0x1234,7,E784DA91,2E1234E784DA91,072E1234E784DA91,6E1234,positive,0x6E,,true,true,false,2026-07-10T12:41:41.430026+02:00,2860389090194,2860392067821,2.977627,true,true,169167205,169171278,4.073000,true,matched_request_response
run_1,20260710,498,before,498,target_did_random_data,0x1234,6,612984,2E1234612984,062E123461298400,6E1234,positive,0x6E,,true,true,false,2026-07-10T12:41:41.454390+02:00,2860413454293,2860416464605,3.010312,true,true,169191554,169195632,4.078000,true,matched_request_response
run_1,20260710,499,before,499,target_did_random_data,0x1234,6,E89A1D,2E1234E89A1D,062E1234E89A1D00,6E1234,positive,0x6E,,true,true,false,2026-07-10T12:41:41.478752+02:00,2860437816156,2860440858385,3.042229,true,true,169215877,169219956,4.079000,true,matched_request_response
run_1,20260710,500,before,500,target_did_random_data,0x1234,5,E17E,2E1234E17E,052E1234E17E0000,6E1234,positive,0x6E,,true,true,false,2026-07-10T12:41:41.503170+02:00,2860462235149,2860465359303,3.124154,true,true,169240298,169244379,4.081000,true,matched_request_response
run_1,20260710,501,before,501,target_did_random_data,0x1234,4,D4,2E1234D4,042E1234D4000000,6E1234,positive,0x6E,,true,true,false,2026-07-10T12:41:41.527674+02:00,2860486737743,2860490135327,3.397584,true,true,169264773,169268860,4.087000,true,matched_request_response
run_1,20260710,502,before,502,target_did_random_data,0x1234,5,D2C6,2E1234D2C6,052E1234D2C60000,6E1234,positive,0x6E,,true,true,false,2026-07-10T12:41:41.552522+02:00,2860511586263,2860514128706,2.542443,true,true,169289602,169293685,4.083000,true,matched_request_response
run_1,20260710,503,before,503,target_did_random_data,0x1234,4,C9,2E1234C9,042E1234C9000000,6E1234,positive,0x6E,,true,true,false,2026-07-10T12:41:41.576407+02:00,2860535470899,2860538530030,3.059131,true,true,169313468,169317553,4.085000,true,matched_request_response
run_1,20260710,504,before,504,target_did_random_data,0x1234,4,FD,2E1234FD,042E1234FD000000,6E1234,positive,0x6E,,true,true,false,2026-07-10T12:41:41.600798+02:00,2860559861606,2860562925557,3.063951,true,true,169337842,169341929,4.087000,true,matched_request_response
run_1,20260710,505,before,505,target_did_random_data,0x1234,7,DD49FDCD,2E1234DD49FDCD,072E1234DD49FDCD,6E1234,positive,0x6E,,true,true,false,2026-07-10T12:41:41.625251+02:00,2860584315521,2860587380659,3.065138,true,true,169362266,169366339,4.073000,true,matched_request_response
run_1,20260710,506,before,506,read_only_did,0x1001,5,A8A9,2E1001A8A9,052E1001A8A90000,7F2E31,negative,0x7F,0x31,false,false,false,2026-07-10T12:41:41.649684+02:00,2860608747365,2860611810687,3.063322,true,true,169386688,169390775,4.087000,true,matched_request_response
run_1,20260710,507,before,507,target_did_random_data,0x1234,6,A90BB8,2E1234A90BB8,062E1234A90BB800,6E1234,positive,0x6E,,true,true,false,2026-07-10T12:41:41.674122+02:00,2860633185565,2860636197204,3.011639,true,true,169411082,169415165,4.083000,true,matched_request_response
run_1,20260710,508,before,508,target_did_random_data,0x1234,6,E072B3,2E1234E072B3,062E1234E072B300,6E1234,positive,0x6E,,true,true,false,2026-07-10T12:41:41.698486+02:00,2860657550781,2860660611239,3.060458,true,true,169435420,169439497,4.077000,true,matched_request_response
run_1,20260710,509,before,509,missing_data,0x1234,3,,2E1234,032E123400000000,7F2E13,negative,0x7F,0x13,false,false,false,2026-07-10T12:41:41.722868+02:00,2860681931851,2860685072208,3.140357,true,true,169459790,169463881,4.091000,true,matched_request_response
run_1,20260710,510,before,510,target_did_random_data,0x1234,7,F007E1D3,2E1234F007E1D3,072E1234F007E1D3,6E1234,positive,0x6E,,true,true,false,2026-07-10T12:41:41.747367+02:00,2860706431022,2860709448458,3.017436,true,true,169484257,169488334,4.077000,true,matched_request_response
run_1,20260710,511,before,511,target_did_random_data,0x1234,6,7607BA,2E12347607BA,062E12347607BA00,6E1234,positive,0x6E,,true,true,false,2026-07-10T12:41:41.771747+02:00,2860730812092,2860733911033,3.098941,true,true,169508633,169512716,4.083000,true,matched_request_response
run_1,20260710,512,before,512,target_did_random_data,0x1234,7,58434CA4,2E123458434CA4,072E123458434CA4,6E1234,positive,0x6E,,true,true,false,2026-07-10T12:41:41.796288+02:00,2860755352121,2860758292173,2.940052,true,true,169533146,169537221,4.075000,true,matched_request_response
run_1,20260710,513,before,513,missing_data,0x1234,3,,2E1234,032E123400000000,7F2E13,negative,0x7F,0x13,false,false,false,2026-07-10T12:41:41.820639+02:00,2860779703229,2860782725204,3.021975,true,true,169557491,169561580,4.089000,true,matched_request_response
run_1,20260710,514,before,514,unknown_did,0xF187,5,9F64,2EF1879F64,052EF1879F640000,7F2E31,negative,0x7F,0x31,false,false,false,2026-07-10T12:41:41.845016+02:00,2860804080178,2860807122198,3.042020,true,true,169581830,169585912,4.082000,true,matched_request_response
run_1,20260710,515,before,515,target_did_random_data,0x1234,5,DA8A,2E1234DA8A,052E1234DA8A0000,6E1234,positive,0x6E,,true,true,false,2026-07-10T12:41:41.869444+02:00,2860828508391,2860831528550,3.020159,true,true,169606244,169610324,4.080000,true,matched_request_response
run_1,20260710,516,before,516,target_did_random_data,0x1234,7,91B8ADCD,2E123491B8ADCD,072E123491B8ADCD,6E1234,positive,0x6E,,true,true,false,2026-07-10T12:41:41.893883+02:00,2860852946940,2860855925055,2.978115,true,true,169630640,169634714,4.074000,true,matched_request_response
run_1,20260710,517,before,517,read_only_did,0x1001,6,B1BFF5,2E1001B1BFF5,062E1001B1BFF500,7F2E31,negative,0x7F,0x31,false,false,false,2026-07-10T12:41:41.918353+02:00,2860877416988,2860880442525,3.025537,true,true,169655105,169659191,4.086000,true,matched_request_response
run_1,20260710,518,before,518,unknown_did,0x3333,7,567CD721,2E3333567CD721,072E3333567CD721,7F2E31,negative,0x7F,0x31,false,false,false,2026-07-10T12:41:41.942791+02:00,2860901854420,2860904761645,2.907225,true,true,169679501,169683573,4.072000,true,matched_request_response
run_1,20260710,519,before,519,target_did_random_data,0x1234,6,A08DC7,2E1234A08DC7,062E1234A08DC700,6E1234,positive,0x6E,,true,true,false,2026-07-10T12:41:41.967096+02:00,2860926159781,2860929184131,3.024350,true,true,169703796,169707874,4.078000,true,matched_request_response
run_1,20260710,520,before,520,target_did_random_data,0x1234,7,89AF2DD4,2E123489AF2DD4,072E123489AF2DD4,6E1234,positive,0x6E,,true,true,false,2026-07-10T12:41:41.991452+02:00,2860950515149,2860953625334,3.110185,true,true,169728108,169732185,4.077000,true,matched_request_response
run_1,20260710,521,before,521,read_only_did,0x1001,5,53E9,2E100153E9,052E100153E90000,7F2E31,negative,0x7F,0x31,false,false,false,2026-07-10T12:41:42.015991+02:00,2860975055597,2860978023655,2.968058,true,true,169752646,169756733,4.087000,true,matched_request_response
run_1,20260710,522,before,522,target_did_random_data,0x1234,6,5118D5,2E12345118D5,062E12345118D500,6E1234,positive,0x6E,,true,true,false,2026-07-10T12:41:42.040454+02:00,2860999518312,2861002414922,2.896610,true,true,169777063,169781141,4.078000,true,matched_request_response
run_1,20260710,523,before,523,missing_data,0x1234,3,,2E1234,032E123400000000,7F2E13,negative,0x7F,0x13,false,false,false,2026-07-10T12:41:42.064733+02:00,2861023796435,2861026855147,3.058712,true,true,169801325,169805413,4.088000,true,matched_request_response
run_1,20260710,524,before,524,read_only_did,0x1001,6,56B5BE,2E100156B5BE,062E100156B5BE00,7F2E31,negative,0x7F,0x31,false,false,false,2026-07-10T12:41:42.089176+02:00,2861048240013,2861051249697,3.009684,true,true,169825746,169829829,4.083000,true,matched_request_response
run_1,20260710,525,before,525,target_did_random_data,0x1234,4,46,2E123446,042E123446000000,6E1234,positive,0x6E,,true,true,false,2026-07-10T12:41:42.113563+02:00,2861072626950,2861075685662,3.058712,true,true,169850102,169854192,4.090000,true,matched_request_response
run_1,20260710,526,before,526,target_did_random_data,0x1234,7,ADF9F9B6,2E1234ADF9F9B6,072E1234ADF9F9B6,6E1234,positive,0x6E,,true,true,false,2026-07-10T12:41:42.138023+02:00,2861097088407,2861100082097,2.993690,true,true,169874524,169878597,4.073000,true,matched_request_response
run_1,20260710,527,before,527,target_did_random_data,0x1234,4,DB,2E1234DB,042E1234DB000000,6E1234,positive,0x6E,,true,true,false,2026-07-10T12:41:42.162369+02:00,2861121432810,2861124478811,3.046001,true,true,169898847,169902934,4.087000,true,matched_request_response
run_1,20260710,528,before,528,target_did_random_data,0x1234,7,45176F52,2E123445176F52,072E123445176F52,6E1234,positive,0x6E,,true,true,false,2026-07-10T12:41:42.186793+02:00,2861145856274,2861148888027,3.031753,true,true,169923232,169927304,4.072000,true,matched_request_response
run_1,20260710,529,before,529,unknown_did,0xF187,7,34A3F97E,2EF18734A3F97E,072EF18734A3F97E,7F2E31,negative,0x7F,0x31,false,false,false,2026-07-10T12:41:42.211192+02:00,2861170256201,2861173397536,3.141335,true,true,169947620,169951695,4.075000,true,matched_request_response
run_1,20260710,530,before,530,target_did_random_data,0x1234,7,6DF76E57,2E12346DF76E57,072E12346DF76E57,6E1234,positive,0x6E,,true,true,false,2026-07-10T12:41:42.235668+02:00,2861194730998,2861197714770,2.983772,true,true,169972046,169976120,4.074000,true,matched_request_response
run_1,20260710,531,before,531,missing_data,0x1234,3,,2E1234,032E123400000000,7F2E13,negative,0x7F,0x13,false,false,false,2026-07-10T12:41:42.260218+02:00,2861219283459,2861222183841,2.900382,true,true,169996605,170000695,4.090000,true,matched_request_response
run_1,20260710,532,before,532,target_did_random_data,0x1234,7,B83E657B,2E1234B83E657B,072E1234B83E657B,6E1234,positive,0x6E,,true,true,false,2026-07-10T12:41:42.284468+02:00,2861243531690,2861246560860,3.029170,true,true,170020793,170024868,4.075000,true,matched_request_response
run_1,20260710,533,before,533,target_did_random_data,0x1234,5,895B,2E1234895B,052E1234895B0000,6E1234,positive,0x6E,,true,true,false,2026-07-10T12:41:42.308865+02:00,2861267929103,2861270968748,3.039645,true,true,170045174,170049257,4.083000,true,matched_request_response
run_1,20260710,534,before,534,target_did_random_data,0x1234,5,3479,2E12343479,052E123434790000,6E1234,positive,0x6E,,true,true,false,2026-07-10T12:41:42.333304+02:00,2861292368490,2861295424339,3.055849,true,true,170069578,170073660,4.082000,true,matched_request_response
run_1,20260710,535,before,535,target_did_random_data,0x1234,4,F2,2E1234F2,042E1234F2000000,6E1234,positive,0x6E,,true,true,false,2026-07-10T12:41:42.357709+02:00,2861316773656,2861319831670,3.058014,true,true,170093984,170098071,4.087000,true,matched_request_response
run_1,20260710,536,before,536,target_did_random_data,0x1234,7,FE843CDE,2E1234FE843CDE,072E1234FE843CDE,6E1234,positive,0x6E,,true,true,false,2026-07-10T12:41:42.382132+02:00,2861341195792,2861344229781,3.033989,true,true,170118363,170122435,4.072000,true,matched_request_response
run_1,20260710,537,before,537,target_did_random_data,0x1234,6,24B956,2E123424B956,062E123424B95600,6E1234,positive,0x6E,,true,true,false,2026-07-10T12:41:42.406497+02:00,2861365560938,2861368619441,3.058503,true,true,170142711,170146790,4.079000,true,matched_request_response
run_1,20260710,538,before,538,target_did_random_data,0x1234,7,F9B7CFC0,2E1234F9B7CFC0,072E1234F9B7CFC0,6E1234,positive,0x6E,,true,true,false,2026-07-10T12:41:42.430869+02:00,2861389933278,2861393063578,3.130300,true,true,170167068,170171143,4.075000,true,matched_request_response
run_1,20260710,539,before,539,target_did_random_data,0x1234,4,FB,2E1234FB,042E1234FB000000,6E1234,positive,0x6E,,true,true,false,2026-07-10T12:41:42.455317+02:00,2861414380488,2861417482851,3.102363,true,true,170191490,170195574,4.084000,true,matched_request_response
run_1,20260710,540,before,540,missing_data,0x1234,3,,2E1234,032E123400000000,7F2E13,negative,0x7F,0x13,false,false,false,2026-07-10T12:41:42.479748+02:00,2861438811983,2861441909946,3.097963,true,true,170215908,170219999,4.091000,true,matched_request_response
run_1,20260710,541,before,541,target_did_random_data,0x1234,6,919F76,2E1234919F76,062E1234919F7600,6E1234,positive,0x6E,,true,true,false,2026-07-10T12:41:42.504278+02:00,2861463342444,2861466282356,2.939912,true,true,170240398,170244474,4.076000,true,matched_request_response
run_1,20260710,542,before,542,unknown_did,0x3333,4,29,2E333329,042E333329000000,7F2E31,negative,0x7F,0x31,false,false,false,2026-07-10T12:41:42.528584+02:00,2861487647247,2861490725585,3.078338,true,true,170264689,170268776,4.087000,true,matched_request_response
run_1,20260710,543,before,543,target_did_random_data,0x1234,5,3A71,2E12343A71,052E12343A710000,6E1234,positive,0x6E,,true,true,false,2026-07-10T12:41:42.553270+02:00,2861512335201,2861515125861,2.790660,true,true,170289344,170293425,4.081000,true,matched_request_response
run_1,20260710,544,before,544,missing_data,0x1234,3,,2E1234,032E123400000000,7F2E13,negative,0x7F,0x13,false,false,false,2026-07-10T12:41:42.577454+02:00,2861536517990,2861539546391,3.028401,true,true,170313504,170317593,4.089000,true,matched_request_response
run_1,20260710,545,before,545,target_did_random_data,0x1234,5,0938,2E12340938,052E123409380000,6E1234,positive,0x6E,,true,true,false,2026-07-10T12:41:42.602122+02:00,2861561188344,2861563921315,2.732971,true,true,170338146,170342234,4.088000,true,matched_request_response
run_1,20260710,546,before,546,target_did_random_data,0x1234,5,FA10,2E1234FA10,052E1234FA100000,6E1234,positive,0x6E,,true,true,false,2026-07-10T12:41:42.626244+02:00,2861585308485,2861588361331,3.052846,true,true,170362228,170366309,4.081000,true,matched_request_response
run_1,20260710,547,before,547,target_did_random_data,0x1234,6,681DFF,2E1234681DFF,062E1234681DFF00,6E1234,positive,0x6E,,true,true,false,2026-07-10T12:41:42.650650+02:00,2861609713511,2861612805119,3.091608,true,true,170386608,170390686,4.078000,true,matched_request_response
run_1,20260710,548,before,548,unknown_did,0x3333,6,BA0098,2E3333BA0098,062E3333BA009800,7F2E31,negative,0x7F,0x31,false,false,false,2026-07-10T12:41:42.675142+02:00,2861634205280,2861637188982,2.983702,true,true,170411071,170415154,4.083000,true,matched_request_response
run_1,20260710,549,before,549,target_did_random_data,0x1234,5,8D54,2E12348D54,052E12348D540000,6E1234,positive,0x6E,,true,true,false,2026-07-10T12:41:42.699477+02:00,2861658541581,2861661580319,3.038738,true,true,170435366,170439446,4.080000,true,matched_request_response
run_1,20260710,550,before,550,unknown_did,0xF187,6,915615,2EF187915615,062EF18791561500,7F2E31,negative,0x7F,0x31,false,false,false,2026-07-10T12:41:42.723828+02:00,2861682891711,2861685072445,2.180734,true,true,170459689,170463768,4.079000,true,matched_request_response
run_1,20260710,551,before,551,target_did_random_data,0x1234,7,26EDD2B8,2E123426EDD2B8,072E123426EDD2B8,6E1234,positive,0x6E,,true,true,false,2026-07-10T12:41:42.747358+02:00,2861706421901,2861709470207,3.048306,true,true,170483185,170487257,4.072000,true,matched_request_response
run_1,20260710,552,before,552,target_did_random_data,0x1234,4,27,2E123427,042E123427000000,6E1234,positive,0x6E,,true,true,false,2026-07-10T12:41:42.771793+02:00,2861730857237,2861733895975,3.038738,true,true,170507629,170511715,4.086000,true,matched_request_response
run_1,20260710,553,before,553,read_only_did,0x1001,6,374568,2E1001374568,062E100137456800,7F2E31,negative,0x7F,0x31,false,false,false,2026-07-10T12:41:42.796198+02:00,2861755261425,2861758319648,3.058223,true,true,170531982,170536065,4.083000,true,matched_request_response
run_1,20260710,554,before,554,read_only_did,0x1001,4,AD,2E1001AD,042E1001AD000000,7F2E31,negative,0x7F,0x31,false,false,false,2026-07-10T12:41:42.820521+02:00,2861779584805,2861782656718,3.071913,true,true,170556284,170560373,4.089000,true,matched_request_response
run_1,20260710,555,before,555,target_did_random_data,0x1234,7,80DC41CF,2E123480DC41CF,072E123480DC41CF,6E1234,positive,0x6E,,true,true,false,2026-07-10T12:41:42.844904+02:00,2861803967691,2861806226787,2.259096,true,true,170580632,170584707,4.075000,true,matched_request_response
run_1,20260710,556,before,556,target_did_random_data,0x1234,5,ABC6,2E1234ABC6,052E1234ABC60000,6E1234,positive,0x6E,,true,true,false,2026-07-10T12:41:42.868486+02:00,2861827550681,2861830525863,2.975182,true,true,170604197,170608278,4.081000,true,matched_request_response
run_1,20260710,557,before,557,target_did_random_data,0x1234,4,45,2E123445,042E123445000000,6E1234,positive,0x6E,,true,true,false,2026-07-10T12:41:42.892861+02:00,2861851925605,2861854940806,3.015201,true,true,170628559,170632645,4.086000,true,matched_request_response
run_1,20260710,558,before,558,read_only_did,0x1001,4,AE,2E1001AE,042E1001AE000000,7F2E31,negative,0x7F,0x31,false,false,false,2026-07-10T12:41:42.917262+02:00,2861876325672,2861879412251,3.086579,true,true,170652929,170657020,4.091000,true,matched_request_response
run_1,20260710,559,before,559,target_did_random_data,0x1234,4,37,2E123437,042E123437000000,6E1234,positive,0x6E,,true,true,false,2026-07-10T12:41:42.941743+02:00,2861900806755,2861903805194,2.998439,true,true,170677380,170681465,4.085000,true,matched_request_response
run_1,20260710,560,before,560,read_only_did,0x1001,6,618B95,2E1001618B95,062E1001618B9500,7F2E31,negative,0x7F,0x31,false,false,false,2026-07-10T12:41:42.966094+02:00,2861925156885,2861928209032,3.052147,true,true,170701719,170705802,4.083000,true,matched_request_response
run_1,20260710,561,before,561,target_did_random_data,0x1234,4,BE,2E1234BE,042E1234BE000000,6E1234,positive,0x6E,,true,true,false,2026-07-10T12:41:42.990766+02:00,2861949829543,2861952621600,2.792057,true,true,170726370,170730454,4.084000,true,matched_request_response
run_1,20260710,562,before,562,unknown_did,0x2222,4,21,2E222221,042E222221000000,7F2E31,negative,0x7F,0x31,false,false,false,2026-07-10T12:41:43.015002+02:00,2861974066460,2861977054842,2.988382,true,true,170750584,170754671,4.087000,true,matched_request_response
run_1,20260710,563,before,563,target_did_random_data,0x1234,7,162C4DC4,2E1234162C4DC4,072E1234162C4DC4,6E1234,positive,0x6E,,true,true,false,2026-07-10T12:41:43.039363+02:00,2861998427346,2862001444991,3.017645,true,true,170774899,170778974,4.075000,true,matched_request_response
run_1,20260710,564,before,564,target_did_random_data,0x1234,4,E4,2E1234E4,042E1234E4000000,6E1234,positive,0x6E,,true,true,false,2026-07-10T12:41:43.063728+02:00,2862022791165,2862025856721,3.065556,true,true,170799243,170803327,4.084000,true,matched_request_response
run_1,20260710,565,before,565,target_did_random_data,0x1234,5,3EA1,2E12343EA1,052E12343EA10000,6E1234,positive,0x6E,,true,true,false,2026-07-10T12:41:43.088321+02:00,2862047385182,2862050260280,2.875098,true,true,170823801,170827883,4.082000,true,matched_request_response
run_1,20260710,566,before,566,target_did_random_data,0x1234,6,D312B4,2E1234D312B4,062E1234D312B400,6E1234,positive,0x6E,,true,true,false,2026-07-10T12:41:43.112533+02:00,2862071596886,2862074672360,3.075474,true,true,170847981,170852060,4.079000,true,matched_request_response
run_1,20260710,567,before,567,target_did_random_data,0x1234,7,23793C4E,2E123423793C4E,072E123423793C4E,6E1234,positive,0x6E,,true,true,false,2026-07-10T12:41:43.137012+02:00,2862096076572,2862099113075,3.036503,true,true,170872431,170876503,4.072000,true,matched_request_response
run_1,20260710,568,before,568,target_did_random_data,0x1234,5,C20B,2E1234C20B,052E1234C20B0000,6E1234,positive,0x6E,,true,true,false,2026-07-10T12:41:43.161368+02:00,2862120432429,2862123492678,3.060249,true,true,170896774,170900861,4.087000,true,matched_request_response
run_1,20260710,569,before,569,target_did_random_data,0x1234,7,8CEACDEB,2E12348CEACDEB,072E12348CEACDEB,6E1234,positive,0x6E,,true,true,false,2026-07-10T12:41:43.185756+02:00,2862144819855,2862146978868,2.159013,true,true,170921123,170925200,4.077000,true,matched_request_response
run_1,20260710,570,before,570,target_did_random_data,0x1234,4,06,2E123406,042E123406000000,6E1234,positive,0x6E,,true,true,false,2026-07-10T12:41:43.209281+02:00,2862168345365,2862171466935,3.121570,true,true,170944647,170948738,4.091000,true,matched_request_response
run_1,20260710,571,before,571,missing_data,0x1234,3,,2E1234,032E123400000000,7F2E13,negative,0x7F,0x13,false,false,false,2026-07-10T12:41:43.233765+02:00,2862192828963,2862195818392,2.989429,true,true,170969107,170973200,4.093000,true,matched_request_response
run_1,20260710,572,before,572,target_did_random_data,0x1234,4,E2,2E1234E2,042E1234E2000000,6E1234,positive,0x6E,,true,true,false,2026-07-10T12:41:43.258146+02:00,2862217210382,2862220192129,2.981747,true,true,170993465,170997550,4.085000,true,matched_request_response
run_1,20260710,573,before,573,target_did_random_data,0x1234,4,F5,2E1234F5,042E1234F5000000,6E1234,positive,0x6E,,true,true,false,2026-07-10T12:41:43.282480+02:00,2862241545007,2862244608469,3.063462,true,true,171017755,171021841,4.086000,true,matched_request_response
run_1,20260710,574,before,574,unknown_did,0xF187,7,3DD719B2,2EF1873DD719B2,072EF1873DD719B2,7F2E31,negative,0x7F,0x31,false,false,false,2026-07-10T12:41:43.306911+02:00,2862265975315,2862269060777,3.085462,true,true,171042131,171046208,4.077000,true,matched_request_response
run_1,20260710,575,before,575,target_did_random_data,0x1234,7,A4F54A9A,2E1234A4F54A9A,072E1234A4F54A9A,6E1234,positive,0x6E,,true,true,false,2026-07-10T12:41:43.331327+02:00,2862290391096,2862293461053,3.069957,true,true,171066523,171070596,4.073000,true,matched_request_response
run_1,20260710,576,before,576,unknown_did,0x3333,7,0FBB7E25,2E33330FBB7E25,072E33330FBB7E25,7F2E31,negative,0x7F,0x31,false,false,false,2026-07-10T12:41:43.355734+02:00,2862314797379,2862317881584,3.084205,true,true,171090908,171094987,4.079000,true,matched_request_response
run_1,20260710,577,before,577,target_did_random_data,0x1234,6,33BFA2,2E123433BFA2,062E123433BFA200,6E1234,positive,0x6E,,true,true,false,2026-07-10T12:41:43.380166+02:00,2862339230621,2862342252527,3.021906,true,true,171115314,171119390,4.076000,true,matched_request_response
run_1,20260710,578,before,578,target_did_random_data,0x1234,4,74,2E123474,042E123474000000,6E1234,positive,0x6E,,true,true,false,2026-07-10T12:41:43.404518+02:00,2862363581659,2862366740664,3.159005,true,true,171139644,171143731,4.087000,true,matched_request_response
run_1,20260710,579,before,579,target_did_random_data,0x1234,7,25483DD2,2E123425483DD2,072E123425483DD2,6E1234,positive,0x6E,,true,true,false,2026-07-10T12:41:43.429063+02:00,2862388126438,2862391106858,2.980420,true,true,171164149,171168225,4.076000,true,matched_request_response
run_1,20260710,580,before,580,unknown_did,0xF187,4,23,2EF18723,042EF18723000000,7F2E31,negative,0x7F,0x31,false,false,false,2026-07-10T12:41:43.453383+02:00,2862412446955,2862415579280,3.132325,true,true,171188455,171192540,4.085000,true,matched_request_response
run_1,20260710,581,before,581,target_did_random_data,0x1234,6,F67E2A,2E1234F67E2A,062E1234F67E2A00,6E1234,positive,0x6E,,true,true,false,2026-07-10T12:41:43.477888+02:00,2862436950806,2862439963284,3.012478,true,true,171212924,171217003,4.079000,true,matched_request_response
run_1,20260710,582,before,582,target_did_random_data,0x1234,7,9317131F,2E12349317131F,072E12349317131F,6E1234,positive,0x6E,,true,true,false,2026-07-10T12:41:43.502326+02:00,2862461390473,2862464426836,3.036363,true,true,171237329,171241401,4.072000,true,matched_request_response
run_1,20260710,583,before,583,target_did_random_data,0x1234,5,6FDA,2E12346FDA,052E12346FDA0000,6E1234,positive,0x6E,,true,true,false,2026-07-10T12:41:43.526758+02:00,2862485822528,2862488742185,2.919657,true,true,171261734,171265816,4.082000,true,matched_request_response
run_1,20260710,584,before,584,read_only_did,0x1001,4,B2,2E1001B2,042E1001B2000000,7F2E31,negative,0x7F,0x31,false,false,false,2026-07-10T12:41:43.551076+02:00,2862510140251,2862513192259,3.052008,true,true,171286083,171290174,4.091000,true,matched_request_response
run_1,20260710,585,before,585,missing_data,0x1234,3,,2E1234,032E123400000000,7F2E13,negative,0x7F,0x13,false,false,false,2026-07-10T12:41:43.575485+02:00,2862534548839,2862537581011,3.032172,true,true,171310414,171314503,4.089000,true,matched_request_response
run_1,20260710,586,before,586,target_did_random_data,0x1234,6,46ACA6,2E123446ACA6,062E123446ACA600,6E1234,positive,0x6E,,true,true,false,2026-07-10T12:41:43.599882+02:00,2862558945414,2862561997282,3.051868,true,true,171334773,171338852,4.079000,true,matched_request_response
run_1,20260710,587,before,587,unknown_did,0xF187,7,A2E88030,2EF187A2E88030,072EF187A2E88030,7F2E31,negative,0x7F,0x31,false,false,false,2026-07-10T12:41:43.624338+02:00,2862583402890,2862586428777,3.025887,true,true,171359196,171363268,4.072000,true,matched_request_response
run_1,20260710,588,before,588,target_did_random_data,0x1234,6,662A87,2E1234662A87,062E1234662A8700,6E1234,positive,0x6E,,true,true,false,2026-07-10T12:41:43.648704+02:00,2862607767408,2862610835409,3.068001,true,true,171383533,171387612,4.079000,true,matched_request_response
run_1,20260710,589,before,589,target_did_random_data,0x1234,5,1F0C,2E12341F0C,052E12341F0C0000,6E1234,positive,0x6E,,true,true,false,2026-07-10T12:41:43.673212+02:00,2862632276358,2862635291210,3.014852,true,true,171408036,171412123,4.087000,true,matched_request_response
run_1,20260710,590,before,590,unknown_did,0xF187,6,850B2F,2EF187850B2F,062EF187850B2F00,7F2E31,negative,0x7F,0x31,false,false,false,2026-07-10T12:41:43.697650+02:00,2862656714628,2862659690508,2.975880,true,true,171432421,171436502,4.081000,true,matched_request_response
run_1,20260710,591,before,591,target_did_random_data,0x1234,5,ADE8,2E1234ADE8,052E1234ADE80000,6E1234,positive,0x6E,,true,true,false,2026-07-10T12:41:43.722023+02:00,2862681088085,2862684104962,3.016877,true,true,171456784,171460866,4.082000,true,matched_request_response
run_1,20260710,592,before,592,target_did_random_data,0x1234,7,72D3FC56,2E123472D3FC56,072E123472D3FC56,6E1234,positive,0x6E,,true,true,false,2026-07-10T12:41:43.746382+02:00,2862705445758,2862708498534,3.052776,true,true,171481094,171485169,4.075000,true,matched_request_response
run_1,20260710,593,before,593,unknown_did,0xF187,5,7119,2EF1877119,052EF18771190000,7F2E31,negative,0x7F,0x31,false,false,false,2026-07-10T12:41:43.770758+02:00,2862729822638,2862732961458,3.138820,true,true,171505448,171509528,4.080000,true,matched_request_response
run_1,20260710,594,before,594,unknown_did,0x3333,4,24,2E333324,042E333324000000,7F2E31,negative,0x7F,0x31,false,false,false,2026-07-10T12:41:43.795322+02:00,2862754386413,2862757373887,2.987474,true,true,171530009,171534095,4.086000,true,matched_request_response
run_1,20260710,595,before,595,target_did_random_data,0x1234,5,6B4F,2E12346B4F,052E12346B4F0000,6E1234,positive,0x6E,,true,true,false,2026-07-10T12:41:43.819640+02:00,2862778703578,2862781741408,3.037830,true,true,171554275,171558356,4.081000,true,matched_request_response
run_1,20260710,596,before,596,target_did_random_data,0x1234,6,7A52BD,2E12347A52BD,062E12347A52BD00,6E1234,positive,0x6E,,true,true,false,2026-07-10T12:41:43.844014+02:00,2862803078153,2862806133094,3.054941,true,true,171578621,171582700,4.079000,true,matched_request_response
run_1,20260710,597,before,597,unknown_did,0x3333,7,865A64D3,2E3333865A64D3,072E3333865A64D3,7F2E31,negative,0x7F,0x31,false,false,false,2026-07-10T12:41:43.868427+02:00,2862827491629,2862830566684,3.075055,true,true,171602989,171607063,4.074000,true,matched_request_response
run_1,20260710,598,before,598,unknown_did,0xF187,7,977CEA54,2EF187977CEA54,072EF187977CEA54,7F2E31,negative,0x7F,0x31,false,false,false,2026-07-10T12:41:43.893094+02:00,2862852158980,2862855034917,2.875937,true,true,171627659,171631734,4.075000,true,matched_request_response
run_1,20260710,599,before,599,target_did_random_data,0x1234,6,C57EF2,2E1234C57EF2,062E1234C57EF200,6E1234,positive,0x6E,,true,true,false,2026-07-10T12:41:43.917320+02:00,2862876384233,2862879425345,3.041112,true,true,171651833,171655911,4.078000,true,matched_request_response
run_1,20260710,600,before,600,target_did_random_data,0x1234,6,5B20CD,2E12345B20CD,062E12345B20CD00,6E1234,positive,0x6E,,true,true,false,2026-07-10T12:41:43.941690+02:00,2862900754128,2862903823108,3.068980,true,true,171676167,171680246,4.079000,true,matched_request_response
run_1,20260710,601,before,601,target_did_random_data,0x1234,4,F5,2E1234F5,042E1234F5000000,6E1234,positive,0x6E,,true,true,false,2026-07-10T12:41:43.966127+02:00,2862925191491,2862928229879,3.038388,true,true,171700590,171704677,4.087000,true,matched_request_response
run_1,20260710,602,before,602,target_did_random_data,0x1234,6,2381F6,2E12342381F6,062E12342381F600,6E1234,positive,0x6E,,true,true,false,2026-07-10T12:41:43.990537+02:00,2862949600008,2862952642867,3.042859,true,true,171724966,171729045,4.079000,true,matched_request_response
run_1,20260710,603,before,603,read_only_did,0x1001,5,ACFD,2E1001ACFD,052E1001ACFD0000,7F2E31,negative,0x7F,0x31,false,false,false,2026-07-10T12:41:44.015025+02:00,2862974089682,2862977085747,2.996065,true,true,171749444,171753529,4.085000,true,matched_request_response
run_1,20260710,604,before,604,target_did_random_data,0x1234,5,4292,2E12344292,052E123442920000,6E1234,positive,0x6E,,true,true,false,2026-07-10T12:41:44.039371+02:00,2862998435273,2863001456690,3.021417,true,true,171773745,171777828,4.083000,true,matched_request_response
run_1,20260710,605,before,605,target_did_random_data,0x1234,4,41,2E123441,042E123441000000,6E1234,positive,0x6E,,true,true,false,2026-07-10T12:41:44.063740+02:00,2863022803422,2863025880852,3.077430,true,true,171798100,171802190,4.090000,true,matched_request_response
run_1,20260710,606,before,606,target_did_random_data,0x1234,6,13425E,2E123413425E,062E123413425E00,6E1234,positive,0x6E,,true,true,false,2026-07-10T12:41:44.088396+02:00,2863047460716,2863050288183,2.827467,true,true,171822714,171826793,4.079000,true,matched_request_response
run_1,20260710,607,before,607,missing_data,0x1234,3,,2E1234,032E123400000000,7F2E13,negative,0x7F,0x13,false,false,false,2026-07-10T12:41:44.112599+02:00,2863071662991,2863074776250,3.113259,true,true,171846896,171850987,4.091000,true,matched_request_response
run_1,20260710,608,before,608,target_did_random_data,0x1234,4,D2,2E1234D2,042E1234D2000000,6E1234,positive,0x6E,,true,true,false,2026-07-10T12:41:44.137172+02:00,2863096236196,2863099123936,2.887740,true,true,171871437,171875521,4.084000,true,matched_request_response
run_1,20260710,609,before,609,target_did_random_data,0x1234,7,3E57BB5A,2E12343E57BB5A,072E12343E57BB5A,6E1234,positive,0x6E,,true,true,false,2026-07-10T12:41:44.161428+02:00,2863120491341,2863123563533,3.072192,true,true,171895641,171899716,4.075000,true,matched_request_response
run_1,20260710,610,before,610,target_did_random_data,0x1234,5,8965,2E12348965,052E123489650000,6E1234,positive,0x6E,,true,true,false,2026-07-10T12:41:44.185905+02:00,2863144968933,2863147944254,2.975321,true,true,171920095,171924178,4.083000,true,matched_request_response
run_1,20260710,611,before,611,target_did_random_data,0x1234,7,E9C219F3,2E1234E9C219F3,072E1234E9C219F3,6E1234,positive,0x6E,,true,true,false,2026-07-10T12:41:44.210261+02:00,2863169324720,2863172380010,3.055290,true,true,171944417,171948490,4.073000,true,matched_request_response
run_1,20260710,612,before,612,target_did_random_data,0x1234,4,FD,2E1234FD,042E1234FD000000,6E1234,positive,0x6E,,true,true,false,2026-07-10T12:41:44.235128+02:00,2863194192935,2863196812833,2.619898,true,true,171969281,171973365,4.084000,true,matched_request_response
run_1,20260710,613,before,613,target_did_random_data,0x1234,7,0FAE96CB,2E12340FAE96CB,072E12340FAE96CB,6E1234,positive,0x6E,,true,true,false,2026-07-10T12:41:44.259173+02:00,2863218237858,2863221171065,2.933207,true,true,171993293,171997370,4.077000,true,matched_request_response
run_1,20260710,614,before,614,target_did_random_data,0x1234,6,7BEB95,2E12347BEB95,062E12347BEB9500,6E1234,positive,0x6E,,true,true,false,2026-07-10T12:41:44.283417+02:00,2863242480572,2863244646918,2.166346,true,true,172017488,172021564,4.076000,true,matched_request_response
run_1,20260710,615,before,615,unknown_did,0x2222,4,11,2E222211,042E222211000000,7F2E31,negative,0x7F,0x31,false,false,false,2026-07-10T12:41:44.306893+02:00,2863265957403,2863269074852,3.117449,true,true,172040963,172045050,4.087000,true,matched_request_response
run_1,20260710,616,before,616,target_did_random_data,0x1234,7,B3441F57,2E1234B3441F57,072E1234B3441F57,6E1234,positive,0x6E,,true,true,false,2026-07-10T12:41:44.331359+02:00,2863290421864,2863293424493,3.002629,true,true,172065371,172069443,4.072000,true,matched_request_response
run_1,20260710,617,before,617,missing_data,0x1234,3,,2E1234,032E123400000000,7F2E13,negative,0x7F,0x13,false,false,false,2026-07-10T12:41:44.355731+02:00,2863314795810,2863317937075,3.141265,true,true,172089742,172093833,4.091000,true,matched_request_response
run_1,20260710,618,before,618,target_did_random_data,0x1234,6,1A8435,2E12341A8435,062E12341A843500,6E1234,positive,0x6E,,true,true,false,2026-07-10T12:41:44.380219+02:00,2863339281852,2863342250050,2.968198,true,true,172114161,172118240,4.079000,true,matched_request_response
run_1,20260710,619,before,619,target_did_random_data,0x1234,6,FCF3AB,2E1234FCF3AB,062E1234FCF3AB00,6E1234,positive,0x6E,,true,true,false,2026-07-10T12:41:44.404505+02:00,2863363569474,2863365714449,2.144975,true,true,172138432,172142508,4.076000,true,matched_request_response
run_1,20260710,620,before,620,target_did_random_data,0x1234,5,77FF,2E123477FF,052E123477FF0000,6E1234,positive,0x6E,,true,true,false,2026-07-10T12:41:44.427994+02:00,2863387058318,2863390149437,3.091119,true,true,172161910,172165993,4.083000,true,matched_request_response
run_1,20260710,621,before,621,target_did_random_data,0x1234,4,32,2E123432,042E123432000000,6E1234,positive,0x6E,,true,true,false,2026-07-10T12:41:44.452415+02:00,2863411479547,2863414533580,3.054033,true,true,172186302,172190386,4.084000,true,matched_request_response
run_1,20260710,622,before,622,target_did_random_data,0x1234,5,ED37,2E1234ED37,052E1234ED370000,6E1234,positive,0x6E,,true,true,false,2026-07-10T12:41:44.476790+02:00,2863435854052,2863438936161,3.082109,true,true,172210623,172214706,4.083000,true,matched_request_response
run_1,20260710,623,before,623,target_did_random_data,0x1234,7,8F238CEF,2E12348F238CEF,072E12348F238CEF,6E1234,positive,0x6E,,true,true,false,2026-07-10T12:41:44.501255+02:00,2863460318722,2863463406000,3.087278,true,true,172235063,172239137,4.074000,true,matched_request_response
run_1,20260710,624,before,624,target_did_random_data,0x1234,5,D1D0,2E1234D1D0,052E1234D1D00000,6E1234,positive,0x6E,,true,true,false,2026-07-10T12:41:44.525735+02:00,2863484799805,2863487834422,3.034617,true,true,172259518,172263597,4.079000,true,matched_request_response
run_1,20260710,625,before,625,unknown_did,0x3333,6,05991D,2E333305991D,062E333305991D00,7F2E31,negative,0x7F,0x31,false,false,false,2026-07-10T12:41:44.550113+02:00,2863509177104,2863512232534,3.055430,true,true,172283876,172287959,4.083000,true,matched_request_response
run_1,20260710,626,before,626,target_did_random_data,0x1234,5,E88F,2E1234E88F,052E1234E88F0000,6E1234,positive,0x6E,,true,true,false,2026-07-10T12:41:44.574727+02:00,2863533789839,2863536660817,2.870978,true,true,172308465,172312546,4.081000,true,matched_request_response
run_1,20260710,627,before,627,target_did_random_data,0x1234,5,294A,2E1234294A,052E1234294A0000,6E1234,positive,0x6E,,true,true,false,2026-07-10T12:41:44.598974+02:00,2863558038070,2863561073455,3.035385,true,true,172332689,172336772,4.083000,true,matched_request_response
run_1,20260710,628,before,628,target_did_random_data,0x1234,7,53D47070,2E123453D47070,072E123453D47070,6E1234,positive,0x6E,,true,true,false,2026-07-10T12:41:44.623381+02:00,2863582444493,2863585451243,3.006750,true,true,172357044,172361119,4.075000,true,matched_request_response
run_1,20260710,629,before,629,target_did_random_data,0x1234,6,557FD3,2E1234557FD3,062E1234557FD300,6E1234,positive,0x6E,,true,true,false,2026-07-10T12:41:44.647712+02:00,2863606776045,2863609879177,3.103132,true,true,172381355,172385431,4.076000,true,matched_request_response
run_1,20260710,630,before,630,unknown_did,0xF187,7,40E7D939,2EF18740E7D939,072EF18740E7D939,7F2E31,negative,0x7F,0x31,false,false,false,2026-07-10T12:41:44.672270+02:00,2863631334653,2863634319892,2.985239,true,true,172405893,172409968,4.075000,true,matched_request_response
run_1,20260710,631,before,631,target_did_random_data,0x1234,4,ED,2E1234ED,042E1234ED000000,6E1234,positive,0x6E,,true,true,false,2026-07-10T12:41:44.696645+02:00,2863655709646,2863658699216,2.989570,true,true,172430254,172434339,4.085000,true,matched_request_response
run_1,20260710,632,before,632,target_did_random_data,0x1234,6,64EF40,2E123464EF40,062E123464EF4000,6E1234,positive,0x6E,,true,true,false,2026-07-10T12:41:44.720995+02:00,2863680060475,2863683148940,3.088465,true,true,172454576,172458654,4.078000,true,matched_request_response
run_1,20260710,633,before,633,target_did_random_data,0x1234,4,AC,2E1234AC,042E1234AC000000,6E1234,positive,0x6E,,true,true,false,2026-07-10T12:41:44.745550+02:00,2863704614403,2863707522397,2.907994,true,true,172479112,172483202,4.090000,true,matched_request_response
run_1,20260710,634,before,634,missing_data,0x1234,3,,2E1234,032E123400000000,7F2E13,negative,0x7F,0x13,false,false,false,2026-07-10T12:41:44.769797+02:00,2863728860958,2863731933080,3.072122,true,true,172503338,172507426,4.088000,true,matched_request_response
run_1,20260710,635,before,635,unknown_did,0x3333,6,3E2D6B,2E33333E2D6B,062E33333E2D6B00,7F2E31,negative,0x7F,0x31,false,false,false,2026-07-10T12:41:44.794332+02:00,2863753395540,2863756382944,2.987404,true,true,172527832,172531911,4.079000,true,matched_request_response
run_1,20260710,636,before,636,target_did_random_data,0x1234,6,CCD41C,2E1234CCD41C,062E1234CCD41C00,6E1234,positive,0x6E,,true,true,false,2026-07-10T12:41:44.818717+02:00,2863777781988,2863780817792,3.035804,true,true,172552214,172556291,4.077000,true,matched_request_response
run_1,20260710,637,before,637,target_did_random_data,0x1234,4,02,2E123402,042E123402000000,6E1234,positive,0x6E,,true,true,false,2026-07-10T12:41:44.843146+02:00,2863802210411,2863805186920,2.976509,true,true,172576617,172580708,4.091000,true,matched_request_response
run_1,20260710,638,before,638,target_did_random_data,0x1234,5,CD6A,2E1234CD6A,052E1234CD6A0000,6E1234,positive,0x6E,,true,true,false,2026-07-10T12:41:44.867426+02:00,2863826489442,2863829540612,3.051170,true,true,172600858,172604940,4.082000,true,matched_request_response
run_1,20260710,639,before,639,missing_data,0x1234,3,,2E1234,032E123400000000,7F2E13,negative,0x7F,0x13,false,false,false,2026-07-10T12:41:44.891792+02:00,2863850855916,2863853031830,2.175914,true,true,172625199,172629287,4.088000,true,matched_request_response
run_1,20260710,640,before,640,target_did_random_data,0x1234,4,1E,2E12341E,042E12341E000000,6E1234,positive,0x6E,,true,true,false,2026-07-10T12:41:44.915470+02:00,2863874534659,2863877460532,2.925873,true,true,172648874,172652961,4.087000,true,matched_request_response
run_1,20260710,641,before,641,target_did_random_data,0x1234,4,A2,2E1234A2,042E1234A2000000,6E1234,positive,0x6E,,true,true,false,2026-07-10T12:41:44.939755+02:00,2863898819487,2863901872961,3.053474,true,true,172673120,172677210,4.090000,true,matched_request_response
run_1,20260710,642,before,642,target_did_random_data,0x1234,7,E308D387,2E1234E308D387,072E1234E308D387,6E1234,positive,0x6E,,true,true,false,2026-07-10T12:41:44.964226+02:00,2863923290304,2863926255987,2.965683,true,true,172697541,172701620,4.079000,true,matched_request_response
run_1,20260710,643,before,643,target_did_random_data,0x1234,6,CAD330,2E1234CAD330,062E1234CAD33000,6E1234,positive,0x6E,,true,true,false,2026-07-10T12:41:44.988540+02:00,2863947604605,2863950703965,3.099360,true,true,172721837,172725915,4.078000,true,matched_request_response
run_1,20260710,644,before,644,unknown_did,0x3333,5,ECF6,2E3333ECF6,052E3333ECF60000,7F2E31,negative,0x7F,0x31,false,false,false,2026-07-10T12:41:45.013068+02:00,2863972132762,2863975093626,2.960864,true,true,172746405,172750485,4.080000,true,matched_request_response
run_1,20260710,645,before,645,target_did_random_data,0x1234,4,C3,2E1234C3,042E1234C3000000,6E1234,positive,0x6E,,true,true,false,2026-07-10T12:41:45.037315+02:00,2863996377920,2863998546152,2.168232,true,true,172770570,172774657,4.087000,true,matched_request_response
run_1,20260710,646,before,646,read_only_did,0x1001,6,E267DD,2E1001E267DD,062E1001E267DD00,7F2E31,negative,0x7F,0x31,false,false,false,2026-07-10T12:41:45.060919+02:00,2864019983469,2864022971502,2.988033,true,true,172794167,172798251,4.084000,true,matched_request_response
run_1,20260710,647,before,647,target_did_random_data,0x1234,6,955F2E,2E1234955F2E,062E1234955F2E00,6E1234,positive,0x6E,,true,true,false,2026-07-10T12:41:45.085268+02:00,2864044331644,2864047426814,3.095170,true,true,172818465,172822541,4.076000,true,matched_request_response
run_1,20260710,648,before,648,target_did_random_data,0x1234,6,B2B792,2E1234B2B792,062E1234B2B79200,6E1234,positive,0x6E,,true,true,false,2026-07-10T12:41:45.109744+02:00,2864068808048,2864071820665,3.012617,true,true,172842904,172846983,4.079000,true,matched_request_response
run_1,20260710,649,before,649,target_did_random_data,0x1234,7,F9B5BFA1,2E1234F9B5BFA1,072E1234F9B5BFA1,6E1234,positive,0x6E,,true,true,false,2026-07-10T12:41:45.134184+02:00,2864093248484,2864096254256,3.005772,true,true,172867337,172871410,4.073000,true,matched_request_response
run_1,20260710,650,before,650,target_did_random_data,0x1234,7,A72712D5,2E1234A72712D5,072E1234A72712D5,6E1234,positive,0x6E,,true,true,false,2026-07-10T12:41:45.158563+02:00,2864117626691,2864120668082,3.041391,true,true,172891675,172895749,4.074000,true,matched_request_response
run_1,20260710,651,before,651,target_did_random_data,0x1234,7,C17F102C,2E1234C17F102C,072E1234C17F102C,6E1234,positive,0x6E,,true,true,false,2026-07-10T12:41:45.183067+02:00,2864142131311,2864145044124,2.912813,true,true,172916227,172920299,4.072000,true,matched_request_response
run_1,20260710,652,before,652,unknown_did,0xF187,4,FD,2EF187FD,042EF187FD000000,7F2E31,negative,0x7F,0x31,false,false,false,2026-07-10T12:41:45.207373+02:00,2864166437650,2864169527861,3.090211,true,true,172940457,172944542,4.085000,true,matched_request_response
run_1,20260710,653,before,653,unknown_did,0x3333,6,040FC9,2E3333040FC9,062E3333040FC900,7F2E31,negative,0x7F,0x31,false,false,false,2026-07-10T12:41:45.231900+02:00,2864190963712,2864193915217,2.951505,true,true,172964949,172969037,4.088000,true,matched_request_response
run_1,20260710,654,before,654,target_did_random_data,0x1234,7,AC96CE67,2E1234AC96CE67,072E1234AC96CE67,6E1234,positive,0x6E,,true,true,false,2026-07-10T12:41:45.256313+02:00,2864215378236,2864218329462,2.951226,true,true,172989335,172993407,4.072000,true,matched_request_response
run_1,20260710,655,before,655,unknown_did,0xF187,4,01,2EF18701,042EF18701000000,7F2E31,negative,0x7F,0x31,false,false,false,2026-07-10T12:41:45.280692+02:00,2864239754976,2864242694259,2.939283,true,true,173013689,173017780,4.091000,true,matched_request_response
run_1,20260710,656,before,656,target_did_random_data,0x1234,7,A2F82510,2E1234A2F82510,072E1234A2F82510,6E1234,positive,0x6E,,true,true,false,2026-07-10T12:41:45.304984+02:00,2864264048256,2864267129666,3.081410,true,true,173037957,173042032,4.075000,true,matched_request_response
run_1,20260710,657,before,657,target_did_random_data,0x1234,5,4793,2E12344793,052E123447930000,6E1234,positive,0x6E,,true,true,false,2026-07-10T12:41:45.329375+02:00,2864288438405,2864291487270,3.048865,true,true,173062318,173066399,4.081000,true,matched_request_response
run_1,20260710,658,before,658,target_did_random_data,0x1234,6,615EF5,2E1234615EF5,062E1234615EF500,6E1234,positive,0x6E,,true,true,false,2026-07-10T12:41:45.353728+02:00,2864312791399,2864314945523,2.154124,true,true,173086647,173090726,4.079000,true,matched_request_response
run_1,20260710,659,before,659,target_did_random_data,0x1234,7,5D1411CF,2E12345D1411CF,072E12345D1411CF,6E1234,positive,0x6E,,true,true,false,2026-07-10T12:41:45.377202+02:00,2864336266345,2864339400067,3.133722,true,true,173110095,173114170,4.075000,true,matched_request_response
run_1,20260710,660,before,660,read_only_did,0x1001,5,5E3B,2E10015E3B,052E10015E3B0000,7F2E31,negative,0x7F,0x31,false,false,false,2026-07-10T12:41:45.401673+02:00,2864360736393,2864363823252,3.086859,true,true,173134562,173138649,4.087000,true,matched_request_response
run_1,20260710,661,before,661,unknown_did,0xF187,5,50B7,2EF18750B7,052EF18750B70000,7F2E31,negative,0x7F,0x31,false,false,false,2026-07-10T12:41:45.426119+02:00,2864385183533,2864388214798,3.031265,true,true,173158995,173163078,4.083000,true,matched_request_response
run_1,20260710,662,before,662,target_did_random_data,0x1234,5,D96F,2E1234D96F,052E1234D96F0000,6E1234,positive,0x6E,,true,true,false,2026-07-10T12:41:45.450457+02:00,2864409521441,2864412582179,3.060738,true,true,173183281,173187361,4.080000,true,matched_request_response
run_1,20260710,663,before,663,target_did_random_data,0x1234,5,A1FB,2E1234A1FB,052E1234A1FB0000,6E1234,positive,0x6E,,true,true,false,2026-07-10T12:41:45.474878+02:00,2864433942112,2864437087358,3.145246,true,true,173207688,173211771,4.083000,true,matched_request_response
run_1,20260710,664,before,664,target_did_random_data,0x1234,7,E67A4D7B,2E1234E67A4D7B,072E1234E67A4D7B,6E1234,positive,0x6E,,true,true,false,2026-07-10T12:41:45.499336+02:00,2864458399519,2864461418282,3.018763,true,true,173232100,173236175,4.075000,true,matched_request_response
run_1,20260710,665,before,665,target_did_random_data,0x1234,4,55,2E123455,042E123455000000,6E1234,positive,0x6E,,true,true,false,2026-07-10T12:41:45.523664+02:00,2864482728138,2864484945888,2.217750,true,true,173256425,173260509,4.084000,true,matched_request_response
run_1,20260710,666,before,666,unknown_did,0x2222,4,EC,2E2222EC,042E2222EC000000,7F2E31,negative,0x7F,0x31,false,false,false,2026-07-10T12:41:45.547282+02:00,2864506345630,2864509388698,3.043068,true,true,173280018,173284104,4.086000,true,matched_request_response
run_1,20260710,667,before,667,target_did_random_data,0x1234,5,5944,2E12345944,052E123459440000,6E1234,positive,0x6E,,true,true,false,2026-07-10T12:41:45.571680+02:00,2864530743951,2864533712079,2.968128,true,true,173304397,173308478,4.081000,true,matched_request_response
run_1,20260710,668,before,668,target_did_random_data,0x1234,5,460D,2E1234460D,052E1234460D0000,6E1234,positive,0x6E,,true,true,false,2026-07-10T12:41:45.596042+02:00,2864555105676,2864558151118,3.045442,true,true,173328737,173332824,4.087000,true,matched_request_response
run_1,20260710,669,before,669,target_did_random_data,0x1234,4,82,2E123482,042E123482000000,6E1234,positive,0x6E,,true,true,false,2026-07-10T12:41:45.620431+02:00,2864579495057,2864582534982,3.039925,true,true,173353114,173357203,4.089000,true,matched_request_response
run_1,20260710,670,before,670,target_did_random_data,0x1234,6,40924C,2E123440924C,062E123440924C00,6E1234,positive,0x6E,,true,true,false,2026-07-10T12:41:45.644853+02:00,2864603916985,2864607054059,3.137074,true,true,173377496,173381573,4.077000,true,matched_request_response
run_1,20260710,671,before,671,target_did_random_data,0x1234,6,A8254B,2E1234A8254B,062E1234A8254B00,6E1234,positive,0x6E,,true,true,false,2026-07-10T12:41:45.669329+02:00,2864628392411,2864631405936,3.013525,true,true,173401947,173406025,4.078000,true,matched_request_response
run_1,20260710,672,before,672,target_did_random_data,0x1234,7,B53229A4,2E1234B53229A4,072E1234B53229A4,6E1234,positive,0x6E,,true,true,false,2026-07-10T12:41:45.693710+02:00,2864652774040,2864655826047,3.052007,true,true,173426295,173430368,4.073000,true,matched_request_response
run_1,20260710,673,before,673,target_did_random_data,0x1234,4,32,2E123432,042E123432000000,6E1234,positive,0x6E,,true,true,false,2026-07-10T12:41:45.718118+02:00,2864677182139,2864680197759,3.015620,true,true,173450706,173454792,4.086000,true,matched_request_response
run_1,20260710,674,before,674,target_did_random_data,0x1234,5,FB1A,2E1234FB1A,052E1234FB1A0000,6E1234,positive,0x6E,,true,true,false,2026-07-10T12:41:45.742537+02:00,2864701601692,2864704606067,3.004375,true,true,173475093,173479176,4.083000,true,matched_request_response
run_1,20260710,675,before,675,target_did_random_data,0x1234,6,EF3987,2E1234EF3987,062E1234EF398700,6E1234,positive,0x6E,,true,true,false,2026-07-10T12:41:45.766974+02:00,2864726038565,2864729046223,3.007658,true,true,173499506,173503582,4.076000,true,matched_request_response
run_1,20260710,676,before,676,missing_data,0x1234,3,,2E1234,032E123400000000,7F2E13,negative,0x7F,0x13,false,false,false,2026-07-10T12:41:45.791323+02:00,2864750386321,2864753446081,3.059760,true,true,173523843,173527934,4.091000,true,matched_request_response
run_1,20260710,677,before,677,target_did_random_data,0x1234,5,9026,2E12349026,052E123490260000,6E1234,positive,0x6E,,true,true,false,2026-07-10T12:41:45.815778+02:00,2864774842122,2864777914942,3.072820,true,true,173548271,173552352,4.081000,true,matched_request_response
run_1,20260710,678,before,678,target_did_random_data,0x1234,7,8D5F22DD,2E12348D5F22DD,072E12348D5F22DD,6E1234,positive,0x6E,,true,true,false,2026-07-10T12:41:45.840242+02:00,2864799306024,2864802314870,3.008846,true,true,173572695,173576770,4.075000,true,matched_request_response
run_1,20260710,679,before,679,target_did_random_data,0x1234,6,EF8A55,2E1234EF8A55,062E1234EF8A5500,6E1234,positive,0x6E,,true,true,false,2026-07-10T12:41:45.864618+02:00,2864823682485,2864826698245,3.015760,true,true,173597048,173601127,4.079000,true,matched_request_response
run_1,20260710,680,before,680,target_did_random_data,0x1234,4,C9,2E1234C9,042E1234C9000000,6E1234,positive,0x6E,,true,true,false,2026-07-10T12:41:45.889018+02:00,2864848082343,2864851135747,3.053404,true,true,173621446,173625531,4.085000,true,matched_request_response
run_1,20260710,681,before,681,target_did_random_data,0x1234,6,4F96DC,2E12344F96DC,062E12344F96DC00,6E1234,positive,0x6E,,true,true,false,2026-07-10T12:41:45.913459+02:00,2864872523127,2864875568570,3.045443,true,true,173645849,173649928,4.079000,true,matched_request_response
run_1,20260710,682,before,682,target_did_random_data,0x1234,5,1DF2,2E12341DF2,052E12341DF20000,6E1234,positive,0x6E,,true,true,false,2026-07-10T12:41:45.937870+02:00,2864896933950,2864899957253,3.023303,true,true,173670254,173674335,4.081000,true,matched_request_response
run_1,20260710,683,before,683,unknown_did,0xF187,4,C8,2EF187C8,042EF187C8000000,7F2E31,negative,0x7F,0x31,false,false,false,2026-07-10T12:41:45.962290+02:00,2864921353154,2864924449720,3.096566,true,true,173694645,173698731,4.086000,true,matched_request_response
run_1,20260710,684,before,684,unknown_did,0x3333,6,3363CD,2E33333363CD,062E33333363CD00,7F2E31,negative,0x7F,0x31,false,false,false,2026-07-10T12:41:45.986771+02:00,2864945834517,2864948792587,2.958070,true,true,173719100,173723178,4.078000,true,matched_request_response
run_1,20260710,685,before,685,target_did_random_data,0x1234,6,58CA6D,2E123458CA6D,062E123458CA6D00,6E1234,positive,0x6E,,true,true,false,2026-07-10T12:41:46.011116+02:00,2864970180457,2864973186229,3.005772,true,true,173743417,173747494,4.077000,true,matched_request_response
run_1,20260710,686,before,686,target_did_random_data,0x1234,5,4F37,2E12344F37,052E12344F370000,6E1234,positive,0x6E,,true,true,false,2026-07-10T12:41:46.035490+02:00,2864994554822,2864997595376,3.040554,true,true,173767770,173771853,4.083000,true,matched_request_response
run_1,20260710,687,before,687,read_only_did,0x1001,4,3E,2E10013E,042E10013E000000,7F2E31,negative,0x7F,0x31,false,false,false,2026-07-10T12:41:46.059922+02:00,2865018985620,2865022034764,3.049144,true,true,173792212,173796300,4.088000,true,matched_request_response
run_1,20260710,688,before,688,read_only_did,0x1001,6,DFABF0,2E1001DFABF0,062E1001DFABF000,7F2E31,negative,0x7F,0x31,false,false,false,2026-07-10T12:41:46.084485+02:00,2865043549186,2865046441745,2.892559,true,true,173816728,173820811,4.083000,true,matched_request_response
run_1,20260710,689,before,689,target_did_random_data,0x1234,5,AF71,2E1234AF71,052E1234AF710000,6E1234,positive,0x6E,,true,true,false,2026-07-10T12:41:46.108770+02:00,2865067833945,2865070790898,2.956953,true,true,173840983,173845066,4.083000,true,matched_request_response
run_1,20260710,690,before,690,target_did_random_data,0x1234,5,7B12,2E12347B12,052E12347B120000,6E1234,positive,0x6E,,true,true,false,2026-07-10T12:41:46.133150+02:00,2865092214666,2865095247118,3.032452,true,true,173865335,173869416,4.081000,true,matched_request_response
run_1,20260710,691,before,691,target_did_random_data,0x1234,7,B8452458,2E1234B8452458,072E1234B8452458,6E1234,positive,0x6E,,true,true,false,2026-07-10T12:41:46.157555+02:00,2865116619134,2865119637687,3.018553,true,true,173889703,173893778,4.075000,true,matched_request_response
run_1,20260710,692,before,692,target_did_random_data,0x1234,4,40,2E123440,042E123440000000,6E1234,positive,0x6E,,true,true,false,2026-07-10T12:41:46.181905+02:00,2865140968356,2865144058078,3.089722,true,true,173914045,173918131,4.086000,true,matched_request_response
run_1,20260710,693,before,693,target_did_random_data,0x1234,4,63,2E123463,042E123463000000,6E1234,positive,0x6E,,true,true,false,2026-07-10T12:41:46.206320+02:00,2865165384836,2865168455492,3.070656,true,true,173938437,173942522,4.085000,true,matched_request_response
run_1,20260710,694,before,694,target_did_random_data,0x1234,6,43A7B9,2E123443A7B9,062E123443A7B900,6E1234,positive,0x6E,,true,true,false,2026-07-10T12:41:46.230739+02:00,2865189802643,2865192911502,3.108859,true,true,173962812,173966890,4.078000,true,matched_request_response
run_1,20260710,695,before,695,target_did_random_data,0x1234,7,01940B6C,2E123401940B6C,072E123401940B6C,6E1234,positive,0x6E,,true,true,false,2026-07-10T12:41:46.255308+02:00,2865214371308,2865217431417,3.060109,true,true,173987368,173991450,4.082000,true,matched_request_response
run_1,20260710,696,before,696,target_did_random_data,0x1234,4,06,2E123406,042E123406000000,6E1234,positive,0x6E,,true,true,false,2026-07-10T12:41:46.279732+02:00,2865238795610,2865241722392,2.926782,true,true,174011788,174015879,4.091000,true,matched_request_response
run_1,20260710,697,before,697,target_did_random_data,0x1234,4,00,2E123400,042E123400000000,6E1234,positive,0x6E,,true,true,false,2026-07-10T12:41:46.304013+02:00,2865263078065,2865266207387,3.129322,true,true,174036034,174040124,4.090000,true,matched_request_response
run_1,20260710,698,before,698,target_did_random_data,0x1234,6,587760,2E1234587760,062E123458776000,6E1234,positive,0x6E,,true,true,false,2026-07-10T12:41:46.328530+02:00,2865287593790,2865290563314,2.969524,true,true,174060506,174064583,4.077000,true,matched_request_response
run_1,20260710,699,before,699,target_did_random_data,0x1234,6,5B7A8E,2E12345B7A8E,062E12345B7A8E00,6E1234,positive,0x6E,,true,true,false,2026-07-10T12:41:46.352895+02:00,2865311958028,2865314974905,3.016877,true,true,174084850,174088928,4.078000,true,matched_request_response
run_1,20260710,700,before,700,target_did_random_data,0x1234,6,D85DBC,2E1234D85DBC,062E1234D85DBC00,6E1234,positive,0x6E,,true,true,false,2026-07-10T12:41:46.377322+02:00,2865336386311,2865339432382,3.046071,true,true,174109254,174113331,4.077000,true,matched_request_response
run_1,20260710,701,before,701,unknown_did,0xF187,5,7963,2EF1877963,052EF18779630000,7F2E31,negative,0x7F,0x31,false,false,false,2026-07-10T12:41:46.401741+02:00,2865360804887,2865363843834,3.038947,true,true,174133652,174137735,4.083000,true,matched_request_response
run_1,20260710,702,before,702,target_did_random_data,0x1234,5,537A,2E1234537A,052E1234537A0000,6E1234,positive,0x6E,,true,true,false,2026-07-10T12:41:46.426234+02:00,2865385299031,2865388207584,2.908553,true,true,174158120,174162205,4.085000,true,matched_request_response
run_1,20260710,703,before,703,target_did_random_data,0x1234,5,4AF9,2E12344AF9,052E12344AF90000,6E1234,positive,0x6E,,true,true,false,2026-07-10T12:41:46.450508+02:00,2865409571986,2865412659124,3.087138,true,true,174182375,174186455,4.080000,true,matched_request_response
run_1,20260710,704,before,704,read_only_did,0x1001,4,7F,2E10017F,042E10017F000000,7F2E31,negative,0x7F,0x31,false,false,false,2026-07-10T12:41:46.475064+02:00,2865434128429,2865437045642,2.917213,true,true,174206911,174211002,4.091000,true,matched_request_response
run_1,20260710,705,before,705,target_did_random_data,0x1234,6,0A9099,2E12340A9099,062E12340A909900,6E1234,positive,0x6E,,true,true,false,2026-07-10T12:41:46.499418+02:00,2865458482331,2865461626879,3.144548,true,true,174231221,174235302,4.081000,true,matched_request_response
run_1,20260710,706,before,706,unknown_did,0x3333,6,DB4519,2E3333DB4519,062E3333DB451900,7F2E31,negative,0x7F,0x31,false,false,false,2026-07-10T12:41:46.523985+02:00,2865483049040,2865485866939,2.817899,true,true,174255769,174259848,4.079000,true,matched_request_response
run_1,20260710,707,before,707,unknown_did,0x2222,7,DDB2BB3C,2E2222DDB2BB3C,072E2222DDB2BB3C,7F2E31,negative,0x7F,0x31,false,false,false,2026-07-10T12:41:46.548217+02:00,2865507279951,2865510258974,2.979023,true,true,174279940,174284015,4.075000,true,matched_request_response
run_1,20260710,708,before,708,target_did_random_data,0x1234,5,2200,2E12342200,052E123422000000,6E1234,positive,0x6E,,true,true,false,2026-07-10T12:41:46.572523+02:00,2865531586640,2865534738871,3.152231,true,true,174304252,174308336,4.084000,true,matched_request_response
run_1,20260710,709,before,709,target_did_random_data,0x1234,6,8A2D9E,2E12348A2D9E,062E12348A2D9E00,6E1234,positive,0x6E,,true,true,false,2026-07-10T12:41:46.597021+02:00,2865556085603,2865559148157,3.062554,true,true,174328725,174332804,4.079000,true,matched_request_response
run_1,20260710,710,before,710,target_did_random_data,0x1234,6,41E5E3,2E123441E5E3,062E123441E5E300,6E1234,positive,0x6E,,true,true,false,2026-07-10T12:41:46.621482+02:00,2865580547899,2865583513094,2.965195,true,true,174353177,174357256,4.079000,true,matched_request_response
run_1,20260710,711,before,711,target_did_random_data,0x1234,5,3635,2E12343635,052E123436350000,6E1234,positive,0x6E,,true,true,false,2026-07-10T12:41:46.645788+02:00,2865604852912,2865607966171,3.113259,true,true,174377453,174381533,4.080000,true,matched_request_response
run_1,20260710,712,before,712,target_did_random_data,0x1234,5,49B5,2E123449B5,052E123449B50000,6E1234,positive,0x6E,,true,true,false,2026-07-10T12:41:46.670238+02:00,2865629301519,2865632394245,3.092726,true,true,174401868,174405951,4.083000,true,matched_request_response
run_1,20260710,713,before,713,unknown_did,0x3333,5,A839,2E3333A839,052E3333A8390000,7F2E31,negative,0x7F,0x31,false,false,false,2026-07-10T12:41:46.694637+02:00,2865653700818,2865656801017,3.100199,true,true,174426237,174430318,4.081000,true,matched_request_response
run_1,20260710,714,before,714,target_did_random_data,0x1234,6,453490,2E1234453490,062E123445349000,6E1234,positive,0x6E,,true,true,false,2026-07-10T12:41:46.719125+02:00,2865678188537,2865681201573,3.013036,true,true,174450712,174454791,4.079000,true,matched_request_response
run_1,20260710,715,before,715,target_did_random_data,0x1234,5,410E,2E1234410E,052E1234410E0000,6E1234,positive,0x6E,,true,true,false,2026-07-10T12:41:46.743518+02:00,2865702582109,2865705583621,3.001512,true,true,174475086,174479173,4.087000,true,matched_request_response
run_1,20260710,716,before,716,target_did_random_data,0x1234,4,3C,2E12343C,042E12343C000000,6E1234,positive,0x6E,,true,true,false,2026-07-10T12:41:46.767821+02:00,2865726883630,2865729035729,2.152099,true,true,174499351,174503435,4.084000,true,matched_request_response
run_1,20260710,717,before,717,target_did_random_data,0x1234,7,12D3B4E3,2E123412D3B4E3,072E123412D3B4E3,6E1234,positive,0x6E,,true,true,false,2026-07-10T12:41:46.791239+02:00,2865750302143,2865752463531,2.161388,true,true,174522735,174526810,4.075000,true,matched_request_response
run_1,20260710,718,before,718,target_did_random_data,0x1234,5,75D6,2E123475D6,052E123475D60000,6E1234,positive,0x6E,,true,true,false,2026-07-10T12:41:46.814705+02:00,2865773769057,2865776890697,3.121640,true,true,174546194,174550274,4.080000,true,matched_request_response
run_1,20260710,719,before,719,read_only_did,0x1001,4,B9,2E1001B9,042E1001B9000000,7F2E31,negative,0x7F,0x31,false,false,false,2026-07-10T12:41:46.839179+02:00,2865798243715,2865801437851,3.194136,true,true,174570658,174574749,4.091000,true,matched_request_response
run_1,20260710,720,before,720,unknown_did,0xF187,5,0105,2EF1870105,052EF18701050000,7F2E31,negative,0x7F,0x31,false,false,false,2026-07-10T12:41:46.863727+02:00,2865822790240,2865825718838,2.928598,true,true,174595157,174599249,4.092000,true,matched_request_response
run_1,20260710,721,before,721,target_did_random_data,0x1234,4,54,2E123454,042E123454000000,6E1234,positive,0x6E,,true,true,false,2026-07-10T12:41:46.887981+02:00,2865847045386,2865850150404,3.105018,true,true,174619401,174623486,4.085000,true,matched_request_response
run_1,20260710,722,before,722,target_did_random_data,0x1234,4,B6,2E1234B6,042E1234B6000000,6E1234,positive,0x6E,,true,true,false,2026-07-10T12:41:46.912383+02:00,2865871445454,2865874489988,3.044534,true,true,174643762,174647849,4.087000,true,matched_request_response
run_1,20260710,723,before,723,target_did_random_data,0x1234,7,4619621F,2E12344619621F,072E12344619621F,6E1234,positive,0x6E,,true,true,false,2026-07-10T12:41:46.936736+02:00,2865895799775,2865897975410,2.175635,true,true,174668087,174672162,4.075000,true,matched_request_response
run_1,20260710,724,before,724,target_did_random_data,0x1234,7,37524EB2,2E123437524EB2,072E123437524EB2,6E1234,positive,0x6E,,true,true,false,2026-07-10T12:41:46.960232+02:00,2865919295673,2865922365071,3.069398,true,true,174691555,174695630,4.075000,true,matched_request_response
run_1,20260710,725,before,725,missing_data,0x1234,3,,2E1234,032E123400000000,7F2E13,negative,0x7F,0x13,false,false,false,2026-07-10T12:41:46.984691+02:00,2865943754826,2865946798383,3.043557,true,true,174716010,174720100,4.090000,true,matched_request_response
run_1,20260710,726,before,726,target_did_random_data,0x1234,7,4193356C,2E12344193356C,072E12344193356C,6E1234,positive,0x6E,,true,true,false,2026-07-10T12:41:47.009090+02:00,2865968154055,2865971227085,3.073030,true,true,174740415,174744487,4.072000,true,matched_request_response
run_1,20260710,727,before,727,target_did_random_data,0x1234,4,AD,2E1234AD,042E1234AD000000,6E1234,positive,0x6E,,true,true,false,2026-07-10T12:41:47.033513+02:00,2865992576682,2865995649781,3.073099,true,true,174764775,174768862,4.087000,true,matched_request_response
run_1,20260710,728,before,728,target_did_random_data,0x1234,7,C65B39E7,2E1234C65B39E7,072E1234C65B39E7,6E1234,positive,0x6E,,true,true,false,2026-07-10T12:41:47.058004+02:00,2866017068800,2866020071081,3.002281,true,true,174789222,174793294,4.072000,true,matched_request_response
run_1,20260710,729,before,729,target_did_random_data,0x1234,6,039B3E,2E1234039B3E,062E1234039B3E00,6E1234,positive,0x6E,,true,true,false,2026-07-10T12:41:47.082383+02:00,2866041446658,2866044490634,3.043976,true,true,174813588,174817671,4.083000,true,matched_request_response
run_1,20260710,730,before,730,target_did_random_data,0x1234,6,839841,2E1234839841,062E123483984100,6E1234,positive,0x6E,,true,true,false,2026-07-10T12:41:47.106821+02:00,2866065885837,2866068913609,3.027772,true,true,174838000,174842079,4.079000,true,matched_request_response
run_1,20260710,731,before,731,target_did_random_data,0x1234,7,F2FAFF13,2E1234F2FAFF13,072E1234F2FAFF13,6E1234,positive,0x6E,,true,true,false,2026-07-10T12:41:47.131230+02:00,2866090294215,2866093345874,3.051659,true,true,174862376,174866449,4.073000,true,matched_request_response
run_1,20260710,732,before,732,target_did_random_data,0x1234,7,A1FB0268,2E1234A1FB0268,072E1234A1FB0268,6E1234,positive,0x6E,,true,true,false,2026-07-10T12:41:47.155834+02:00,2866114898081,2866117709833,2.811752,true,true,174886956,174891035,4.079000,true,matched_request_response
run_1,20260710,733,before,733,target_did_random_data,0x1234,4,B4,2E1234B4,042E1234B4000000,6E1234,positive,0x6E,,true,true,false,2026-07-10T12:41:47.180014+02:00,2866139077588,2866142213615,3.136027,true,true,174911128,174915218,4.090000,true,matched_request_response
run_1,20260710,734,before,734,unknown_did,0xF187,7,0E2453C4,2EF1870E2453C4,072EF1870E2453C4,7F2E31,negative,0x7F,0x31,false,false,false,2026-07-10T12:41:47.204566+02:00,2866163629980,2866166549917,2.919937,true,true,174935634,174939713,4.079000,true,matched_request_response
run_1,20260710,735,before,735,target_did_random_data,0x1234,6,5202C9,2E12345202C9,062E12345202C900,6E1234,positive,0x6E,,true,true,false,2026-07-10T12:41:47.228891+02:00,2866187954758,2866190963115,3.008357,true,true,174959930,174964013,4.083000,true,matched_request_response
run_1,20260710,736,before,736,target_did_random_data,0x1234,4,EA,2E1234EA,042E1234EA000000,6E1234,positive,0x6E,,true,true,false,2026-07-10T12:41:47.253316+02:00,2866212380039,2866215459075,3.079036,true,true,174984345,174988429,4.084000,true,matched_request_response
run_1,20260710,737,before,737,target_did_random_data,0x1234,6,3AA55D,2E12343AA55D,062E12343AA55D00,6E1234,positive,0x6E,,true,true,false,2026-07-10T12:41:47.277773+02:00,2866236837097,2866239798590,2.961493,true,true,175008756,175012835,4.079000,true,matched_request_response
run_1,20260710,738,before,738,target_did_random_data,0x1234,7,3B76CA76,2E12343B76CA76,072E12343B76CA76,6E1234,positive,0x6E,,true,true,false,2026-07-10T12:41:47.302146+02:00,2866261210555,2866264235045,3.024490,true,true,175033108,175037185,4.077000,true,matched_request_response
run_1,20260710,739,before,739,target_did_random_data,0x1234,7,35063377,2E123435063377,072E123435063377,6E1234,positive,0x6E,,true,true,false,2026-07-10T12:41:47.326548+02:00,2866285611809,2866288656414,3.044605,true,true,175057483,175061560,4.077000,true,matched_request_response
run_1,20260710,740,before,740,target_did_random_data,0x1234,6,DAC897,2E1234DAC897,062E1234DAC89700,6E1234,positive,0x6E,,true,true,false,2026-07-10T12:41:47.351012+02:00,2866310075852,2866313065072,2.989220,true,true,175081928,175086007,4.079000,true,matched_request_response
run_1,20260710,741,before,741,target_did_random_data,0x1234,5,7CA6,2E12347CA6,052E12347CA60000,6E1234,positive,0x6E,,true,true,false,2026-07-10T12:41:47.375391+02:00,2866334455106,2866337453336,2.998230,true,true,175106288,175110368,4.080000,true,matched_request_response
run_1,20260710,742,before,742,missing_data,0x1234,3,,2E1234,032E123400000000,7F2E13,negative,0x7F,0x13,false,false,false,2026-07-10T12:41:47.399859+02:00,2866358922711,2866361922686,2.999975,true,true,175130729,175134820,4.091000,true,matched_request_response
run_1,20260710,743,before,743,unknown_did,0xF187,5,0A20,2EF1870A20,052EF1870A200000,7F2E31,negative,0x7F,0x31,false,false,false,2026-07-10T12:41:47.424308+02:00,2866383371108,2866386266112,2.895004,true,true,175155137,175159225,4.088000,true,matched_request_response
run_1,20260710,744,before,744,target_did_random_data,0x1234,7,347C57E3,2E1234347C57E3,072E1234347C57E3,6E1234,positive,0x6E,,true,true,false,2026-07-10T12:41:47.448579+02:00,2866407642877,2866410659195,3.016318,true,true,175179377,175183450,4.073000,true,matched_request_response
run_1,20260710,745,before,745,unknown_did,0x3333,4,26,2E333326,042E333326000000,7F2E31,negative,0x7F,0x31,false,false,false,2026-07-10T12:41:47.473012+02:00,2866432076398,2866435170381,3.093983,true,true,175203810,175207897,4.087000,true,matched_request_response
run_1,20260710,746,before,746,target_did_random_data,0x1234,7,48744562,2E123448744562,072E123448744562,6E1234,positive,0x6E,,true,true,false,2026-07-10T12:41:47.497525+02:00,2866456589679,2866459504797,2.915118,true,true,175228262,175232335,4.073000,true,matched_request_response
run_1,20260710,747,before,747,missing_data,0x1234,3,,2E1234,032E123400000000,7F2E13,negative,0x7F,0x13,false,false,false,2026-07-10T12:41:47.521878+02:00,2866480944070,2866483973240,3.029170,true,true,175252639,175256730,4.091000,true,matched_request_response
run_1,20260710,748,before,748,target_did_random_data,0x1234,6,291175,2E1234291175,062E123429117500,6E1234,positive,0x6E,,true,true,false,2026-07-10T12:41:47.546489+02:00,2866505554081,2866508392583,2.838502,true,true,175277191,175281266,4.075000,true,matched_request_response
run_1,20260710,749,before,749,unknown_did,0xF187,5,172B,2EF187172B,052EF187172B0000,7F2E31,negative,0x7F,0x31,false,false,false,2026-07-10T12:41:47.570693+02:00,2866529757335,2866532769743,3.012408,true,true,175301368,175305449,4.081000,true,matched_request_response
run_1,20260710,750,before,750,unknown_did,0xF187,4,AC,2EF187AC,042EF187AC000000,7F2E31,negative,0x7F,0x31,false,false,false,2026-07-10T12:41:47.595167+02:00,2866554231574,2866557163943,2.932369,true,true,175325826,175329913,4.087000,true,matched_request_response
run_1,20260710,751,before,751,unknown_did,0x3333,5,9410,2E33339410,052E333394100000,7F2E31,negative,0x7F,0x31,false,false,false,2026-07-10T12:41:47.619484+02:00,2866578547413,2866581569249,3.021836,true,true,175350112,175354198,4.086000,true,matched_request_response
run_1,20260710,752,before,752,target_did_random_data,0x1234,7,EDB56BDF,2E1234EDB56BDF,072E1234EDB56BDF,6E1234,positive,0x6E,,true,true,false,2026-07-10T12:41:47.643938+02:00,2866603027170,2866605995367,2.968197,true,true,175374559,175378633,4.074000,true,matched_request_response
run_1,20260710,753,before,753,target_did_random_data,0x1234,7,F22DAAB7,2E1234F22DAAB7,072E1234F22DAAB7,6E1234,positive,0x6E,,true,true,false,2026-07-10T12:41:47.668295+02:00,2866627359421,2866630428400,3.068979,true,true,175398850,175402924,4.074000,true,matched_request_response
run_1,20260710,754,before,754,target_did_random_data,0x1234,6,EAF5FC,2E1234EAF5FC,062E1234EAF5FC00,6E1234,positive,0x6E,,true,true,false,2026-07-10T12:41:47.692741+02:00,2866651805374,2866654859547,3.054173,true,true,175423290,175427366,4.076000,true,matched_request_response
run_1,20260710,755,before,755,target_did_random_data,0x1234,4,44,2E123444,042E123444000000,6E1234,positive,0x6E,,true,true,false,2026-07-10T12:41:47.717184+02:00,2866676248674,2866679235798,2.987124,true,true,175447710,175451796,4.086000,true,matched_request_response
run_1,20260710,756,before,756,target_did_random_data,0x1234,5,E4C1,2E1234E4C1,052E1234E4C10000,6E1234,positive,0x6E,,true,true,false,2026-07-10T12:41:47.741534+02:00,2866700597268,2866703678958,3.081690,true,true,175472041,175476123,4.082000,true,matched_request_response
run_1,20260710,757,before,757,target_did_random_data,0x1234,6,9D15F9,2E12349D15F9,062E12349D15F900,6E1234,positive,0x6E,,true,true,false,2026-07-10T12:41:47.765994+02:00,2866725058586,2866728047248,2.988662,true,true,175496466,175500543,4.077000,true,matched_request_response
run_1,20260710,758,before,758,target_did_random_data,0x1234,7,34FFFCD0,2E123434FFFCD0,072E123434FFFCD0,6E1234,positive,0x6E,,true,true,false,2026-07-10T12:41:47.790358+02:00,2866749421219,2866752543347,3.122128,true,true,175520799,175524873,4.074000,true,matched_request_response
run_1,20260710,759,before,759,target_did_random_data,0x1234,6,BE1AA4,2E1234BE1AA4,062E1234BE1AA400,6E1234,positive,0x6E,,true,true,false,2026-07-10T12:41:47.814896+02:00,2866773960201,2866776902557,2.942356,true,true,175545323,175549400,4.077000,true,matched_request_response
run_1,20260710,760,before,760,unknown_did,0x3333,4,D9,2E3333D9,042E3333D9000000,7F2E31,negative,0x7F,0x31,false,false,false,2026-07-10T12:41:47.839208+02:00,2866798271151,2866801397819,3.126668,true,true,175569614,175573701,4.087000,true,matched_request_response
run_1,20260710,761,before,761,read_only_did,0x1001,4,A8,2E1001A8,042E1001A8000000,7F2E31,negative,0x7F,0x31,false,false,false,2026-07-10T12:41:47.863693+02:00,2866822756564,2866825750185,2.993621,true,true,175594086,175598177,4.091000,true,matched_request_response
run_1,20260710,762,before,762,target_did_random_data,0x1234,7,E14970E4,2E1234E14970E4,072E1234E14970E4,6E1234,positive,0x6E,,true,true,false,2026-07-10T12:41:47.888080+02:00,2866847143013,2866850139776,2.996763,true,true,175618484,175622556,4.072000,true,matched_request_response
run_1,20260710,763,before,763,target_did_random_data,0x1234,4,AD,2E1234AD,042E1234AD000000,6E1234,positive,0x6E,,true,true,false,2026-07-10T12:41:47.912445+02:00,2866871509696,2866874550040,3.040344,true,true,175642790,175646877,4.087000,true,matched_request_response
run_1,20260710,764,before,764,target_did_random_data,0x1234,4,AE,2E1234AE,042E1234AE000000,6E1234,positive,0x6E,,true,true,false,2026-07-10T12:41:47.936879+02:00,2866895943427,2866898996901,3.053474,true,true,175667204,175671288,4.084000,true,matched_request_response
run_1,20260710,765,before,765,target_did_random_data,0x1234,4,01,2E123401,042E123401000000,6E1234,positive,0x6E,,true,true,false,2026-07-10T12:41:47.961309+02:00,2866920373107,2866923403953,3.030846,true,true,175691615,175695706,4.091000,true,matched_request_response
run_1,20260710,766,before,766,target_did_random_data,0x1234,7,436976FF,2E1234436976FF,072E1234436976FF,6E1234,positive,0x6E,,true,true,false,2026-07-10T12:41:47.985704+02:00,2866944768146,2866947832586,3.064440,true,true,175715968,175720042,4.074000,true,matched_request_response
run_1,20260710,767,before,767,target_did_random_data,0x1234,7,0E2518BD,2E12340E2518BD,072E12340E2518BD,6E1234,positive,0x6E,,true,true,false,2026-07-10T12:41:48.010141+02:00,2866969205090,2866972236355,3.031265,true,true,175740380,175744456,4.076000,true,matched_request_response
run_1,20260710,768,before,768,target_did_random_data,0x1234,6,4C0425,2E12344C0425,062E12344C042500,6E1234,positive,0x6E,,true,true,false,2026-07-10T12:41:48.034540+02:00,2866993603900,2866996701375,3.097475,true,true,175764766,175768849,4.083000,true,matched_request_response
run_1,20260710,769,before,769,target_did_random_data,0x1234,4,FC,2E1234FC,042E1234FC000000,6E1234,positive,0x6E,,true,true,false,2026-07-10T12:41:48.058980+02:00,2867018044546,2867021092014,3.047468,true,true,175789198,175793281,4.083000,true,matched_request_response
run_1,20260710,770,before,770,target_did_random_data,0x1234,6,5A8497,2E12345A8497,062E12345A849700,6E1234,positive,0x6E,,true,true,false,2026-07-10T12:41:48.083472+02:00,2867042536316,2867045506050,2.969734,true,true,175813642,175817721,4.079000,true,matched_request_response
run_1,20260710,771,before,771,target_did_random_data,0x1234,4,03,2E123403,042E123403000000,6E1234,positive,0x6E,,true,true,false,2026-07-10T12:41:48.107782+02:00,2867066846287,2867069878041,3.031754,true,true,175837937,175842028,4.091000,true,matched_request_response
run_1,20260710,772,before,772,target_did_random_data,0x1234,7,7C158847,2E12347C158847,072E12347C158847,6E1234,positive,0x6E,,true,true,false,2026-07-10T12:41:48.132185+02:00,2867091248590,2867094265747,3.017157,true,true,175862304,175866376,4.072000,true,matched_request_response
run_1,20260710,773,before,773,target_did_random_data,0x1234,6,A6F003,2E1234A6F003,062E1234A6F00300,6E1234,positive,0x6E,,true,true,false,2026-07-10T12:41:48.156548+02:00,2867115611502,2867118698919,3.087417,true,true,175886647,175890730,4.083000,true,matched_request_response
run_1,20260710,774,before,774,target_did_random_data,0x1234,7,E231C885,2E1234E231C885,072E1234E231C885,6E1234,positive,0x6E,,true,true,false,2026-07-10T12:41:48.181069+02:00,2867140132884,2867143127203,2.994319,true,true,175911132,175915210,4.078000,true,matched_request_response
run_1,20260710,775,before,775,target_did_random_data,0x1234,7,74B7A917,2E123474B7A917,072E123474B7A917,6E1234,positive,0x6E,,true,true,false,2026-07-10T12:41:48.205575+02:00,2867164639041,2867167573785,2.934744,true,true,175935631,175939706,4.075000,true,matched_request_response
run_1,20260710,776,before,776,target_did_random_data,0x1234,6,A28522,2E1234A28522,062E1234A2852200,6E1234,positive,0x6E,,true,true,false,2026-07-10T12:41:48.229855+02:00,2867188918702,2867191928665,3.009963,true,true,175959883,175963961,4.078000,true,matched_request_response
run_1,20260710,777,before,777,target_did_random_data,0x1234,6,F58698,2E1234F58698,062E1234F5869800,6E1234,positive,0x6E,,true,true,false,2026-07-10T12:41:48.254310+02:00,2867213374573,2867216466320,3.091747,true,true,175984316,175988393,4.077000,true,matched_request_response
run_1,20260710,778,before,778,target_did_random_data,0x1234,5,D4DA,2E1234D4DA,052E1234D4DA0000,6E1234,positive,0x6E,,true,true,false,2026-07-10T12:41:48.278727+02:00,2867237790774,2867240777340,2.986566,true,true,176008708,176012791,4.083000,true,matched_request_response
run_1,20260710,779,before,779,target_did_random_data,0x1234,7,E1D571A0,2E1234E1D571A0,072E1234E1D571A0,6E1234,positive,0x6E,,true,true,false,2026-07-10T12:41:48.303097+02:00,2867262160530,2867265206043,3.045513,true,true,176033091,176037167,4.076000,true,matched_request_response
run_1,20260710,780,before,780,target_did_random_data,0x1234,7,AF9F776F,2E1234AF9F776F,072E1234AF9F776F,6E1234,positive,0x6E,,true,true,false,2026-07-10T12:41:48.327442+02:00,2867286504445,2867289561831,3.057386,true,true,176057360,176061433,4.073000,true,matched_request_response
run_1,20260710,781,before,781,target_did_random_data,0x1234,7,310BB078,2E1234310BB078,072E1234310BB078,6E1234,positive,0x6E,,true,true,false,2026-07-10T12:41:48.351819+02:00,2867310882722,2867312990891,2.108169,true,true,176081726,176085805,4.079000,true,matched_request_response
run_1,20260710,782,before,782,unknown_did,0x2222,7,B2FE0255,2E2222B2FE0255,072E2222B2FE0255,7F2E31,negative,0x7F,0x31,false,false,false,2026-07-10T12:41:48.375300+02:00,2867334364862,2867337505429,3.140567,true,true,176105195,176109272,4.077000,true,matched_request_response
run_1,20260710,783,before,783,target_did_random_data,0x1234,5,B014,2E1234B014,052E1234B0140000,6E1234,positive,0x6E,,true,true,false,2026-07-10T12:41:48.399833+02:00,2867358897489,2867361857166,2.959677,true,true,176129694,176133777,4.083000,true,matched_request_response
run_1,20260710,784,before,784,target_did_random_data,0x1234,7,6567909F,2E12346567909F,072E12346567909F,6E1234,positive,0x6E,,true,true,false,2026-07-10T12:41:48.424150+02:00,2867383213956,2867386333570,3.119614,true,true,176153971,176158046,4.075000,true,matched_request_response
run_1,20260710,785,before,785,target_did_random_data,0x1234,6,74FDF5,2E123474FDF5,062E123474FDF500,6E1234,positive,0x6E,,true,true,false,2026-07-10T12:41:48.448660+02:00,2867407724373,2867410682514,2.958141,true,true,176178467,176182544,4.077000,true,matched_request_response
run_1,20260710,786,before,786,target_did_random_data,0x1234,4,0D,2E12340D,042E12340D000000,6E1234,positive,0x6E,,true,true,false,2026-07-10T12:41:48.473235+02:00,2867432300162,2867435135591,2.835429,true,true,176203036,176207127,4.091000,true,matched_request_response
run_1,20260710,787,before,787,target_did_random_data,0x1234,7,2EC4E11B,2E12342EC4E11B,072E12342EC4E11B,6E1234,positive,0x6E,,true,true,false,2026-07-10T12:41:48.497439+02:00,2867456503975,2867459564783,3.060808,true,true,176227179,176231254,4.075000,true,matched_request_response
run_1,20260710,788,before,788,target_did_random_data,0x1234,5,6C8B,2E12346C8B,052E12346C8B0000,6E1234,positive,0x6E,,true,true,false,2026-07-10T12:41:48.521887+02:00,2867480951535,2867483973930,3.022395,true,true,176251609,176255691,4.082000,true,matched_request_response
run_1,20260710,789,before,789,target_did_random_data,0x1234,7,7274D6F9,2E12347274D6F9,072E12347274D6F9,6E1234,positive,0x6E,,true,true,false,2026-07-10T12:41:48.546293+02:00,2867505357050,2867508418556,3.061506,true,true,176275981,176280055,4.074000,true,matched_request_response
run_1,20260710,790,before,790,target_did_random_data,0x1234,6,6C0C6A,2E12346C0C6A,062E12346C0C6A00,6E1234,positive,0x6E,,true,true,false,2026-07-10T12:41:48.570720+02:00,2867529783937,2867532803468,3.019531,true,true,176300387,176304468,4.081000,true,matched_request_response
run_1,20260710,791,before,791,target_did_random_data,0x1234,4,84,2E123484,042E123484000000,6E1234,positive,0x6E,,true,true,false,2026-07-10T12:41:48.595126+02:00,2867554189941,2867557216666,3.026725,true,true,176324789,176328875,4.086000,true,matched_request_response
run_1,20260710,792,before,792,target_did_random_data,0x1234,6,16DC23,2E123416DC23,062E123416DC2300,6E1234,positive,0x6E,,true,true,false,2026-07-10T12:41:48.619564+02:00,2867578628212,2867581591590,2.963378,true,true,176349176,176353255,4.079000,true,matched_request_response
run_1,20260710,793,before,793,target_did_random_data,0x1234,7,882C0CA2,2E1234882C0CA2,072E1234882C0CA2,6E1234,positive,0x6E,,true,true,false,2026-07-10T12:41:48.643968+02:00,2867603032260,2867606028604,2.996344,true,true,176373554,176377633,4.079000,true,matched_request_response
run_1,20260710,794,before,794,read_only_did,0x1001,6,903C07,2E1001903C07,062E1001903C0700,7F2E31,negative,0x7F,0x31,false,false,false,2026-07-10T12:41:48.668337+02:00,2867627401248,2867630459681,3.058433,true,true,176397911,176401999,4.088000,true,matched_request_response
run_1,20260710,795,before,795,target_did_random_data,0x1234,6,1A1A2B,2E12341A1A2B,062E12341A1A2B00,6E1234,positive,0x6E,,true,true,false,2026-07-10T12:41:48.692796+02:00,2867651859704,2867654846968,2.987264,true,true,176422325,176426401,4.076000,true,matched_request_response
run_1,20260710,796,before,796,target_did_random_data,0x1234,5,F773,2E1234F773,052E1234F7730000,6E1234,positive,0x6E,,true,true,false,2026-07-10T12:41:48.717170+02:00,2867676234907,2867679305772,3.070865,true,true,176446678,176450760,4.082000,true,matched_request_response
run_1,20260710,797,before,797,missing_data,0x1234,3,,2E1234,032E123400000000,7F2E13,negative,0x7F,0x13,false,false,false,2026-07-10T12:41:48.741862+02:00,2867700924957,2867703729516,2.804559,true,true,176471346,176475434,4.088000,true,matched_request_response
run_1,20260710,798,before,798,target_did_random_data,0x1234,4,C4,2E1234C4,042E1234C4000000,6E1234,positive,0x6E,,true,true,false,2026-07-10T12:41:48.766097+02:00,2867725161945,2867728101927,2.939982,true,true,176495598,176499685,4.087000,true,matched_request_response
run_1,20260710,799,before,799,target_did_random_data,0x1234,6,0D3993,2E12340D3993,062E12340D399300,6E1234,positive,0x6E,,true,true,false,2026-07-10T12:41:48.790413+02:00,2867749477714,2867752492216,3.014502,true,true,176519845,176523928,4.083000,true,matched_request_response
run_1,20260710,800,before,800,target_did_random_data,0x1234,5,5306,2E12345306,052E123453060000,6E1234,positive,0x6E,,true,true,false,2026-07-10T12:41:48.814810+02:00,2867773875127,2867776930487,3.055360,true,true,176544232,176548317,4.085000,true,matched_request_response
run_1,20260710,801,before,801,read_only_did,0x1001,4,EA,2E1001EA,042E1001EA000000,7F2E31,negative,0x7F,0x31,false,false,false,2026-07-10T12:41:48.839235+02:00,2867798298312,2867801428193,3.129881,true,true,176568626,176572717,4.091000,true,matched_request_response
run_1,20260710,802,before,802,target_did_random_data,0x1234,5,6A5C,2E12346A5C,052E12346A5C0000,6E1234,positive,0x6E,,true,true,false,2026-07-10T12:41:48.863699+02:00,2867822763612,2867825733835,2.970223,true,true,176593058,176597140,4.082000,true,matched_request_response
run_1,20260710,803,before,803,target_did_random_data,0x1234,6,8EC30C,2E12348EC30C,062E12348EC30C00,6E1234,positive,0x6E,,true,true,false,2026-07-10T12:41:48.888021+02:00,2867847085108,2867850166030,3.080922,true,true,176617351,176621432,4.081000,true,matched_request_response
run_1,20260710,804,before,804,target_did_random_data,0x1234,4,76,2E123476,042E123476000000,6E1234,positive,0x6E,,true,true,false,2026-07-10T12:41:48.912473+02:00,2867871537347,2867874579926,3.042579,true,true,176641776,176645863,4.087000,true,matched_request_response
run_1,20260710,805,before,805,target_did_random_data,0x1234,7,DEB059F6,2E1234DEB059F6,072E1234DEB059F6,6E1234,positive,0x6E,,true,true,false,2026-07-10T12:41:48.936878+02:00,2867895941326,2867898992565,3.051239,true,true,176666153,176670228,4.075000,true,matched_request_response
run_1,20260710,806,before,806,target_did_random_data,0x1234,7,929D61FC,2E1234929D61FC,072E1234929D61FC,6E1234,positive,0x6E,,true,true,false,2026-07-10T12:41:48.961259+02:00,2867920321977,2867923320626,2.998649,true,true,176690498,176694571,4.073000,true,matched_request_response
run_1,20260710,807,before,807,target_did_random_data,0x1234,5,47C8,2E123447C8,052E123447C80000,6E1234,positive,0x6E,,true,true,false,2026-07-10T12:41:48.985506+02:00,2867944569162,2867946817851,2.248689,true,true,176714726,176718809,4.083000,true,matched_request_response
run_1,20260710,808,before,808,target_did_random_data,0x1234,6,E75AF8,2E1234E75AF8,062E1234E75AF800,6E1234,positive,0x6E,,true,true,false,2026-07-10T12:41:49.009136+02:00,2867968199854,2867971238243,3.038389,true,true,176738344,176742421,4.077000,true,matched_request_response
run_1,20260710,809,before,809,target_did_random_data,0x1234,6,903AB7,2E1234903AB7,062E1234903AB700,6E1234,positive,0x6E,,true,true,false,2026-07-10T12:41:49.033535+02:00,2867992598874,2867995704032,3.105158,true,true,176762714,176766793,4.079000,true,matched_request_response
run_1,20260710,810,before,810,target_did_random_data,0x1234,4,C3,2E1234C3,042E1234C3000000,6E1234,positive,0x6E,,true,true,false,2026-07-10T12:41:49.058084+02:00,2868017148263,2868020044524,2.896261,true,true,176787236,176791321,4.085000,true,matched_request_response
run_1,20260710,811,before,811,target_did_random_data,0x1234,7,2DCAAD55,2E12342DCAAD55,072E12342DCAAD55,6E1234,positive,0x6E,,true,true,false,2026-07-10T12:41:49.082321+02:00,2868041386159,2868044512269,3.126110,true,true,176811440,176815512,4.072000,true,matched_request_response
run_1,20260710,812,before,812,unknown_did,0x3333,4,E6,2E3333E6,042E3333E6000000,7F2E31,negative,0x7F,0x31,false,false,false,2026-07-10T12:41:49.106761+02:00,2868065825478,2868068949213,3.123735,true,true,176835884,176839971,4.087000,true,matched_request_response
run_1,20260710,813,before,813,target_did_random_data,0x1234,6,F86171,2E1234F86171,062E1234F8617100,6E1234,positive,0x6E,,true,true,false,2026-07-10T12:41:49.131290+02:00,2868090354613,2868093392373,3.037760,true,true,176860381,176864458,4.077000,true,matched_request_response
run_1,20260710,814,before,814,target_did_random_data,0x1234,4,9C,2E12349C,042E12349C000000,6E1234,positive,0x6E,,true,true,false,2026-07-10T12:41:49.155689+02:00,2868114753842,2868117728186,2.974344,true,true,176884768,176888854,4.086000,true,matched_request_response
run_1,20260710,815,before,815,unknown_did,0xF187,5,7433,2EF1877433,052EF18774330000,7F2E31,negative,0x7F,0x31,false,false,false,2026-07-10T12:41:49.180049+02:00,2868139112494,2868142213740,3.101246,true,true,176909076,176913159,4.083000,true,matched_request_response
run_1,20260710,816,before,816,unknown_did,0x3333,6,BEB5F3,2E3333BEB5F3,062E3333BEB5F300,7F2E31,negative,0x7F,0x31,false,false,false,2026-07-10T12:41:49.204542+02:00,2868163606359,2868166556328,2.949969,true,true,176933549,176937628,4.079000,true,matched_request_response
run_1,20260710,817,before,817,unknown_did,0xF187,7,E7D312D4,2EF187E7D312D4,072EF187E7D312D4,7F2E31,negative,0x7F,0x31,false,false,false,2026-07-10T12:41:49.228802+02:00,2868187864509,2868190034207,2.169698,true,true,176957771,176961846,4.075000,true,matched_request_response
run_1,20260710,818,before,818,target_did_random_data,0x1234,5,1785,2E12341785,052E123417850000,6E1234,positive,0x6E,,true,true,false,2026-07-10T12:41:49.252348+02:00,2868211413557,2868214417164,3.003607,true,true,176981330,176985411,4.081000,true,matched_request_response
run_1,20260710,819,before,819,target_did_random_data,0x1234,6,D96BB7,2E1234D96BB7,062E1234D96BB700,6E1234,positive,0x6E,,true,true,false,2026-07-10T12:41:49.276638+02:00,2868235701179,2868237824573,2.123394,true,true,177005558,177009637,4.079000,true,matched_request_response
run_1,20260710,820,before,820,read_only_did,0x1001,5,F721,2E1001F721,052E1001F7210000,7F2E31,negative,0x7F,0x31,false,false,false,2026-07-10T12:41:49.300133+02:00,2868259197148,2868262371727,3.174579,true,true,177029063,177033150,4.087000,true,matched_request_response
run_1,20260710,821,before,821,target_did_random_data,0x1234,4,9D,2E12349D,042E12349D000000,6E1234,positive,0x6E,,true,true,false,2026-07-10T12:41:49.324876+02:00,2868283941045,2868286688474,2.747429,true,true,177053772,177057858,4.086000,true,matched_request_response
run_1,20260710,822,before,822,target_did_random_data,0x1234,4,0A,2E12340A,042E12340A000000,6E1234,positive,0x6E,,true,true,false,2026-07-10T12:41:49.349064+02:00,2868308126769,2868311060605,2.933836,true,true,177077928,177082019,4.091000,true,matched_request_response
run_1,20260710,823,before,823,target_did_random_data,0x1234,6,CE6228,2E1234CE6228,062E1234CE622800,6E1234,positive,0x6E,,true,true,false,2026-07-10T12:41:49.373378+02:00,2868332443446,2868335552794,3.109348,true,true,177102227,177106302,4.075000,true,matched_request_response
run_1,20260710,824,before,824,read_only_did,0x1001,6,1F06F4,2E10011F06F4,062E10011F06F400,7F2E31,negative,0x7F,0x31,false,false,false,2026-07-10T12:41:49.397878+02:00,2868356942479,2868359960684,3.018205,true,true,177126703,177130790,4.087000,true,matched_request_response
run_1,20260710,825,before,825,target_did_random_data,0x1234,4,61,2E123461,042E123461000000,6E1234,positive,0x6E,,true,true,false,2026-07-10T12:41:49.422291+02:00,2868381356027,2868384510562,3.154535,true,true,177151091,177155178,4.087000,true,matched_request_response
run_1,20260710,826,before,826,target_did_random_data,0x1234,7,A685D3FF,2E1234A685D3FF,072E1234A685D3FF,6E1234,positive,0x6E,,true,true,false,2026-07-10T12:41:49.446786+02:00,2868405848634,2868408710044,2.861410,true,true,177175535,177179610,4.075000,true,matched_request_response
run_1,20260710,827,before,827,target_did_random_data,0x1234,4,6A,2E12346A,042E12346A000000,6E1234,positive,0x6E,,true,true,false,2026-07-10T12:41:49.470980+02:00,2868430042739,2868433221649,3.178910,true,true,177199731,177203817,4.086000,true,matched_request_response
run_1,20260710,828,before,828,target_did_random_data,0x1234,5,DAB8,2E1234DAB8,052E1234DAB80000,6E1234,positive,0x6E,,true,true,false,2026-07-10T12:41:49.495563+02:00,2868454627049,2868457575621,2.948572,true,true,177224278,177228358,4.080000,true,matched_request_response
run_1,20260710,829,before,829,unknown_did,0x3333,7,DC1AC2FA,2E3333DC1AC2FA,072E3333DC1AC2FA,7F2E31,negative,0x7F,0x31,false,false,false,2026-07-10T12:41:49.519873+02:00,2868478936183,2868482034635,3.098452,true,true,177248561,177252636,4.075000,true,matched_request_response
run_1,20260710,830,before,830,target_did_random_data,0x1234,6,A3B607,2E1234A3B607,062E1234A3B60700,6E1234,positive,0x6E,,true,true,false,2026-07-10T12:41:49.544328+02:00,2868503392264,2868506404182,3.011918,true,true,177272981,177277064,4.083000,true,matched_request_response
run_1,20260710,831,before,831,target_did_random_data,0x1234,7,9E86468C,2E12349E86468C,072E12349E86468C,6E1234,positive,0x6E,,true,true,false,2026-07-10T12:41:49.568697+02:00,2868527762020,2868530804739,3.042719,true,true,177297323,177301396,4.073000,true,matched_request_response
run_1,20260710,832,before,832,target_did_random_data,0x1234,7,B5FE7A0A,2E1234B5FE7A0A,072E1234B5FE7A0A,6E1234,positive,0x6E,,true,true,false,2026-07-10T12:41:49.593132+02:00,2868552195612,2868555212769,3.017157,true,true,177321751,177325830,4.079000,true,matched_request_response
run_1,20260710,833,before,833,target_did_random_data,0x1234,7,F61A6DF7,2E1234F61A6DF7,072E1234F61A6DF7,6E1234,positive,0x6E,,true,true,false,2026-07-10T12:41:49.617430+02:00,2868576494619,2868578672000,2.177381,true,true,177346007,177350082,4.075000,true,matched_request_response
run_1,20260710,834,before,834,target_did_random_data,0x1234,7,841E4B93,2E1234841E4B93,072E1234841E4B93,6E1234,positive,0x6E,,true,true,false,2026-07-10T12:41:49.640990+02:00,2868600053864,2868603160348,3.106484,true,true,177369551,177373625,4.074000,true,matched_request_response
run_1,20260710,835,before,835,target_did_random_data,0x1234,5,BA44,2E1234BA44,052E1234BA440000,6E1234,positive,0x6E,,true,true,false,2026-07-10T12:41:49.665474+02:00,2868624537741,2868627515158,2.977417,true,true,177394022,177398104,4.082000,true,matched_request_response
run_1,20260710,836,before,836,target_did_random_data,0x1234,7,DB3FD286,2E1234DB3FD286,072E1234DB3FD286,6E1234,positive,0x6E,,true,true,false,2026-07-10T12:41:49.689824+02:00,2868648888152,2868651929264,3.041112,true,true,177418335,177422408,4.073000,true,matched_request_response
run_1,20260710,837,before,837,target_did_random_data,0x1234,5,18FF,2E123418FF,052E123418FF0000,6E1234,positive,0x6E,,true,true,false,2026-07-10T12:41:49.714273+02:00,2868673337458,2868676459167,3.121709,true,true,177442785,177446868,4.083000,true,matched_request_response
run_1,20260710,838,before,838,unknown_did,0x2222,5,52C4,2E222252C4,052E222252C40000,7F2E31,negative,0x7F,0x31,false,false,false,2026-07-10T12:41:49.738727+02:00,2868697790605,2868700746301,2.955696,true,true,177467200,177471280,4.080000,true,matched_request_response
run_1,20260710,839,before,839,target_did_random_data,0x1234,5,2F7A,2E12342F7A,052E12342F7A0000,6E1234,positive,0x6E,,true,true,false,2026-07-10T12:41:49.763089+02:00,2868722153098,2868725210553,3.057455,true,true,177491596,177495679,4.083000,true,matched_request_response
run_1,20260710,840,before,840,target_did_random_data,0x1234,5,1CE7,2E12341CE7,052E12341CE70000,6E1234,positive,0x6E,,true,true,false,2026-07-10T12:41:49.787519+02:00,2868746583477,2868749560195,2.976718,true,true,177515945,177520028,4.083000,true,matched_request_response
run_1,20260710,841,before,841,unknown_did,0x2222,6,75A23B,2E222275A23B,062E222275A23B00,7F2E31,negative,0x7F,0x31,false,false,false,2026-07-10T12:41:49.811818+02:00,2868770882554,2868773987641,3.105087,true,true,177540219,177544296,4.077000,true,matched_request_response
run_1,20260710,842,before,842,target_did_random_data,0x1234,5,60D7,2E123460D7,052E123460D70000,6E1234,positive,0x6E,,true,true,false,2026-07-10T12:41:49.836279+02:00,2868795343593,2868798460274,3.116681,true,true,177564667,177568750,4.083000,true,matched_request_response
run_1,20260710,843,before,843,target_did_random_data,0x1234,4,23,2E123423,042E123423000000,6E1234,positive,0x6E,,true,true,false,2026-07-10T12:41:49.860763+02:00,2868819826423,2868822842253,3.015830,true,true,177589135,177593222,4.087000,true,matched_request_response
run_1,20260710,844,before,844,target_did_random_data,0x1234,7,3999E49A,2E12343999E49A,072E12343999E49A,6E1234,positive,0x6E,,true,true,false,2026-07-10T12:41:49.885127+02:00,2868844191849,2868847266626,3.074777,true,true,177613476,177617548,4.072000,true,matched_request_response
run_1,20260710,845,before,845,unknown_did,0x3333,6,2B61DD,2E33332B61DD,062E33332B61DD00,7F2E31,negative,0x7F,0x31,false,false,false,2026-07-10T12:41:49.909566+02:00,2868868630679,2868871713697,3.083018,true,true,177637883,177641962,4.079000,true,matched_request_response
run_1,20260710,846,before,846,target_did_random_data,0x1234,5,5771,2E12345771,052E123457710000,6E1234,positive,0x6E,,true,true,false,2026-07-10T12:41:49.934099+02:00,2868893163376,2868896061453,2.898077,true,true,177662451,177666532,4.081000,true,matched_request_response
run_1,20260710,847,before,847,target_did_random_data,0x1234,4,2A,2E12342A,042E12342A000000,6E1234,positive,0x6E,,true,true,false,2026-07-10T12:41:49.958340+02:00,2868917403437,2868920496511,3.093074,true,true,177686618,177690705,4.087000,true,matched_request_response
run_1,20260710,848,before,848,target_did_random_data,0x1234,5,11EB,2E123411EB,052E123411EB0000,6E1234,positive,0x6E,,true,true,false,2026-07-10T12:41:49.982805+02:00,2868941868946,2868944908592,3.039646,true,true,177711068,177715151,4.083000,true,matched_request_response
run_1,20260710,849,before,849,read_only_did,0x1001,4,C9,2E1001C9,042E1001C9000000,7F2E31,negative,0x7F,0x31,false,false,false,2026-07-10T12:41:50.007243+02:00,2868966306798,2868969418101,3.111303,true,true,177735502,177739591,4.089000,true,matched_request_response
run_1,20260710,850,before,850,read_only_did,0x1001,6,AD5460,2E1001AD5460,062E1001AD546000,7F2E31,negative,0x7F,0x31,false,false,false,2026-07-10T12:41:50.031730+02:00,2868990794587,2868993748747,2.954160,true,true,177759932,177764015,4.083000,true,matched_request_response
run_1,20260710,851,before,851,target_did_random_data,0x1234,7,7A3CF0B5,2E12347A3CF0B5,072E12347A3CF0B5,6E1234,positive,0x6E,,true,true,false,2026-07-10T12:41:50.056086+02:00,2869015149956,2869018173119,3.023163,true,true,177784251,177788323,4.072000,true,matched_request_response
run_1,20260710,852,before,852,target_did_random_data,0x1234,7,81A2EA44,2E123481A2EA44,072E123481A2EA44,6E1234,positive,0x6E,,true,true,false,2026-07-10T12:41:50.080492+02:00,2869039556519,2869042540292,2.983773,true,true,177808639,177812714,4.075000,true,matched_request_response
run_1,20260710,853,before,853,target_did_random_data,0x1234,5,F282,2E1234F282,052E1234F2820000,6E1234,positive,0x6E,,true,true,false,2026-07-10T12:41:50.104795+02:00,2869063858460,2869066957681,3.099221,true,true,177832930,177837013,4.083000,true,matched_request_response
run_1,20260710,854,before,854,target_did_random_data,0x1234,6,718C23,2E1234718C23,062E1234718C2300,6E1234,positive,0x6E,,true,true,false,2026-07-10T12:41:50.129494+02:00,2869088557729,2869091369831,2.812102,true,true,177857597,177861676,4.079000,true,matched_request_response
run_1,20260710,855,before,855,target_did_random_data,0x1234,6,962E73,2E1234962E73,062E1234962E7300,6E1234,positive,0x6E,,true,true,false,2026-07-10T12:41:50.153619+02:00,2869112683180,2869115738191,3.055011,true,true,177881701,177885780,4.079000,true,matched_request_response
run_1,20260710,856,before,856,target_did_random_data,0x1234,6,1D9FA2,2E12341D9FA2,062E12341D9FA200,6E1234,positive,0x6E,,true,true,false,2026-07-10T12:41:50.178242+02:00,2869137306252,2869140222348,2.916096,true,true,177906308,177910384,4.076000,true,matched_request_response
run_1,20260710,857,before,857,target_did_random_data,0x1234,6,9EE86B,2E12349EE86B,062E12349EE86B00,6E1234,positive,0x6E,,true,true,false,2026-07-10T12:41:50.202539+02:00,2869161602954,2869164673191,3.070237,true,true,177930564,177934643,4.079000,true,matched_request_response
run_1,20260710,858,before,858,target_did_random_data,0x1234,7,A96E719C,2E1234A96E719C,072E1234A96E719C,6E1234,positive,0x6E,,true,true,false,2026-07-10T12:41:50.227136+02:00,2869186200953,2869189047208,2.846255,true,true,177955146,177959221,4.075000,true,matched_request_response
run_1,20260710,859,before,859,target_did_random_data,0x1234,4,78,2E123478,042E123478000000,6E1234,positive,0x6E,,true,true,false,2026-07-10T12:41:50.251369+02:00,2869210432284,2869213446298,3.014014,true,true,177979362,177983446,4.084000,true,matched_request_response
run_1,20260710,860,before,860,unknown_did,0x2222,5,7CB3,2E22227CB3,052E22227CB30000,7F2E31,negative,0x7F,0x31,false,false,false,2026-07-10T12:41:50.275735+02:00,2869234798967,2869237853070,3.054103,true,true,178003700,178007783,4.083000,true,matched_request_response
run_1,20260710,861,before,861,target_did_random_data,0x1234,4,A2,2E1234A2,042E1234A2000000,6E1234,positive,0x6E,,true,true,false,2026-07-10T12:41:50.300172+02:00,2869259235562,2869262272275,3.036713,true,true,178028112,178032202,4.090000,true,matched_request_response
run_1,20260710,862,before,862,target_did_random_data,0x1234,7,CA78DD06,2E1234CA78DD06,072E1234CA78DD06,6E1234,positive,0x6E,,true,true,false,2026-07-10T12:41:50.324594+02:00,2869283657630,2869286717949,3.060319,true,true,178052490,178056566,4.076000,true,matched_request_response
run_1,20260710,863,before,863,target_did_random_data,0x1234,6,5BDD76,2E12345BDD76,062E12345BDD7600,6E1234,positive,0x6E,,true,true,false,2026-07-10T12:41:50.349073+02:00,2869308138016,2869311126258,2.988242,true,true,178076952,178081030,4.078000,true,matched_request_response
run_1,20260710,864,before,864,target_did_random_data,0x1234,5,621B,2E1234621B,052E1234621B0000,6E1234,positive,0x6E,,true,true,false,2026-07-10T12:41:50.373419+02:00,2869332482839,2869335584225,3.101386,true,true,178101266,178105347,4.081000,true,matched_request_response
run_1,20260710,865,before,865,target_did_random_data,0x1234,6,69F939,2E123469F939,062E123469F93900,6E1234,positive,0x6E,,true,true,false,2026-07-10T12:41:50.397963+02:00,2869357028597,2869359945670,2.917073,true,true,178125780,178129859,4.079000,true,matched_request_response
run_1,20260710,866,before,866,target_did_random_data,0x1234,5,50D2,2E123450D2,052E123450D20000,6E1234,positive,0x6E,,true,true,false,2026-07-10T12:41:50.422327+02:00,2869381390671,2869384454272,3.063601,true,true,178150115,178154200,4.085000,true,matched_request_response
run_1,20260710,867,before,867,target_did_random_data,0x1234,6,CF0786,2E1234CF0786,062E1234CF078600,6E1234,positive,0x6E,,true,true,false,2026-07-10T12:41:50.446788+02:00,2869405850872,2869408812924,2.962052,true,true,178174561,178178644,4.083000,true,matched_request_response
run_1,20260710,868,before,868,target_did_random_data,0x1234,4,8A,2E12348A,042E12348A000000,6E1234,positive,0x6E,,true,true,false,2026-07-10T12:41:50.471142+02:00,2869430206660,2869433174858,2.968198,true,true,178198906,178202992,4.086000,true,matched_request_response
run_1,20260710,869,before,869,missing_data,0x1234,3,,2E1234,032E123400000000,7F2E13,negative,0x7F,0x13,false,false,false,2026-07-10T12:41:50.495496+02:00,2869454560353,2869457607891,3.047538,true,true,178223234,178227323,4.089000,true,matched_request_response
run_1,20260710,870,before,870,read_only_did,0x1001,6,0C1CBA,2E10010C1CBA,062E10010C1CBA00,7F2E31,negative,0x7F,0x31,false,false,false,2026-07-10T12:41:50.519975+02:00,2869479039063,2869482066905,3.027842,true,true,178247683,178251771,4.088000,true,matched_request_response
run_1,20260710,871,before,871,target_did_random_data,0x1234,5,489C,2E1234489C,052E1234489C0000,6E1234,positive,0x6E,,true,true,false,2026-07-10T12:41:50.544417+02:00,2869503481385,2869506434148,2.952763,true,true,178272094,178276177,4.083000,true,matched_request_response
run_1,20260710,872,before,872,target_did_random_data,0x1234,7,445E345B,2E1234445E345B,072E1234445E345B,6E1234,positive,0x6E,,true,true,false,2026-07-10T12:41:50.568740+02:00,2869527804767,2869530854470,3.049703,true,true,178296371,178300444,4.073000,true,matched_request_response
run_1,20260710,873,before,873,unknown_did,0x3333,4,74,2E333374,042E333374000000,7F2E31,negative,0x7F,0x31,false,false,false,2026-07-10T12:41:50.593161+02:00,2869552225159,2869555320049,3.094890,true,true,178320788,178324875,4.087000,true,matched_request_response
run_1,20260710,874,before,874,unknown_did,0xF187,6,90A399,2EF18790A399,062EF18790A39900,7F2E31,negative,0x7F,0x31,false,false,false,2026-07-10T12:41:50.617676+02:00,2869576740046,2869579746587,3.006541,true,true,178345279,178349355,4.076000,true,matched_request_response
run_1,20260710,875,before,875,target_did_random_data,0x1234,7,2315DB30,2E12342315DB30,072E12342315DB30,6E1234,positive,0x6E,,true,true,false,2026-07-10T12:41:50.642090+02:00,2869601154571,2869604076045,2.921474,true,true,178369659,178373734,4.075000,true,matched_request_response
run_1,20260710,876,before,876,target_did_random_data,0x1234,4,5D,2E12345D,042E12345D000000,6E1234,positive,0x6E,,true,true,false,2026-07-10T12:41:50.666374+02:00,2869625437864,2869628509218,3.071354,true,true,178393928,178398015,4.087000,true,matched_request_response
run_1,20260710,877,before,877,target_did_random_data,0x1234,4,C0,2E1234C0,042E1234C0000000,6E1234,positive,0x6E,,true,true,false,2026-07-10T12:41:50.690828+02:00,2869649891849,2869652978359,3.086510,true,true,178418358,178422442,4.084000,true,matched_request_response
run_1,20260710,878,before,878,read_only_did,0x1001,6,F10EBD,2E1001F10EBD,062E1001F10EBD00,7F2E31,negative,0x7F,0x31,false,false,false,2026-07-10T12:41:50.715318+02:00,2869674382292,2869677475437,3.093145,true,true,178442814,178446902,4.088000,true,matched_request_response
run_1,20260710,879,before,879,target_did_random_data,0x1234,4,08,2E123408,042E123408000000,6E1234,positive,0x6E,,true,true,false,2026-07-10T12:41:50.739843+02:00,2869698906678,2869701783244,2.876566,true,true,178467329,178471418,4.089000,true,matched_request_response
run_1,20260710,880,before,880,target_did_random_data,0x1234,7,96ED38D9,2E123496ED38D9,072E123496ED38D9,6E1234,positive,0x6E,,true,true,false,2026-07-10T12:41:50.764131+02:00,2869723195279,2869726229686,3.034407,true,true,178491581,178495656,4.075000,true,matched_request_response
run_1,20260710,881,before,881,target_did_random_data,0x1234,7,43E9CC9E,2E123443E9CC9E,072E123443E9CC9E,6E1234,positive,0x6E,,true,true,false,2026-07-10T12:41:50.788558+02:00,2869747622166,2869750582681,2.960515,true,true,178515968,178520042,4.074000,true,matched_request_response
run_1,20260710,882,before,882,target_did_random_data,0x1234,4,38,2E123438,042E123438000000,6E1234,positive,0x6E,,true,true,false,2026-07-10T12:41:50.812902+02:00,2869771966570,2869775224331,3.257761,true,true,178540301,178544385,4.084000,true,matched_request_response
run_1,20260710,883,before,883,target_did_random_data,0x1234,4,8D,2E12348D,042E12348D000000,6E1234,positive,0x6E,,true,true,false,2026-07-10T12:41:50.837747+02:00,2869796811110,2869799437433,2.626323,true,true,178565128,178569218,4.090000,true,matched_request_response
run_1,20260710,884,before,884,read_only_did,0x1001,6,0272EF,2E10010272EF,062E10010272EF00,7F2E31,negative,0x7F,0x31,false,false,false,2026-07-10T12:41:50.861807+02:00,2869820871259,2869823844764,2.973505,true,true,178589153,178593242,4.089000,true,matched_request_response
run_1,20260710,885,before,885,target_did_random_data,0x1234,6,3787BF,2E12343787BF,062E12343787BF00,6E1234,positive,0x6E,,true,true,false,2026-07-10T12:41:50.886197+02:00,2869845262177,2869848219689,2.957512,true,true,178613511,178617588,4.077000,true,matched_request_response
run_1,20260710,886,before,886,target_did_random_data,0x1234,5,6A8A,2E12346A8A,052E12346A8A0000,6E1234,positive,0x6E,,true,true,false,2026-07-10T12:41:50.910514+02:00,2869869577248,2869872658379,3.081131,true,true,178637805,178641887,4.082000,true,matched_request_response
run_1,20260710,887,before,887,target_did_random_data,0x1234,7,D88AC9B7,2E1234D88AC9B7,072E1234D88AC9B7,6E1234,positive,0x6E,,true,true,false,2026-07-10T12:41:50.935143+02:00,2869894207444,2869897048669,2.841225,true,true,178662410,178666483,4.073000,true,matched_request_response
run_1,20260710,888,before,888,target_did_random_data,0x1234,4,81,2E123481,042E123481000000,6E1234,positive,0x6E,,true,true,false,2026-07-10T12:41:50.959337+02:00,2869918401758,2869921522281,3.120523,true,true,178686601,178690688,4.087000,true,matched_request_response
run_1,20260710,889,before,889,target_did_random_data,0x1234,5,E908,2E1234E908,052E1234E9080000,6E1234,positive,0x6E,,true,true,false,2026-07-10T12:41:50.983841+02:00,2869942906309,2869945892596,2.986287,true,true,178711074,178715161,4.087000,true,matched_request_response
run_1,20260710,890,before,890,target_did_random_data,0x1234,4,F6,2E1234F6,042E1234F6000000,6E1234,positive,0x6E,,true,true,false,2026-07-10T12:41:51.008252+02:00,2869967316504,2869970340785,3.024281,true,true,178735451,178739536,4.085000,true,matched_request_response
run_1,20260710,891,before,891,unknown_did,0x3333,4,22,2E333322,042E333322000000,7F2E31,negative,0x7F,0x31,false,false,false,2026-07-10T12:41:51.032600+02:00,2869991663213,2869994678414,3.015201,true,true,178759763,178763849,4.086000,true,matched_request_response
run_1,20260710,892,before,892,target_did_random_data,0x1234,7,3989E3C8,2E12343989E3C8,072E12343989E3C8,6E1234,positive,0x6E,,true,true,false,2026-07-10T12:41:51.056927+02:00,2870015990995,2870018136948,2.145953,true,true,178784071,178788146,4.075000,true,matched_request_response
run_1,20260710,893,before,893,unknown_did,0x2222,7,13EC25E4,2E222213EC25E4,072E222213EC25E4,7F2E31,negative,0x7F,0x31,false,false,false,2026-07-10T12:41:51.080410+02:00,2870039473275,2870042555105,3.081830,true,true,178807522,178811594,4.072000,true,matched_request_response
run_1,20260710,894,before,894,target_did_random_data,0x1234,7,A24A1019,2E1234A24A1019,072E1234A24A1019,6E1234,positive,0x6E,,true,true,false,2026-07-10T12:41:51.104867+02:00,2870063931381,2870066971446,3.040065,true,true,178831957,178836032,4.075000,true,matched_request_response
run_1,20260710,895,before,895,target_did_random_data,0x1234,5,D07D,2E1234D07D,052E1234D07D0000,6E1234,positive,0x6E,,true,true,false,2026-07-10T12:41:51.129333+02:00,2870088397589,2870091474181,3.076592,true,true,178856420,178860500,4.080000,true,matched_request_response
run_1,20260710,896,before,896,target_did_random_data,0x1234,4,CC,2E1234CC,042E1234CC000000,6E1234,positive,0x6E,,true,true,false,2026-07-10T12:41:51.153798+02:00,2870112861981,2870115799099,2.937118,true,true,178880844,178884931,4.087000,true,matched_request_response
run_1,20260710,897,before,897,target_did_random_data,0x1234,4,BF,2E1234BF,042E1234BF000000,6E1234,positive,0x6E,,true,true,false,2026-07-10T12:41:51.178096+02:00,2870137160011,2870140228431,3.068420,true,true,178905189,178909274,4.085000,true,matched_request_response
run_1,20260710,898,before,898,missing_data,0x1234,3,,2E1234,032E123400000000,7F2E13,negative,0x7F,0x13,false,false,false,2026-07-10T12:41:51.202507+02:00,2870161570974,2870164647566,3.076592,true,true,178929499,178933588,4.089000,true,matched_request_response
run_1,20260710,899,before,899,unknown_did,0xF187,5,EE3A,2EF187EE3A,052EF187EE3A0000,7F2E31,negative,0x7F,0x31,false,false,false,2026-07-10T12:41:51.226902+02:00,2870185965734,2870189053780,3.088046,true,true,178953872,178957955,4.083000,true,matched_request_response
run_1,20260710,900,before,900,read_only_did,0x1001,6,F6141D,2E1001F6141D,062E1001F6141D00,7F2E31,negative,0x7F,0x31,false,false,false,2026-07-10T12:41:51.251394+02:00,2870210458412,2870213474870,3.016458,true,true,178978343,178982424,4.081000,true,matched_request_response
run_1,20260710,901,before,901,target_did_random_data,0x1234,4,12,2E123412,042E123412000000,6E1234,positive,0x6E,,true,true,false,2026-07-10T12:41:51.275815+02:00,2870234879083,2870237841903,2.962820,true,true,179002740,179006826,4.086000,true,matched_request_response
run_1,20260710,902,before,902,target_did_random_data,0x1234,4,05,2E123405,042E123405000000,6E1234,positive,0x6E,,true,true,false,2026-07-10T12:41:51.300143+02:00,2870259206656,2870262305597,3.098941,true,true,179027054,179031145,4.091000,true,matched_request_response
run_1,20260710,903,before,903,target_did_random_data,0x1234,6,46340B,2E123446340B,062E123446340B00,6E1234,positive,0x6E,,true,true,false,2026-07-10T12:41:51.324617+02:00,2870283680476,2870286702522,3.022046,true,true,179051480,179055561,4.081000,true,matched_request_response
run_1,20260710,904,before,904,target_did_random_data,0x1234,6,C22A6F,2E1234C22A6F,062E1234C22A6F00,6E1234,positive,0x6E,,true,true,false,2026-07-10T12:41:51.349019+02:00,2870308084036,2870311199600,3.115564,true,true,179075878,179079957,4.079000,true,matched_request_response
run_1,20260710,905,before,905,missing_data,0x1234,3,,2E1234,032E123400000000,7F2E13,negative,0x7F,0x13,false,false,false,2026-07-10T12:41:51.373480+02:00,2870332543470,2870335556436,3.012966,true,true,179100300,179104388,4.088000,true,matched_request_response
run_1,20260710,906,before,906,target_did_random_data,0x1234,5,26D8,2E123426D8,052E123426D80000,6E1234,positive,0x6E,,true,true,false,2026-07-10T12:41:51.397923+02:00,2870356987119,2870359940371,2.953252,true,true,179124720,179128803,4.083000,true,matched_request_response
run_1,20260710,907,before,907,target_did_random_data,0x1234,6,B80FCA,2E1234B80FCA,062E1234B80FCA00,6E1234,positive,0x6E,,true,true,false,2026-07-10T12:41:51.422287+02:00,2870381350031,2870384498490,3.148459,true,true,179149053,179153136,4.083000,true,matched_request_response
run_1,20260710,908,before,908,target_did_random_data,0x1234,5,BE8B,2E1234BE8B,052E1234BE8B0000,6E1234,positive,0x6E,,true,true,false,2026-07-10T12:41:51.446955+02:00,2870406018850,2870408772285,2.753435,true,true,179173690,179177773,4.083000,true,matched_request_response
run_1,20260710,909,before,909,target_did_random_data,0x1234,7,C1A861C1,2E1234C1A861C1,072E1234C1A861C1,6E1234,positive,0x6E,,true,true,false,2026-07-10T12:41:51.471101+02:00,2870430165532,2870433199521,3.033989,true,true,179197855,179201929,4.074000,true,matched_request_response
run_1,20260710,910,before,910,read_only_did,0x1001,4,06,2E100106,042E100106000000,7F2E31,negative,0x7F,0x31,false,false,false,2026-07-10T12:41:51.495503+02:00,2870454567067,2870457626967,3.059900,true,true,179222204,179226297,4.093000,true,matched_request_response
run_1,20260710,911,before,911,unknown_did,0x3333,6,F25A3F,2E3333F25A3F,062E3333F25A3F00,7F2E31,negative,0x7F,0x31,false,false,false,2026-07-10T12:41:51.519989+02:00,2870479053739,2870482063422,3.009683,true,true,179246646,179250725,4.079000,true,matched_request_response
run_1,20260710,912,before,912,target_did_random_data,0x1234,5,4BBE,2E12344BBE,052E12344BBE0000,6E1234,positive,0x6E,,true,true,false,2026-07-10T12:41:51.544432+02:00,2870503496480,2870506447357,2.950877,true,true,179271065,179275148,4.083000,true,matched_request_response
run_1,20260710,913,before,913,unknown_did,0xF187,5,9B5E,2EF1879B5E,052EF1879B5E0000,7F2E31,negative,0x7F,0x31,false,false,false,2026-07-10T12:41:51.568745+02:00,2870527809386,2870530876549,3.067163,true,true,179295347,179299428,4.081000,true,matched_request_response
run_1,20260710,914,before,914,target_did_random_data,0x1234,5,B1B9,2E1234B1B9,052E1234B1B90000,6E1234,positive,0x6E,,true,true,false,2026-07-10T12:41:51.593194+02:00,2870552257574,2870555280738,3.023164,true,true,179319771,179323854,4.083000,true,matched_request_response
run_1,20260710,915,before,915,target_did_random_data,0x1234,6,5964FB,2E12345964FB,062E12345964FB00,6E1234,positive,0x6E,,true,true,false,2026-07-10T12:41:51.617580+02:00,2870576644233,2870579684787,3.040554,true,true,179344132,179348213,4.081000,true,matched_request_response
run_1,20260710,916,before,916,unknown_did,0xF187,4,69,2EF18769,042EF18769000000,7F2E31,negative,0x7F,0x31,false,false,false,2026-07-10T12:41:51.642107+02:00,2870601171482,2870604120334,2.948852,true,true,179368692,179372779,4.087000,true,matched_request_response
run_1,20260710,917,before,917,target_did_random_data,0x1234,4,01,2E123401,042E123401000000,6E1234,positive,0x6E,,true,true,false,2026-07-10T12:41:51.666418+02:00,2870625481664,2870628511113,3.029449,true,true,179392939,179397030,4.091000,true,matched_request_response
run_1,20260710,918,before,918,target_did_random_data,0x1234,4,C2,2E1234C2,042E1234C2000000,6E1234,positive,0x6E,,true,true,false,2026-07-10T12:41:51.690876+02:00,2870649939771,2870652972083,3.032312,true,true,179417379,179421463,4.084000,true,matched_request_response
run_1,20260710,919,before,919,read_only_did,0x1001,5,33A9,2E100133A9,052E100133A90000,7F2E31,negative,0x7F,0x31,false,false,false,2026-07-10T12:41:51.715328+02:00,2870674392220,2870677473491,3.081271,true,true,179441807,179445894,4.087000,true,matched_request_response
run_1,20260710,920,before,920,target_did_random_data,0x1234,7,6EF7281C,2E12346EF7281C,072E12346EF7281C,6E1234,positive,0x6E,,true,true,false,2026-07-10T12:41:51.739795+02:00,2870698859266,2870701759228,2.899962,true,true,179466226,179470298,4.072000,true,matched_request_response
run_1,20260710,921,before,921,target_did_random_data,0x1234,6,E48811,2E1234E48811,062E1234E4881100,6E1234,positive,0x6E,,true,true,false,2026-07-10T12:41:51.764096+02:00,2870723160229,2870726193659,3.033430,true,true,179490564,179494642,4.078000,true,matched_request_response
run_1,20260710,922,before,922,target_did_random_data,0x1234,7,3F0AC634,2E12343F0AC634,072E12343F0AC634,6E1234,positive,0x6E,,true,true,false,2026-07-10T12:41:51.788508+02:00,2870747572309,2870750602108,3.029799,true,true,179514893,179518972,4.079000,true,matched_request_response
run_1,20260710,923,before,923,missing_data,0x1234,3,,2E1234,032E123400000000,7F2E13,negative,0x7F,0x13,false,false,false,2026-07-10T12:41:51.812927+02:00,2870771991235,2870775052252,3.061017,true,true,179539321,179543409,4.088000,true,matched_request_response
run_1,20260710,924,before,924,target_did_random_data,0x1234,7,35CC1706,2E123435CC1706,072E123435CC1706,6E1234,positive,0x6E,,true,true,false,2026-07-10T12:41:51.837711+02:00,2870796775362,2870799409158,2.633796,true,true,179564057,179568136,4.079000,true,matched_request_response
run_1,20260710,925,before,925,target_did_random_data,0x1234,7,B0FF6C30,2E1234B0FF6C30,072E1234B0FF6C30,6E1234,positive,0x6E,,true,true,false,2026-07-10T12:41:51.861705+02:00,2870820769161,2870823837651,3.068490,true,true,179588024,179592098,4.074000,true,matched_request_response
run_1,20260710,926,before,926,target_did_random_data,0x1234,6,957100,2E1234957100,062E123495710000,6E1234,positive,0x6E,,true,true,false,2026-07-10T12:41:51.886169+02:00,2870845233553,2870848230037,2.996484,true,true,179612470,179616550,4.080000,true,matched_request_response
run_1,20260710,927,before,927,read_only_did,0x1001,4,4C,2E10014C,042E10014C000000,7F2E31,negative,0x7F,0x31,false,false,false,2026-07-10T12:41:51.910523+02:00,2870869586897,2870872645400,3.058503,true,true,179636811,179640902,4.091000,true,matched_request_response
run_1,20260710,928,before,928,missing_data,0x1234,3,,2E1234,032E123400000000,7F2E13,negative,0x7F,0x13,false,false,false,2026-07-10T12:41:51.934987+02:00,2870894050800,2870897097710,3.046910,true,true,179661245,179665334,4.089000,true,matched_request_response
run_1,20260710,929,before,929,target_did_random_data,0x1234,7,51747EED,2E123451747EED,072E123451747EED,6E1234,positive,0x6E,,true,true,false,2026-07-10T12:41:51.959401+02:00,2870918464976,2870921509302,3.044326,true,true,179685621,179689696,4.075000,true,matched_request_response
run_1,20260710,930,before,930,target_did_random_data,0x1234,6,1C3D63,2E12341C3D63,062E12341C3D6300,6E1234,positive,0x6E,,true,true,false,2026-07-10T12:41:51.983843+02:00,2870942909045,2870945906646,2.997601,true,true,179710059,179714137,4.078000,true,matched_request_response
run_1,20260710,931,before,931,target_did_random_data,0x1234,6,C8C30B,2E1234C8C30B,062E1234C8C30B00,6E1234,positive,0x6E,,true,true,false,2026-07-10T12:41:52.008246+02:00,2870967311138,2870970358816,3.047678,true,true,179734428,179738509,4.081000,true,matched_request_response
run_1,20260710,932,before,932,target_did_random_data,0x1234,5,2ECC,2E12342ECC,052E12342ECC0000,6E1234,positive,0x6E,,true,true,false,2026-07-10T12:41:52.032667+02:00,2870991730832,2870994728223,2.997391,true,true,179758830,179762912,4.082000,true,matched_request_response
run_1,20260710,933,before,933,target_did_random_data,0x1234,6,0E7943,2E12340E7943,062E12340E794300,6E1234,positive,0x6E,,true,true,false,2026-07-10T12:41:52.056990+02:00,2871016054214,2871019152107,3.097893,true,true,179783128,179787214,4.086000,true,matched_request_response
run_1,20260710,934,before,934,target_did_random_data,0x1234,4,16,2E123416,042E123416000000,6E1234,positive,0x6E,,true,true,false,2026-07-10T12:41:52.081445+02:00,2871040510225,2871043595617,3.085392,true,true,179807575,179811661,4.086000,true,matched_request_response
run_1,20260710,935,before,935,target_did_random_data,0x1234,5,3509,2E12343509,052E123435090000,6E1234,positive,0x6E,,true,true,false,2026-07-10T12:41:52.105871+02:00,2871064934668,2871067965863,3.031195,true,true,179831956,179836044,4.088000,true,matched_request_response
run_1,20260710,936,before,936,target_did_random_data,0x1234,7,195C80B6,2E1234195C80B6,072E1234195C80B6,6E1234,positive,0x6E,,true,true,false,2026-07-10T12:41:52.130305+02:00,2871089368749,2871092464268,3.095519,true,true,179856364,179860437,4.073000,true,matched_request_response
run_1,20260710,937,before,937,unknown_did,0x2222,6,83783C,2E222283783C,062E222283783C00,7F2E31,negative,0x7F,0x31,false,false,false,2026-07-10T12:41:52.154785+02:00,2871113850113,2871116832139,2.982026,true,true,179880848,179884927,4.079000,true,matched_request_response
run_1,20260710,938,before,938,target_did_random_data,0x1234,7,91CCF705,2E123491CCF705,072E123491CCF705,6E1234,positive,0x6E,,true,true,false,2026-07-10T12:41:52.179139+02:00,2871138203108,2871141219426,3.016318,true,true,179905172,179909252,4.080000,true,matched_request_response
run_1,20260710,939,before,939,target_did_random_data,0x1234,7,CB2457B0,2E1234CB2457B0,072E1234CB2457B0,6E1234,positive,0x6E,,true,true,false,2026-07-10T12:41:52.203563+02:00,2871162627411,2871165627247,2.999836,true,true,179929562,179933637,4.075000,true,matched_request_response
run_1,20260710,940,before,940,target_did_random_data,0x1234,4,8A,2E12348A,042E12348A000000,6E1234,positive,0x6E,,true,true,false,2026-07-10T12:41:52.227911+02:00,2871186975028,2871190073061,3.098033,true,true,179953909,179957996,4.087000,true,matched_request_response
run_1,20260710,941,before,941,target_did_random_data,0x1234,4,7A,2E12347A,042E12347A000000,6E1234,positive,0x6E,,true,true,false,2026-07-10T12:41:52.252377+02:00,2871211440817,2871214515872,3.075055,true,true,179978339,179982423,4.084000,true,matched_request_response
run_1,20260710,942,before,942,unknown_did,0x2222,6,D8B5B8,2E2222D8B5B8,062E2222D8B5B800,7F2E31,negative,0x7F,0x31,false,false,false,2026-07-10T12:41:52.276899+02:00,2871235964086,2871238925998,2.961912,true,true,180002851,180006930,4.079000,true,matched_request_response
run_1,20260710,943,before,943,target_did_random_data,0x1234,5,440C,2E1234440C,052E1234440C0000,6E1234,positive,0x6E,,true,true,false,2026-07-10T12:41:52.301316+02:00,2871260380986,2871263334307,2.953321,true,true,180027233,180031318,4.085000,true,matched_request_response
run_1,20260710,944,before,944,read_only_did,0x1001,5,DFB6,2E1001DFB6,052E1001DFB60000,7F2E31,negative,0x7F,0x31,false,false,false,2026-07-10T12:41:52.325731+02:00,2871284795511,2871287751696,2.956185,true,true,180051622,180055709,4.087000,true,matched_request_response
run_1,20260710,945,before,945,target_did_random_data,0x1234,6,9C3588,2E12349C3588,062E12349C358800,6E1234,positive,0x6E,,true,true,false,2026-07-10T12:41:52.350085+02:00,2871309149274,2871312090373,2.941099,true,true,180075937,180080016,4.079000,true,matched_request_response
run_1,20260710,946,before,946,target_did_random_data,0x1234,7,794C9C07,2E1234794C9C07,072E1234794C9C07,6E1234,positive,0x6E,,true,true,false,2026-07-10T12:41:52.374404+02:00,2871333469583,2871336562099,3.092516,true,true,180100240,180104316,4.076000,true,matched_request_response
run_1,20260710,947,before,947,unknown_did,0x3333,6,FF9D54,2E3333FF9D54,062E3333FF9D5400,7F2E31,negative,0x7F,0x31,false,false,false,2026-07-10T12:41:52.398888+02:00,2871357952344,2871360985285,3.032941,true,true,180124711,180128789,4.078000,true,matched_request_response
run_1,20260710,948,before,948,target_did_random_data,0x1234,7,2E2CB1F1,2E12342E2CB1F1,072E12342E2CB1F1,6E1234,positive,0x6E,,true,true,false,2026-07-10T12:41:52.423329+02:00,2871382393479,2871385499544,3.106065,true,true,180149101,180153176,4.075000,true,matched_request_response
run_1,20260710,949,before,949,target_did_random_data,0x1234,6,5BCCD8,2E12345BCCD8,062E12345BCCD800,6E1234,positive,0x6E,,true,true,false,2026-07-10T12:41:52.447769+02:00,2871406833147,2871409781440,2.948293,true,true,180173528,180177604,4.076000,true,matched_request_response
run_1,20260710,950,before,950,target_did_random_data,0x1234,6,258173,2E1234258173,062E123425817300,6E1234,positive,0x6E,,true,true,false,2026-07-10T12:41:52.472125+02:00,2871431189844,2871434247997,3.058153,true,true,180197883,180201961,4.078000,true,matched_request_response
run_1,20260710,951,before,951,target_did_random_data,0x1234,7,8D32FA8B,2E12348D32FA8B,072E12348D32FA8B,6E1234,positive,0x6E,,true,true,false,2026-07-10T12:41:52.496561+02:00,2871455626369,2871458611678,2.985309,true,true,180222282,180226355,4.073000,true,matched_request_response
run_1,20260710,952,before,952,read_only_did,0x1001,4,EA,2E1001EA,042E1001EA000000,7F2E31,negative,0x7F,0x31,false,false,false,2026-07-10T12:41:52.520931+02:00,2871479994659,2871483075442,3.080783,true,true,180246648,180250739,4.091000,true,matched_request_response
run_1,20260710,953,before,953,target_did_random_data,0x1234,7,32B02FA9,2E123432B02FA9,072E123432B02FA9,6E1234,positive,0x6E,,true,true,false,2026-07-10T12:41:52.545365+02:00,2871504428670,2871507410068,2.981398,true,true,180271023,180275098,4.075000,true,matched_request_response
run_1,20260710,954,before,954,target_did_random_data,0x1234,6,88CCF4,2E123488CCF4,062E123488CCF400,6E1234,positive,0x6E,,true,true,false,2026-07-10T12:41:52.569760+02:00,2871528824688,2871531874461,3.049773,true,true,180295402,180299479,4.077000,true,matched_request_response
run_1,20260710,955,before,955,target_did_random_data,0x1234,7,5DBEC2A7,2E12345DBEC2A7,072E12345DBEC2A7,6E1234,positive,0x6E,,true,true,false,2026-07-10T12:41:52.594126+02:00,2871553190115,2871556290942,3.100827,true,true,180319766,180323841,4.075000,true,matched_request_response
run_1,20260710,956,before,956,target_did_random_data,0x1234,5,20EB,2E123420EB,052E123420EB0000,6E1234,positive,0x6E,,true,true,false,2026-07-10T12:41:52.618617+02:00,2871577681955,2871580698203,3.016248,true,true,180344223,180348302,4.079000,true,matched_request_response
run_1,20260710,957,before,957,target_did_random_data,0x1234,6,7653A5,2E12347653A5,062E12347653A500,6E1234,positive,0x6E,,true,true,false,2026-07-10T12:41:52.642984+02:00,2871602048359,2871605090170,3.041811,true,true,180368545,180372624,4.079000,true,matched_request_response
run_1,20260710,958,before,958,target_did_random_data,0x1234,6,27D630,2E123427D630,062E123427D63000,6E1234,positive,0x6E,,true,true,false,2026-07-10T12:41:52.667419+02:00,2871626483627,2871629529629,3.046002,true,true,180392969,180397048,4.079000,true,matched_request_response
run_1,20260710,959,before,959,unknown_did,0xF187,4,E6,2EF187E6,042EF187E6000000,7F2E31,negative,0x7F,0x31,false,false,false,2026-07-10T12:41:52.691831+02:00,2871650894800,2871653945900,3.051100,true,true,180417363,180421447,4.084000,true,matched_request_response
run_1,20260710,960,before,960,target_did_random_data,0x1234,7,7B9A5FEC,2E12347B9A5FEC,072E12347B9A5FEC,6E1234,positive,0x6E,,true,true,false,2026-07-10T12:41:52.716308+02:00,2871675371904,2871678307066,2.935162,true,true,180441797,180445871,4.074000,true,matched_request_response
run_1,20260710,961,before,961,missing_data,0x1234,3,,2E1234,032E123400000000,7F2E13,negative,0x7F,0x13,false,false,false,2026-07-10T12:41:52.740554+02:00,2871699616295,2871702750716,3.134421,true,true,180466026,180470116,4.090000,true,matched_request_response
run_1,20260710,962,before,962,unknown_did,0x3333,5,9FF0,2E33339FF0,052E33339FF00000,7F2E31,negative,0x7F,0x31,false,false,false,2026-07-10T12:41:52.765078+02:00,2871724142078,2871727138073,2.995995,true,true,180490532,180494615,4.083000,true,matched_request_response
run_1,20260710,963,before,963,target_did_random_data,0x1234,4,7B,2E12347B,042E12347B000000,6E1234,positive,0x6E,,true,true,false,2026-07-10T12:41:52.789356+02:00,2871748419365,2871750557844,2.138479,true,true,180514769,180518856,4.087000,true,matched_request_response
run_1,20260710,964,before,964,target_did_random_data,0x1234,6,E228B0,2E1234E228B0,062E1234E228B000,6E1234,positive,0x6E,,true,true,false,2026-07-10T12:41:52.812774+02:00,2871771838019,2871774024410,2.186391,true,true,180538170,180542249,4.079000,true,matched_request_response
run_1,20260710,965,before,965,target_did_random_data,0x1234,5,2195,2E12342195,052E123421950000,6E1234,positive,0x6E,,true,true,false,2026-07-10T12:41:52.836312+02:00,2871795376730,2871798432300,3.055570,true,true,180561678,180565761,4.083000,true,matched_request_response
run_1,20260710,966,before,966,missing_data,0x1234,3,,2E1234,032E123400000000,7F2E13,negative,0x7F,0x13,false,false,false,2026-07-10T12:41:52.860733+02:00,2871819797332,2871822898648,3.101316,true,true,180586084,180590175,4.091000,true,matched_request_response
run_1,20260710,967,before,967,target_did_random_data,0x1234,7,58EAD906,2E123458EAD906,072E123458EAD906,6E1234,positive,0x6E,,true,true,false,2026-07-10T12:41:52.885208+02:00,2871844271851,2871847274970,3.003119,true,true,180610527,180614603,4.076000,true,matched_request_response
run_1,20260710,968,before,968,target_did_random_data,0x1234,4,CE,2E1234CE,042E1234CE000000,6E1234,positive,0x6E,,true,true,false,2026-07-10T12:41:52.909554+02:00,2871868618840,2871871711007,3.092167,true,true,180634858,180638945,4.087000,true,matched_request_response
run_1,20260710,969,before,969,target_did_random_data,0x1234,4,51,2E123451,042E123451000000,6E1234,positive,0x6E,,true,true,false,2026-07-10T12:41:52.934121+02:00,2871893186039,2871896106884,2.920845,true,true,180659434,180663519,4.085000,true,matched_request_response
run_1,20260710,970,before,970,unknown_did,0xF187,7,0D6E21E8,2EF1870D6E21E8,072EF1870D6E21E8,7F2E31,negative,0x7F,0x31,false,false,false,2026-07-10T12:41:52.958410+02:00,2871917473662,2871920544806,3.071144,true,true,180683645,180687724,4.079000,true,matched_request_response
run_1,20260710,971,before,971,target_did_random_data,0x1234,5,B29B,2E1234B29B,052E1234B29B0000,6E1234,positive,0x6E,,true,true,false,2026-07-10T12:41:52.982845+02:00,2871941909559,2871944934119,3.024560,true,true,180708070,180712153,4.083000,true,matched_request_response
run_1,20260710,972,before,972,target_did_random_data,0x1234,7,58C6DD47,2E123458C6DD47,072E123458C6DD47,6E1234,positive,0x6E,,true,true,false,2026-07-10T12:41:53.007251+02:00,2871966315145,2871969447889,3.132744,true,true,180732437,180736510,4.073000,true,matched_request_response
run_1,20260710,973,before,973,target_did_random_data,0x1234,6,D4E98E,2E1234D4E98E,062E1234D4E98E00,6E1234,positive,0x6E,,true,true,false,2026-07-10T12:41:53.031771+02:00,2871990833944,2871993703735,2.869791,true,true,180756920,180760999,4.079000,true,matched_request_response
run_1,20260710,974,before,974,target_did_random_data,0x1234,6,F66D9C,2E1234F66D9C,062E1234F66D9C00,6E1234,positive,0x6E,,true,true,false,2026-07-10T12:41:53.056115+02:00,2872015179256,2872018175251,2.995995,true,true,180781302,180785379,4.077000,true,matched_request_response
run_1,20260710,975,before,975,unknown_did,0x3333,7,2CF7E36A,2E33332CF7E36A,072E33332CF7E36A,7F2E31,negative,0x7F,0x31,false,false,false,2026-07-10T12:41:53.080370+02:00,2872039433076,2872041583708,2.150632,true,true,180805458,180809531,4.073000,true,matched_request_response
run_1,20260710,976,before,976,target_did_random_data,0x1234,4,BF,2E1234BF,042E1234BF000000,6E1234,positive,0x6E,,true,true,false,2026-07-10T12:41:53.103865+02:00,2872062928975,2872065987269,3.058294,true,true,180828963,180833050,4.087000,true,matched_request_response
run_1,20260710,977,before,977,missing_data,0x1234,3,,2E1234,032E123400000000,7F2E13,negative,0x7F,0x13,false,false,false,2026-07-10T12:41:53.128271+02:00,2872087335399,2872090509490,3.174091,true,true,180853360,180857448,4.088000,true,matched_request_response
run_1,20260710,978,before,978,target_did_random_data,0x1234,6,4A8478,2E12344A8478,062E12344A847800,6E1234,positive,0x6E,,true,true,false,2026-07-10T12:41:53.152819+02:00,2872111883462,2872114893704,3.010242,true,true,180877870,180881949,4.079000,true,matched_request_response
run_1,20260710,979,before,979,target_did_random_data,0x1234,5,468E,2E1234468E,052E1234468E0000,6E1234,positive,0x6E,,true,true,false,2026-07-10T12:41:53.177243+02:00,2872136306648,2872139285671,2.979023,true,true,180902281,180906361,4.080000,true,matched_request_response
run_1,20260710,980,before,980,target_did_random_data,0x1234,5,CB72,2E1234CB72,052E1234CB720000,6E1234,positive,0x6E,,true,true,false,2026-07-10T12:41:53.201573+02:00,2872160637642,2872163698660,3.061018,true,true,180926587,180930670,4.083000,true,matched_request_response
run_1,20260710,981,before,981,target_did_random_data,0x1234,7,80895213,2E123480895213,072E123480895213,6E1234,positive,0x6E,,true,true,false,2026-07-10T12:41:53.226065+02:00,2872185129343,2872188137211,3.007868,true,true,180951032,180955106,4.074000,true,matched_request_response
run_1,20260710,982,before,982,target_did_random_data,0x1234,5,89E4,2E123489E4,052E123489E40000,6E1234,positive,0x6E,,true,true,false,2026-07-10T12:41:53.250494+02:00,2872209559443,2872212524987,2.965544,true,true,180975450,180979530,4.080000,true,matched_request_response
run_1,20260710,983,before,983,read_only_did,0x1001,6,75A4BC,2E100175A4BC,062E100175A4BC00,7F2E31,negative,0x7F,0x31,false,false,false,2026-07-10T12:41:53.274852+02:00,2872233916279,2872236975062,3.058783,true,true,180999786,181003869,4.083000,true,matched_request_response
run_1,20260710,984,before,984,target_did_random_data,0x1234,7,67FBB021,2E123467FBB021,072E123467FBB021,6E1234,positive,0x6E,,true,true,false,2026-07-10T12:41:53.299380+02:00,2872258443878,2872261482197,3.038319,true,true,181024274,181028347,4.073000,true,matched_request_response
run_1,20260710,985,before,985,target_did_random_data,0x1234,5,919B,2E1234919B,052E1234919B0000,6E1234,positive,0x6E,,true,true,false,2026-07-10T12:41:53.323854+02:00,2872282917699,2872285807465,2.889766,true,true,181048741,181052824,4.083000,true,matched_request_response
run_1,20260710,986,before,986,missing_data,0x1234,3,,2E1234,032E123400000000,7F2E13,negative,0x7F,0x13,false,false,false,2026-07-10T12:41:53.348106+02:00,2872307169005,2872310152428,2.983423,true,true,181072973,181077063,4.090000,true,matched_request_response
run_1,20260710,987,before,987,target_did_random_data,0x1234,6,AFEBF5,2E1234AFEBF5,062E1234AFEBF500,6E1234,positive,0x6E,,true,true,false,2026-07-10T12:41:53.372439+02:00,2872331503353,2872334626110,3.122757,true,true,181097277,181101353,4.076000,true,matched_request_response
run_1,20260710,988,before,988,unknown_did,0x3333,6,862F51,2E3333862F51,062E3333862F5100,7F2E31,negative,0x7F,0x31,false,false,false,2026-07-10T12:41:53.396936+02:00,2872356016285,2872359045454,3.029169,true,true,181121770,181125849,4.079000,true,matched_request_response
run_1,20260710,989,before,989,read_only_did,0x1001,5,38BF,2E100138BF,052E100138BF0000,7F2E31,negative,0x7F,0x31,false,false,false,2026-07-10T12:41:53.421369+02:00,2872380433464,2872383442799,3.009335,true,true,181146167,181150254,4.087000,true,matched_request_response
run_1,20260710,990,before,990,target_did_random_data,0x1234,5,8545,2E12348545,052E123485450000,6E1234,positive,0x6E,,true,true,false,2026-07-10T12:41:53.445875+02:00,2872404938574,2872407886728,2.948154,true,true,181170648,181174731,4.083000,true,matched_request_response
run_1,20260710,991,before,991,target_did_random_data,0x1234,7,755A8303,2E1234755A8303,072E1234755A8303,6E1234,positive,0x6E,,true,true,false,2026-07-10T12:41:53.470251+02:00,2872429315176,2872432250548,2.935372,true,true,181194986,181199065,4.079000,true,matched_request_response
run_1,20260710,992,before,992,target_did_random_data,0x1234,4,8A,2E12348A,042E12348A000000,6E1234,positive,0x6E,,true,true,false,2026-07-10T12:41:53.494603+02:00,2872453667473,2872456687912,3.020439,true,true,181219335,181223420,4.085000,true,matched_request_response
run_1,20260710,993,before,993,target_did_random_data,0x1234,4,4E,2E12344E,042E12344E000000,6E1234,positive,0x6E,,true,true,false,2026-07-10T12:41:53.518979+02:00,2872478043236,2872481102647,3.059411,true,true,181243674,181247760,4.086000,true,matched_request_response
run_1,20260710,994,before,994,target_did_random_data,0x1234,6,73F2B9,2E123473F2B9,062E123473F2B900,6E1234,positive,0x6E,,true,true,false,2026-07-10T12:41:53.543462+02:00,2872502526066,2872505546226,3.020160,true,true,181268128,181272210,4.082000,true,matched_request_response
run_1,20260710,995,before,995,target_did_random_data,0x1234,7,D9DDA072,2E1234D9DDA072,072E1234D9DDA072,6E1234,positive,0x6E,,true,true,false,2026-07-10T12:41:53.567859+02:00,2872526922084,2872529967946,3.045862,true,true,181292503,181296576,4.073000,true,matched_request_response
run_1,20260710,996,before,996,unknown_did,0x2222,5,3825,2E22223825,052E222238250000,7F2E31,negative,0x7F,0x31,false,false,false,2026-07-10T12:41:53.592291+02:00,2872551355117,2872554405379,3.050262,true,true,181316922,181321005,4.083000,true,matched_request_response
run_1,20260710,997,before,997,unknown_did,0x3333,6,85D0C1,2E333385D0C1,062E333385D0C100,7F2E31,negative,0x7F,0x31,false,false,false,2026-07-10T12:41:53.616706+02:00,2872575770062,2872578785054,3.014992,true,true,181341325,181345401,4.076000,true,matched_request_response
run_1,20260710,998,before,998,target_did_random_data,0x1234,6,456A68,2E1234456A68,062E1234456A6800,6E1234,positive,0x6E,,true,true,false,2026-07-10T12:41:53.641094+02:00,2872600157279,2872603079941,2.922662,true,true,181365661,181369739,4.078000,true,matched_request_response
run_1,20260710,999,before,999,target_did_random_data,0x1234,6,7AC738,2E12347AC738,062E12347AC73800,6E1234,positive,0x6E,,true,true,false,2026-07-10T12:41:53.665341+02:00,2872624404395,2872626562709,2.158314,true,true,181389900,181393978,4.078000,true,matched_request_response
run_1,20260710,1000,before,1000,target_did_random_data,0x1234,6,9ABA7B,2E12349ABA7B,062E12349ABA7B00,6E1234,positive,0x6E,,true,true,false,2026-07-10T12:41:53.688823+02:00,2872647886395,2872650953838,3.067443,true,true,181413345,181417421,4.076000,true,matched_request_response
