run_id,random_seed,case_id,patch_state,trial,mutation_kind,did_hex,payload_length,data_hex,request_payload,request_can_data_hex,response_payload,response_class,response_sid,nrc,attack_pass,attack_success,timeout,send_wall_iso,send_monotonic_ns,recv_monotonic_ns,latency_ms,observer_request_seen,observer_response_seen,observer_request_timestamp_us,observer_response_timestamp_us,observer_latency_ms,observer_consistent,consistency_note
run_2,20260711,1,before,1,target_did_random_data,0x1234,4,F3,2E1234F3,042E1234F3000000,6E1234,positive,0x6E,,true,true,false,2026-07-10T12:42:28.180411+02:00,2907139473773,2907141774914,2.301141,true,true,215868050,215872136,4.086000,true,matched_request_response
run_2,20260711,2,before,2,target_did_random_data,0x1234,5,BFD1,2E1234BFD1,052E1234BFD10000,6E1234,positive,0x6E,,true,true,false,2026-07-10T12:42:28.204067+02:00,2907163131290,2907166165000,3.033710,true,true,215891682,215895765,4.083000,true,matched_request_response
run_2,20260711,3,before,3,target_did_random_data,0x1234,4,1B,2E12341B,042E12341B000000,6E1234,positive,0x6E,,true,true,false,2026-07-10T12:42:28.228402+02:00,2907187466131,2907189675919,2.209788,true,true,215916010,215920096,4.086000,true,matched_request_response
run_2,20260711,4,before,4,target_did_random_data,0x1234,4,98,2E123498,042E123498000000,6E1234,positive,0x6E,,true,true,false,2026-07-10T12:42:28.252035+02:00,2907211100740,2907214067891,2.967151,true,true,215939627,215943714,4.087000,true,matched_request_response
run_2,20260711,5,before,5,target_did_random_data,0x1234,4,21,2E123421,042E123421000000,6E1234,positive,0x6E,,true,true,false,2026-07-10T12:42:28.276379+02:00,2907235443194,2907238501627,3.058433,true,true,215963925,215968012,4.087000,true,matched_request_response
run_2,20260711,6,before,6,target_did_random_data,0x1234,6,3E0258,2E12343E0258,062E12343E025800,6E1234,positive,0x6E,,true,true,false,2026-07-10T12:42:28.300998+02:00,2907260062988,2907262863637,2.800649,true,true,215988529,215992612,4.083000,true,matched_request_response
run_2,20260711,7,before,7,target_did_random_data,0x1234,4,1C,2E12341C,042E12341C000000,6E1234,positive,0x6E,,true,true,false,2026-07-10T12:42:28.325264+02:00,2907284328965,2907287299678,2.970713,true,true,216012767,216016854,4.087000,true,matched_request_response
run_2,20260711,8,before,8,target_did_random_data,0x1234,6,AC8D5F,2E1234AC8D5F,062E1234AC8D5F00,6E1234,positive,0x6E,,true,true,false,2026-07-10T12:42:28.349582+02:00,2907308645927,2907311755764,3.109837,true,true,216037036,216041115,4.079000,true,matched_request_response
run_2,20260711,9,before,9,target_did_random_data,0x1234,7,3C6703C2,2E12343C6703C2,072E12343C6703C2,6E1234,positive,0x6E,,true,true,false,2026-07-10T12:42:28.374067+02:00,2907333131137,2907336123501,2.992364,true,true,216061475,216065552,4.077000,true,matched_request_response
run_2,20260711,10,before,10,unknown_did,0x2222,5,8583,2E22228583,052E222285830000,7F2E31,negative,0x7F,0x31,false,false,false,2026-07-10T12:42:28.398418+02:00,2907357481972,2907360638463,3.156491,true,true,216085819,216089902,4.083000,true,matched_request_response
run_2,20260711,11,before,11,target_did_random_data,0x1234,4,3F,2E12343F,042E12343F000000,6E1234,positive,0x6E,,true,true,false,2026-07-10T12:42:28.422979+02:00,2907382043379,2907384954726,2.911347,true,true,216110346,216114430,4.084000,true,matched_request_response
run_2,20260711,12,before,12,target_did_random_data,0x1234,5,CE84,2E1234CE84,052E1234CE840000,6E1234,positive,0x6E,,true,true,false,2026-07-10T12:42:28.447284+02:00,2907406347839,2907409370653,3.022814,true,true,216134656,216138739,4.083000,true,matched_request_response
run_2,20260711,13,before,13,read_only_did,0x1001,6,699EFE,2E1001699EFE,062E1001699EFE00,7F2E31,negative,0x7F,0x31,false,false,false,2026-07-10T12:42:28.471643+02:00,2907430707404,2907433778758,3.071354,true,true,216158932,216163016,4.084000,true,matched_request_response
run_2,20260711,14,before,14,read_only_did,0x1001,5,C796,2E1001C796,052E1001C7960000,7F2E31,negative,0x7F,0x31,false,false,false,2026-07-10T12:42:28.496095+02:00,2907455159229,2907458262222,3.102993,true,true,216183359,216187444,4.085000,true,matched_request_response
run_2,20260711,15,before,15,target_did_random_data,0x1234,7,9B0C6ECA,2E12349B0C6ECA,072E12349B0C6ECA,6E1234,positive,0x6E,,true,true,false,2026-07-10T12:42:28.520563+02:00,2907479627188,2907482656289,3.029101,true,true,216207759,216211838,4.079000,true,matched_request_response
run_2,20260711,16,before,16,target_did_random_data,0x1234,4,7F,2E12347F,042E12347F000000,6E1234,positive,0x6E,,true,true,false,2026-07-10T12:42:28.544979+02:00,2907504043674,2907507070330,3.026656,true,true,216232192,216236277,4.085000,true,matched_request_response
run_2,20260711,17,before,17,target_did_random_data,0x1234,5,C838,2E1234C838,052E1234C8380000,6E1234,positive,0x6E,,true,true,false,2026-07-10T12:42:28.569335+02:00,2907528399468,2907531545064,3.145596,true,true,216256525,216260608,4.083000,true,matched_request_response
run_2,20260711,18,before,18,unknown_did,0xF187,6,1F60D9,2EF1871F60D9,062EF1871F60D900,7F2E31,negative,0x7F,0x31,false,false,false,2026-07-10T12:42:28.593860+02:00,2907552924418,2907555869848,2.945430,true,true,216280998,216285077,4.079000,true,matched_request_response
run_2,20260711,19,before,19,target_did_random_data,0x1234,5,9A4F,2E12349A4F,052E12349A4F0000,6E1234,positive,0x6E,,true,true,false,2026-07-10T12:42:28.618125+02:00,2907577189138,2907580272505,3.083367,true,true,216305234,216309315,4.081000,true,matched_request_response
run_2,20260711,20,before,20,unknown_did,0x3333,5,ABD5,2E3333ABD5,052E3333ABD50000,7F2E31,negative,0x7F,0x31,false,false,false,2026-07-10T12:42:28.642564+02:00,2907601628392,2907604679702,3.051310,true,true,216329636,216333719,4.083000,true,matched_request_response
run_2,20260711,21,before,21,target_did_random_data,0x1234,4,0C,2E12340C,042E12340C000000,6E1234,positive,0x6E,,true,true,false,2026-07-10T12:42:28.667016+02:00,2907626080217,2907629122588,3.042371,true,true,216354075,216358167,4.092000,true,matched_request_response
run_2,20260711,22,before,22,target_did_random_data,0x1234,4,57,2E123457,042E123457000000,6E1234,positive,0x6E,,true,true,false,2026-07-10T12:42:28.691444+02:00,2907650508437,2907653510648,3.002211,true,true,216378468,216382553,4.085000,true,matched_request_response
run_2,20260711,23,before,23,missing_data,0x1234,3,,2E1234,032E123400000000,7F2E13,negative,0x7F,0x13,false,false,false,2026-07-10T12:42:28.715865+02:00,2907674928973,2907677973928,3.044955,true,true,216402864,216406955,4.091000,true,matched_request_response
run_2,20260711,24,before,24,missing_data,0x1234,3,,2E1234,032E123400000000,7F2E13,negative,0x7F,0x13,false,false,false,2026-07-10T12:42:28.740330+02:00,2907699393999,2907702346972,2.952973,true,true,216427298,216431386,4.088000,true,matched_request_response
run_2,20260711,25,before,25,unknown_did,0x3333,4,0F,2E33330F,042E33330F000000,7F2E31,negative,0x7F,0x31,false,false,false,2026-07-10T12:42:28.764648+02:00,2907723712148,2907726787902,3.075754,true,true,216451578,216455669,4.091000,true,matched_request_response
run_2,20260711,26,before,26,target_did_random_data,0x1234,7,B22BD231,2E1234B22BD231,072E1234B22BD231,6E1234,positive,0x6E,,true,true,false,2026-07-10T12:42:28.789081+02:00,2907748144907,2907751177429,3.032522,true,true,216475959,216480034,4.075000,true,matched_request_response
run_2,20260711,27,before,27,target_did_random_data,0x1234,6,B3C91F,2E1234B3C91F,062E1234B3C91F00,6E1234,positive,0x6E,,true,true,false,2026-07-10T12:42:28.813450+02:00,2907772514808,2907775645179,3.130371,true,true,216500315,216504391,4.076000,true,matched_request_response
run_2,20260711,28,before,28,read_only_did,0x1001,5,4D69,2E10014D69,052E10014D690000,7F2E31,negative,0x7F,0x31,false,false,false,2026-07-10T12:42:28.837931+02:00,2907796995618,2907800036731,3.041113,true,true,216524802,216528889,4.087000,true,matched_request_response
run_2,20260711,29,before,29,missing_data,0x1234,3,,2E1234,032E123400000000,7F2E13,negative,0x7F,0x13,false,false,false,2026-07-10T12:42:28.862333+02:00,2907821397367,2907824438341,3.040974,true,true,216549162,216553254,4.092000,true,matched_request_response
run_2,20260711,30,before,30,target_did_random_data,0x1234,6,93C6EB,2E123493C6EB,062E123493C6EB00,6E1234,positive,0x6E,,true,true,false,2026-07-10T12:42:28.886760+02:00,2907845824190,2907848855944,3.031754,true,true,216573530,216577609,4.079000,true,matched_request_response
run_2,20260711,31,before,31,missing_data,0x1234,3,,2E1234,032E123400000000,7F2E13,negative,0x7F,0x13,false,false,false,2026-07-10T12:42:28.911173+02:00,2907870237393,2907873263281,3.025888,true,true,216597938,216602029,4.091000,true,matched_request_response
run_2,20260711,32,before,32,target_did_random_data,0x1234,6,F16C0B,2E1234F16C0B,062E1234F16C0B00,6E1234,positive,0x6E,,true,true,false,2026-07-10T12:42:28.935545+02:00,2907894608552,2907897629131,3.020579,true,true,216622253,216626334,4.081000,true,matched_request_response
run_2,20260711,33,before,33,target_did_random_data,0x1234,6,EF140D,2E1234EF140D,062E1234EF140D00,6E1234,positive,0x6E,,true,true,false,2026-07-10T12:42:28.959931+02:00,2907918995564,2907922082703,3.087139,true,true,216646627,216650710,4.083000,true,matched_request_response
run_2,20260711,34,before,34,missing_data,0x1234,3,,2E1234,032E123400000000,7F2E13,negative,0x7F,0x13,false,false,false,2026-07-10T12:42:28.984366+02:00,2907943429441,2907946509386,3.079945,true,true,216671028,216675118,4.090000,true,matched_request_response
run_2,20260711,35,before,35,read_only_did,0x1001,6,61D01C,2E100161D01C,062E100161D01C00,7F2E31,negative,0x7F,0x31,false,false,false,2026-07-10T12:42:29.008857+02:00,2907967921635,2907970916583,2.994948,true,true,216695495,216699576,4.081000,true,matched_request_response
run_2,20260711,36,before,36,target_did_random_data,0x1234,4,94,2E123494,042E123494000000,6E1234,positive,0x6E,,true,true,false,2026-07-10T12:42:29.033239+02:00,2907992302781,2907995308554,3.005773,true,true,216719832,216723919,4.087000,true,matched_request_response
run_2,20260711,37,before,37,target_did_random_data,0x1234,5,F418,2E1234F418,052E1234F4180000,6E1234,positive,0x6E,,true,true,false,2026-07-10T12:42:29.057600+02:00,2908016664162,2908019741593,3.077431,true,true,216744175,216748258,4.083000,true,matched_request_response
run_2,20260711,38,before,38,target_did_random_data,0x1234,4,3F,2E12343F,042E12343F000000,6E1234,positive,0x6E,,true,true,false,2026-07-10T12:42:29.082133+02:00,2908041196236,2908044199146,3.002910,true,true,216768681,216772768,4.087000,true,matched_request_response
run_2,20260711,39,before,39,target_did_random_data,0x1234,4,AB,2E1234AB,042E1234AB000000,6E1234,positive,0x6E,,true,true,false,2026-07-10T12:42:29.106585+02:00,2908065649878,2908068584552,2.934674,true,true,216793091,216797178,4.087000,true,matched_request_response
run_2,20260711,40,before,40,target_did_random_data,0x1234,4,E7,2E1234E7,042E1234E7000000,6E1234,positive,0x6E,,true,true,false,2026-07-10T12:42:29.130857+02:00,2908089920744,2908092959831,3.039087,true,true,216817327,216821412,4.085000,true,matched_request_response
run_2,20260711,41,before,41,unknown_did,0xF187,7,5CC3C256,2EF1875CC3C256,072EF1875CC3C256,7F2E31,negative,0x7F,0x31,false,false,false,2026-07-10T12:42:29.155307+02:00,2908114371103,2908117394127,3.023024,true,true,216841761,216845836,4.075000,true,matched_request_response
run_2,20260711,42,before,42,target_did_random_data,0x1234,5,E15A,2E1234E15A,052E1234E15A0000,6E1234,positive,0x6E,,true,true,false,2026-07-10T12:42:29.179720+02:00,2908138784167,2908141831077,3.046910,true,true,216866131,216870217,4.086000,true,matched_request_response
run_2,20260711,43,before,43,target_did_random_data,0x1234,7,E0E2C642,2E1234E0E2C642,072E1234E0E2C642,6E1234,positive,0x6E,,true,true,false,2026-07-10T12:42:29.204140+02:00,2908163204703,2908166238902,3.034199,true,true,216890510,216894582,4.072000,true,matched_request_response
run_2,20260711,44,before,44,target_did_random_data,0x1234,7,D9694876,2E1234D9694876,072E1234D9694876,6E1234,positive,0x6E,,true,true,false,2026-07-10T12:42:29.228534+02:00,2908187597862,2908190602937,3.005075,true,true,216914872,216918947,4.075000,true,matched_request_response
run_2,20260711,45,before,45,target_did_random_data,0x1234,5,763D,2E1234763D,052E1234763D0000,6E1234,positive,0x6E,,true,true,false,2026-07-10T12:42:29.252908+02:00,2908211971745,2908215056369,3.084624,true,true,216939217,216943298,4.081000,true,matched_request_response
run_2,20260711,46,before,46,target_did_random_data,0x1234,4,1E,2E12341E,042E12341E000000,6E1234,positive,0x6E,,true,true,false,2026-07-10T12:42:29.277356+02:00,2908236420637,2908239501700,3.081063,true,true,216963675,216967762,4.087000,true,matched_request_response
run_2,20260711,47,before,47,target_did_random_data,0x1234,7,566011DD,2E1234566011DD,072E1234566011DD,6E1234,positive,0x6E,,true,true,false,2026-07-10T12:42:29.301872+02:00,2908260935879,2908263848204,2.912325,true,true,216988130,216992208,4.078000,true,matched_request_response
run_2,20260711,48,before,48,missing_data,0x1234,3,,2E1234,032E123400000000,7F2E13,negative,0x7F,0x13,false,false,false,2026-07-10T12:42:29.326195+02:00,2908285258847,2908288305757,3.046910,true,true,217012450,217016539,4.089000,true,matched_request_response
run_2,20260711,49,before,49,target_did_random_data,0x1234,5,B470,2E1234B470,052E1234B4700000,6E1234,positive,0x6E,,true,true,false,2026-07-10T12:42:29.350624+02:00,2908309687625,2908312742148,3.054523,true,true,217036845,217040928,4.083000,true,matched_request_response
run_2,20260711,50,before,50,target_did_random_data,0x1234,5,8C3D,2E12348C3D,052E12348C3D0000,6E1234,positive,0x6E,,true,true,false,2026-07-10T12:42:29.375186+02:00,2908334250639,2908337131955,2.881316,true,true,217061378,217065459,4.081000,true,matched_request_response
run_2,20260711,51,before,51,target_did_random_data,0x1234,7,62A51DF0,2E123462A51DF0,072E123462A51DF0,6E1234,positive,0x6E,,true,true,false,2026-07-10T12:42:29.399459+02:00,2908358523321,2908361641330,3.118009,true,true,217085617,217089692,4.075000,true,matched_request_response
run_2,20260711,52,before,52,target_did_random_data,0x1234,7,62AD8B17,2E123462AD8B17,072E123462AD8B17,6E1234,positive,0x6E,,true,true,false,2026-07-10T12:42:29.424014+02:00,2908383078932,2908385936222,2.857290,true,true,217110139,217114217,4.078000,true,matched_request_response
run_2,20260711,53,before,53,target_did_random_data,0x1234,7,883F9A52,2E1234883F9A52,072E1234883F9A52,6E1234,positive,0x6E,,true,true,false,2026-07-10T12:42:29.448299+02:00,2908407364185,2908410336644,2.972459,true,true,217134431,217138503,4.072000,true,matched_request_response
run_2,20260711,54,before,54,unknown_did,0x2222,5,6326,2E22226326,052E222263260000,7F2E31,negative,0x7F,0x31,false,false,false,2026-07-10T12:42:29.472657+02:00,2908431721515,2908434786444,3.064929,true,true,217158729,217162812,4.083000,true,matched_request_response
run_2,20260711,55,before,55,target_did_random_data,0x1234,5,B204,2E1234B204,052E1234B2040000,6E1234,positive,0x6E,,true,true,false,2026-07-10T12:42:29.497113+02:00,2908456176205,2908459204327,3.028122,true,true,217183157,217187245,4.088000,true,matched_request_response
run_2,20260711,56,before,56,missing_data,0x1234,3,,2E1234,032E123400000000,7F2E13,negative,0x7F,0x13,false,false,false,2026-07-10T12:42:29.521510+02:00,2908480574462,2908483635201,3.060739,true,true,217207538,217211629,4.091000,true,matched_request_response
run_2,20260711,57,before,57,target_did_random_data,0x1234,7,4F8551AA,2E12344F8551AA,072E12344F8551AA,6E1234,positive,0x6E,,true,true,false,2026-07-10T12:42:29.546010+02:00,2908505074199,2908508040093,2.965894,true,true,217232009,217236084,4.075000,true,matched_request_response
run_2,20260711,58,before,58,unknown_did,0x2222,4,62,2E222262,042E222262000000,7F2E31,negative,0x7F,0x31,false,false,false,2026-07-10T12:42:29.570339+02:00,2908529403593,2908532707450,3.303857,true,true,217256303,217260388,4.085000,true,matched_request_response
run_2,20260711,59,before,59,target_did_random_data,0x1234,6,6AFA1E,2E12346AFA1E,062E12346AFA1E00,6E1234,positive,0x6E,,true,true,false,2026-07-10T12:42:29.595105+02:00,2908554170264,2908556837236,2.666972,true,true,217281052,217285131,4.079000,true,matched_request_response
run_2,20260711,60,before,60,target_did_random_data,0x1234,5,F511,2E1234F511,052E1234F5110000,6E1234,positive,0x6E,,true,true,false,2026-07-10T12:42:29.619164+02:00,2908578228183,2908581296674,3.068491,true,true,217305070,217309152,4.082000,true,matched_request_response
run_2,20260711,61,before,61,target_did_random_data,0x1234,7,550008AC,2E1234550008AC,072E1234550008AC,6E1234,positive,0x6E,,true,true,false,2026-07-10T12:42:29.643602+02:00,2908602666460,2908605687179,3.020719,true,true,217329477,217333558,4.081000,true,matched_request_response
run_2,20260711,62,before,62,target_did_random_data,0x1234,5,5115,2E12345115,052E123451150000,6E1234,positive,0x6E,,true,true,false,2026-07-10T12:42:29.668015+02:00,2908627079105,2908630500016,3.420911,true,true,217353875,217357958,4.083000,true,matched_request_response
run_2,20260711,63,before,63,target_did_random_data,0x1234,6,09012B,2E123409012B,062E123409012B00,6E1234,positive,0x6E,,true,true,false,2026-07-10T12:42:29.692889+02:00,2908651953682,2908654492215,2.538533,true,true,217378723,217382810,4.087000,true,matched_request_response
run_2,20260711,64,before,64,target_did_random_data,0x1234,4,54,2E123454,042E123454000000,6E1234,positive,0x6E,,true,true,false,2026-07-10T12:42:29.716795+02:00,2908675859626,2908678908282,3.048656,true,true,217402605,217406691,4.086000,true,matched_request_response
run_2,20260711,65,before,65,target_did_random_data,0x1234,5,A9E6,2E1234A9E6,052E1234A9E60000,6E1234,positive,0x6E,,true,true,false,2026-07-10T12:42:29.741229+02:00,2908700292175,2908703328888,3.036713,true,true,217427009,217431091,4.082000,true,matched_request_response
run_2,20260711,66,before,66,target_did_random_data,0x1234,5,537F,2E1234537F,052E1234537F0000,6E1234,positive,0x6E,,true,true,false,2026-07-10T12:42:29.765620+02:00,2908724683867,2908727723514,3.039647,true,true,217451362,217455442,4.080000,true,matched_request_response
run_2,20260711,67,before,67,target_did_random_data,0x1234,4,64,2E123464,042E123464000000,6E1234,positive,0x6E,,true,true,false,2026-07-10T12:42:29.789979+02:00,2908749041686,2908752176038,3.134352,true,true,217475713,217479800,4.087000,true,matched_request_response
run_2,20260711,68,before,68,missing_data,0x1234,3,,2E1234,032E123400000000,7F2E13,negative,0x7F,0x13,false,false,false,2026-07-10T12:42:29.814549+02:00,2908773612941,2908776617457,3.004516,true,true,217500250,217504339,4.089000,true,matched_request_response
run_2,20260711,69,before,69,read_only_did,0x1001,5,DB9B,2E1001DB9B,052E1001DB9B0000,7F2E31,negative,0x7F,0x31,false,false,false,2026-07-10T12:42:29.838974+02:00,2908798037948,2908801095683,3.057735,true,true,217524649,217528736,4.087000,true,matched_request_response
run_2,20260711,70,before,70,missing_data,0x1234,3,,2E1234,032E123400000000,7F2E13,negative,0x7F,0x13,false,false,false,2026-07-10T12:42:29.863517+02:00,2908822581755,2908825439185,2.857430,true,true,217549161,217553252,4.091000,true,matched_request_response
run_2,20260711,71,before,71,target_did_random_data,0x1234,4,2D,2E12342D,042E12342D000000,6E1234,positive,0x6E,,true,true,false,2026-07-10T12:42:29.887738+02:00,2908846801707,2908849826407,3.024700,true,true,217573354,217577438,4.084000,true,matched_request_response
run_2,20260711,72,before,72,target_did_random_data,0x1234,4,F6,2E1234F6,042E1234F6000000,6E1234,positive,0x6E,,true,true,false,2026-07-10T12:42:29.912147+02:00,2908871211418,2908874294087,3.082669,true,true,217597726,217601813,4.087000,true,matched_request_response
run_2,20260711,73,before,73,target_did_random_data,0x1234,7,36150694,2E123436150694,072E123436150694,6E1234,positive,0x6E,,true,true,false,2026-07-10T12:42:29.936609+02:00,2908895674139,2908898621665,2.947526,true,true,217622142,217626222,4.080000,true,matched_request_response
run_2,20260711,74,before,74,target_did_random_data,0x1234,5,A0B3,2E1234A0B3,052E1234A0B30000,6E1234,positive,0x6E,,true,true,false,2026-07-10T12:42:29.960980+02:00,2908920044320,2908923091230,3.046910,true,true,217646492,217650573,4.081000,true,matched_request_response
run_2,20260711,75,before,75,target_did_random_data,0x1234,4,8E,2E12348E,042E12348E000000,6E1234,positive,0x6E,,true,true,false,2026-07-10T12:42:29.985365+02:00,2908944428819,2908947523640,3.094821,true,true,217670862,217674949,4.087000,true,matched_request_response
run_2,20260711,76,before,76,unknown_did,0xF187,6,004942,2EF187004942,062EF18700494200,7F2E31,negative,0x7F,0x31,false,false,false,2026-07-10T12:42:30.009850+02:00,2908968914518,2908971936005,3.021487,true,true,217695303,217699384,4.081000,true,matched_request_response
run_2,20260711,77,before,77,unknown_did,0x2222,4,B5,2E2222B5,042E2222B5000000,7F2E31,negative,0x7F,0x31,false,false,false,2026-07-10T12:42:30.034240+02:00,2908993303486,2908996296548,2.993062,true,true,217719677,217723764,4.087000,true,matched_request_response
run_2,20260711,78,before,78,target_did_random_data,0x1234,6,E349C2,2E1234E349C2,062E1234E349C200,6E1234,positive,0x6E,,true,true,false,2026-07-10T12:42:30.058559+02:00,2909017622194,2909020680837,3.058643,true,true,217743936,217748014,4.078000,true,matched_request_response
run_2,20260711,79,before,79,missing_data,0x1234,3,,2E1234,032E123400000000,7F2E13,negative,0x7F,0x13,false,false,false,2026-07-10T12:42:30.082987+02:00,2909042051741,2909045164581,3.112840,true,true,217768374,217772462,4.088000,true,matched_request_response
run_2,20260711,80,before,80,target_did_random_data,0x1234,6,7C9732,2E12347C9732,062E12347C973200,6E1234,positive,0x6E,,true,true,false,2026-07-10T12:42:30.107488+02:00,2909066551827,2909069624928,3.073101,true,true,217792829,217796907,4.078000,true,matched_request_response
run_2,20260711,81,before,81,target_did_random_data,0x1234,7,F0350495,2E1234F0350495,072E1234F0350495,6E1234,positive,0x6E,,true,true,false,2026-07-10T12:42:30.132039+02:00,2909091102758,2909093957324,2.854566,true,true,217817363,217821440,4.077000,true,matched_request_response
run_2,20260711,82,before,82,target_did_random_data,0x1234,6,393364,2E1234393364,062E123439336400,6E1234,positive,0x6E,,true,true,false,2026-07-10T12:42:30.156289+02:00,2909115353231,2909118380515,3.027284,true,true,217841614,217845693,4.079000,true,matched_request_response
run_2,20260711,83,before,83,target_did_random_data,0x1234,7,FECB8CC4,2E1234FECB8CC4,072E1234FECB8CC4,6E1234,positive,0x6E,,true,true,false,2026-07-10T12:42:30.180708+02:00,2909139771742,2909142807967,3.036225,true,true,217865955,217870030,4.075000,true,matched_request_response
run_2,20260711,84,before,84,target_did_random_data,0x1234,4,A6,2E1234A6,042E1234A6000000,6E1234,positive,0x6E,,true,true,false,2026-07-10T12:42:30.205096+02:00,2909164159454,2909167241564,3.082110,true,true,217890316,217894401,4.085000,true,matched_request_response
run_2,20260711,85,before,85,target_did_random_data,0x1234,6,F5CAF0,2E1234F5CAF0,062E1234F5CAF000,6E1234,positive,0x6E,,true,true,false,2026-07-10T12:42:30.229515+02:00,2909188579502,2909191664755,3.085253,true,true,217914711,217918789,4.078000,true,matched_request_response
run_2,20260711,86,before,86,unknown_did,0x2222,4,F0,2E2222F0,042E2222F0000000,7F2E31,negative,0x7F,0x31,false,false,false,2026-07-10T12:42:30.253991+02:00,2909213055493,2909216086269,3.030776,true,true,217939152,217943239,4.087000,true,matched_request_response
run_2,20260711,87,before,87,target_did_random_data,0x1234,7,FC50AB98,2E1234FC50AB98,072E1234FC50AB98,6E1234,positive,0x6E,,true,true,false,2026-07-10T12:42:30.278353+02:00,2909237416944,2909240476355,3.059411,true,true,217963482,217967554,4.072000,true,matched_request_response
run_2,20260711,88,before,88,target_did_random_data,0x1234,7,298BC295,2E1234298BC295,072E1234298BC295,6E1234,positive,0x6E,,true,true,false,2026-07-10T12:42:30.302768+02:00,2909261832592,2909264859876,3.027284,true,true,217987861,217991936,4.075000,true,matched_request_response
run_2,20260711,89,before,89,unknown_did,0x3333,5,F02B,2E3333F02B,052E3333F02B0000,7F2E31,negative,0x7F,0x31,false,false,false,2026-07-10T12:42:30.327167+02:00,2909286231967,2909289331328,3.099361,true,true,218012256,218016336,4.080000,true,matched_request_response
run_2,20260711,90,before,90,target_did_random_data,0x1234,5,20B7,2E123420B7,052E123420B70000,6E1234,positive,0x6E,,true,true,false,2026-07-10T12:42:30.351662+02:00,2909310726047,2909313707864,2.981817,true,true,218036720,218040802,4.082000,true,matched_request_response
run_2,20260711,91,before,91,missing_data,0x1234,3,,2E1234,032E123400000000,7F2E13,negative,0x7F,0x13,false,false,false,2026-07-10T12:42:30.375980+02:00,2909335043777,2909338162274,3.118497,true,true,218061014,218065104,4.090000,true,matched_request_response
run_2,20260711,92,before,92,unknown_did,0x2222,4,09,2E222209,042E222209000000,7F2E31,negative,0x7F,0x31,false,false,false,2026-07-10T12:42:30.400473+02:00,2909359537158,2909362582602,3.045444,true,true,218085458,218089547,4.089000,true,matched_request_response
run_2,20260711,93,before,93,target_did_random_data,0x1234,7,64456897,2E123464456897,072E123464456897,6E1234,positive,0x6E,,true,true,false,2026-07-10T12:42:30.424873+02:00,2909383936673,2909386962770,3.026097,true,true,218109820,218113895,4.075000,true,matched_request_response
run_2,20260711,94,before,94,target_did_random_data,0x1234,4,1F,2E12341F,042E12341F000000,6E1234,positive,0x6E,,true,true,false,2026-07-10T12:42:30.449291+02:00,2909408355883,2909411379186,3.023303,true,true,218134282,218138367,4.085000,true,matched_request_response
run_2,20260711,95,before,95,missing_data,0x1234,3,,2E1234,032E123400000000,7F2E13,negative,0x7F,0x13,false,false,false,2026-07-10T12:42:30.473752+02:00,2909432816299,2909435799723,2.983424,true,true,218158654,218162745,4.091000,true,matched_request_response
run_2,20260711,96,before,96,target_did_random_data,0x1234,7,749EFB6A,2E1234749EFB6A,072E1234749EFB6A,6E1234,positive,0x6E,,true,true,false,2026-07-10T12:42:30.498093+02:00,2909457157287,2909460197841,3.040554,true,true,218182945,218187019,4.074000,true,matched_request_response
run_2,20260711,97,before,97,target_did_random_data,0x1234,4,CA,2E1234CA,042E1234CA000000,6E1234,positive,0x6E,,true,true,false,2026-07-10T12:42:30.522495+02:00,2909481558547,2909484642054,3.083507,true,true,218207339,218211424,4.085000,true,matched_request_response
run_2,20260711,98,before,98,target_did_random_data,0x1234,4,4F,2E12344F,042E12344F000000,6E1234,positive,0x6E,,true,true,false,2026-07-10T12:42:30.546979+02:00,2909506042221,2909509067340,3.025119,true,true,218231801,218235888,4.087000,true,matched_request_response
run_2,20260711,99,before,99,target_did_random_data,0x1234,7,C3101519,2E1234C3101519,072E1234C3101519,6E1234,positive,0x6E,,true,true,false,2026-07-10T12:42:30.571363+02:00,2909530427209,2909533437312,3.010103,true,true,218256139,218260217,4.078000,true,matched_request_response
run_2,20260711,100,before,100,unknown_did,0x2222,7,0421D548,2E22220421D548,072E22220421D548,7F2E31,negative,0x7F,0x31,false,false,false,2026-07-10T12:42:30.595712+02:00,2909554775529,2909557839411,3.063882,true,true,218280448,218284525,4.077000,true,matched_request_response
run_2,20260711,101,before,101,target_did_random_data,0x1234,6,1E0549,2E12341E0549,062E12341E054900,6E1234,positive,0x6E,,true,true,false,2026-07-10T12:42:30.620171+02:00,2909579234689,2909582284951,3.050262,true,true,218304899,218308982,4.083000,true,matched_request_response
run_2,20260711,102,before,102,missing_data,0x1234,3,,2E1234,032E123400000000,7F2E13,negative,0x7F,0x13,false,false,false,2026-07-10T12:42:30.644621+02:00,2909603684419,2909606732866,3.048447,true,true,218329325,218333413,4.088000,true,matched_request_response
run_2,20260711,103,before,103,read_only_did,0x1001,6,6D24B1,2E10016D24B1,062E10016D24B100,7F2E31,negative,0x7F,0x31,false,false,false,2026-07-10T12:42:30.669158+02:00,2909628221592,2909631123930,2.902338,true,true,218353825,218357908,4.083000,true,matched_request_response
run_2,20260711,104,before,104,read_only_did,0x1001,4,ED,2E1001ED,042E1001ED000000,7F2E31,negative,0x7F,0x31,false,false,false,2026-07-10T12:42:30.693511+02:00,2909652575989,2909655555432,2.979443,true,true,218378158,218382250,4.092000,true,matched_request_response
run_2,20260711,105,before,105,unknown_did,0xF187,4,5D,2EF1875D,042EF1875D000000,7F2E31,negative,0x7F,0x31,false,false,false,2026-07-10T12:42:30.717862+02:00,2909676926055,2909679910038,2.983983,true,true,218402470,218406555,4.085000,true,matched_request_response
run_2,20260711,106,before,106,target_did_random_data,0x1234,5,9E81,2E12349E81,052E12349E810000,6E1234,positive,0x6E,,true,true,false,2026-07-10T12:42:30.742249+02:00,2909701313068,2909704315000,3.001932,true,true,218426828,218430911,4.083000,true,matched_request_response
run_2,20260711,107,before,107,target_did_random_data,0x1234,4,19,2E123419,042E123419000000,6E1234,positive,0x6E,,true,true,false,2026-07-10T12:42:30.766619+02:00,2909725683249,2909728767315,3.084066,true,true,218451167,218455254,4.087000,true,matched_request_response
run_2,20260711,108,before,108,read_only_did,0x1001,6,04596E,2E100104596E,062E100104596E00,7F2E31,negative,0x7F,0x31,false,false,false,2026-07-10T12:42:30.791164+02:00,2909750227546,2909753165992,2.938446,true,true,218475676,218479764,4.088000,true,matched_request_response
run_2,20260711,109,before,109,target_did_random_data,0x1234,6,BF7CF8,2E1234BF7CF8,062E1234BF7CF800,6E1234,positive,0x6E,,true,true,false,2026-07-10T12:42:30.815449+02:00,2909774512729,2909777611113,3.098384,true,true,218499913,218503992,4.079000,true,matched_request_response
run_2,20260711,110,before,110,target_did_random_data,0x1234,5,9460,2E12349460,052E123494600000,6E1234,positive,0x6E,,true,true,false,2026-07-10T12:42:30.839893+02:00,2909798957571,2909801987510,3.029939,true,true,218524341,218528421,4.080000,true,matched_request_response
run_2,20260711,111,before,111,target_did_random_data,0x1234,5,981C,2E1234981C,052E1234981C0000,6E1234,positive,0x6E,,true,true,false,2026-07-10T12:42:30.864314+02:00,2909823378388,2909826388700,3.010312,true,true,218548760,218552842,4.082000,true,matched_request_response
run_2,20260711,112,before,112,target_did_random_data,0x1234,5,7C31,2E12347C31,052E12347C310000,6E1234,positive,0x6E,,true,true,false,2026-07-10T12:42:30.888721+02:00,2909847785515,2909850804977,3.019462,true,true,218573109,218577195,4.086000,true,matched_request_response
run_2,20260711,113,before,113,target_did_random_data,0x1234,5,A747,2E1234A747,052E1234A7470000,6E1234,positive,0x6E,,true,true,false,2026-07-10T12:42:30.913106+02:00,2909872170153,2909875186542,3.016389,true,true,218597449,218601529,4.080000,true,matched_request_response
run_2,20260711,114,before,114,target_did_random_data,0x1234,6,F00950,2E1234F00950,062E1234F0095000,6E1234,positive,0x6E,,true,true,false,2026-07-10T12:42:30.937483+02:00,2909896547458,2909899631524,3.084066,true,true,218621801,218625885,4.084000,true,matched_request_response
run_2,20260711,115,before,115,missing_data,0x1234,3,,2E1234,032E123400000000,7F2E13,negative,0x7F,0x13,false,false,false,2026-07-10T12:42:30.961900+02:00,2909920964503,2909924070289,3.105786,true,true,218646205,218650294,4.089000,true,matched_request_response
run_2,20260711,116,before,116,unknown_did,0xF187,5,6A91,2EF1876A91,052EF1876A910000,7F2E31,negative,0x7F,0x31,false,false,false,2026-07-10T12:42:30.986397+02:00,2909945461377,2909948477417,3.016040,true,true,218670666,218674748,4.082000,true,matched_request_response
run_2,20260711,117,before,117,target_did_random_data,0x1234,7,DDE55C2E,2E1234DDE55C2E,072E1234DDE55C2E,6E1234,positive,0x6E,,true,true,false,2026-07-10T12:42:31.010792+02:00,2909969856561,2909972900817,3.044256,true,true,218695015,218699090,4.075000,true,matched_request_response
run_2,20260711,118,before,118,target_did_random_data,0x1234,5,C04C,2E1234C04C,052E1234C04C0000,6E1234,positive,0x6E,,true,true,false,2026-07-10T12:42:31.035243+02:00,2909994307619,2909997268344,2.960725,true,true,218719461,218723542,4.081000,true,matched_request_response
run_2,20260711,119,before,119,read_only_did,0x1001,5,D820,2E1001D820,052E1001D8200000,7F2E31,negative,0x7F,0x31,false,false,false,2026-07-10T12:42:31.059576+02:00,2910018640016,2910021719123,3.079107,true,true,218743781,218747869,4.088000,true,matched_request_response
run_2,20260711,120,before,120,target_did_random_data,0x1234,7,FC219698,2E1234FC219698,072E1234FC219698,6E1234,positive,0x6E,,true,true,false,2026-07-10T12:42:31.083978+02:00,2910043042115,2910046157190,3.115075,true,true,218768136,218772213,4.077000,true,matched_request_response
run_2,20260711,121,before,121,target_did_random_data,0x1234,4,8C,2E12348C,042E12348C000000,6E1234,positive,0x6E,,true,true,false,2026-07-10T12:42:31.108457+02:00,2910067521179,2910070591276,3.070097,true,true,218792602,218796689,4.087000,true,matched_request_response
run_2,20260711,122,before,122,target_did_random_data,0x1234,6,3E3D17,2E12343E3D17,062E12343E3D1700,6E1234,positive,0x6E,,true,true,false,2026-07-10T12:42:31.132887+02:00,2910091951354,2910094960061,3.008707,true,true,218817001,218821080,4.079000,true,matched_request_response
run_2,20260711,123,before,123,target_did_random_data,0x1234,4,95,2E123495,042E123495000000,6E1234,positive,0x6E,,true,true,false,2026-07-10T12:42:31.157245+02:00,2910116309243,2910119361182,3.051939,true,true,218841333,218845417,4.084000,true,matched_request_response
run_2,20260711,124,before,124,read_only_did,0x1001,5,41B5,2E100141B5,052E100141B50000,7F2E31,negative,0x7F,0x31,false,false,false,2026-07-10T12:42:31.181643+02:00,2910140707012,2910143774455,3.067443,true,true,218865711,218869798,4.087000,true,matched_request_response
run_2,20260711,125,before,125,target_did_random_data,0x1234,4,23,2E123423,042E123423000000,6E1234,positive,0x6E,,true,true,false,2026-07-10T12:42:31.206092+02:00,2910165155975,2910168193177,3.037202,true,true,218890127,218894217,4.090000,true,matched_request_response
run_2,20260711,126,before,126,target_did_random_data,0x1234,6,FC43A3,2E1234FC43A3,062E1234FC43A300,6E1234,positive,0x6E,,true,true,false,2026-07-10T12:42:31.230517+02:00,2910189581331,2910192693193,3.111862,true,true,218914521,218918598,4.077000,true,matched_request_response
run_2,20260711,127,before,127,target_did_random_data,0x1234,7,6C8E456B,2E12346C8E456B,072E12346C8E456B,6E1234,positive,0x6E,,true,true,false,2026-07-10T12:42:31.255175+02:00,2910214238770,2910217035578,2.796808,true,true,218939135,218943212,4.077000,true,matched_request_response
run_2,20260711,128,before,128,target_did_random_data,0x1234,4,E1,2E1234E1,042E1234E1000000,6E1234,positive,0x6E,,true,true,false,2026-07-10T12:42:31.279341+02:00,2910238405503,2910241462889,3.057386,true,true,218963291,218967376,4.085000,true,matched_request_response
run_2,20260711,129,before,129,target_did_random_data,0x1234,7,CF1D6846,2E1234CF1D6846,072E1234CF1D6846,6E1234,positive,0x6E,,true,true,false,2026-07-10T12:42:31.303702+02:00,2910262765557,2910265880283,3.114726,true,true,218987596,218991671,4.075000,true,matched_request_response
run_2,20260711,130,before,130,target_did_random_data,0x1234,5,11FF,2E123411FF,052E123411FF0000,6E1234,positive,0x6E,,true,true,false,2026-07-10T12:42:31.328279+02:00,2910287344076,2910290285246,2.941170,true,true,219012233,219016314,4.081000,true,matched_request_response
run_2,20260711,131,before,131,target_did_random_data,0x1234,6,422AD2,2E1234422AD2,062E1234422AD200,6E1234,positive,0x6E,,true,true,false,2026-07-10T12:42:31.352578+02:00,2910311642251,2910314697332,3.055081,true,true,219036427,219040504,4.077000,true,matched_request_response
run_2,20260711,132,before,132,target_did_random_data,0x1234,4,56,2E123456,042E123456000000,6E1234,positive,0x6E,,true,true,false,2026-07-10T12:42:31.376981+02:00,2910336044559,2910339164523,3.119964,true,true,219060825,219064912,4.087000,true,matched_request_response
run_2,20260711,133,before,133,target_did_random_data,0x1234,6,8DD17B,2E12348DD17B,062E12348DD17B00,6E1234,positive,0x6E,,true,true,false,2026-07-10T12:42:31.401482+02:00,2910360545554,2910363534984,2.989430,true,true,219085265,219089342,4.077000,true,matched_request_response
run_2,20260711,134,before,134,target_did_random_data,0x1234,6,E84489,2E1234E84489,062E1234E8448900,6E1234,positive,0x6E,,true,true,false,2026-07-10T12:42:31.425855+02:00,2910384919506,2910387921718,3.002212,true,true,219109624,219113703,4.079000,true,matched_request_response
run_2,20260711,135,before,135,target_did_random_data,0x1234,7,E0E19345,2E1234E0E19345,072E1234E0E19345,6E1234,positive,0x6E,,true,true,false,2026-07-10T12:42:31.450235+02:00,2910409299186,2910412358458,3.059272,true,true,219133959,219138034,4.075000,true,matched_request_response
run_2,20260711,136,before,136,target_did_random_data,0x1234,4,26,2E123426,042E123426000000,6E1234,positive,0x6E,,true,true,false,2026-07-10T12:42:31.474656+02:00,2910433720701,2910436743236,3.022535,true,true,219158371,219162455,4.084000,true,matched_request_response
run_2,20260711,137,before,137,target_did_random_data,0x1234,4,95,2E123495,042E123495000000,6E1234,positive,0x6E,,true,true,false,2026-07-10T12:42:31.499018+02:00,2910458081733,2910461235431,3.153698,true,true,219182698,219186784,4.086000,true,matched_request_response
run_2,20260711,138,before,138,target_did_random_data,0x1234,4,EA,2E1234EA,042E1234EA000000,6E1234,positive,0x6E,,true,true,false,2026-07-10T12:42:31.523557+02:00,2910482620861,2910485620209,2.999348,true,true,219207212,219211296,4.084000,true,matched_request_response
run_2,20260711,139,before,139,target_did_random_data,0x1234,6,F1AA39,2E1234F1AA39,062E1234F1AA3900,6E1234,positive,0x6E,,true,true,false,2026-07-10T12:42:31.547920+02:00,2910506984128,2910510025381,3.041253,true,true,219231539,219235617,4.078000,true,matched_request_response
run_2,20260711,140,before,140,unknown_did,0x2222,7,F328A7D3,2E2222F328A7D3,072E2222F328A7D3,7F2E31,negative,0x7F,0x31,false,false,false,2026-07-10T12:42:31.572324+02:00,2910531388462,2910534425733,3.037271,true,true,219255912,219259987,4.075000,true,matched_request_response
run_2,20260711,141,before,141,target_did_random_data,0x1234,5,DC75,2E1234DC75,052E1234DC750000,6E1234,positive,0x6E,,true,true,false,2026-07-10T12:42:31.596718+02:00,2910555782249,2910558868340,3.086091,true,true,219280269,219284349,4.080000,true,matched_request_response
run_2,20260711,142,before,142,target_did_random_data,0x1234,6,463398,2E1234463398,062E123446339800,6E1234,positive,0x6E,,true,true,false,2026-07-10T12:42:31.621173+02:00,2910580237428,2910583254795,3.017367,true,true,219304687,219308766,4.079000,true,matched_request_response
run_2,20260711,143,before,143,target_did_random_data,0x1234,5,7FBF,2E12347FBF,052E12347FBF0000,6E1234,positive,0x6E,,true,true,false,2026-07-10T12:42:31.645556+02:00,2910604619063,2910607686506,3.067443,true,true,219329061,219333144,4.083000,true,matched_request_response
run_2,20260711,144,before,144,target_did_random_data,0x1234,6,082E33,2E1234082E33,062E1234082E3300,6E1234,positive,0x6E,,true,true,false,2026-07-10T12:42:31.670026+02:00,2910629090165,2910632119615,3.029450,true,true,219353502,219357583,4.081000,true,matched_request_response
run_2,20260711,145,before,145,target_did_random_data,0x1234,4,30,2E123430,042E123430000000,6E1234,positive,0x6E,,true,true,false,2026-07-10T12:42:31.694418+02:00,2910653482137,2910656544412,3.062275,true,true,219377889,219381976,4.087000,true,matched_request_response
run_2,20260711,146,before,146,unknown_did,0x2222,5,CDEA,2E2222CDEA,052E2222CDEA0000,7F2E31,negative,0x7F,0x31,false,false,false,2026-07-10T12:42:31.718804+02:00,2910677868172,2910680940225,3.072053,true,true,219402223,219406303,4.080000,true,matched_request_response
run_2,20260711,147,before,147,target_did_random_data,0x1234,6,67945F,2E123467945F,062E123467945F00,6E1234,positive,0x6E,,true,true,false,2026-07-10T12:42:31.743281+02:00,2910702345072,2910705328565,2.983493,true,true,219426681,219430760,4.079000,true,matched_request_response
run_2,20260711,148,before,148,target_did_random_data,0x1234,7,49C1ED96,2E123449C1ED96,072E123449C1ED96,6E1234,positive,0x6E,,true,true,false,2026-07-10T12:42:31.767629+02:00,2910726693113,2910729785211,3.092098,true,true,219451010,219455084,4.074000,true,matched_request_response
run_2,20260711,149,before,149,target_did_random_data,0x1234,7,370E3880,2E1234370E3880,072E1234370E3880,6E1234,positive,0x6E,,true,true,false,2026-07-10T12:42:31.792162+02:00,2910751226863,2910754171176,2.944313,true,true,219475517,219479594,4.077000,true,matched_request_response
run_2,20260711,150,before,150,unknown_did,0x3333,7,B47AC3CC,2E3333B47AC3CC,072E3333B47AC3CC,7F2E31,negative,0x7F,0x31,false,false,false,2026-07-10T12:42:31.816487+02:00,2910775551298,2910778613294,3.061996,true,true,219499810,219503885,4.075000,true,matched_request_response
run_2,20260711,151,before,151,target_did_random_data,0x1234,7,BDE8184C,2E1234BDE8184C,072E1234BDE8184C,6E1234,positive,0x6E,,true,true,false,2026-07-10T12:42:31.840983+02:00,2910800047544,2910802976910,2.929366,true,true,219524301,219528373,4.072000,true,matched_request_response
run_2,20260711,152,before,152,target_did_random_data,0x1234,4,D3,2E1234D3,042E1234D3000000,6E1234,positive,0x6E,,true,true,false,2026-07-10T12:42:31.865294+02:00,2910824358150,2910827401289,3.043139,true,true,219548644,219552731,4.087000,true,matched_request_response
run_2,20260711,153,before,153,target_did_random_data,0x1234,5,B281,2E1234B281,052E1234B2810000,6E1234,positive,0x6E,,true,true,false,2026-07-10T12:42:31.889773+02:00,2910848837424,2910851800943,2.963519,true,true,219573037,219577119,4.082000,true,matched_request_response
run_2,20260711,154,before,154,target_did_random_data,0x1234,7,241502EE,2E1234241502EE,072E1234241502EE,6E1234,positive,0x6E,,true,true,false,2026-07-10T12:42:31.914119+02:00,2910873183649,2910876217359,3.033710,true,true,219597356,219601433,4.077000,true,matched_request_response
run_2,20260711,155,before,155,unknown_did,0xF187,4,09,2EF18709,042EF18709000000,7F2E31,negative,0x7F,0x31,false,false,false,2026-07-10T12:42:31.938504+02:00,2910897567869,2910900661433,3.093564,true,true,219621715,219625806,4.091000,true,matched_request_response
run_2,20260711,156,before,156,target_did_random_data,0x1234,4,25,2E123425,042E123425000000,6E1234,positive,0x6E,,true,true,false,2026-07-10T12:42:31.962936+02:00,2910921998882,2910925043487,3.044605,true,true,219646152,219650239,4.087000,true,matched_request_response
run_2,20260711,157,before,157,target_did_random_data,0x1234,7,AA46B8F8,2E1234AA46B8F8,072E1234AA46B8F8,6E1234,positive,0x6E,,true,true,false,2026-07-10T12:42:31.987336+02:00,2910946400283,2910949477713,3.077430,true,true,219670504,219674577,4.073000,true,matched_request_response
run_2,20260711,158,before,158,target_did_random_data,0x1234,5,C889,2E1234C889,052E1234C8890000,6E1234,positive,0x6E,,true,true,false,2026-07-10T12:42:32.011729+02:00,2910970792743,2910973915641,3.122898,true,true,219694872,219698955,4.083000,true,matched_request_response
run_2,20260711,159,before,159,target_did_random_data,0x1234,6,00816B,2E123400816B,062E123400816B00,6E1234,positive,0x6E,,true,true,false,2026-07-10T12:42:32.036159+02:00,2910995221731,2910998283657,3.061926,true,true,219719270,219723350,4.080000,true,matched_request_response
run_2,20260711,160,before,160,target_did_random_data,0x1234,5,2315,2E12342315,052E123423150000,6E1234,positive,0x6E,,true,true,false,2026-07-10T12:42:32.060607+02:00,2911019672091,2911022703077,3.030986,true,true,219743711,219747793,4.082000,true,matched_request_response
run_2,20260711,161,before,161,target_did_random_data,0x1234,6,42AD20,2E123442AD20,062E123442AD2000,6E1234,positive,0x6E,,true,true,false,2026-07-10T12:42:32.084977+02:00,2911044041085,2911047132065,3.090980,true,true,219768055,219772133,4.078000,true,matched_request_response
run_2,20260711,162,before,162,target_did_random_data,0x1234,4,9B,2E12349B,042E12349B000000,6E1234,positive,0x6E,,true,true,false,2026-07-10T12:42:32.109412+02:00,2911068476149,2911071443230,2.967081,true,true,219792468,219796552,4.084000,true,matched_request_response
run_2,20260711,163,before,163,target_did_random_data,0x1234,7,9175B9F8,2E12349175B9F8,072E12349175B9F8,6E1234,positive,0x6E,,true,true,false,2026-07-10T12:42:32.133664+02:00,2911092727460,2911095105218,2.377758,true,true,219816684,219820759,4.075000,true,matched_request_response
run_2,20260711,164,before,164,missing_data,0x1234,3,,2E1234,032E123400000000,7F2E13,negative,0x7F,0x13,false,false,false,2026-07-10T12:42:32.157377+02:00,2911116441480,2911119398503,2.957023,true,true,219840396,219844484,4.088000,true,matched_request_response
run_2,20260711,165,before,165,unknown_did,0x2222,4,1C,2E22221C,042E22221C000000,7F2E31,negative,0x7F,0x31,false,false,false,2026-07-10T12:42:32.181732+02:00,2911140796854,2911143776647,2.979793,true,true,219864721,219868808,4.087000,true,matched_request_response
run_2,20260711,166,before,166,target_did_random_data,0x1234,5,2021,2E12342021,052E123420210000,6E1234,positive,0x6E,,true,true,false,2026-07-10T12:42:32.206105+02:00,2911165168433,2911168244327,3.075894,true,true,219889063,219893146,4.083000,true,matched_request_response
run_2,20260711,167,before,167,target_did_random_data,0x1234,6,077D41,2E1234077D41,062E1234077D4100,6E1234,positive,0x6E,,true,true,false,2026-07-10T12:42:32.230464+02:00,2911189527649,2911192615137,3.087488,true,true,219913402,219917483,4.081000,true,matched_request_response
run_2,20260711,168,before,168,target_did_random_data,0x1234,4,B0,2E1234B0,042E1234B0000000,6E1234,positive,0x6E,,true,true,false,2026-07-10T12:42:32.255152+02:00,2911214217076,2911217063820,2.846744,true,true,219938096,219942186,4.090000,true,matched_request_response
run_2,20260711,169,before,169,target_did_random_data,0x1234,4,CE,2E1234CE,042E1234CE000000,6E1234,positive,0x6E,,true,true,false,2026-07-10T12:42:32.279349+02:00,2911238412723,2911241466338,3.053615,true,true,219962260,219966344,4.084000,true,matched_request_response
run_2,20260711,170,before,170,target_did_random_data,0x1234,4,91,2E123491,042E123491000000,6E1234,positive,0x6E,,true,true,false,2026-07-10T12:42:32.303690+02:00,2911262754340,2911265900355,3.146015,true,true,219986575,219990661,4.086000,true,matched_request_response
run_2,20260711,171,before,171,missing_data,0x1234,3,,2E1234,032E123400000000,7F2E13,negative,0x7F,0x13,false,false,false,2026-07-10T12:42:32.328259+02:00,2911287322522,2911290311673,2.989151,true,true,220011125,220015219,4.094000,true,matched_request_response
run_2,20260711,172,before,172,target_did_random_data,0x1234,7,C9CC31E3,2E1234C9CC31E3,072E1234C9CC31E3,6E1234,positive,0x6E,,true,true,false,2026-07-10T12:42:32.352746+02:00,2911311809548,2911314696032,2.886484,true,true,220035580,220039654,4.074000,true,matched_request_response
run_2,20260711,173,before,173,target_did_random_data,0x1234,4,A7,2E1234A7,042E1234A7000000,6E1234,positive,0x6E,,true,true,false,2026-07-10T12:42:32.376988+02:00,2911336052269,2911339166506,3.114237,true,true,220059804,220063891,4.087000,true,matched_request_response
run_2,20260711,174,before,174,read_only_did,0x1001,5,13D0,2E100113D0,052E100113D00000,7F2E31,negative,0x7F,0x31,false,false,false,2026-07-10T12:42:32.401519+02:00,2911360583365,2911363640612,3.057247,true,true,220084324,220088409,4.085000,true,matched_request_response
run_2,20260711,175,before,175,target_did_random_data,0x1234,5,BA18,2E1234BA18,052E1234BA180000,6E1234,positive,0x6E,,true,true,false,2026-07-10T12:42:32.425908+02:00,2911384972474,2911387941580,2.969106,true,true,220108662,220112745,4.083000,true,matched_request_response
run_2,20260711,176,before,176,target_did_random_data,0x1234,7,8D2C46B5,2E12348D2C46B5,072E12348D2C46B5,6E1234,positive,0x6E,,true,true,false,2026-07-10T12:42:32.450253+02:00,2911409317861,2911412384327,3.066466,true,true,220132990,220137064,4.074000,true,matched_request_response
run_2,20260711,177,before,177,target_did_random_data,0x1234,7,FDBE50DF,2E1234FDBE50DF,072E1234FDBE50DF,6E1234,positive,0x6E,,true,true,false,2026-07-10T12:42:32.474703+02:00,2911433767033,2911436764565,2.997532,true,true,220157413,220161486,4.073000,true,matched_request_response
run_2,20260711,178,before,178,target_did_random_data,0x1234,5,A5E3,2E1234A5E3,052E1234A5E30000,6E1234,positive,0x6E,,true,true,false,2026-07-10T12:42:32.499013+02:00,2911458078129,2911461169248,3.091119,true,true,220181700,220185783,4.083000,true,matched_request_response
run_2,20260711,179,before,179,target_did_random_data,0x1234,4,EB,2E1234EB,042E1234EB000000,6E1234,positive,0x6E,,true,true,false,2026-07-10T12:42:32.523493+02:00,2911482557054,2911485621913,3.064859,true,true,220206163,220210250,4.087000,true,matched_request_response
run_2,20260711,180,before,180,target_did_random_data,0x1234,7,6FC5A079,2E12346FC5A079,072E12346FC5A079,6E1234,positive,0x6E,,true,true,false,2026-07-10T12:42:32.547878+02:00,2911506942530,2911509992723,3.050193,true,true,220230527,220234599,4.072000,true,matched_request_response
run_2,20260711,181,before,181,missing_data,0x1234,3,,2E1234,032E123400000000,7F2E13,negative,0x7F,0x13,false,false,false,2026-07-10T12:42:32.572302+02:00,2911531366071,2911534444758,3.078687,true,true,220255001,220259092,4.091000,true,matched_request_response
run_2,20260711,182,before,182,missing_data,0x1234,3,,2E1234,032E123400000000,7F2E13,negative,0x7F,0x13,false,false,false,2026-07-10T12:42:32.596708+02:00,2911555772081,2911558841759,3.069678,true,true,220279322,220283411,4.089000,true,matched_request_response
run_2,20260711,183,before,183,target_did_random_data,0x1234,7,3DC84EAF,2E12343DC84EAF,072E12343DC84EAF,6E1234,positive,0x6E,,true,true,false,2026-07-10T12:42:32.621116+02:00,2911580179837,2911583260131,3.080294,true,true,220303699,220307773,4.074000,true,matched_request_response
run_2,20260711,184,before,184,target_did_random_data,0x1234,4,CE,2E1234CE,042E1234CE000000,6E1234,positive,0x6E,,true,true,false,2026-07-10T12:42:32.645625+02:00,2911604688724,2911607682344,2.993620,true,true,220328207,220332291,4.084000,true,matched_request_response
run_2,20260711,185,before,185,target_did_random_data,0x1234,6,357BC8,2E1234357BC8,062E1234357BC800,6E1234,positive,0x6E,,true,true,false,2026-07-10T12:42:32.669998+02:00,2911629061699,2911632120133,3.058434,true,true,220352556,220356635,4.079000,true,matched_request_response
run_2,20260711,186,before,186,target_did_random_data,0x1234,7,23ADC035,2E123423ADC035,072E123423ADC035,6E1234,positive,0x6E,,true,true,false,2026-07-10T12:42:32.694405+02:00,2911653468617,2911656542206,3.073589,true,true,220376914,220380989,4.075000,true,matched_request_response
run_2,20260711,187,before,187,read_only_did,0x1001,5,89D0,2E100189D0,052E100189D00000,7F2E31,negative,0x7F,0x31,false,false,false,2026-07-10T12:42:32.718831+02:00,2911677894602,2911680963861,3.069259,true,true,220401354,220405439,4.085000,true,matched_request_response
run_2,20260711,188,before,188,target_did_random_data,0x1234,6,8A77A0,2E12348A77A0,062E12348A77A000,6E1234,positive,0x6E,,true,true,false,2026-07-10T12:42:32.743269+02:00,2911702333507,2911705314207,2.980700,true,true,220425749,220429828,4.079000,true,matched_request_response
run_2,20260711,189,before,189,target_did_random_data,0x1234,5,EBC6,2E1234EBC6,052E1234EBC60000,6E1234,positive,0x6E,,true,true,false,2026-07-10T12:42:32.767591+02:00,2911726655009,2911729752344,3.097335,true,true,220450056,220454139,4.083000,true,matched_request_response
run_2,20260711,190,before,190,target_did_random_data,0x1234,5,DD91,2E1234DD91,052E1234DD910000,6E1234,positive,0x6E,,true,true,false,2026-07-10T12:42:32.792062+02:00,2911751126181,2911754172183,3.046002,true,true,220474497,220478577,4.080000,true,matched_request_response
run_2,20260711,191,before,191,read_only_did,0x1001,4,70,2E100170,042E100170000000,7F2E31,negative,0x7F,0x31,false,false,false,2026-07-10T12:42:32.816445+02:00,2911775509074,2911778602847,3.093773,true,true,220498873,220502964,4.091000,true,matched_request_response
run_2,20260711,192,before,192,target_did_random_data,0x1234,7,71763990,2E123471763990,072E123471763990,6E1234,positive,0x6E,,true,true,false,2026-07-10T12:42:32.840909+02:00,2911799972563,2911803061797,3.089234,true,true,220523307,220527380,4.073000,true,matched_request_response
run_2,20260711,193,before,193,target_did_random_data,0x1234,4,AD,2E1234AD,042E1234AD000000,6E1234,positive,0x6E,,true,true,false,2026-07-10T12:42:32.865383+02:00,2911824447507,2911827385674,2.938167,true,true,220547757,220551844,4.087000,true,matched_request_response
run_2,20260711,194,before,194,target_did_random_data,0x1234,4,40,2E123440,042E123440000000,6E1234,positive,0x6E,,true,true,false,2026-07-10T12:42:32.889701+02:00,2911848766145,2911851759627,2.993482,true,true,220572071,220576158,4.087000,true,matched_request_response
run_2,20260711,195,before,195,target_did_random_data,0x1234,5,788F,2E1234788F,052E1234788F0000,6E1234,positive,0x6E,,true,true,false,2026-07-10T12:42:32.914108+02:00,2911873172435,2911876236037,3.063602,true,true,220596432,220600512,4.080000,true,matched_request_response
run_2,20260711,196,before,196,unknown_did,0x3333,5,9DD9,2E33339DD9,052E33339DD90000,7F2E31,negative,0x7F,0x31,false,false,false,2026-07-10T12:42:32.938546+02:00,2911897609455,2911900686397,3.076942,true,true,220620845,220624928,4.083000,true,matched_request_response
run_2,20260711,197,before,197,target_did_random_data,0x1234,6,AD1647,2E1234AD1647,062E1234AD164700,6E1234,positive,0x6E,,true,true,false,2026-07-10T12:42:32.962978+02:00,2911922042354,2911925054203,3.011849,true,true,220645249,220649325,4.076000,true,matched_request_response
run_2,20260711,198,before,198,target_did_random_data,0x1234,6,EB344C,2E1234EB344C,062E1234EB344C00,6E1234,positive,0x6E,,true,true,false,2026-07-10T12:42:32.987371+02:00,2911946434815,2911949460493,3.025678,true,true,220669618,220673697,4.079000,true,matched_request_response
run_2,20260711,199,before,199,target_did_random_data,0x1234,4,09,2E123409,042E123409000000,6E1234,positive,0x6E,,true,true,false,2026-07-10T12:42:33.011748+02:00,2911970812539,2911973861335,3.048796,true,true,220693981,220698072,4.091000,true,matched_request_response
run_2,20260711,200,before,200,target_did_random_data,0x1234,7,76C8418E,2E123476C8418E,072E123476C8418E,6E1234,positive,0x6E,,true,true,false,2026-07-10T12:42:33.036124+02:00,2911995187959,2911998327129,3.139170,true,true,220718342,220722414,4.072000,true,matched_request_response
run_2,20260711,201,before,201,target_did_random_data,0x1234,5,9064,2E12349064,052E123490640000,6E1234,positive,0x6E,,true,true,false,2026-07-10T12:42:33.060614+02:00,2912019677430,2912022727622,3.050192,true,true,220742792,220746874,4.082000,true,matched_request_response
run_2,20260711,202,before,202,missing_data,0x1234,3,,2E1234,032E123400000000,7F2E13,negative,0x7F,0x13,false,false,false,2026-07-10T12:42:33.084982+02:00,2912044046913,2912047172185,3.125272,true,true,220767164,220771255,4.091000,true,matched_request_response
run_2,20260711,203,before,203,target_did_random_data,0x1234,6,03C452,2E123403C452,062E123403C45200,6E1234,positive,0x6E,,true,true,false,2026-07-10T12:42:33.109737+02:00,2912068801642,2912071633161,2.831519,true,true,220791875,220795958,4.083000,true,matched_request_response
run_2,20260711,204,before,204,unknown_did,0x3333,5,838A,2E3333838A,052E3333838A0000,7F2E31,negative,0x7F,0x31,false,false,false,2026-07-10T12:42:33.134051+02:00,2912093116160,2912095983228,2.867068,true,true,220816180,220820262,4.082000,true,matched_request_response
run_2,20260711,205,before,205,target_did_random_data,0x1234,4,E8,2E1234E8,042E1234E8000000,6E1234,positive,0x6E,,true,true,false,2026-07-10T12:42:33.158341+02:00,2912117404277,2912120341117,2.936840,true,true,220840443,220844527,4.084000,true,matched_request_response
run_2,20260711,206,before,206,target_did_random_data,0x1234,4,36,2E123436,042E123436000000,6E1234,positive,0x6E,,true,true,false,2026-07-10T12:42:33.182613+02:00,2912141676751,2912144824302,3.147551,true,true,220864694,220868780,4.086000,true,matched_request_response
run_2,20260711,207,before,207,unknown_did,0x3333,4,69,2E333369,042E333369000000,7F2E31,negative,0x7F,0x31,false,false,false,2026-07-10T12:42:33.207095+02:00,2912166158120,2912169200281,3.042161,true,true,220889137,220893225,4.088000,true,matched_request_response
run_2,20260711,208,before,208,read_only_did,0x1001,5,E59C,2E1001E59C,052E1001E59C0000,7F2E31,negative,0x7F,0x31,false,false,false,2026-07-10T12:42:33.231471+02:00,2912190535286,2912193671593,3.136307,true,true,220913501,220917586,4.085000,true,matched_request_response
run_2,20260711,209,before,209,target_did_random_data,0x1234,4,5A,2E12345A,042E12345A000000,6E1234,positive,0x6E,,true,true,false,2026-07-10T12:42:33.256005+02:00,2912215069874,2912218036536,2.966662,true,true,220938022,220942109,4.087000,true,matched_request_response
run_2,20260711,210,before,210,target_did_random_data,0x1234,4,23,2E123423,042E123423000000,6E1234,positive,0x6E,,true,true,false,2026-07-10T12:42:33.280364+02:00,2912239427973,2912242460077,3.032104,true,true,220962345,220966429,4.084000,true,matched_request_response
run_2,20260711,211,before,211,target_did_random_data,0x1234,4,B4,2E1234B4,042E1234B4000000,6E1234,positive,0x6E,,true,true,false,2026-07-10T12:42:33.304726+02:00,2912263789913,2912266883128,3.093215,true,true,220986682,220990769,4.087000,true,matched_request_response
run_2,20260711,212,before,212,target_did_random_data,0x1234,5,0BA2,2E12340BA2,052E12340BA20000,6E1234,positive,0x6E,,true,true,false,2026-07-10T12:42:33.329248+02:00,2912288312210,2912291296681,2.984471,true,true,221011185,221015270,4.085000,true,matched_request_response
run_2,20260711,213,before,213,target_did_random_data,0x1234,4,4A,2E12344A,042E12344A000000,6E1234,positive,0x6E,,true,true,false,2026-07-10T12:42:33.353620+02:00,2912312683788,2912315680412,2.996624,true,true,221035535,221039621,4.086000,true,matched_request_response
run_2,20260711,214,before,214,target_did_random_data,0x1234,4,40,2E123440,042E123440000000,6E1234,positive,0x6E,,true,true,false,2026-07-10T12:42:33.377978+02:00,2912337042865,2912340192023,3.149158,true,true,221059883,221063970,4.087000,true,matched_request_response
run_2,20260711,215,before,215,missing_data,0x1234,3,,2E1234,032E123400000000,7F2E13,negative,0x7F,0x13,false,false,false,2026-07-10T12:42:33.402509+02:00,2912361573542,2912364543626,2.970084,true,true,221084385,221088474,4.089000,true,matched_request_response
run_2,20260711,216,before,216,target_did_random_data,0x1234,4,0A,2E12340A,042E12340A000000,6E1234,positive,0x6E,,true,true,false,2026-07-10T12:42:33.426860+02:00,2912385924238,2912388949008,3.024770,true,true,221108705,221112796,4.091000,true,matched_request_response
run_2,20260711,217,before,217,read_only_did,0x1001,4,29,2E100129,042E100129000000,7F2E31,negative,0x7F,0x31,false,false,false,2026-07-10T12:42:33.451294+02:00,2912410358674,2912413447139,3.088465,true,true,221133176,221137268,4.092000,true,matched_request_response
run_2,20260711,218,before,218,target_did_random_data,0x1234,6,6A0A4A,2E12346A0A4A,062E12346A0A4A00,6E1234,positive,0x6E,,true,true,false,2026-07-10T12:42:33.475747+02:00,2912434811198,2912437742870,2.931672,true,true,221157527,221161610,4.083000,true,matched_request_response
run_2,20260711,219,before,219,target_did_random_data,0x1234,7,341645FE,2E1234341645FE,072E1234341645FE,6E1234,positive,0x6E,,true,true,false,2026-07-10T12:42:33.500021+02:00,2912459085138,2912462203845,3.118707,true,true,221181781,221185856,4.075000,true,matched_request_response
run_2,20260711,220,before,220,target_did_random_data,0x1234,4,A6,2E1234A6,042E1234A6000000,6E1234,positive,0x6E,,true,true,false,2026-07-10T12:42:33.524542+02:00,2912483605968,2912486619843,3.013875,true,true,221206301,221210385,4.084000,true,matched_request_response
run_2,20260711,221,before,221,unknown_did,0x2222,4,E8,2E2222E8,042E2222E8000000,7F2E31,negative,0x7F,0x31,false,false,false,2026-07-10T12:42:33.548975+02:00,2912508038658,2912511046596,3.007938,true,true,221230712,221234799,4.087000,true,matched_request_response
run_2,20260711,222,before,222,target_did_random_data,0x1234,6,4224F0,2E12344224F0,062E12344224F000,6E1234,positive,0x6E,,true,true,false,2026-07-10T12:42:33.573383+02:00,2912532446973,2912535430397,2.983424,true,true,221255077,221259156,4.079000,true,matched_request_response
run_2,20260711,223,before,223,target_did_random_data,0x1234,4,A8,2E1234A8,042E1234A8000000,6E1234,positive,0x6E,,true,true,false,2026-07-10T12:42:33.597690+02:00,2912556753738,2912560029030,3.275292,true,true,221279373,221283458,4.085000,true,matched_request_response
run_2,20260711,224,before,224,target_did_random_data,0x1234,4,63,2E123463,042E123463000000,6E1234,positive,0x6E,,true,true,false,2026-07-10T12:42:33.622330+02:00,2912581393857,2912584262392,2.868535,true,true,221304021,221308107,4.086000,true,matched_request_response
run_2,20260711,225,before,225,unknown_did,0xF187,4,94,2EF18794,042EF18794000000,7F2E31,negative,0x7F,0x31,false,false,false,2026-07-10T12:42:33.646537+02:00,2912605600959,2912608685304,3.084345,true,true,221328186,221332271,4.085000,true,matched_request_response
run_2,20260711,226,before,226,unknown_did,0xF187,5,E92C,2EF187E92C,052EF187E92C0000,7F2E31,negative,0x7F,0x31,false,false,false,2026-07-10T12:42:33.671083+02:00,2912630148398,2912633083701,2.935303,true,true,221352710,221356793,4.083000,true,matched_request_response
run_2,20260711,227,before,227,target_did_random_data,0x1234,5,2075,2E12342075,052E123420750000,6E1234,positive,0x6E,,true,true,false,2026-07-10T12:42:33.695405+02:00,2912654468922,2912657596290,3.127368,true,true,221377009,221381091,4.082000,true,matched_request_response
run_2,20260711,228,before,228,target_did_random_data,0x1234,5,EB7D,2E1234EB7D,052E1234EB7D0000,6E1234,positive,0x6E,,true,true,false,2026-07-10T12:42:33.719908+02:00,2912678971663,2912681877773,2.906110,true,true,221401508,221405589,4.081000,true,matched_request_response
run_2,20260711,229,before,229,target_did_random_data,0x1234,7,9EB5BD26,2E12349EB5BD26,072E12349EB5BD26,6E1234,positive,0x6E,,true,true,false,2026-07-10T12:42:33.744174+02:00,2912703238549,2912706604216,3.365667,true,true,221425721,221429796,4.075000,true,matched_request_response
run_2,20260711,230,before,230,target_did_random_data,0x1234,4,61,2E123461,042E123461000000,6E1234,positive,0x6E,,true,true,false,2026-07-10T12:42:33.768914+02:00,2912727978193,2912730759914,2.781721,true,true,221450465,221454550,4.085000,true,matched_request_response
run_2,20260711,231,before,231,target_did_random_data,0x1234,4,43,2E123443,042E123443000000,6E1234,positive,0x6E,,true,true,false,2026-07-10T12:42:33.793115+02:00,2912752179497,2912755146648,2.967151,true,true,221474625,221478712,4.087000,true,matched_request_response
run_2,20260711,232,before,232,target_did_random_data,0x1234,6,B4E4F0,2E1234B4E4F0,062E1234B4E4F000,6E1234,positive,0x6E,,true,true,false,2026-07-10T12:42:33.817401+02:00,2912776464332,2912779628995,3.164663,true,true,221498878,221502957,4.079000,true,matched_request_response
run_2,20260711,233,before,233,target_did_random_data,0x1234,4,58,2E123458,042E123458000000,6E1234,positive,0x6E,,true,true,false,2026-07-10T12:42:33.841974+02:00,2912801038591,2912803920465,2.881874,true,true,221523441,221527525,4.084000,true,matched_request_response
run_2,20260711,234,before,234,target_did_random_data,0x1234,6,BF6D37,2E1234BF6D37,062E1234BF6D3700,6E1234,positive,0x6E,,true,true,false,2026-07-10T12:42:33.866174+02:00,2912825238010,2912827426915,2.188905,true,true,221547606,221551685,4.079000,true,matched_request_response
run_2,20260711,235,before,235,target_did_random_data,0x1234,6,97CACE,2E123497CACE,062E123497CACE00,6E1234,positive,0x6E,,true,true,false,2026-07-10T12:42:33.889729+02:00,2912848792371,2912851862189,3.069818,true,true,221571140,221575219,4.079000,true,matched_request_response
run_2,20260711,236,before,236,target_did_random_data,0x1234,6,1C12A2,2E12341C12A2,062E12341C12A200,6E1234,positive,0x6E,,true,true,false,2026-07-10T12:42:33.914168+02:00,2912873232115,2912876217495,2.985380,true,true,221595568,221599647,4.079000,true,matched_request_response
run_2,20260711,237,before,237,target_did_random_data,0x1234,5,DBCB,2E1234DBCB,052E1234DBCB0000,6E1234,positive,0x6E,,true,true,false,2026-07-10T12:42:33.938524+02:00,2912897587630,2912900686362,3.098732,true,true,221619898,221623981,4.083000,true,matched_request_response
run_2,20260711,238,before,238,target_did_random_data,0x1234,7,9E5A423B,2E12349E5A423B,072E12349E5A423B,6E1234,positive,0x6E,,true,true,false,2026-07-10T12:42:33.962987+02:00,2912922050840,2912925059547,3.008707,true,true,221644323,221648396,4.073000,true,matched_request_response
run_2,20260711,239,before,239,target_did_random_data,0x1234,4,CF,2E1234CF,042E1234CF000000,6E1234,positive,0x6E,,true,true,false,2026-07-10T12:42:33.987377+02:00,2912946443441,2912949532465,3.089024,true,true,221668728,221672815,4.087000,true,matched_request_response
run_2,20260711,240,before,240,target_did_random_data,0x1234,5,F191,2E1234F191,052E1234F1910000,6E1234,positive,0x6E,,true,true,false,2026-07-10T12:42:34.011870+02:00,2912970934798,2912973904882,2.970084,true,true,221693178,221697262,4.084000,true,matched_request_response
run_2,20260711,241,before,241,target_did_random_data,0x1234,7,0909C489,2E12340909C489,072E12340909C489,6E1234,positive,0x6E,,true,true,false,2026-07-10T12:42:34.036225+02:00,2912995289614,2912998289661,3.000047,true,true,221717510,221721591,4.081000,true,matched_request_response
run_2,20260711,242,before,242,unknown_did,0xF187,4,3E,2EF1873E,042EF1873E000000,7F2E31,negative,0x7F,0x31,false,false,false,2026-07-10T12:42:34.060531+02:00,2913019594983,2913022705798,3.110815,true,true,221741813,221745899,4.086000,true,matched_request_response
run_2,20260711,243,before,243,target_did_random_data,0x1234,6,8DB626,2E12348DB626,062E12348DB62600,6E1234,positive,0x6E,,true,true,false,2026-07-10T12:42:34.085009+02:00,2913044072860,2913047143726,3.070866,true,true,221766253,221770329,4.076000,true,matched_request_response
run_2,20260711,244,before,244,unknown_did,0x2222,5,A23D,2E2222A23D,052E2222A23D0000,7F2E31,negative,0x7F,0x31,false,false,false,2026-07-10T12:42:34.109465+02:00,2913068529157,2913071625794,3.096637,true,true,221790695,221794778,4.083000,true,matched_request_response
run_2,20260711,245,before,245,unknown_did,0x2222,4,97,2E222297,042E222297000000,7F2E31,negative,0x7F,0x31,false,false,false,2026-07-10T12:42:34.134054+02:00,2913093117384,2913095935283,2.817899,true,true,221815251,221819336,4.085000,true,matched_request_response
run_2,20260711,246,before,246,read_only_did,0x1001,6,F13DF3,2E1001F13DF3,062E1001F13DF300,7F2E31,negative,0x7F,0x31,false,false,false,2026-07-10T12:42:34.158178+02:00,2913117240466,2913119423575,2.183109,true,true,221839353,221843434,4.081000,true,matched_request_response
run_2,20260711,247,before,247,target_did_random_data,0x1234,6,1A4BBF,2E12341A4BBF,062E12341A4BBF00,6E1234,positive,0x6E,,true,true,false,2026-07-10T12:42:34.181720+02:00,2913140784212,2913143827979,3.043767,true,true,221862886,221866964,4.078000,true,matched_request_response
run_2,20260711,248,before,248,read_only_did,0x1001,6,EF2DA1,2E1001EF2DA1,062E1001EF2DA100,7F2E31,negative,0x7F,0x31,false,false,false,2026-07-10T12:42:34.206120+02:00,2913165183866,2913168193551,3.009685,true,true,221887251,221891332,4.081000,true,matched_request_response
run_2,20260711,249,before,249,target_did_random_data,0x1234,6,F9E7DE,2E1234F9E7DE,062E1234F9E7DE00,6E1234,positive,0x6E,,true,true,false,2026-07-10T12:42:34.230426+02:00,2913189490003,2913191625341,2.135338,true,true,221911540,221915619,4.079000,true,matched_request_response
run_2,20260711,250,before,250,target_did_random_data,0x1234,5,C810,2E1234C810,052E1234C8100000,6E1234,positive,0x6E,,true,true,false,2026-07-10T12:42:34.253852+02:00,2913212916345,2913215104273,2.187928,true,true,221934949,221939032,4.083000,true,matched_request_response
run_2,20260711,251,before,251,target_did_random_data,0x1234,6,63CE6D,2E123463CE6D,062E123463CE6D00,6E1234,positive,0x6E,,true,true,false,2026-07-10T12:42:34.277368+02:00,2913236432085,2913239549046,3.116961,true,true,221958427,221962504,4.077000,true,matched_request_response
run_2,20260711,252,before,252,target_did_random_data,0x1234,7,8A3BF35E,2E12348A3BF35E,072E12348A3BF35E,6E1234,positive,0x6E,,true,true,false,2026-07-10T12:42:34.301852+02:00,2913260916318,2913263921113,3.004795,true,true,221982898,221986972,4.074000,true,matched_request_response
run_2,20260711,253,before,253,target_did_random_data,0x1234,4,D3,2E1234D3,042E1234D3000000,6E1234,positive,0x6E,,true,true,false,2026-07-10T12:42:34.326240+02:00,2913285304099,2913288370076,3.065977,true,true,222007276,222011360,4.084000,true,matched_request_response
run_2,20260711,254,before,254,unknown_did,0x2222,7,B1537707,2E2222B1537707,072E2222B1537707,7F2E31,negative,0x7F,0x31,false,false,false,2026-07-10T12:42:34.350612+02:00,2913309674910,2913312766937,3.092027,true,true,222031614,222035693,4.079000,true,matched_request_response
run_2,20260711,255,before,255,unknown_did,0xF187,7,2B873D82,2EF1872B873D82,072EF1872B873D82,7F2E31,negative,0x7F,0x31,false,false,false,2026-07-10T12:42:34.375116+02:00,2913334179816,2913337156256,2.976440,true,true,222056084,222060159,4.075000,true,matched_request_response
run_2,20260711,256,before,256,target_did_random_data,0x1234,7,ABD60A42,2E1234ABD60A42,072E1234ABD60A42,6E1234,positive,0x6E,,true,true,false,2026-07-10T12:42:34.399492+02:00,2913358555864,2913361669124,3.113260,true,true,222080438,222084514,4.076000,true,matched_request_response
run_2,20260711,257,before,257,target_did_random_data,0x1234,6,41EB67,2E123441EB67,062E123441EB6700,6E1234,positive,0x6E,,true,true,false,2026-07-10T12:42:34.424017+02:00,2913383081513,2913385995445,2.913932,true,true,222104965,222109043,4.078000,true,matched_request_response
run_2,20260711,258,before,258,target_did_random_data,0x1234,4,44,2E123444,042E123444000000,6E1234,positive,0x6E,,true,true,false,2026-07-10T12:42:34.448287+02:00,2913407351402,2913410430369,3.078967,true,true,222129201,222133286,4.085000,true,matched_request_response
run_2,20260711,259,before,259,target_did_random_data,0x1234,7,DB0B4413,2E1234DB0B4413,072E1234DB0B4413,6E1234,positive,0x6E,,true,true,false,2026-07-10T12:42:34.472694+02:00,2913431757832,2913434860964,3.103132,true,true,222153579,222157658,4.079000,true,matched_request_response
run_2,20260711,260,before,260,target_did_random_data,0x1234,6,7CCDDE,2E12347CCDDE,062E12347CCDDE00,6E1234,positive,0x6E,,true,true,false,2026-07-10T12:42:34.497112+02:00,2913456176344,2913459304130,3.127786,true,true,222177987,222182066,4.079000,true,matched_request_response
run_2,20260711,261,before,261,target_did_random_data,0x1234,4,16,2E123416,042E123416000000,6E1234,positive,0x6E,,true,true,false,2026-07-10T12:42:34.521577+02:00,2913480640253,2913483663347,3.023094,true,true,222202425,222206510,4.085000,true,matched_request_response
run_2,20260711,262,before,262,target_did_random_data,0x1234,6,4D827E,2E12344D827E,062E12344D827E00,6E1234,positive,0x6E,,true,true,false,2026-07-10T12:42:34.545963+02:00,2913505028174,2913508082557,3.054383,true,true,222226791,222230870,4.079000,true,matched_request_response
run_2,20260711,263,before,263,unknown_did,0x2222,6,54E157,2E222254E157,062E222254E15700,7F2E31,negative,0x7F,0x31,false,false,false,2026-07-10T12:42:34.570324+02:00,2913529388368,2913532556803,3.168435,true,true,222251165,222255244,4.079000,true,matched_request_response
run_2,20260711,264,before,264,target_did_random_data,0x1234,6,CEBA70,2E1234CEBA70,062E1234CEBA7000,6E1234,positive,0x6E,,true,true,false,2026-07-10T12:42:34.594829+02:00,2913553892576,2913556928800,3.036224,true,true,222275605,222279683,4.078000,true,matched_request_response
run_2,20260711,265,before,265,target_did_random_data,0x1234,4,A6,2E1234A6,042E1234A6000000,6E1234,positive,0x6E,,true,true,false,2026-07-10T12:42:34.619257+02:00,2913578320377,2913581318188,2.997811,true,true,222300018,222304104,4.086000,true,matched_request_response
run_2,20260711,266,before,266,target_did_random_data,0x1234,7,614736D1,2E1234614736D1,072E1234614736D1,6E1234,positive,0x6E,,true,true,false,2026-07-10T12:42:34.643591+02:00,2913602655219,2913605730275,3.075056,true,true,222324313,222328385,4.072000,true,matched_request_response
run_2,20260711,267,before,267,target_did_random_data,0x1234,5,311F,2E1234311F,052E1234311F0000,6E1234,positive,0x6E,,true,true,false,2026-07-10T12:42:34.668005+02:00,2913627069540,2913630175606,3.106066,true,true,222348746,222352829,4.083000,true,matched_request_response
run_2,20260711,268,before,268,target_did_random_data,0x1234,7,D68663C6,2E1234D68663C6,072E1234D68663C6,6E1234,positive,0x6E,,true,true,false,2026-07-10T12:42:34.692462+02:00,2913651524999,2913654651109,3.126110,true,true,222373135,222377212,4.077000,true,matched_request_response
run_2,20260711,269,before,269,target_did_random_data,0x1234,6,A085CD,2E1234A085CD,062E1234A085CD00,6E1234,positive,0x6E,,true,true,false,2026-07-10T12:42:34.717016+02:00,2913676080679,2913678963043,2.882364,true,true,222397690,222401769,4.079000,true,matched_request_response
run_2,20260711,270,before,270,target_did_random_data,0x1234,4,16,2E123416,042E123416000000,6E1234,positive,0x6E,,true,true,false,2026-07-10T12:42:34.741319+02:00,2913700383324,2913703395872,3.012548,true,true,222422008,222426095,4.087000,true,matched_request_response
run_2,20260711,271,before,271,target_did_random_data,0x1234,6,92E24B,2E123492E24B,062E123492E24B00,6E1234,positive,0x6E,,true,true,false,2026-07-10T12:42:34.765734+02:00,2913724799252,2913727858664,3.059412,true,true,222446354,222450431,4.077000,true,matched_request_response
run_2,20260711,272,before,272,unknown_did,0xF187,4,FE,2EF187FE,042EF187FE000000,7F2E31,negative,0x7F,0x31,false,false,false,2026-07-10T12:42:34.790176+02:00,2913749239694,2913752293658,3.053964,true,true,222470802,222474889,4.087000,true,matched_request_response
run_2,20260711,273,before,273,target_did_random_data,0x1234,6,AC6B48,2E1234AC6B48,062E1234AC6B4800,6E1234,positive,0x6E,,true,true,false,2026-07-10T12:42:34.814632+02:00,2913773696549,2913776645472,2.948923,true,true,222495209,222499286,4.077000,true,matched_request_response
run_2,20260711,274,before,274,target_did_random_data,0x1234,7,3D0F5060,2E12343D0F5060,072E12343D0F5060,6E1234,positive,0x6E,,true,true,false,2026-07-10T12:42:34.838986+02:00,2913798049410,2913801058746,3.009336,true,true,222519540,222523619,4.079000,true,matched_request_response
run_2,20260711,275,before,275,target_did_random_data,0x1234,4,C3,2E1234C3,042E1234C3000000,6E1234,positive,0x6E,,true,true,false,2026-07-10T12:42:34.863358+02:00,2913822422456,2913825467969,3.045513,true,true,222543903,222547989,4.086000,true,matched_request_response
run_2,20260711,276,before,276,unknown_did,0xF187,7,465465A5,2EF187465465A5,072EF187465465A5,7F2E31,negative,0x7F,0x31,false,false,false,2026-07-10T12:42:34.887743+02:00,2913846806326,2913849917630,3.111304,true,true,222568237,222572310,4.073000,true,matched_request_response
run_2,20260711,277,before,277,target_did_random_data,0x1234,5,FCE6,2E1234FCE6,052E1234FCE60000,6E1234,positive,0x6E,,true,true,false,2026-07-10T12:42:34.912289+02:00,2913871353626,2913874311767,2.958141,true,true,222592789,222596871,4.082000,true,matched_request_response
run_2,20260711,278,before,278,target_did_random_data,0x1234,6,5BD29B,2E12345BD29B,062E12345BD29B00,6E1234,positive,0x6E,,true,true,false,2026-07-10T12:42:34.936609+02:00,2913895672684,2913898749137,3.076453,true,true,222617077,222621156,4.079000,true,matched_request_response
run_2,20260711,279,before,279,target_did_random_data,0x1234,5,73AA,2E123473AA,052E123473AA0000,6E1234,positive,0x6E,,true,true,false,2026-07-10T12:42:34.961344+02:00,2913920407927,2913923174493,2.766566,true,true,222641795,222645878,4.083000,true,matched_request_response
run_2,20260711,280,before,280,target_did_random_data,0x1234,4,B2,2E1234B2,042E1234B2000000,6E1234,positive,0x6E,,true,true,false,2026-07-10T12:42:34.985490+02:00,2913944553638,2913947490897,2.937259,true,true,222665914,222670001,4.087000,true,matched_request_response
run_2,20260711,281,before,281,target_did_random_data,0x1234,4,34,2E123434,042E123434000000,6E1234,positive,0x6E,,true,true,false,2026-07-10T12:42:35.009699+02:00,2913968762206,2913970930509,2.168303,true,true,222690104,222694194,4.090000,true,matched_request_response
run_2,20260711,282,before,282,target_did_random_data,0x1234,5,0225,2E12340225,052E123402250000,6E1234,positive,0x6E,,true,true,false,2026-07-10T12:42:35.033194+02:00,2913992257203,2913994387372,2.130169,true,true,222713568,222717655,4.087000,true,matched_request_response
run_2,20260711,283,before,283,target_did_random_data,0x1234,7,C235C3A2,2E1234C235C3A2,072E1234C235C3A2,6E1234,positive,0x6E,,true,true,false,2026-07-10T12:42:35.056663+02:00,2914015726288,2914018818875,3.092587,true,true,222736991,222741066,4.075000,true,matched_request_response
run_2,20260711,284,before,284,target_did_random_data,0x1234,7,201DD8E8,2E1234201DD8E8,072E1234201DD8E8,6E1234,positive,0x6E,,true,true,false,2026-07-10T12:42:35.081118+02:00,2914040182864,2914043263857,3.080993,true,true,222761437,222765509,4.072000,true,matched_request_response
run_2,20260711,285,before,285,unknown_did,0x3333,4,93,2E333393,042E333393000000,7F2E31,negative,0x7F,0x31,false,false,false,2026-07-10T12:42:35.105531+02:00,2914064594392,2914067674686,3.080294,true,true,222785836,222789923,4.087000,true,matched_request_response
run_2,20260711,286,before,286,unknown_did,0xF187,5,A259,2EF187A259,052EF187A2590000,7F2E31,negative,0x7F,0x31,false,false,false,2026-07-10T12:42:35.129968+02:00,2914089031412,2914092111217,3.079805,true,true,222810249,222814329,4.080000,true,matched_request_response
run_2,20260711,287,before,287,target_did_random_data,0x1234,4,5C,2E12345C,042E12345C000000,6E1234,positive,0x6E,,true,true,false,2026-07-10T12:42:35.154403+02:00,2914113467385,2914116517577,3.050192,true,true,222834673,222838760,4.087000,true,matched_request_response
run_2,20260711,288,before,288,read_only_did,0x1001,5,9C57,2E10019C57,052E10019C570000,7F2E31,negative,0x7F,0x31,false,false,false,2026-07-10T12:42:35.178819+02:00,2914137883382,2914140902076,3.018694,true,true,222859055,222863142,4.087000,true,matched_request_response
run_2,20260711,289,before,289,target_did_random_data,0x1234,7,A096025D,2E1234A096025D,072E1234A096025D,6E1234,positive,0x6E,,true,true,false,2026-07-10T12:42:35.203234+02:00,2914162298333,2914165308506,3.010173,true,true,222883437,222887514,4.077000,true,matched_request_response
run_2,20260711,290,before,290,target_did_random_data,0x1234,6,71ED86,2E123471ED86,062E123471ED8600,6E1234,positive,0x6E,,true,true,false,2026-07-10T12:42:35.227600+02:00,2914186664603,2914189717310,3.052707,true,true,222907773,222911852,4.079000,true,matched_request_response
run_2,20260711,291,before,291,target_did_random_data,0x1234,7,ED3B8CA3,2E1234ED3B8CA3,072E1234ED3B8CA3,6E1234,positive,0x6E,,true,true,false,2026-07-10T12:42:35.252019+02:00,2914211083465,2914214140711,3.057246,true,true,222932164,222936239,4.075000,true,matched_request_response
run_2,20260711,292,before,292,target_did_random_data,0x1234,4,F0,2E1234F0,042E1234F0000000,6E1234,positive,0x6E,,true,true,false,2026-07-10T12:42:35.276570+02:00,2914235633419,2914238663357,3.029938,true,true,222956718,222960805,4.087000,true,matched_request_response
run_2,20260711,293,before,293,target_did_random_data,0x1234,4,2C,2E12342C,042E12342C000000,6E1234,positive,0x6E,,true,true,false,2026-07-10T12:42:35.301016+02:00,2914260081893,2914262976478,2.894585,true,true,222981150,222985237,4.087000,true,matched_request_response
run_2,20260711,294,before,294,target_did_random_data,0x1234,4,7E,2E12347E,042E12347E000000,6E1234,positive,0x6E,,true,true,false,2026-07-10T12:42:35.325358+02:00,2914284422392,2914287387168,2.964776,true,true,223005462,223009547,4.085000,true,matched_request_response
run_2,20260711,295,before,295,target_did_random_data,0x1234,5,16C6,2E123416C6,052E123416C60000,6E1234,positive,0x6E,,true,true,false,2026-07-10T12:42:35.349660+02:00,2914308724897,2914311820417,3.095520,true,true,223029735,223033818,4.083000,true,matched_request_response
run_2,20260711,296,before,296,target_did_random_data,0x1234,5,FFAC,2E1234FFAC,052E1234FFAC0000,6E1234,positive,0x6E,,true,true,false,2026-07-10T12:42:35.374159+02:00,2914333222889,2914336196186,2.973297,true,true,223054212,223058292,4.080000,true,matched_request_response
run_2,20260711,297,before,297,target_did_random_data,0x1234,4,DB,2E1234DB,042E1234DB000000,6E1234,positive,0x6E,,true,true,false,2026-07-10T12:42:35.398464+02:00,2914357528677,2914360642775,3.114098,true,true,223078484,223082568,4.084000,true,matched_request_response
run_2,20260711,298,before,298,target_did_random_data,0x1234,6,B466C4,2E1234B466C4,062E1234B466C400,6E1234,positive,0x6E,,true,true,false,2026-07-10T12:42:35.422995+02:00,2914382059425,2914385059122,2.999697,true,true,223102981,223107060,4.079000,true,matched_request_response
run_2,20260711,299,before,299,missing_data,0x1234,3,,2E1234,032E123400000000,7F2E13,negative,0x7F,0x13,false,false,false,2026-07-10T12:42:35.447362+02:00,2914406426184,2914409536440,3.110256,true,true,223127342,223131430,4.088000,true,matched_request_response
run_2,20260711,300,before,300,target_did_random_data,0x1234,7,6D602529,2E12346D602529,072E12346D602529,6E1234,positive,0x6E,,true,true,false,2026-07-10T12:42:35.471868+02:00,2914430930951,2914433874216,2.943265,true,true,223151797,223155871,4.074000,true,matched_request_response
run_2,20260711,301,before,301,unknown_did,0xF187,4,46,2EF18746,042EF18746000000,7F2E31,negative,0x7F,0x31,false,false,false,2026-07-10T12:42:35.496194+02:00,2914455258599,2914458325204,3.066605,true,true,223176116,223180206,4.090000,true,matched_request_response
run_2,20260711,302,before,302,target_did_random_data,0x1234,4,90,2E123490,042E123490000000,6E1234,positive,0x6E,,true,true,false,2026-07-10T12:42:35.520622+02:00,2914479686260,2914482679043,2.992783,true,true,223200527,223204614,4.087000,true,matched_request_response
run_2,20260711,303,before,303,target_did_random_data,0x1234,5,DDE6,2E1234DDE6,052E1234DDE60000,6E1234,positive,0x6E,,true,true,false,2026-07-10T12:42:35.544986+02:00,2914504050086,2914507155733,3.105647,true,true,223224854,223228936,4.082000,true,matched_request_response
run_2,20260711,304,before,304,target_did_random_data,0x1234,4,73,2E123473,042E123473000000,6E1234,positive,0x6E,,true,true,false,2026-07-10T12:42:35.569531+02:00,2914528594872,2914531562023,2.967151,true,true,223249381,223253466,4.085000,true,matched_request_response
run_2,20260711,305,before,305,unknown_did,0xF187,5,C4B7,2EF187C4B7,052EF187C4B70000,7F2E31,negative,0x7F,0x31,false,false,false,2026-07-10T12:42:35.593914+02:00,2914552978394,2914555944567,2.966173,true,true,223273759,223277842,4.083000,true,matched_request_response
run_2,20260711,306,before,306,target_did_random_data,0x1234,5,9FC7,2E12349FC7,052E12349FC70000,6E1234,positive,0x6E,,true,true,false,2026-07-10T12:42:35.618272+02:00,2914577336493,2914580346736,3.010243,true,true,223298080,223302163,4.083000,true,matched_request_response
run_2,20260711,307,before,307,missing_data,0x1234,3,,2E1234,032E123400000000,7F2E13,negative,0x7F,0x13,false,false,false,2026-07-10T12:42:35.642609+02:00,2914601673151,2914604782778,3.109627,true,true,223322396,223326485,4.089000,true,matched_request_response
run_2,20260711,308,before,308,missing_data,0x1234,3,,2E1234,032E123400000000,7F2E13,negative,0x7F,0x13,false,false,false,2026-07-10T12:42:35.667064+02:00,2914626128749,2914629229995,3.101246,true,true,223346840,223350931,4.091000,true,matched_request_response
run_2,20260711,309,before,309,read_only_did,0x1001,4,48,2E100148,042E100148000000,7F2E31,negative,0x7F,0x31,false,false,false,2026-07-10T12:42:35.691514+02:00,2914650579039,2914653646412,3.067373,true,true,223371268,223375357,4.089000,true,matched_request_response
run_2,20260711,310,before,310,target_did_random_data,0x1234,6,0E4F72,2E12340E4F72,062E12340E4F7200,6E1234,positive,0x6E,,true,true,false,2026-07-10T12:42:35.716013+02:00,2914675078008,2914678059058,2.981050,true,true,223395740,223399823,4.083000,true,matched_request_response
run_2,20260711,311,before,311,target_did_random_data,0x1234,5,E3FE,2E1234E3FE,052E1234E3FE0000,6E1234,positive,0x6E,,true,true,false,2026-07-10T12:42:35.740338+02:00,2914699402374,2914702419182,3.016808,true,true,223420062,223424144,4.082000,true,matched_request_response
run_2,20260711,312,before,312,target_did_random_data,0x1234,7,A249F1D8,2E1234A249F1D8,072E1234A249F1D8,6E1234,positive,0x6E,,true,true,false,2026-07-10T12:42:35.764724+02:00,2914723788340,2914726829453,3.041113,true,true,223444390,223448462,4.072000,true,matched_request_response
run_2,20260711,313,before,313,target_did_random_data,0x1234,7,E312A928,2E1234E312A928,072E1234E312A928,6E1234,positive,0x6E,,true,true,false,2026-07-10T12:42:35.789145+02:00,2914748209646,2914751281210,3.071564,true,true,223468789,223472864,4.075000,true,matched_request_response
run_2,20260711,314,before,314,target_did_random_data,0x1234,6,2549DA,2E12342549DA,062E12342549DA00,6E1234,positive,0x6E,,true,true,false,2026-07-10T12:42:35.813594+02:00,2914772657980,2914775723398,3.065418,true,true,223493212,223497289,4.077000,true,matched_request_response
run_2,20260711,315,before,315,target_did_random_data,0x1234,7,6BC0F466,2E12346BC0F466,072E12346BC0F466,6E1234,positive,0x6E,,true,true,false,2026-07-10T12:42:35.838058+02:00,2914797121820,2914800106920,2.985100,true,true,223517650,223521724,4.074000,true,matched_request_response
run_2,20260711,316,before,316,target_did_random_data,0x1234,5,FBE1,2E1234FBE1,052E1234FBE10000,6E1234,positive,0x6E,,true,true,false,2026-07-10T12:42:35.862458+02:00,2914821522592,2914824502245,2.979653,true,true,223542053,223546136,4.083000,true,matched_request_response
run_2,20260711,317,before,317,target_did_random_data,0x1234,6,6F4E79,2E12346F4E79,062E12346F4E7900,6E1234,positive,0x6E,,true,true,false,2026-07-10T12:42:35.886798+02:00,2914845862463,2914848950020,3.087557,true,true,223566347,223570424,4.077000,true,matched_request_response
run_2,20260711,318,before,318,target_did_random_data,0x1234,4,60,2E123460,042E123460000000,6E1234,positive,0x6E,,true,true,false,2026-07-10T12:42:35.911331+02:00,2914870394956,2914873330050,2.935094,true,true,223590886,223594972,4.086000,true,matched_request_response
run_2,20260711,319,before,319,unknown_did,0xF187,6,C7C3D6,2EF187C7C3D6,062EF187C7C3D600,7F2E31,negative,0x7F,0x31,false,false,false,2026-07-10T12:42:35.935632+02:00,2914894695785,2914897819591,3.123806,true,true,223615144,223619223,4.079000,true,matched_request_response
run_2,20260711,320,before,320,target_did_random_data,0x1234,6,95D6BA,2E123495D6BA,062E123495D6BA00,6E1234,positive,0x6E,,true,true,false,2026-07-10T12:42:35.960149+02:00,2914919213193,2914922200458,2.987265,true,true,223639612,223643690,4.078000,true,matched_request_response
run_2,20260711,321,before,321,target_did_random_data,0x1234,6,A3FE4E,2E1234A3FE4E,062E1234A3FE4E00,6E1234,positive,0x6E,,true,true,false,2026-07-10T12:42:35.984465+02:00,2914943527781,2914946680641,3.152860,true,true,223663907,223667986,4.079000,true,matched_request_response
run_2,20260711,322,before,322,target_did_random_data,0x1234,6,1C1BA2,2E12341C1BA2,062E12341C1BA200,6E1234,positive,0x6E,,true,true,false,2026-07-10T12:42:36.008982+02:00,2914968047075,2914971043280,2.996205,true,true,223688413,223692490,4.077000,true,matched_request_response
run_2,20260711,323,before,323,target_did_random_data,0x1234,7,443937F8,2E1234443937F8,072E1234443937F8,6E1234,positive,0x6E,,true,true,false,2026-07-10T12:42:36.033400+02:00,2914992463352,2914995444960,2.981608,true,true,223712789,223716863,4.074000,true,matched_request_response
run_2,20260711,324,before,324,target_did_random_data,0x1234,7,3F9745F0,2E12343F9745F0,072E12343F9745F0,6E1234,positive,0x6E,,true,true,false,2026-07-10T12:42:36.057758+02:00,2915016822429,2915019842101,3.019672,true,true,223737130,223741208,4.078000,true,matched_request_response
run_2,20260711,325,before,325,target_did_random_data,0x1234,6,63BAC9,2E123463BAC9,062E123463BAC900,6E1234,positive,0x6E,,true,true,false,2026-07-10T12:42:36.082175+02:00,2915041237659,2915044247553,3.009894,true,true,223761518,223765594,4.076000,true,matched_request_response
run_2,20260711,326,before,326,target_did_random_data,0x1234,5,C7E3,2E1234C7E3,052E1234C7E30000,6E1234,positive,0x6E,,true,true,false,2026-07-10T12:42:36.106634+02:00,2915065698705,2915068647278,2.948573,true,true,223785946,223790029,4.083000,true,matched_request_response
run_2,20260711,327,before,327,target_did_random_data,0x1234,7,DC38E245,2E1234DC38E245,072E1234DC38E245,6E1234,positive,0x6E,,true,true,false,2026-07-10T12:42:36.131019+02:00,2915090083693,2915093109581,3.025888,true,true,223810287,223814360,4.073000,true,matched_request_response
run_2,20260711,328,before,328,target_did_random_data,0x1234,6,7F024E,2E12347F024E,062E12347F024E00,6E1234,positive,0x6E,,true,true,false,2026-07-10T12:42:36.155438+02:00,2915114502485,2915117512448,3.009963,true,true,223834709,223838792,4.083000,true,matched_request_response
run_2,20260711,329,before,329,target_did_random_data,0x1234,5,1E37,2E12341E37,052E12341E370000,6E1234,positive,0x6E,,true,true,false,2026-07-10T12:42:36.179876+02:00,2915138940064,2915141876275,2.936211,true,true,223859116,223863201,4.085000,true,matched_request_response
run_2,20260711,330,before,330,target_did_random_data,0x1234,6,018B9B,2E1234018B9B,062E1234018B9B00,6E1234,positive,0x6E,,true,true,false,2026-07-10T12:42:36.204075+02:00,2915163138854,2915165248909,2.110055,true,true,223883275,223887356,4.081000,true,matched_request_response
run_2,20260711,331,before,331,unknown_did,0x3333,4,EA,2E3333EA,042E3333EA000000,7F2E31,negative,0x7F,0x31,false,false,false,2026-07-10T12:42:36.227507+02:00,2915186570435,2915188755918,2.185483,true,true,223906707,223910793,4.086000,true,matched_request_response
run_2,20260711,332,before,332,unknown_did,0xF187,4,AC,2EF187AC,042EF187AC000000,7F2E31,negative,0x7F,0x31,false,false,false,2026-07-10T12:42:36.251032+02:00,2915210096720,2915213206488,3.109768,true,true,223930216,223934301,4.085000,true,matched_request_response
run_2,20260711,333,before,333,target_did_random_data,0x1234,4,EA,2E1234EA,042E1234EA000000,6E1234,positive,0x6E,,true,true,false,2026-07-10T12:42:36.275525+02:00,2915234589474,2915237644207,3.054733,true,true,223954678,223958765,4.087000,true,matched_request_response
run_2,20260711,334,before,334,target_did_random_data,0x1234,4,BB,2E1234BB,042E1234BB000000,6E1234,positive,0x6E,,true,true,false,2026-07-10T12:42:36.300027+02:00,2915259091866,2915262026960,2.935094,true,true,223979167,223983254,4.087000,true,matched_request_response
run_2,20260711,335,before,335,target_did_random_data,0x1234,4,66,2E123466,042E123466000000,6E1234,positive,0x6E,,true,true,false,2026-07-10T12:42:36.324513+02:00,2915283576589,2915286372767,2.796178,true,true,224003609,224007696,4.087000,true,matched_request_response
run_2,20260711,336,before,336,target_did_random_data,0x1234,5,459B,2E1234459B,052E1234459B0000,6E1234,positive,0x6E,,true,true,false,2026-07-10T12:42:36.348659+02:00,2915307723347,2915310850785,3.127438,true,true,224027721,224031804,4.083000,true,matched_request_response
run_2,20260711,337,before,337,target_did_random_data,0x1234,4,CF,2E1234CF,042E1234CF000000,6E1234,positive,0x6E,,true,true,false,2026-07-10T12:42:36.373323+02:00,2915332387283,2915335265735,2.878452,true,true,224052405,224056490,4.085000,true,matched_request_response
run_2,20260711,338,before,338,target_did_random_data,0x1234,7,23FEEE86,2E123423FEEE86,072E123423FEEE86,6E1234,positive,0x6E,,true,true,false,2026-07-10T12:42:36.397577+02:00,2915356641597,2915359679917,3.038320,true,true,224076569,224080644,4.075000,true,matched_request_response
run_2,20260711,339,before,339,target_did_random_data,0x1234,4,33,2E123433,042E123433000000,6E1234,positive,0x6E,,true,true,false,2026-07-10T12:42:36.422021+02:00,2915381085113,2915384083064,2.997951,true,true,224101007,224105094,4.087000,true,matched_request_response
run_2,20260711,340,before,340,target_did_random_data,0x1234,5,1AE7,2E12341AE7,052E12341AE70000,6E1234,positive,0x6E,,true,true,false,2026-07-10T12:42:36.446403+02:00,2915405467517,2915408528396,3.060879,true,true,224125352,224129433,4.081000,true,matched_request_response
run_2,20260711,341,before,341,missing_data,0x1234,3,,2E1234,032E123400000000,7F2E13,negative,0x7F,0x13,false,false,false,2026-07-10T12:42:36.470890+02:00,2915429954614,2915432930355,2.975741,true,true,224149827,224153918,4.091000,true,matched_request_response
run_2,20260711,342,before,342,target_did_random_data,0x1234,5,DC7B,2E1234DC7B,052E1234DC7B0000,6E1234,positive,0x6E,,true,true,false,2026-07-10T12:42:36.495319+02:00,2915454382904,2915457335528,2.952624,true,true,224174261,224178342,4.081000,true,matched_request_response
run_2,20260711,343,before,343,target_did_random_data,0x1234,5,A28A,2E1234A28A,052E1234A28A0000,6E1234,positive,0x6E,,true,true,false,2026-07-10T12:42:36.519614+02:00,2915478678146,2915481686084,3.007938,true,true,224198478,224202557,4.079000,true,matched_request_response
run_2,20260711,344,before,344,unknown_did,0x3333,5,0905,2E33330905,052E333309050000,7F2E31,negative,0x7F,0x31,false,false,false,2026-07-10T12:42:36.543966+02:00,2915503030937,2915506150203,3.119266,true,true,224222813,224226905,4.092000,true,matched_request_response
run_2,20260711,345,before,345,target_did_random_data,0x1234,4,0F,2E12340F,042E12340F000000,6E1234,positive,0x6E,,true,true,false,2026-07-10T12:42:36.568462+02:00,2915527526485,2915530664748,3.138263,true,true,224247299,224251387,4.088000,true,matched_request_response
run_2,20260711,346,before,346,read_only_did,0x1001,4,1E,2E10011E,042E10011E000000,7F2E31,negative,0x7F,0x31,false,false,false,2026-07-10T12:42:36.592975+02:00,2915552039283,2915555058117,3.018834,true,true,224271787,224275878,4.091000,true,matched_request_response
run_2,20260711,347,before,347,target_did_random_data,0x1234,7,69F5AC0A,2E123469F5AC0A,072E123469F5AC0A,6E1234,positive,0x6E,,true,true,false,2026-07-10T12:42:36.617378+02:00,2915576441732,2915579417683,2.975951,true,true,224296151,224300231,4.080000,true,matched_request_response
run_2,20260711,348,before,348,target_did_random_data,0x1234,5,D4CC,2E1234D4CC,052E1234D4CC0000,6E1234,positive,0x6E,,true,true,false,2026-07-10T12:42:36.641664+02:00,2915600727964,2915603792195,3.064231,true,true,224320400,224324481,4.081000,true,matched_request_response
run_2,20260711,349,before,349,target_did_random_data,0x1234,4,37,2E123437,042E123437000000,6E1234,positive,0x6E,,true,true,false,2026-07-10T12:42:36.666125+02:00,2915625189499,2915628219368,3.029869,true,true,224344847,224348934,4.087000,true,matched_request_response
run_2,20260711,350,before,350,target_did_random_data,0x1234,7,0923C865,2E12340923C865,072E12340923C865,6E1234,positive,0x6E,,true,true,false,2026-07-10T12:42:36.690509+02:00,2915649573160,2915652612807,3.039647,true,true,224369198,224373274,4.076000,true,matched_request_response
run_2,20260711,351,before,351,target_did_random_data,0x1234,7,2E73DF10,2E12342E73DF10,072E12342E73DF10,6E1234,positive,0x6E,,true,true,false,2026-07-10T12:42:36.714981+02:00,2915674045101,2915677057510,3.012409,true,true,224393640,224397714,4.074000,true,matched_request_response
run_2,20260711,352,before,352,missing_data,0x1234,3,,2E1234,032E123400000000,7F2E13,negative,0x7F,0x13,false,false,false,2026-07-10T12:42:36.739419+02:00,2915698483938,2915701441450,2.957512,true,true,224418083,224422173,4.090000,true,matched_request_response
run_2,20260711,353,before,353,target_did_random_data,0x1234,4,A4,2E1234A4,042E1234A4000000,6E1234,positive,0x6E,,true,true,false,2026-07-10T12:42:36.763728+02:00,2915722792449,2915725857448,3.064999,true,true,224442334,224446419,4.085000,true,matched_request_response
run_2,20260711,354,before,354,read_only_did,0x1001,6,2043FC,2E10012043FC,062E10012043FC00,7F2E31,negative,0x7F,0x31,false,false,false,2026-07-10T12:42:36.788221+02:00,2915747285343,2915750322894,3.037551,true,true,224466813,224470897,4.084000,true,matched_request_response
run_2,20260711,355,before,355,target_did_random_data,0x1234,4,58,2E123458,042E123458000000,6E1234,positive,0x6E,,true,true,false,2026-07-10T12:42:36.812696+02:00,2915771760217,2915774700898,2.940681,true,true,224491257,224495340,4.083000,true,matched_request_response
run_2,20260711,356,before,356,target_did_random_data,0x1234,5,9DF0,2E12349DF0,052E12349DF00000,6E1234,positive,0x6E,,true,true,false,2026-07-10T12:42:36.836990+02:00,2915796054132,2915799159779,3.105647,true,true,224515521,224519601,4.080000,true,matched_request_response
run_2,20260711,357,before,357,target_did_random_data,0x1234,7,5D992E83,2E12345D992E83,072E12345D992E83,6E1234,positive,0x6E,,true,true,false,2026-07-10T12:42:36.861475+02:00,2915820540111,2915823537923,2.997812,true,true,224539969,224544044,4.075000,true,matched_request_response
run_2,20260711,358,before,358,missing_data,0x1234,3,,2E1234,032E123400000000,7F2E13,negative,0x7F,0x13,false,false,false,2026-07-10T12:42:36.885840+02:00,2915844904077,2915847930454,3.026377,true,true,224564325,224568413,4.088000,true,matched_request_response
run_2,20260711,359,before,359,target_did_random_data,0x1234,4,23,2E123423,042E123423000000,6E1234,positive,0x6E,,true,true,false,2026-07-10T12:42:36.910259+02:00,2915869322869,2915872402325,3.079456,true,true,224588707,224592793,4.086000,true,matched_request_response
run_2,20260711,360,before,360,unknown_did,0x3333,4,B2,2E3333B2,042E3333B2000000,7F2E31,negative,0x7F,0x31,false,false,false,2026-07-10T12:42:36.934703+02:00,2915893766594,2915896801422,3.034828,true,true,224613122,224617212,4.090000,true,matched_request_response
run_2,20260711,361,before,361,target_did_random_data,0x1234,6,96E3D4,2E123496E3D4,062E123496E3D400,6E1234,positive,0x6E,,true,true,false,2026-07-10T12:42:36.959140+02:00,2915918205361,2915921195000,2.989639,true,true,224637539,224641617,4.078000,true,matched_request_response
run_2,20260711,362,before,362,target_did_random_data,0x1234,4,A8,2E1234A8,042E1234A8000000,6E1234,positive,0x6E,,true,true,false,2026-07-10T12:42:36.983497+02:00,2915942561365,2915945606179,3.044814,true,true,224661873,224665960,4.087000,true,matched_request_response
run_2,20260711,363,before,363,read_only_did,0x1001,4,75,2E100175,042E100175000000,7F2E31,negative,0x7F,0x31,false,false,false,2026-07-10T12:42:37.007926+02:00,2915966990632,2915970043758,3.053126,true,true,224686325,224690414,4.089000,true,matched_request_response
run_2,20260711,364,before,364,target_did_random_data,0x1234,5,1AB7,2E12341AB7,052E12341AB70000,6E1234,positive,0x6E,,true,true,false,2026-07-10T12:42:37.032364+02:00,2915991427862,2915994408074,2.980212,true,true,224710690,224714772,4.082000,true,matched_request_response
run_2,20260711,365,before,365,target_did_random_data,0x1234,4,B1,2E1234B1,042E1234B1000000,6E1234,positive,0x6E,,true,true,false,2026-07-10T12:42:37.056780+02:00,2916015844280,2916019097991,3.253711,true,true,224735096,224739186,4.090000,true,matched_request_response
run_2,20260711,366,before,366,missing_data,0x1234,3,,2E1234,032E123400000000,7F2E13,negative,0x7F,0x13,false,false,false,2026-07-10T12:42:37.081432+02:00,2916040495993,2916043295105,2.799112,true,true,224759721,224763812,4.091000,true,matched_request_response
run_2,20260711,367,before,367,target_did_random_data,0x1234,4,26,2E123426,042E123426000000,6E1234,positive,0x6E,,true,true,false,2026-07-10T12:42:37.105683+02:00,2916064747584,2916067838983,3.091399,true,true,224783949,224788036,4.087000,true,matched_request_response
run_2,20260711,368,before,368,target_did_random_data,0x1234,5,5F5F,2E12345F5F,052E12345F5F0000,6E1234,positive,0x6E,,true,true,false,2026-07-10T12:42:37.130452+02:00,2916089514886,2916092072206,2.557320,true,true,224808688,224812771,4.083000,true,matched_request_response
run_2,20260711,369,before,369,target_did_random_data,0x1234,6,071EB9,2E1234071EB9,062E1234071EB900,6E1234,positive,0x6E,,true,true,false,2026-07-10T12:42:37.154407+02:00,2916113470977,2916116537512,3.066535,true,true,224832617,224836700,4.083000,true,matched_request_response
run_2,20260711,370,before,370,target_did_random_data,0x1234,7,309A40FA,2E1234309A40FA,072E1234309A40FA,6E1234,positive,0x6E,,true,true,false,2026-07-10T12:42:37.178994+02:00,2916138058157,2916140955745,2.897588,true,true,224857181,224861257,4.076000,true,matched_request_response
run_2,20260711,371,before,371,target_did_random_data,0x1234,4,A0,2E1234A0,042E1234A0000000,6E1234,positive,0x6E,,true,true,false,2026-07-10T12:42:37.203357+02:00,2916162423240,2916165331026,2.907786,true,true,224881561,224885648,4.087000,true,matched_request_response
run_2,20260711,372,before,372,target_did_random_data,0x1234,6,100F68,2E1234100F68,062E1234100F6800,6E1234,positive,0x6E,,true,true,false,2026-07-10T12:42:37.227973+02:00,2916187036960,2916189715735,2.678775,true,true,224906124,224910209,4.085000,true,matched_request_response
run_2,20260711,373,before,373,target_did_random_data,0x1234,6,FC19CC,2E1234FC19CC,062E1234FC19CC00,6E1234,positive,0x6E,,true,true,false,2026-07-10T12:42:37.252015+02:00,2916211079794,2916214165606,3.085812,true,true,224930151,224934230,4.079000,true,matched_request_response
run_2,20260711,374,before,374,unknown_did,0x3333,5,7E3C,2E33337E3C,052E33337E3C0000,7F2E31,negative,0x7F,0x31,false,false,false,2026-07-10T12:42:37.276450+02:00,2916235513462,2916238638455,3.124993,true,true,224954557,224958640,4.083000,true,matched_request_response
run_2,20260711,375,before,375,target_did_random_data,0x1234,7,4238DF7E,2E12344238DF7E,072E12344238DF7E,6E1234,positive,0x6E,,true,true,false,2026-07-10T12:42:37.301113+02:00,2916260178446,2916262992993,2.814547,true,true,224979196,224983269,4.073000,true,matched_request_response
run_2,20260711,376,before,376,target_did_random_data,0x1234,7,C469A0C8,2E1234C469A0C8,072E1234C469A0C8,6E1234,positive,0x6E,,true,true,false,2026-07-10T12:42:37.325297+02:00,2916284361522,2916287471359,3.109837,true,true,225003337,225007410,4.073000,true,matched_request_response
run_2,20260711,377,before,377,target_did_random_data,0x1234,5,6240,2E12346240,052E123462400000,6E1234,positive,0x6E,,true,true,false,2026-07-10T12:42:37.349850+02:00,2916308915038,2916311841960,2.926922,true,true,225027888,225031971,4.083000,true,matched_request_response
run_2,20260711,378,before,378,target_did_random_data,0x1234,5,D2A5,2E1234D2A5,052E1234D2A50000,6E1234,positive,0x6E,,true,true,false,2026-07-10T12:42:37.374175+02:00,2916333238706,2916336249997,3.011291,true,true,225052177,225056259,4.082000,true,matched_request_response
run_2,20260711,379,before,379,read_only_did,0x1001,6,8E8A3D,2E10018E8A3D,062E10018E8A3D00,7F2E31,negative,0x7F,0x31,false,false,false,2026-07-10T12:42:37.398549+02:00,2916357613288,2916360657823,3.044535,true,true,225076530,225080613,4.083000,true,matched_request_response
run_2,20260711,380,before,380,target_did_random_data,0x1234,4,B6,2E1234B6,042E1234B6000000,6E1234,positive,0x6E,,true,true,false,2026-07-10T12:42:37.422982+02:00,2916382046467,2916385104272,3.057805,true,true,225100936,225105023,4.087000,true,matched_request_response
run_2,20260711,381,before,381,target_did_random_data,0x1234,7,F57E51D8,2E1234F57E51D8,072E1234F57E51D8,6E1234,positive,0x6E,,true,true,false,2026-07-10T12:42:37.447426+02:00,2916406490402,2916409476270,2.985868,true,true,225125339,225129411,4.072000,true,matched_request_response
run_2,20260711,382,before,382,read_only_did,0x1001,6,A486F0,2E1001A486F0,062E1001A486F000,7F2E31,negative,0x7F,0x31,false,false,false,2026-07-10T12:42:37.471810+02:00,2916430874412,2916433923138,3.048726,true,true,225149710,225153793,4.083000,true,matched_request_response
run_2,20260711,383,before,383,target_did_random_data,0x1234,7,5CB676AA,2E12345CB676AA,072E12345CB676AA,6E1234,positive,0x6E,,true,true,false,2026-07-10T12:42:37.496274+02:00,2916455338950,2916458315181,2.976231,true,true,225174133,225178211,4.078000,true,matched_request_response
run_2,20260711,384,before,384,missing_data,0x1234,3,,2E1234,032E123400000000,7F2E13,negative,0x7F,0x13,false,false,false,2026-07-10T12:42:37.520617+02:00,2916479680986,2916482716023,3.035037,true,true,225198470,225202558,4.088000,true,matched_request_response
run_2,20260711,385,before,385,target_did_random_data,0x1234,4,8C,2E12348C,042E12348C000000,6E1234,positive,0x6E,,true,true,false,2026-07-10T12:42:37.544986+02:00,2916504050051,2916507200047,3.149996,true,true,225222809,225226895,4.086000,true,matched_request_response
run_2,20260711,386,before,386,target_did_random_data,0x1234,7,7DC6738D,2E12347DC6738D,072E12347DC6738D,6E1234,positive,0x6E,,true,true,false,2026-07-10T12:42:37.569483+02:00,2916528546297,2916531620864,3.074567,true,true,225247255,225251328,4.073000,true,matched_request_response
run_2,20260711,387,before,387,target_did_random_data,0x1234,6,9B1680,2E12349B1680,062E12349B168000,6E1234,positive,0x6E,,true,true,false,2026-07-10T12:42:37.593866+02:00,2916552930936,2916555957243,3.026307,true,true,225271626,225275705,4.079000,true,matched_request_response
run_2,20260711,388,before,388,target_did_random_data,0x1234,5,B834,2E1234B834,052E1234B8340000,6E1234,positive,0x6E,,true,true,false,2026-07-10T12:42:37.618312+02:00,2916577376338,2916580406206,3.029868,true,true,225296108,225300193,4.085000,true,matched_request_response
run_2,20260711,389,before,389,target_did_random_data,0x1234,6,1ED05D,2E12341ED05D,062E12341ED05D00,6E1234,positive,0x6E,,true,true,false,2026-07-10T12:42:37.642738+02:00,2916601802602,2916604787284,2.984682,true,true,225320458,225324535,4.077000,true,matched_request_response
run_2,20260711,390,before,390,target_did_random_data,0x1234,5,AFE1,2E1234AFE1,052E1234AFE10000,6E1234,positive,0x6E,,true,true,false,2026-07-10T12:42:37.667128+02:00,2916626192340,2916629230171,3.037831,true,true,225344813,225348896,4.083000,true,matched_request_response
run_2,20260711,391,before,391,target_did_random_data,0x1234,7,86942D7C,2E123486942D7C,072E123486942D7C,6E1234,positive,0x6E,,true,true,false,2026-07-10T12:42:37.691528+02:00,2916650592275,2916653683394,3.091119,true,true,225369188,225373261,4.073000,true,matched_request_response
run_2,20260711,392,before,392,target_did_random_data,0x1234,5,C1EF,2E1234C1EF,052E1234C1EF0000,6E1234,positive,0x6E,,true,true,false,2026-07-10T12:42:37.715985+02:00,2916675049060,2916678060700,3.011640,true,true,225393616,225397698,4.082000,true,matched_request_response
run_2,20260711,393,before,393,target_did_random_data,0x1234,7,FB54EC38,2E1234FB54EC38,072E1234FB54EC38,6E1234,positive,0x6E,,true,true,false,2026-07-10T12:42:37.740361+02:00,2916699424760,2916702423758,2.998998,true,true,225417960,225422034,4.074000,true,matched_request_response
run_2,20260711,394,before,394,target_did_random_data,0x1234,4,18,2E123418,042E123418000000,6E1234,positive,0x6E,,true,true,false,2026-07-10T12:42:37.764682+02:00,2916723746611,2916726848207,3.101596,true,true,225442265,225446349,4.084000,true,matched_request_response
run_2,20260711,395,before,395,target_did_random_data,0x1234,6,B9E905,2E1234B9E905,062E1234B9E90500,6E1234,positive,0x6E,,true,true,false,2026-07-10T12:42:37.789152+02:00,2916748216038,2916751310441,3.094403,true,true,225466687,225470770,4.083000,true,matched_request_response
run_2,20260711,396,before,396,target_did_random_data,0x1234,7,CD59F2A9,2E1234CD59F2A9,072E1234CD59F2A9,6E1234,positive,0x6E,,true,true,false,2026-07-10T12:42:37.813639+02:00,2916772703484,2916775719385,3.015901,true,true,225491145,225495220,4.075000,true,matched_request_response
run_2,20260711,397,before,397,target_did_random_data,0x1234,7,4CCA4903,2E12344CCA4903,072E12344CCA4903,6E1234,positive,0x6E,,true,true,false,2026-07-10T12:42:37.838073+02:00,2916797137362,2916800114291,2.976929,true,true,225515552,225519631,4.079000,true,matched_request_response
run_2,20260711,398,before,398,target_did_random_data,0x1234,4,D8,2E1234D8,042E1234D8000000,6E1234,positive,0x6E,,true,true,false,2026-07-10T12:42:37.862400+02:00,2916821464242,2916824542651,3.078409,true,true,225539859,225543946,4.087000,true,matched_request_response
run_2,20260711,399,before,399,target_did_random_data,0x1234,7,634E2F15,2E1234634E2F15,072E1234634E2F15,6E1234,positive,0x6E,,true,true,false,2026-07-10T12:42:37.886888+02:00,2916845952806,2916848945519,2.992713,true,true,225564294,225568367,4.073000,true,matched_request_response
run_2,20260711,400,before,400,target_did_random_data,0x1234,5,A748,2E1234A748,052E1234A7480000,6E1234,positive,0x6E,,true,true,false,2026-07-10T12:42:37.911275+02:00,2916870338981,2916873392317,3.053336,true,true,225588677,225592760,4.083000,true,matched_request_response
run_2,20260711,401,before,401,target_did_random_data,0x1234,5,2995,2E12342995,052E123429950000,6E1234,positive,0x6E,,true,true,false,2026-07-10T12:42:37.936020+02:00,2916895084632,2916897769832,2.685200,true,true,225613389,225617469,4.080000,true,matched_request_response
run_2,20260711,402,before,402,target_did_random_data,0x1234,6,5C431C,2E12345C431C,062E12345C431C00,6E1234,positive,0x6E,,true,true,false,2026-07-10T12:42:37.960095+02:00,2916919159105,2916922140573,2.981468,true,true,225637424,225641500,4.076000,true,matched_request_response
run_2,20260711,403,before,403,target_did_random_data,0x1234,6,B13D79,2E1234B13D79,062E1234B13D7900,6E1234,positive,0x6E,,true,true,false,2026-07-10T12:42:37.984610+02:00,2916943674837,2916946642337,2.967500,true,true,225661928,225666007,4.079000,true,matched_request_response
run_2,20260711,404,before,404,target_did_random_data,0x1234,6,A1B5A7,2E1234A1B5A7,062E1234A1B5A700,6E1234,positive,0x6E,,true,true,false,2026-07-10T12:42:38.008992+02:00,2916968056403,2916971047230,2.990827,true,true,225686288,225690365,4.077000,true,matched_request_response
run_2,20260711,405,before,405,target_did_random_data,0x1234,6,9F169B,2E12349F169B,062E12349F169B00,6E1234,positive,0x6E,,true,true,false,2026-07-10T12:42:38.033381+02:00,2916992444185,2916995427679,2.983494,true,true,225710652,225714731,4.079000,true,matched_request_response
run_2,20260711,406,before,406,unknown_did,0xF187,7,82D657C9,2EF18782D657C9,072EF18782D657C9,7F2E31,negative,0x7F,0x31,false,false,false,2026-07-10T12:42:38.057769+02:00,2917016834202,2917019867912,3.033710,true,true,225735026,225739101,4.075000,true,matched_request_response
run_2,20260711,407,before,407,unknown_did,0xF187,4,5B,2EF1875B,042EF1875B000000,7F2E31,negative,0x7F,0x31,false,false,false,2026-07-10T12:42:38.082191+02:00,2917041256137,2917044271618,3.015481,true,true,225759421,225763506,4.085000,true,matched_request_response
run_2,20260711,408,before,408,target_did_random_data,0x1234,6,5D155B,2E12345D155B,062E12345D155B00,6E1234,positive,0x6E,,true,true,false,2026-07-10T12:42:38.106585+02:00,2917065648878,2917068689991,3.041113,true,true,225783771,225787850,4.079000,true,matched_request_response
run_2,20260711,409,before,409,target_did_random_data,0x1234,4,DB,2E1234DB,042E1234DB000000,6E1234,positive,0x6E,,true,true,false,2026-07-10T12:42:38.131027+02:00,2917090091067,2917093064573,2.973506,true,true,225808209,225812294,4.085000,true,matched_request_response
run_2,20260711,410,before,410,missing_data,0x1234,3,,2E1234,032E123400000000,7F2E13,negative,0x7F,0x13,false,false,false,2026-07-10T12:42:38.155336+02:00,2917114400207,2917117533442,3.133235,true,true,225832531,225836621,4.090000,true,matched_request_response
run_2,20260711,411,before,411,target_did_random_data,0x1234,6,96429E,2E123496429E,062E123496429E00,6E1234,positive,0x6E,,true,true,false,2026-07-10T12:42:38.179823+02:00,2917138887235,2917141903624,3.016389,true,true,225856928,225861007,4.079000,true,matched_request_response
run_2,20260711,412,before,412,target_did_random_data,0x1234,5,4229,2E12344229,052E123442290000,6E1234,positive,0x6E,,true,true,false,2026-07-10T12:42:38.204231+02:00,2917163295760,2917166351959,3.056199,true,true,225881322,225885402,4.080000,true,matched_request_response
run_2,20260711,413,before,413,unknown_did,0x2222,6,6A3790,2E22226A3790,062E22226A379000,7F2E31,negative,0x7F,0x31,false,false,false,2026-07-10T12:42:38.228655+02:00,2917187719161,2917190786674,3.067513,true,true,225905707,225909785,4.078000,true,matched_request_response
run_2,20260711,414,before,414,target_did_random_data,0x1234,7,04C243C6,2E123404C243C6,072E123404C243C6,6E1234,positive,0x6E,,true,true,false,2026-07-10T12:42:38.253108+02:00,2917212171198,2917215088971,2.917773,true,true,225930131,225934213,4.082000,true,matched_request_response
run_2,20260711,415,before,415,unknown_did,0x2222,4,89,2E222289,042E222289000000,7F2E31,negative,0x7F,0x31,false,false,false,2026-07-10T12:42:38.277333+02:00,2917236396878,2917239651287,3.254409,true,true,225954393,225958478,4.085000,true,matched_request_response
run_2,20260711,416,before,416,target_did_random_data,0x1234,6,7DAC49,2E12347DAC49,062E12347DAC4900,6E1234,positive,0x6E,,true,true,false,2026-07-10T12:42:38.301993+02:00,2917261057601,2917263976561,2.918960,true,true,225978979,225983058,4.079000,true,matched_request_response
run_2,20260711,417,before,417,target_did_random_data,0x1234,6,057C44,2E1234057C44,062E1234057C4400,6E1234,positive,0x6E,,true,true,false,2026-07-10T12:42:38.326304+02:00,2917285367719,2917288400870,3.033151,true,true,226003260,226007341,4.081000,true,matched_request_response
run_2,20260711,418,before,418,unknown_did,0x3333,7,2A1C4A21,2E33332A1C4A21,072E33332A1C4A21,7F2E31,negative,0x7F,0x31,false,false,false,2026-07-10T12:42:38.350669+02:00,2917309732942,2917312828602,3.095660,true,true,226027605,226031680,4.075000,true,matched_request_response
run_2,20260711,419,before,419,target_did_random_data,0x1234,6,3232B5,2E12343232B5,062E12343232B500,6E1234,positive,0x6E,,true,true,false,2026-07-10T12:42:38.375160+02:00,2917334223881,2917337207375,2.983494,true,true,226052065,226056144,4.079000,true,matched_request_response
run_2,20260711,420,before,420,target_did_random_data,0x1234,5,D4A6,2E1234D4A6,052E1234D4A60000,6E1234,positive,0x6E,,true,true,false,2026-07-10T12:42:38.399542+02:00,2917358605866,2917361687278,3.081412,true,true,226076434,226080515,4.081000,true,matched_request_response
run_2,20260711,421,before,421,target_did_random_data,0x1234,6,27CB27,2E123427CB27,062E123427CB2700,6E1234,positive,0x6E,,true,true,false,2026-07-10T12:42:38.424019+02:00,2917383083954,2917386064794,2.980840,true,true,226100886,226104964,4.078000,true,matched_request_response
run_2,20260711,422,before,422,target_did_random_data,0x1234,5,2ED3,2E12342ED3,052E12342ED30000,6E1234,positive,0x6E,,true,true,false,2026-07-10T12:42:38.448366+02:00,2917407430250,2917410472411,3.042161,true,true,226125228,226129309,4.081000,true,matched_request_response
run_2,20260711,423,before,423,target_did_random_data,0x1234,5,3E94,2E12343E94,052E12343E940000,6E1234,positive,0x6E,,true,true,false,2026-07-10T12:42:38.472747+02:00,2917431811327,2917434862079,3.050752,true,true,226149574,226153657,4.083000,true,matched_request_response
run_2,20260711,424,before,424,target_did_random_data,0x1234,6,222AC0,2E1234222AC0,062E1234222AC000,6E1234,positive,0x6E,,true,true,false,2026-07-10T12:42:38.497180+02:00,2917456244367,2917459305525,3.061158,true,true,226173986,226178065,4.079000,true,matched_request_response
run_2,20260711,425,before,425,target_did_random_data,0x1234,5,D5C2,2E1234D5C2,052E1234D5C20000,6E1234,positive,0x6E,,true,true,false,2026-07-10T12:42:38.521587+02:00,2917480651286,2917483736329,3.085043,true,true,226198368,226202449,4.081000,true,matched_request_response
run_2,20260711,426,before,426,unknown_did,0x2222,4,6E,2E22226E,042E22226E000000,7F2E31,negative,0x7F,0x31,false,false,false,2026-07-10T12:42:38.546324+02:00,2917505387717,2917508153794,2.766077,true,true,226223141,226227229,4.088000,true,matched_request_response
run_2,20260711,427,before,427,target_did_random_data,0x1234,7,018E862A,2E1234018E862A,072E1234018E862A,6E1234,positive,0x6E,,true,true,false,2026-07-10T12:42:38.570530+02:00,2917529593981,2917532601012,3.007031,true,true,226247263,226251339,4.076000,true,matched_request_response
run_2,20260711,428,before,428,target_did_random_data,0x1234,7,453BB3ED,2E1234453BB3ED,072E1234453BB3ED,6E1234,positive,0x6E,,true,true,false,2026-07-10T12:42:38.594905+02:00,2917553969611,2917556971822,3.002211,true,true,226271614,226275689,4.075000,true,matched_request_response
run_2,20260711,429,before,429,target_did_random_data,0x1234,7,90BB14E3,2E123490BB14E3,072E123490BB14E3,6E1234,positive,0x6E,,true,true,false,2026-07-10T12:42:38.619317+02:00,2917578381000,2917581366309,2.985309,true,true,226296001,226300076,4.075000,true,matched_request_response
run_2,20260711,430,before,430,unknown_did,0xF187,5,4DB0,2EF1874DB0,052EF1874DB00000,7F2E31,negative,0x7F,0x31,false,false,false,2026-07-10T12:42:38.643638+02:00,2917602702013,2917605830079,3.128066,true,true,226320312,226324392,4.080000,true,matched_request_response
run_2,20260711,431,before,431,target_did_random_data,0x1234,4,37,2E123437,042E123437000000,6E1234,positive,0x6E,,true,true,false,2026-07-10T12:42:38.668140+02:00,2917627204196,2917630190134,2.985938,true,true,226344781,226348868,4.087000,true,matched_request_response
run_2,20260711,432,before,432,target_did_random_data,0x1234,6,9E8624,2E12349E8624,062E12349E862400,6E1234,positive,0x6E,,true,true,false,2026-07-10T12:42:38.692502+02:00,2917651565718,2917654681352,3.115634,true,true,226369112,226373194,4.082000,true,matched_request_response
run_2,20260711,433,before,433,target_did_random_data,0x1234,7,5E81F0B6,2E12345E81F0B6,072E12345E81F0B6,6E1234,positive,0x6E,,true,true,false,2026-07-10T12:42:38.717021+02:00,2917676084733,2917679028487,2.943754,true,true,226393616,226397691,4.075000,true,matched_request_response
run_2,20260711,434,before,434,target_did_random_data,0x1234,5,AEE4,2E1234AEE4,052E1234AEE40000,6E1234,positive,0x6E,,true,true,false,2026-07-10T12:42:38.741322+02:00,2917700384864,2917703422415,3.037551,true,true,226417886,226421968,4.082000,true,matched_request_response
run_2,20260711,435,before,435,target_did_random_data,0x1234,6,8C21DA,2E12348C21DA,062E12348C21DA00,6E1234,positive,0x6E,,true,true,false,2026-07-10T12:42:38.765802+02:00,2917724866653,2917727861950,2.995297,true,true,226442334,226446410,4.076000,true,matched_request_response
run_2,20260711,436,before,436,target_did_random_data,0x1234,5,3B35,2E12343B35,052E12343B350000,6E1234,positive,0x6E,,true,true,false,2026-07-10T12:42:38.790164+02:00,2917749228174,2917752273129,3.044955,true,true,226466675,226470758,4.083000,true,matched_request_response
run_2,20260711,437,before,437,read_only_did,0x1001,5,5C2D,2E10015C2D,052E10015C2D0000,7F2E31,negative,0x7F,0x31,false,false,false,2026-07-10T12:42:38.814579+02:00,2917773642357,2917776708613,3.066256,true,true,226491075,226495162,4.087000,true,matched_request_response
run_2,20260711,438,before,438,target_did_random_data,0x1234,4,54,2E123454,042E123454000000,6E1234,positive,0x6E,,true,true,false,2026-07-10T12:42:38.839097+02:00,2917798161721,2917801119513,2.957792,true,true,226515576,226519663,4.087000,true,matched_request_response
run_2,20260711,439,before,439,target_did_random_data,0x1234,7,C15C1EB3,2E1234C15C1EB3,072E1234C15C1EB3,6E1234,positive,0x6E,,true,true,false,2026-07-10T12:42:38.863429+02:00,2917822492652,2917825513930,3.021278,true,true,226539863,226543938,4.075000,true,matched_request_response
run_2,20260711,440,before,440,target_did_random_data,0x1234,7,A16F6489,2E1234A16F6489,072E1234A16F6489,6E1234,positive,0x6E,,true,true,false,2026-07-10T12:42:38.887843+02:00,2917846907183,2917849943966,3.036783,true,true,226564247,226568320,4.073000,true,matched_request_response
run_2,20260711,441,before,441,target_did_random_data,0x1234,7,DC8BBF6C,2E1234DC8BBF6C,072E1234DC8BBF6C,6E1234,positive,0x6E,,true,true,false,2026-07-10T12:42:38.912284+02:00,2917871348883,2917874363317,3.014434,true,true,226588669,226592744,4.075000,true,matched_request_response
run_2,20260711,442,before,442,target_did_random_data,0x1234,4,FA,2E1234FA,042E1234FA000000,6E1234,positive,0x6E,,true,true,false,2026-07-10T12:42:38.936638+02:00,2917895702303,2917898808858,3.106555,true,true,226613017,226617103,4.086000,true,matched_request_response
run_2,20260711,443,before,443,target_did_random_data,0x1234,4,20,2E123420,042E123420000000,6E1234,positive,0x6E,,true,true,false,2026-07-10T12:42:38.961131+02:00,2917920195267,2917923158437,2.963170,true,true,226637491,226641576,4.085000,true,matched_request_response
run_2,20260711,444,before,444,target_did_random_data,0x1234,4,F4,2E1234F4,042E1234F4000000,6E1234,positive,0x6E,,true,true,false,2026-07-10T12:42:38.985451+02:00,2917944514814,2917947649026,3.134212,true,true,226661781,226665868,4.087000,true,matched_request_response
run_2,20260711,445,before,445,read_only_did,0x1001,6,B608A7,2E1001B608A7,062E1001B608A700,7F2E31,negative,0x7F,0x31,false,false,false,2026-07-10T12:42:39.010003+02:00,2917969067213,2917971988967,2.921754,true,true,226686302,226690387,4.085000,true,matched_request_response
run_2,20260711,446,before,446,target_did_random_data,0x1234,4,AA,2E1234AA,042E1234AA000000,6E1234,positive,0x6E,,true,true,false,2026-07-10T12:42:39.034324+02:00,2917993388646,2917996416908,3.028262,true,true,226710652,226714739,4.087000,true,matched_request_response
run_2,20260711,447,before,447,target_did_random_data,0x1234,5,97EC,2E123497EC,052E123497EC0000,6E1234,positive,0x6E,,true,true,false,2026-07-10T12:42:39.058746+02:00,2918017810301,2918020820894,3.010593,true,true,226734989,226739072,4.083000,true,matched_request_response
run_2,20260711,448,before,448,target_did_random_data,0x1234,6,78D748,2E123478D748,062E123478D74800,6E1234,positive,0x6E,,true,true,false,2026-07-10T12:42:39.083141+02:00,2918042204719,2918045233959,3.029240,true,true,226759348,226763425,4.077000,true,matched_request_response
run_2,20260711,449,before,449,target_did_random_data,0x1234,5,2F2B,2E12342F2B,052E12342F2B0000,6E1234,positive,0x6E,,true,true,false,2026-07-10T12:42:39.107529+02:00,2918066593479,2918069635081,3.041602,true,true,226783711,226787794,4.083000,true,matched_request_response
run_2,20260711,450,before,450,target_did_random_data,0x1234,6,A3A141,2E1234A3A141,062E1234A3A14100,6E1234,positive,0x6E,,true,true,false,2026-07-10T12:42:39.132007+02:00,2918091071497,2918094055689,2.984192,true,true,226808163,226812242,4.079000,true,matched_request_response
run_2,20260711,451,before,451,target_did_random_data,0x1234,4,CC,2E1234CC,042E1234CC000000,6E1234,positive,0x6E,,true,true,false,2026-07-10T12:42:39.156320+02:00,2918115382872,2918118513173,3.130301,true,true,226832445,226836530,4.085000,true,matched_request_response
run_2,20260711,452,before,452,read_only_did,0x1001,4,FB,2E1001FB,042E1001FB000000,7F2E31,negative,0x7F,0x31,false,false,false,2026-07-10T12:42:39.180812+02:00,2918139875766,2918142889501,3.013735,true,true,226856932,226861024,4.092000,true,matched_request_response
run_2,20260711,453,before,453,missing_data,0x1234,3,,2E1234,032E123400000000,7F2E13,negative,0x7F,0x13,false,false,false,2026-07-10T12:42:39.205210+02:00,2918164273955,2918167332808,3.058853,true,true,226881294,226885381,4.087000,true,matched_request_response
run_2,20260711,454,before,454,target_did_random_data,0x1234,6,B173AC,2E1234B173AC,062E1234B173AC00,6E1234,positive,0x6E,,true,true,false,2026-07-10T12:42:39.229626+02:00,2918188690442,2918191738749,3.048307,true,true,226905668,226909747,4.079000,true,matched_request_response
run_2,20260711,455,before,455,target_did_random_data,0x1234,4,F3,2E1234F3,042E1234F3000000,6E1234,positive,0x6E,,true,true,false,2026-07-10T12:42:39.254018+02:00,2918213083113,2918216114169,3.031056,true,true,226930042,226934128,4.086000,true,matched_request_response
run_2,20260711,456,before,456,target_did_random_data,0x1234,5,ED72,2E1234ED72,052E1234ED720000,6E1234,positive,0x6E,,true,true,false,2026-07-10T12:42:39.278367+02:00,2918237431226,2918240561108,3.129882,true,true,226954379,226958460,4.081000,true,matched_request_response
run_2,20260711,457,before,457,target_did_random_data,0x1234,4,A5,2E1234A5,042E1234A5000000,6E1234,positive,0x6E,,true,true,false,2026-07-10T12:42:39.303059+02:00,2918262123308,2918264953988,2.830680,true,true,226979035,226983121,4.086000,true,matched_request_response
run_2,20260711,458,before,458,target_did_random_data,0x1234,6,3B94D4,2E12343B94D4,062E12343B94D400,6E1234,positive,0x6E,,true,true,false,2026-07-10T12:42:39.327325+02:00,2918286389356,2918289360838,2.971482,true,true,227003341,227007417,4.076000,true,matched_request_response
run_2,20260711,459,before,459,target_did_random_data,0x1234,5,E32A,2E1234E32A,052E1234E32A0000,6E1234,positive,0x6E,,true,true,false,2026-07-10T12:42:39.351618+02:00,2918310681386,2918312820495,2.139109,true,true,227027547,227031630,4.083000,true,matched_request_response
run_2,20260711,460,before,460,target_did_random_data,0x1234,6,6F55DF,2E12346F55DF,062E12346F55DF00,6E1234,positive,0x6E,,true,true,false,2026-07-10T12:42:39.375135+02:00,2918334198732,2918337471301,3.272569,true,true,227051045,227055123,4.078000,true,matched_request_response
run_2,20260711,461,before,461,target_did_random_data,0x1234,7,76B1E30F,2E123476B1E30F,072E123476B1E30F,6E1234,positive,0x6E,,true,true,false,2026-07-10T12:42:39.399748+02:00,2918358811335,2918361691184,2.879849,true,true,227075613,227079692,4.079000,true,matched_request_response
run_2,20260711,462,before,462,read_only_did,0x1001,4,64,2E100164,042E100164000000,7F2E31,negative,0x7F,0x31,false,false,false,2026-07-10T12:42:39.424093+02:00,2918383157073,2918386076661,2.919588,true,true,227099970,227104061,4.091000,true,matched_request_response
run_2,20260711,463,before,463,target_did_random_data,0x1234,7,E2A9D254,2E1234E2A9D254,072E1234E2A9D254,6E1234,positive,0x6E,,true,true,false,2026-07-10T12:42:39.448371+02:00,2918407435134,2918410473104,3.037970,true,true,227124208,227128280,4.072000,true,matched_request_response
run_2,20260711,464,before,464,target_did_random_data,0x1234,4,85,2E123485,042E123485000000,6E1234,positive,0x6E,,true,true,false,2026-07-10T12:42:39.472771+02:00,2918431835767,2918434903699,3.067932,true,true,227148585,227152671,4.086000,true,matched_request_response
run_2,20260711,465,before,465,missing_data,0x1234,3,,2E1234,032E123400000000,7F2E13,negative,0x7F,0x13,false,false,false,2026-07-10T12:42:39.497164+02:00,2918456227879,2918459329615,3.101736,true,true,227172949,227177040,4.091000,true,matched_request_response
run_2,20260711,466,before,466,missing_data,0x1234,3,,2E1234,032E123400000000,7F2E13,negative,0x7F,0x13,false,false,false,2026-07-10T12:42:39.521622+02:00,2918480686272,2918483742261,3.055989,true,true,227197383,227201471,4.088000,true,matched_request_response
run_2,20260711,467,before,467,target_did_random_data,0x1234,4,19,2E123419,042E123419000000,6E1234,positive,0x6E,,true,true,false,2026-07-10T12:42:39.546021+02:00,2918505085578,2918508177676,3.092098,true,true,227221753,227225840,4.087000,true,matched_request_response
run_2,20260711,468,before,468,target_did_random_data,0x1234,7,C25375BC,2E1234C25375BC,072E1234C25375BC,6E1234,positive,0x6E,,true,true,false,2026-07-10T12:42:39.570458+02:00,2918529520573,2918532543667,3.023094,true,true,227246140,227250218,4.078000,true,matched_request_response
run_2,20260711,469,before,469,target_did_random_data,0x1234,4,18,2E123418,042E123418000000,6E1234,positive,0x6E,,true,true,false,2026-07-10T12:42:39.594883+02:00,2918553947537,2918556960085,3.012548,true,true,227270573,227274660,4.087000,true,matched_request_response
run_2,20260711,470,before,470,unknown_did,0x3333,4,A8,2E3333A8,042E3333A8000000,7F2E31,negative,0x7F,0x31,false,false,false,2026-07-10T12:42:39.619281+02:00,2918578345516,2918581515906,3.170390,true,true,227294939,227299025,4.086000,true,matched_request_response
run_2,20260711,471,before,471,target_did_random_data,0x1234,5,8558,2E12348558,052E123485580000,6E1234,positive,0x6E,,true,true,false,2026-07-10T12:42:39.643833+02:00,2918602897566,2918605792012,2.894446,true,true,227319447,227323528,4.081000,true,matched_request_response
run_2,20260711,472,before,472,unknown_did,0x3333,5,526B,2E3333526B,052E3333526B0000,7F2E31,negative,0x7F,0x31,false,false,false,2026-07-10T12:42:39.668098+02:00,2918627161379,2918630211851,3.050472,true,true,227343677,227347760,4.083000,true,matched_request_response
run_2,20260711,473,before,473,target_did_random_data,0x1234,5,D520,2E1234D520,052E1234D5200000,6E1234,positive,0x6E,,true,true,false,2026-07-10T12:42:39.692477+02:00,2918651541479,2918654633367,3.091888,true,true,227368049,227372131,4.082000,true,matched_request_response
run_2,20260711,474,before,474,target_did_random_data,0x1234,4,AB,2E1234AB,042E1234AB000000,6E1234,positive,0x6E,,true,true,false,2026-07-10T12:42:39.717011+02:00,2918676075440,2918679048737,2.973297,true,true,227392562,227396649,4.087000,true,matched_request_response
run_2,20260711,475,before,475,target_did_random_data,0x1234,6,F9E3C2,2E1234F9E3C2,062E1234F9E3C200,6E1234,positive,0x6E,,true,true,false,2026-07-10T12:42:39.741353+02:00,2918700418384,2918703428976,3.010592,true,true,227416894,227420972,4.078000,true,matched_request_response
run_2,20260711,476,before,476,target_did_random_data,0x1234,6,2C8632,2E12342C8632,062E12342C863200,6E1234,positive,0x6E,,true,true,false,2026-07-10T12:42:39.765701+02:00,2918724764680,2918727832962,3.068282,true,true,227441203,227445279,4.076000,true,matched_request_response
run_2,20260711,477,before,477,target_did_random_data,0x1234,6,75FB7B,2E123475FB7B,062E123475FB7B00,6E1234,positive,0x6E,,true,true,false,2026-07-10T12:42:39.790097+02:00,2918749160704,2918751329007,2.168303,true,true,227465555,227469634,4.079000,true,matched_request_response
run_2,20260711,478,before,478,target_did_random_data,0x1234,4,90,2E123490,042E123490000000,6E1234,positive,0x6E,,true,true,false,2026-07-10T12:42:39.813595+02:00,2918772658914,2918776045254,3.386340,true,true,227489049,227493135,4.086000,true,matched_request_response
run_2,20260711,479,before,479,target_did_random_data,0x1234,5,C237,2E1234C237,052E1234C2370000,6E1234,positive,0x6E,,true,true,false,2026-07-10T12:42:39.838319+02:00,2918797382425,2918800154648,2.772223,true,true,227513740,227517823,4.083000,true,matched_request_response
run_2,20260711,480,before,480,unknown_did,0x2222,7,2DCDC1A7,2E22222DCDC1A7,072E22222DCDC1A7,7F2E31,negative,0x7F,0x31,false,false,false,2026-07-10T12:42:39.862463+02:00,2918821527298,2918824623866,3.096568,true,true,227537854,227541928,4.074000,true,matched_request_response
run_2,20260711,481,before,481,target_did_random_data,0x1234,6,5373ED,2E12345373ED,062E12345373ED00,6E1234,positive,0x6E,,true,true,false,2026-07-10T12:42:39.887114+02:00,2918846177196,2918848995514,2.818318,true,true,227562485,227566560,4.075000,true,matched_request_response
run_2,20260711,482,before,482,target_did_random_data,0x1234,7,BBD419E4,2E1234BBD419E4,072E1234BBD419E4,6E1234,positive,0x6E,,true,true,false,2026-07-10T12:42:39.911326+02:00,2918870390793,2918873350401,2.959608,true,true,227586726,227590801,4.075000,true,matched_request_response
run_2,20260711,483,before,483,missing_data,0x1234,3,,2E1234,032E123400000000,7F2E13,negative,0x7F,0x13,false,false,false,2026-07-10T12:42:39.935625+02:00,2918894688061,2918897821225,3.133164,true,true,227610961,227615052,4.091000,true,matched_request_response
run_2,20260711,484,before,484,target_did_random_data,0x1234,7,28DA2FE5,2E123428DA2FE5,072E123428DA2FE5,6E1234,positive,0x6E,,true,true,false,2026-07-10T12:42:39.960153+02:00,2918919217482,2918922216621,2.999139,true,true,227635457,227639529,4.072000,true,matched_request_response
run_2,20260711,485,before,485,target_did_random_data,0x1234,4,49,2E123449,042E123449000000,6E1234,positive,0x6E,,true,true,false,2026-07-10T12:42:39.984507+02:00,2918943570972,2918946632270,3.061298,true,true,227659785,227663872,4.087000,true,matched_request_response
run_2,20260711,486,before,486,target_did_random_data,0x1234,5,BB4A,2E1234BB4A,052E1234BB4A0000,6E1234,positive,0x6E,,true,true,false,2026-07-10T12:42:40.008911+02:00,2918967975307,2918971078230,3.102923,true,true,227684178,227688262,4.084000,true,matched_request_response
run_2,20260711,487,before,487,target_did_random_data,0x1234,4,19,2E123419,042E123419000000,6E1234,positive,0x6E,,true,true,false,2026-07-10T12:42:40.033553+02:00,2918992615986,2918995458889,2.842903,true,true,227708797,227712883,4.086000,true,matched_request_response
run_2,20260711,488,before,488,target_did_random_data,0x1234,7,01AFC3F7,2E123401AFC3F7,072E123401AFC3F7,6E1234,positive,0x6E,,true,true,false,2026-07-10T12:42:40.057721+02:00,2919016784885,2919019879148,3.094263,true,true,227732931,227737010,4.079000,true,matched_request_response
run_2,20260711,489,before,489,target_did_random_data,0x1234,5,E619,2E1234E619,052E1234E6190000,6E1234,positive,0x6E,,true,true,false,2026-07-10T12:42:40.082215+02:00,2919041280014,2919044323083,3.043069,true,true,227757404,227761484,4.080000,true,matched_request_response
run_2,20260711,490,before,490,target_did_random_data,0x1234,6,945A0B,2E1234945A0B,062E1234945A0B00,6E1234,positive,0x6E,,true,true,false,2026-07-10T12:42:40.106593+02:00,2919065657041,2919068730840,3.073799,true,true,227781755,227785838,4.083000,true,matched_request_response
run_2,20260711,491,before,491,target_did_random_data,0x1234,7,359DD5E2,2E1234359DD5E2,072E1234359DD5E2,6E1234,positive,0x6E,,true,true,false,2026-07-10T12:42:40.131128+02:00,2919090192888,2919093269341,3.076453,true,true,227806260,227810332,4.072000,true,matched_request_response
run_2,20260711,492,before,492,target_did_random_data,0x1234,6,A9236F,2E1234A9236F,062E1234A9236F00,6E1234,positive,0x6E,,true,true,false,2026-07-10T12:42:40.155566+02:00,2919114630048,2919117534691,2.904643,true,true,227830676,227834755,4.079000,true,matched_request_response
run_2,20260711,493,before,493,target_did_random_data,0x1234,7,D7E4F282,2E1234D7E4F282,072E1234D7E4F282,6E1234,positive,0x6E,,true,true,false,2026-07-10T12:42:40.179795+02:00,2919138858522,2919141925896,3.067374,true,true,227854881,227858956,4.075000,true,matched_request_response
run_2,20260711,494,before,494,target_did_random_data,0x1234,4,F7,2E1234F7,042E1234F7000000,6E1234,positive,0x6E,,true,true,false,2026-07-10T12:42:40.204268+02:00,2919163332489,2919166350904,3.018415,true,true,227879343,227883428,4.085000,true,matched_request_response
run_2,20260711,495,before,495,target_did_random_data,0x1234,6,E50A8F,2E1234E50A8F,062E1234E50A8F00,6E1234,positive,0x6E,,true,true,false,2026-07-10T12:42:40.228620+02:00,2919187684303,2919190751118,3.066815,true,true,227903658,227907741,4.083000,true,matched_request_response
run_2,20260711,496,before,496,target_did_random_data,0x1234,5,226D,2E1234226D,052E1234226D0000,6E1234,positive,0x6E,,true,true,false,2026-07-10T12:42:40.253091+02:00,2919212155476,2919215170469,3.014993,true,true,227928132,227932218,4.086000,true,matched_request_response
run_2,20260711,497,before,497,target_did_random_data,0x1234,7,FE37A908,2E1234FE37A908,072E1234FE37A908,6E1234,positive,0x6E,,true,true,false,2026-07-10T12:42:40.277535+02:00,2919236598853,2919239664411,3.065558,true,true,227952533,227956612,4.079000,true,matched_request_response
run_2,20260711,498,before,498,target_did_random_data,0x1234,5,B878,2E1234B878,052E1234B8780000,6E1234,positive,0x6E,,true,true,false,2026-07-10T12:42:40.302100+02:00,2919261163754,2919263980745,2.816991,true,true,227977065,227981148,4.083000,true,matched_request_response
run_2,20260711,499,before,499,target_did_random_data,0x1234,6,91F2B9,2E123491F2B9,062E123491F2B900,6E1234,positive,0x6E,,true,true,false,2026-07-10T12:42:40.326287+02:00,2919285351300,2919288362731,3.011431,true,true,228001224,228005300,4.076000,true,matched_request_response
run_2,20260711,500,before,500,target_did_random_data,0x1234,6,0994AD,2E12340994AD,062E12340994AD00,6E1234,positive,0x6E,,true,true,false,2026-07-10T12:42:40.350582+02:00,2919309646123,2919311823855,2.177732,true,true,228025498,228029579,4.081000,true,matched_request_response
run_2,20260711,501,before,501,target_did_random_data,0x1234,5,E15E,2E1234E15E,052E1234E15E0000,6E1234,positive,0x6E,,true,true,false,2026-07-10T12:42:40.374118+02:00,2919333181070,2919336296215,3.115145,true,true,228049011,228053094,4.083000,true,matched_request_response
run_2,20260711,502,before,502,unknown_did,0x2222,5,93D7,2E222293D7,052E222293D70000,7F2E31,negative,0x7F,0x31,false,false,false,2026-07-10T12:42:40.398667+02:00,2919357730676,2919360708373,2.977697,true,true,228073543,228077626,4.083000,true,matched_request_response
run_2,20260711,503,before,503,target_did_random_data,0x1234,4,AF,2E1234AF,042E1234AF000000,6E1234,positive,0x6E,,true,true,false,2026-07-10T12:42:40.423057+02:00,2919382120833,2919385114733,2.993900,true,true,228097910,228101997,4.087000,true,matched_request_response
run_2,20260711,504,before,504,target_did_random_data,0x1234,5,1CCE,2E12341CCE,052E12341CCE0000,6E1234,positive,0x6E,,true,true,false,2026-07-10T12:42:40.447434+02:00,2919406497999,2919409578433,3.080434,true,true,228122261,228126340,4.079000,true,matched_request_response
run_2,20260711,505,before,505,target_did_random_data,0x1234,5,A6CE,2E1234A6CE,052E1234A6CE0000,6E1234,positive,0x6E,,true,true,false,2026-07-10T12:42:40.471934+02:00,2919430998227,2919433956508,2.958281,true,true,228146746,228150829,4.083000,true,matched_request_response
run_2,20260711,506,before,506,target_did_random_data,0x1234,6,E016A4,2E1234E016A4,062E1234E016A400,6E1234,positive,0x6E,,true,true,false,2026-07-10T12:42:40.496298+02:00,2919455362333,2919458395275,3.032942,true,true,228171073,228175152,4.079000,true,matched_request_response
run_2,20260711,507,before,507,target_did_random_data,0x1234,5,5F0D,2E12345F0D,052E12345F0D0000,6E1234,positive,0x6E,,true,true,false,2026-07-10T12:42:40.520671+02:00,2919479735309,2919482792486,3.057177,true,true,228195430,228199514,4.084000,true,matched_request_response
run_2,20260711,508,before,508,target_did_random_data,0x1234,5,784C,2E1234784C,052E1234784C0000,6E1234,positive,0x6E,,true,true,false,2026-07-10T12:42:40.545114+02:00,2919504178127,2919507209183,3.031056,true,true,228219830,228223913,4.083000,true,matched_request_response
run_2,20260711,509,before,509,target_did_random_data,0x1234,7,1ABD82E5,2E12341ABD82E5,072E12341ABD82E5,6E1234,positive,0x6E,,true,true,false,2026-07-10T12:42:40.569547+02:00,2919528610328,2919531658635,3.048307,true,true,228244239,228248311,4.072000,true,matched_request_response
run_2,20260711,510,before,510,target_did_random_data,0x1234,6,68D8E8,2E123468D8E8,062E123468D8E800,6E1234,positive,0x6E,,true,true,false,2026-07-10T12:42:40.593962+02:00,2919553026746,2919556016386,2.989640,true,true,228268621,228272700,4.079000,true,matched_request_response
run_2,20260711,511,before,511,unknown_did,0x3333,5,470B,2E3333470B,052E3333470B0000,7F2E31,negative,0x7F,0x31,false,false,false,2026-07-10T12:42:40.618292+02:00,2919577355442,2919580629757,3.274315,true,true,228292939,228297026,4.087000,true,matched_request_response
run_2,20260711,512,before,512,read_only_did,0x1001,6,2BEAF4,2E10012BEAF4,062E10012BEAF400,7F2E31,negative,0x7F,0x31,false,false,false,2026-07-10T12:42:40.642998+02:00,2919602061633,2919604833437,2.771804,true,true,228317633,228321716,4.083000,true,matched_request_response
run_2,20260711,513,before,513,target_did_random_data,0x1234,6,A5F0C5,2E1234A5F0C5,062E1234A5F0C500,6E1234,positive,0x6E,,true,true,false,2026-07-10T12:42:40.667166+02:00,2919626229484,2919629304540,3.075056,true,true,228341764,228345843,4.079000,true,matched_request_response
run_2,20260711,514,before,514,target_did_random_data,0x1234,4,C6,2E1234C6,042E1234C6000000,6E1234,positive,0x6E,,true,true,false,2026-07-10T12:42:40.691608+02:00,2919650671603,2919653691345,3.019742,true,true,228366192,228370276,4.084000,true,matched_request_response
run_2,20260711,515,before,515,target_did_random_data,0x1234,4,AF,2E1234AF,042E1234AF000000,6E1234,positive,0x6E,,true,true,false,2026-07-10T12:42:40.716076+02:00,2919675140262,2919678117471,2.977209,true,true,228390631,228394718,4.087000,true,matched_request_response
run_2,20260711,516,before,516,target_did_random_data,0x1234,7,96DF0093,2E123496DF0093,072E123496DF0093,6E1234,positive,0x6E,,true,true,false,2026-07-10T12:42:40.740417+02:00,2919699480692,2919702525228,3.044536,true,true,228414929,228419008,4.079000,true,matched_request_response
run_2,20260711,517,before,517,target_did_random_data,0x1234,6,74EE44,2E123474EE44,062E123474EE4400,6E1234,positive,0x6E,,true,true,false,2026-07-10T12:42:40.764820+02:00,2919723883980,2919726941645,3.057665,true,true,228439306,228443381,4.075000,true,matched_request_response
run_2,20260711,518,before,518,target_did_random_data,0x1234,5,32F2,2E123432F2,052E123432F20000,6E1234,positive,0x6E,,true,true,false,2026-07-10T12:42:40.789272+02:00,2919748336016,2919751349053,3.013037,true,true,228463758,228467841,4.083000,true,matched_request_response
run_2,20260711,519,before,519,target_did_random_data,0x1234,7,30100368,2E123430100368,072E123430100368,6E1234,positive,0x6E,,true,true,false,2026-07-10T12:42:40.813621+02:00,2919772684967,2919775730620,3.045653,true,true,228488063,228492142,4.079000,true,matched_request_response
run_2,20260711,520,before,520,target_did_random_data,0x1234,6,7D99CD,2E12347D99CD,062E12347D99CD00,6E1234,positive,0x6E,,true,true,false,2026-07-10T12:42:40.838223+02:00,2919797286744,2919800225889,2.939145,true,true,228512651,228516730,4.079000,true,matched_request_response
run_2,20260711,521,before,521,unknown_did,0x2222,4,C7,2E2222C7,042E2222C7000000,7F2E31,negative,0x7F,0x31,false,false,false,2026-07-10T12:42:40.862516+02:00,2919821581498,2919824724160,3.142662,true,true,228536957,228541044,4.087000,true,matched_request_response
run_2,20260711,522,before,522,target_did_random_data,0x1234,4,0C,2E12340C,042E12340C000000,6E1234,positive,0x6E,,true,true,false,2026-07-10T12:42:40.887263+02:00,2919846327567,2919848970863,2.643296,true,true,228561651,228565742,4.091000,true,matched_request_response
run_2,20260711,523,before,523,target_did_random_data,0x1234,7,167F8078,2E1234167F8078,072E1234167F8078,6E1234,positive,0x6E,,true,true,false,2026-07-10T12:42:40.911326+02:00,2919870391425,2919873440639,3.049214,true,true,228585740,228589814,4.074000,true,matched_request_response
run_2,20260711,524,before,524,target_did_random_data,0x1234,7,5CC4BC65,2E12345CC4BC65,072E12345CC4BC65,6E1234,positive,0x6E,,true,true,false,2026-07-10T12:42:40.935781+02:00,2919894845976,2919897795387,2.949411,true,true,228610104,228614179,4.075000,true,matched_request_response
run_2,20260711,525,before,525,target_did_random_data,0x1234,6,F32702,2E1234F32702,062E1234F3270200,6E1234,positive,0x6E,,true,true,false,2026-07-10T12:42:40.960114+02:00,2919919177396,2919922212084,3.034688,true,true,228634425,228638505,4.080000,true,matched_request_response
run_2,20260711,526,before,526,target_did_random_data,0x1234,5,69AF,2E123469AF,052E123469AF0000,6E1234,positive,0x6E,,true,true,false,2026-07-10T12:42:40.984497+02:00,2919943559801,2919946736337,3.176536,true,true,228658776,228662859,4.083000,true,matched_request_response
run_2,20260711,527,before,527,target_did_random_data,0x1234,4,91,2E123491,042E123491000000,6E1234,positive,0x6E,,true,true,false,2026-07-10T12:42:41.008987+02:00,2919968050669,2919971085008,3.034339,true,true,228683264,228687349,4.085000,true,matched_request_response
run_2,20260711,528,before,528,target_did_random_data,0x1234,5,6434,2E12346434,052E123464340000,6E1234,positive,0x6E,,true,true,false,2026-07-10T12:42:41.033568+02:00,2919992633240,2919995477680,2.844440,true,true,228707805,228711887,4.082000,true,matched_request_response
run_2,20260711,529,before,529,target_did_random_data,0x1234,6,378F90,2E1234378F90,062E1234378F9000,6E1234,positive,0x6E,,true,true,false,2026-07-10T12:42:41.057837+02:00,2920016900406,2920019921196,3.020790,true,true,228732042,228736120,4.078000,true,matched_request_response
run_2,20260711,530,before,530,target_did_random_data,0x1234,7,528EF4DB,2E1234528EF4DB,072E1234528EF4DB,6E1234,positive,0x6E,,true,true,false,2026-07-10T12:42:41.082274+02:00,2920041337777,2920044365690,3.027913,true,true,228756447,228760520,4.073000,true,matched_request_response
run_2,20260711,531,before,531,target_did_random_data,0x1234,4,BC,2E1234BC,042E1234BC000000,6E1234,positive,0x6E,,true,true,false,2026-07-10T12:42:41.106653+02:00,2920065717597,2920068683840,2.966243,true,true,228780826,228784913,4.087000,true,matched_request_response
run_2,20260711,532,before,532,target_did_random_data,0x1234,7,E91B7E71,2E1234E91B7E71,072E1234E91B7E71,6E1234,positive,0x6E,,true,true,false,2026-07-10T12:42:41.130979+02:00,2920090042872,2920093155852,3.112980,true,true,228805113,228809191,4.078000,true,matched_request_response
run_2,20260711,533,before,533,target_did_random_data,0x1234,6,49D50B,2E123449D50B,062E123449D50B00,6E1234,positive,0x6E,,true,true,false,2026-07-10T12:42:41.155474+02:00,2920114538350,2920117518142,2.979792,true,true,228829580,228833663,4.083000,true,matched_request_response
run_2,20260711,534,before,534,target_did_random_data,0x1234,5,BBC3,2E1234BBC3,052E1234BBC30000,6E1234,positive,0x6E,,true,true,false,2026-07-10T12:42:41.179806+02:00,2920138870609,2920141985824,3.115215,true,true,228853896,228857979,4.083000,true,matched_request_response
run_2,20260711,535,before,535,target_did_random_data,0x1234,7,7679E356,2E12347679E356,072E12347679E356,6E1234,positive,0x6E,,true,true,false,2026-07-10T12:42:41.204301+02:00,2920163365039,2920166347765,2.982726,true,true,228878350,228882422,4.072000,true,matched_request_response
run_2,20260711,536,before,536,target_did_random_data,0x1234,6,5CFE1A,2E12345CFE1A,062E12345CFE1A00,6E1234,positive,0x6E,,true,true,false,2026-07-10T12:42:41.228637+02:00,2920187700161,2920190820196,3.120035,true,true,228902665,228906743,4.078000,true,matched_request_response
run_2,20260711,537,before,537,target_did_random_data,0x1234,7,7D6D98DF,2E12347D6D98DF,072E12347D6D98DF,6E1234,positive,0x6E,,true,true,false,2026-07-10T12:42:41.253152+02:00,2920212217011,2920215221178,3.004167,true,true,228927145,228931221,4.076000,true,matched_request_response
run_2,20260711,538,before,538,target_did_random_data,0x1234,4,8C,2E12348C,042E12348C000000,6E1234,positive,0x6E,,true,true,false,2026-07-10T12:42:41.277530+02:00,2920236593899,2920239686066,3.092167,true,true,228951519,228955604,4.085000,true,matched_request_response
run_2,20260711,539,before,539,target_did_random_data,0x1234,4,28,2E123428,042E123428000000,6E1234,positive,0x6E,,true,true,false,2026-07-10T12:42:41.302092+02:00,2920261156285,2920264082858,2.926573,true,true,228976057,228980144,4.087000,true,matched_request_response
run_2,20260711,540,before,540,missing_data,0x1234,3,,2E1234,032E123400000000,7F2E13,negative,0x7F,0x13,false,false,false,2026-07-10T12:42:41.326434+02:00,2920285498252,2920288870554,3.372302,true,true,229000384,229004471,4.087000,true,matched_request_response
run_2,20260711,541,before,541,target_did_random_data,0x1234,5,C3F4,2E1234C3F4,052E1234C3F40000,6E1234,positive,0x6E,,true,true,false,2026-07-10T12:42:41.351218+02:00,2920310282665,2920312886709,2.604044,true,true,229025147,229029230,4.083000,true,matched_request_response
run_2,20260711,542,before,542,unknown_did,0x3333,4,4A,2E33334A,042E33334A000000,7F2E31,negative,0x7F,0x31,false,false,false,2026-07-10T12:42:41.375211+02:00,2920334275353,2920337304524,3.029171,true,true,229049104,229053194,4.090000,true,matched_request_response
run_2,20260711,543,before,543,unknown_did,0x3333,6,385AFE,2E3333385AFE,062E3333385AFE00,7F2E31,negative,0x7F,0x31,false,false,false,2026-07-10T12:42:41.399674+02:00,2920358737308,2920361701945,2.964637,true,true,229073549,229077628,4.079000,true,matched_request_response
run_2,20260711,544,before,544,target_did_random_data,0x1234,5,5F47,2E12345F47,052E12345F470000,6E1234,positive,0x6E,,true,true,false,2026-07-10T12:42:41.424076+02:00,2920383140246,2920386068775,2.928529,true,true,229097928,229102011,4.083000,true,matched_request_response
run_2,20260711,545,before,545,target_did_random_data,0x1234,7,F2CEC238,2E1234F2CEC238,072E1234F2CEC238,6E1234,positive,0x6E,,true,true,false,2026-07-10T12:42:41.448389+02:00,2920407453089,2920410548329,3.095240,true,true,229122203,229126275,4.072000,true,matched_request_response
run_2,20260711,546,before,546,target_did_random_data,0x1234,5,08E8,2E123408E8,052E123408E80000,6E1234,positive,0x6E,,true,true,false,2026-07-10T12:42:41.472924+02:00,2920431988167,2920434912156,2.923989,true,true,229146737,229150824,4.087000,true,matched_request_response
run_2,20260711,547,before,547,target_did_random_data,0x1234,7,4DAC5EDE,2E12344DAC5EDE,072E12344DAC5EDE,6E1234,positive,0x6E,,true,true,false,2026-07-10T12:42:41.497216+02:00,2920456281035,2920459357488,3.076453,true,true,229170968,229175042,4.074000,true,matched_request_response
run_2,20260711,548,before,548,target_did_random_data,0x1234,4,8B,2E12348B,042E12348B000000,6E1234,positive,0x6E,,true,true,false,2026-07-10T12:42:41.521671+02:00,2920480735237,2920483866306,3.131069,true,true,229195419,229199503,4.084000,true,matched_request_response
run_2,20260711,549,before,549,target_did_random_data,0x1234,5,B940,2E1234B940,052E1234B9400000,6E1234,positive,0x6E,,true,true,false,2026-07-10T12:42:41.546199+02:00,2920505263541,2920508195632,2.932091,true,true,229219932,229224014,4.082000,true,matched_request_response
run_2,20260711,550,before,550,target_did_random_data,0x1234,4,4D,2E12344D,042E12344D000000,6E1234,positive,0x6E,,true,true,false,2026-07-10T12:42:41.570502+02:00,2920529565768,2920532663034,3.097266,true,true,229244211,229248295,4.084000,true,matched_request_response
run_2,20260711,551,before,551,target_did_random_data,0x1234,6,325B2B,2E1234325B2B,062E1234325B2B00,6E1234,positive,0x6E,,true,true,false,2026-07-10T12:42:41.594978+02:00,2920554041760,2920556999273,2.957513,true,true,229268650,229272729,4.079000,true,matched_request_response
run_2,20260711,552,before,552,target_did_random_data,0x1234,6,064F8E,2E1234064F8E,062E1234064F8E00,6E1234,positive,0x6E,,true,true,false,2026-07-10T12:42:41.619349+02:00,2920578413060,2920581645400,3.232340,true,true,229293042,229297125,4.083000,true,matched_request_response
run_2,20260711,553,before,553,read_only_did,0x1001,5,10B0,2E100110B0,052E100110B00000,7F2E31,negative,0x7F,0x31,false,false,false,2026-07-10T12:42:41.644157+02:00,2920603220940,2920605850547,2.629607,true,true,229317794,229321882,4.088000,true,matched_request_response
run_2,20260711,554,before,554,target_did_random_data,0x1234,5,D4A7,2E1234D4A7,052E1234D4A70000,6E1234,positive,0x6E,,true,true,false,2026-07-10T12:42:41.668164+02:00,2920627228994,2920630224012,2.995018,true,true,229341766,229345849,4.083000,true,matched_request_response
run_2,20260711,555,before,555,target_did_random_data,0x1234,6,B67B34,2E1234B67B34,062E1234B67B3400,6E1234,positive,0x6E,,true,true,false,2026-07-10T12:42:41.692477+02:00,2920651541487,2920653644907,2.103420,true,true,229366038,229370116,4.078000,true,matched_request_response
run_2,20260711,556,before,556,target_did_random_data,0x1234,7,931F46BE,2E1234931F46BE,072E1234931F46BE,6E1234,positive,0x6E,,true,true,false,2026-07-10T12:42:41.715929+02:00,2920674992973,2920678106023,3.113050,true,true,229389501,229393573,4.072000,true,matched_request_response
run_2,20260711,557,before,557,unknown_did,0xF187,4,C5,2EF187C5,042EF187C5000000,7F2E31,negative,0x7F,0x31,false,false,false,2026-07-10T12:42:41.740370+02:00,2920699433347,2920702564975,3.131628,true,true,229413931,229418018,4.087000,true,matched_request_response
run_2,20260711,558,before,558,target_did_random_data,0x1234,6,9B58B4,2E12349B58B4,062E12349B58B400,6E1234,positive,0x6E,,true,true,false,2026-07-10T12:42:41.764874+02:00,2920723938393,2920726901284,2.962891,true,true,229438377,229442454,4.077000,true,matched_request_response
run_2,20260711,559,before,559,unknown_did,0x2222,7,2EC4C584,2E22222EC4C584,072E22222EC4C584,7F2E31,negative,0x7F,0x31,false,false,false,2026-07-10T12:42:41.789209+02:00,2920748272817,2920751364007,3.091190,true,true,229462668,229466743,4.075000,true,matched_request_response
run_2,20260711,560,before,560,target_did_random_data,0x1234,7,31F56210,2E123431F56210,072E123431F56210,6E1234,positive,0x6E,,true,true,false,2026-07-10T12:42:41.813707+02:00,2920772770810,2920775723294,2.952484,true,true,229487156,229491231,4.075000,true,matched_request_response
run_2,20260711,561,before,561,target_did_random_data,0x1234,5,35FD,2E123435FD,052E123435FD0000,6E1234,positive,0x6E,,true,true,false,2026-07-10T12:42:41.838028+02:00,2920797091824,2920800186017,3.094193,true,true,229511468,229515549,4.081000,true,matched_request_response
run_2,20260711,562,before,562,target_did_random_data,0x1234,6,EE2AB8,2E1234EE2AB8,062E1234EE2AB800,6E1234,positive,0x6E,,true,true,false,2026-07-10T12:42:41.862501+02:00,2920821565372,2920824637145,3.071773,true,true,229535900,229539979,4.079000,true,matched_request_response
run_2,20260711,563,before,563,unknown_did,0x2222,7,50EF70C6,2E222250EF70C6,072E222250EF70C6,7F2E31,negative,0x7F,0x31,false,false,false,2026-07-10T12:42:41.886960+02:00,2920846023834,2920848974083,2.950249,true,true,229560333,229564406,4.073000,true,matched_request_response
run_2,20260711,564,before,564,target_did_random_data,0x1234,4,7B,2E12347B,042E12347B000000,6E1234,positive,0x6E,,true,true,false,2026-07-10T12:42:41.911229+02:00,2920870292746,2920873377301,3.084555,true,true,229584603,229588690,4.087000,true,matched_request_response
run_2,20260711,565,before,565,target_did_random_data,0x1234,7,3074FC06,2E12343074FC06,072E12343074FC06,6E1234,positive,0x6E,,true,true,false,2026-07-10T12:42:41.935654+02:00,2920894717824,2920897793230,3.075406,true,true,229608990,229613069,4.079000,true,matched_request_response
run_2,20260711,566,before,566,target_did_random_data,0x1234,4,B6,2E1234B6,042E1234B6000000,6E1234,positive,0x6E,,true,true,false,2026-07-10T12:42:41.960123+02:00,2920919186763,2920922217470,3.030707,true,true,229633446,229637531,4.085000,true,matched_request_response
run_2,20260711,567,before,567,target_did_random_data,0x1234,7,900CE431,2E1234900CE431,072E1234900CE431,6E1234,positive,0x6E,,true,true,false,2026-07-10T12:42:41.984539+02:00,2920943603250,2920946676491,3.073241,true,true,229657825,229661905,4.080000,true,matched_request_response
run_2,20260711,568,before,568,target_did_random_data,0x1234,4,40,2E123440,042E123440000000,6E1234,positive,0x6E,,true,true,false,2026-07-10T12:42:42.009059+02:00,2920968123662,2920971069372,2.945710,true,true,229682343,229686428,4.085000,true,matched_request_response
run_2,20260711,569,before,569,target_did_random_data,0x1234,7,2ED43947,2E12342ED43947,072E12342ED43947,6E1234,positive,0x6E,,true,true,false,2026-07-10T12:42:42.033359+02:00,2920992422327,2920995505206,3.082879,true,true,229706630,229710705,4.075000,true,matched_request_response
run_2,20260711,570,before,570,target_did_random_data,0x1234,6,3EF0A8,2E12343EF0A8,062E12343EF0A800,6E1234,positive,0x6E,,true,true,false,2026-07-10T12:42:42.057806+02:00,2921016869755,2921019888030,3.018275,true,true,229731034,229735112,4.078000,true,matched_request_response
run_2,20260711,571,before,571,target_did_random_data,0x1234,6,9A9C6C,2E12349A9C6C,062E12349A9C6C00,6E1234,positive,0x6E,,true,true,false,2026-07-10T12:42:42.082234+02:00,2921041297487,2921044259539,2.962052,true,true,229755433,229759509,4.076000,true,matched_request_response
run_2,20260711,572,before,572,target_did_random_data,0x1234,5,9DA3,2E12349DA3,052E12349DA30000,6E1234,positive,0x6E,,true,true,false,2026-07-10T12:42:42.106514+02:00,2921065578482,2921067723387,2.144905,true,true,229779690,229783772,4.082000,true,matched_request_response
run_2,20260711,573,before,573,target_did_random_data,0x1234,4,FE,2E1234FE,042E1234FE000000,6E1234,positive,0x6E,,true,true,false,2026-07-10T12:42:42.130227+02:00,2921089289988,2921092176612,2.886624,true,true,229803410,229807495,4.085000,true,matched_request_response
run_2,20260711,574,before,574,target_did_random_data,0x1234,4,EA,2E1234EA,042E1234EA000000,6E1234,positive,0x6E,,true,true,false,2026-07-10T12:42:42.154507+02:00,2921113571402,2921116554896,2.983494,true,true,229827670,229831756,4.086000,true,matched_request_response
run_2,20260711,575,before,575,target_did_random_data,0x1234,5,F2F9,2E1234F2F9,052E1234F2F90000,6E1234,positive,0x6E,,true,true,false,2026-07-10T12:42:42.178961+02:00,2921138025115,2921140976273,2.951158,true,true,229852096,229856180,4.084000,true,matched_request_response
run_2,20260711,576,before,576,target_did_random_data,0x1234,7,DA299F16,2E1234DA299F16,072E1234DA299F16,6E1234,positive,0x6E,,true,true,false,2026-07-10T12:42:42.203311+02:00,2921162374765,2921165417344,3.042579,true,true,229876425,229880497,4.072000,true,matched_request_response
run_2,20260711,577,before,577,target_did_random_data,0x1234,4,EA,2E1234EA,042E1234EA000000,6E1234,positive,0x6E,,true,true,false,2026-07-10T12:42:42.227710+02:00,2921186773023,2921189782638,3.009615,true,true,229900818,229904905,4.087000,true,matched_request_response
run_2,20260711,578,before,578,missing_data,0x1234,3,,2E1234,032E123400000000,7F2E13,negative,0x7F,0x13,false,false,false,2026-07-10T12:42:42.252087+02:00,2921211151447,2921214241031,3.089584,true,true,229925178,229929269,4.091000,true,matched_request_response
run_2,20260711,579,before,579,target_did_random_data,0x1234,4,8B,2E12348B,042E12348B000000,6E1234,positive,0x6E,,true,true,false,2026-07-10T12:42:42.276494+02:00,2921235557529,2921238633283,3.075754,true,true,229949556,229953643,4.087000,true,matched_request_response
run_2,20260711,580,before,580,read_only_did,0x1001,5,1297,2E10011297,052E100112970000,7F2E31,negative,0x7F,0x31,false,false,false,2026-07-10T12:42:42.300931+02:00,2921259995318,2921263121079,3.125761,true,true,229974012,229978099,4.087000,true,matched_request_response
run_2,20260711,581,before,581,target_did_random_data,0x1234,6,9F723F,2E12349F723F,062E12349F723F00,6E1234,positive,0x6E,,true,true,false,2026-07-10T12:42:42.325449+02:00,2921284512028,2921287496221,2.984193,true,true,229998487,230002564,4.077000,true,matched_request_response
run_2,20260711,582,before,582,target_did_random_data,0x1234,5,A61A,2E1234A61A,052E1234A61A0000,6E1234,positive,0x6E,,true,true,false,2026-07-10T12:42:42.349860+02:00,2921308924745,2921311921997,2.997252,true,true,230022887,230026970,4.083000,true,matched_request_response
run_2,20260711,583,before,583,target_did_random_data,0x1234,5,5C4B,2E12345C4B,052E12345C4B0000,6E1234,positive,0x6E,,true,true,false,2026-07-10T12:42:42.374235+02:00,2921333297861,2921336243500,2.945639,true,true,230047228,230051309,4.081000,true,matched_request_response
run_2,20260711,584,before,584,missing_data,0x1234,3,,2E1234,032E123400000000,7F2E13,negative,0x7F,0x13,false,false,false,2026-07-10T12:42:42.398463+02:00,2921357527243,2921359737869,2.210626,true,true,230071450,230075539,4.089000,true,matched_request_response
run_2,20260711,585,before,585,unknown_did,0xF187,4,F6,2EF187F6,042EF187F6000000,7F2E31,negative,0x7F,0x31,false,false,false,2026-07-10T12:42:42.422035+02:00,2921381100044,2921384136757,3.036713,true,true,230095015,230099102,4.087000,true,matched_request_response
run_2,20260711,586,before,586,target_did_random_data,0x1234,4,44,2E123444,042E123444000000,6E1234,positive,0x6E,,true,true,false,2026-07-10T12:42:42.446389+02:00,2921405452556,2921408576572,3.124016,true,true,230119350,230123434,4.084000,true,matched_request_response
run_2,20260711,587,before,587,read_only_did,0x1001,5,503E,2E1001503E,052E1001503E0000,7F2E31,negative,0x7F,0x31,false,false,false,2026-07-10T12:42:42.470841+02:00,2921429905012,2921432991383,3.086371,true,true,230143772,230147860,4.088000,true,matched_request_response
run_2,20260711,588,before,588,target_did_random_data,0x1234,7,8703B8DD,2E12348703B8DD,072E12348703B8DD,6E1234,positive,0x6E,,true,true,false,2026-07-10T12:42:42.495323+02:00,2921454386872,2921457368690,2.981818,true,true,230168225,230172302,4.077000,true,matched_request_response
run_2,20260711,589,before,589,target_did_random_data,0x1234,4,02,2E123402,042E123402000000,6E1234,positive,0x6E,,true,true,false,2026-07-10T12:42:42.519651+02:00,2921478715010,2921481779939,3.064929,true,true,230192555,230196647,4.092000,true,matched_request_response
run_2,20260711,590,before,590,target_did_random_data,0x1234,5,1912,2E12341912,052E123419120000,6E1234,positive,0x6E,,true,true,false,2026-07-10T12:42:42.544047+02:00,2921503111313,2921506178687,3.067374,true,true,230216914,230220997,4.083000,true,matched_request_response
run_2,20260711,591,before,591,read_only_did,0x1001,4,AB,2E1001AB,042E1001AB000000,7F2E31,negative,0x7F,0x31,false,false,false,2026-07-10T12:42:42.568468+02:00,2921527531223,2921530685829,3.154606,true,true,230241317,230245406,4.089000,true,matched_request_response
run_2,20260711,592,before,592,target_did_random_data,0x1234,4,2A,2E12342A,042E12342A000000,6E1234,positive,0x6E,,true,true,false,2026-07-10T12:42:42.592975+02:00,2921552039203,2921555074031,3.034828,true,true,230265817,230269904,4.087000,true,matched_request_response
run_2,20260711,593,before,593,target_did_random_data,0x1234,7,73380A1A,2E123473380A1A,072E123473380A1A,6E1234,positive,0x6E,,true,true,false,2026-07-10T12:42:42.617445+02:00,2921576508491,2921579449452,2.940961,true,true,230290252,230294329,4.077000,true,matched_request_response
run_2,20260711,594,before,594,unknown_did,0xF187,4,32,2EF18732,042EF18732000000,7F2E31,negative,0x7F,0x31,false,false,false,2026-07-10T12:42:42.641819+02:00,2921600883423,2921603900860,3.017437,true,true,230314616,230318703,4.087000,true,matched_request_response
run_2,20260711,595,before,595,target_did_random_data,0x1234,7,DC6723CE,2E1234DC6723CE,072E1234DC6723CE,6E1234,positive,0x6E,,true,true,false,2026-07-10T12:42:42.666219+02:00,2921625283498,2921628304427,3.020929,true,true,230338958,230343033,4.075000,true,matched_request_response
run_2,20260711,596,before,596,target_did_random_data,0x1234,4,D5,2E1234D5,042E1234D5000000,6E1234,positive,0x6E,,true,true,false,2026-07-10T12:42:42.690597+02:00,2921649660804,2921652690184,3.029380,true,true,230363342,230367426,4.084000,true,matched_request_response
run_2,20260711,597,before,597,target_did_random_data,0x1234,4,8B,2E12348B,042E12348B000000,6E1234,positive,0x6E,,true,true,false,2026-07-10T12:42:42.714931+02:00,2921673994111,2921677100875,3.106764,true,true,230387662,230391749,4.087000,true,matched_request_response
run_2,20260711,598,before,598,target_did_random_data,0x1234,6,E9609C,2E1234E9609C,062E1234E9609C00,6E1234,positive,0x6E,,true,true,false,2026-07-10T12:42:42.739303+02:00,2921698367366,2921700539021,2.171655,true,true,230411993,230416072,4.079000,true,matched_request_response
run_2,20260711,599,before,599,target_did_random_data,0x1234,5,6BEF,2E12346BEF,052E12346BEF0000,6E1234,positive,0x6E,,true,true,false,2026-07-10T12:42:42.762768+02:00,2921721830865,2921723989181,2.158316,true,true,230435450,230439531,4.081000,true,matched_request_response
run_2,20260711,600,before,600,missing_data,0x1234,3,,2E1234,032E123400000000,7F2E13,negative,0x7F,0x13,false,false,false,2026-07-10T12:42:42.786302+02:00,2921745365463,2921748377871,3.012408,true,true,230458962,230463053,4.091000,true,matched_request_response
run_2,20260711,601,before,601,unknown_did,0x3333,7,FA83D67B,2E3333FA83D67B,072E3333FA83D67B,7F2E31,negative,0x7F,0x31,false,false,false,2026-07-10T12:42:42.810619+02:00,2921769682287,2921771856316,2.174029,true,true,230483255,230487328,4.073000,true,matched_request_response
run_2,20260711,602,before,602,target_did_random_data,0x1234,5,06F4,2E123406F4,052E123406F40000,6E1234,positive,0x6E,,true,true,false,2026-07-10T12:42:42.834207+02:00,2921793270453,2921796287680,3.017227,true,true,230506830,230510917,4.087000,true,matched_request_response
run_2,20260711,603,before,603,target_did_random_data,0x1234,7,A4412404,2E1234A4412404,072E1234A4412404,6E1234,positive,0x6E,,true,true,false,2026-07-10T12:42:42.858577+02:00,2921817641543,2921820671202,3.029659,true,true,230531162,230535242,4.080000,true,matched_request_response
run_2,20260711,604,before,604,missing_data,0x1234,3,,2E1234,032E123400000000,7F2E13,negative,0x7F,0x13,false,false,false,2026-07-10T12:42:42.882976+02:00,2921842040850,2921845098166,3.057316,true,true,230555552,230559643,4.091000,true,matched_request_response
run_2,20260711,605,before,605,target_did_random_data,0x1234,5,B520,2E1234B520,052E1234B5200000,6E1234,positive,0x6E,,true,true,false,2026-07-10T12:42:42.907410+02:00,2921866473960,2921869500825,3.026865,true,true,230579949,230584032,4.083000,true,matched_request_response
run_2,20260711,606,before,606,unknown_did,0x3333,5,EFF2,2E3333EFF2,052E3333EFF20000,7F2E31,negative,0x7F,0x31,false,false,false,2026-07-10T12:42:42.931828+02:00,2921890892403,2921893959707,3.067304,true,true,230604352,230608433,4.081000,true,matched_request_response
run_2,20260711,607,before,607,target_did_random_data,0x1234,5,0CEF,2E12340CEF,052E12340CEF0000,6E1234,positive,0x6E,,true,true,false,2026-07-10T12:42:42.956336+02:00,2921915399894,2921918365579,2.965685,true,true,230628827,230632914,4.087000,true,matched_request_response
run_2,20260711,608,before,608,read_only_did,0x1001,5,574C,2E1001574C,052E1001574C0000,7F2E31,negative,0x7F,0x31,false,false,false,2026-07-10T12:42:42.980678+02:00,2921939742350,2921942744631,3.002281,true,true,230653153,230657241,4.088000,true,matched_request_response
run_2,20260711,609,before,609,target_did_random_data,0x1234,4,3B,2E12343B,042E12343B000000,6E1234,positive,0x6E,,true,true,false,2026-07-10T12:42:43.005085+02:00,2921964149199,2921967178998,3.029799,true,true,230677551,230681638,4.087000,true,matched_request_response
run_2,20260711,610,before,610,target_did_random_data,0x1234,7,A00FE725,2E1234A00FE725,072E1234A00FE725,6E1234,positive,0x6E,,true,true,false,2026-07-10T12:42:43.029485+02:00,2921988549763,2921991657715,3.107952,true,true,230701900,230705979,4.079000,true,matched_request_response
run_2,20260711,611,before,611,target_did_random_data,0x1234,6,2E2DA8,2E12342E2DA8,062E12342E2DA800,6E1234,positive,0x6E,,true,true,false,2026-07-10T12:42:43.054153+02:00,2922013216563,2922016075111,2.858548,true,true,230726552,230730631,4.079000,true,matched_request_response
run_2,20260711,612,before,612,target_did_random_data,0x1234,6,16BFFB,2E123416BFFB,062E123416BFFB00,6E1234,positive,0x6E,,true,true,false,2026-07-10T12:42:43.078443+02:00,2922037507546,2922040417916,2.910370,true,true,230750819,230754898,4.079000,true,matched_request_response
run_2,20260711,613,before,613,unknown_did,0x2222,6,C12644,2E2222C12644,062E2222C1264400,7F2E31,negative,0x7F,0x31,false,false,false,2026-07-10T12:42:43.103114+02:00,2922062178886,2922064867857,2.688971,true,true,230775472,230779549,4.077000,true,matched_request_response
run_2,20260711,614,before,614,unknown_did,0x2222,4,98,2E222298,042E222298000000,7F2E31,negative,0x7F,0x31,false,false,false,2026-07-10T12:42:43.127215+02:00,2922086279969,2922089236783,2.956814,true,true,230799557,230803644,4.087000,true,matched_request_response
run_2,20260711,615,before,615,target_did_random_data,0x1234,4,C3,2E1234C3,042E1234C3000000,6E1234,positive,0x6E,,true,true,false,2026-07-10T12:42:43.151540+02:00,2922110602938,2922113712846,3.109908,true,true,230823855,230827941,4.086000,true,matched_request_response
run_2,20260711,616,before,616,target_did_random_data,0x1234,6,E82207,2E1234E82207,062E1234E8220700,6E1234,positive,0x6E,,true,true,false,2026-07-10T12:42:43.176079+02:00,2922135143395,2922138100419,2.957024,true,true,230848374,230852455,4.081000,true,matched_request_response
run_2,20260711,617,before,617,target_did_random_data,0x1234,6,A12963,2E1234A12963,062E1234A1296300,6E1234,positive,0x6E,,true,true,false,2026-07-10T12:42:43.200425+02:00,2922159489133,2922162521796,3.032663,true,true,230872680,230876759,4.079000,true,matched_request_response
run_2,20260711,618,before,618,target_did_random_data,0x1234,6,C4D72D,2E1234C4D72D,062E1234C4D72D00,6E1234,positive,0x6E,,true,true,false,2026-07-10T12:42:43.224857+02:00,2922183921335,2922186890512,2.969177,true,true,230897083,230901161,4.078000,true,matched_request_response
run_2,20260711,619,before,619,target_did_random_data,0x1234,4,1C,2E12341C,042E12341C000000,6E1234,positive,0x6E,,true,true,false,2026-07-10T12:42:43.249215+02:00,2922208279575,2922211345063,3.065488,true,true,230921435,230925519,4.084000,true,matched_request_response
run_2,20260711,620,before,620,target_did_random_data,0x1234,7,8F47628C,2E12348F47628C,072E12348F47628C,6E1234,positive,0x6E,,true,true,false,2026-07-10T12:42:43.273651+02:00,2922232714990,2922235714618,2.999628,true,true,230945814,230949889,4.075000,true,matched_request_response
run_2,20260711,621,before,621,target_did_random_data,0x1234,7,E8DEFAA0,2E1234E8DEFAA0,072E1234E8DEFAA0,6E1234,positive,0x6E,,true,true,false,2026-07-10T12:42:43.298017+02:00,2922257080913,2922260143537,3.062624,true,true,230970167,230974242,4.075000,true,matched_request_response
run_2,20260711,622,before,622,target_did_random_data,0x1234,6,09C7AA,2E123409C7AA,062E123409C7AA00,6E1234,positive,0x6E,,true,true,false,2026-07-10T12:42:43.322407+02:00,2922281471210,2922284539422,3.068212,true,true,230994535,230998618,4.083000,true,matched_request_response
run_2,20260711,623,before,623,target_did_random_data,0x1234,5,2403,2E12342403,052E123424030000,6E1234,positive,0x6E,,true,true,false,2026-07-10T12:42:43.346834+02:00,2922305898523,2922309160825,3.262302,true,true,231018953,231023040,4.087000,true,matched_request_response
run_2,20260711,624,before,624,target_did_random_data,0x1234,7,5938A915,2E12345938A915,072E12345938A915,6E1234,positive,0x6E,,true,true,false,2026-07-10T12:42:43.371462+02:00,2922330525793,2922333406131,2.880338,true,true,231043547,231047621,4.074000,true,matched_request_response
run_2,20260711,625,before,625,target_did_random_data,0x1234,6,40C2CC,2E123440C2CC,062E123440C2CC00,6E1234,positive,0x6E,,true,true,false,2026-07-10T12:42:43.395701+02:00,2922354765302,2922357828415,3.063113,true,true,231067770,231071849,4.079000,true,matched_request_response
run_2,20260711,626,before,626,target_did_random_data,0x1234,4,1C,2E12341C,042E12341C000000,6E1234,positive,0x6E,,true,true,false,2026-07-10T12:42:43.420172+02:00,2922379236895,2922382240014,3.003119,true,true,231092237,231096322,4.085000,true,matched_request_response
run_2,20260711,627,before,627,target_did_random_data,0x1234,6,9CA71F,2E12349CA71F,062E12349CA71F00,6E1234,positive,0x6E,,true,true,false,2026-07-10T12:42:43.444563+02:00,2922403627052,2922406664813,3.037761,true,true,231116581,231120660,4.079000,true,matched_request_response
run_2,20260711,628,before,628,read_only_did,0x1001,5,8761,2E10018761,052E100187610000,7F2E31,negative,0x7F,0x31,false,false,false,2026-07-10T12:42:43.469007+02:00,2922428070708,2922431080323,3.009615,true,true,231141006,231145093,4.087000,true,matched_request_response
run_2,20260711,629,before,629,unknown_did,0x3333,5,AF0E,2E3333AF0E,052E3333AF0E0000,7F2E31,negative,0x7F,0x31,false,false,false,2026-07-10T12:42:43.493395+02:00,2922452458980,2922455454976,2.995996,true,true,231165363,231169448,4.085000,true,matched_request_response
run_2,20260711,630,before,630,target_did_random_data,0x1234,6,E52FE6,2E1234E52FE6,062E1234E52FE600,6E1234,positive,0x6E,,true,true,false,2026-07-10T12:42:43.517872+02:00,2922476936021,2922479867971,2.931950,true,true,231189803,231193882,4.079000,true,matched_request_response
run_2,20260711,631,before,631,target_did_random_data,0x1234,4,6A,2E12346A,042E12346A000000,6E1234,positive,0x6E,,true,true,false,2026-07-10T12:42:43.542185+02:00,2922501249492,2922504265602,3.016110,true,true,231214104,231218193,4.089000,true,matched_request_response
run_2,20260711,632,before,632,target_did_random_data,0x1234,4,CF,2E1234CF,042E1234CF000000,6E1234,positive,0x6E,,true,true,false,2026-07-10T12:42:43.566564+02:00,2922525628195,2922528744668,3.116473,true,true,231238464,231242549,4.085000,true,matched_request_response
run_2,20260711,633,before,633,read_only_did,0x1001,5,CF97,2E1001CF97,052E1001CF970000,7F2E31,negative,0x7F,0x31,false,false,false,2026-07-10T12:42:43.591055+02:00,2922550119065,2922553117435,2.998370,true,true,231262934,231267021,4.087000,true,matched_request_response
run_2,20260711,634,before,634,target_did_random_data,0x1234,6,720693,2E1234720693,062E123472069300,6E1234,positive,0x6E,,true,true,false,2026-07-10T12:42:43.615416+02:00,2922574480308,2922577560043,3.079735,true,true,231287257,231291338,4.081000,true,matched_request_response
run_2,20260711,635,before,635,target_did_random_data,0x1234,7,BE8ABC65,2E1234BE8ABC65,072E1234BE8ABC65,6E1234,positive,0x6E,,true,true,false,2026-07-10T12:42:43.640004+02:00,2922599068396,2922601922893,2.854497,true,true,231311816,231315890,4.074000,true,matched_request_response
run_2,20260711,636,before,636,target_did_random_data,0x1234,5,F2C4,2E1234F2C4,052E1234F2C40000,6E1234,positive,0x6E,,true,true,false,2026-07-10T12:42:43.664267+02:00,2922623331861,2922626331209,2.999348,true,true,231336062,231340144,4.082000,true,matched_request_response
run_2,20260711,637,before,637,target_did_random_data,0x1234,6,2090D8,2E12342090D8,062E12342090D800,6E1234,positive,0x6E,,true,true,false,2026-07-10T12:42:43.688638+02:00,2922647702742,2922650787506,3.084764,true,true,231360407,231364483,4.076000,true,matched_request_response
run_2,20260711,638,before,638,target_did_random_data,0x1234,5,F121,2E1234F121,052E1234F1210000,6E1234,positive,0x6E,,true,true,false,2026-07-10T12:42:43.713125+02:00,2922672189910,2922675193658,3.003748,true,true,231384878,231388960,4.082000,true,matched_request_response
run_2,20260711,639,before,639,target_did_random_data,0x1234,6,B8213D,2E1234B8213D,062E1234B8213D00,6E1234,positive,0x6E,,true,true,false,2026-07-10T12:42:43.737524+02:00,2922696588448,2922699676914,3.088466,true,true,231409247,231413324,4.077000,true,matched_request_response
run_2,20260711,640,before,640,unknown_did,0xF187,6,E16E77,2EF187E16E77,062EF187E16E7700,7F2E31,negative,0x7F,0x31,false,false,false,2026-07-10T12:42:43.762251+02:00,2922721314893,2922724041230,2.726337,true,true,231433948,231438027,4.079000,true,matched_request_response
run_2,20260711,641,before,641,target_did_random_data,0x1234,4,EF,2E1234EF,042E1234EF000000,6E1234,positive,0x6E,,true,true,false,2026-07-10T12:42:43.786347+02:00,2922745411855,2922748465680,3.053825,true,true,231458080,231462167,4.087000,true,matched_request_response
run_2,20260711,642,before,642,missing_data,0x1234,3,,2E1234,032E123400000000,7F2E13,negative,0x7F,0x13,false,false,false,2026-07-10T12:42:43.810849+02:00,2922769912153,2922772887196,2.975043,true,true,231482508,231486597,4.089000,true,matched_request_response
run_2,20260711,643,before,643,target_did_random_data,0x1234,5,C3C7,2E1234C3C7,052E1234C3C70000,6E1234,positive,0x6E,,true,true,false,2026-07-10T12:42:43.835224+02:00,2922794287993,2922797288668,3.000675,true,true,231506847,231510930,4.083000,true,matched_request_response
run_2,20260711,644,before,644,unknown_did,0x3333,6,853B5A,2E3333853B5A,062E3333853B5A00,7F2E31,negative,0x7F,0x31,false,false,false,2026-07-10T12:42:43.859675+02:00,2922818737865,2922821689302,2.951437,true,true,231531267,231535344,4.077000,true,matched_request_response
run_2,20260711,645,before,645,missing_data,0x1234,3,,2E1234,032E123400000000,7F2E13,negative,0x7F,0x13,false,false,false,2026-07-10T12:42:43.884017+02:00,2922843081229,2922846135333,3.054104,true,true,231555603,231559694,4.091000,true,matched_request_response
run_2,20260711,646,before,646,target_did_random_data,0x1234,5,D827,2E1234D827,052E1234D8270000,6E1234,positive,0x6E,,true,true,false,2026-07-10T12:42:43.908463+02:00,2922867527609,2922870474436,2.946827,true,true,231580028,231584111,4.083000,true,matched_request_response
run_2,20260711,647,before,647,target_did_random_data,0x1234,6,777987,2E1234777987,062E123477798700,6E1234,positive,0x6E,,true,true,false,2026-07-10T12:42:43.932808+02:00,2922891871810,2922894963000,3.091190,true,true,231604330,231608406,4.076000,true,matched_request_response
run_2,20260711,648,before,648,missing_data,0x1234,3,,2E1234,032E123400000000,7F2E13,negative,0x7F,0x13,false,false,false,2026-07-10T12:42:43.957273+02:00,2922916336349,2922919374110,3.037761,true,true,231628789,231632880,4.091000,true,matched_request_response
run_2,20260711,649,before,649,read_only_did,0x1001,4,F7,2E1001F7,042E1001F7000000,7F2E31,negative,0x7F,0x31,false,false,false,2026-07-10T12:42:43.981712+02:00,2922940775675,2922947158570,6.382895,true,true,231653201,231657289,4.088000,true,matched_request_response
run_2,20260711,650,before,650,target_did_random_data,0x1234,4,85,2E123485,042E123485000000,6E1234,positive,0x6E,,true,true,false,2026-07-10T12:42:44.009614+02:00,2922968678167,2922973589220,4.911053,true,true,231681067,231685154,4.087000,true,matched_request_response
run_2,20260711,651,before,651,target_did_random_data,0x1234,5,C188,2E1234C188,052E1234C1880000,6E1234,positive,0x6E,,true,true,false,2026-07-10T12:42:44.035804+02:00,2922994866467,2922997446486,2.580019,true,true,231707210,231711291,4.081000,true,matched_request_response
run_2,20260711,652,before,652,target_did_random_data,0x1234,7,32971CEE,2E123432971CEE,072E123432971CEE,6E1234,positive,0x6E,,true,true,false,2026-07-10T12:42:44.059692+02:00,2923018755860,2923020913547,2.157687,true,true,231731063,231735138,4.075000,true,matched_request_response
run_2,20260711,653,before,653,unknown_did,0xF187,4,F8,2EF187F8,042EF187F8000000,7F2E31,negative,0x7F,0x31,false,false,false,2026-07-10T12:42:44.083158+02:00,2923042221804,2923045304543,3.082739,true,true,231754520,231758605,4.085000,true,matched_request_response
run_2,20260711,654,before,654,missing_data,0x1234,3,,2E1234,032E123400000000,7F2E13,negative,0x7F,0x13,false,false,false,2026-07-10T12:42:44.107553+02:00,2923066616711,2923069765590,3.148879,true,true,231778900,231782991,4.091000,true,matched_request_response
run_2,20260711,655,before,655,unknown_did,0xF187,4,5F,2EF1875F,042EF1875F000000,7F2E31,negative,0x7F,0x31,false,false,false,2026-07-10T12:42:44.132084+02:00,2923091148298,2923094189551,3.041253,true,true,231803419,231807503,4.084000,true,matched_request_response
run_2,20260711,656,before,656,target_did_random_data,0x1234,4,D1,2E1234D1,042E1234D1000000,6E1234,positive,0x6E,,true,true,false,2026-07-10T12:42:44.156487+02:00,2923115551166,2923118602477,3.051311,true,true,231827780,231831866,4.086000,true,matched_request_response
run_2,20260711,657,before,657,target_did_random_data,0x1234,7,617D961D,2E1234617D961D,072E1234617D961D,6E1234,positive,0x6E,,true,true,false,2026-07-10T12:42:44.180978+02:00,2923140041966,2923142930964,2.888998,true,true,231852237,231856309,4.072000,true,matched_request_response
run_2,20260711,658,before,658,target_did_random_data,0x1234,5,AC15,2E1234AC15,052E1234AC150000,6E1234,positive,0x6E,,true,true,false,2026-07-10T12:42:44.205211+02:00,2923164275539,2923167348849,3.073310,true,true,231876461,231880542,4.081000,true,matched_request_response
run_2,20260711,659,before,659,target_did_random_data,0x1234,6,BF0A29,2E1234BF0A29,062E1234BF0A2900,6E1234,positive,0x6E,,true,true,false,2026-07-10T12:42:44.229666+02:00,2923188730370,2923191857318,3.126948,true,true,231900883,231904966,4.083000,true,matched_request_response
run_2,20260711,660,before,660,target_did_random_data,0x1234,5,24C3,2E123424C3,052E123424C30000,6E1234,positive,0x6E,,true,true,false,2026-07-10T12:42:44.254182+02:00,2923213246940,2923216224568,2.977628,true,true,231925382,231929463,4.081000,true,matched_request_response
run_2,20260711,661,before,661,target_did_random_data,0x1234,5,11D5,2E123411D5,052E123411D50000,6E1234,positive,0x6E,,true,true,false,2026-07-10T12:42:44.278541+02:00,2923237605599,2923240717393,3.111794,true,true,231949716,231953799,4.083000,true,matched_request_response
run_2,20260711,662,before,662,target_did_random_data,0x1234,5,BEF8,2E1234BEF8,052E1234BEF80000,6E1234,positive,0x6E,,true,true,false,2026-07-10T12:42:44.303073+02:00,2923262136977,2923265053283,2.916306,true,true,231974243,231978323,4.080000,true,matched_request_response
run_2,20260711,663,before,663,target_did_random_data,0x1234,6,D7E639,2E1234D7E639,062E1234D7E63900,6E1234,positive,0x6E,,true,true,false,2026-07-10T12:42:44.327355+02:00,2923286419299,2923289500990,3.081691,true,true,231998531,232002610,4.079000,true,matched_request_response
run_2,20260711,664,before,664,target_did_random_data,0x1234,4,C7,2E1234C7,042E1234C7000000,6E1234,positive,0x6E,,true,true,false,2026-07-10T12:42:44.351817+02:00,2923310881603,2923313890589,3.008986,true,true,232022933,232027020,4.087000,true,matched_request_response
run_2,20260711,665,before,665,target_did_random_data,0x1234,6,EB7C12,2E1234EB7C12,062E1234EB7C1200,6E1234,positive,0x6E,,true,true,false,2026-07-10T12:42:44.377272+02:00,2923336336775,2923339253012,2.916237,true,true,232048396,232052471,4.075000,true,matched_request_response
run_2,20260711,666,before,666,target_did_random_data,0x1234,6,60D200,2E123460D200,062E123460D20000,6E1234,positive,0x6E,,true,true,false,2026-07-10T12:42:44.401562+02:00,2923360625872,2923363754218,3.128346,true,true,232072630,232076712,4.082000,true,matched_request_response
run_2,20260711,667,before,667,target_did_random_data,0x1234,7,3B49A3C9,2E12343B49A3C9,072E12343B49A3C9,6E1234,positive,0x6E,,true,true,false,2026-07-10T12:42:44.426041+02:00,2923385103402,2923388036749,2.933347,true,true,232097052,232101127,4.075000,true,matched_request_response
run_2,20260711,668,before,668,read_only_did,0x1001,4,30,2E100130,042E100130000000,7F2E31,negative,0x7F,0x31,false,false,false,2026-07-10T12:42:44.450245+02:00,2923409309596,2923411462534,2.152938,true,true,232121272,232125361,4.089000,true,matched_request_response
run_2,20260711,669,before,669,missing_data,0x1234,3,,2E1234,032E123400000000,7F2E13,negative,0x7F,0x13,false,false,false,2026-07-10T12:42:44.473692+02:00,2923432756054,2923434981417,2.225363,true,true,232144678,232148768,4.090000,true,matched_request_response
run_2,20260711,670,before,670,read_only_did,0x1001,6,13C779,2E100113C779,062E100113C77900,7F2E31,negative,0x7F,0x31,false,false,false,2026-07-10T12:42:44.497267+02:00,2923456331160,2923459400978,3.069818,true,true,232168232,232172313,4.081000,true,matched_request_response
run_2,20260711,671,before,671,target_did_random_data,0x1234,6,6717CB,2E12346717CB,062E12346717CB00,6E1234,positive,0x6E,,true,true,false,2026-07-10T12:42:44.521715+02:00,2923480779007,2923483822076,3.043069,true,true,232192645,232196724,4.079000,true,matched_request_response
run_2,20260711,672,before,672,target_did_random_data,0x1234,5,DF12,2E1234DF12,052E1234DF120000,6E1234,positive,0x6E,,true,true,false,2026-07-10T12:42:44.546188+02:00,2923505252835,2923508244850,2.992015,true,true,232217104,232221189,4.085000,true,matched_request_response
run_2,20260711,673,before,673,target_did_random_data,0x1234,7,123D97F4,2E1234123D97F4,072E1234123D97F4,6E1234,positive,0x6E,,true,true,false,2026-07-10T12:42:44.570525+02:00,2923529590122,2923532663223,3.073101,true,true,232241415,232245487,4.072000,true,matched_request_response
run_2,20260711,674,before,674,unknown_did,0xF187,7,D2130243,2EF187D2130243,072EF187D2130243,7F2E31,negative,0x7F,0x31,false,false,false,2026-07-10T12:42:44.594932+02:00,2923553996483,2923557068536,3.072053,true,true,232265797,232269876,4.079000,true,matched_request_response
run_2,20260711,675,before,675,missing_data,0x1234,3,,2E1234,032E123400000000,7F2E13,negative,0x7F,0x13,false,false,false,2026-07-10T12:42:44.619400+02:00,2923578464444,2923581674505,3.210061,true,true,232290253,232294342,4.089000,true,matched_request_response
run_2,20260711,676,before,676,target_did_random_data,0x1234,5,2960,2E12342960,052E123429600000,6E1234,positive,0x6E,,true,true,false,2026-07-10T12:42:44.644061+02:00,2923603125937,2923605812813,2.686876,true,true,232314877,232318960,4.083000,true,matched_request_response
run_2,20260711,677,before,677,target_did_random_data,0x1234,5,05FF,2E123405FF,052E123405FF0000,6E1234,positive,0x6E,,true,true,false,2026-07-10T12:42:44.668122+02:00,2923627185674,2923630319816,3.134142,true,true,232338917,232343004,4.087000,true,matched_request_response
run_2,20260711,678,before,678,target_did_random_data,0x1234,5,D7A3,2E1234D7A3,052E1234D7A30000,6E1234,positive,0x6E,,true,true,false,2026-07-10T12:42:44.692609+02:00,2923651673121,2923654681059,3.007938,true,true,232363364,232367445,4.081000,true,matched_request_response
run_2,20260711,679,before,679,target_did_random_data,0x1234,4,90,2E123490,042E123490000000,6E1234,positive,0x6E,,true,true,false,2026-07-10T12:42:44.717084+02:00,2923676148695,2923679138335,2.989640,true,true,232387834,232391920,4.086000,true,matched_request_response
run_2,20260711,680,before,680,target_did_random_data,0x1234,5,559F,2E1234559F,052E1234559F0000,6E1234,positive,0x6E,,true,true,false,2026-07-10T12:42:44.741387+02:00,2923700451410,2923703539387,3.087977,true,true,232412114,232416199,4.085000,true,matched_request_response
run_2,20260711,681,before,681,target_did_random_data,0x1234,5,3643,2E12343643,052E123436430000,6E1234,positive,0x6E,,true,true,false,2026-07-10T12:42:44.765808+02:00,2923724871809,2923727950637,3.078828,true,true,232436487,232440568,4.081000,true,matched_request_response
run_2,20260711,682,before,682,target_did_random_data,0x1234,7,704DC9C6,2E1234704DC9C6,072E1234704DC9C6,6E1234,positive,0x6E,,true,true,false,2026-07-10T12:42:44.790268+02:00,2923749330691,2923752344706,3.014015,true,true,232460897,232464972,4.075000,true,matched_request_response
run_2,20260711,683,before,683,target_did_random_data,0x1234,6,2A9E6C,2E12342A9E6C,062E12342A9E6C00,6E1234,positive,0x6E,,true,true,false,2026-07-10T12:42:44.814583+02:00,2923773646956,2923776754210,3.107254,true,true,232485214,232489290,4.076000,true,matched_request_response
run_2,20260711,684,before,684,unknown_did,0x2222,5,445F,2E2222445F,052E2222445F0000,7F2E31,negative,0x7F,0x31,false,false,false,2026-07-10T12:42:44.839017+02:00,2923798080625,2923801183339,3.102714,true,true,232509628,232513711,4.083000,true,matched_request_response
run_2,20260711,685,before,685,target_did_random_data,0x1234,5,B3FF,2E1234B3FF,052E1234B3FF0000,6E1234,positive,0x6E,,true,true,false,2026-07-10T12:42:44.863480+02:00,2923822543767,2923825632303,3.088536,true,true,232534067,232538150,4.083000,true,matched_request_response
run_2,20260711,686,before,686,target_did_random_data,0x1234,6,909192,2E1234909192,062E123490919200,6E1234,positive,0x6E,,true,true,false,2026-07-10T12:42:44.887975+02:00,2923847037919,2923850045369,3.007450,true,true,232558535,232562614,4.079000,true,matched_request_response
run_2,20260711,687,before,687,target_did_random_data,0x1234,4,0B,2E12340B,042E12340B000000,6E1234,positive,0x6E,,true,true,false,2026-07-10T12:42:44.912355+02:00,2923871419975,2923874417298,2.997323,true,true,232582944,232587035,4.091000,true,matched_request_response
run_2,20260711,688,before,688,target_did_random_data,0x1234,6,18D73E,2E123418D73E,062E123418D73E00,6E1234,positive,0x6E,,true,true,false,2026-07-10T12:42:44.936739+02:00,2923895803987,2923898849360,3.045373,true,true,232607260,232611336,4.076000,true,matched_request_response
run_2,20260711,689,before,689,target_did_random_data,0x1234,4,B0,2E1234B0,042E1234B0000000,6E1234,positive,0x6E,,true,true,false,2026-07-10T12:42:44.961129+02:00,2923920193236,2923923259632,3.066396,true,true,232631624,232635711,4.087000,true,matched_request_response
run_2,20260711,690,before,690,target_did_random_data,0x1234,4,58,2E123458,042E123458000000,6E1234,positive,0x6E,,true,true,false,2026-07-10T12:42:44.985527+02:00,2923944590029,2923947653212,3.063183,true,true,232655994,232660081,4.087000,true,matched_request_response
run_2,20260711,691,before,691,target_did_random_data,0x1234,6,E26D74,2E1234E26D74,062E1234E26D7400,6E1234,positive,0x6E,,true,true,false,2026-07-10T12:42:45.009887+02:00,2923968950993,2923971141505,2.190512,true,true,232680311,232684388,4.077000,true,matched_request_response
run_2,20260711,692,before,692,target_did_random_data,0x1234,4,78,2E123478,042E123478000000,6E1234,positive,0x6E,,true,true,false,2026-07-10T12:42:45.033402+02:00,2923992467642,2923995547447,3.079805,true,true,232703846,232707932,4.086000,true,matched_request_response
run_2,20260711,693,before,693,target_did_random_data,0x1234,4,7B,2E12347B,042E12347B000000,6E1234,positive,0x6E,,true,true,false,2026-07-10T12:42:45.057802+02:00,2924016865971,2924019962538,3.096567,true,true,232728203,232732287,4.084000,true,matched_request_response
run_2,20260711,694,before,694,target_did_random_data,0x1234,5,BDFE,2E1234BDFE,052E1234BDFE0000,6E1234,positive,0x6E,,true,true,false,2026-07-10T12:42:45.082238+02:00,2924041301246,2924044336353,3.035107,true,true,232752603,232756686,4.083000,true,matched_request_response
run_2,20260711,695,before,695,target_did_random_data,0x1234,7,70C7C4F0,2E123470C7C4F0,072E123470C7C4F0,6E1234,positive,0x6E,,true,true,false,2026-07-10T12:42:45.106591+02:00,2924065655226,2924068765133,3.109907,true,true,232776925,232781000,4.075000,true,matched_request_response
run_2,20260711,696,before,696,missing_data,0x1234,3,,2E1234,032E123400000000,7F2E13,negative,0x7F,0x13,false,false,false,2026-07-10T12:42:45.131126+02:00,2924090189956,2924093234352,3.044396,true,true,232801455,232805544,4.089000,true,matched_request_response
run_2,20260711,697,before,697,target_did_random_data,0x1234,4,07,2E123407,042E123407000000,6E1234,positive,0x6E,,true,true,false,2026-07-10T12:42:45.155558+02:00,2924114622228,2924117584839,2.962611,true,true,232825879,232829970,4.091000,true,matched_request_response
run_2,20260711,698,before,698,target_did_random_data,0x1234,6,F40D0C,2E1234F40D0C,062E1234F40D0C00,6E1234,positive,0x6E,,true,true,false,2026-07-10T12:42:45.179914+02:00,2924138978722,2924142092122,3.113400,true,true,232850212,232854296,4.084000,true,matched_request_response
run_2,20260711,699,before,699,unknown_did,0x3333,4,95,2E333395,042E333395000000,7F2E31,negative,0x7F,0x31,false,false,false,2026-07-10T12:42:45.204448+02:00,2924163512614,2924166429689,2.917075,true,true,232874713,232878800,4.087000,true,matched_request_response
run_2,20260711,700,before,700,target_did_random_data,0x1234,5,ED63,2E1234ED63,052E1234ED630000,6E1234,positive,0x6E,,true,true,false,2026-07-10T12:42:45.228687+02:00,2924187750238,2924190812094,3.061856,true,true,232898910,232902993,4.083000,true,matched_request_response
run_2,20260711,701,before,701,target_did_random_data,0x1234,7,890E297C,2E1234890E297C,072E1234890E297C,6E1234,positive,0x6E,,true,true,false,2026-07-10T12:42:45.253091+02:00,2924212154503,2924215236963,3.082460,true,true,232923291,232927368,4.077000,true,matched_request_response
run_2,20260711,702,before,702,target_did_random_data,0x1234,7,64938E9C,2E123464938E9C,072E123464938E9C,6E1234,positive,0x6E,,true,true,false,2026-07-10T12:42:45.277558+02:00,2924236622744,2924239701153,3.078409,true,true,232947728,232951803,4.075000,true,matched_request_response
run_2,20260711,703,before,703,unknown_did,0x2222,6,1DD9BA,2E22221DD9BA,062E22221DD9BA00,7F2E31,negative,0x7F,0x31,false,false,false,2026-07-10T12:42:45.302082+02:00,2924261146509,2924264108841,2.962332,true,true,232972241,232976318,4.077000,true,matched_request_response
run_2,20260711,704,before,704,unknown_did,0x2222,4,37,2E222237,042E222237000000,7F2E31,negative,0x7F,0x31,false,false,false,2026-07-10T12:42:45.326412+02:00,2924285475555,2924288499487,3.023932,true,true,232996577,233000664,4.087000,true,matched_request_response
run_2,20260711,705,before,705,target_did_random_data,0x1234,7,65EA2E68,2E123465EA2E68,072E123465EA2E68,6E1234,positive,0x6E,,true,true,false,2026-07-10T12:42:45.350824+02:00,2924309888272,2924312915906,3.027634,true,true,233020936,233025011,4.075000,true,matched_request_response
run_2,20260711,706,before,706,read_only_did,0x1001,6,DA2995,2E1001DA2995,062E1001DA299500,7F2E31,negative,0x7F,0x31,false,false,false,2026-07-10T12:42:45.375257+02:00,2924334322569,2924337386311,3.063742,true,true,233045377,233049458,4.081000,true,matched_request_response
run_2,20260711,707,before,707,target_did_random_data,0x1234,5,C297,2E1234C297,052E1234C2970000,6E1234,positive,0x6E,,true,true,false,2026-07-10T12:42:45.399654+02:00,2924358716918,2924361720247,3.003329,true,true,233069728,233073811,4.083000,true,matched_request_response
run_2,20260711,708,before,708,target_did_random_data,0x1234,6,D39C61,2E1234D39C61,062E1234D39C6100,6E1234,positive,0x6E,,true,true,false,2026-07-10T12:42:45.424024+02:00,2924383087380,2924386141554,3.054174,true,true,233094089,233098168,4.079000,true,matched_request_response
run_2,20260711,709,before,709,target_did_random_data,0x1234,5,A94F,2E1234A94F,052E1234A94F0000,6E1234,positive,0x6E,,true,true,false,2026-07-10T12:42:45.448401+02:00,2924407464407,2924410558950,3.094543,true,true,233118436,233122516,4.080000,true,matched_request_response
run_2,20260711,710,before,710,target_did_random_data,0x1234,6,DA6BC7,2E1234DA6BC7,062E1234DA6BC700,6E1234,positive,0x6E,,true,true,false,2026-07-10T12:42:45.472789+02:00,2924431853099,2924433991788,2.138689,true,true,233142780,233146859,4.079000,true,matched_request_response
run_2,20260711,711,before,711,target_did_random_data,0x1234,7,1BE68EBC,2E12341BE68EBC,072E12341BE68EBC,6E1234,positive,0x6E,,true,true,false,2026-07-10T12:42:45.496239+02:00,2924455302629,2924458414283,3.111654,true,true,233166209,233170282,4.073000,true,matched_request_response
run_2,20260711,712,before,712,target_did_random_data,0x1234,5,2841,2E12342841,052E123428410000,6E1234,positive,0x6E,,true,true,false,2026-07-10T12:42:45.520680+02:00,2924479744749,2924483056289,3.311540,true,true,233190631,233194714,4.083000,true,matched_request_response
run_2,20260711,713,before,713,target_did_random_data,0x1234,5,C2C3,2E1234C2C3,052E1234C2C30000,6E1234,positive,0x6E,,true,true,false,2026-07-10T12:42:45.545321+02:00,2924504384591,2924507226237,2.841646,true,true,233215243,233219323,4.080000,true,matched_request_response
run_2,20260711,714,before,714,unknown_did,0x2222,6,ACB104,2E2222ACB104,062E2222ACB10400,7F2E31,negative,0x7F,0x31,false,false,false,2026-07-10T12:42:45.569465+02:00,2924528528417,2924530692460,2.164043,true,true,233239363,233243444,4.081000,true,matched_request_response
run_2,20260711,715,before,715,target_did_random_data,0x1234,4,B6,2E1234B6,042E1234B6000000,6E1234,positive,0x6E,,true,true,false,2026-07-10T12:42:45.592966+02:00,2924552029771,2924555052725,3.022954,true,true,233262841,233266927,4.086000,true,matched_request_response
run_2,20260711,716,before,716,unknown_did,0xF187,5,71F6,2EF18771F6,052EF18771F60000,7F2E31,negative,0x7F,0x31,false,false,false,2026-07-10T12:42:45.617369+02:00,2924576433268,2924579544014,3.110746,true,true,233287259,233291339,4.080000,true,matched_request_response
run_2,20260711,717,before,717,target_did_random_data,0x1234,4,ED,2E1234ED,042E1234ED000000,6E1234,positive,0x6E,,true,true,false,2026-07-10T12:42:45.641807+02:00,2924600870639,2924603937174,3.066535,true,true,233311632,233315719,4.087000,true,matched_request_response
run_2,20260711,718,before,718,target_did_random_data,0x1234,5,25FF,2E123425FF,052E123425FF0000,6E1234,positive,0x6E,,true,true,false,2026-07-10T12:42:45.666247+02:00,2924625310873,2924628362043,3.051170,true,true,233336042,233340124,4.082000,true,matched_request_response
run_2,20260711,719,before,719,target_did_random_data,0x1234,6,979AE0,2E1234979AE0,062E1234979AE000,6E1234,positive,0x6E,,true,true,false,2026-07-10T12:42:45.690666+02:00,2924649730574,2924652711204,2.980630,true,true,233360434,233364511,4.077000,true,matched_request_response
run_2,20260711,720,before,720,target_did_random_data,0x1234,4,34,2E123434,042E123434000000,6E1234,positive,0x6E,,true,true,false,2026-07-10T12:42:45.714989+02:00,2924674053474,2924677244467,3.190993,true,true,233384764,233388850,4.086000,true,matched_request_response
run_2,20260711,721,before,721,target_did_random_data,0x1234,7,B819495F,2E1234B819495F,072E1234B819495F,6E1234,positive,0x6E,,true,true,false,2026-07-10T12:42:45.739562+02:00,2924698625988,2924701563876,2.937888,true,true,233409294,233413367,4.073000,true,matched_request_response
run_2,20260711,722,before,722,unknown_did,0x3333,6,23060C,2E333323060C,062E333323060C00,7F2E31,negative,0x7F,0x31,false,false,false,2026-07-10T12:42:45.763905+02:00,2924722969422,2924726057189,3.087767,true,true,233433621,233437708,4.087000,true,matched_request_response
run_2,20260711,723,before,723,target_did_random_data,0x1234,6,B266F3,2E1234B266F3,062E1234B266F300,6E1234,positive,0x6E,,true,true,false,2026-07-10T12:42:45.788420+02:00,2924747484456,2924750463341,2.978885,true,true,233458104,233462186,4.082000,true,matched_request_response
run_2,20260711,724,before,724,target_did_random_data,0x1234,6,F5B677,2E1234F5B677,062E1234F5B67700,6E1234,positive,0x6E,,true,true,false,2026-07-10T12:42:45.812833+02:00,2924771897732,2924774793435,2.895703,true,true,233482496,233486573,4.077000,true,matched_request_response
run_2,20260711,725,before,725,unknown_did,0x3333,7,0922BC17,2E33330922BC17,072E33330922BC17,7F2E31,negative,0x7F,0x31,false,false,false,2026-07-10T12:42:45.837052+02:00,2924796115730,2924798301772,2.186042,true,true,233506677,233510756,4.079000,true,matched_request_response
run_2,20260711,726,before,726,target_did_random_data,0x1234,4,90,2E123490,042E123490000000,6E1234,positive,0x6E,,true,true,false,2026-07-10T12:42:45.860687+02:00,2924819751668,2924822723848,2.972180,true,true,233530309,233534393,4.084000,true,matched_request_response
run_2,20260711,727,before,727,target_did_random_data,0x1234,4,39,2E123439,042E123439000000,6E1234,positive,0x6E,,true,true,false,2026-07-10T12:42:45.884983+02:00,2924844046911,2924847108628,3.061717,true,true,233554580,233558666,4.086000,true,matched_request_response
run_2,20260711,728,before,728,target_did_random_data,0x1234,5,D528,2E1234D528,052E1234D5280000,6E1234,positive,0x6E,,true,true,false,2026-07-10T12:42:45.909424+02:00,2924868487774,2924871540271,3.052497,true,true,233578990,233583073,4.083000,true,matched_request_response
run_2,20260711,729,before,729,target_did_random_data,0x1234,5,D413,2E1234D413,052E1234D4130000,6E1234,positive,0x6E,,true,true,false,2026-07-10T12:42:45.933855+02:00,2924892918929,2924895990563,3.071634,true,true,233603388,233607468,4.080000,true,matched_request_response
run_2,20260711,730,before,730,target_did_random_data,0x1234,4,0F,2E12340F,042E12340F000000,6E1234,positive,0x6E,,true,true,false,2026-07-10T12:42:45.958315+02:00,2924917379836,2924920379463,2.999627,true,true,233627829,233631920,4.091000,true,matched_request_response
run_2,20260711,731,before,731,target_did_random_data,0x1234,7,F22C1440,2E1234F22C1440,072E1234F22C1440,6E1234,positive,0x6E,,true,true,false,2026-07-10T12:42:45.982711+02:00,2924941775092,2924944762986,2.987894,true,true,233652212,233656285,4.073000,true,matched_request_response
run_2,20260711,732,before,732,target_did_random_data,0x1234,6,BA7158,2E1234BA7158,062E1234BA715800,6E1234,positive,0x6E,,true,true,false,2026-07-10T12:42:46.007143+02:00,2924966207574,2924969191277,2.983703,true,true,233676617,233680696,4.079000,true,matched_request_response
run_2,20260711,733,before,733,target_did_random_data,0x1234,6,BCF7A2,2E1234BCF7A2,062E1234BCF7A200,6E1234,positive,0x6E,,true,true,false,2026-07-10T12:42:46.031509+02:00,2924990573217,2924993555803,2.982586,true,true,233700952,233705030,4.078000,true,matched_request_response
run_2,20260711,734,before,734,target_did_random_data,0x1234,4,42,2E123442,042E123442000000,6E1234,positive,0x6E,,true,true,false,2026-07-10T12:42:46.055792+02:00,2925014855749,2925016985360,2.129611,true,true,233725216,233729300,4.084000,true,matched_request_response
run_2,20260711,735,before,735,target_did_random_data,0x1234,6,5B535D,2E12345B535D,062E12345B535D00,6E1234,positive,0x6E,,true,true,false,2026-07-10T12:42:46.079247+02:00,2925038310868,2925040442434,2.131566,true,true,233748629,233752707,4.078000,true,matched_request_response
run_2,20260711,736,before,736,target_did_random_data,0x1234,6,ADF306,2E1234ADF306,062E1234ADF30600,6E1234,positive,0x6E,,true,true,false,2026-07-10T12:42:46.102754+02:00,2925061817808,2925064828680,3.010872,true,true,233772122,233776208,4.086000,true,matched_request_response
run_2,20260711,737,before,737,target_did_random_data,0x1234,7,FCE9EB7E,2E1234FCE9EB7E,072E1234FCE9EB7E,6E1234,positive,0x6E,,true,true,false,2026-07-10T12:42:46.128842+02:00,2925087906933,2925090215059,2.308126,true,true,233798210,233802283,4.073000,true,matched_request_response
run_2,20260711,738,before,738,target_did_random_data,0x1234,7,867B4E29,2E1234867B4E29,072E1234867B4E29,6E1234,positive,0x6E,,true,true,false,2026-07-10T12:42:46.152533+02:00,2925111597977,2925114680017,3.082040,true,true,233821847,233825922,4.075000,true,matched_request_response
run_2,20260711,739,before,739,target_did_random_data,0x1234,4,3C,2E12343C,042E12343C000000,6E1234,positive,0x6E,,true,true,false,2026-07-10T12:42:46.176950+02:00,2925136019563,2925139082258,3.062695,true,true,233846253,233850338,4.085000,true,matched_request_response
run_2,20260711,740,before,740,read_only_did,0x1001,6,C20FA0,2E1001C20FA0,062E1001C20FA000,7F2E31,negative,0x7F,0x31,false,false,false,2026-07-10T12:42:46.201351+02:00,2925160414191,2925163514390,3.100199,true,true,233870630,233874718,4.088000,true,matched_request_response
run_2,20260711,741,before,741,missing_data,0x1234,3,,2E1234,032E123400000000,7F2E13,negative,0x7F,0x13,false,false,false,2026-07-10T12:42:46.225789+02:00,2925184853448,2925187966707,3.113259,true,true,233895041,233899131,4.090000,true,matched_request_response
run_2,20260711,742,before,742,target_did_random_data,0x1234,4,ED,2E1234ED,042E1234ED000000,6E1234,positive,0x6E,,true,true,false,2026-07-10T12:42:46.250284+02:00,2925209348019,2925212329138,2.981119,true,true,233919511,233923596,4.085000,true,matched_request_response
run_2,20260711,743,before,743,target_did_random_data,0x1234,6,1158F5,2E12341158F5,062E12341158F500,6E1234,positive,0x6E,,true,true,false,2026-07-10T12:42:46.274592+02:00,2925233655065,2925236742134,3.087069,true,true,233943790,233947869,4.079000,true,matched_request_response
run_2,20260711,744,before,744,target_did_random_data,0x1234,5,A98B,2E1234A98B,052E1234A98B0000,6E1234,positive,0x6E,,true,true,false,2026-07-10T12:42:46.299094+02:00,2925258158436,2925261176083,3.017647,true,true,233968269,233972349,4.080000,true,matched_request_response
run_2,20260711,745,before,745,read_only_did,0x1001,5,BC78,2E1001BC78,052E1001BC780000,7F2E31,negative,0x7F,0x31,false,false,false,2026-07-10T12:42:46.323439+02:00,2925282502848,2925285585936,3.083088,true,true,233992592,233996679,4.087000,true,matched_request_response
run_2,20260711,746,before,746,unknown_did,0x2222,7,AFCAC609,2E2222AFCAC609,072E2222AFCAC609,7F2E31,negative,0x7F,0x31,false,false,false,2026-07-10T12:42:46.347873+02:00,2925306937914,2925310021072,3.083158,true,true,234017008,234021087,4.079000,true,matched_request_response
run_2,20260711,747,before,747,missing_data,0x1234,3,,2E1234,032E123400000000,7F2E13,negative,0x7F,0x13,false,false,false,2026-07-10T12:42:46.372327+02:00,2925331391627,2925334451738,3.060111,true,true,234041441,234045530,4.089000,true,matched_request_response
run_2,20260711,748,before,748,target_did_random_data,0x1234,5,6875,2E12346875,052E123468750000,6E1234,positive,0x6E,,true,true,false,2026-07-10T12:42:46.396773+02:00,2925355836681,2925358788606,2.951925,true,true,234065842,234069925,4.083000,true,matched_request_response
run_2,20260711,749,before,749,read_only_did,0x1001,5,AEA9,2E1001AEA9,052E1001AEA90000,7F2E31,negative,0x7F,0x31,false,false,false,2026-07-10T12:42:46.421105+02:00,2925380168661,2925383247488,3.078827,true,true,234090170,234094257,4.087000,true,matched_request_response
run_2,20260711,750,before,750,target_did_random_data,0x1234,4,3C,2E12343C,042E12343C000000,6E1234,positive,0x6E,,true,true,false,2026-07-10T12:42:46.445531+02:00,2925404594927,2925407715520,3.120593,true,true,234114589,234118676,4.087000,true,matched_request_response
run_2,20260711,751,before,751,target_did_random_data,0x1234,6,8E6E7A,2E12348E6E7A,062E12348E6E7A00,6E1234,positive,0x6E,,true,true,false,2026-07-10T12:42:46.470026+02:00,2925429089637,2925432061538,2.971901,true,true,234139028,234143107,4.079000,true,matched_request_response
run_2,20260711,752,before,752,read_only_did,0x1001,4,AE,2E1001AE,042E1001AE000000,7F2E31,negative,0x7F,0x31,false,false,false,2026-07-10T12:42:46.494337+02:00,2925453401503,2925456479004,3.077501,true,true,234163337,234167425,4.088000,true,matched_request_response
run_2,20260711,753,before,753,target_did_random_data,0x1234,4,38,2E123438,042E123438000000,6E1234,positive,0x6E,,true,true,false,2026-07-10T12:42:46.518767+02:00,2925477831401,2925480903244,3.071843,true,true,234187734,234191820,4.086000,true,matched_request_response
run_2,20260711,754,before,754,read_only_did,0x1001,4,C5,2E1001C5,042E1001C5000000,7F2E31,negative,0x7F,0x31,false,false,false,2026-07-10T12:42:46.543239+02:00,2925502303203,2925505291796,2.988593,true,true,234212192,234216280,4.088000,true,matched_request_response
run_2,20260711,755,before,755,target_did_random_data,0x1234,4,9F,2E12349F,042E12349F000000,6E1234,positive,0x6E,,true,true,false,2026-07-10T12:42:46.567566+02:00,2925526629526,2925529695433,3.065907,true,true,234236500,234240585,4.085000,true,matched_request_response
run_2,20260711,756,before,756,target_did_random_data,0x1234,7,8142AC98,2E12348142AC98,072E12348142AC98,6E1234,positive,0x6E,,true,true,false,2026-07-10T12:42:46.592021+02:00,2925551084916,2925554138461,3.053545,true,true,234260920,234264994,4.074000,true,matched_request_response
run_2,20260711,757,before,757,target_did_random_data,0x1234,7,1B5AAB9A,2E12341B5AAB9A,072E12341B5AAB9A,6E1234,positive,0x6E,,true,true,false,2026-07-10T12:42:46.616399+02:00,2925575462432,2925578573667,3.111235,true,true,234285286,234289359,4.073000,true,matched_request_response
run_2,20260711,758,before,758,target_did_random_data,0x1234,5,E068,2E1234E068,052E1234E0680000,6E1234,positive,0x6E,,true,true,false,2026-07-10T12:42:46.640997+02:00,2925600060788,2925602972345,2.911557,true,true,234309877,234313960,4.083000,true,matched_request_response
run_2,20260711,759,before,759,unknown_did,0x2222,6,90F891,2E222290F891,062E222290F89100,7F2E31,negative,0x7F,0x31,false,false,false,2026-07-10T12:42:46.665304+02:00,2925624368533,2925627447291,3.078758,true,true,234334136,234338218,4.082000,true,matched_request_response
run_2,20260711,760,before,760,target_did_random_data,0x1234,7,6AD13ED8,2E12346AD13ED8,072E12346AD13ED8,6E1234,positive,0x6E,,true,true,false,2026-07-10T12:42:46.689857+02:00,2925648919885,2925651790794,2.870909,true,true,234358652,234362727,4.075000,true,matched_request_response
run_2,20260711,761,before,761,missing_data,0x1234,3,,2E1234,032E123400000000,7F2E13,negative,0x7F,0x13,false,false,false,2026-07-10T12:42:46.714101+02:00,2925673164214,2925676207562,3.043348,true,true,234382903,234386994,4.091000,true,matched_request_response
run_2,20260711,762,before,762,target_did_random_data,0x1234,4,C2,2E1234C2,042E1234C2000000,6E1234,positive,0x6E,,true,true,false,2026-07-10T12:42:46.738573+02:00,2925697637204,2925700696127,3.058923,true,true,234407354,234411438,4.084000,true,matched_request_response
run_2,20260711,763,before,763,unknown_did,0x2222,6,041FD7,2E2222041FD7,062E2222041FD700,7F2E31,negative,0x7F,0x31,false,false,false,2026-07-10T12:42:46.763066+02:00,2925722130099,2925725052481,2.922382,true,true,234431821,234435905,4.084000,true,matched_request_response
run_2,20260711,764,before,764,target_did_random_data,0x1234,4,6E,2E12346E,042E12346E000000,6E1234,positive,0x6E,,true,true,false,2026-07-10T12:42:46.787362+02:00,2925746424923,2925749419871,2.994948,true,true,234456155,234460242,4.087000,true,matched_request_response
run_2,20260711,765,before,765,unknown_did,0x2222,7,1BAB6D51,2E22221BAB6D51,072E22221BAB6D51,7F2E31,negative,0x7F,0x31,false,false,false,2026-07-10T12:42:46.811681+02:00,2925770743912,2925772882881,2.138969,true,true,234480361,234484434,4.073000,true,matched_request_response
run_2,20260711,766,before,766,read_only_did,0x1001,5,7505,2E10017505,052E100175050000,7F2E31,negative,0x7F,0x31,false,false,false,2026-07-10T12:42:46.835148+02:00,2925794212440,2925797337363,3.124923,true,true,234503824,234507915,4.091000,true,matched_request_response
run_2,20260711,767,before,767,target_did_random_data,0x1234,4,B3,2E1234B3,042E1234B3000000,6E1234,positive,0x6E,,true,true,false,2026-07-10T12:42:46.859585+02:00,2925818648134,2925821718442,3.070308,true,true,234528236,234532320,4.084000,true,matched_request_response
run_2,20260711,768,before,768,unknown_did,0xF187,4,42,2EF18742,042EF18742000000,7F2E31,negative,0x7F,0x31,false,false,false,2026-07-10T12:42:46.884014+02:00,2925843078940,2925846141495,3.062555,true,true,234552658,234556745,4.087000,true,matched_request_response
run_2,20260711,769,before,769,target_did_random_data,0x1234,6,44385C,2E123444385C,062E123444385C00,6E1234,positive,0x6E,,true,true,false,2026-07-10T12:42:46.908420+02:00,2925867484393,2925870576142,3.091749,true,true,234577018,234581096,4.078000,true,matched_request_response
run_2,20260711,770,before,770,target_did_random_data,0x1234,6,BBAEC4,2E1234BBAEC4,062E1234BBAEC400,6E1234,positive,0x6E,,true,true,false,2026-07-10T12:42:46.932861+02:00,2925891924977,2925894932427,3.007450,true,true,234601445,234605522,4.077000,true,matched_request_response
run_2,20260711,771,before,771,unknown_did,0x3333,5,C5DF,2E3333C5DF,052E3333C5DF0000,7F2E31,negative,0x7F,0x31,false,false,false,2026-07-10T12:42:46.957302+02:00,2925916366887,2925919376432,3.009545,true,true,234625879,234629962,4.083000,true,matched_request_response
run_2,20260711,772,before,772,target_did_random_data,0x1234,7,CC799542,2E1234CC799542,072E1234CC799542,6E1234,positive,0x6E,,true,true,false,2026-07-10T12:42:46.981689+02:00,2925940753204,2925943777765,3.024561,true,true,234650215,234654286,4.071000,true,matched_request_response
run_2,20260711,773,before,773,target_did_random_data,0x1234,5,7849,2E12347849,052E123478490000,6E1234,positive,0x6E,,true,true,false,2026-07-10T12:42:47.006095+02:00,2925965159356,2925968260044,3.100688,true,true,234674608,234678690,4.082000,true,matched_request_response
run_2,20260711,774,before,774,target_did_random_data,0x1234,5,29D3,2E123429D3,052E123429D30000,6E1234,positive,0x6E,,true,true,false,2026-07-10T12:42:47.030554+02:00,2925989618028,2925992656418,3.038390,true,true,234699047,234703130,4.083000,true,matched_request_response
run_2,20260711,775,before,775,unknown_did,0x3333,4,68,2E333368,042E333368000000,7F2E31,negative,0x7F,0x31,false,false,false,2026-07-10T12:42:47.055021+02:00,2926014085990,2926017053769,2.967779,true,true,234723488,234727573,4.085000,true,matched_request_response
run_2,20260711,776,before,776,target_did_random_data,0x1234,6,4C95B1,2E12344C95B1,062E12344C95B100,6E1234,positive,0x6E,,true,true,false,2026-07-10T12:42:47.079353+02:00,2926038417341,2926041413337,2.995996,true,true,234747772,234751851,4.079000,true,matched_request_response
run_2,20260711,777,before,777,target_did_random_data,0x1234,5,16C7,2E123416C7,052E123416C70000,6E1234,positive,0x6E,,true,true,false,2026-07-10T12:42:47.103716+02:00,2926062780959,2926065861254,3.080295,true,true,234772124,234776209,4.085000,true,matched_request_response
run_2,20260711,778,before,778,missing_data,0x1234,3,,2E1234,032E123400000000,7F2E13,negative,0x7F,0x13,false,false,false,2026-07-10T12:42:47.128242+02:00,2926087306470,2926090277742,2.971272,true,true,234796636,234800727,4.091000,true,matched_request_response
run_2,20260711,779,before,779,missing_data,0x1234,3,,2E1234,032E123400000000,7F2E13,negative,0x7F,0x13,false,false,false,2026-07-10T12:42:47.152590+02:00,2926111654025,2926114708827,3.054802,true,true,234820960,234825050,4.090000,true,matched_request_response
run_2,20260711,780,before,780,target_did_random_data,0x1234,7,C7B75BD3,2E1234C7B75BD3,072E1234C7B75BD3,6E1234,positive,0x6E,,true,true,false,2026-07-10T12:42:47.176996+02:00,2926136060316,2926139134884,3.074568,true,true,234845326,234849398,4.072000,true,matched_request_response
run_2,20260711,781,before,781,target_did_random_data,0x1234,4,64,2E123464,042E123464000000,6E1234,positive,0x6E,,true,true,false,2026-07-10T12:42:47.201406+02:00,2926160470589,2926163574979,3.104390,true,true,234869736,234873823,4.087000,true,matched_request_response
run_2,20260711,782,before,782,target_did_random_data,0x1234,4,25,2E123425,042E123425000000,6E1234,positive,0x6E,,true,true,false,2026-07-10T12:42:47.225989+02:00,2926185053300,2926187962483,2.909183,true,true,234894284,234898368,4.084000,true,matched_request_response
run_2,20260711,783,before,783,target_did_random_data,0x1234,7,CB36F3B4,2E1234CB36F3B4,072E1234CB36F3B4,6E1234,positive,0x6E,,true,true,false,2026-07-10T12:42:47.250319+02:00,2926209382067,2926212379879,2.997812,true,true,234918566,234922641,4.075000,true,matched_request_response
run_2,20260711,784,before,784,target_did_random_data,0x1234,4,98,2E123498,042E123498000000,6E1234,positive,0x6E,,true,true,false,2026-07-10T12:42:47.274869+02:00,2926233933001,2926236736024,2.803023,true,true,234943132,234947220,4.088000,true,matched_request_response
run_2,20260711,785,before,785,target_did_random_data,0x1234,5,48AE,2E123448AE,052E123448AE0000,6E1234,positive,0x6E,,true,true,false,2026-07-10T12:42:47.299058+02:00,2926258122643,2926261249383,3.126740,true,true,234967288,234971369,4.081000,true,matched_request_response
run_2,20260711,786,before,786,target_did_random_data,0x1234,5,726E,2E1234726E,052E1234726E0000,6E1234,positive,0x6E,,true,true,false,2026-07-10T12:42:47.323592+02:00,2926282655907,2926285568232,2.912325,true,true,234991797,234995879,4.082000,true,matched_request_response
run_2,20260711,787,before,787,target_did_random_data,0x1234,4,93,2E123493,042E123493000000,6E1234,positive,0x6E,,true,true,false,2026-07-10T12:42:47.347882+02:00,2926306945982,2926310028302,3.082320,true,true,235016073,235020160,4.087000,true,matched_request_response
run_2,20260711,788,before,788,target_did_random_data,0x1234,7,BEED96AA,2E1234BEED96AA,072E1234BEED96AA,6E1234,positive,0x6E,,true,true,false,2026-07-10T12:42:47.372347+02:00,2926331410731,2926334474473,3.063742,true,true,235040495,235044568,4.073000,true,matched_request_response
run_2,20260711,789,before,789,read_only_did,0x1001,4,2A,2E10012A,042E10012A000000,7F2E31,negative,0x7F,0x31,false,false,false,2026-07-10T12:42:47.396791+02:00,2926355855505,2926358849824,2.994319,true,true,235064942,235069033,4.091000,true,matched_request_response
run_2,20260711,790,before,790,target_did_random_data,0x1234,4,D3,2E1234D3,042E1234D3000000,6E1234,positive,0x6E,,true,true,false,2026-07-10T12:42:47.421138+02:00,2926380202710,2926383247805,3.045095,true,true,235089264,235093349,4.085000,true,matched_request_response
run_2,20260711,791,before,791,target_did_random_data,0x1234,4,F9,2E1234F9,042E1234F9000000,6E1234,positive,0x6E,,true,true,false,2026-07-10T12:42:47.445564+02:00,2926404628068,2926407794198,3.166130,true,true,235113681,235117768,4.087000,true,matched_request_response
run_2,20260711,792,before,792,target_did_random_data,0x1234,6,D2BA0B,2E1234D2BA0B,062E1234D2BA0B00,6E1234,positive,0x6E,,true,true,false,2026-07-10T12:42:47.470122+02:00,2926429185916,2926432062343,2.876427,true,true,235138195,235142276,4.081000,true,matched_request_response
run_2,20260711,793,before,793,unknown_did,0x3333,4,D2,2E3333D2,042E3333D2000000,7F2E31,negative,0x7F,0x31,false,false,false,2026-07-10T12:42:47.494356+02:00,2926453420397,2926456514450,3.094053,true,true,235162417,235166502,4.085000,true,matched_request_response
run_2,20260711,794,before,794,read_only_did,0x1001,6,385516,2E1001385516,062E100138551600,7F2E31,negative,0x7F,0x31,false,false,false,2026-07-10T12:42:47.518834+02:00,2926477898835,2926480988069,3.089234,true,true,235186862,235190946,4.084000,true,matched_request_response
run_2,20260711,795,before,795,target_did_random_data,0x1234,7,404F322E,2E1234404F322E,072E1234404F322E,6E1234,positive,0x6E,,true,true,false,2026-07-10T12:42:47.543335+02:00,2926502400181,2926505303846,2.903665,true,true,235211339,235215412,4.073000,true,matched_request_response
run_2,20260711,796,before,796,target_did_random_data,0x1234,4,E4,2E1234E4,042E1234E4000000,6E1234,positive,0x6E,,true,true,false,2026-07-10T12:42:47.567575+02:00,2926526639201,2926529710766,3.071565,true,true,235235564,235239651,4.087000,true,matched_request_response
run_2,20260711,797,before,797,unknown_did,0x2222,6,C53C28,2E2222C53C28,062E2222C53C2800,7F2E31,negative,0x7F,0x31,false,false,false,2026-07-10T12:42:47.592022+02:00,2926551086141,2926554162175,3.076034,true,true,235259985,235264064,4.079000,true,matched_request_response
run_2,20260711,798,before,798,target_did_random_data,0x1234,5,61AA,2E123461AA,052E123461AA0000,6E1234,positive,0x6E,,true,true,false,2026-07-10T12:42:47.616453+02:00,2926575516388,2926578618124,3.101736,true,true,235284396,235288477,4.081000,true,matched_request_response
run_2,20260711,799,before,799,target_did_random_data,0x1234,6,EAED1F,2E1234EAED1F,062E1234EAED1F00,6E1234,positive,0x6E,,true,true,false,2026-07-10T12:42:47.640905+02:00,2926599969124,2926602968262,2.999138,true,true,235308815,235312894,4.079000,true,matched_request_response
run_2,20260711,800,before,800,target_did_random_data,0x1234,7,D77AF041,2E1234D77AF041,072E1234D77AF041,6E1234,positive,0x6E,,true,true,false,2026-07-10T12:42:47.665317+02:00,2926624380514,2926627389919,3.009405,true,true,235333215,235337286,4.071000,true,matched_request_response
run_2,20260711,801,before,801,read_only_did,0x1001,5,37C4,2E100137C4,052E100137C40000,7F2E31,negative,0x7F,0x31,false,false,false,2026-07-10T12:42:47.689703+02:00,2926648767389,2926651795302,3.027913,true,true,235357608,235361695,4.087000,true,matched_request_response
run_2,20260711,802,before,802,target_did_random_data,0x1234,4,83,2E123483,042E123483000000,6E1234,positive,0x6E,,true,true,false,2026-07-10T12:42:47.714127+02:00,2926673191630,2926676263753,3.072123,true,true,235382001,235386088,4.087000,true,matched_request_response
run_2,20260711,803,before,803,target_did_random_data,0x1234,7,A266237C,2E1234A266237C,072E1234A266237C,6E1234,positive,0x6E,,true,true,false,2026-07-10T12:42:47.738578+02:00,2926697642410,2926700647276,3.004866,true,true,235406408,235410481,4.073000,true,matched_request_response
run_2,20260711,804,before,804,target_did_random_data,0x1234,4,15,2E123415,042E123415000000,6E1234,positive,0x6E,,true,true,false,2026-07-10T12:42:47.762912+02:00,2926721975857,2926725047910,3.072053,true,true,235430729,235434816,4.087000,true,matched_request_response
run_2,20260711,805,before,805,target_did_random_data,0x1234,4,10,2E123410,042E123410000000,6E1234,positive,0x6E,,true,true,false,2026-07-10T12:42:47.787318+02:00,2926746382707,2926749480672,3.097965,true,true,235455117,235459207,4.090000,true,matched_request_response
run_2,20260711,806,before,806,target_did_random_data,0x1234,6,78281F,2E123478281F,062E123478281F00,6E1234,positive,0x6E,,true,true,false,2026-07-10T12:42:47.811790+02:00,2926770853602,2926773844569,2.990967,true,true,235479579,235483658,4.079000,true,matched_request_response
run_2,20260711,807,before,807,target_did_random_data,0x1234,7,BD7D9840,2E1234BD7D9840,072E1234BD7D9840,6E1234,positive,0x6E,,true,true,false,2026-07-10T12:42:47.836133+02:00,2926795196966,2926798272930,3.075964,true,true,235503880,235507955,4.075000,true,matched_request_response
run_2,20260711,808,before,808,target_did_random_data,0x1234,7,D79BF2FD,2E1234D79BF2FD,072E1234D79BF2FD,6E1234,positive,0x6E,,true,true,false,2026-07-10T12:42:47.860535+02:00,2926819599626,2926822676987,3.077361,true,true,235528276,235532348,4.072000,true,matched_request_response
run_2,20260711,809,before,809,target_did_random_data,0x1234,4,0D,2E12340D,042E12340D000000,6E1234,positive,0x6E,,true,true,false,2026-07-10T12:42:47.884971+02:00,2926844035390,2926847154866,3.119476,true,true,235552692,235556783,4.091000,true,matched_request_response
run_2,20260711,810,before,810,target_did_random_data,0x1234,4,55,2E123455,042E123455000000,6E1234,positive,0x6E,,true,true,false,2026-07-10T12:42:47.909387+02:00,2926868450412,2926871510662,3.060250,true,true,235577124,235581213,4.089000,true,matched_request_response
run_2,20260711,811,before,811,target_did_random_data,0x1234,6,C9FC32,2E1234C9FC32,062E1234C9FC3200,6E1234,positive,0x6E,,true,true,false,2026-07-10T12:42:47.933988+02:00,2926893052469,2926895980160,2.927691,true,true,235601664,235605743,4.079000,true,matched_request_response
run_2,20260711,812,before,812,target_did_random_data,0x1234,4,53,2E123453,042E123453000000,6E1234,positive,0x6E,,true,true,false,2026-07-10T12:42:47.958359+02:00,2926917422653,2926920355442,2.932789,true,true,235626021,235630107,4.086000,true,matched_request_response
run_2,20260711,813,before,813,target_did_random_data,0x1234,7,F4D0EAF9,2E1234F4D0EAF9,072E1234F4D0EAF9,6E1234,positive,0x6E,,true,true,false,2026-07-10T12:42:47.982714+02:00,2926941777960,2926944770254,2.992294,true,true,235650332,235654405,4.073000,true,matched_request_response
run_2,20260711,814,before,814,target_did_random_data,0x1234,4,FB,2E1234FB,042E1234FB000000,6E1234,positive,0x6E,,true,true,false,2026-07-10T12:42:48.007092+02:00,2926966155616,2926969191282,3.035666,true,true,235674709,235678796,4.087000,true,matched_request_response
run_2,20260711,815,before,815,missing_data,0x1234,3,,2E1234,032E123400000000,7F2E13,negative,0x7F,0x13,false,false,false,2026-07-10T12:42:48.031470+02:00,2926990534111,2926993688298,3.154187,true,true,235699068,235703159,4.091000,true,matched_request_response
run_2,20260711,816,before,816,target_did_random_data,0x1234,4,59,2E123459,042E123459000000,6E1234,positive,0x6E,,true,true,false,2026-07-10T12:42:48.056015+02:00,2927015079666,2927018059040,2.979374,true,true,235723590,235727677,4.087000,true,matched_request_response
run_2,20260711,817,before,817,target_did_random_data,0x1234,4,87,2E123487,042E123487000000,6E1234,positive,0x6E,,true,true,false,2026-07-10T12:42:48.080361+02:00,2927039425405,2927042434322,3.008917,true,true,235747915,235752002,4.087000,true,matched_request_response
run_2,20260711,818,before,818,target_did_random_data,0x1234,5,EE46,2E1234EE46,052E1234EE460000,6E1234,positive,0x6E,,true,true,false,2026-07-10T12:42:48.104703+02:00,2927063767373,2927066882029,3.114656,true,true,235772216,235776296,4.080000,true,matched_request_response
run_2,20260711,819,before,819,read_only_did,0x1001,5,08D8,2E100108D8,052E100108D80000,7F2E31,negative,0x7F,0x31,false,false,false,2026-07-10T12:42:48.129154+02:00,2927088217804,2927091301172,3.083368,true,true,235796662,235800754,4.092000,true,matched_request_response
run_2,20260711,820,before,820,target_did_random_data,0x1234,5,46FF,2E123446FF,052E123446FF0000,6E1234,positive,0x6E,,true,true,false,2026-07-10T12:42:48.153604+02:00,2927112667956,2927115699711,3.031755,true,true,235821088,235825171,4.083000,true,matched_request_response
run_2,20260711,821,before,821,target_did_random_data,0x1234,7,3257C362,2E12343257C362,072E12343257C362,6E1234,positive,0x6E,,true,true,false,2026-07-10T12:42:48.177993+02:00,2927137057346,2927140104256,3.046910,true,true,235845445,235849517,4.072000,true,matched_request_response
run_2,20260711,822,before,822,target_did_random_data,0x1234,4,A7,2E1234A7,042E1234A7000000,6E1234,positive,0x6E,,true,true,false,2026-07-10T12:42:48.202444+02:00,2927161509873,2927164737254,3.227381,true,true,235869903,235873989,4.086000,true,matched_request_response
run_2,20260711,823,before,823,target_did_random_data,0x1234,4,8C,2E12348C,042E12348C000000,6E1234,positive,0x6E,,true,true,false,2026-07-10T12:42:48.227118+02:00,2927186181073,2927188928503,2.747430,true,true,235894547,235898633,4.086000,true,matched_request_response
run_2,20260711,824,before,824,target_did_random_data,0x1234,4,94,2E123494,042E123494000000,6E1234,positive,0x6E,,true,true,false,2026-07-10T12:42:48.251251+02:00,2927210315891,2927213393182,3.077291,true,true,235918658,235922745,4.087000,true,matched_request_response
run_2,20260711,825,before,825,target_did_random_data,0x1234,5,7CFA,2E12347CFA,052E12347CFA0000,6E1234,positive,0x6E,,true,true,false,2026-07-10T12:42:48.275716+02:00,2927234780151,2927237756591,2.976440,true,true,235943102,235947188,4.086000,true,matched_request_response
run_2,20260711,826,before,826,target_did_random_data,0x1234,6,530C69,2E1234530C69,062E1234530C6900,6E1234,positive,0x6E,,true,true,false,2026-07-10T12:42:48.300101+02:00,2927259165560,2927262151917,2.986357,true,true,235967458,235971539,4.081000,true,matched_request_response
run_2,20260711,827,before,827,target_did_random_data,0x1234,4,B8,2E1234B8,042E1234B8000000,6E1234,positive,0x6E,,true,true,false,2026-07-10T12:42:48.324455+02:00,2927283518213,2927286559745,3.041532,true,true,235991806,235995893,4.087000,true,matched_request_response
run_2,20260711,828,before,828,target_did_random_data,0x1234,4,FE,2E1234FE,042E1234FE000000,6E1234,positive,0x6E,,true,true,false,2026-07-10T12:42:48.348892+02:00,2927307956073,2927311045866,3.089793,true,true,236016225,236020309,4.084000,true,matched_request_response
run_2,20260711,829,before,829,unknown_did,0x3333,5,5A41,2E33335A41,052E33335A410000,7F2E31,negative,0x7F,0x31,false,false,false,2026-07-10T12:42:48.373352+02:00,2927332416422,2927335421217,3.004795,true,true,236040658,236044741,4.083000,true,matched_request_response
run_2,20260711,830,before,830,target_did_random_data,0x1234,4,6C,2E12346C,042E12346C000000,6E1234,positive,0x6E,,true,true,false,2026-07-10T12:42:48.397738+02:00,2927356801831,2927359842525,3.040694,true,true,236065030,236069117,4.087000,true,matched_request_response
run_2,20260711,831,before,831,target_did_random_data,0x1234,7,1F5F1308,2E12341F5F1308,072E12341F5F1308,6E1234,positive,0x6E,,true,true,false,2026-07-10T12:42:48.422179+02:00,2927381244091,2927384256080,3.011989,true,true,236089454,236093531,4.077000,true,matched_request_response
run_2,20260711,832,before,832,target_did_random_data,0x1234,7,8DBB6A37,2E12348DBB6A37,072E12348DBB6A37,6E1234,positive,0x6E,,true,true,false,2026-07-10T12:42:48.446523+02:00,2927405587525,2927408717965,3.130440,true,true,236113753,236117828,4.075000,true,matched_request_response
run_2,20260711,833,before,833,target_did_random_data,0x1234,5,0DAF,2E12340DAF,052E12340DAF0000,6E1234,positive,0x6E,,true,true,false,2026-07-10T12:42:48.471091+02:00,2927430155569,2927433126213,2.970644,true,true,236138323,236142408,4.085000,true,matched_request_response
run_2,20260711,834,before,834,target_did_random_data,0x1234,5,B1B4,2E1234B1B4,052E1234B1B40000,6E1234,positive,0x6E,,true,true,false,2026-07-10T12:42:48.495505+02:00,2927454570312,2927457492485,2.922173,true,true,236162718,236166801,4.083000,true,matched_request_response
run_2,20260711,835,before,835,target_did_random_data,0x1234,5,9F64,2E12349F64,052E12349F640000,6E1234,positive,0x6E,,true,true,false,2026-07-10T12:42:48.519813+02:00,2927478877708,2927481835430,2.957722,true,true,236187001,236191084,4.083000,true,matched_request_response
run_2,20260711,836,before,836,target_did_random_data,0x1234,5,0173,2E12340173,052E123401730000,6E1234,positive,0x6E,,true,true,false,2026-07-10T12:42:48.544118+02:00,2927503181192,2927506235017,3.053825,true,true,236211275,236215360,4.085000,true,matched_request_response
run_2,20260711,837,before,837,target_did_random_data,0x1234,6,0F5A94,2E12340F5A94,062E12340F5A9400,6E1234,positive,0x6E,,true,true,false,2026-07-10T12:42:48.568456+02:00,2927527519737,2927529761513,2.241776,true,true,236235580,236239664,4.084000,true,matched_request_response
run_2,20260711,838,before,838,target_did_random_data,0x1234,6,160A16,2E1234160A16,062E1234160A1600,6E1234,positive,0x6E,,true,true,false,2026-07-10T12:42:48.592050+02:00,2927551114539,2927554232897,3.118358,true,true,236259169,236263251,4.082000,true,matched_request_response
run_2,20260711,839,before,839,unknown_did,0x2222,4,8E,2E22228E,042E22228E000000,7F2E31,negative,0x7F,0x31,false,false,false,2026-07-10T12:42:48.616653+02:00,2927575716946,2927578621938,2.904992,true,true,236283757,236287844,4.087000,true,matched_request_response
run_2,20260711,840,before,840,target_did_random_data,0x1234,5,F2BA,2E1234F2BA,052E1234F2BA0000,6E1234,positive,0x6E,,true,true,false,2026-07-10T12:42:48.640974+02:00,2927600038729,2927603018103,2.979374,true,true,236308060,236312143,4.083000,true,matched_request_response
run_2,20260711,841,before,841,read_only_did,0x1001,6,2DA05F,2E10012DA05F,062E10012DA05F00,7F2E31,negative,0x7F,0x31,false,false,false,2026-07-10T12:42:48.665317+02:00,2927624380278,2927627409727,3.029449,true,true,236332388,236336469,4.081000,true,matched_request_response
run_2,20260711,842,before,842,target_did_random_data,0x1234,6,696E0F,2E1234696E0F,062E1234696E0F00,6E1234,positive,0x6E,,true,true,false,2026-07-10T12:42:48.689715+02:00,2927648779166,2927651866025,3.086859,true,true,236356745,236360828,4.083000,true,matched_request_response
run_2,20260711,843,before,843,target_did_random_data,0x1234,6,78E727,2E123478E727,062E123478E72700,6E1234,positive,0x6E,,true,true,false,2026-07-10T12:42:48.714259+02:00,2927673323464,2927676219936,2.896472,true,true,236381273,236385348,4.075000,true,matched_request_response
run_2,20260711,844,before,844,target_did_random_data,0x1234,4,60,2E123460,042E123460000000,6E1234,positive,0x6E,,true,true,false,2026-07-10T12:42:48.738525+02:00,2927697589095,2927700743771,3.154676,true,true,236405523,236409610,4.087000,true,matched_request_response
run_2,20260711,845,before,845,missing_data,0x1234,3,,2E1234,032E123400000000,7F2E13,negative,0x7F,0x13,false,false,false,2026-07-10T12:42:48.763175+02:00,2927722240111,2927725087135,2.847024,true,true,236430147,236434238,4.091000,true,matched_request_response
run_2,20260711,846,before,846,target_did_random_data,0x1234,6,06B091,2E123406B091,062E123406B09100,6E1234,positive,0x6E,,true,true,false,2026-07-10T12:42:48.787382+02:00,2927746445958,2927749500830,3.054872,true,true,236454363,236458444,4.081000,true,matched_request_response
run_2,20260711,847,before,847,target_did_random_data,0x1234,6,A93ABE,2E1234A93ABE,062E1234A93ABE00,6E1234,positive,0x6E,,true,true,false,2026-07-10T12:42:48.811732+02:00,2927770796027,2927773874366,3.078339,true,true,236478652,236482731,4.079000,true,matched_request_response
run_2,20260711,848,before,848,target_did_random_data,0x1234,6,EE2E12,2E1234EE2E12,062E1234EE2E1200,6E1234,positive,0x6E,,true,true,false,2026-07-10T12:42:48.836174+02:00,2927795237728,2927798302727,3.064999,true,true,236503060,236507139,4.079000,true,matched_request_response
run_2,20260711,849,before,849,target_did_random_data,0x1234,4,78,2E123478,042E123478000000,6E1234,positive,0x6E,,true,true,false,2026-07-10T12:42:48.860639+02:00,2927819702756,2927822692885,2.990129,true,true,236527514,236531597,4.083000,true,matched_request_response
run_2,20260711,850,before,850,read_only_did,0x1001,4,77,2E100177,042E100177000000,7F2E31,negative,0x7F,0x31,false,false,false,2026-07-10T12:42:48.885092+02:00,2927844156680,2927847155050,2.998370,true,true,236551938,236556029,4.091000,true,matched_request_response
run_2,20260711,851,before,851,target_did_random_data,0x1234,5,9654,2E12349654,052E123496540000,6E1234,positive,0x6E,,true,true,false,2026-07-10T12:42:48.909432+02:00,2927868495504,2927871671482,3.175978,true,true,236576248,236580328,4.080000,true,matched_request_response
run_2,20260711,852,before,852,target_did_random_data,0x1234,6,AFBFC7,2E1234AFBFC7,062E1234AFBFC700,6E1234,positive,0x6E,,true,true,false,2026-07-10T12:42:48.934008+02:00,2927893073397,2927895968122,2.894725,true,true,236600801,236604880,4.079000,true,matched_request_response
run_2,20260711,853,before,853,target_did_random_data,0x1234,5,F263,2E1234F263,052E1234F2630000,6E1234,positive,0x6E,,true,true,false,2026-07-10T12:42:48.958302+02:00,2927917366684,2927920361353,2.994669,true,true,236625069,236629152,4.083000,true,matched_request_response
run_2,20260711,854,before,854,unknown_did,0xF187,6,E02EAF,2EF187E02EAF,062EF187E02EAF00,7F2E31,negative,0x7F,0x31,false,false,false,2026-07-10T12:42:48.982737+02:00,2927941801122,2927944794883,2.993761,true,true,236649476,236653553,4.077000,true,matched_request_response
run_2,20260711,855,before,855,target_did_random_data,0x1234,6,734F69,2E1234734F69,062E1234734F6900,6E1234,positive,0x6E,,true,true,false,2026-07-10T12:42:49.007571+02:00,2927966635752,2927969196705,2.560953,true,true,236674283,236678360,4.077000,true,matched_request_response
run_2,20260711,856,before,856,target_did_random_data,0x1234,6,6F6849,2E12346F6849,062E12346F684900,6E1234,positive,0x6E,,true,true,false,2026-07-10T12:42:49.031507+02:00,2927990571032,2927993739048,3.168016,true,true,236698192,236702268,4.076000,true,matched_request_response
run_2,20260711,857,before,857,read_only_did,0x1001,4,D6,2E1001D6,042E1001D6000000,7F2E31,negative,0x7F,0x31,false,false,false,2026-07-10T12:42:49.056139+02:00,2928015203750,2928018094495,2.890745,true,true,236722825,236726917,4.092000,true,matched_request_response
run_2,20260711,858,before,858,target_did_random_data,0x1234,5,2F75,2E12342F75,052E12342F750000,6E1234,positive,0x6E,,true,true,false,2026-07-10T12:42:49.080451+02:00,2928039515267,2928042462094,2.946827,true,true,236747077,236751160,4.083000,true,matched_request_response
run_2,20260711,859,before,859,target_did_random_data,0x1234,5,46F2,2E123446F2,052E123446F20000,6E1234,positive,0x6E,,true,true,false,2026-07-10T12:42:49.104699+02:00,2928063762948,2928066877046,3.114098,true,true,236771310,236775390,4.080000,true,matched_request_response
run_2,20260711,860,before,860,target_did_random_data,0x1234,4,5E,2E12345E,042E12345E000000,6E1234,positive,0x6E,,true,true,false,2026-07-10T12:42:49.129208+02:00,2928088272466,2928091259522,2.987056,true,true,236795813,236799899,4.086000,true,matched_request_response
run_2,20260711,861,before,861,target_did_random_data,0x1234,5,C4C1,2E1234C4C1,052E1234C4C10000,6E1234,positive,0x6E,,true,true,false,2026-07-10T12:42:49.153532+02:00,2928112595367,2928115729579,3.134212,true,true,236820093,236824176,4.083000,true,matched_request_response
run_2,20260711,862,before,862,target_did_random_data,0x1234,6,C675AB,2E1234C675AB,062E1234C675AB00,6E1234,positive,0x6E,,true,true,false,2026-07-10T12:42:49.178004+02:00,2928137067659,2928140092429,3.024770,true,true,236844534,236848613,4.079000,true,matched_request_response
run_2,20260711,863,before,863,target_did_random_data,0x1234,6,4AB444,2E12344AB444,062E12344AB44400,6E1234,positive,0x6E,,true,true,false,2026-07-10T12:42:49.202451+02:00,2928161514598,2928164518486,3.003888,true,true,236868964,236873043,4.079000,true,matched_request_response
run_2,20260711,864,before,864,target_did_random_data,0x1234,4,94,2E123494,042E123494000000,6E1234,positive,0x6E,,true,true,false,2026-07-10T12:42:49.226770+02:00,2928185833448,2928188860523,3.027075,true,true,236893257,236897340,4.083000,true,matched_request_response
run_2,20260711,865,before,865,missing_data,0x1234,3,,2E1234,032E123400000000,7F2E13,negative,0x7F,0x13,false,false,false,2026-07-10T12:42:49.251038+02:00,2928210100406,2928212372214,2.271808,true,true,236917510,236921597,4.087000,true,matched_request_response
run_2,20260711,866,before,866,target_did_random_data,0x1234,6,A544BE,2E1234A544BE,062E1234A544BE00,6E1234,positive,0x6E,,true,true,false,2026-07-10T12:42:49.274631+02:00,2928233693881,2928236777178,3.083297,true,true,236941058,236945136,4.078000,true,matched_request_response
run_2,20260711,867,before,867,target_did_random_data,0x1234,4,BA,2E1234BA,042E1234BA000000,6E1234,positive,0x6E,,true,true,false,2026-07-10T12:42:49.299085+02:00,2928258148922,2928261193876,3.044954,true,true,236965517,236969602,4.085000,true,matched_request_response
run_2,20260711,868,before,868,target_did_random_data,0x1234,6,6A04C9,2E12346A04C9,062E12346A04C900,6E1234,positive,0x6E,,true,true,false,2026-07-10T12:42:49.323463+02:00,2928282527696,2928285680556,3.152860,true,true,236989863,236993946,4.083000,true,matched_request_response
run_2,20260711,869,before,869,target_did_random_data,0x1234,6,1D35A1,2E12341D35A1,062E12341D35A100,6E1234,positive,0x6E,,true,true,false,2026-07-10T12:42:49.347971+02:00,2928307035816,2928310036352,3.000536,true,true,237014351,237018428,4.077000,true,matched_request_response
run_2,20260711,870,before,870,unknown_did,0x2222,6,526873,2E2222526873,062E222252687300,7F2E31,negative,0x7F,0x31,false,false,false,2026-07-10T12:42:49.372336+02:00,2928331400203,2928334463596,3.063393,true,true,237038686,237042765,4.079000,true,matched_request_response
run_2,20260711,871,before,871,read_only_did,0x1001,6,4CC954,2E10014CC954,062E10014CC95400,7F2E31,negative,0x7F,0x31,false,false,false,2026-07-10T12:42:49.396765+02:00,2928355828635,2928358837830,3.009195,true,true,237063111,237067197,4.086000,true,matched_request_response
run_2,20260711,872,before,872,target_did_random_data,0x1234,4,44,2E123444,042E123444000000,6E1234,positive,0x6E,,true,true,false,2026-07-10T12:42:49.421202+02:00,2928380265517,2928383301672,3.036155,true,true,237087518,237091601,4.083000,true,matched_request_response
run_2,20260711,873,before,873,target_did_random_data,0x1234,7,AA6A11FD,2E1234AA6A11FD,072E1234AA6A11FD,6E1234,positive,0x6E,,true,true,false,2026-07-10T12:42:49.445577+02:00,2928404640939,2928407674579,3.033640,true,true,237111852,237115927,4.075000,true,matched_request_response
run_2,20260711,874,before,874,target_did_random_data,0x1234,5,7932,2E12347932,052E123479320000,6E1234,positive,0x6E,,true,true,false,2026-07-10T12:42:49.469951+02:00,2928429020062,2928432077099,3.057037,true,true,237136208,237140289,4.081000,true,matched_request_response
run_2,20260711,875,before,875,target_did_random_data,0x1234,7,898AE2AE,2E1234898AE2AE,072E1234898AE2AE,6E1234,positive,0x6E,,true,true,false,2026-07-10T12:42:49.494315+02:00,2928453378233,2928455532777,2.154544,true,true,237160526,237164598,4.072000,true,matched_request_response
run_2,20260711,876,before,876,target_did_random_data,0x1234,6,E8B7C2,2E1234E8B7C2,062E1234E8B7C200,6E1234,positive,0x6E,,true,true,false,2026-07-10T12:42:49.517771+02:00,2928476834120,2928479926287,3.092167,true,true,237183968,237188046,4.078000,true,matched_request_response
run_2,20260711,877,before,877,unknown_did,0xF187,6,2CACB1,2EF1872CACB1,062EF1872CACB100,7F2E31,negative,0x7F,0x31,false,false,false,2026-07-10T12:42:49.542223+02:00,2928501287694,2928504344661,3.056967,true,true,237208400,237212477,4.077000,true,matched_request_response
run_2,20260711,878,before,878,target_did_random_data,0x1234,7,4A6FC581,2E12344A6FC581,072E12344A6FC581,6E1234,positive,0x6E,,true,true,false,2026-07-10T12:42:49.566628+02:00,2928525691402,2928528766179,3.074777,true,true,237232770,237236845,4.075000,true,matched_request_response
run_2,20260711,879,before,879,target_did_random_data,0x1234,7,F6969A1B,2E1234F6969A1B,072E1234F6969A1B,6E1234,positive,0x6E,,true,true,false,2026-07-10T12:42:49.591035+02:00,2928550097833,2928553241893,3.144060,true,true,237257146,237261221,4.075000,true,matched_request_response
run_2,20260711,880,before,880,unknown_did,0x3333,6,E7316F,2E3333E7316F,062E3333E7316F00,7F2E31,negative,0x7F,0x31,false,false,false,2026-07-10T12:42:49.615731+02:00,2928574794037,2928577703220,2.909183,true,true,237281830,237285909,4.079000,true,matched_request_response
run_2,20260711,881,before,881,target_did_random_data,0x1234,6,747A9B,2E1234747A9B,062E1234747A9B00,6E1234,positive,0x6E,,true,true,false,2026-07-10T12:42:49.640151+02:00,2928599216742,2928602045746,2.829004,true,true,237306229,237310306,4.077000,true,matched_request_response
run_2,20260711,882,before,882,missing_data,0x1234,3,,2E1234,032E123400000000,7F2E13,negative,0x7F,0x13,false,false,false,2026-07-10T12:42:49.664357+02:00,2928623420842,2928626467263,3.046421,true,true,237330402,237334491,4.089000,true,matched_request_response
run_2,20260711,883,before,883,target_did_random_data,0x1234,5,F20C,2E1234F20C,052E1234F20C0000,6E1234,positive,0x6E,,true,true,false,2026-07-10T12:42:49.688773+02:00,2928647837191,2928650878933,3.041742,true,true,237354795,237358882,4.087000,true,matched_request_response
run_2,20260711,884,before,884,target_did_random_data,0x1234,4,89,2E123489,042E123489000000,6E1234,positive,0x6E,,true,true,false,2026-07-10T12:42:49.713387+02:00,2928672450283,2928675223833,2.773550,true,true,237379428,237383512,4.084000,true,matched_request_response
run_2,20260711,885,before,885,target_did_random_data,0x1234,5,9658,2E12349658,052E123496580000,6E1234,positive,0x6E,,true,true,false,2026-07-10T12:42:49.737524+02:00,2928696588104,2928699915987,3.327883,true,true,237403490,237407571,4.081000,true,matched_request_response
run_2,20260711,886,before,886,read_only_did,0x1001,6,09AB5A,2E100109AB5A,062E100109AB5A00,7F2E31,negative,0x7F,0x31,false,false,false,2026-07-10T12:42:49.762259+02:00,2928721323280,2928724087681,2.764401,true,true,237428201,237432285,4.084000,true,matched_request_response
run_2,20260711,887,before,887,target_did_random_data,0x1234,4,45,2E123445,042E123445000000,6E1234,positive,0x6E,,true,true,false,2026-07-10T12:42:49.786434+02:00,2928745497837,2928748497045,2.999208,true,true,237452360,237456444,4.084000,true,matched_request_response
run_2,20260711,888,before,888,target_did_random_data,0x1234,7,0FD2BC25,2E12340FD2BC25,072E12340FD2BC25,6E1234,positive,0x6E,,true,true,false,2026-07-10T12:42:49.811016+02:00,2928770080618,2928772908645,2.828027,true,true,237476911,237480991,4.080000,true,matched_request_response
run_2,20260711,889,before,889,target_did_random_data,0x1234,6,7E5495,2E12347E5495,062E12347E549500,6E1234,positive,0x6E,,true,true,false,2026-07-10T12:42:49.835254+02:00,2928794317893,2928797364803,3.046910,true,true,237501122,237505204,4.082000,true,matched_request_response
run_2,20260711,890,before,890,target_did_random_data,0x1234,6,1C0CF6,2E12341C0CF6,062E12341C0CF600,6E1234,positive,0x6E,,true,true,false,2026-07-10T12:42:49.859720+02:00,2928818784668,2928821761038,2.976370,true,true,237525559,237529642,4.083000,true,matched_request_response
run_2,20260711,891,before,891,target_did_random_data,0x1234,6,441BF6,2E1234441BF6,062E1234441BF600,6E1234,positive,0x6E,,true,true,false,2026-07-10T12:42:49.884098+02:00,2928843161975,2928846232282,3.070307,true,true,237549909,237553988,4.079000,true,matched_request_response
run_2,20260711,892,before,892,target_did_random_data,0x1234,5,D510,2E1234D510,052E1234D5100000,6E1234,positive,0x6E,,true,true,false,2026-07-10T12:42:49.908603+02:00,2928867666813,2928870572783,2.905970,true,true,237574393,237578474,4.081000,true,matched_request_response
run_2,20260711,893,before,893,target_did_random_data,0x1234,4,7F,2E12347F,042E12347F000000,6E1234,positive,0x6E,,true,true,false,2026-07-10T12:42:49.932922+02:00,2928891986362,2928895038021,3.051659,true,true,237598716,237602803,4.087000,true,matched_request_response
run_2,20260711,894,before,894,target_did_random_data,0x1234,7,3E03F7EE,2E12343E03F7EE,072E12343E03F7EE,6E1234,positive,0x6E,,true,true,false,2026-07-10T12:42:49.957373+02:00,2928916437701,2928919400871,2.963170,true,true,237623115,237627197,4.082000,true,matched_request_response
run_2,20260711,895,before,895,target_did_random_data,0x1234,7,AC4DD63F,2E1234AC4DD63F,072E1234AC4DD63F,6E1234,positive,0x6E,,true,true,false,2026-07-10T12:42:49.981710+02:00,2928940774291,2928943805138,3.030847,true,true,237647412,237651484,4.072000,true,matched_request_response
run_2,20260711,896,before,896,target_did_random_data,0x1234,5,8D33,2E12348D33,052E12348D330000,6E1234,positive,0x6E,,true,true,false,2026-07-10T12:42:50.006092+02:00,2928965155859,2928968230426,3.074567,true,true,237671760,237675843,4.083000,true,matched_request_response
run_2,20260711,897,before,897,missing_data,0x1234,3,,2E1234,032E123400000000,7F2E13,negative,0x7F,0x13,false,false,false,2026-07-10T12:42:50.030603+02:00,2928989666843,2928992683232,3.016389,true,true,237696276,237700364,4.088000,true,matched_request_response
run_2,20260711,898,before,898,target_did_random_data,0x1234,4,E7,2E1234E7,042E1234E7000000,6E1234,positive,0x6E,,true,true,false,2026-07-10T12:42:50.055020+02:00,2929014084589,2929017060959,2.976370,true,true,237720663,237724750,4.087000,true,matched_request_response
run_2,20260711,899,before,899,target_did_random_data,0x1234,4,F8,2E1234F8,042E1234F8000000,6E1234,positive,0x6E,,true,true,false,2026-07-10T12:42:50.079442+02:00,2929038506246,2929041529829,3.023583,true,true,237745051,237749138,4.087000,true,matched_request_response
run_2,20260711,900,before,900,target_did_random_data,0x1234,6,3DC0BE,2E12343DC0BE,062E12343DC0BE00,6E1234,positive,0x6E,,true,true,false,2026-07-10T12:42:50.103857+02:00,2929062920290,2929065896032,2.975742,true,true,237769429,237773505,4.076000,true,matched_request_response
run_2,20260711,901,before,901,target_did_random_data,0x1234,6,42AB24,2E123442AB24,062E123442AB2400,6E1234,positive,0x6E,,true,true,false,2026-07-10T12:42:50.128252+02:00,2929087316385,2929090307142,2.990757,true,true,237793798,237797877,4.079000,true,matched_request_response
run_2,20260711,902,before,902,target_did_random_data,0x1234,7,638D9AEA,2E1234638D9AEA,072E1234638D9AEA,6E1234,positive,0x6E,,true,true,false,2026-07-10T12:42:50.152603+02:00,2929111667432,2929114701282,3.033850,true,true,237818111,237822188,4.077000,true,matched_request_response
run_2,20260711,903,before,903,target_did_random_data,0x1234,5,6738,2E12346738,052E123467380000,6E1234,positive,0x6E,,true,true,false,2026-07-10T12:42:50.177016+02:00,2929136080987,2929139202279,3.121292,true,true,237842521,237846601,4.080000,true,matched_request_response
run_2,20260711,904,before,904,target_did_random_data,0x1234,4,F0,2E1234F0,042E1234F0000000,6E1234,positive,0x6E,,true,true,false,2026-07-10T12:42:50.201469+02:00,2929160533025,2929163558075,3.025050,true,true,237866947,237871034,4.087000,true,matched_request_response
run_2,20260711,905,before,905,read_only_did,0x1001,6,027689,2E1001027689,062E100102768900,7F2E31,negative,0x7F,0x31,false,false,false,2026-07-10T12:42:50.225860+02:00,2929184923952,2929188028621,3.104669,true,true,237891309,237895394,4.085000,true,matched_request_response
run_2,20260711,906,before,906,target_did_random_data,0x1234,5,DF2D,2E1234DF2D,052E1234DF2D0000,6E1234,positive,0x6E,,true,true,false,2026-07-10T12:42:50.250365+02:00,2929209428930,2929212412005,2.983075,true,true,237915789,237919871,4.082000,true,matched_request_response
run_2,20260711,907,before,907,target_did_random_data,0x1234,6,6D2B2E,2E12346D2B2E,062E12346D2B2E00,6E1234,positive,0x6E,,true,true,false,2026-07-10T12:42:50.274724+02:00,2929233787590,2929236823744,3.036154,true,true,237940111,237944192,4.081000,true,matched_request_response
run_2,20260711,908,before,908,target_did_random_data,0x1234,6,E64EC0,2E1234E64EC0,062E1234E64EC000,6E1234,positive,0x6E,,true,true,false,2026-07-10T12:42:50.299116+02:00,2929258180472,2929261221236,3.040764,true,true,237964479,237968556,4.077000,true,matched_request_response
run_2,20260711,909,before,909,target_did_random_data,0x1234,4,81,2E123481,042E123481000000,6E1234,positive,0x6E,,true,true,false,2026-07-10T12:42:50.323577+02:00,2929282641031,2929285757014,3.115983,true,true,237988936,237993022,4.086000,true,matched_request_response
run_2,20260711,910,before,910,read_only_did,0x1001,6,8F3E0B,2E10018F3E0B,062E10018F3E0B00,7F2E31,negative,0x7F,0x31,false,false,false,2026-07-10T12:42:50.348091+02:00,2929307155298,2929310074747,2.919449,true,true,238013427,238017512,4.085000,true,matched_request_response
run_2,20260711,911,before,911,target_did_random_data,0x1234,4,71,2E123471,042E123471000000,6E1234,positive,0x6E,,true,true,false,2026-07-10T12:42:50.372456+02:00,2929331518707,2929334420137,2.901430,true,true,238037766,238041853,4.087000,true,matched_request_response
run_2,20260711,912,before,912,target_did_random_data,0x1234,5,F31B,2E1234F31B,052E1234F31B0000,6E1234,positive,0x6E,,true,true,false,2026-07-10T12:42:50.396731+02:00,2929355795442,2929359034976,3.239534,true,true,238062007,238066090,4.083000,true,matched_request_response
run_2,20260711,913,before,913,target_did_random_data,0x1234,7,C8F8D3E8,2E1234C8F8D3E8,072E1234C8F8D3E8,6E1234,positive,0x6E,,true,true,false,2026-07-10T12:42:50.421350+02:00,2929380414122,2929383279165,2.865043,true,true,238086601,238090676,4.075000,true,matched_request_response
run_2,20260711,914,before,914,target_did_random_data,0x1234,4,AE,2E1234AE,042E1234AE000000,6E1234,positive,0x6E,,true,true,false,2026-07-10T12:42:50.445585+02:00,2929404648743,2929407715279,3.066536,true,true,238110820,238114907,4.087000,true,matched_request_response
run_2,20260711,915,before,915,read_only_did,0x1001,6,C0690E,2E1001C0690E,062E1001C0690E00,7F2E31,negative,0x7F,0x31,false,false,false,2026-07-10T12:42:50.470073+02:00,2929429136610,2929432118358,2.981748,true,true,238135273,238139358,4.085000,true,matched_request_response
run_2,20260711,916,before,916,target_did_random_data,0x1234,7,61F9CF75,2E123461F9CF75,072E123461F9CF75,6E1234,positive,0x6E,,true,true,false,2026-07-10T12:42:50.494430+02:00,2929453493943,2929456493990,3.000047,true,true,238159595,238163670,4.075000,true,matched_request_response
run_2,20260711,917,before,917,target_did_random_data,0x1234,4,D3,2E1234D3,042E1234D3000000,6E1234,positive,0x6E,,true,true,false,2026-07-10T12:42:50.518796+02:00,2929477860076,2929480975780,3.115704,true,true,238183953,238188040,4.087000,true,matched_request_response
run_2,20260711,918,before,918,target_did_random_data,0x1234,4,29,2E123429,042E123429000000,6E1234,positive,0x6E,,true,true,false,2026-07-10T12:42:50.543329+02:00,2929502393619,2929505351202,2.957583,true,true,238208451,238212536,4.085000,true,matched_request_response
run_2,20260711,919,before,919,target_did_random_data,0x1234,7,0E690ED6,2E12340E690ED6,072E12340E690ED6,6E1234,positive,0x6E,,true,true,false,2026-07-10T12:42:50.567676+02:00,2929526739987,2929529782567,3.042580,true,true,238232758,238236841,4.083000,true,matched_request_response
run_2,20260711,920,before,920,read_only_did,0x1001,6,730CE5,2E1001730CE5,062E1001730CE500,7F2E31,negative,0x7F,0x31,false,false,false,2026-07-10T12:42:50.592101+02:00,2929551164507,2929554123487,2.958980,true,true,238257159,238261246,4.087000,true,matched_request_response
run_2,20260711,921,before,921,target_did_random_data,0x1234,5,7AAE,2E12347AAE,052E12347AAE0000,6E1234,positive,0x6E,,true,true,false,2026-07-10T12:42:50.616307+02:00,2929575370982,2929577575044,2.204062,true,true,238281343,238285423,4.080000,true,matched_request_response
run_2,20260711,922,before,922,target_did_random_data,0x1234,7,B33360EF,2E1234B33360EF,072E1234B33360EF,6E1234,positive,0x6E,,true,true,false,2026-07-10T12:42:50.639817+02:00,2929598881346,2929601048671,2.167325,true,true,238304830,238308905,4.075000,true,matched_request_response
run_2,20260711,923,before,923,target_did_random_data,0x1234,6,C137CE,2E1234C137CE,062E1234C137CE00,6E1234,positive,0x6E,,true,true,false,2026-07-10T12:42:50.663287+02:00,2929622351201,2929624483326,2.132125,true,true,238328273,238332348,4.075000,true,matched_request_response
run_2,20260711,924,before,924,target_did_random_data,0x1234,5,148D,2E1234148D,052E1234148D0000,6E1234,positive,0x6E,,true,true,false,2026-07-10T12:42:50.686760+02:00,2929645824339,2929648907776,3.083437,true,true,238351739,238355821,4.082000,true,matched_request_response
run_2,20260711,925,before,925,missing_data,0x1234,3,,2E1234,032E123400000000,7F2E13,negative,0x7F,0x13,false,false,false,2026-07-10T12:42:50.711229+02:00,2929670292301,2929673355205,3.062904,true,true,238376198,238380286,4.088000,true,matched_request_response
run_2,20260711,926,before,926,target_did_random_data,0x1234,4,96,2E123496,042E123496000000,6E1234,positive,0x6E,,true,true,false,2026-07-10T12:42:50.735710+02:00,2929694774580,2929697741592,2.967012,true,true,238400653,238404739,4.086000,true,matched_request_response
run_2,20260711,927,before,927,missing_data,0x1234,3,,2E1234,032E123400000000,7F2E13,negative,0x7F,0x13,false,false,false,2026-07-10T12:42:50.760106+02:00,2929719170047,2929722140061,2.970014,true,true,238425035,238429126,4.091000,true,matched_request_response
run_2,20260711,928,before,928,target_did_random_data,0x1234,7,A9518A29,2E1234A9518A29,072E1234A9518A29,6E1234,positive,0x6E,,true,true,false,2026-07-10T12:42:50.784440+02:00,2929743503843,2929746614938,3.111095,true,true,238449328,238453401,4.073000,true,matched_request_response
run_2,20260711,929,before,929,target_did_random_data,0x1234,7,806A7AD3,2E1234806A7AD3,072E1234806A7AD3,6E1234,positive,0x6E,,true,true,false,2026-07-10T12:42:50.808899+02:00,2929767963284,2929770959978,2.996694,true,true,238473761,238477836,4.075000,true,matched_request_response
run_2,20260711,930,before,930,target_did_random_data,0x1234,4,83,2E123483,042E123483000000,6E1234,positive,0x6E,,true,true,false,2026-07-10T12:42:50.833311+02:00,2929792375303,2929795418023,3.042720,true,true,238498176,238502262,4.086000,true,matched_request_response
run_2,20260711,931,before,931,target_did_random_data,0x1234,7,B3A69B7E,2E1234B3A69B7E,072E1234B3A69B7E,6E1234,positive,0x6E,,true,true,false,2026-07-10T12:42:50.857740+02:00,2929816804922,2929819796518,2.991596,true,true,238522572,238526648,4.076000,true,matched_request_response
run_2,20260711,932,before,932,read_only_did,0x1001,4,98,2E100198,042E100198000000,7F2E31,negative,0x7F,0x31,false,false,false,2026-07-10T12:42:50.882095+02:00,2929841158064,2929844239616,3.081552,true,true,238546915,238551006,4.091000,true,matched_request_response
run_2,20260711,933,before,933,target_did_random_data,0x1234,7,6DD895AD,2E12346DD895AD,072E12346DD895AD,6E1234,positive,0x6E,,true,true,false,2026-07-10T12:42:50.906528+02:00,2929865592223,2929868667698,3.075475,true,true,238571304,238575376,4.072000,true,matched_request_response
run_2,20260711,934,before,934,target_did_random_data,0x1234,6,534A20,2E1234534A20,062E1234534A2000,6E1234,positive,0x6E,,true,true,false,2026-07-10T12:42:50.931003+02:00,2929890067239,2929893073990,3.006751,true,true,238595771,238599850,4.079000,true,matched_request_response
run_2,20260711,935,before,935,target_did_random_data,0x1234,5,064E,2E1234064E,052E1234064E0000,6E1234,positive,0x6E,,true,true,false,2026-07-10T12:42:50.955354+02:00,2929914417867,2929917466244,3.048377,true,true,238620094,238624181,4.087000,true,matched_request_response
run_2,20260711,936,before,936,target_did_random_data,0x1234,5,9EA2,2E12349EA2,052E12349EA20000,6E1234,positive,0x6E,,true,true,false,2026-07-10T12:42:50.979781+02:00,2929938846368,2929942287814,3.441446,true,true,238644500,238648581,4.081000,true,matched_request_response
run_2,20260711,937,before,937,target_did_random_data,0x1234,7,ED09181B,2E1234ED09181B,072E1234ED09181B,6E1234,positive,0x6E,,true,true,false,2026-07-10T12:42:51.004541+02:00,2929963605989,2929966280015,2.674026,true,true,238669222,238673299,4.077000,true,matched_request_response
run_2,20260711,938,before,938,target_did_random_data,0x1234,7,3F73D0E8,2E12343F73D0E8,072E12343F73D0E8,6E1234,positive,0x6E,,true,true,false,2026-07-10T12:42:51.028585+02:00,2929987649453,2929990716478,3.067025,true,true,238693238,238697311,4.073000,true,matched_request_response
run_2,20260711,939,before,939,target_did_random_data,0x1234,6,6F56E2,2E12346F56E2,062E12346F56E200,6E1234,positive,0x6E,,true,true,false,2026-07-10T12:42:51.053125+02:00,2930012189352,2930015101887,2.912535,true,true,238717756,238721834,4.078000,true,matched_request_response
run_2,20260711,940,before,940,unknown_did,0xF187,4,4C,2EF1874C,042EF1874C000000,7F2E31,negative,0x7F,0x31,false,false,false,2026-07-10T12:42:51.077447+02:00,2930036510158,2930039549665,3.039507,true,true,238742062,238746148,4.086000,true,matched_request_response
run_2,20260711,941,before,941,target_did_random_data,0x1234,4,2F,2E12342F,042E12342F000000,6E1234,positive,0x6E,,true,true,false,2026-07-10T12:42:51.101856+02:00,2930060920222,2930063951487,3.031265,true,true,238766456,238770540,4.084000,true,matched_request_response
run_2,20260711,942,before,942,target_did_random_data,0x1234,7,F4B7351B,2E1234F4B7351B,072E1234F4B7351B,6E1234,positive,0x6E,,true,true,false,2026-07-10T12:42:51.126274+02:00,2930085336920,2930088392979,3.056059,true,true,238790808,238794882,4.074000,true,matched_request_response
run_2,20260711,943,before,943,target_did_random_data,0x1234,7,E265B575,2E1234E265B575,072E1234E265B575,6E1234,positive,0x6E,,true,true,false,2026-07-10T12:42:51.150699+02:00,2930109763536,2930112805208,3.041672,true,true,238815215,238819286,4.071000,true,matched_request_response
run_2,20260711,944,before,944,unknown_did,0x3333,5,B0AC,2E3333B0AC,052E3333B0AC0000,7F2E31,negative,0x7F,0x31,false,false,false,2026-07-10T12:42:51.175127+02:00,2930134191967,2930137221138,3.029171,true,true,238839641,238843724,4.083000,true,matched_request_response
run_2,20260711,945,before,945,target_did_random_data,0x1234,4,AC,2E1234AC,042E1234AC000000,6E1234,positive,0x6E,,true,true,false,2026-07-10T12:42:51.199573+02:00,2930158637440,2930161613531,2.976091,true,true,238864042,238868128,4.086000,true,matched_request_response
run_2,20260711,946,before,946,target_did_random_data,0x1234,5,4FA5,2E12344FA5,052E12344FA50000,6E1234,positive,0x6E,,true,true,false,2026-07-10T12:42:51.223972+02:00,2930183036678,2930185998661,2.961983,true,true,238888436,238892516,4.080000,true,matched_request_response
run_2,20260711,947,before,947,read_only_did,0x1001,4,30,2E100130,042E100130000000,7F2E31,negative,0x7F,0x31,false,false,false,2026-07-10T12:42:51.248315+02:00,2930207379973,2930210437429,3.057456,true,true,238912742,238916833,4.091000,true,matched_request_response
run_2,20260711,948,before,948,unknown_did,0x2222,7,8D4D0070,2E22228D4D0070,072E22228D4D0070,7F2E31,negative,0x7F,0x31,false,false,false,2026-07-10T12:42:51.272714+02:00,2930231778722,2930234836109,3.057387,true,true,238937088,238941167,4.079000,true,matched_request_response
run_2,20260711,949,before,949,target_did_random_data,0x1234,6,6BC861,2E12346BC861,062E12346BC86100,6E1234,positive,0x6E,,true,true,false,2026-07-10T12:42:51.297268+02:00,2930256332589,2930259242959,2.910370,true,true,238961621,238965700,4.079000,true,matched_request_response
run_2,20260711,950,before,950,read_only_did,0x1001,6,53DC23,2E100153DC23,062E100153DC2300,7F2E31,negative,0x7F,0x31,false,false,false,2026-07-10T12:42:51.321510+02:00,2930280574544,2930283665175,3.090631,true,true,238985838,238989921,4.083000,true,matched_request_response
run_2,20260711,951,before,951,target_did_random_data,0x1234,7,52A608AF,2E123452A608AF,072E123452A608AF,6E1234,positive,0x6E,,true,true,false,2026-07-10T12:42:51.345968+02:00,2930305033427,2930308148712,3.115285,true,true,239010281,239014358,4.077000,true,matched_request_response
run_2,20260711,952,before,952,target_did_random_data,0x1234,5,4757,2E12344757,052E123447570000,6E1234,positive,0x6E,,true,true,false,2026-07-10T12:42:51.370500+02:00,2930329564456,2930332501016,2.936560,true,true,239034780,239038863,4.083000,true,matched_request_response
run_2,20260711,953,before,953,target_did_random_data,0x1234,6,767BE8,2E1234767BE8,062E1234767BE800,6E1234,positive,0x6E,,true,true,false,2026-07-10T12:42:51.394807+02:00,2930353871992,2930356924210,3.052218,true,true,239059080,239063158,4.078000,true,matched_request_response
run_2,20260711,954,before,954,unknown_did,0xF187,6,DAA933,2EF187DAA933,062EF187DAA93300,7F2E31,negative,0x7F,0x31,false,false,false,2026-07-10T12:42:51.419285+02:00,2930378347496,2930381343073,2.995577,true,true,239083522,239087597,4.075000,true,matched_request_response
run_2,20260711,955,before,955,missing_data,0x1234,3,,2E1234,032E123400000000,7F2E13,negative,0x7F,0x13,false,false,false,2026-07-10T12:42:51.443683+02:00,2930402747712,2930405743149,2.995437,true,true,239107915,239112006,4.091000,true,matched_request_response
run_2,20260711,956,before,956,target_did_random_data,0x1234,7,8C2CFB50,2E12348C2CFB50,072E12348C2CFB50,6E1234,positive,0x6E,,true,true,false,2026-07-10T12:42:51.468096+02:00,2930427160360,2930430168997,3.008637,true,true,239132276,239136348,4.072000,true,matched_request_response
run_2,20260711,957,before,957,unknown_did,0x2222,5,C768,2E2222C768,052E2222C7680000,7F2E31,negative,0x7F,0x31,false,false,false,2026-07-10T12:42:51.492496+02:00,2930451560994,2930454594006,3.033012,true,true,239156675,239160758,4.083000,true,matched_request_response
run_2,20260711,958,before,958,unknown_did,0xF187,4,44,2EF18744,042EF18744000000,7F2E31,negative,0x7F,0x31,false,false,false,2026-07-10T12:42:51.516955+02:00,2930476017921,2930478977250,2.959329,true,true,239181120,239185210,4.090000,true,matched_request_response
run_2,20260711,959,before,959,missing_data,0x1234,3,,2E1234,032E123400000000,7F2E13,negative,0x7F,0x13,false,false,false,2026-07-10T12:42:51.541356+02:00,2930500420163,2930503443536,3.023373,true,true,239205509,239209597,4.088000,true,matched_request_response
run_2,20260711,960,before,960,target_did_random_data,0x1234,7,6F288282,2E12346F288282,072E12346F288282,6E1234,positive,0x6E,,true,true,false,2026-07-10T12:42:51.565770+02:00,2930524834207,2930527835790,3.001583,true,true,239229887,239233962,4.075000,true,matched_request_response
run_2,20260711,961,before,961,target_did_random_data,0x1234,5,CDEA,2E1234CDEA,052E1234CDEA0000,6E1234,positive,0x6E,,true,true,false,2026-07-10T12:42:51.590159+02:00,2930549223527,2930552291250,3.067723,true,true,239254254,239258335,4.081000,true,matched_request_response
run_2,20260711,962,before,962,target_did_random_data,0x1234,5,B680,2E1234B680,052E1234B6800000,6E1234,positive,0x6E,,true,true,false,2026-07-10T12:42:51.614570+02:00,2930573634219,2930576730228,3.096009,true,true,239278650,239282733,4.083000,true,matched_request_response
run_2,20260711,963,before,963,target_did_random_data,0x1234,7,3D0A5126,2E12343D0A5126,072E12343D0A5126,6E1234,positive,0x6E,,true,true,false,2026-07-10T12:42:51.639122+02:00,2930598185921,2930601079390,2.893469,true,true,239303163,239307243,4.080000,true,matched_request_response
run_2,20260711,964,before,964,missing_data,0x1234,3,,2E1234,032E123400000000,7F2E13,negative,0x7F,0x13,false,false,false,2026-07-10T12:42:51.663396+02:00,2930622460702,2930625518018,3.057316,true,true,239327474,239331562,4.088000,true,matched_request_response
run_2,20260711,965,before,965,target_did_random_data,0x1234,6,7C2E01,2E12347C2E01,062E12347C2E0100,6E1234,positive,0x6E,,true,true,false,2026-07-10T12:42:51.687843+02:00,2930646906733,2930649913555,3.006822,true,true,239351852,239355935,4.083000,true,matched_request_response
run_2,20260711,966,before,966,target_did_random_data,0x1234,4,D3,2E1234D3,042E1234D3000000,6E1234,positive,0x6E,,true,true,false,2026-07-10T12:42:51.712291+02:00,2930671356118,2930674354697,2.998579,true,true,239376284,239380368,4.084000,true,matched_request_response
run_2,20260711,967,before,967,target_did_random_data,0x1234,6,2AFF95,2E12342AFF95,062E12342AFF9500,6E1234,positive,0x6E,,true,true,false,2026-07-10T12:42:51.736705+02:00,2930695769673,2930698929028,3.159355,true,true,239400656,239404735,4.079000,true,matched_request_response
run_2,20260711,968,before,968,target_did_random_data,0x1234,6,2664A3,2E12342664A3,062E12342664A300,6E1234,positive,0x6E,,true,true,false,2026-07-10T12:42:51.761219+02:00,2930720283940,2930723159249,2.875309,true,true,239425142,239429221,4.079000,true,matched_request_response
run_2,20260711,969,before,969,missing_data,0x1234,3,,2E1234,032E123400000000,7F2E13,negative,0x7F,0x13,false,false,false,2026-07-10T12:42:51.785432+02:00,2930744496561,2930747640831,3.144270,true,true,239449346,239453434,4.088000,true,matched_request_response
run_2,20260711,970,before,970,target_did_random_data,0x1234,6,6459B0,2E12346459B0,062E12346459B000,6E1234,positive,0x6E,,true,true,false,2026-07-10T12:42:51.809983+02:00,2930769047146,2930771984544,2.937398,true,true,239473857,239477935,4.078000,true,matched_request_response
run_2,20260711,971,before,971,unknown_did,0x3333,6,8367FD,2E33338367FD,062E33338367FD00,7F2E31,negative,0x7F,0x31,false,false,false,2026-07-10T12:42:51.834351+02:00,2930793414815,2930796465986,3.051171,true,true,239498205,239502282,4.077000,true,matched_request_response
run_2,20260711,972,before,972,target_did_random_data,0x1234,6,C4BD09,2E1234C4BD09,062E1234C4BD0900,6E1234,positive,0x6E,,true,true,false,2026-07-10T12:42:51.858768+02:00,2930817832072,2930820835751,3.003679,true,true,239522580,239526664,4.084000,true,matched_request_response
run_2,20260711,973,before,973,target_did_random_data,0x1234,5,C650,2E1234C650,052E1234C6500000,6E1234,positive,0x6E,,true,true,false,2026-07-10T12:42:51.883133+02:00,2930842197507,2930845184842,2.987335,true,true,239546936,239551019,4.083000,true,matched_request_response
run_2,20260711,974,before,974,target_did_random_data,0x1234,5,A5DE,2E1234A5DE,052E1234A5DE0000,6E1234,positive,0x6E,,true,true,false,2026-07-10T12:42:51.907503+02:00,2930866566853,2930869707141,3.140288,true,true,239571272,239575351,4.079000,true,matched_request_response
run_2,20260711,975,before,975,target_did_random_data,0x1234,4,B1,2E1234B1,042E1234B1000000,6E1234,positive,0x6E,,true,true,false,2026-07-10T12:42:51.931984+02:00,2930891047456,2930894072506,3.025050,true,true,239595746,239599832,4.086000,true,matched_request_response
run_2,20260711,976,before,976,target_did_random_data,0x1234,4,09,2E123409,042E123409000000,6E1234,positive,0x6E,,true,true,false,2026-07-10T12:42:51.956370+02:00,2930915434053,2930918445972,3.011919,true,true,239620105,239624199,4.094000,true,matched_request_response
run_2,20260711,977,before,977,target_did_random_data,0x1234,6,59DFDC,2E123459DFDC,062E123459DFDC00,6E1234,positive,0x6E,,true,true,false,2026-07-10T12:42:51.980716+02:00,2930939780281,2930942863858,3.083577,true,true,239644419,239648495,4.076000,true,matched_request_response
run_2,20260711,978,before,978,target_did_random_data,0x1234,6,05B34D,2E123405B34D,062E123405B34D00,6E1234,positive,0x6E,,true,true,false,2026-07-10T12:42:52.005279+02:00,2930964344205,2930967308912,2.964707,true,true,239668963,239673046,4.083000,true,matched_request_response
run_2,20260711,979,before,979,target_did_random_data,0x1234,4,CF,2E1234CF,042E1234CF000000,6E1234,positive,0x6E,,true,true,false,2026-07-10T12:42:52.029594+02:00,2930988658516,2930991718836,3.060320,true,true,239693254,239697339,4.085000,true,matched_request_response
run_2,20260711,980,before,980,target_did_random_data,0x1234,4,41,2E123441,042E123441000000,6E1234,positive,0x6E,,true,true,false,2026-07-10T12:42:52.054003+02:00,2931013067671,2931016126175,3.058504,true,true,239717654,239721741,4.087000,true,matched_request_response
run_2,20260711,981,before,981,target_did_random_data,0x1234,7,8A55BD84,2E12348A55BD84,072E12348A55BD84,6E1234,positive,0x6E,,true,true,false,2026-07-10T12:42:52.078398+02:00,2931037461601,2931040540988,3.079387,true,true,239742042,239746116,4.074000,true,matched_request_response
run_2,20260711,982,before,982,target_did_random_data,0x1234,4,FD,2E1234FD,042E1234FD000000,6E1234,positive,0x6E,,true,true,false,2026-07-10T12:42:52.102854+02:00,2931061916783,2931064958874,3.042091,true,true,239766449,239770533,4.084000,true,matched_request_response
run_2,20260711,983,before,983,target_did_random_data,0x1234,7,596B9A8B,2E1234596B9A8B,072E1234596B9A8B,6E1234,positive,0x6E,,true,true,false,2026-07-10T12:42:52.127288+02:00,2931086351291,2931089354829,3.003538,true,true,239790829,239794903,4.074000,true,matched_request_response
run_2,20260711,984,before,984,target_did_random_data,0x1234,7,42292F09,2E123442292F09,072E123442292F09,6E1234,positive,0x6E,,true,true,false,2026-07-10T12:42:52.151667+02:00,2931110730624,2931113808334,3.077710,true,true,239815190,239819267,4.077000,true,matched_request_response
run_2,20260711,985,before,985,target_did_random_data,0x1234,6,3678BE,2E12343678BE,062E12343678BE00,6E1234,positive,0x6E,,true,true,false,2026-07-10T12:42:52.176116+02:00,2931135179380,2931138183547,3.004167,true,true,239839633,239843711,4.078000,true,matched_request_response
run_2,20260711,986,before,986,target_did_random_data,0x1234,6,93A80C,2E123493A80C,062E123493A80C00,6E1234,positive,0x6E,,true,true,false,2026-07-10T12:42:52.200514+02:00,2931159577291,2931162645084,3.067793,true,true,239864013,239868096,4.083000,true,matched_request_response
run_2,20260711,987,before,987,target_did_random_data,0x1234,4,16,2E123416,042E123416000000,6E1234,positive,0x6E,,true,true,false,2026-07-10T12:42:52.224931+02:00,2931183995735,2931187036360,3.040625,true,true,239888416,239892501,4.085000,true,matched_request_response
run_2,20260711,988,before,988,target_did_random_data,0x1234,5,9A3D,2E12349A3D,052E12349A3D0000,6E1234,positive,0x6E,,true,true,false,2026-07-10T12:42:52.249397+02:00,2931208461462,2931211512354,3.050892,true,true,239912890,239916973,4.083000,true,matched_request_response
run_2,20260711,989,before,989,target_did_random_data,0x1234,4,53,2E123453,042E123453000000,6E1234,positive,0x6E,,true,true,false,2026-07-10T12:42:52.273877+02:00,2931232940739,2931235821845,2.881106,true,true,239937288,239941373,4.085000,true,matched_request_response
run_2,20260711,990,before,990,target_did_random_data,0x1234,4,69,2E123469,042E123469000000,6E1234,positive,0x6E,,true,true,false,2026-07-10T12:42:52.298141+02:00,2931257204624,2931260292112,3.087488,true,true,239961525,239965612,4.087000,true,matched_request_response
run_2,20260711,991,before,991,target_did_random_data,0x1234,7,A6C6915C,2E1234A6C6915C,072E1234A6C6915C,6E1234,positive,0x6E,,true,true,false,2026-07-10T12:42:52.322561+02:00,2931281625443,2931284694493,3.069050,true,true,239985895,239989970,4.075000,true,matched_request_response
run_2,20260711,992,before,992,target_did_random_data,0x1234,7,E2A39CAC,2E1234E2A39CAC,072E1234E2A39CAC,6E1234,positive,0x6E,,true,true,false,2026-07-10T12:42:52.347008+02:00,2931306072662,2931309062093,2.989431,true,true,240010319,240014392,4.073000,true,matched_request_response
run_2,20260711,993,before,993,target_did_random_data,0x1234,5,63F3,2E123463F3,052E123463F30000,6E1234,positive,0x6E,,true,true,false,2026-07-10T12:42:52.371344+02:00,2931330408833,2931333540741,3.131908,true,true,240034657,240038739,4.082000,true,matched_request_response
run_2,20260711,994,before,994,target_did_random_data,0x1234,4,81,2E123481,042E123481000000,6E1234,positive,0x6E,,true,true,false,2026-07-10T12:42:52.395933+02:00,2931354996923,2931357975528,2.978605,true,true,240059251,240063336,4.085000,true,matched_request_response
run_2,20260711,995,before,995,read_only_did,0x1001,4,CD,2E1001CD,042E1001CD000000,7F2E31,negative,0x7F,0x31,false,false,false,2026-07-10T12:42:52.420321+02:00,2931379384288,2931382371274,2.986986,true,true,240083589,240087680,4.091000,true,matched_request_response
run_2,20260711,996,before,996,target_did_random_data,0x1234,6,08C39C,2E123408C39C,062E123408C39C00,6E1234,positive,0x6E,,true,true,false,2026-07-10T12:42:52.444753+02:00,2931403817818,2931406779382,2.961564,true,true,240107981,240112064,4.083000,true,matched_request_response
run_2,20260711,997,before,997,target_did_random_data,0x1234,6,141AB7,2E1234141AB7,062E1234141AB700,6E1234,positive,0x6E,,true,true,false,2026-07-10T12:42:52.469139+02:00,2931428203577,2931431166747,2.963170,true,true,240132346,240136422,4.076000,true,matched_request_response
run_2,20260711,998,before,998,target_did_random_data,0x1234,6,35B2BE,2E123435B2BE,062E123435B2BE00,6E1234,positive,0x6E,,true,true,false,2026-07-10T12:42:52.493490+02:00,2931452554624,2931455598182,3.043558,true,true,240156665,240160743,4.078000,true,matched_request_response
run_2,20260711,999,before,999,target_did_random_data,0x1234,6,4E2E61,2E12344E2E61,062E12344E2E6100,6E1234,positive,0x6E,,true,true,false,2026-07-10T12:42:52.517896+02:00,2931476960288,2931479990296,3.030008,true,true,240181038,240185117,4.079000,true,matched_request_response
run_2,20260711,1000,before,1000,unknown_did,0x3333,6,47D111,2E333347D111,062E333347D11100,7F2E31,negative,0x7F,0x31,false,false,false,2026-07-10T12:42:52.542352+02:00,2931501417075,2931504425922,3.008847,true,true,240205471,240209548,4.077000,true,matched_request_response
