run_id,random_seed,case_id,patch_state,trial,mutation_kind,did_hex,payload_length,data_hex,request_payload,request_can_data_hex,response_payload,response_class,response_sid,nrc,attack_pass,attack_success,timeout,send_wall_iso,send_monotonic_ns,recv_monotonic_ns,latency_ms,observer_request_seen,observer_response_seen,observer_request_timestamp_us,observer_response_timestamp_us,observer_latency_ms,observer_consistent,consistency_note
run_3,20260712,1,after,1,target_did_random_data,0x1234,7,5A86F2F2,2E12345A86F2F2,072E12345A86F2F2,7F2E31,negative,0x7F,0x31,false,false,false,2026-07-10T12:43:56.650481+02:00,2995609544427,2995612069760,2.525333,true,true,35815060,35819136,4.076000,true,matched_request_response
run_3,20260712,2,after,2,target_did_random_data,0x1234,4,A8,2E1234A8,042E1234A8000000,7F2E31,negative,0x7F,0x31,false,false,false,2026-07-10T12:43:56.674331+02:00,2995633394857,2995636514333,3.119476,true,true,35838912,35843001,4.089000,true,matched_request_response
run_3,20260712,3,after,3,target_did_random_data,0x1234,4,40,2E123440,042E123440000000,7F2E31,negative,0x7F,0x31,false,false,false,2026-07-10T12:43:56.698817+02:00,2995657880077,2995660927407,3.047330,true,true,35863387,35867478,4.091000,true,matched_request_response
run_3,20260712,4,after,4,target_did_random_data,0x1234,7,E69EAFDF,2E1234E69EAFDF,072E1234E69EAFDF,7F2E31,negative,0x7F,0x31,false,false,false,2026-07-10T12:43:56.723226+02:00,2995682289101,2995685314361,3.025260,true,true,35887757,35891833,4.076000,true,matched_request_response
run_3,20260712,5,after,5,target_did_random_data,0x1234,5,C7D3,2E1234C7D3,052E1234C7D30000,7F2E31,negative,0x7F,0x31,false,false,false,2026-07-10T12:43:56.747604+02:00,2995706667813,2995709757956,3.090143,true,true,35912117,35916204,4.087000,true,matched_request_response
run_3,20260712,6,after,6,target_did_random_data,0x1234,6,9FD474,2E12349FD474,062E12349FD47400,7F2E31,negative,0x7F,0x31,false,false,false,2026-07-10T12:43:56.772090+02:00,2995731154430,2995734213634,3.059204,true,true,35936587,35940670,4.083000,true,matched_request_response
run_3,20260712,7,after,7,target_did_random_data,0x1234,5,8542,2E12348542,052E123485420000,7F2E31,negative,0x7F,0x31,false,false,false,2026-07-10T12:43:56.796578+02:00,2995755641257,2995758569717,2.928460,true,true,35961048,35965132,4.084000,true,matched_request_response
run_3,20260712,8,after,8,target_did_random_data,0x1234,5,ED5E,2E1234ED5E,052E1234ED5E0000,7F2E31,negative,0x7F,0x31,false,false,false,2026-07-10T12:43:56.820847+02:00,2995779911435,2995783061642,3.150207,true,true,35985296,35989383,4.087000,true,matched_request_response
run_3,20260712,9,after,9,target_did_random_data,0x1234,6,CEE765,2E1234CEE765,062E1234CEE76500,7F2E31,negative,0x7F,0x31,false,false,false,2026-07-10T12:43:56.845421+02:00,2995804486053,2995807452228,2.966175,true,true,36009837,36013917,4.080000,true,matched_request_response
run_3,20260712,10,after,10,target_did_random_data,0x1234,4,A7,2E1234A7,042E1234A7000000,7F2E31,negative,0x7F,0x31,false,false,false,2026-07-10T12:43:56.869751+02:00,2995828814899,2995831841975,3.027076,true,true,36034174,36038265,4.091000,true,matched_request_response
run_3,20260712,11,after,11,target_did_random_data,0x1234,4,EA,2E1234EA,042E1234EA000000,7F2E31,negative,0x7F,0x31,false,false,false,2026-07-10T12:43:56.894147+02:00,2995853210582,2995856288014,3.077432,true,true,36058541,36062631,4.090000,true,matched_request_response
run_3,20260712,12,after,12,target_did_random_data,0x1234,6,42DC73,2E123442DC73,062E123442DC7300,7F2E31,negative,0x7F,0x31,false,false,false,2026-07-10T12:43:56.918578+02:00,2995877642165,2995880684466,3.042301,true,true,36082922,36087002,4.080000,true,matched_request_response
run_3,20260712,13,after,13,target_did_random_data,0x1234,4,2F,2E12342F,042E12342F000000,7F2E31,negative,0x7F,0x31,false,false,false,2026-07-10T12:43:56.943070+02:00,2995902133112,2995905096423,2.963311,true,true,36107406,36111496,4.090000,true,matched_request_response
run_3,20260712,14,after,14,target_did_random_data,0x1234,7,67D46FDE,2E123467D46FDE,072E123467D46FDE,7F2E31,negative,0x7F,0x31,false,false,false,2026-07-10T12:43:56.967409+02:00,2995926472224,2995929458722,2.986498,true,true,36131700,36135779,4.079000,true,matched_request_response
run_3,20260712,15,after,15,missing_data,0x1234,3,,2E1234,032E123400000000,7F2E31,negative,0x7F,0x31,false,false,false,2026-07-10T12:43:56.991787+02:00,2995950850727,2995953977676,3.126949,true,true,36156080,36160175,4.095000,true,matched_request_response
run_3,20260712,16,after,16,target_did_random_data,0x1234,5,7203,2E12347203,052E123472030000,7F2E31,negative,0x7F,0x31,false,false,false,2026-07-10T12:43:57.016331+02:00,2995975395243,2995978334947,2.939704,true,true,36180598,36184689,4.091000,true,matched_request_response
run_3,20260712,17,after,17,missing_data,0x1234,3,,2E1234,032E123400000000,7F2E31,negative,0x7F,0x31,false,false,false,2026-07-10T12:43:57.041107+02:00,2996000171075,2996002707933,2.536858,true,true,36205349,36209443,4.094000,true,matched_request_response
run_3,20260712,18,after,18,target_did_random_data,0x1234,6,B12E34,2E1234B12E34,062E1234B12E3400,7F2E31,negative,0x7F,0x31,false,false,false,2026-07-10T12:43:57.064986+02:00,2996024049721,2996027157255,3.107534,true,true,36229202,36233285,4.083000,true,matched_request_response
run_3,20260712,19,after,19,target_did_random_data,0x1234,7,7569F44D,2E12347569F44D,072E12347569F44D,7F2E31,negative,0x7F,0x31,false,false,false,2026-07-10T12:43:57.089412+02:00,2996048476275,2996051560342,3.084067,true,true,36253590,36257669,4.079000,true,matched_request_response
run_3,20260712,20,after,20,target_did_random_data,0x1234,6,CF2558,2E1234CF2558,062E1234CF255800,7F2E31,negative,0x7F,0x31,false,false,false,2026-07-10T12:43:57.113875+02:00,2996072939984,2996076056388,3.116404,true,true,36278053,36282133,4.080000,true,matched_request_response
run_3,20260712,21,after,21,target_did_random_data,0x1234,6,25926C,2E123425926C,062E123425926C00,7F2E31,negative,0x7F,0x31,false,false,false,2026-07-10T12:43:57.138480+02:00,2996097543726,2996100397106,2.853380,true,true,36302624,36306706,4.082000,true,matched_request_response
run_3,20260712,22,after,22,target_did_random_data,0x1234,7,926C98AD,2E1234926C98AD,072E1234926C98AD,7F2E31,negative,0x7F,0x31,false,false,false,2026-07-10T12:43:57.162676+02:00,2996121740431,2996124806828,3.066397,true,true,36326792,36330868,4.076000,true,matched_request_response
run_3,20260712,23,after,23,unknown_did,0x3333,6,64B3EA,2E333364B3EA,062E333364B3EA00,7F2E31,negative,0x7F,0x31,false,false,false,2026-07-10T12:43:57.187137+02:00,2996146202185,2996149180302,2.978117,true,true,36351243,36355326,4.083000,true,matched_request_response
run_3,20260712,24,after,24,target_did_random_data,0x1234,4,E3,2E1234E3,042E1234E3000000,7F2E31,negative,0x7F,0x31,false,false,false,2026-07-10T12:43:57.211516+02:00,2996170580478,2996173638844,3.058366,true,true,36375614,36379704,4.090000,true,matched_request_response
run_3,20260712,25,after,25,target_did_random_data,0x1234,5,C952,2E1234C952,052E1234C9520000,7F2E31,negative,0x7F,0x31,false,false,false,2026-07-10T12:43:57.235983+02:00,2996195047820,2996198050940,3.003120,true,true,36400049,36404133,4.084000,true,matched_request_response
run_3,20260712,26,after,26,target_did_random_data,0x1234,5,85EF,2E123485EF,052E123485EF0000,7F2E31,negative,0x7F,0x31,false,false,false,2026-07-10T12:43:57.260360+02:00,2996219423599,2996222424275,3.000676,true,true,36424404,36428491,4.087000,true,matched_request_response
run_3,20260712,27,after,27,target_did_random_data,0x1234,7,1B6CA233,2E12341B6CA233,072E12341B6CA233,7F2E31,negative,0x7F,0x31,false,false,false,2026-07-10T12:43:57.284740+02:00,2996243804197,2996246896994,3.092797,true,true,36448793,36452869,4.076000,true,matched_request_response
run_3,20260712,28,after,28,target_did_random_data,0x1234,4,D3,2E1234D3,042E1234D3000000,7F2E31,negative,0x7F,0x31,false,false,false,2026-07-10T12:43:57.309339+02:00,2996268403608,2996271296239,2.892631,true,true,36473340,36477430,4.090000,true,matched_request_response
run_3,20260712,29,after,29,target_did_random_data,0x1234,4,9C,2E12349C,042E12349C000000,7F2E31,negative,0x7F,0x31,false,false,false,2026-07-10T12:43:57.333581+02:00,2996292644663,2996295724749,3.080086,true,true,36497572,36501662,4.090000,true,matched_request_response
run_3,20260712,30,after,30,target_did_random_data,0x1234,6,34FB50,2E123434FB50,062E123434FB5000,7F2E31,negative,0x7F,0x31,false,false,false,2026-07-10T12:43:57.358084+02:00,2996317147623,2996320093264,2.945641,true,true,36522037,36526117,4.080000,true,matched_request_response
run_3,20260712,31,after,31,target_did_random_data,0x1234,7,0834D02B,2E12340834D02B,072E12340834D02B,7F2E31,negative,0x7F,0x31,false,false,false,2026-07-10T12:43:57.382415+02:00,2996341479542,2996344581907,3.102365,true,true,36546349,36550431,4.082000,true,matched_request_response
run_3,20260712,32,after,32,target_did_random_data,0x1234,7,915FDBE7,2E1234915FDBE7,072E1234915FDBE7,7F2E31,negative,0x7F,0x31,false,false,false,2026-07-10T12:43:57.406892+02:00,2996365956731,2996368928492,2.971761,true,true,36570789,36574866,4.077000,true,matched_request_response
run_3,20260712,33,after,33,read_only_did,0x1001,4,76,2E100176,042E100176000000,7F2E31,negative,0x7F,0x31,false,false,false,2026-07-10T12:43:57.431214+02:00,2996390277823,2996393366640,3.088817,true,true,36595117,36599212,4.095000,true,matched_request_response
run_3,20260712,34,after,34,read_only_did,0x1001,4,75,2E100175,042E100175000000,7F2E31,negative,0x7F,0x31,false,false,false,2026-07-10T12:43:57.455651+02:00,2996414714993,2996417791028,3.076035,true,true,36619517,36623612,4.095000,true,matched_request_response
run_3,20260712,35,after,35,target_did_random_data,0x1234,6,E7C2AC,2E1234E7C2AC,062E1234E7C2AC00,7F2E31,negative,0x7F,0x31,false,false,false,2026-07-10T12:43:57.480087+02:00,2996439150137,2996442210738,3.060601,true,true,36643919,36648000,4.081000,true,matched_request_response
run_3,20260712,36,after,36,target_did_random_data,0x1234,7,04FF9FF8,2E123404FF9FF8,072E123404FF9FF8,7F2E31,negative,0x7F,0x31,false,false,false,2026-07-10T12:43:57.504538+02:00,2996463602393,2996466607679,3.005286,true,true,36668353,36672435,4.082000,true,matched_request_response
run_3,20260712,37,after,37,target_did_random_data,0x1234,7,41F1CED2,2E123441F1CED2,072E123441F1CED2,7F2E31,negative,0x7F,0x31,false,false,false,2026-07-10T12:43:57.528876+02:00,2996487940038,2996491038912,3.098874,true,true,36692656,36696737,4.081000,true,matched_request_response
run_3,20260712,38,after,38,target_did_random_data,0x1234,6,D68BD0,2E1234D68BD0,062E1234D68BD000,7F2E31,negative,0x7F,0x31,false,false,false,2026-07-10T12:43:57.553519+02:00,2996512582682,2996515439694,2.857012,true,true,36717286,36721368,4.082000,true,matched_request_response
run_3,20260712,39,after,39,target_did_random_data,0x1234,5,70B2,2E123470B2,052E123470B20000,7F2E31,negative,0x7F,0x31,false,false,false,2026-07-10T12:43:57.577762+02:00,2996536826321,2996539833213,3.006892,true,true,36741516,36745602,4.086000,true,matched_request_response
run_3,20260712,40,after,40,target_did_random_data,0x1234,7,4228B4D6,2E12344228B4D6,072E12344228B4D6,7F2E31,negative,0x7F,0x31,false,false,false,2026-07-10T12:43:57.602121+02:00,2996561184709,2996564300554,3.115845,true,true,36765825,36769901,4.076000,true,matched_request_response
run_3,20260712,41,after,41,target_did_random_data,0x1234,7,40FF64D7,2E123440FF64D7,072E123440FF64D7,7F2E31,negative,0x7F,0x31,false,false,false,2026-07-10T12:43:57.626568+02:00,2996585632076,2996588686250,3.054174,true,true,36790254,36794332,4.078000,true,matched_request_response
run_3,20260712,42,after,42,target_did_random_data,0x1234,7,398727C3,2E1234398727C3,072E1234398727C3,7F2E31,negative,0x7F,0x31,false,false,false,2026-07-10T12:43:57.651049+02:00,2996610112268,2996613073064,2.960796,true,true,36814716,36818795,4.079000,true,matched_request_response
run_3,20260712,43,after,43,target_did_random_data,0x1234,7,9D081440,2E12349D081440,072E12349D081440,7F2E31,negative,0x7F,0x31,false,false,false,2026-07-10T12:43:57.675360+02:00,2996634424281,2996637491726,3.067445,true,true,36839007,36843088,4.081000,true,matched_request_response
run_3,20260712,44,after,44,unknown_did,0xF187,5,45F6,2EF18745F6,052EF18745F60000,7F2E31,negative,0x7F,0x31,false,false,false,2026-07-10T12:43:57.699787+02:00,2996658850765,2996661908572,3.057807,true,true,36863414,36867501,4.087000,true,matched_request_response
run_3,20260712,45,after,45,target_did_random_data,0x1234,4,74,2E123474,042E123474000000,7F2E31,negative,0x7F,0x31,false,false,false,2026-07-10T12:43:57.724204+02:00,2996683267192,2996686312217,3.045025,true,true,36887814,36891903,4.089000,true,matched_request_response
run_3,20260712,46,after,46,unknown_did,0x3333,7,E42F847B,2E3333E42F847B,072E3333E42F847B,7F2E31,negative,0x7F,0x31,false,false,false,2026-07-10T12:43:57.748585+02:00,2996707649117,2996710739609,3.090492,true,true,36912160,36916238,4.078000,true,matched_request_response
run_3,20260712,47,after,47,target_did_random_data,0x1234,6,FCF155,2E1234FCF155,062E1234FCF15500,7F2E31,negative,0x7F,0x31,false,false,false,2026-07-10T12:43:57.773056+02:00,2996732119182,2996735175173,3.055991,true,true,36936604,36940687,4.083000,true,matched_request_response
run_3,20260712,48,after,48,target_did_random_data,0x1234,5,5C46,2E12345C46,052E12345C460000,7F2E31,negative,0x7F,0x31,false,false,false,2026-07-10T12:43:57.797423+02:00,2996756485881,2996759593555,3.107674,true,true,36960941,36965026,4.085000,true,matched_request_response
run_3,20260712,49,after,49,missing_data,0x1234,3,,2E1234,032E123400000000,7F2E31,negative,0x7F,0x31,false,false,false,2026-07-10T12:43:57.821938+02:00,2996781024112,2996784110763,3.086651,true,true,36985475,36989569,4.094000,true,matched_request_response
run_3,20260712,50,after,50,target_did_random_data,0x1234,4,9E,2E12349E,042E12349E000000,7F2E31,negative,0x7F,0x31,false,false,false,2026-07-10T12:43:57.846452+02:00,2996805516387,2996808431786,2.915399,true,true,37009949,37014037,4.088000,true,matched_request_response
run_3,20260712,51,after,51,target_did_random_data,0x1234,4,4D,2E12344D,042E12344D000000,7F2E31,negative,0x7F,0x31,false,false,false,2026-07-10T12:43:57.870727+02:00,2996829791524,2996832828867,3.037343,true,true,37034250,37038340,4.090000,true,matched_request_response
run_3,20260712,52,after,52,target_did_random_data,0x1234,4,4B,2E12344B,042E12344B000000,7F2E31,negative,0x7F,0x31,false,false,false,2026-07-10T12:43:57.895172+02:00,2996854236167,2996857234817,2.998650,true,true,37058611,37062702,4.091000,true,matched_request_response
run_3,20260712,53,after,53,target_did_random_data,0x1234,4,31,2E123431,042E123431000000,7F2E31,negative,0x7F,0x31,false,false,false,2026-07-10T12:43:57.919534+02:00,2996878597209,2996881691403,3.094194,true,true,37082950,37087038,4.088000,true,matched_request_response
run_3,20260712,54,after,54,target_did_random_data,0x1234,7,9C1E8DCE,2E12349C1E8DCE,072E12349C1E8DCE,7F2E31,negative,0x7F,0x31,false,false,false,2026-07-10T12:43:57.943988+02:00,2996903053864,2996906070115,3.016251,true,true,37107386,37111464,4.078000,true,matched_request_response
run_3,20260712,55,after,55,target_did_random_data,0x1234,5,4583,2E12344583,052E123445830000,7F2E31,negative,0x7F,0x31,false,false,false,2026-07-10T12:43:57.968893+02:00,2996927956179,2996930480675,2.524496,true,true,37132267,37136353,4.086000,true,matched_request_response
run_3,20260712,56,after,56,target_did_random_data,0x1234,7,94AB6608,2E123494AB6608,072E123494AB6608,7F2E31,negative,0x7F,0x31,false,false,false,2026-07-10T12:43:57.992769+02:00,2996951833149,2996954899267,3.066118,true,true,37156124,37160206,4.082000,true,matched_request_response
run_3,20260712,57,after,57,missing_data,0x1234,3,,2E1234,032E123400000000,7F2E31,negative,0x7F,0x31,false,false,false,2026-07-10T12:43:58.017183+02:00,2996976247900,2996979321002,3.073102,true,true,37180511,37184605,4.094000,true,matched_request_response
run_3,20260712,58,after,58,missing_data,0x1234,3,,2E1234,032E123400000000,7F2E31,negative,0x7F,0x31,false,false,false,2026-07-10T12:43:58.041641+02:00,2997000705603,2997003707816,3.002213,true,true,37204958,37209050,4.092000,true,matched_request_response
run_3,20260712,59,after,59,target_did_random_data,0x1234,5,11C3,2E123411C3,052E123411C30000,7F2E31,negative,0x7F,0x31,false,false,false,2026-07-10T12:43:58.066074+02:00,2997025138303,2997028184726,3.046423,true,true,37229358,37233445,4.087000,true,matched_request_response
run_3,20260712,60,after,60,unknown_did,0xF187,5,A5DF,2EF187A5DF,052EF187A5DF0000,7F2E31,negative,0x7F,0x31,false,false,false,2026-07-10T12:43:58.090529+02:00,2997049593911,2997052589698,2.995787,true,true,37253792,37257876,4.084000,true,matched_request_response
run_3,20260712,61,after,61,target_did_random_data,0x1234,6,9D9BC7,2E12349D9BC7,062E12349D9BC700,7F2E31,negative,0x7F,0x31,false,false,false,2026-07-10T12:43:58.114867+02:00,2997073930649,2997077074430,3.143781,true,true,37278094,37282176,4.082000,true,matched_request_response
run_3,20260712,62,after,62,target_did_random_data,0x1234,6,BB4D15,2E1234BB4D15,062E1234BB4D1500,7F2E31,negative,0x7F,0x31,false,false,false,2026-07-10T12:43:58.139410+02:00,2997098474956,2997101395873,2.920917,true,true,37302621,37306704,4.083000,true,matched_request_response
run_3,20260712,63,after,63,target_did_random_data,0x1234,5,604E,2E1234604E,052E1234604E0000,7F2E31,negative,0x7F,0x31,false,false,false,2026-07-10T12:43:58.163696+02:00,2997122759242,2997125794071,3.034829,true,true,37326890,37330974,4.084000,true,matched_request_response
run_3,20260712,64,after,64,target_did_random_data,0x1234,7,E9160903,2E1234E9160903,072E1234E9160903,7F2E31,negative,0x7F,0x31,false,false,false,2026-07-10T12:43:58.188102+02:00,2997147166590,2997150192618,3.026028,true,true,37351265,37355352,4.087000,true,matched_request_response
run_3,20260712,65,after,65,target_did_random_data,0x1234,6,B5924D,2E1234B5924D,062E1234B5924D00,7F2E31,negative,0x7F,0x31,false,false,false,2026-07-10T12:43:58.212463+02:00,2997171526794,2997174608067,3.081273,true,true,37375590,37379672,4.082000,true,matched_request_response
run_3,20260712,66,after,66,target_did_random_data,0x1234,4,D6,2E1234D6,042E1234D6000000,7F2E31,negative,0x7F,0x31,false,false,false,2026-07-10T12:43:58.236891+02:00,2997195954326,2997199047332,3.093006,true,true,37400011,37404099,4.088000,true,matched_request_response
run_3,20260712,67,after,67,target_did_random_data,0x1234,5,D8F3,2E1234D8F3,052E1234D8F30000,7F2E31,negative,0x7F,0x31,false,false,false,2026-07-10T12:43:58.261335+02:00,2997220398689,2997223450838,3.052149,true,true,37424415,37428502,4.087000,true,matched_request_response
run_3,20260712,68,after,68,target_did_random_data,0x1234,5,9454,2E12349454,052E123494540000,7F2E31,negative,0x7F,0x31,false,false,false,2026-07-10T12:43:58.285706+02:00,2997244771116,2997247880046,3.108930,true,true,37448770,37452854,4.084000,true,matched_request_response
run_3,20260712,69,after,69,target_did_random_data,0x1234,5,FF9F,2E1234FF9F,052E1234FF9F0000,7F2E31,negative,0x7F,0x31,false,false,false,2026-07-10T12:43:58.310168+02:00,2997269231613,2997272336143,3.104530,true,true,37473213,37477300,4.087000,true,matched_request_response
run_3,20260712,70,after,70,target_did_random_data,0x1234,6,461495,2E1234461495,062E123446149500,7F2E31,negative,0x7F,0x31,false,false,false,2026-07-10T12:43:58.334691+02:00,2997293754967,2997296691598,2.936631,true,true,37497700,37501783,4.083000,true,matched_request_response
run_3,20260712,71,after,71,unknown_did,0xF187,4,F9,2EF187F9,042EF187F9000000,7F2E31,negative,0x7F,0x31,false,false,false,2026-07-10T12:43:58.359082+02:00,2997318145971,2997321105651,2.959680,true,true,37522090,37526180,4.090000,true,matched_request_response
run_3,20260712,72,after,72,target_did_random_data,0x1234,6,D3EBA9,2E1234D3EBA9,062E1234D3EBA900,7F2E31,negative,0x7F,0x31,false,false,false,2026-07-10T12:43:58.383373+02:00,2997342436055,2997345537792,3.101737,true,true,37546333,37550416,4.083000,true,matched_request_response
run_3,20260712,73,after,73,target_did_random_data,0x1234,5,5CF0,2E12345CF0,052E12345CF00000,7F2E31,negative,0x7F,0x31,false,false,false,2026-07-10T12:43:58.407829+02:00,2997366893618,2997369897437,3.003819,true,true,37570785,37574870,4.085000,true,matched_request_response
run_3,20260712,74,after,74,target_did_random_data,0x1234,5,44EF,2E123444EF,052E123444EF0000,7F2E31,negative,0x7F,0x31,false,false,false,2026-07-10T12:43:58.432113+02:00,2997391176438,2997393373447,2.197009,true,true,37595026,37599111,4.085000,true,matched_request_response
run_3,20260712,75,after,75,unknown_did,0x2222,5,2C8B,2E22222C8B,052E22222C8B0000,7F2E31,negative,0x7F,0x31,false,false,false,2026-07-10T12:43:58.455875+02:00,2997414938938,2997417807054,2.868116,true,true,37618774,37622859,4.085000,true,matched_request_response
run_3,20260712,76,after,76,target_did_random_data,0x1234,7,6AEC34F0,2E12346AEC34F0,072E12346AEC34F0,7F2E31,negative,0x7F,0x31,false,false,false,2026-07-10T12:43:58.480192+02:00,2997439255212,2997442212237,2.957025,true,true,37643054,37647131,4.077000,true,matched_request_response
run_3,20260712,77,after,77,target_did_random_data,0x1234,5,D1EB,2E1234D1EB,052E1234D1EB0000,7F2E31,negative,0x7F,0x31,false,false,false,2026-07-10T12:43:58.504812+02:00,2997463875716,2997466670080,2.794364,true,true,37667660,37671750,4.090000,true,matched_request_response
run_3,20260712,78,after,78,target_did_random_data,0x1234,5,7DBA,2E12347DBA,052E12347DBA0000,7F2E31,negative,0x7F,0x31,false,false,false,2026-07-10T12:43:58.528994+02:00,2997488058592,2997491047046,2.988454,true,true,37691827,37695911,4.084000,true,matched_request_response
run_3,20260712,79,after,79,target_did_random_data,0x1234,6,79FAF1,2E123479FAF1,062E123479FAF100,7F2E31,negative,0x7F,0x31,false,false,false,2026-07-10T12:43:58.553523+02:00,2997512587743,2997515475555,2.887812,true,true,37716326,37720408,4.082000,true,matched_request_response
run_3,20260712,80,after,80,target_did_random_data,0x1234,4,3D,2E12343D,042E12343D000000,7F2E31,negative,0x7F,0x31,false,false,false,2026-07-10T12:43:58.577783+02:00,2997536847516,2997539922084,3.074568,true,true,37740572,37744662,4.090000,true,matched_request_response
run_3,20260712,81,after,81,target_did_random_data,0x1234,5,19DA,2E123419DA,052E123419DA0000,7F2E31,negative,0x7F,0x31,false,false,false,2026-07-10T12:43:58.602275+02:00,2997561339301,2997564257774,2.918473,true,true,37765032,37769116,4.084000,true,matched_request_response
run_3,20260712,82,after,82,target_did_random_data,0x1234,4,7B,2E12347B,042E12347B000000,7F2E31,negative,0x7F,0x31,false,false,false,2026-07-10T12:43:58.626530+02:00,2997585594045,2997588726373,3.132328,true,true,37789264,37793354,4.090000,true,matched_request_response
run_3,20260712,83,after,83,target_did_random_data,0x1234,4,26,2E123426,042E123426000000,7F2E31,negative,0x7F,0x31,false,false,false,2026-07-10T12:43:58.651214+02:00,2997610277686,2997613107529,2.829843,true,true,37813932,37818019,4.087000,true,matched_request_response
run_3,20260712,84,after,84,target_did_random_data,0x1234,7,47A6EAF6,2E123447A6EAF6,072E123447A6EAF6,7F2E31,negative,0x7F,0x31,false,false,false,2026-07-10T12:43:58.675375+02:00,2997634439051,2997637538483,3.099432,true,true,37838034,37842111,4.077000,true,matched_request_response
run_3,20260712,85,after,85,unknown_did,0xF187,6,B49F5B,2EF187B49F5B,062EF187B49F5B00,7F2E31,negative,0x7F,0x31,false,false,false,2026-07-10T12:43:58.699836+02:00,2997658900596,2997661927672,3.027076,true,true,37862483,37866565,4.082000,true,matched_request_response
run_3,20260712,86,after,86,missing_data,0x1234,3,,2E1234,032E123400000000,7F2E31,negative,0x7F,0x31,false,false,false,2026-07-10T12:43:58.724236+02:00,2997683299213,2997686339419,3.040206,true,true,37886867,37890960,4.093000,true,matched_request_response
run_3,20260712,87,after,87,read_only_did,0x1001,6,090D9B,2E1001090D9B,062E1001090D9B00,7F2E31,negative,0x7F,0x31,false,false,false,2026-07-10T12:43:58.748625+02:00,2997707687843,2997710756754,3.068911,true,true,37911217,37915312,4.095000,true,matched_request_response
run_3,20260712,88,after,88,target_did_random_data,0x1234,7,3DCD8232,2E12343DCD8232,072E12343DCD8232,7F2E31,negative,0x7F,0x31,false,false,false,2026-07-10T12:43:58.773078+02:00,2997732142752,2997735183867,3.041115,true,true,37935645,37939724,4.079000,true,matched_request_response
run_3,20260712,89,after,89,target_did_random_data,0x1234,7,C68D1A44,2E1234C68D1A44,072E1234C68D1A44,7F2E31,negative,0x7F,0x31,false,false,false,2026-07-10T12:43:58.797475+02:00,2997756537877,2997759568376,3.030499,true,true,37960005,37964082,4.077000,true,matched_request_response
run_3,20260712,90,after,90,target_did_random_data,0x1234,4,A4,2E1234A4,042E1234A4000000,7F2E31,negative,0x7F,0x31,false,false,false,2026-07-10T12:43:58.821877+02:00,2997780941733,2997784069660,3.127927,true,true,37984403,37988494,4.091000,true,matched_request_response
run_3,20260712,91,after,91,target_did_random_data,0x1234,6,4BB791,2E12344BB791,062E12344BB79100,7F2E31,negative,0x7F,0x31,false,false,false,2026-07-10T12:43:58.846432+02:00,2997805496306,2997808409820,2.913514,true,true,38008919,38013000,4.081000,true,matched_request_response
run_3,20260712,92,after,92,target_did_random_data,0x1234,4,A2,2E1234A2,042E1234A2000000,7F2E31,negative,0x7F,0x31,false,false,false,2026-07-10T12:43:58.870711+02:00,2997829774447,2997832813396,3.038949,true,true,38033184,38037274,4.090000,true,matched_request_response
run_3,20260712,93,after,93,target_did_random_data,0x1234,4,D8,2E1234D8,042E1234D8000000,7F2E31,negative,0x7F,0x31,false,false,false,2026-07-10T12:43:58.895149+02:00,2997854213572,2997857247772,3.034200,true,true,38057602,38061692,4.090000,true,matched_request_response
run_3,20260712,94,after,94,target_did_random_data,0x1234,4,3D,2E12343D,042E12343D000000,7F2E31,negative,0x7F,0x31,false,false,false,2026-07-10T12:43:58.919591+02:00,2997878655980,2997881653304,2.997324,true,true,38082009,38086097,4.088000,true,matched_request_response
run_3,20260712,95,after,95,target_did_random_data,0x1234,7,5543669A,2E12345543669A,072E12345543669A,7F2E31,negative,0x7F,0x31,false,false,false,2026-07-10T12:43:58.943978+02:00,2997903041747,2997906069731,3.027984,true,true,38106351,38110430,4.079000,true,matched_request_response
run_3,20260712,96,after,96,target_did_random_data,0x1234,6,27D192,2E123427D192,062E123427D19200,7F2E31,negative,0x7F,0x31,false,false,false,2026-07-10T12:43:58.968371+02:00,2997927434497,2997930495097,3.060600,true,true,38130731,38134812,4.081000,true,matched_request_response
run_3,20260712,97,after,97,target_did_random_data,0x1234,5,4DE5,2E12344DE5,052E12344DE50000,7F2E31,negative,0x7F,0x31,false,false,false,2026-07-10T12:43:58.992779+02:00,2997951842333,2997954925981,3.083648,true,true,38155125,38159212,4.087000,true,matched_request_response
run_3,20260712,98,after,98,target_did_random_data,0x1234,5,2F50,2E12342F50,052E12342F500000,7F2E31,negative,0x7F,0x31,false,false,false,2026-07-10T12:43:59.017235+02:00,2997976299827,2997979302319,3.002492,true,true,38179550,38183637,4.087000,true,matched_request_response
run_3,20260712,99,after,99,target_did_random_data,0x1234,4,D2,2E1234D2,042E1234D2000000,7F2E31,negative,0x7F,0x31,false,false,false,2026-07-10T12:43:59.041645+02:00,2998000708572,2998003730340,3.021768,true,true,38203939,38208027,4.088000,true,matched_request_response
run_3,20260712,100,after,100,target_did_random_data,0x1234,7,238302BF,2E1234238302BF,072E1234238302BF,7F2E31,negative,0x7F,0x31,false,false,false,2026-07-10T12:43:59.066074+02:00,2998025137919,2998028147745,3.009826,true,true,38228341,38232423,4.082000,true,matched_request_response
run_3,20260712,101,after,101,target_did_random_data,0x1234,6,93CCCA,2E123493CCCA,062E123493CCCA00,7F2E31,negative,0x7F,0x31,false,false,false,2026-07-10T12:43:59.090466+02:00,2998049529483,2998052578210,3.048727,true,true,38252694,38256776,4.082000,true,matched_request_response
run_3,20260712,102,after,102,target_did_random_data,0x1234,4,B5,2E1234B5,042E1234B5000000,7F2E31,negative,0x7F,0x31,false,false,false,2026-07-10T12:43:59.114983+02:00,2998074047459,2998077055399,3.007940,true,true,38277207,38281298,4.091000,true,matched_request_response
run_3,20260712,103,after,103,target_did_random_data,0x1234,4,9A,2E12349A,042E12349A000000,7F2E31,negative,0x7F,0x31,false,false,false,2026-07-10T12:43:59.139441+02:00,2998098505512,2998101392556,2.887044,true,true,38301636,38305730,4.094000,true,matched_request_response
run_3,20260712,104,after,104,target_did_random_data,0x1234,6,1927EC,2E12341927EC,062E12341927EC00,7F2E31,negative,0x7F,0x31,false,false,false,2026-07-10T12:43:59.163680+02:00,2998122744122,2998125808563,3.064441,true,true,38325847,38329927,4.080000,true,matched_request_response
run_3,20260712,105,after,105,read_only_did,0x1001,5,51A5,2E100151A5,052E100151A50000,7F2E31,negative,0x7F,0x31,false,false,false,2026-07-10T12:43:59.188174+02:00,2998147239540,2998150204038,2.964498,true,true,38350342,38354433,4.091000,true,matched_request_response
run_3,20260712,106,after,106,target_did_random_data,0x1234,5,0157,2E12340157,052E123401570000,7F2E31,negative,0x7F,0x31,false,false,false,2026-07-10T12:43:59.212483+02:00,2998171546665,2998174624167,3.077502,true,true,38374597,38378688,4.091000,true,matched_request_response
run_3,20260712,107,after,107,target_did_random_data,0x1234,6,45AFC5,2E123445AFC5,062E123445AFC500,7F2E31,negative,0x7F,0x31,false,false,false,2026-07-10T12:43:59.236935+02:00,2998195999130,2998199096118,3.096988,true,true,38399054,38403135,4.081000,true,matched_request_response
run_3,20260712,108,after,108,unknown_did,0x2222,6,0D1B3B,2E22220D1B3B,062E22220D1B3B00,7F2E31,negative,0x7F,0x31,false,false,false,2026-07-10T12:43:59.261348+02:00,2998220412135,2998223473922,3.061787,true,true,38423423,38427510,4.087000,true,matched_request_response
run_3,20260712,109,after,109,target_did_random_data,0x1234,4,33,2E123433,042E123433000000,7F2E31,negative,0x7F,0x31,false,false,false,2026-07-10T12:43:59.285737+02:00,2998244800346,2998247869257,3.068911,true,true,38447850,38451939,4.089000,true,matched_request_response
run_3,20260712,110,after,110,target_did_random_data,0x1234,7,C49C1DC6,2E1234C49C1DC6,072E1234C49C1DC6,7F2E31,negative,0x7F,0x31,false,false,false,2026-07-10T12:43:59.310640+02:00,2998269703359,2998272328427,2.625068,true,true,38472657,38476739,4.082000,true,matched_request_response
run_3,20260712,111,after,111,target_did_random_data,0x1234,7,C5C6513C,2E1234C5C6513C,072E1234C5C6513C,7F2E31,negative,0x7F,0x31,false,false,false,2026-07-10T12:43:59.334635+02:00,2998293699549,2998296722155,3.022606,true,true,38496627,38500706,4.079000,true,matched_request_response
run_3,20260712,112,after,112,target_did_random_data,0x1234,6,90690F,2E123490690F,062E123490690F00,7F2E31,negative,0x7F,0x31,false,false,false,2026-07-10T12:43:59.359032+02:00,2998318096001,2998321115185,3.019184,true,true,38521017,38525101,4.084000,true,matched_request_response
run_3,20260712,113,after,113,target_did_random_data,0x1234,5,F9FA,2E1234F9FA,052E1234F9FA0000,7F2E31,negative,0x7F,0x31,false,false,false,2026-07-10T12:43:59.383426+02:00,2998342489171,2998345537409,3.048238,true,true,38545405,38549491,4.086000,true,matched_request_response
run_3,20260712,114,after,114,target_did_random_data,0x1234,6,CCF175,2E1234CCF175,062E1234CCF17500,7F2E31,negative,0x7F,0x31,false,false,false,2026-07-10T12:43:59.407851+02:00,2998366914188,2998369942941,3.028753,true,true,38569776,38573857,4.081000,true,matched_request_response
run_3,20260712,115,after,115,target_did_random_data,0x1234,5,7269,2E12347269,052E123472690000,7F2E31,negative,0x7F,0x31,false,false,false,2026-07-10T12:43:59.432246+02:00,2998391310501,2998394379831,3.069330,true,true,38594159,38598245,4.086000,true,matched_request_response
run_3,20260712,116,after,116,target_did_random_data,0x1234,7,4B9A7A7D,2E12344B9A7A7D,072E12344B9A7A7D,7F2E31,negative,0x7F,0x31,false,false,false,2026-07-10T12:43:59.456654+02:00,2998415718756,2998418787738,3.068982,true,true,38618533,38622612,4.079000,true,matched_request_response
run_3,20260712,117,after,117,target_did_random_data,0x1234,7,4B20DC49,2E12344B20DC49,072E12344B20DC49,7F2E31,negative,0x7F,0x31,false,false,false,2026-07-10T12:43:59.481119+02:00,2998440183374,2998443221136,3.037762,true,true,38642964,38647041,4.077000,true,matched_request_response
run_3,20260712,118,after,118,target_did_random_data,0x1234,5,27BA,2E123427BA,052E123427BA0000,7F2E31,negative,0x7F,0x31,false,false,false,2026-07-10T12:43:59.505542+02:00,2998464605668,2998467602293,2.996625,true,true,38667382,38671469,4.087000,true,matched_request_response
run_3,20260712,119,after,119,target_did_random_data,0x1234,5,8CAD,2E12348CAD,052E12348CAD0000,7F2E31,negative,0x7F,0x31,false,false,false,2026-07-10T12:43:59.529972+02:00,2998489036203,2998492074035,3.037832,true,true,38691776,38695860,4.084000,true,matched_request_response
run_3,20260712,120,after,120,target_did_random_data,0x1234,6,1512C6,2E12341512C6,062E12341512C600,7F2E31,negative,0x7F,0x31,false,false,false,2026-07-10T12:43:59.554451+02:00,2998513515208,2998516475725,2.960517,true,true,38716230,38720312,4.082000,true,matched_request_response
run_3,20260712,121,after,121,target_did_random_data,0x1234,6,CC0B8E,2E1234CC0B8E,062E1234CC0B8E00,7F2E31,negative,0x7F,0x31,false,false,false,2026-07-10T12:43:59.578756+02:00,2998537819120,2998540855974,3.036854,true,true,38740538,38744625,4.087000,true,matched_request_response
run_3,20260712,122,after,122,target_did_random_data,0x1234,5,B49F,2E1234B49F,052E1234B49F0000,7F2E31,negative,0x7F,0x31,false,false,false,2026-07-10T12:43:59.603198+02:00,2998562262087,2998565291887,3.029800,true,true,38764932,38769017,4.085000,true,matched_request_response
run_3,20260712,123,after,123,target_did_random_data,0x1234,5,6488,2E12346488,052E123464880000,7F2E31,negative,0x7F,0x31,false,false,false,2026-07-10T12:43:59.627583+02:00,2998586646875,2998589712015,3.065140,true,true,38789279,38793366,4.087000,true,matched_request_response
run_3,20260712,124,after,124,target_did_random_data,0x1234,7,720796AB,2E1234720796AB,072E1234720796AB,7F2E31,negative,0x7F,0x31,false,false,false,2026-07-10T12:43:59.652102+02:00,2998611165620,2998614098620,2.933000,true,true,38813764,38817844,4.080000,true,matched_request_response
run_3,20260712,125,after,125,unknown_did,0xF187,4,F2,2EF187F2,042EF187F2000000,7F2E31,negative,0x7F,0x31,false,false,false,2026-07-10T12:43:59.676388+02:00,2998635451862,2998638550457,3.098595,true,true,38838040,38842128,4.088000,true,matched_request_response
run_3,20260712,126,after,126,target_did_random_data,0x1234,5,12E3,2E123412E3,052E123412E30000,7F2E31,negative,0x7F,0x31,false,false,false,2026-07-10T12:43:59.700899+02:00,2998659962995,2998662924071,2.961076,true,true,38862512,38866598,4.086000,true,matched_request_response
run_3,20260712,127,after,127,unknown_did,0x2222,7,8D95C5D7,2E22228D95C5D7,072E22228D95C5D7,7F2E31,negative,0x7F,0x31,false,false,false,2026-07-10T12:43:59.725276+02:00,2998684340101,2998687308091,2.967990,true,true,38886849,38890925,4.076000,true,matched_request_response
run_3,20260712,128,after,128,target_did_random_data,0x1234,5,1D9E,2E12341D9E,052E12341D9E0000,7F2E31,negative,0x7F,0x31,false,false,false,2026-07-10T12:43:59.749684+02:00,2998708747867,2998711728918,2.981051,true,true,38911250,38915336,4.086000,true,matched_request_response
run_3,20260712,129,after,129,target_did_random_data,0x1234,4,AC,2E1234AC,042E1234AC000000,7F2E31,negative,0x7F,0x31,false,false,false,2026-07-10T12:43:59.773983+02:00,2998733046122,2998736140596,3.094474,true,true,38935517,38939608,4.091000,true,matched_request_response
run_3,20260712,130,after,130,target_did_random_data,0x1234,7,0C0D69EE,2E12340C0D69EE,072E12340C0D69EE,7F2E31,negative,0x7F,0x31,false,false,false,2026-07-10T12:43:59.798396+02:00,2998757460175,2998760602979,3.142804,true,true,38959893,38963978,4.085000,true,matched_request_response
run_3,20260712,131,after,131,target_did_random_data,0x1234,5,B2A0,2E1234B2A0,052E1234B2A00000,7F2E31,negative,0x7F,0x31,false,false,false,2026-07-10T12:43:59.822901+02:00,2998781964881,2998785077374,3.112493,true,true,38984382,38988468,4.086000,true,matched_request_response
run_3,20260712,132,after,132,target_did_random_data,0x1234,4,F0,2E1234F0,042E1234F0000000,7F2E31,negative,0x7F,0x31,false,false,false,2026-07-10T12:43:59.847435+02:00,2998806498992,2998809373534,2.874542,true,true,39008911,39012999,4.088000,true,matched_request_response
run_3,20260712,133,after,133,read_only_did,0x1001,4,13,2E100113,042E100113000000,7F2E31,negative,0x7F,0x31,false,false,false,2026-07-10T12:43:59.871646+02:00,2998830710573,2998833792126,3.081553,true,true,39033087,39037182,4.095000,true,matched_request_response
run_3,20260712,134,after,134,target_did_random_data,0x1234,6,2BC9B2,2E12342BC9B2,062E12342BC9B200,7F2E31,negative,0x7F,0x31,false,false,false,2026-07-10T12:43:59.896117+02:00,2998855181476,2998858255137,3.073661,true,true,39057515,39061597,4.082000,true,matched_request_response
run_3,20260712,135,after,135,target_did_random_data,0x1234,5,440A,2E1234440A,052E1234440A0000,7F2E31,negative,0x7F,0x31,false,false,false,2026-07-10T12:43:59.920543+02:00,2998879606424,2998882677850,3.071426,true,true,39081922,39086011,4.089000,true,matched_request_response
run_3,20260712,136,after,136,target_did_random_data,0x1234,5,2B9C,2E12342B9C,052E12342B9C0000,7F2E31,negative,0x7F,0x31,false,false,false,2026-07-10T12:43:59.945016+02:00,2998904080261,2998907061172,2.980911,true,true,39106369,39110455,4.086000,true,matched_request_response
run_3,20260712,137,after,137,target_did_random_data,0x1234,7,857BF49E,2E1234857BF49E,072E1234857BF49E,7F2E31,negative,0x7F,0x31,false,false,false,2026-07-10T12:43:59.969366+02:00,2998928430268,2998931486888,3.056620,true,true,39130680,39134762,4.082000,true,matched_request_response
run_3,20260712,138,after,138,target_did_random_data,0x1234,7,E207C650,2E1234E207C650,072E1234E207C650,7F2E31,negative,0x7F,0x31,false,false,false,2026-07-10T12:43:59.993791+02:00,2998952855146,2998955920007,3.064861,true,true,39155081,39159164,4.083000,true,matched_request_response
run_3,20260712,139,after,139,target_did_random_data,0x1234,4,76,2E123476,042E123476000000,7F2E31,negative,0x7F,0x31,false,false,false,2026-07-10T12:44:00.018242+02:00,2998977306424,2998980323094,3.016670,true,true,39179525,39183615,4.090000,true,matched_request_response
run_3,20260712,140,after,140,target_did_random_data,0x1234,7,943A5263,2E1234943A5263,072E1234943A5263,7F2E31,negative,0x7F,0x31,false,false,false,2026-07-10T12:44:00.042670+02:00,2999001734166,2999004733166,2.999000,true,true,39203900,39207977,4.077000,true,matched_request_response
run_3,20260712,141,after,141,target_did_random_data,0x1234,5,0221,2E12340221,052E123402210000,7F2E31,negative,0x7F,0x31,false,false,false,2026-07-10T12:44:00.067071+02:00,2999026134808,2999029137370,3.002562,true,true,39228301,39232392,4.091000,true,matched_request_response
run_3,20260712,142,after,142,missing_data,0x1234,3,,2E1234,032E123400000000,7F2E31,negative,0x7F,0x31,false,false,false,2026-07-10T12:44:00.091458+02:00,2999050521693,2999053522369,3.000676,true,true,39252663,39256761,4.098000,true,matched_request_response
run_3,20260712,143,after,143,target_did_random_data,0x1234,5,574B,2E1234574B,052E1234574B0000,7F2E31,negative,0x7F,0x31,false,false,false,2026-07-10T12:44:00.115987+02:00,2999075050146,2999077939075,2.888929,true,true,39277157,39281244,4.087000,true,matched_request_response
run_3,20260712,144,after,144,target_did_random_data,0x1234,4,09,2E123409,042E123409000000,7F2E31,negative,0x7F,0x31,false,false,false,2026-07-10T12:44:00.140266+02:00,2999099330242,2999102371705,3.041463,true,true,39301414,39305508,4.094000,true,matched_request_response
run_3,20260712,145,after,145,target_did_random_data,0x1234,4,24,2E123424,042E123424000000,7F2E31,negative,0x7F,0x31,false,false,false,2026-07-10T12:44:00.164889+02:00,2999123952702,2999126840304,2.887602,true,true,39326030,39330118,4.088000,true,matched_request_response
run_3,20260712,146,after,146,target_did_random_data,0x1234,4,6C,2E12346C,042E12346C000000,7F2E31,negative,0x7F,0x31,false,false,false,2026-07-10T12:44:00.189257+02:00,2999148321008,2999151193804,2.872796,true,true,39350366,39354457,4.091000,true,matched_request_response
run_3,20260712,147,after,147,target_did_random_data,0x1234,5,9204,2E12349204,052E123492040000,7F2E31,negative,0x7F,0x31,false,false,false,2026-07-10T12:44:00.213695+02:00,2999172758038,2999175647457,2.889419,true,true,39374770,39378859,4.089000,true,matched_request_response
run_3,20260712,148,after,148,target_did_random_data,0x1234,6,54D006,2E123454D006,062E123454D00600,7F2E31,negative,0x7F,0x31,false,false,false,2026-07-10T12:44:00.238000+02:00,2999197064255,2999200103554,3.039299,true,true,39399038,39403122,4.084000,true,matched_request_response
run_3,20260712,149,after,149,target_did_random_data,0x1234,7,0CEEE366,2E12340CEEE366,072E12340CEEE366,7F2E31,negative,0x7F,0x31,false,false,false,2026-07-10T12:44:00.262458+02:00,2999221521051,2999224439872,2.918821,true,true,39423460,39427543,4.083000,true,matched_request_response
run_3,20260712,150,after,150,unknown_did,0xF187,4,B8,2EF187B8,042EF187B8000000,7F2E31,negative,0x7F,0x31,false,false,false,2026-07-10T12:44:00.286792+02:00,2999245856950,2999248856300,2.999350,true,true,39447800,39451888,4.088000,true,matched_request_response
run_3,20260712,151,after,151,unknown_did,0x2222,4,44,2E222244,042E222244000000,7F2E31,negative,0x7F,0x31,false,false,false,2026-07-10T12:44:00.311174+02:00,2999270238526,2999273272517,3.033991,true,true,39472145,39476236,4.091000,true,matched_request_response
run_3,20260712,152,after,152,target_did_random_data,0x1234,6,B93DF3,2E1234B93DF3,062E1234B93DF300,7F2E31,negative,0x7F,0x31,false,false,false,2026-07-10T12:44:00.335543+02:00,2999294607531,2999297712760,3.105229,true,true,39496473,39500556,4.083000,true,matched_request_response
run_3,20260712,153,after,153,target_did_random_data,0x1234,6,9D7748,2E12349D7748,062E12349D774800,7F2E31,negative,0x7F,0x31,false,false,false,2026-07-10T12:44:00.360083+02:00,2999319147089,2999322126813,2.979724,true,true,39520987,39525067,4.080000,true,matched_request_response
run_3,20260712,154,after,154,target_did_random_data,0x1234,6,E5D434,2E1234E5D434,062E1234E5D43400,7F2E31,negative,0x7F,0x31,false,false,false,2026-07-10T12:44:00.384448+02:00,2999343511274,2999346519493,3.008219,true,true,39545327,39549410,4.083000,true,matched_request_response
run_3,20260712,155,after,155,target_did_random_data,0x1234,4,87,2E123487,042E123487000000,7F2E31,negative,0x7F,0x31,false,false,false,2026-07-10T12:44:00.408835+02:00,2999367900603,2999370954987,3.054384,true,true,39569703,39573794,4.091000,true,matched_request_response
run_3,20260712,156,after,156,target_did_random_data,0x1234,6,1E070A,2E12341E070A,062E12341E070A00,7F2E31,negative,0x7F,0x31,false,false,false,2026-07-10T12:44:00.433245+02:00,2999392308928,2999395307020,2.998092,true,true,39594074,39598165,4.091000,true,matched_request_response
run_3,20260712,157,after,157,target_did_random_data,0x1234,6,353C2F,2E1234353C2F,062E1234353C2F00,7F2E31,negative,0x7F,0x31,false,false,false,2026-07-10T12:44:00.457498+02:00,2999416561996,2999418781633,2.219637,true,true,39618272,39622355,4.083000,true,matched_request_response
run_3,20260712,158,after,158,target_did_random_data,0x1234,6,665FF1,2E1234665FF1,062E1234665FF100,7F2E31,negative,0x7F,0x31,false,false,false,2026-07-10T12:44:00.481104+02:00,2999440167701,2999443208397,3.040696,true,true,39641872,39645952,4.080000,true,matched_request_response
run_3,20260712,159,after,159,read_only_did,0x1001,6,AEF9C0,2E1001AEF9C0,062E1001AEF9C000,7F2E31,negative,0x7F,0x31,false,false,false,2026-07-10T12:44:00.505884+02:00,2999464948562,2999467627547,2.678985,true,true,39666643,39670732,4.089000,true,matched_request_response
run_3,20260712,160,after,160,target_did_random_data,0x1234,4,9C,2E12349C,042E12349C000000,7F2E31,negative,0x7F,0x31,false,false,false,2026-07-10T12:44:00.529907+02:00,2999488970035,2999492059829,3.089794,true,true,39690639,39694732,4.093000,true,matched_request_response
run_3,20260712,161,after,161,read_only_did,0x1001,6,519E9F,2E1001519E9F,062E1001519E9F00,7F2E31,negative,0x7F,0x31,false,false,false,2026-07-10T12:44:00.554457+02:00,2999513520977,2999516491970,2.970993,true,true,39715169,39719256,4.087000,true,matched_request_response
run_3,20260712,162,after,162,target_did_random_data,0x1234,6,FF2A10,2E1234FF2A10,062E1234FF2A1000,7F2E31,negative,0x7F,0x31,false,false,false,2026-07-10T12:44:00.578804+02:00,2999537868260,2999540845889,2.977629,true,true,39739471,39743553,4.082000,true,matched_request_response
run_3,20260712,163,after,163,target_did_random_data,0x1234,5,C740,2E1234C740,052E1234C7400000,7F2E31,negative,0x7F,0x31,false,false,false,2026-07-10T12:44:00.603173+02:00,2999562237125,2999565265738,3.028613,true,true,39763838,39767923,4.085000,true,matched_request_response
run_3,20260712,164,after,164,target_did_random_data,0x1234,4,69,2E123469,042E123469000000,7F2E31,negative,0x7F,0x31,false,false,false,2026-07-10T12:44:00.627568+02:00,2999586631622,2999589692292,3.060670,true,true,39788202,39792293,4.091000,true,matched_request_response
run_3,20260712,165,after,165,target_did_random_data,0x1234,4,06,2E123406,042E123406000000,7F2E31,negative,0x7F,0x31,false,false,false,2026-07-10T12:44:00.652029+02:00,2999611093307,2999614153558,3.060251,true,true,39812648,39816745,4.097000,true,matched_request_response
run_3,20260712,166,after,166,target_did_random_data,0x1234,7,F1C238B6,2E1234F1C238B6,072E1234F1C238B6,7F2E31,negative,0x7F,0x31,false,false,false,2026-07-10T12:44:00.676448+02:00,2999635511969,2999638529477,3.017508,true,true,39837014,39841091,4.077000,true,matched_request_response
run_3,20260712,167,after,167,missing_data,0x1234,3,,2E1234,032E123400000000,7F2E31,negative,0x7F,0x31,false,false,false,2026-07-10T12:44:00.700810+02:00,2999659874548,2999662942900,3.068352,true,true,39861378,39865473,4.095000,true,matched_request_response
run_3,20260712,168,after,168,read_only_did,0x1001,5,FC80,2E1001FC80,052E1001FC800000,7F2E31,negative,0x7F,0x31,false,false,false,2026-07-10T12:44:00.725312+02:00,2999684375902,2999687372109,2.996207,true,true,39885865,39889954,4.089000,true,matched_request_response
run_3,20260712,169,after,169,target_did_random_data,0x1234,6,D1BC72,2E1234D1BC72,062E1234D1BC7200,7F2E31,negative,0x7F,0x31,false,false,false,2026-07-10T12:44:00.749705+02:00,2999708769910,2999711895463,3.125553,true,true,39910217,39914299,4.082000,true,matched_request_response
run_3,20260712,170,after,170,target_did_random_data,0x1234,4,DA,2E1234DA,042E1234DA000000,7F2E31,negative,0x7F,0x31,false,false,false,2026-07-10T12:44:00.774252+02:00,2999733316103,2999736163616,2.847513,true,true,39934748,39938836,4.088000,true,matched_request_response
run_3,20260712,171,after,171,target_did_random_data,0x1234,7,1D1AB53D,2E12341D1AB53D,072E12341D1AB53D,7F2E31,negative,0x7F,0x31,false,false,false,2026-07-10T12:44:00.798478+02:00,2999757541304,2999760617758,3.076454,true,true,39958935,39963011,4.076000,true,matched_request_response
run_3,20260712,172,after,172,target_did_random_data,0x1234,5,462F,2E1234462F,052E1234462F0000,7F2E31,negative,0x7F,0x31,false,false,false,2026-07-10T12:44:00.822965+02:00,2999782028830,2999785048014,3.019184,true,true,39983410,39987496,4.086000,true,matched_request_response
run_3,20260712,173,after,173,target_did_random_data,0x1234,6,195769,2E1234195769,062E123419576900,7F2E31,negative,0x7F,0x31,false,false,false,2026-07-10T12:44:00.847334+02:00,2999806398672,2999809439298,3.040626,true,true,40007748,40011828,4.080000,true,matched_request_response
run_3,20260712,174,after,174,target_did_random_data,0x1234,4,F3,2E1234F3,042E1234F3000000,7F2E31,negative,0x7F,0x31,false,false,false,2026-07-10T12:44:00.871763+02:00,2999830826274,2999833829883,3.003609,true,true,40032203,40036294,4.091000,true,matched_request_response
run_3,20260712,175,after,175,target_did_random_data,0x1234,7,EC4A8F4C,2E1234EC4A8F4C,072E1234EC4A8F4C,7F2E31,negative,0x7F,0x31,false,false,false,2026-07-10T12:44:00.896152+02:00,2999855216860,2999858234926,3.018066,true,true,40056503,40060581,4.078000,true,matched_request_response
run_3,20260712,176,after,176,target_did_random_data,0x1234,5,F505,2E1234F505,052E1234F5050000,7F2E31,negative,0x7F,0x31,false,false,false,2026-07-10T12:44:00.920554+02:00,2999879617642,2999882656452,3.038810,true,true,40080911,40085000,4.089000,true,matched_request_response
run_3,20260712,177,after,177,target_did_random_data,0x1234,5,A155,2E1234A155,052E1234A1550000,7F2E31,negative,0x7F,0x31,false,false,false,2026-07-10T12:44:00.945017+02:00,2999904081282,2999907109266,3.027984,true,true,40105342,40109429,4.087000,true,matched_request_response
run_3,20260712,178,after,178,read_only_did,0x1001,6,6CC654,2E10016CC654,062E10016CC65400,7F2E31,negative,0x7F,0x31,false,false,false,2026-07-10T12:44:00.969462+02:00,2999928525506,2999931524157,2.998651,true,true,40129764,40133849,4.085000,true,matched_request_response
run_3,20260712,179,after,179,target_did_random_data,0x1234,6,2EBECD,2E12342EBECD,062E12342EBECD00,7F2E31,negative,0x7F,0x31,false,false,false,2026-07-10T12:44:00.993826+02:00,2999952889971,2999955933251,3.043280,true,true,40154095,40158178,4.083000,true,matched_request_response
run_3,20260712,180,after,180,target_did_random_data,0x1234,4,96,2E123496,042E123496000000,7F2E31,negative,0x7F,0x31,false,false,false,2026-07-10T12:44:01.018261+02:00,2999977325046,2999980314128,2.989082,true,true,40178522,40182613,4.091000,true,matched_request_response
run_3,20260712,181,after,181,target_did_random_data,0x1234,4,E4,2E1234E4,042E1234E4000000,7F2E31,negative,0x7F,0x31,false,false,false,2026-07-10T12:44:01.042604+02:00,3000001668070,3000004751368,3.083298,true,true,40202842,40206930,4.088000,true,matched_request_response
run_3,20260712,182,after,182,target_did_random_data,0x1234,6,E117CC,2E1234E117CC,062E1234E117CC00,7F2E31,negative,0x7F,0x31,false,false,false,2026-07-10T12:44:01.067144+02:00,3000026207907,3000029237637,3.029730,true,true,40227356,40231438,4.082000,true,matched_request_response
run_3,20260712,183,after,183,target_did_random_data,0x1234,4,AA,2E1234AA,042E1234AA000000,7F2E31,negative,0x7F,0x31,false,false,false,2026-07-10T12:44:01.091569+02:00,3000050632296,3000053552934,2.920638,true,true,40251774,40255863,4.089000,true,matched_request_response
run_3,20260712,184,after,184,target_did_random_data,0x1234,7,25D5FDF8,2E123425D5FDF8,072E123425D5FDF8,7F2E31,negative,0x7F,0x31,false,false,false,2026-07-10T12:44:01.115844+02:00,3000074907643,3000078054568,3.146925,true,true,40276008,40280084,4.076000,true,matched_request_response
run_3,20260712,185,after,185,target_did_random_data,0x1234,6,5B9AFE,2E12345B9AFE,062E12345B9AFE00,7F2E31,negative,0x7F,0x31,false,false,false,2026-07-10T12:44:01.140403+02:00,3000099466128,3000102380829,2.914701,true,true,40300541,40304623,4.082000,true,matched_request_response
run_3,20260712,186,after,186,target_did_random_data,0x1234,6,FD9335,2E1234FD9335,062E1234FD933500,7F2E31,negative,0x7F,0x31,false,false,false,2026-07-10T12:44:01.164708+02:00,3000123772555,3000126819396,3.046841,true,true,40324818,40328898,4.080000,true,matched_request_response
run_3,20260712,187,after,187,target_did_random_data,0x1234,6,61325D,2E123461325D,062E123461325D00,7F2E31,negative,0x7F,0x31,false,false,false,2026-07-10T12:44:01.189139+02:00,3000148203788,3000151216198,3.012410,true,true,40349222,40353305,4.083000,true,matched_request_response
run_3,20260712,188,after,188,target_did_random_data,0x1234,6,C2E2C5,2E1234C2E2C5,062E1234C2E2C500,7F2E31,negative,0x7F,0x31,false,false,false,2026-07-10T12:44:01.213496+02:00,3000172560990,3000175671806,3.110816,true,true,40373554,40377636,4.082000,true,matched_request_response
run_3,20260712,189,after,189,target_did_random_data,0x1234,5,CEDA,2E1234CEDA,052E1234CEDA0000,7F2E31,negative,0x7F,0x31,false,false,false,2026-07-10T12:44:01.238005+02:00,3000197070027,3000200050519,2.980492,true,true,40398039,40402124,4.085000,true,matched_request_response
run_3,20260712,190,after,190,target_did_random_data,0x1234,4,60,2E123460,042E123460000000,7F2E31,negative,0x7F,0x31,false,false,false,2026-07-10T12:44:01.262347+02:00,3000221411165,3000224499003,3.087838,true,true,40422361,40426451,4.090000,true,matched_request_response
run_3,20260712,191,after,191,target_did_random_data,0x1234,7,81DC75B6,2E123481DC75B6,072E123481DC75B6,7F2E31,negative,0x7F,0x31,false,false,false,2026-07-10T12:44:01.286790+02:00,3000245853154,3000248869684,3.016530,true,true,40446770,40450846,4.076000,true,matched_request_response
run_3,20260712,192,after,192,unknown_did,0x3333,7,48F68CF3,2E333348F68CF3,072E333348F68CF3,7F2E31,negative,0x7F,0x31,false,false,false,2026-07-10T12:44:01.311340+02:00,3000270402769,3000273351763,2.948994,true,true,40471284,40475362,4.078000,true,matched_request_response
run_3,20260712,193,after,193,target_did_random_data,0x1234,7,312B9B5C,2E1234312B9B5C,072E1234312B9B5C,7F2E31,negative,0x7F,0x31,false,false,false,2026-07-10T12:44:01.335737+02:00,3000294800968,3000297729148,2.928180,true,true,40495656,40499737,4.081000,true,matched_request_response
run_3,20260712,194,after,194,target_did_random_data,0x1234,5,2CC9,2E12342CC9,052E12342CC90000,7F2E31,negative,0x7F,0x31,false,false,false,2026-07-10T12:44:01.360075+02:00,3000319139312,3000322131188,2.991876,true,true,40519982,40524067,4.085000,true,matched_request_response
run_3,20260712,195,after,195,target_did_random_data,0x1234,7,721357B2,2E1234721357B2,072E1234721357B2,7F2E31,negative,0x7F,0x31,false,false,false,2026-07-10T12:44:01.384426+02:00,3000343489180,3000346588752,3.099572,true,true,40544275,40548354,4.079000,true,matched_request_response
run_3,20260712,196,after,196,read_only_did,0x1001,5,1409,2E10011409,052E100114090000,7F2E31,negative,0x7F,0x31,false,false,false,2026-07-10T12:44:01.408894+02:00,3000367958268,3000370937153,2.978885,true,true,40568740,40572833,4.093000,true,matched_request_response
run_3,20260712,197,after,197,unknown_did,0x3333,4,D3,2E3333D3,042E3333D3000000,7F2E31,negative,0x7F,0x31,false,false,false,2026-07-10T12:44:01.433261+02:00,3000392325387,3000395352882,3.027495,true,true,40593068,40597159,4.091000,true,matched_request_response
run_3,20260712,198,after,198,missing_data,0x1234,3,,2E1234,032E123400000000,7F2E31,negative,0x7F,0x31,false,false,false,2026-07-10T12:44:01.457678+02:00,3000416742163,3000419786211,3.044048,true,true,40617469,40621564,4.095000,true,matched_request_response
run_3,20260712,199,after,199,unknown_did,0x2222,5,EE46,2E2222EE46,052E2222EE460000,7F2E31,negative,0x7F,0x31,false,false,false,2026-07-10T12:44:01.482088+02:00,3000441151956,3000444167298,3.015342,true,true,40641826,40645911,4.085000,true,matched_request_response
run_3,20260712,200,after,200,target_did_random_data,0x1234,5,2656,2E12342656,052E123426560000,7F2E31,negative,0x7F,0x31,false,false,false,2026-07-10T12:44:01.506446+02:00,3000465510484,3000468592595,3.082111,true,true,40666163,40670249,4.086000,true,matched_request_response
run_3,20260712,201,after,201,target_did_random_data,0x1234,6,58C980,2E123458C980,062E123458C98000,7F2E31,negative,0x7F,0x31,false,false,false,2026-07-10T12:44:01.530883+02:00,3000489946397,3000493082426,3.136029,true,true,40690559,40694642,4.083000,true,matched_request_response
run_3,20260712,202,after,202,target_did_random_data,0x1234,6,E88FE1,2E1234E88FE1,062E1234E88FE100,7F2E31,negative,0x7F,0x31,false,false,false,2026-07-10T12:44:01.555371+02:00,3000514434971,3000517489425,3.054454,true,true,40715022,40719102,4.080000,true,matched_request_response
run_3,20260712,203,after,203,target_did_random_data,0x1234,6,AEA79E,2E1234AEA79E,062E1234AEA79E00,7F2E31,negative,0x7F,0x31,false,false,false,2026-07-10T12:44:01.579799+02:00,3000538863341,3000541825325,2.961984,true,true,40739435,40743517,4.082000,true,matched_request_response
run_3,20260712,204,after,204,target_did_random_data,0x1234,6,CF0537,2E1234CF0537,062E1234CF053700,7F2E31,negative,0x7F,0x31,false,false,false,2026-07-10T12:44:01.604153+02:00,3000563217748,3000566255441,3.037693,true,true,40763752,40767836,4.084000,true,matched_request_response
run_3,20260712,205,after,205,unknown_did,0xF187,6,4EBEBF,2EF1874EBEBF,062EF1874EBEBF00,7F2E31,negative,0x7F,0x31,false,false,false,2026-07-10T12:44:01.628547+02:00,3000587610290,3000590701620,3.091330,true,true,40788111,40792193,4.082000,true,matched_request_response
run_3,20260712,206,after,206,unknown_did,0xF187,6,552229,2EF187552229,062EF18755222900,7F2E31,negative,0x7F,0x31,false,false,false,2026-07-10T12:44:01.653081+02:00,3000612146006,3000615103311,2.957305,true,true,40812610,40816693,4.083000,true,matched_request_response
run_3,20260712,207,after,207,unknown_did,0xF187,4,52,2EF18752,042EF18752000000,7F2E31,negative,0x7F,0x31,false,false,false,2026-07-10T12:44:01.677416+02:00,3000636480509,3000639499275,3.018766,true,true,40836936,40841025,4.089000,true,matched_request_response
run_3,20260712,208,after,208,target_did_random_data,0x1234,7,A377D46B,2E1234A377D46B,072E1234A377D46B,7F2E31,negative,0x7F,0x31,false,false,false,2026-07-10T12:44:01.701801+02:00,3000660865298,3000663943289,3.077991,true,true,40861271,40865349,4.078000,true,matched_request_response
run_3,20260712,209,after,209,unknown_did,0x3333,6,321FDE,2E3333321FDE,062E3333321FDE00,7F2E31,negative,0x7F,0x31,false,false,false,2026-07-10T12:44:01.726284+02:00,3000685348494,3000688361951,3.013457,true,true,40885735,40889816,4.081000,true,matched_request_response
run_3,20260712,210,after,210,unknown_did,0x3333,5,A4BD,2E3333A4BD,052E3333A4BD0000,7F2E31,negative,0x7F,0x31,false,false,false,2026-07-10T12:44:01.750719+02:00,3000709783010,3000712746810,2.963800,true,true,40910134,40914221,4.087000,true,matched_request_response
run_3,20260712,211,after,211,target_did_random_data,0x1234,6,869A87,2E1234869A87,062E1234869A8700,7F2E31,negative,0x7F,0x31,false,false,false,2026-07-10T12:44:01.775071+02:00,3000734135532,3000737155345,3.019813,true,true,40934452,40938535,4.083000,true,matched_request_response
run_3,20260712,212,after,212,target_did_random_data,0x1234,6,67AED6,2E123467AED6,062E123467AED600,7F2E31,negative,0x7F,0x31,false,false,false,2026-07-10T12:44:01.799466+02:00,3000758529680,3000761574566,3.044886,true,true,40958814,40962895,4.081000,true,matched_request_response
run_3,20260712,213,after,213,target_did_random_data,0x1234,6,27EA71,2E123427EA71,062E123427EA7100,7F2E31,negative,0x7F,0x31,false,false,false,2026-07-10T12:44:01.823895+02:00,3000782958888,3000786093102,3.134214,true,true,40983225,40987307,4.082000,true,matched_request_response
run_3,20260712,214,after,214,target_did_random_data,0x1234,5,DDF7,2E1234DDF7,052E1234DDF70000,7F2E31,negative,0x7F,0x31,false,false,false,2026-07-10T12:44:01.848390+02:00,3000807452700,3000810404696,2.951996,true,true,41007697,41011783,4.086000,true,matched_request_response
run_3,20260712,215,after,215,target_did_random_data,0x1234,6,07C39C,2E123407C39C,062E123407C39C00,7F2E31,negative,0x7F,0x31,false,false,false,2026-07-10T12:44:01.872667+02:00,3000831730771,3000834855556,3.124785,true,true,41031949,41036034,4.085000,true,matched_request_response
run_3,20260712,216,after,216,target_did_random_data,0x1234,4,20,2E123420,042E123420000000,7F2E31,negative,0x7F,0x31,false,false,false,2026-07-10T12:44:01.897183+02:00,3000856247211,3000859204725,2.957514,true,true,41056444,41060534,4.090000,true,matched_request_response
run_3,20260712,217,after,217,target_did_random_data,0x1234,7,AAD75A80,2E1234AAD75A80,072E1234AAD75A80,7F2E31,negative,0x7F,0x31,false,false,false,2026-07-10T12:44:01.921539+02:00,3000880603575,3000883706708,3.103133,true,true,41080757,41084833,4.076000,true,matched_request_response
run_3,20260712,218,after,218,unknown_did,0xF187,4,83,2EF18783,042EF18783000000,7F2E31,negative,0x7F,0x31,false,false,false,2026-07-10T12:44:01.946020+02:00,3000905084466,3000908093104,3.008638,true,true,41105219,41109310,4.091000,true,matched_request_response
run_3,20260712,219,after,219,target_did_random_data,0x1234,7,D23C819A,2E1234D23C819A,072E1234D23C819A,7F2E31,negative,0x7F,0x31,false,false,false,2026-07-10T12:44:01.970379+02:00,3000929442296,3000932500521,3.058225,true,true,41129525,41133603,4.078000,true,matched_request_response
run_3,20260712,220,after,220,target_did_random_data,0x1234,4,4A,2E12344A,042E12344A000000,7F2E31,negative,0x7F,0x31,false,false,false,2026-07-10T12:44:01.994794+02:00,3000953858024,3000956899907,3.041883,true,true,41153933,41158022,4.089000,true,matched_request_response
run_3,20260712,221,after,221,read_only_did,0x1001,6,54445B,2E100154445B,062E100154445B00,7F2E31,negative,0x7F,0x31,false,false,false,2026-07-10T12:44:02.019235+02:00,3000978298966,3000981326392,3.027426,true,true,41178346,41182433,4.087000,true,matched_request_response
run_3,20260712,222,after,222,missing_data,0x1234,3,,2E1234,032E123400000000,7F2E31,negative,0x7F,0x31,false,false,false,2026-07-10T12:44:02.043687+02:00,3001002750314,3001005708457,2.958143,true,true,41202774,41206867,4.093000,true,matched_request_response
run_3,20260712,223,after,223,target_did_random_data,0x1234,5,A8BB,2E1234A8BB,052E1234A8BB0000,7F2E31,negative,0x7F,0x31,false,false,false,2026-07-10T12:44:02.068021+02:00,3001027084747,3001030172097,3.087350,true,true,41227068,41231155,4.087000,true,matched_request_response
run_3,20260712,224,after,224,missing_data,0x1234,3,,2E1234,032E123400000000,7F2E31,negative,0x7F,0x31,false,false,false,2026-07-10T12:44:02.092481+02:00,3001051545315,3001054543756,2.998441,true,true,41251527,41255621,4.094000,true,matched_request_response
run_3,20260712,225,after,225,missing_data,0x1234,3,,2E1234,032E123400000000,7F2E31,negative,0x7F,0x31,false,false,false,2026-07-10T12:44:02.116829+02:00,3001075892110,3001078955853,3.063743,true,true,41275839,41279931,4.092000,true,matched_request_response
run_3,20260712,226,after,226,target_did_random_data,0x1234,6,719ADC,2E1234719ADC,062E1234719ADC00,7F2E31,negative,0x7F,0x31,false,false,false,2026-07-10T12:44:02.141310+02:00,3001100374677,3001103394630,3.019953,true,true,41300278,41304361,4.083000,true,matched_request_response
run_3,20260712,227,after,227,target_did_random_data,0x1234,6,37C05D,2E123437C05D,062E123437C05D00,7F2E31,negative,0x7F,0x31,false,false,false,2026-07-10T12:44:02.165678+02:00,3001124741377,3001127818600,3.077223,true,true,41324620,41328703,4.083000,true,matched_request_response
run_3,20260712,228,after,228,read_only_did,0x1001,4,88,2E100188,042E100188000000,7F2E31,negative,0x7F,0x31,false,false,false,2026-07-10T12:44:02.190119+02:00,3001149183017,3001152240824,3.057807,true,true,41349042,41353134,4.092000,true,matched_request_response
run_3,20260712,229,after,229,target_did_random_data,0x1234,5,5FC0,2E12345FC0,052E12345FC00000,7F2E31,negative,0x7F,0x31,false,false,false,2026-07-10T12:44:02.214543+02:00,3001173607197,3001176643981,3.036784,true,true,41373434,41377520,4.086000,true,matched_request_response
run_3,20260712,230,after,230,target_did_random_data,0x1234,6,961261,2E1234961261,062E123496126100,7F2E31,negative,0x7F,0x31,false,false,false,2026-07-10T12:44:02.238961+02:00,3001198023135,3001201073748,3.050613,true,true,41397800,41401880,4.080000,true,matched_request_response
run_3,20260712,231,after,231,target_did_random_data,0x1234,7,B9D98EA5,2E1234B9D98EA5,072E1234B9D98EA5,7F2E31,negative,0x7F,0x31,false,false,false,2026-07-10T12:44:02.263385+02:00,3001222448642,3001225482074,3.033432,true,true,41422198,41426277,4.079000,true,matched_request_response
run_3,20260712,232,after,232,target_did_random_data,0x1234,6,6C3389,2E12346C3389,062E12346C338900,7F2E31,negative,0x7F,0x31,false,false,false,2026-07-10T12:44:02.287858+02:00,3001246922200,3001249864279,2.942079,true,true,41446649,41450735,4.086000,true,matched_request_response
run_3,20260712,233,after,233,unknown_did,0xF187,4,4E,2EF1874E,042EF1874E000000,7F2E31,negative,0x7F,0x31,false,false,false,2026-07-10T12:44:02.312173+02:00,3001271237496,3001274320586,3.083090,true,true,41470947,41475035,4.088000,true,matched_request_response
run_3,20260712,234,after,234,target_did_random_data,0x1234,6,C6E390,2E1234C6E390,062E1234C6E39000,7F2E31,negative,0x7F,0x31,false,false,false,2026-07-10T12:44:02.336643+02:00,3001295706724,3001298692175,2.985451,true,true,41495377,41499459,4.082000,true,matched_request_response
run_3,20260712,235,after,235,target_did_random_data,0x1234,6,5282ED,2E12345282ED,062E12345282ED00,7F2E31,negative,0x7F,0x31,false,false,false,2026-07-10T12:44:02.360984+02:00,3001320047513,3001323131859,3.084346,true,true,41519691,41523774,4.083000,true,matched_request_response
run_3,20260712,236,after,236,target_did_random_data,0x1234,6,18A56A,2E123418A56A,062E123418A56A00,7F2E31,negative,0x7F,0x31,false,false,false,2026-07-10T12:44:02.385419+02:00,3001344483007,3001347496185,3.013178,true,true,41544093,41548176,4.083000,true,matched_request_response
run_3,20260712,237,after,237,missing_data,0x1234,3,,2E1234,032E123400000000,7F2E31,negative,0x7F,0x31,false,false,false,2026-07-10T12:44:02.409788+02:00,3001368852012,3001371927558,3.075546,true,true,41568464,41572558,4.094000,true,matched_request_response
run_3,20260712,238,after,238,target_did_random_data,0x1234,7,83829A59,2E123483829A59,072E123483829A59,7F2E31,negative,0x7F,0x31,false,false,false,2026-07-10T12:44:02.434216+02:00,3001393280102,3001396360468,3.080366,true,true,41592832,41596908,4.076000,true,matched_request_response
run_3,20260712,239,after,239,target_did_random_data,0x1234,7,908419C1,2E1234908419C1,072E1234908419C1,7F2E31,negative,0x7F,0x31,false,false,false,2026-07-10T12:44:02.458676+02:00,3001417741578,3001420754895,3.013317,true,true,41617284,41621362,4.078000,true,matched_request_response
run_3,20260712,240,after,240,target_did_random_data,0x1234,6,A3E599,2E1234A3E599,062E1234A3E59900,7F2E31,negative,0x7F,0x31,false,false,false,2026-07-10T12:44:02.483087+02:00,3001442151300,3001445162033,3.010733,true,true,41641656,41645741,4.085000,true,matched_request_response
run_3,20260712,241,after,241,target_did_random_data,0x1234,7,2EFFAED7,2E12342EFFAED7,072E12342EFFAED7,7F2E31,negative,0x7F,0x31,false,false,false,2026-07-10T12:44:02.507398+02:00,3001466462197,3001469566727,3.104530,true,true,41665953,41670030,4.077000,true,matched_request_response
run_3,20260712,242,after,242,unknown_did,0x2222,4,63,2E222263,042E222263000000,7F2E31,negative,0x7F,0x31,false,false,false,2026-07-10T12:44:02.531882+02:00,3001490945253,3001494039307,3.094054,true,true,41690410,41694501,4.091000,true,matched_request_response
run_3,20260712,243,after,243,target_did_random_data,0x1234,4,62,2E123462,042E123462000000,7F2E31,negative,0x7F,0x31,false,false,false,2026-07-10T12:44:02.556353+02:00,3001515417484,3001518421861,3.004377,true,true,41714854,41718942,4.088000,true,matched_request_response
run_3,20260712,244,after,244,target_did_random_data,0x1234,6,1C5881,2E12341C5881,062E12341C588100,7F2E31,negative,0x7F,0x31,false,false,false,2026-07-10T12:44:02.580937+02:00,3001540016756,3001542812028,2.795272,true,true,41739424,41743507,4.083000,true,matched_request_response
run_3,20260712,245,after,245,target_did_random_data,0x1234,7,0558D6DE,2E12340558D6DE,072E12340558D6DE,7F2E31,negative,0x7F,0x31,false,false,false,2026-07-10T12:44:02.605167+02:00,3001564233506,3001567234322,3.000816,true,true,41763620,41767703,4.083000,true,matched_request_response
run_3,20260712,246,after,246,target_did_random_data,0x1234,7,8B507549,2E12348B507549,072E12348B507549,7F2E31,negative,0x7F,0x31,false,false,false,2026-07-10T12:44:02.629497+02:00,3001588561514,3001591641111,3.079597,true,true,41787879,41791955,4.076000,true,matched_request_response
run_3,20260712,247,after,247,target_did_random_data,0x1234,5,D4AA,2E1234D4AA,052E1234D4AA0000,7F2E31,negative,0x7F,0x31,false,false,false,2026-07-10T12:44:02.653891+02:00,3001612954964,3001616049158,3.094194,true,true,41812268,41816355,4.087000,true,matched_request_response
run_3,20260712,248,after,248,target_did_random_data,0x1234,6,49D644,2E123449D644,062E123449D64400,7F2E31,negative,0x7F,0x31,false,false,false,2026-07-10T12:44:02.678281+02:00,3001637344991,3001639491154,2.146163,true,true,41836626,41840708,4.082000,true,matched_request_response
run_3,20260712,249,after,249,target_did_random_data,0x1234,6,E9BBDF,2E1234E9BBDF,062E1234E9BBDF00,7F2E31,negative,0x7F,0x31,false,false,false,2026-07-10T12:44:02.701776+02:00,3001660839788,3001663996281,3.156493,true,true,41860122,41864204,4.082000,true,matched_request_response
run_3,20260712,250,after,250,target_did_random_data,0x1234,5,5218,2E12345218,052E123452180000,7F2E31,negative,0x7F,0x31,false,false,false,2026-07-10T12:44:02.726331+02:00,3001685395130,3001688356276,2.961146,true,true,41884627,41888714,4.087000,true,matched_request_response
run_3,20260712,251,after,251,target_did_random_data,0x1234,7,60F11120,2E123460F11120,072E123460F11120,7F2E31,negative,0x7F,0x31,false,false,false,2026-07-10T12:44:02.750645+02:00,3001709708471,3001712785973,3.077502,true,true,41908912,41912988,4.076000,true,matched_request_response
run_3,20260712,252,after,252,target_did_random_data,0x1234,4,BE,2E1234BE,042E1234BE000000,7F2E31,negative,0x7F,0x31,false,false,false,2026-07-10T12:44:02.775131+02:00,3001734195648,3001737227893,3.032245,true,true,41933386,41937477,4.091000,true,matched_request_response
run_3,20260712,253,after,253,target_did_random_data,0x1234,6,637847,2E1234637847,062E123463784700,7F2E31,negative,0x7F,0x31,false,false,false,2026-07-10T12:44:02.799596+02:00,3001758660475,3001761586072,2.925597,true,true,41957807,41961887,4.080000,true,matched_request_response
run_3,20260712,254,after,254,target_did_random_data,0x1234,5,36A3,2E123436A3,052E123436A30000,7F2E31,negative,0x7F,0x31,false,false,false,2026-07-10T12:44:02.823920+02:00,3001782983944,3001786100347,3.116403,true,true,41982128,41986214,4.086000,true,matched_request_response
run_3,20260712,255,after,255,target_did_random_data,0x1234,4,B7,2E1234B7,042E1234B7000000,7F2E31,negative,0x7F,0x31,false,false,false,2026-07-10T12:44:02.848374+02:00,3001807438993,3001810448050,3.009057,true,true,42006541,42010632,4.091000,true,matched_request_response
run_3,20260712,256,after,256,target_did_random_data,0x1234,6,A9D37C,2E1234A9D37C,062E1234A9D37C00,7F2E31,negative,0x7F,0x31,false,false,false,2026-07-10T12:44:02.873096+02:00,3001832160000,3001834819989,2.659989,true,true,42031238,42035320,4.082000,true,matched_request_response
run_3,20260712,257,after,257,target_did_random_data,0x1234,5,5088,2E12345088,052E123450880000,7F2E31,negative,0x7F,0x31,false,false,false,2026-07-10T12:44:02.897214+02:00,3001856277854,3001859262816,2.984962,true,true,42055338,42059425,4.087000,true,matched_request_response
run_3,20260712,258,after,258,target_did_random_data,0x1234,5,0E42,2E12340E42,052E12340E420000,7F2E31,negative,0x7F,0x31,false,false,false,2026-07-10T12:44:02.921596+02:00,3001880660897,3001883672050,3.011153,true,true,42079690,42083782,4.092000,true,matched_request_response
run_3,20260712,259,after,259,target_did_random_data,0x1234,5,3793,2E12343793,052E123437930000,7F2E31,negative,0x7F,0x31,false,false,false,2026-07-10T12:44:02.946090+02:00,3001905154639,3001908076115,2.921476,true,true,42104157,42108244,4.087000,true,matched_request_response
run_3,20260712,260,after,260,target_did_random_data,0x1234,7,F8B7574C,2E1234F8B7574C,072E1234F8B7574C,7F2E31,negative,0x7F,0x31,false,false,false,2026-07-10T12:44:02.970464+02:00,3001929528184,3001932490656,2.962472,true,true,42128497,42132576,4.079000,true,matched_request_response
run_3,20260712,261,after,261,target_did_random_data,0x1234,6,6B0C23,2E12346B0C23,062E12346B0C2300,7F2E31,negative,0x7F,0x31,false,false,false,2026-07-10T12:44:02.994825+02:00,3001953889506,3001956963306,3.073800,true,true,42152827,42156912,4.085000,true,matched_request_response
run_3,20260712,262,after,262,target_did_random_data,0x1234,5,460C,2E1234460C,052E1234460C0000,7F2E31,negative,0x7F,0x31,false,false,false,2026-07-10T12:44:03.019329+02:00,3001978392537,3001981358572,2.966035,true,true,42177321,42181412,4.091000,true,matched_request_response
run_3,20260712,263,after,263,missing_data,0x1234,3,,2E1234,032E123400000000,7F2E31,negative,0x7F,0x31,false,false,false,2026-07-10T12:44:03.043673+02:00,3002002735770,3002005704249,2.968479,true,true,42201632,42205730,4.098000,true,matched_request_response
run_3,20260712,264,after,264,target_did_random_data,0x1234,7,EC3FD0D5,2E1234EC3FD0D5,072E1234EC3FD0D5,7F2E31,negative,0x7F,0x31,false,false,false,2026-07-10T12:44:03.068019+02:00,3002027082496,3002030132480,3.049984,true,true,42225948,42230024,4.076000,true,matched_request_response
run_3,20260712,265,after,265,read_only_did,0x1001,5,8B56,2E10018B56,052E10018B560000,7F2E31,negative,0x7F,0x31,false,false,false,2026-07-10T12:44:03.092412+02:00,3002051476364,3002054571047,3.094683,true,true,42250337,42254428,4.091000,true,matched_request_response
run_3,20260712,266,after,266,target_did_random_data,0x1234,4,0F,2E12340F,042E12340F000000,7F2E31,negative,0x7F,0x31,false,false,false,2026-07-10T12:44:03.116921+02:00,3002075985192,3002079039646,3.054454,true,true,42274848,42278941,4.093000,true,matched_request_response
run_3,20260712,267,after,267,target_did_random_data,0x1234,6,884B4D,2E1234884B4D,062E1234884B4D00,7F2E31,negative,0x7F,0x31,false,false,false,2026-07-10T12:44:03.141340+02:00,3002100403435,3002103410397,3.006962,true,true,42299198,42303281,4.083000,true,matched_request_response
run_3,20260712,268,after,268,unknown_did,0x3333,6,CB283D,2E3333CB283D,062E3333CB283D00,7F2E31,negative,0x7F,0x31,false,false,false,2026-07-10T12:44:03.165725+02:00,3002124789133,3002127999962,3.210829,true,true,42323569,42327651,4.082000,true,matched_request_response
run_3,20260712,269,after,269,target_did_random_data,0x1234,5,7DFE,2E12347DFE,052E12347DFE0000,7F2E31,negative,0x7F,0x31,false,false,false,2026-07-10T12:44:03.190324+02:00,3002149387777,3002152211404,2.823627,true,true,42348139,42352225,4.086000,true,matched_request_response
run_3,20260712,270,after,270,missing_data,0x1234,3,,2E1234,032E123400000000,7F2E31,negative,0x7F,0x31,false,false,false,2026-07-10T12:44:03.214590+02:00,3002173653975,3002176651648,2.997673,true,true,42372390,42376484,4.094000,true,matched_request_response
run_3,20260712,271,after,271,target_did_random_data,0x1234,7,FAA5750E,2E1234FAA5750E,072E1234FAA5750E,7F2E31,negative,0x7F,0x31,false,false,false,2026-07-10T12:44:03.238992+02:00,3002198056574,3002201119060,3.062486,true,true,42396764,42400844,4.080000,true,matched_request_response
run_3,20260712,272,after,272,target_did_random_data,0x1234,6,5D3FB7,2E12345D3FB7,062E12345D3FB700,7F2E31,negative,0x7F,0x31,false,false,false,2026-07-10T12:44:03.263444+02:00,3002222507922,3002225426813,2.918891,true,true,42421192,42425275,4.083000,true,matched_request_response
run_3,20260712,273,after,273,target_did_random_data,0x1234,4,DA,2E1234DA,042E1234DA000000,7F2E31,negative,0x7F,0x31,false,false,false,2026-07-10T12:44:03.287679+02:00,3002246743040,3002248953738,2.210698,true,true,42445405,42449496,4.091000,true,matched_request_response
run_3,20260712,274,after,274,target_did_random_data,0x1234,5,B21F,2E1234B21F,052E1234B21F0000,7F2E31,negative,0x7F,0x31,false,false,false,2026-07-10T12:44:03.311310+02:00,3002270374238,3002273308565,2.934327,true,true,42469018,42473102,4.084000,true,matched_request_response
run_3,20260712,275,after,275,target_did_random_data,0x1234,7,5DFB38D1,2E12345DFB38D1,072E12345DFB38D1,7F2E31,negative,0x7F,0x31,false,false,false,2026-07-10T12:44:03.335595+02:00,3002294659433,3002297755373,3.095940,true,true,42493260,42497339,4.079000,true,matched_request_response
run_3,20260712,276,after,276,target_did_random_data,0x1234,4,1C,2E12341C,042E12341C000000,7F2E31,negative,0x7F,0x31,false,false,false,2026-07-10T12:44:03.360122+02:00,3002319186559,3002322129896,2.943337,true,true,42517798,42521886,4.088000,true,matched_request_response
run_3,20260712,277,after,277,target_did_random_data,0x1234,4,2F,2E12342F,042E12342F000000,7F2E31,negative,0x7F,0x31,false,false,false,2026-07-10T12:44:03.384472+02:00,3002343535799,3002346564971,3.029172,true,true,42542121,42546212,4.091000,true,matched_request_response
run_3,20260712,278,after,278,target_did_random_data,0x1234,6,26F17B,2E123426F17B,062E123426F17B00,7F2E31,negative,0x7F,0x31,false,false,false,2026-07-10T12:44:03.408849+02:00,3002367913185,3002370969455,3.056270,true,true,42566449,42570532,4.083000,true,matched_request_response
run_3,20260712,279,after,279,target_did_random_data,0x1234,4,31,2E123431,042E123431000000,7F2E31,negative,0x7F,0x31,false,false,false,2026-07-10T12:44:03.433378+02:00,3002392441778,3002395395521,2.953743,true,true,42590980,42595068,4.088000,true,matched_request_response
run_3,20260712,280,after,280,target_did_random_data,0x1234,6,61FB7F,2E123461FB7F,062E123461FB7F00,7F2E31,negative,0x7F,0x31,false,false,false,2026-07-10T12:44:03.457735+02:00,3002416800377,3002419795675,2.995298,true,true,42615328,42619410,4.082000,true,matched_request_response
run_3,20260712,281,after,281,unknown_did,0xF187,7,28784F11,2EF18728784F11,072EF18728784F11,7F2E31,negative,0x7F,0x31,false,false,false,2026-07-10T12:44:03.482122+02:00,3002441186283,3002444201347,3.015064,true,true,42639658,42643740,4.082000,true,matched_request_response
run_3,20260712,282,after,282,target_did_random_data,0x1234,6,32D050,2E123432D050,062E123432D05000,7F2E31,negative,0x7F,0x31,false,false,false,2026-07-10T12:44:03.506588+02:00,3002465653136,3002468661006,3.007870,true,true,42664115,42668197,4.082000,true,matched_request_response
run_3,20260712,283,after,283,missing_data,0x1234,3,,2E1234,032E123400000000,7F2E31,negative,0x7F,0x31,false,false,false,2026-07-10T12:44:03.530987+02:00,3002490050986,3002493062557,3.011571,true,true,42688491,42692585,4.094000,true,matched_request_response
run_3,20260712,284,after,284,target_did_random_data,0x1234,6,62DFA8,2E123462DFA8,062E123462DFA800,7F2E31,negative,0x7F,0x31,false,false,false,2026-07-10T12:44:03.555411+02:00,3002514474747,3002517497982,3.023235,true,true,42712893,42716973,4.080000,true,matched_request_response
run_3,20260712,285,after,285,target_did_random_data,0x1234,4,F3,2E1234F3,042E1234F3000000,7F2E31,negative,0x7F,0x31,false,false,false,2026-07-10T12:44:03.579824+02:00,3002538888311,3002541862587,2.974276,true,true,42737281,42741372,4.091000,true,matched_request_response
run_3,20260712,286,after,286,target_did_random_data,0x1234,7,CC494AB0,2E1234CC494AB0,072E1234CC494AB0,7F2E31,negative,0x7F,0x31,false,false,false,2026-07-10T12:44:03.604243+02:00,3002563306693,3002566299966,2.993273,true,true,42761665,42765746,4.081000,true,matched_request_response
run_3,20260712,287,after,287,target_did_random_data,0x1234,6,031D37,2E1234031D37,062E1234031D3700,7F2E31,negative,0x7F,0x31,false,false,false,2026-07-10T12:44:03.628616+02:00,3002587680098,3002590731340,3.051242,true,true,42786009,42790094,4.085000,true,matched_request_response
run_3,20260712,288,after,288,target_did_random_data,0x1234,5,37F4,2E123437F4,052E123437F40000,7F2E31,negative,0x7F,0x31,false,false,false,2026-07-10T12:44:03.653050+02:00,3002612114335,3002615202384,3.088049,true,true,42810421,42814508,4.087000,true,matched_request_response
run_3,20260712,289,after,289,unknown_did,0xF187,5,F7BA,2EF187F7BA,052EF187F7BA0000,7F2E31,negative,0x7F,0x31,false,false,false,2026-07-10T12:44:03.677512+02:00,3002636576439,3002639527458,2.951019,true,true,42834849,42838932,4.083000,true,matched_request_response
run_3,20260712,290,after,290,target_did_random_data,0x1234,5,E7F2,2E1234E7F2,052E1234E7F20000,7F2E31,negative,0x7F,0x31,false,false,false,2026-07-10T12:44:03.701907+02:00,3002660972333,3002663977340,3.005007,true,true,42859240,42863327,4.087000,true,matched_request_response
run_3,20260712,291,after,291,target_did_random_data,0x1234,6,EC7E5D,2E1234EC7E5D,062E1234EC7E5D00,7F2E31,negative,0x7F,0x31,false,false,false,2026-07-10T12:44:03.726295+02:00,3002685359148,3002688406967,3.047819,true,true,42883564,42887646,4.082000,true,matched_request_response
run_3,20260712,292,after,292,target_did_random_data,0x1234,7,AE3223BE,2E1234AE3223BE,072E1234AE3223BE,7F2E31,negative,0x7F,0x31,false,false,false,2026-07-10T12:44:03.750714+02:00,3002709778509,3002712784283,3.005774,true,true,42907954,42912030,4.076000,true,matched_request_response
run_3,20260712,293,after,293,target_did_random_data,0x1234,4,0C,2E12340C,042E12340C000000,7F2E31,negative,0x7F,0x31,false,false,false,2026-07-10T12:44:03.775103+02:00,3002734166231,3002737189466,3.023235,true,true,42932339,42936434,4.095000,true,matched_request_response
run_3,20260712,294,after,294,target_did_random_data,0x1234,6,A66408,2E1234A66408,062E1234A6640800,7F2E31,negative,0x7F,0x31,false,false,false,2026-07-10T12:44:03.799519+02:00,3002758583287,3002761601843,3.018556,true,true,42956716,42960803,4.087000,true,matched_request_response
run_3,20260712,295,after,295,unknown_did,0x3333,6,2B904C,2E33332B904C,062E33332B904C00,7F2E31,negative,0x7F,0x31,false,false,false,2026-07-10T12:44:03.823884+02:00,3002782948590,3002786076099,3.127509,true,true,42981055,42985136,4.081000,true,matched_request_response
run_3,20260712,296,after,296,target_did_random_data,0x1234,5,55DF,2E123455DF,052E123455DF0000,7F2E31,negative,0x7F,0x31,false,false,false,2026-07-10T12:44:03.848386+02:00,3002807450015,3002810419123,2.969108,true,true,43005537,43009623,4.086000,true,matched_request_response
run_3,20260712,297,after,297,unknown_did,0xF187,4,3B,2EF1873B,042EF1873B000000,7F2E31,negative,0x7F,0x31,false,false,false,2026-07-10T12:44:03.872694+02:00,3002831757769,3002834870960,3.113191,true,true,43029823,43033911,4.088000,true,matched_request_response
run_3,20260712,298,after,298,target_did_random_data,0x1234,7,D009BB6C,2E1234D009BB6C,072E1234D009BB6C,7F2E31,negative,0x7F,0x31,false,false,false,2026-07-10T12:44:03.897198+02:00,3002856262616,3002859247298,2.984682,true,true,43054287,43058370,4.083000,true,matched_request_response
run_3,20260712,299,after,299,target_did_random_data,0x1234,4,90,2E123490,042E123490000000,7F2E31,negative,0x7F,0x31,false,false,false,2026-07-10T12:44:03.921609+02:00,3002880672827,3002883744532,3.071705,true,true,43078692,43082783,4.091000,true,matched_request_response
run_3,20260712,300,after,300,target_did_random_data,0x1234,6,4B9EF2,2E12344B9EF2,062E12344B9EF200,7F2E31,negative,0x7F,0x31,false,false,false,2026-07-10T12:44:03.946097+02:00,3002905161401,3002908112909,2.951508,true,true,43103124,43107207,4.083000,true,matched_request_response
run_3,20260712,301,after,301,target_did_random_data,0x1234,5,6920,2E12346920,052E123469200000,7F2E31,negative,0x7F,0x31,false,false,false,2026-07-10T12:44:03.970394+02:00,3002929456793,3002932513482,3.056689,true,true,43127410,43131497,4.087000,true,matched_request_response
run_3,20260712,302,after,302,target_did_random_data,0x1234,7,314BC2B1,2E1234314BC2B1,072E1234314BC2B1,7F2E31,negative,0x7F,0x31,false,false,false,2026-07-10T12:44:03.994794+02:00,3002953858274,3002956920551,3.062277,true,true,43151782,43155858,4.076000,true,matched_request_response
run_3,20260712,303,after,303,target_did_random_data,0x1234,5,5AEE,2E12345AEE,052E12345AEE0000,7F2E31,negative,0x7F,0x31,false,false,false,2026-07-10T12:44:04.019249+02:00,3002978313464,3002981375880,3.062416,true,true,43176206,43180293,4.087000,true,matched_request_response
run_3,20260712,304,after,304,target_did_random_data,0x1234,6,622273,2E1234622273,062E123462227300,7F2E31,negative,0x7F,0x31,false,false,false,2026-07-10T12:44:04.043721+02:00,3003002785276,3003005761018,2.975742,true,true,43200648,43204733,4.085000,true,matched_request_response
run_3,20260712,305,after,305,target_did_random_data,0x1234,5,5DDB,2E12345DDB,052E12345DDB0000,7F2E31,negative,0x7F,0x31,false,false,false,2026-07-10T12:44:04.068127+02:00,3003027191227,3003030247637,3.056410,true,true,43225034,43229119,4.085000,true,matched_request_response
run_3,20260712,306,after,306,target_did_random_data,0x1234,5,4CA5,2E12344CA5,052E12344CA50000,7F2E31,negative,0x7F,0x31,false,false,false,2026-07-10T12:44:04.092650+02:00,3003051714303,3003054585911,2.871608,true,true,43249541,43253628,4.087000,true,matched_request_response
run_3,20260712,307,after,307,missing_data,0x1234,3,,2E1234,032E123400000000,7F2E31,negative,0x7F,0x31,false,false,false,2026-07-10T12:44:04.116958+02:00,3003076023453,3003079061425,3.037972,true,true,43273829,43277921,4.092000,true,matched_request_response
run_3,20260712,308,after,308,target_did_random_data,0x1234,6,482816,2E1234482816,062E123448281600,7F2E31,negative,0x7F,0x31,false,false,false,2026-07-10T12:44:04.141406+02:00,3003100470122,3003103408150,2.938028,true,true,43298246,43302328,4.082000,true,matched_request_response
run_3,20260712,309,after,309,target_did_random_data,0x1234,7,F8A39C53,2E1234F8A39C53,072E1234F8A39C53,7F2E31,negative,0x7F,0x31,false,false,false,2026-07-10T12:44:04.165735+02:00,3003124798619,3003127832959,3.034340,true,true,43322542,43326621,4.079000,true,matched_request_response
run_3,20260712,310,after,310,target_did_random_data,0x1234,6,0F5002,2E12340F5002,062E12340F500200,7F2E31,negative,0x7F,0x31,false,false,false,2026-07-10T12:44:04.190254+02:00,3003149318133,3003152240586,2.922453,true,true,43347046,43351136,4.090000,true,matched_request_response
run_3,20260712,311,after,311,target_did_random_data,0x1234,6,4D551D,2E12344D551D,062E12344D551D00,7F2E31,negative,0x7F,0x31,false,false,false,2026-07-10T12:44:04.214548+02:00,3003173612966,3003176679293,3.066327,true,true,43371311,43375393,4.082000,true,matched_request_response
run_3,20260712,312,after,312,target_did_random_data,0x1234,6,308509,2E1234308509,062E123430850900,7F2E31,negative,0x7F,0x31,false,false,false,2026-07-10T12:44:04.239007+02:00,3003198071368,3003201095791,3.024423,true,true,43395735,43399819,4.084000,true,matched_request_response
run_3,20260712,313,after,313,missing_data,0x1234,3,,2E1234,032E123400000000,7F2E31,negative,0x7F,0x31,false,false,false,2026-07-10T12:44:04.263430+02:00,3003222495479,3003225505094,3.009615,true,true,43420156,43424250,4.094000,true,matched_request_response
run_3,20260712,314,after,314,target_did_random_data,0x1234,7,089C42EA,2E1234089C42EA,072E1234089C42EA,7F2E31,negative,0x7F,0x31,false,false,false,2026-07-10T12:44:04.287840+02:00,3003246904293,3003249891979,2.987686,true,true,43444516,43448599,4.083000,true,matched_request_response
run_3,20260712,315,after,315,unknown_did,0xF187,7,2975A4FA,2EF1872975A4FA,072EF1872975A4FA,7F2E31,negative,0x7F,0x31,false,false,false,2026-07-10T12:44:04.312257+02:00,3003271321140,3003274341791,3.020651,true,true,43468906,43472982,4.076000,true,matched_request_response
run_3,20260712,316,after,316,target_did_random_data,0x1234,4,C5,2E1234C5,042E1234C5000000,7F2E31,negative,0x7F,0x31,false,false,false,2026-07-10T12:44:04.336647+02:00,3003295710259,3003298769183,3.058924,true,true,43493279,43497369,4.090000,true,matched_request_response
run_3,20260712,317,after,317,unknown_did,0xF187,7,282D12F1,2EF187282D12F1,072EF187282D12F1,7F2E31,negative,0x7F,0x31,false,false,false,2026-07-10T12:44:04.361122+02:00,3003320185982,3003323126385,2.940403,true,true,43517708,43521787,4.079000,true,matched_request_response
run_3,20260712,318,after,318,target_did_random_data,0x1234,6,557800,2E1234557800,062E123455780000,7F2E31,negative,0x7F,0x31,false,false,false,2026-07-10T12:44:04.385478+02:00,3003344542206,3003347563625,3.021419,true,true,43542071,43546158,4.087000,true,matched_request_response
run_3,20260712,319,after,319,target_did_random_data,0x1234,4,8A,2E12348A,042E12348A000000,7F2E31,negative,0x7F,0x31,false,false,false,2026-07-10T12:44:04.409899+02:00,3003368963034,3003372036974,3.073940,true,true,43566456,43570547,4.091000,true,matched_request_response
run_3,20260712,320,after,320,target_did_random_data,0x1234,6,DD2224,2E1234DD2224,062E1234DD222400,7F2E31,negative,0x7F,0x31,false,false,false,2026-07-10T12:44:04.434367+02:00,3003393431912,3003396401300,2.969388,true,true,43590883,43594963,4.080000,true,matched_request_response
run_3,20260712,321,after,321,target_did_random_data,0x1234,5,C788,2E1234C788,052E1234C7880000,7F2E31,negative,0x7F,0x31,false,false,false,2026-07-10T12:44:04.458746+02:00,3003417810835,3003420786578,2.975743,true,true,43615243,43619329,4.086000,true,matched_request_response
run_3,20260712,322,after,322,target_did_random_data,0x1234,7,CD2DE471,2E1234CD2DE471,072E1234CD2DE471,7F2E31,negative,0x7F,0x31,false,false,false,2026-07-10T12:44:04.483091+02:00,3003442155186,3003445208593,3.053407,true,true,43639527,43643605,4.078000,true,matched_request_response
run_3,20260712,323,after,323,missing_data,0x1234,3,,2E1234,032E123400000000,7F2E31,negative,0x7F,0x31,false,false,false,2026-07-10T12:44:04.507490+02:00,3003466554851,3003469605534,3.050683,true,true,43663919,43668011,4.092000,true,matched_request_response
run_3,20260712,324,after,324,target_did_random_data,0x1234,5,3F74,2E12343F74,052E12343F740000,7F2E31,negative,0x7F,0x31,false,false,false,2026-07-10T12:44:04.531974+02:00,3003491037000,3003494113873,3.076873,true,true,43688369,43692456,4.087000,true,matched_request_response
run_3,20260712,325,after,325,unknown_did,0xF187,5,4634,2EF1874634,052EF18746340000,7F2E31,negative,0x7F,0x31,false,false,false,2026-07-10T12:44:04.556367+02:00,3003515430450,3003518420230,2.989780,true,true,43712710,43716797,4.087000,true,matched_request_response
run_3,20260712,326,after,326,target_did_random_data,0x1234,6,705764,2E1234705764,062E123470576400,7F2E31,negative,0x7F,0x31,false,false,false,2026-07-10T12:44:04.580660+02:00,3003539724445,3003541809706,2.085261,true,true,43736993,43741073,4.080000,true,matched_request_response
run_3,20260712,327,after,327,target_did_random_data,0x1234,6,7A28D4,2E12347A28D4,062E12347A28D400,7F2E31,negative,0x7F,0x31,false,false,false,2026-07-10T12:44:04.604096+02:00,3003563161134,3003566315322,3.154188,true,true,43760402,43764484,4.082000,true,matched_request_response
run_3,20260712,328,after,328,target_did_random_data,0x1234,4,A3,2E1234A3,042E1234A3000000,7F2E31,negative,0x7F,0x31,false,false,false,2026-07-10T12:44:04.628689+02:00,3003587752654,3003590721832,2.969178,true,true,43784960,43789049,4.089000,true,matched_request_response
run_3,20260712,329,after,329,target_did_random_data,0x1234,4,B2,2E1234B2,042E1234B2000000,7F2E31,negative,0x7F,0x31,false,false,false,2026-07-10T12:44:04.653107+02:00,3003612170618,3003615221790,3.051172,true,true,43809357,43813447,4.090000,true,matched_request_response
run_3,20260712,330,after,330,read_only_did,0x1001,6,220937,2E1001220937,062E100122093700,7F2E31,negative,0x7F,0x31,false,false,false,2026-07-10T12:44:04.677629+02:00,3003636693834,3003639549518,2.855684,true,true,43833828,43837917,4.089000,true,matched_request_response
run_3,20260712,331,after,331,target_did_random_data,0x1234,6,715C54,2E1234715C54,062E1234715C5400,7F2E31,negative,0x7F,0x31,false,false,false,2026-07-10T12:44:04.701980+02:00,3003661045378,3003663969717,2.924339,true,true,43858163,43862245,4.082000,true,matched_request_response
run_3,20260712,332,after,332,missing_data,0x1234,3,,2E1234,032E123400000000,7F2E31,negative,0x7F,0x31,false,false,false,2026-07-10T12:44:04.726351+02:00,3003685414942,3003688413243,2.998301,true,true,43882494,43886588,4.094000,true,matched_request_response
run_3,20260712,333,after,333,target_did_random_data,0x1234,5,FDC3,2E1234FDC3,052E1234FDC30000,7F2E31,negative,0x7F,0x31,false,false,false,2026-07-10T12:44:04.750719+02:00,3003709783528,3003712797195,3.013667,true,true,43906828,43910912,4.084000,true,matched_request_response
run_3,20260712,334,after,334,read_only_did,0x1001,6,915D42,2E1001915D42,062E1001915D4200,7F2E31,negative,0x7F,0x31,false,false,false,2026-07-10T12:44:04.775103+02:00,3003734166850,3003737248054,3.081204,true,true,43931169,43935256,4.087000,true,matched_request_response
run_3,20260712,335,after,335,unknown_did,0x3333,7,E41A12A5,2E3333E41A12A5,072E3333E41A12A5,7F2E31,negative,0x7F,0x31,false,false,false,2026-07-10T12:44:04.799553+02:00,3003758616872,3003761596316,2.979444,true,true,43955583,43959662,4.079000,true,matched_request_response
run_3,20260712,336,after,336,target_did_random_data,0x1234,7,E7936C28,2E1234E7936C28,072E1234E7936C28,7F2E31,negative,0x7F,0x31,false,false,false,2026-07-10T12:44:04.823931+02:00,3003782995026,3003786151519,3.156493,true,true,43979964,43984040,4.076000,true,matched_request_response
run_3,20260712,337,after,337,target_did_random_data,0x1234,6,38CD1D,2E123438CD1D,062E123438CD1D00,7F2E31,negative,0x7F,0x31,false,false,false,2026-07-10T12:44:04.848517+02:00,3003807581239,3003810400606,2.819367,true,true,44004489,44008571,4.082000,true,matched_request_response
run_3,20260712,338,after,338,read_only_did,0x1001,4,F3,2E1001F3,042E1001F3000000,7F2E31,negative,0x7F,0x31,false,false,false,2026-07-10T12:44:04.872628+02:00,3003831690922,3003833811663,2.120741,true,true,44028572,44032667,4.095000,true,matched_request_response
run_3,20260712,339,after,339,unknown_did,0xF187,7,097E9C10,2EF187097E9C10,072EF187097E9C10,7F2E31,negative,0x7F,0x31,false,false,false,2026-07-10T12:44:04.895964+02:00,3003855027178,3003857284041,2.256863,true,true,44051857,44055937,4.080000,true,matched_request_response
run_3,20260712,340,after,340,target_did_random_data,0x1234,6,EF402F,2E1234EF402F,062E1234EF402F00,7F2E31,negative,0x7F,0x31,false,false,false,2026-07-10T12:44:04.919502+02:00,3003878566185,3003880792737,2.226552,true,true,44075382,44079465,4.083000,true,matched_request_response
run_3,20260712,341,after,341,target_did_random_data,0x1234,7,B02BCC92,2E1234B02BCC92,072E1234B02BCC92,7F2E31,negative,0x7F,0x31,false,false,false,2026-07-10T12:44:04.943134+02:00,3003902197244,3003905161462,2.964218,true,true,44098977,44103053,4.076000,true,matched_request_response
run_3,20260712,342,after,342,unknown_did,0x3333,5,A46C,2E3333A46C,052E3333A46C0000,7F2E31,negative,0x7F,0x31,false,false,false,2026-07-10T12:44:04.967498+02:00,3003926561639,3003929632227,3.070588,true,true,44123321,44127408,4.087000,true,matched_request_response
run_3,20260712,343,after,343,target_did_random_data,0x1234,4,6D,2E12346D,042E12346D000000,7F2E31,negative,0x7F,0x31,false,false,false,2026-07-10T12:44:04.991982+02:00,3003951047070,3003954073658,3.026588,true,true,44147788,44151877,4.089000,true,matched_request_response
run_3,20260712,344,after,344,target_did_random_data,0x1234,7,EF0AB006,2E1234EF0AB006,072E1234EF0AB006,7F2E31,negative,0x7F,0x31,false,false,false,2026-07-10T12:44:05.016381+02:00,3003975443313,3003978445666,3.002353,true,true,44172134,44176221,4.087000,true,matched_request_response
run_3,20260712,345,after,345,target_did_random_data,0x1234,4,3E,2E12343E,042E12343E000000,7F2E31,negative,0x7F,0x31,false,false,false,2026-07-10T12:44:05.040800+02:00,3003999865398,3004002831643,2.966245,true,true,44196571,44200662,4.091000,true,matched_request_response
run_3,20260712,346,after,346,target_did_random_data,0x1234,4,09,2E123409,042E123409000000,7F2E31,negative,0x7F,0x31,false,false,false,2026-07-10T12:44:05.065117+02:00,3004024181743,3004027269023,3.087280,true,true,44220823,44224916,4.093000,true,matched_request_response
run_3,20260712,347,after,347,target_did_random_data,0x1234,6,01A2AF,2E123401A2AF,062E123401A2AF00,7F2E31,negative,0x7F,0x31,false,false,false,2026-07-10T12:44:05.089593+02:00,3004048657117,3004051659050,3.001933,true,true,44245275,44249361,4.086000,true,matched_request_response
run_3,20260712,348,after,348,unknown_did,0x2222,6,BFAC0B,2E2222BFAC0B,062E2222BFAC0B00,7F2E31,negative,0x7F,0x31,false,false,false,2026-07-10T12:44:05.113984+02:00,3004073047563,3004076123668,3.076105,true,true,44269638,44273725,4.087000,true,matched_request_response
run_3,20260712,349,after,349,read_only_did,0x1001,5,87D4,2E100187D4,052E100187D40000,7F2E31,negative,0x7F,0x31,false,false,false,2026-07-10T12:44:05.138459+02:00,3004097523426,3004100508388,2.984962,true,true,44294092,44298183,4.091000,true,matched_request_response
run_3,20260712,350,after,350,target_did_random_data,0x1234,4,4D,2E12344D,042E12344D000000,7F2E31,negative,0x7F,0x31,false,false,false,2026-07-10T12:44:05.162814+02:00,3004121879022,3004124967559,3.088537,true,true,44318431,44322522,4.091000,true,matched_request_response
run_3,20260712,351,after,351,target_did_random_data,0x1234,4,8E,2E12348E,042E12348E000000,7F2E31,negative,0x7F,0x31,false,false,false,2026-07-10T12:44:05.187360+02:00,3004146424307,3004149327065,2.902758,true,true,44342930,44347018,4.088000,true,matched_request_response
run_3,20260712,352,after,352,unknown_did,0x2222,6,34D3D2,2E222234D3D2,062E222234D3D200,7F2E31,negative,0x7F,0x31,false,false,false,2026-07-10T12:44:05.211659+02:00,3004170723191,3004173758020,3.034829,true,true,44367185,44371268,4.083000,true,matched_request_response
run_3,20260712,353,after,353,unknown_did,0xF187,5,351E,2EF187351E,052EF187351E0000,7F2E31,negative,0x7F,0x31,false,false,false,2026-07-10T12:44:05.236120+02:00,3004195184457,3004198223197,3.038740,true,true,44391618,44395704,4.086000,true,matched_request_response
run_3,20260712,354,after,354,target_did_random_data,0x1234,4,7D,2E12347D,042E12347D000000,7F2E31,negative,0x7F,0x31,false,false,false,2026-07-10T12:44:05.260475+02:00,3004219537050,3004222588082,3.051032,true,true,44415936,44420025,4.089000,true,matched_request_response
run_3,20260712,355,after,355,target_did_random_data,0x1234,7,4F837D4A,2E12344F837D4A,072E12344F837D4A,7F2E31,negative,0x7F,0x31,false,false,false,2026-07-10T12:44:05.284912+02:00,3004243976036,3004247029722,3.053686,true,true,44440366,44444445,4.079000,true,matched_request_response
run_3,20260712,356,after,356,target_did_random_data,0x1234,4,56,2E123456,042E123456000000,7F2E31,negative,0x7F,0x31,false,false,false,2026-07-10T12:44:05.309346+02:00,3004268410902,3004271378403,2.967501,true,true,44464775,44468863,4.088000,true,matched_request_response
run_3,20260712,357,after,357,target_did_random_data,0x1234,6,C163A6,2E1234C163A6,062E1234C163A600,7F2E31,negative,0x7F,0x31,false,false,false,2026-07-10T12:44:05.333673+02:00,3004292736605,3004295835339,3.098734,true,true,44489053,44493133,4.080000,true,matched_request_response
run_3,20260712,358,after,358,target_did_random_data,0x1234,4,89,2E123489,042E123489000000,7F2E31,negative,0x7F,0x31,false,false,false,2026-07-10T12:44:05.358154+02:00,3004317217706,3004320239894,3.022188,true,true,44513511,44517601,4.090000,true,matched_request_response
run_3,20260712,359,after,359,read_only_did,0x1001,5,05D0,2E100105D0,052E100105D00000,7F2E31,negative,0x7F,0x31,false,false,false,2026-07-10T12:44:05.382522+02:00,3004341585664,3004344660232,3.074568,true,true,44537859,44541952,4.093000,true,matched_request_response
run_3,20260712,360,after,360,read_only_did,0x1001,6,C3407A,2E1001C3407A,062E1001C3407A00,7F2E31,negative,0x7F,0x31,false,false,false,2026-07-10T12:44:05.407009+02:00,3004366073469,3004369068000,2.994531,true,true,44562321,44566408,4.087000,true,matched_request_response
run_3,20260712,361,after,361,target_did_random_data,0x1234,5,EA3E,2E1234EA3E,052E1234EA3E0000,7F2E31,negative,0x7F,0x31,false,false,false,2026-07-10T12:44:05.431343+02:00,3004390406646,3004393517183,3.110537,true,true,44586623,44590709,4.086000,true,matched_request_response
run_3,20260712,362,after,362,target_did_random_data,0x1234,6,F9494A,2E1234F9494A,062E1234F9494A00,7F2E31,negative,0x7F,0x31,false,false,false,2026-07-10T12:44:05.455826+02:00,3004414890331,3004417867051,2.976720,true,true,44611065,44615145,4.080000,true,matched_request_response
run_3,20260712,363,after,363,target_did_random_data,0x1234,4,2A,2E12342A,042E12342A000000,7F2E31,negative,0x7F,0x31,false,false,false,2026-07-10T12:44:05.480234+02:00,3004439298517,3004442304012,3.005495,true,true,44635455,44639545,4.090000,true,matched_request_response
run_3,20260712,364,after,364,target_did_random_data,0x1234,4,72,2E123472,042E123472000000,7F2E31,negative,0x7F,0x31,false,false,false,2026-07-10T12:44:05.504570+02:00,3004463633929,3004466746561,3.112632,true,true,44659757,44663846,4.089000,true,matched_request_response
run_3,20260712,365,after,365,target_did_random_data,0x1234,5,ED05,2E1234ED05,052E1234ED050000,7F2E31,negative,0x7F,0x31,false,false,false,2026-07-10T12:44:05.529113+02:00,3004488175792,3004491135750,2.959958,true,true,44684278,44688369,4.091000,true,matched_request_response
run_3,20260712,366,after,366,target_did_random_data,0x1234,7,FB3C2364,2E1234FB3C2364,072E1234FB3C2364,7F2E31,negative,0x7F,0x31,false,false,false,2026-07-10T12:44:05.553425+02:00,3004512489133,3004515583816,3.094683,true,true,44708549,44712628,4.079000,true,matched_request_response
run_3,20260712,367,after,367,target_did_random_data,0x1234,5,C009,2E1234C009,052E1234C0090000,7F2E31,negative,0x7F,0x31,false,false,false,2026-07-10T12:44:05.577872+02:00,3004536935732,3004539993609,3.057877,true,true,44732981,44737069,4.088000,true,matched_request_response
run_3,20260712,368,after,368,target_did_random_data,0x1234,4,16,2E123416,042E123416000000,7F2E31,negative,0x7F,0x31,false,false,false,2026-07-10T12:44:05.602321+02:00,3004561384078,3004564417230,3.033152,true,true,44757413,44761503,4.090000,true,matched_request_response
run_3,20260712,369,after,369,target_did_random_data,0x1234,5,B24F,2E1234B24F,052E1234B24F0000,7F2E31,negative,0x7F,0x31,false,false,false,2026-07-10T12:44:05.626759+02:00,3004585822575,3004588742445,2.919870,true,true,44781817,44785901,4.084000,true,matched_request_response
run_3,20260712,370,after,370,missing_data,0x1234,3,,2E1234,032E123400000000,7F2E31,negative,0x7F,0x31,false,false,false,2026-07-10T12:44:05.651088+02:00,3004610152609,3004613207691,3.055082,true,true,44806119,44810213,4.094000,true,matched_request_response
run_3,20260712,371,after,371,target_did_random_data,0x1234,6,72D9C8,2E123472D9C8,062E123472D9C800,7F2E31,negative,0x7F,0x31,false,false,false,2026-07-10T12:44:05.675571+02:00,3004634636084,3004637590316,2.954232,true,true,44830563,44834646,4.083000,true,matched_request_response
run_3,20260712,372,after,372,target_did_random_data,0x1234,5,A52B,2E1234A52B,052E1234A52B0000,7F2E31,negative,0x7F,0x31,false,false,false,2026-07-10T12:44:05.699910+02:00,3004658972962,3004662099004,3.126042,true,true,44854891,44858975,4.084000,true,matched_request_response
run_3,20260712,373,after,373,target_did_random_data,0x1234,7,0BC66CEB,2E12340BC66CEB,072E12340BC66CEB,7F2E31,negative,0x7F,0x31,false,false,false,2026-07-10T12:44:05.724414+02:00,3004683477739,3004686499159,3.021420,true,true,44879350,44883433,4.083000,true,matched_request_response
run_3,20260712,374,after,374,target_did_random_data,0x1234,4,ED,2E1234ED,042E1234ED000000,7F2E31,negative,0x7F,0x31,false,false,false,2026-07-10T12:44:05.748929+02:00,3004707992015,3004710844627,2.852612,true,true,44903875,44907964,4.089000,true,matched_request_response
run_3,20260712,375,after,375,target_did_random_data,0x1234,5,0ECE,2E12340ECE,052E12340ECE0000,7F2E31,negative,0x7F,0x31,false,false,false,2026-07-10T12:44:05.773164+02:00,3004732227902,3004735265804,3.037902,true,true,44928064,44932155,4.091000,true,matched_request_response
run_3,20260712,376,after,376,target_did_random_data,0x1234,7,9EA378B0,2E12349EA378B0,072E12349EA378B0,7F2E31,negative,0x7F,0x31,false,false,false,2026-07-10T12:44:05.797567+02:00,3004756630781,3004759676086,3.045305,true,true,44952414,44956493,4.079000,true,matched_request_response
run_3,20260712,377,after,377,read_only_did,0x1001,4,32,2E100132,042E100132000000,7F2E31,negative,0x7F,0x31,false,false,false,2026-07-10T12:44:05.822022+02:00,3004781086948,3004784141612,3.054664,true,true,44976879,44980972,4.093000,true,matched_request_response
run_3,20260712,378,after,378,unknown_did,0x2222,5,CD31,2E2222CD31,052E2222CD310000,7F2E31,negative,0x7F,0x31,false,false,false,2026-07-10T12:44:05.846426+02:00,3004805489826,3004808468502,2.978676,true,true,45001235,45005322,4.087000,true,matched_request_response
run_3,20260712,379,after,379,target_did_random_data,0x1234,5,E7B5,2E1234E7B5,052E1234E7B50000,7F2E31,negative,0x7F,0x31,false,false,false,2026-07-10T12:44:05.870785+02:00,3004829849124,3004832894498,3.045374,true,true,45025610,45029696,4.086000,true,matched_request_response
run_3,20260712,380,after,380,target_did_random_data,0x1234,6,C0A46B,2E1234C0A46B,062E1234C0A46B00,7F2E31,negative,0x7F,0x31,false,false,false,2026-07-10T12:44:05.895086+02:00,3004854148985,3004856286419,2.137434,true,true,45049838,45053919,4.081000,true,matched_request_response
run_3,20260712,381,after,381,read_only_did,0x1001,4,66,2E100166,042E100166000000,7F2E31,negative,0x7F,0x31,false,false,false,2026-07-10T12:44:05.918538+02:00,3004877601389,3004879786315,2.184926,true,true,45073284,45077379,4.095000,true,matched_request_response
run_3,20260712,382,after,382,unknown_did,0x2222,5,6545,2E22226545,052E222265450000,7F2E31,negative,0x7F,0x31,false,false,false,2026-07-10T12:44:05.942055+02:00,3004901118326,3004904191917,3.073591,true,true,45096767,45100851,4.084000,true,matched_request_response
run_3,20260712,383,after,383,target_did_random_data,0x1234,6,44DEF6,2E123444DEF6,062E123444DEF600,7F2E31,negative,0x7F,0x31,false,false,false,2026-07-10T12:44:05.966487+02:00,3004925551027,3004928698161,3.147134,true,true,45121165,45125248,4.083000,true,matched_request_response
run_3,20260712,384,after,384,missing_data,0x1234,3,,2E1234,032E123400000000,7F2E31,negative,0x7F,0x31,false,false,false,2026-07-10T12:44:05.990983+02:00,3004950046864,3004953137357,3.090493,true,true,45145654,45149751,4.097000,true,matched_request_response
run_3,20260712,385,after,385,target_did_random_data,0x1234,5,8A1D,2E12348A1D,052E12348A1D0000,7F2E31,negative,0x7F,0x31,false,false,false,2026-07-10T12:44:06.015427+02:00,3004974490879,3004977460406,2.969527,true,true,45170059,45174143,4.084000,true,matched_request_response
run_3,20260712,386,after,386,target_did_random_data,0x1234,4,49,2E123449,042E123449000000,7F2E31,negative,0x7F,0x31,false,false,false,2026-07-10T12:44:06.039754+02:00,3004998817980,3005001883120,3.065140,true,true,45194357,45198448,4.091000,true,matched_request_response
run_3,20260712,387,after,387,missing_data,0x1234,3,,2E1234,032E123400000000,7F2E31,negative,0x7F,0x31,false,false,false,2026-07-10T12:44:06.064229+02:00,3005023293005,3005026302830,3.009825,true,true,45218817,45222910,4.093000,true,matched_request_response
run_3,20260712,388,after,388,target_did_random_data,0x1234,6,69BD6F,2E123469BD6F,062E123469BD6F00,7F2E31,negative,0x7F,0x31,false,false,false,2026-07-10T12:44:06.088571+02:00,3005047634492,3005050729524,3.095032,true,true,45243122,45247204,4.082000,true,matched_request_response
run_3,20260712,389,after,389,target_did_random_data,0x1234,6,4F51FE,2E12344F51FE,062E12344F51FE00,7F2E31,negative,0x7F,0x31,false,false,false,2026-07-10T12:44:06.113066+02:00,3005072130190,3005075163273,3.033083,true,true,45267588,45271670,4.082000,true,matched_request_response
run_3,20260712,390,after,390,target_did_random_data,0x1234,5,9E7E,2E12349E7E,052E12349E7E0000,7F2E31,negative,0x7F,0x31,false,false,false,2026-07-10T12:44:06.137501+02:00,3005096565545,3005099524875,2.959330,true,true,45292009,45296094,4.085000,true,matched_request_response
run_3,20260712,391,after,391,target_did_random_data,0x1234,6,828C9D,2E1234828C9D,062E1234828C9D00,7F2E31,negative,0x7F,0x31,false,false,false,2026-07-10T12:44:06.161831+02:00,3005120894042,3005123940674,3.046632,true,true,45316303,45320385,4.082000,true,matched_request_response
run_3,20260712,392,after,392,target_did_random_data,0x1234,4,3E,2E12343E,042E12343E000000,7F2E31,negative,0x7F,0x31,false,false,false,2026-07-10T12:44:06.186296+02:00,3005145359499,3005148850254,3.490755,true,true,45340766,45344854,4.088000,true,matched_request_response
run_3,20260712,393,after,393,target_did_random_data,0x1234,6,01EC1B,2E123401EC1B,062E123401EC1B00,7F2E31,negative,0x7F,0x31,false,false,false,2026-07-10T12:44:06.211260+02:00,3005170324393,3005172794761,2.470368,true,true,45365691,45369779,4.088000,true,matched_request_response
run_3,20260712,394,after,394,target_did_random_data,0x1234,5,FB18,2E1234FB18,052E1234FB180000,7F2E31,negative,0x7F,0x31,false,false,false,2026-07-10T12:44:06.235123+02:00,3005194188583,3005197186046,2.997463,true,true,45389532,45393618,4.086000,true,matched_request_response
run_3,20260712,395,after,395,target_did_random_data,0x1234,4,8F,2E12348F,042E12348F000000,7F2E31,negative,0x7F,0x31,false,false,false,2026-07-10T12:44:06.259501+02:00,3005218564851,3005221630969,3.066118,true,true,45413892,45417981,4.089000,true,matched_request_response
run_3,20260712,396,after,396,target_did_random_data,0x1234,7,53542EFE,2E123453542EFE,072E123453542EFE,7F2E31,negative,0x7F,0x31,false,false,false,2026-07-10T12:44:06.284015+02:00,3005243079337,3005246112559,3.033222,true,true,45438362,45442441,4.079000,true,matched_request_response
run_3,20260712,397,after,397,read_only_did,0x1001,6,A10366,2E1001A10366,062E1001A1036600,7F2E31,negative,0x7F,0x31,false,false,false,2026-07-10T12:44:06.308394+02:00,3005267458329,3005270424574,2.966245,true,true,45462731,45466821,4.090000,true,matched_request_response
run_3,20260712,398,after,398,target_did_random_data,0x1234,6,CC9F08,2E1234CC9F08,062E1234CC9F0800,7F2E31,negative,0x7F,0x31,false,false,false,2026-07-10T12:44:06.332747+02:00,3005291811271,3005294877319,3.066048,true,true,45487050,45491135,4.085000,true,matched_request_response
run_3,20260712,399,after,399,target_did_random_data,0x1234,4,66,2E123466,042E123466000000,7F2E31,negative,0x7F,0x31,false,false,false,2026-07-10T12:44:06.357266+02:00,3005316330296,3005319240248,2.909952,true,true,45511546,45515637,4.091000,true,matched_request_response
run_3,20260712,400,after,400,target_did_random_data,0x1234,7,06001E3C,2E123406001E3C,072E123406001E3C,7F2E31,negative,0x7F,0x31,false,false,false,2026-07-10T12:44:06.381549+02:00,3005340613326,3005343729241,3.115915,true,true,45535798,45539883,4.085000,true,matched_request_response
run_3,20260712,401,after,401,target_did_random_data,0x1234,4,7F,2E12347F,042E12347F000000,7F2E31,negative,0x7F,0x31,false,false,false,2026-07-10T12:44:06.406112+02:00,3005365176212,3005368084627,2.908415,true,true,45560348,45564438,4.090000,true,matched_request_response
run_3,20260712,402,after,402,missing_data,0x1234,3,,2E1234,032E123400000000,7F2E31,negative,0x7F,0x31,false,false,false,2026-07-10T12:44:06.430415+02:00,3005389479077,3005392524941,3.045864,true,true,45584619,45588714,4.095000,true,matched_request_response
run_3,20260712,403,after,403,target_did_random_data,0x1234,5,DF61,2E1234DF61,052E1234DF610000,7F2E31,negative,0x7F,0x31,false,false,false,2026-07-10T12:44:06.454843+02:00,3005413906261,3005416907496,3.001235,true,true,45609019,45613104,4.085000,true,matched_request_response
run_3,20260712,404,after,404,target_did_random_data,0x1234,7,712DDBF7,2E1234712DDBF7,072E1234712DDBF7,7F2E31,negative,0x7F,0x31,false,false,false,2026-07-10T12:44:06.479272+02:00,3005438336587,3005441324342,2.987755,true,true,45633419,45637498,4.079000,true,matched_request_response
run_3,20260712,405,after,405,unknown_did,0x3333,6,5F6987,2E33335F6987,062E33335F698700,7F2E31,negative,0x7F,0x31,false,false,false,2026-07-10T12:44:06.503603+02:00,3005462667109,3005465716325,3.049216,true,true,45657718,45661801,4.083000,true,matched_request_response
run_3,20260712,406,after,406,target_did_random_data,0x1234,5,3900,2E12343900,052E123439000000,7F2E31,negative,0x7F,0x31,false,false,false,2026-07-10T12:44:06.528018+02:00,3005487083118,3005490167255,3.084137,true,true,45682120,45686211,4.091000,true,matched_request_response
run_3,20260712,407,after,407,target_did_random_data,0x1234,4,58,2E123458,042E123458000000,7F2E31,negative,0x7F,0x31,false,false,false,2026-07-10T12:44:06.552474+02:00,3005511538657,3005514616648,3.077991,true,true,45706561,45710651,4.090000,true,matched_request_response
run_3,20260712,408,after,408,target_did_random_data,0x1234,7,4EB369C5,2E12344EB369C5,072E12344EB369C5,7F2E31,negative,0x7F,0x31,false,false,false,2026-07-10T12:44:06.577034+02:00,3005536098260,3005538992917,2.894657,true,true,45731071,45735148,4.077000,true,matched_request_response
run_3,20260712,409,after,409,target_did_random_data,0x1234,7,60DE7D57,2E123460DE7D57,072E123460DE7D57,7F2E31,negative,0x7F,0x31,false,false,false,2026-07-10T12:44:06.601294+02:00,3005560357265,3005563360874,3.003609,true,true,45755295,45759373,4.078000,true,matched_request_response
run_3,20260712,410,after,410,unknown_did,0x2222,5,28A9,2E222228A9,052E222228A90000,7F2E31,negative,0x7F,0x31,false,false,false,2026-07-10T12:44:06.625674+02:00,3005584738143,3005587797696,3.059553,true,true,45779661,45783750,4.089000,true,matched_request_response
run_3,20260712,411,after,411,target_did_random_data,0x1234,5,A8D9,2E1234A8D9,052E1234A8D90000,7F2E31,negative,0x7F,0x31,false,false,false,2026-07-10T12:44:06.650099+02:00,3005609163022,3005612258124,3.095102,true,true,45804053,45808137,4.084000,true,matched_request_response
run_3,20260712,412,after,412,target_did_random_data,0x1234,6,36BC8D,2E123436BC8D,062E123436BC8D00,7F2E31,negative,0x7F,0x31,false,false,false,2026-07-10T12:44:06.674603+02:00,3005633667590,3005636660653,2.993063,true,true,45828544,45832626,4.082000,true,matched_request_response
run_3,20260712,413,after,413,target_did_random_data,0x1234,6,19689B,2E123419689B,062E123419689B00,7F2E31,negative,0x7F,0x31,false,false,false,2026-07-10T12:44:06.698980+02:00,3005658043998,3005661080782,3.036784,true,true,45852889,45856969,4.080000,true,matched_request_response
run_3,20260712,414,after,414,target_did_random_data,0x1234,4,52,2E123452,042E123452000000,7F2E31,negative,0x7F,0x31,false,false,false,2026-07-10T12:44:06.723418+02:00,3005682481308,3005685457540,2.976232,true,true,45877322,45881413,4.091000,true,matched_request_response
run_3,20260712,415,after,415,target_did_random_data,0x1234,7,05896ADB,2E123405896ADB,072E123405896ADB,7F2E31,negative,0x7F,0x31,false,false,false,2026-07-10T12:44:06.747937+02:00,3005707017165,3005709910355,2.893190,true,true,45901827,45905908,4.081000,true,matched_request_response
run_3,20260712,416,after,416,target_did_random_data,0x1234,4,3C,2E12343C,042E12343C000000,7F2E31,negative,0x7F,0x31,false,false,false,2026-07-10T12:44:06.772258+02:00,3005731322964,3005734281456,2.958492,true,true,45926109,45930200,4.091000,true,matched_request_response
run_3,20260712,417,after,417,target_did_random_data,0x1234,6,24709A,2E123424709A,062E123424709A00,7F2E31,negative,0x7F,0x31,false,false,false,2026-07-10T12:44:06.796583+02:00,3005755646851,3005758725680,3.078829,true,true,45950403,45954486,4.083000,true,matched_request_response
run_3,20260712,418,after,418,target_did_random_data,0x1234,7,AACD92D2,2E1234AACD92D2,072E1234AACD92D2,7F2E31,negative,0x7F,0x31,false,false,false,2026-07-10T12:44:06.821072+02:00,3005780136822,3005783169765,3.032943,true,true,45974871,45978948,4.077000,true,matched_request_response
run_3,20260712,419,after,419,target_did_random_data,0x1234,7,F1B354B5,2E1234F1B354B5,072E1234F1B354B5,7F2E31,negative,0x7F,0x31,false,false,false,2026-07-10T12:44:06.845691+02:00,3005804754673,3005807556790,2.802117,true,true,45999464,46003542,4.078000,true,matched_request_response
run_3,20260712,420,after,420,target_did_random_data,0x1234,4,DE,2E1234DE,042E1234DE000000,7F2E31,negative,0x7F,0x31,false,false,false,2026-07-10T12:44:06.869856+02:00,3005828920300,3005832035097,3.114797,true,true,46023627,46027718,4.091000,true,matched_request_response
run_3,20260712,421,after,421,read_only_did,0x1001,6,789E03,2E1001789E03,062E1001789E0300,7F2E31,negative,0x7F,0x31,false,false,false,2026-07-10T12:44:06.894380+02:00,3005853443166,3005856596307,3.153141,true,true,46048119,46052210,4.091000,true,matched_request_response
run_3,20260712,422,after,422,target_did_random_data,0x1234,7,C510AEF0,2E1234C510AEF0,072E1234C510AEF0,7F2E31,negative,0x7F,0x31,false,false,false,2026-07-10T12:44:06.918993+02:00,3005878057595,3005880769127,2.711532,true,true,46072700,46076779,4.079000,true,matched_request_response
run_3,20260712,423,after,423,target_did_random_data,0x1234,5,D3A0,2E1234D3A0,052E1234D3A00000,7F2E31,negative,0x7F,0x31,false,false,false,2026-07-10T12:44:06.943229+02:00,3005902292993,3005905213002,2.920009,true,true,46096924,46101008,4.084000,true,matched_request_response
run_3,20260712,424,after,424,target_did_random_data,0x1234,4,32,2E123432,042E123432000000,7F2E31,negative,0x7F,0x31,false,false,false,2026-07-10T12:44:06.967521+02:00,3005926584963,3005929658275,3.073312,true,true,46121192,46125282,4.090000,true,matched_request_response
run_3,20260712,425,after,425,read_only_did,0x1001,6,CD4428,2E1001CD4428,062E1001CD442800,7F2E31,negative,0x7F,0x31,false,false,false,2026-07-10T12:44:06.991977+02:00,3005951040781,3005954127153,3.086372,true,true,46145621,46149708,4.087000,true,matched_request_response
run_3,20260712,426,after,426,target_did_random_data,0x1234,5,2B23,2E12342B23,052E12342B230000,7F2E31,negative,0x7F,0x31,false,false,false,2026-07-10T12:44:07.016459+02:00,3005975523070,3005978449644,2.926574,true,true,46170070,46174156,4.086000,true,matched_request_response
run_3,20260712,427,after,427,unknown_did,0x2222,7,6663249A,2E22226663249A,072E22226663249A,7F2E31,negative,0x7F,0x31,false,false,false,2026-07-10T12:44:07.040753+02:00,3005999816018,3006002851335,3.035317,true,true,46194332,46198410,4.078000,true,matched_request_response
run_3,20260712,428,after,428,target_did_random_data,0x1234,7,5BC926A9,2E12345BC926A9,072E12345BC926A9,7F2E31,negative,0x7F,0x31,false,false,false,2026-07-10T12:44:07.065237+02:00,3006024301868,3006027320773,3.018905,true,true,46218797,46222872,4.075000,true,matched_request_response
run_3,20260712,429,after,429,target_did_random_data,0x1234,6,36C001,2E123436C001,062E123436C00100,7F2E31,negative,0x7F,0x31,false,false,false,2026-07-10T12:44:07.089628+02:00,3006048691477,3006051706750,3.015273,true,true,46243174,46247261,4.087000,true,matched_request_response
run_3,20260712,430,after,430,target_did_random_data,0x1234,5,6A34,2E12346A34,052E12346A340000,7F2E31,negative,0x7F,0x31,false,false,false,2026-07-10T12:44:07.114066+02:00,3006073130533,3006076155933,3.025400,true,true,46267594,46271680,4.086000,true,matched_request_response
run_3,20260712,431,after,431,target_did_random_data,0x1234,4,6D,2E12346D,042E12346D000000,7F2E31,negative,0x7F,0x31,false,false,false,2026-07-10T12:44:07.138477+02:00,3006097541653,3006100554482,3.012829,true,true,46291997,46296085,4.088000,true,matched_request_response
run_3,20260712,432,after,432,target_did_random_data,0x1234,7,EE3E2512,2E1234EE3E2512,072E1234EE3E2512,7F2E31,negative,0x7F,0x31,false,false,false,2026-07-10T12:44:07.162887+02:00,3006121950817,3006124971119,3.020302,true,true,46316350,46320429,4.079000,true,matched_request_response
run_3,20260712,433,after,433,target_did_random_data,0x1234,7,8962F0EE,2E12348962F0EE,072E12348962F0EE,7F2E31,negative,0x7F,0x31,false,false,false,2026-07-10T12:44:07.187319+02:00,3006146382191,3006149356468,2.974277,true,true,46340753,46344829,4.076000,true,matched_request_response
run_3,20260712,434,after,434,target_did_random_data,0x1234,7,B737F59C,2E1234B737F59C,072E1234B737F59C,7F2E31,negative,0x7F,0x31,false,false,false,2026-07-10T12:44:07.211752+02:00,3006170814962,3006173747683,2.932721,true,true,46365165,46369244,4.079000,true,matched_request_response
run_3,20260712,435,after,435,read_only_did,0x1001,4,13,2E100113,042E100113000000,7F2E31,negative,0x7F,0x31,false,false,false,2026-07-10T12:44:07.236094+02:00,3006195158336,3006198171374,3.013038,true,true,46389509,46393604,4.095000,true,matched_request_response
run_3,20260712,436,after,436,target_did_random_data,0x1234,5,9285,2E12349285,052E123492850000,7F2E31,negative,0x7F,0x31,false,false,false,2026-07-10T12:44:07.260483+02:00,3006219546687,3006222589338,3.042651,true,true,46413856,46417940,4.084000,true,matched_request_response
run_3,20260712,437,after,437,target_did_random_data,0x1234,7,862215AF,2E1234862215AF,072E1234862215AF,7F2E31,negative,0x7F,0x31,false,false,false,2026-07-10T12:44:07.284908+02:00,3006243973452,3006247036776,3.063324,true,true,46438271,46442349,4.078000,true,matched_request_response
run_3,20260712,438,after,438,target_did_random_data,0x1234,4,58,2E123458,042E123458000000,7F2E31,negative,0x7F,0x31,false,false,false,2026-07-10T12:44:07.309352+02:00,3006268415721,3006271439584,3.023863,true,true,46462682,46466773,4.091000,true,matched_request_response
run_3,20260712,439,after,439,target_did_random_data,0x1234,4,C3,2E1234C3,042E1234C3000000,7F2E31,negative,0x7F,0x31,false,false,false,2026-07-10T12:44:07.333751+02:00,3006292814898,3006295904273,3.089375,true,true,46487052,46491140,4.088000,true,matched_request_response
run_3,20260712,440,after,440,target_did_random_data,0x1234,7,47DAA7C4,2E123447DAA7C4,072E123447DAA7C4,7F2E31,negative,0x7F,0x31,false,false,false,2026-07-10T12:44:07.358237+02:00,3006317300818,3006320272021,2.971203,true,true,46511513,46515591,4.078000,true,matched_request_response
run_3,20260712,441,after,441,unknown_did,0x3333,6,C85F5F,2E3333C85F5F,062E3333C85F5F00,7F2E31,negative,0x7F,0x31,false,false,false,2026-07-10T12:44:07.382574+02:00,3006341638395,3006344691312,3.052917,true,true,46535830,46539911,4.081000,true,matched_request_response
run_3,20260712,442,after,442,target_did_random_data,0x1234,6,53E234,2E123453E234,062E123453E23400,7F2E31,negative,0x7F,0x31,false,false,false,2026-07-10T12:44:07.406983+02:00,3006366046721,3006369101175,3.054454,true,true,46560202,46564285,4.083000,true,matched_request_response
run_3,20260712,443,after,443,target_did_random_data,0x1234,7,D07AA5A6,2E1234D07AA5A6,072E1234D07AA5A6,7F2E31,negative,0x7F,0x31,false,false,false,2026-07-10T12:44:07.431462+02:00,3006390525168,3006393537228,3.012060,true,true,46584669,46588750,4.081000,true,matched_request_response
run_3,20260712,444,after,444,target_did_random_data,0x1234,7,E08E4DD2,2E1234E08E4DD2,072E1234E08E4DD2,7F2E31,negative,0x7F,0x31,false,false,false,2026-07-10T12:44:07.455838+02:00,3006414902415,3006417917408,3.014993,true,true,46609019,46613095,4.076000,true,matched_request_response
run_3,20260712,445,after,445,target_did_random_data,0x1234,5,F2D4,2E1234F2D4,052E1234F2D40000,7F2E31,negative,0x7F,0x31,false,false,false,2026-07-10T12:44:07.480257+02:00,3006439319611,3006442365335,3.045724,true,true,46633423,46637509,4.086000,true,matched_request_response
run_3,20260712,446,after,446,target_did_random_data,0x1234,6,A6ECF6,2E1234A6ECF6,062E1234A6ECF600,7F2E31,negative,0x7F,0x31,false,false,false,2026-07-10T12:44:07.504731+02:00,3006463795194,3006466784975,2.989781,true,true,46657873,46661953,4.080000,true,matched_request_response
run_3,20260712,447,after,447,target_did_random_data,0x1234,7,63AB0843,2E123463AB0843,072E123463AB0843,7F2E31,negative,0x7F,0x31,false,false,false,2026-07-10T12:44:07.529122+02:00,3006488185990,3006491142178,2.956188,true,true,46682227,46686310,4.083000,true,matched_request_response
run_3,20260712,448,after,448,target_did_random_data,0x1234,7,8D53321C,2E12348D53321C,072E12348D53321C,7F2E31,negative,0x7F,0x31,false,false,false,2026-07-10T12:44:07.553489+02:00,3006512552342,3006515644092,3.091750,true,true,46706575,46710653,4.078000,true,matched_request_response
run_3,20260712,449,after,449,target_did_random_data,0x1234,4,CC,2E1234CC,042E1234CC000000,7F2E31,negative,0x7F,0x31,false,false,false,2026-07-10T12:44:07.577984+02:00,3006537048948,3006540042780,2.993832,true,true,46731063,46735153,4.090000,true,matched_request_response
run_3,20260712,450,after,450,target_did_random_data,0x1234,6,6ED96B,2E12346ED96B,062E12346ED96B00,7F2E31,negative,0x7F,0x31,false,false,false,2026-07-10T12:44:07.602347+02:00,3006561410620,3006564388737,2.978117,true,true,46755396,46759478,4.082000,true,matched_request_response
run_3,20260712,451,after,451,target_did_random_data,0x1234,5,E1E9,2E1234E1E9,052E1234E1E90000,7F2E31,negative,0x7F,0x31,false,false,false,2026-07-10T12:44:07.626653+02:00,3006585716768,3006588815641,3.098873,true,true,46779671,46783760,4.089000,true,matched_request_response
run_3,20260712,452,after,452,target_did_random_data,0x1234,4,62,2E123462,042E123462000000,7F2E31,negative,0x7F,0x31,false,false,false,2026-07-10T12:44:07.651110+02:00,3006610173843,3006613265104,3.091261,true,true,46804124,46808214,4.090000,true,matched_request_response
run_3,20260712,453,after,453,target_did_random_data,0x1234,6,5DB7AE,2E12345DB7AE,062E12345DB7AE00,7F2E31,negative,0x7F,0x31,false,false,false,2026-07-10T12:44:07.675581+02:00,3006634645376,3006637670567,3.025191,true,true,46828553,46832635,4.082000,true,matched_request_response
run_3,20260712,454,after,454,target_did_random_data,0x1234,4,48,2E123448,042E123448000000,7F2E31,negative,0x7F,0x31,false,false,false,2026-07-10T12:44:07.700033+02:00,3006659097563,3006662091185,2.993622,true,true,46852988,46857076,4.088000,true,matched_request_response
run_3,20260712,455,after,455,missing_data,0x1234,3,,2E1234,032E123400000000,7F2E31,negative,0x7F,0x31,false,false,false,2026-07-10T12:44:07.724375+02:00,3006683438632,3006686507473,3.068841,true,true,46877313,46881408,4.095000,true,matched_request_response
run_3,20260712,456,after,456,target_did_random_data,0x1234,7,D020CD24,2E1234D020CD24,072E1234D020CD24,7F2E31,negative,0x7F,0x31,false,false,false,2026-07-10T12:44:07.748884+02:00,3006707948578,3006710864745,2.916167,true,true,46901777,46905854,4.077000,true,matched_request_response
run_3,20260712,457,after,457,target_did_random_data,0x1234,6,7D7D8C,2E12347D7D8C,062E12347D7D8C00,7F2E31,negative,0x7F,0x31,false,false,false,2026-07-10T12:44:07.773197+02:00,3006732261221,3006735275167,3.013946,true,true,46926083,46930165,4.082000,true,matched_request_response
run_3,20260712,458,after,458,unknown_did,0x2222,5,63BB,2E222263BB,052E222263BB0000,7F2E31,negative,0x7F,0x31,false,false,false,2026-07-10T12:44:07.797600+02:00,3006756662772,3006759769538,3.106766,true,true,46950458,46954544,4.086000,true,matched_request_response
run_3,20260712,459,after,459,target_did_random_data,0x1234,5,D0F6,2E1234D0F6,052E1234D0F60000,7F2E31,negative,0x7F,0x31,false,false,false,2026-07-10T12:44:07.822125+02:00,3006781189620,3006784120384,2.930764,true,true,46974953,46979037,4.084000,true,matched_request_response
run_3,20260712,460,after,460,target_did_random_data,0x1234,7,63B9F0E5,2E123463B9F0E5,072E123463B9F0E5,7F2E31,negative,0x7F,0x31,false,false,false,2026-07-10T12:44:07.846418+02:00,3006805482568,3006808552108,3.069540,true,true,46999216,47003294,4.078000,true,matched_request_response
run_3,20260712,461,after,461,target_did_random_data,0x1234,7,7E67363F,2E12347E67363F,072E12347E67363F,7F2E31,negative,0x7F,0x31,false,false,false,2026-07-10T12:44:07.870854+02:00,3006829917922,3006832966789,3.048867,true,true,47023638,47027717,4.079000,true,matched_request_response
run_3,20260712,462,after,462,target_did_random_data,0x1234,7,45A1A731,2E123445A1A731,072E123445A1A731,7F2E31,negative,0x7F,0x31,false,false,false,2026-07-10T12:44:07.895381+02:00,3006854445259,3006857396906,2.951647,true,true,47048129,47052207,4.078000,true,matched_request_response
run_3,20260712,463,after,463,target_did_random_data,0x1234,7,C9EA3474,2E1234C9EA3474,072E1234C9EA3474,7F2E31,negative,0x7F,0x31,false,false,false,2026-07-10T12:44:07.919702+02:00,3006878765305,3006881793709,3.028404,true,true,47072427,47076506,4.079000,true,matched_request_response
run_3,20260712,464,after,464,target_did_random_data,0x1234,7,3396003A,2E12343396003A,072E12343396003A,7F2E31,negative,0x7F,0x31,false,false,false,2026-07-10T12:44:07.944104+02:00,3006903168044,3006906185762,3.017718,true,true,47096818,47100898,4.080000,true,matched_request_response
run_3,20260712,465,after,465,target_did_random_data,0x1234,4,61,2E123461,042E123461000000,7F2E31,negative,0x7F,0x31,false,false,false,2026-07-10T12:44:07.968489+02:00,3006927552135,3006930634736,3.082601,true,true,47121183,47125273,4.090000,true,matched_request_response
run_3,20260712,466,after,466,unknown_did,0xF187,6,C451BB,2EF187C451BB,062EF187C451BB00,7F2E31,negative,0x7F,0x31,false,false,false,2026-07-10T12:44:07.993017+02:00,3006952082056,3006955125405,3.043349,true,true,47145685,47149768,4.083000,true,matched_request_response
run_3,20260712,467,after,467,target_did_random_data,0x1234,7,FF91A263,2E1234FF91A263,072E1234FF91A263,7F2E31,negative,0x7F,0x31,false,false,false,2026-07-10T12:44:08.017432+02:00,3006976495061,3006979462912,2.967851,true,true,47170071,47174147,4.076000,true,matched_request_response
run_3,20260712,468,after,468,target_did_random_data,0x1234,5,7745,2E12347745,052E123477450000,7F2E31,negative,0x7F,0x31,false,false,false,2026-07-10T12:44:08.041769+02:00,3007000833895,3007003844559,3.010664,true,true,47194395,47198482,4.087000,true,matched_request_response
run_3,20260712,469,after,469,missing_data,0x1234,3,,2E1234,032E123400000000,7F2E31,negative,0x7F,0x31,false,false,false,2026-07-10T12:44:08.066162+02:00,3007025226507,3007028273838,3.047331,true,true,47218772,47222864,4.092000,true,matched_request_response
run_3,20260712,470,after,470,target_did_random_data,0x1234,4,D9,2E1234D9,042E1234D9000000,7F2E31,negative,0x7F,0x31,false,false,false,2026-07-10T12:44:08.090576+02:00,3007049640072,3007052691662,3.051590,true,true,47243149,47247240,4.091000,true,matched_request_response
run_3,20260712,471,after,471,missing_data,0x1234,3,,2E1234,032E123400000000,7F2E31,negative,0x7F,0x31,false,false,false,2026-07-10T12:44:08.115027+02:00,3007074091141,3007077110325,3.019184,true,true,47267590,47271684,4.094000,true,matched_request_response
run_3,20260712,472,after,472,target_did_random_data,0x1234,4,97,2E123497,042E123497000000,7F2E31,negative,0x7F,0x31,false,false,false,2026-07-10T12:44:08.139396+02:00,3007098459867,3007101532480,3.072613,true,true,47291916,47296005,4.089000,true,matched_request_response
run_3,20260712,473,after,473,missing_data,0x1234,3,,2E1234,032E123400000000,7F2E31,negative,0x7F,0x31,false,false,false,2026-07-10T12:44:08.163833+02:00,3007122897317,3007125949676,3.052359,true,true,47316346,47320441,4.095000,true,matched_request_response
run_3,20260712,474,after,474,target_did_random_data,0x1234,6,7E42FB,2E12347E42FB,062E12347E42FB00,7F2E31,negative,0x7F,0x31,false,false,false,2026-07-10T12:44:08.188284+02:00,3007147348177,3007150384054,3.035877,true,true,47340765,47344846,4.081000,true,matched_request_response
run_3,20260712,475,after,475,target_did_random_data,0x1234,5,EDE5,2E1234EDE5,052E1234EDE50000,7F2E31,negative,0x7F,0x31,false,false,false,2026-07-10T12:44:08.212665+02:00,3007171728846,3007174747961,3.019115,true,true,47365120,47369206,4.086000,true,matched_request_response
run_3,20260712,476,after,476,target_did_random_data,0x1234,6,7D0844,2E12347D0844,062E12347D084400,7F2E31,negative,0x7F,0x31,false,false,false,2026-07-10T12:44:08.237097+02:00,3007196161827,3007199188763,3.026936,true,true,47389522,47393609,4.087000,true,matched_request_response
run_3,20260712,477,after,477,target_did_random_data,0x1234,6,96C7CF,2E123496C7CF,062E123496C7CF00,7F2E31,negative,0x7F,0x31,false,false,false,2026-07-10T12:44:08.261495+02:00,3007220558489,3007223599883,3.041394,true,true,47413883,47417963,4.080000,true,matched_request_response
run_3,20260712,478,after,478,target_did_random_data,0x1234,4,CE,2E1234CE,042E1234CE000000,7F2E31,negative,0x7F,0x31,false,false,false,2026-07-10T12:44:08.285918+02:00,3007244981413,3007247990190,3.008777,true,true,47438310,47442401,4.091000,true,matched_request_response
run_3,20260712,479,after,479,target_did_random_data,0x1234,4,DB,2E1234DB,042E1234DB000000,7F2E31,negative,0x7F,0x31,false,false,false,2026-07-10T12:44:08.310360+02:00,3007269424520,3007272415279,2.990759,true,true,47462711,47466802,4.091000,true,matched_request_response
run_3,20260712,480,after,480,target_did_random_data,0x1234,7,6B2F5064,2E12346B2F5064,072E12346B2F5064,7F2E31,negative,0x7F,0x31,false,false,false,2026-07-10T12:44:08.334755+02:00,3007293818948,3007296876824,3.057876,true,true,47487071,47491147,4.076000,true,matched_request_response
run_3,20260712,481,after,481,target_did_random_data,0x1234,7,008A98B6,2E1234008A98B6,072E1234008A98B6,7F2E31,negative,0x7F,0x31,false,false,false,2026-07-10T12:44:08.359196+02:00,3007318259820,3007321251347,2.991527,true,true,47511502,47515584,4.082000,true,matched_request_response
run_3,20260712,482,after,482,target_did_random_data,0x1234,5,1818,2E12341818,052E123418180000,7F2E31,negative,0x7F,0x31,false,false,false,2026-07-10T12:44:08.383623+02:00,3007342687493,3007345652061,2.964568,true,true,47535908,47539992,4.084000,true,matched_request_response
run_3,20260712,483,after,483,target_did_random_data,0x1234,6,2F0284,2E12342F0284,062E12342F028400,7F2E31,negative,0x7F,0x31,false,false,false,2026-07-10T12:44:08.407974+02:00,3007367037362,3007370118635,3.081273,true,true,47560233,47564320,4.087000,true,matched_request_response
run_3,20260712,484,after,484,unknown_did,0x2222,5,0F34,2E22220F34,052E22220F340000,7F2E31,negative,0x7F,0x31,false,false,false,2026-07-10T12:44:08.432420+02:00,3007391484310,3007394511247,3.026937,true,true,47584669,47588763,4.094000,true,matched_request_response
run_3,20260712,485,after,485,target_did_random_data,0x1234,4,D3,2E1234D3,042E1234D3000000,7F2E31,negative,0x7F,0x31,false,false,false,2026-07-10T12:44:08.456822+02:00,3007415885653,3007418939548,3.053895,true,true,47609059,47613148,4.089000,true,matched_request_response
run_3,20260712,486,after,486,target_did_random_data,0x1234,7,9C1FADCB,2E12349C1FADCB,072E12349C1FADCB,7F2E31,negative,0x7F,0x31,false,false,false,2026-07-10T12:44:08.481261+02:00,3007440324989,3007443336141,3.011152,true,true,47633441,47637519,4.078000,true,matched_request_response
run_3,20260712,487,after,487,unknown_did,0xF187,6,026708,2EF187026708,062EF18702670800,7F2E31,negative,0x7F,0x31,false,false,false,2026-07-10T12:44:08.505610+02:00,3007464672972,3007467753896,3.080924,true,true,47657781,47661870,4.089000,true,matched_request_response
run_3,20260712,488,after,488,target_did_random_data,0x1234,5,C692,2E1234C692,052E1234C6920000,7F2E31,negative,0x7F,0x31,false,false,false,2026-07-10T12:44:08.530108+02:00,3007489171324,3007492192045,3.020721,true,true,47682274,47686360,4.086000,true,matched_request_response
run_3,20260712,489,after,489,target_did_random_data,0x1234,7,5DC55781,2E12345DC55781,072E12345DC55781,7F2E31,negative,0x7F,0x31,false,false,false,2026-07-10T12:44:08.554497+02:00,3007513560723,3007516563704,3.002981,true,true,47706631,47710710,4.079000,true,matched_request_response
run_3,20260712,490,after,490,target_did_random_data,0x1234,5,28D3,2E123428D3,052E123428D30000,7F2E31,negative,0x7F,0x31,false,false,false,2026-07-10T12:44:08.578880+02:00,3007537943767,3007540990119,3.046352,true,true,47730998,47735083,4.085000,true,matched_request_response
run_3,20260712,491,after,491,target_did_random_data,0x1234,6,76A8AE,2E123476A8AE,062E123476A8AE00,7F2E31,negative,0x7F,0x31,false,false,false,2026-07-10T12:44:08.603355+02:00,3007562418512,3007565414370,2.995858,true,true,47755449,47759532,4.083000,true,matched_request_response
run_3,20260712,492,after,492,target_did_random_data,0x1234,5,6F27,2E12346F27,052E12346F270000,7F2E31,negative,0x7F,0x31,false,false,false,2026-07-10T12:44:08.627677+02:00,3007586740934,3007589807959,3.067025,true,true,47779749,47783833,4.084000,true,matched_request_response
run_3,20260712,493,after,493,target_did_random_data,0x1234,4,DD,2E1234DD,042E1234DD000000,7F2E31,negative,0x7F,0x31,false,false,false,2026-07-10T12:44:08.652081+02:00,3007611145069,3007614155174,3.010105,true,true,47804136,47808226,4.090000,true,matched_request_response
run_3,20260712,494,after,494,target_did_random_data,0x1234,5,5156,2E12345156,052E123451560000,7F2E31,negative,0x7F,0x31,false,false,false,2026-07-10T12:44:08.676425+02:00,3007635488024,3007638646053,3.158029,true,true,47828458,47832544,4.086000,true,matched_request_response
run_3,20260712,495,after,495,target_did_random_data,0x1234,4,B3,2E1234B3,042E1234B3000000,7F2E31,negative,0x7F,0x31,false,false,false,2026-07-10T12:44:08.700927+02:00,3007659990148,3007663079732,3.089584,true,true,47852959,47857047,4.088000,true,matched_request_response
run_3,20260712,496,after,496,target_did_random_data,0x1234,7,B95665CD,2E1234B95665CD,072E1234B95665CD,7F2E31,negative,0x7F,0x31,false,false,false,2026-07-10T12:44:08.725368+02:00,3007684432766,3007687478281,3.045515,true,true,47877344,47881422,4.078000,true,matched_request_response
run_3,20260712,497,after,497,target_did_random_data,0x1234,4,2E,2E12342E,042E12342E000000,7F2E31,negative,0x7F,0x31,false,false,false,2026-07-10T12:44:08.749735+02:00,3007708799118,3007711895547,3.096429,true,true,47901710,47905801,4.091000,true,matched_request_response
run_3,20260712,498,after,498,target_did_random_data,0x1234,7,1EAF88C4,2E12341EAF88C4,072E12341EAF88C4,7F2E31,negative,0x7F,0x31,false,false,false,2026-07-10T12:44:08.774345+02:00,3007733409077,3007736285784,2.876707,true,true,47926295,47930373,4.078000,true,matched_request_response
run_3,20260712,499,after,499,target_did_random_data,0x1234,7,776CA78F,2E1234776CA78F,072E1234776CA78F,7F2E31,negative,0x7F,0x31,false,false,false,2026-07-10T12:44:08.798608+02:00,3007757671783,3007760768631,3.096848,true,true,47950554,47954632,4.078000,true,matched_request_response
run_3,20260712,500,after,500,target_did_random_data,0x1234,6,C06368,2E1234C06368,062E1234C0636800,7F2E31,negative,0x7F,0x31,false,false,false,2026-07-10T12:44:08.823309+02:00,3007782373025,3007785129815,2.756790,true,true,47975238,47979320,4.082000,true,matched_request_response
run_3,20260712,501,after,501,target_did_random_data,0x1234,7,8EDD77ED,2E12348EDD77ED,072E12348EDD77ED,7F2E31,negative,0x7F,0x31,false,false,false,2026-07-10T12:44:08.847395+02:00,3007806458753,3007809560490,3.101737,true,true,47999276,48003355,4.079000,true,matched_request_response
run_3,20260712,502,after,502,target_did_random_data,0x1234,7,5A0388FE,2E12345A0388FE,072E12345A0388FE,7F2E31,negative,0x7F,0x31,false,false,false,2026-07-10T12:44:08.871867+02:00,3007830931194,3007833930753,2.999559,true,true,48023730,48027811,4.081000,true,matched_request_response
run_3,20260712,503,after,503,target_did_random_data,0x1234,5,ED0D,2E1234ED0D,052E1234ED0D0000,7F2E31,negative,0x7F,0x31,false,false,false,2026-07-10T12:44:08.896265+02:00,3007855328904,3007858391949,3.063045,true,true,48048119,48052210,4.091000,true,matched_request_response
run_3,20260712,504,after,504,target_did_random_data,0x1234,5,F247,2E1234F247,052E1234F2470000,7F2E31,negative,0x7F,0x31,false,false,false,2026-07-10T12:44:08.920630+02:00,3007879694697,3007882763190,3.068493,true,true,48072458,48076544,4.086000,true,matched_request_response
run_3,20260712,505,after,505,target_did_random_data,0x1234,7,B5F09261,2E1234B5F09261,072E1234B5F09261,7F2E31,negative,0x7F,0x31,false,false,false,2026-07-10T12:44:08.945104+02:00,3007904168814,3007907228437,3.059623,true,true,48096914,48100990,4.076000,true,matched_request_response
run_3,20260712,506,after,506,missing_data,0x1234,3,,2E1234,032E123400000000,7F2E31,negative,0x7F,0x31,false,false,false,2026-07-10T12:44:08.969530+02:00,3007928594392,3007931623563,3.029171,true,true,48121332,48125426,4.094000,true,matched_request_response
run_3,20260712,507,after,507,target_did_random_data,0x1234,5,4EA0,2E12344EA0,052E12344EA00000,7F2E31,negative,0x7F,0x31,false,false,false,2026-07-10T12:44:08.993971+02:00,3007953035613,3007956040061,3.004448,true,true,48145756,48149840,4.084000,true,matched_request_response
run_3,20260712,508,after,508,target_did_random_data,0x1234,4,4D,2E12344D,042E12344D000000,7F2E31,negative,0x7F,0x31,false,false,false,2026-07-10T12:44:09.018317+02:00,3007977380523,3007980453625,3.073102,true,true,48170063,48174154,4.091000,true,matched_request_response
run_3,20260712,509,after,509,target_did_random_data,0x1234,6,3652A2,2E12343652A2,062E12343652A200,7F2E31,negative,0x7F,0x31,false,false,false,2026-07-10T12:44:09.042758+02:00,3008001822164,3008004864257,3.042093,true,true,48194475,48198557,4.082000,true,matched_request_response
run_3,20260712,510,after,510,target_did_random_data,0x1234,7,8616F5D0,2E12348616F5D0,072E12348616F5D0,7F2E31,negative,0x7F,0x31,false,false,false,2026-07-10T12:44:09.067271+02:00,3008026335463,3008029261269,2.925806,true,true,48218971,48223047,4.076000,true,matched_request_response
run_3,20260712,511,after,511,target_did_random_data,0x1234,4,9C,2E12349C,042E12349C000000,7F2E31,negative,0x7F,0x31,false,false,false,2026-07-10T12:44:09.091590+02:00,3008050654112,3008053648712,2.994600,true,true,48243300,48247390,4.090000,true,matched_request_response
run_3,20260712,512,after,512,target_did_random_data,0x1234,5,0820,2E12340820,052E123408200000,7F2E31,negative,0x7F,0x31,false,false,false,2026-07-10T12:44:09.115976+02:00,3008075040369,3008078119966,3.079597,true,true,48267666,48271760,4.094000,true,matched_request_response
run_3,20260712,513,after,513,target_did_random_data,0x1234,4,ED,2E1234ED,042E1234ED000000,7F2E31,negative,0x7F,0x31,false,false,false,2026-07-10T12:44:09.140423+02:00,3008099486340,3008102494140,3.007800,true,true,48292079,48296170,4.091000,true,matched_request_response
run_3,20260712,514,after,514,target_did_random_data,0x1234,6,33525A,2E123433525A,062E123433525A00,7F2E31,negative,0x7F,0x31,false,false,false,2026-07-10T12:44:09.164806+02:00,3008123870222,3008126919717,3.049495,true,true,48316458,48320541,4.083000,true,matched_request_response
run_3,20260712,515,after,515,target_did_random_data,0x1234,4,72,2E123472,042E123472000000,7F2E31,negative,0x7F,0x31,false,false,false,2026-07-10T12:44:09.189236+02:00,3008148300339,3008151387619,3.087280,true,true,48340848,48344936,4.088000,true,matched_request_response
run_3,20260712,516,after,516,target_did_random_data,0x1234,5,38A5,2E123438A5,052E123438A50000,7F2E31,negative,0x7F,0x31,false,false,false,2026-07-10T12:44:09.213794+02:00,3008172858825,3008175730154,2.871329,true,true,48365430,48369516,4.086000,true,matched_request_response
run_3,20260712,517,after,517,target_did_random_data,0x1234,7,81BECE4B,2E123481BECE4B,072E123481BECE4B,7F2E31,negative,0x7F,0x31,false,false,false,2026-07-10T12:44:09.238094+02:00,3008197158059,3008200167465,3.009406,true,true,48389658,48393740,4.082000,true,matched_request_response
run_3,20260712,518,after,518,missing_data,0x1234,3,,2E1234,032E123400000000,7F2E31,negative,0x7F,0x31,false,false,false,2026-07-10T12:44:09.262467+02:00,3008221530417,3008224626008,3.095591,true,true,48414014,48418106,4.092000,true,matched_request_response
run_3,20260712,519,after,519,target_did_random_data,0x1234,4,E2,2E1234E2,042E1234E2000000,7F2E31,negative,0x7F,0x31,false,false,false,2026-07-10T12:44:09.286994+02:00,3008246057753,3008248952759,2.895006,true,true,48438529,48442619,4.090000,true,matched_request_response
run_3,20260712,520,after,520,target_did_random_data,0x1234,6,53C92C,2E123453C92C,062E123453C92C00,7F2E31,negative,0x7F,0x31,false,false,false,2026-07-10T12:44:09.311297+02:00,3008270361876,3008273390349,3.028473,true,true,48462792,48466871,4.079000,true,matched_request_response
run_3,20260712,521,after,521,target_did_random_data,0x1234,4,35,2E123435,042E123435000000,7F2E31,negative,0x7F,0x31,false,false,false,2026-07-10T12:44:09.335730+02:00,3008294794088,3008297834015,3.039927,true,true,48487213,48491303,4.090000,true,matched_request_response
run_3,20260712,522,after,522,target_did_random_data,0x1234,7,05A17CF8,2E123405A17CF8,072E123405A17CF8,7F2E31,negative,0x7F,0x31,false,false,false,2026-07-10T12:44:09.360177+02:00,3008319240338,3008322254075,3.013737,true,true,48511636,48515720,4.084000,true,matched_request_response
run_3,20260712,523,after,523,target_did_random_data,0x1234,7,B26A435F,2E1234B26A435F,072E1234B26A435F,7F2E31,negative,0x7F,0x31,false,false,false,2026-07-10T12:44:09.384665+02:00,3008343728564,3008346657024,2.928460,true,true,48536087,48540165,4.078000,true,matched_request_response
run_3,20260712,524,after,524,target_did_random_data,0x1234,5,81AA,2E123481AA,052E123481AA0000,7F2E31,negative,0x7F,0x31,false,false,false,2026-07-10T12:44:09.409006+02:00,3008368070890,3008371121712,3.050822,true,true,48560419,48564505,4.086000,true,matched_request_response
run_3,20260712,525,after,525,target_did_random_data,0x1234,7,2A91663E,2E12342A91663E,072E12342A91663E,7F2E31,negative,0x7F,0x31,false,false,false,2026-07-10T12:44:09.433431+02:00,3008392494302,3008395458451,2.964149,true,true,48584801,48588878,4.077000,true,matched_request_response
run_3,20260712,526,after,526,read_only_did,0x1001,6,A86A60,2E1001A86A60,062E1001A86A6000,7F2E31,negative,0x7F,0x31,false,false,false,2026-07-10T12:44:09.457778+02:00,3008416842495,3008419894574,3.052079,true,true,48609140,48613227,4.087000,true,matched_request_response
run_3,20260712,527,after,527,target_did_random_data,0x1234,4,FD,2E1234FD,042E1234FD000000,7F2E31,negative,0x7F,0x31,false,false,false,2026-07-10T12:44:09.482250+02:00,3008441314237,3008444311841,2.997604,true,true,48633588,48637678,4.090000,true,matched_request_response
run_3,20260712,528,after,528,missing_data,0x1234,3,,2E1234,032E123400000000,7F2E31,negative,0x7F,0x31,false,false,false,2026-07-10T12:44:09.506588+02:00,3008465651465,3008468739862,3.088397,true,true,48657911,48662003,4.092000,true,matched_request_response
run_3,20260712,529,after,529,target_did_random_data,0x1234,4,78,2E123478,042E123478000000,7F2E31,negative,0x7F,0x31,false,false,false,2026-07-10T12:44:09.531098+02:00,3008490162249,3008493172005,3.009756,true,true,48682396,48686486,4.090000,true,matched_request_response
run_3,20260712,530,after,530,target_did_random_data,0x1234,7,3FC10A0C,2E12343FC10A0C,072E12343FC10A0C,7F2E31,negative,0x7F,0x31,false,false,false,2026-07-10T12:44:09.555508+02:00,3008514572042,3008517556445,2.984403,true,true,48706772,48710857,4.085000,true,matched_request_response
run_3,20260712,531,after,531,target_did_random_data,0x1234,4,0A,2E12340A,042E12340A000000,7F2E31,negative,0x7F,0x31,false,false,false,2026-07-10T12:44:09.579890+02:00,3008538953689,3008541952200,2.998511,true,true,48731148,48735243,4.095000,true,matched_request_response
run_3,20260712,532,after,532,read_only_did,0x1001,5,8CC7,2E10018CC7,052E10018CC70000,7F2E31,negative,0x7F,0x31,false,false,false,2026-07-10T12:44:09.604291+02:00,3008563355311,3008566412279,3.056968,true,true,48755519,48759610,4.091000,true,matched_request_response
run_3,20260712,533,after,533,target_did_random_data,0x1234,6,91BBEC,2E123491BBEC,062E123491BBEC00,7F2E31,negative,0x7F,0x31,false,false,false,2026-07-10T12:44:09.628734+02:00,3008587798558,3008590814250,3.015692,true,true,48779928,48784009,4.081000,true,matched_request_response
run_3,20260712,534,after,534,target_did_random_data,0x1234,6,E6AB8D,2E1234E6AB8D,062E1234E6AB8D00,7F2E31,negative,0x7F,0x31,false,false,false,2026-07-10T12:44:09.653167+02:00,3008612230700,3008615212240,2.981540,true,true,48804339,48808421,4.082000,true,matched_request_response
run_3,20260712,535,after,535,missing_data,0x1234,3,,2E1234,032E123400000000,7F2E31,negative,0x7F,0x31,false,false,false,2026-07-10T12:44:09.677544+02:00,3008636607039,3008639609112,3.002073,true,true,48828704,48832799,4.095000,true,matched_request_response
run_3,20260712,536,after,536,missing_data,0x1234,3,,2E1234,032E123400000000,7F2E31,negative,0x7F,0x31,false,false,false,2026-07-10T12:44:09.701967+02:00,3008661031150,3008664132328,3.101178,true,true,48853112,48857207,4.095000,true,matched_request_response
run_3,20260712,537,after,537,target_did_random_data,0x1234,5,8895,2E12348895,052E123488950000,7F2E31,negative,0x7F,0x31,false,false,false,2026-07-10T12:44:09.726440+02:00,3008685504569,3008688462083,2.957514,true,true,48877545,48881632,4.087000,true,matched_request_response
run_3,20260712,538,after,538,target_did_random_data,0x1234,4,E4,2E1234E4,042E1234E4000000,7F2E31,negative,0x7F,0x31,false,false,false,2026-07-10T12:44:09.750766+02:00,3008709829504,3008712857349,3.027845,true,true,48901861,48905949,4.088000,true,matched_request_response
run_3,20260712,539,after,539,target_did_random_data,0x1234,7,83EC1B37,2E123483EC1B37,072E123483EC1B37,7F2E31,negative,0x7F,0x31,false,false,false,2026-07-10T12:44:09.775175+02:00,3008734239088,3008737292425,3.053337,true,true,48926240,48930319,4.079000,true,matched_request_response
run_3,20260712,540,after,540,target_did_random_data,0x1234,7,A28ED08C,2E1234A28ED08C,072E1234A28ED08C,7F2E31,negative,0x7F,0x31,false,false,false,2026-07-10T12:44:09.799602+02:00,3008758666341,3008761711437,3.045096,true,true,48950629,48954708,4.079000,true,matched_request_response
run_3,20260712,541,after,541,target_did_random_data,0x1234,5,DC50,2E1234DC50,052E1234DC500000,7F2E31,negative,0x7F,0x31,false,false,false,2026-07-10T12:44:09.824092+02:00,3008783156243,3008786109497,2.953254,true,true,48975115,48979201,4.086000,true,matched_request_response
run_3,20260712,542,after,542,target_did_random_data,0x1234,6,E4583E,2E1234E4583E,062E1234E4583E00,7F2E31,negative,0x7F,0x31,false,false,false,2026-07-10T12:44:09.848386+02:00,3008807449610,3008810571811,3.122201,true,true,48999394,49003476,4.082000,true,matched_request_response
run_3,20260712,543,after,543,target_did_random_data,0x1234,5,6F28,2E12346F28,052E12346F280000,7F2E31,negative,0x7F,0x31,false,false,false,2026-07-10T12:44:09.872875+02:00,3008831939930,3008834945705,3.005775,true,true,49023868,49027952,4.084000,true,matched_request_response
run_3,20260712,544,after,544,target_did_random_data,0x1234,5,756D,2E1234756D,052E1234756D0000,7F2E31,negative,0x7F,0x31,false,false,false,2026-07-10T12:44:09.897335+02:00,3008856399451,3008859377289,2.977838,true,true,49048294,49052380,4.086000,true,matched_request_response
run_3,20260712,545,after,545,target_did_random_data,0x1234,7,48420952,2E123448420952,072E123448420952,7F2E31,negative,0x7F,0x31,false,false,false,2026-07-10T12:44:09.921649+02:00,3008880712304,3008883768294,3.055990,true,true,49072573,49076656,4.083000,true,matched_request_response
run_3,20260712,546,after,546,target_did_random_data,0x1234,7,CB34AA9E,2E1234CB34AA9E,072E1234CB34AA9E,7F2E31,negative,0x7F,0x31,false,false,false,2026-07-10T12:44:09.946151+02:00,3008905216243,3008908207631,2.991388,true,true,49097053,49101129,4.076000,true,matched_request_response
run_3,20260712,547,after,547,target_did_random_data,0x1234,4,45,2E123445,042E123445000000,7F2E31,negative,0x7F,0x31,false,false,false,2026-07-10T12:44:09.970516+02:00,3008929581338,3008932582712,3.001374,true,true,49121411,49125502,4.091000,true,matched_request_response
run_3,20260712,548,after,548,target_did_random_data,0x1234,5,E75B,2E1234E75B,052E1234E75B0000,7F2E31,negative,0x7F,0x31,false,false,false,2026-07-10T12:44:09.994905+02:00,3008953969620,3008956988664,3.019044,true,true,49145770,49149854,4.084000,true,matched_request_response
run_3,20260712,549,after,549,missing_data,0x1234,3,,2E1234,032E123400000000,7F2E31,negative,0x7F,0x31,false,false,false,2026-07-10T12:44:10.019318+02:00,3008978383184,3008981424369,3.041185,true,true,49170174,49174268,4.094000,true,matched_request_response
run_3,20260712,550,after,550,target_did_random_data,0x1234,5,E497,2E1234E497,052E1234E4970000,7F2E31,negative,0x7F,0x31,false,false,false,2026-07-10T12:44:10.043748+02:00,3009002811555,3009005867057,3.055502,true,true,49194567,49198654,4.087000,true,matched_request_response
run_3,20260712,551,after,551,target_did_random_data,0x1234,7,BC95B696,2E1234BC95B696,072E1234BC95B696,7F2E31,negative,0x7F,0x31,false,false,false,2026-07-10T12:44:10.068166+02:00,3009027231266,3009030254431,3.023165,true,true,49218950,49223026,4.076000,true,matched_request_response
run_3,20260712,552,after,552,target_did_random_data,0x1234,6,84EC12,2E123484EC12,062E123484EC1200,7F2E31,negative,0x7F,0x31,false,false,false,2026-07-10T12:44:10.092573+02:00,3009051637358,3009054645507,3.008149,true,true,49243351,49247434,4.083000,true,matched_request_response
run_3,20260712,553,after,553,target_did_random_data,0x1234,6,816BB8,2E1234816BB8,062E1234816BB800,7F2E31,negative,0x7F,0x31,false,false,false,2026-07-10T12:44:10.116965+02:00,3009076028922,3009079111104,3.082182,true,true,49267710,49271793,4.083000,true,matched_request_response
run_3,20260712,554,after,554,target_did_random_data,0x1234,4,BF,2E1234BF,042E1234BF000000,7F2E31,negative,0x7F,0x31,false,false,false,2026-07-10T12:44:10.141401+02:00,3009100465814,3009103533817,3.068003,true,true,49292140,49296231,4.091000,true,matched_request_response
run_3,20260712,555,after,555,target_did_random_data,0x1234,6,F8E398,2E1234F8E398,062E1234F8E39800,7F2E31,negative,0x7F,0x31,false,false,false,2026-07-10T12:44:10.165869+02:00,3009124932668,3009127910855,2.978187,true,true,49316563,49320646,4.083000,true,matched_request_response
run_3,20260712,556,after,556,unknown_did,0x3333,4,9A,2E33339A,042E33339A000000,7F2E31,negative,0x7F,0x31,false,false,false,2026-07-10T12:44:10.190244+02:00,3009149309146,3009152316877,3.007731,true,true,49340930,49345018,4.088000,true,matched_request_response
run_3,20260712,557,after,557,missing_data,0x1234,3,,2E1234,032E123400000000,7F2E31,negative,0x7F,0x31,false,false,false,2026-07-10T12:44:10.214653+02:00,3009173716495,3009176748111,3.031616,true,true,49365315,49369410,4.095000,true,matched_request_response
run_3,20260712,558,after,558,missing_data,0x1234,3,,2E1234,032E123400000000,7F2E31,negative,0x7F,0x31,false,false,false,2026-07-10T12:44:10.239149+02:00,3009198212124,3009201170336,2.958212,true,true,49389784,49393877,4.093000,true,matched_request_response
run_3,20260712,559,after,559,target_did_random_data,0x1234,6,61BB0C,2E123461BB0C,062E123461BB0C00,7F2E31,negative,0x7F,0x31,false,false,false,2026-07-10T12:44:10.263502+02:00,3009222566602,3009225611558,3.044956,true,true,49414112,49418198,4.086000,true,matched_request_response
run_3,20260712,560,after,560,target_did_random_data,0x1234,4,92,2E123492,042E123492000000,7F2E31,negative,0x7F,0x31,false,false,false,2026-07-10T12:44:10.287973+02:00,3009247037507,3009249995161,2.957654,true,true,49438565,49442655,4.090000,true,matched_request_response
run_3,20260712,561,after,561,target_did_random_data,0x1234,5,8600,2E12348600,052E123486000000,7F2E31,negative,0x7F,0x31,false,false,false,2026-07-10T12:44:10.312326+02:00,3009271389471,3009274392173,3.002702,true,true,49462879,49466967,4.088000,true,matched_request_response
run_3,20260712,562,after,562,target_did_random_data,0x1234,6,CC19E9,2E1234CC19E9,062E1234CC19E900,7F2E31,negative,0x7F,0x31,false,false,false,2026-07-10T12:44:10.336734+02:00,3009295798217,3009298815096,3.016879,true,true,49487274,49491356,4.082000,true,matched_request_response
run_3,20260712,563,after,563,target_did_random_data,0x1234,4,AC,2E1234AC,042E1234AC000000,7F2E31,negative,0x7F,0x31,false,false,false,2026-07-10T12:44:10.361144+02:00,3009320207940,3009323252966,3.045026,true,true,49511672,49515764,4.092000,true,matched_request_response
run_3,20260712,564,after,564,target_did_random_data,0x1234,6,E9AB52,2E1234E9AB52,062E1234E9AB5200,7F2E31,negative,0x7F,0x31,false,false,false,2026-07-10T12:44:10.385566+02:00,3009344629397,3009347654448,3.025051,true,true,49536054,49540134,4.080000,true,matched_request_response
run_3,20260712,565,after,565,missing_data,0x1234,3,,2E1234,032E123400000000,7F2E31,negative,0x7F,0x31,false,false,false,2026-07-10T12:44:10.409972+02:00,3009369036606,3009372133384,3.096778,true,true,49560461,49564556,4.095000,true,matched_request_response
run_3,20260712,566,after,566,target_did_random_data,0x1234,4,1C,2E12341C,042E12341C000000,7F2E31,negative,0x7F,0x31,false,false,false,2026-07-10T12:44:10.434416+02:00,3009393480203,3009396483114,3.002911,true,true,49584886,49588974,4.088000,true,matched_request_response
run_3,20260712,567,after,567,read_only_did,0x1001,4,BE,2E1001BE,042E1001BE000000,7F2E31,negative,0x7F,0x31,false,false,false,2026-07-10T12:44:10.458825+02:00,3009417889437,3009420887599,2.998162,true,true,49609293,49613388,4.095000,true,matched_request_response
run_3,20260712,568,after,568,target_did_random_data,0x1234,4,B4,2E1234B4,042E1234B4000000,7F2E31,negative,0x7F,0x31,false,false,false,2026-07-10T12:44:10.483237+02:00,3009442300767,3009445286427,2.985660,true,true,49633648,49637741,4.093000,true,matched_request_response
run_3,20260712,569,after,569,target_did_random_data,0x1234,6,62DCE3,2E123462DCE3,062E123462DCE300,7F2E31,negative,0x7F,0x31,false,false,false,2026-07-10T12:44:10.507577+02:00,3009466640928,3009469690423,3.049495,true,true,49657953,49662033,4.080000,true,matched_request_response
run_3,20260712,570,after,570,target_did_random_data,0x1234,5,CFAC,2E1234CFAC,052E1234CFAC0000,7F2E31,negative,0x7F,0x31,false,false,false,2026-07-10T12:44:10.531956+02:00,3009491018664,3009494109436,3.090772,true,true,49682319,49686406,4.087000,true,matched_request_response
run_3,20260712,571,after,571,target_did_random_data,0x1234,7,A3D25B4D,2E1234A3D25B4D,072E1234A3D25B4D,7F2E31,negative,0x7F,0x31,false,false,false,2026-07-10T12:44:10.556399+02:00,3009515463517,3009518541648,3.078131,true,true,49706730,49710806,4.076000,true,matched_request_response
run_3,20260712,572,after,572,target_did_random_data,0x1234,5,7FE7,2E12347FE7,052E12347FE70000,7F2E31,negative,0x7F,0x31,false,false,false,2026-07-10T12:44:10.580805+02:00,3009539868492,3009542946832,3.078340,true,true,49731175,49735261,4.086000,true,matched_request_response
run_3,20260712,573,after,573,target_did_random_data,0x1234,7,9697D0D2,2E12349697D0D2,072E12349697D0D2,7F2E31,negative,0x7F,0x31,false,false,false,2026-07-10T12:44:10.605241+02:00,3009564305593,3009567444695,3.139102,true,true,49755527,49759605,4.078000,true,matched_request_response
run_3,20260712,574,after,574,target_did_random_data,0x1234,7,497F3620,2E1234497F3620,072E1234497F3620,7F2E31,negative,0x7F,0x31,false,false,false,2026-07-10T12:44:10.629750+02:00,3009588813863,3009591775009,2.961146,true,true,49780014,49784091,4.077000,true,matched_request_response
run_3,20260712,575,after,575,target_did_random_data,0x1234,4,F4,2E1234F4,042E1234F4000000,7F2E31,negative,0x7F,0x31,false,false,false,2026-07-10T12:44:10.654148+02:00,3009613212411,3009616181938,2.969527,true,true,49804406,49808497,4.091000,true,matched_request_response
run_3,20260712,576,after,576,target_did_random_data,0x1234,5,AA54,2E1234AA54,052E1234AA540000,7F2E31,negative,0x7F,0x31,false,false,false,2026-07-10T12:44:10.678476+02:00,3009637540490,3009640659548,3.119058,true,true,49828695,49832782,4.087000,true,matched_request_response
run_3,20260712,577,after,577,target_did_random_data,0x1234,6,0A518D,2E12340A518D,062E12340A518D00,7F2E31,negative,0x7F,0x31,false,false,false,2026-07-10T12:44:10.702901+02:00,3009661964182,3009664971912,3.007730,true,true,49853079,49857165,4.086000,true,matched_request_response
run_3,20260712,578,after,578,unknown_did,0xF187,4,A2,2EF187A2,042EF187A2000000,7F2E31,negative,0x7F,0x31,false,false,false,2026-07-10T12:44:10.727221+02:00,3009686284298,3009688498977,2.214679,true,true,49877386,49881476,4.090000,true,matched_request_response
run_3,20260712,579,after,579,target_did_random_data,0x1234,7,6E3E6F37,2E12346E3E6F37,072E12346E3E6F37,7F2E31,negative,0x7F,0x31,false,false,false,2026-07-10T12:44:10.750778+02:00,3009709842582,3009712841303,2.998721,true,true,49900909,49904986,4.077000,true,matched_request_response
run_3,20260712,580,after,580,target_did_random_data,0x1234,4,47,2E123447,042E123447000000,7F2E31,negative,0x7F,0x31,false,false,false,2026-07-10T12:44:10.775144+02:00,3009734208305,3009737233356,3.025051,true,true,49925282,49929372,4.090000,true,matched_request_response
run_3,20260712,581,after,581,target_did_random_data,0x1234,6,C41CC3,2E1234C41CC3,062E1234C41CC300,7F2E31,negative,0x7F,0x31,false,false,false,2026-07-10T12:44:10.799501+02:00,3009758564041,3009760733602,2.169561,true,true,49949582,49953664,4.082000,true,matched_request_response
run_3,20260712,582,after,582,target_did_random_data,0x1234,5,FF6A,2E1234FF6A,052E1234FF6A0000,7F2E31,negative,0x7F,0x31,false,false,false,2026-07-10T12:44:10.823254+02:00,3009782319069,3009785229929,2.910860,true,true,49973328,49977414,4.086000,true,matched_request_response
run_3,20260712,583,after,583,target_did_random_data,0x1234,6,0AAA94,2E12340AAA94,062E12340AAA9400,7F2E31,negative,0x7F,0x31,false,false,false,2026-07-10T12:44:10.847611+02:00,3009806676201,3009809575468,2.899267,true,true,49997669,50001758,4.089000,true,matched_request_response
run_3,20260712,584,after,584,target_did_random_data,0x1234,4,BA,2E1234BA,042E1234BA000000,7F2E31,negative,0x7F,0x31,false,false,false,2026-07-10T12:44:10.871880+02:00,3009830943238,3009833980442,3.037204,true,true,50021904,50025992,4.088000,true,matched_request_response
run_3,20260712,585,after,585,target_did_random_data,0x1234,4,CF,2E1234CF,042E1234CF000000,7F2E31,negative,0x7F,0x31,false,false,false,2026-07-10T12:44:10.896319+02:00,3009855383552,3009858375498,2.991946,true,true,50046323,50050414,4.091000,true,matched_request_response
run_3,20260712,586,after,586,target_did_random_data,0x1234,7,AEC45188,2E1234AEC45188,072E1234AEC45188,7F2E31,negative,0x7F,0x31,false,false,false,2026-07-10T12:44:10.920674+02:00,3009879738450,3009882800657,3.062207,true,true,50070623,50074701,4.078000,true,matched_request_response
run_3,20260712,587,after,587,target_did_random_data,0x1234,5,7309,2E12347309,052E123473090000,7F2E31,negative,0x7F,0x31,false,false,false,2026-07-10T12:44:10.945124+02:00,3009904188542,3009907456083,3.267541,true,true,50095074,50099165,4.091000,true,matched_request_response
run_3,20260712,588,after,588,unknown_did,0x3333,5,0FD3,2E33330FD3,052E33330FD30000,7F2E31,negative,0x7F,0x31,false,false,false,2026-07-10T12:44:10.969787+02:00,3009928851930,3009931678002,2.826072,true,true,50119764,50123853,4.089000,true,matched_request_response
run_3,20260712,589,after,589,target_did_random_data,0x1234,5,9F63,2E12349F63,052E12349F630000,7F2E31,negative,0x7F,0x31,false,false,false,2026-07-10T12:44:10.994021+02:00,3009953084814,3009956119434,3.034620,true,true,50143919,50148004,4.085000,true,matched_request_response
run_3,20260712,590,after,590,unknown_did,0xF187,4,8E,2EF1878E,042EF1878E000000,7F2E31,negative,0x7F,0x31,false,false,false,2026-07-10T12:44:11.018398+02:00,3009977461433,3009980455125,2.993692,true,true,50168261,50172352,4.091000,true,matched_request_response
run_3,20260712,591,after,591,target_did_random_data,0x1234,4,9C,2E12349C,042E12349C000000,7F2E31,negative,0x7F,0x31,false,false,false,2026-07-10T12:44:11.042720+02:00,3010001783854,3010004858702,3.074848,true,true,50192555,50196646,4.091000,true,matched_request_response
run_3,20260712,592,after,592,target_did_random_data,0x1234,6,DD77CC,2E1234DD77CC,062E1234DD77CC00,7F2E31,negative,0x7F,0x31,false,false,false,2026-07-10T12:44:11.067176+02:00,3010026240651,3010029269124,3.028473,true,true,50216981,50221061,4.080000,true,matched_request_response
run_3,20260712,593,after,593,target_did_random_data,0x1234,6,7ACC19,2E12347ACC19,062E12347ACC1900,7F2E31,negative,0x7F,0x31,false,false,false,2026-07-10T12:44:11.091540+02:00,3010050603790,3010053685064,3.081274,true,true,50241298,50245381,4.083000,true,matched_request_response
run_3,20260712,594,after,594,target_did_random_data,0x1234,7,347AF2ED,2E1234347AF2ED,072E1234347AF2ED,7F2E31,negative,0x7F,0x31,false,false,false,2026-07-10T12:44:11.116015+02:00,3010075079863,3010078132082,3.052219,true,true,50265750,50269826,4.076000,true,matched_request_response
run_3,20260712,595,after,595,target_did_random_data,0x1234,6,2FD605,2E12342FD605,062E12342FD60500,7F2E31,negative,0x7F,0x31,false,false,false,2026-07-10T12:44:11.140394+02:00,3010099458018,3010102580289,3.122271,true,true,50290105,50294192,4.087000,true,matched_request_response
run_3,20260712,596,after,596,target_did_random_data,0x1234,7,F351A6F8,2E1234F351A6F8,072E1234F351A6F8,7F2E31,negative,0x7F,0x31,false,false,false,2026-07-10T12:44:11.165124+02:00,3010124188315,3010126981841,2.793526,true,true,50314804,50318880,4.076000,true,matched_request_response
run_3,20260712,597,after,597,target_did_random_data,0x1234,6,EB6C6F,2E1234EB6C6F,062E1234EB6C6F00,7F2E31,negative,0x7F,0x31,false,false,false,2026-07-10T12:44:11.189300+02:00,3010148364348,3010151350218,2.985870,true,true,50338945,50343026,4.081000,true,matched_request_response
run_3,20260712,598,after,598,target_did_random_data,0x1234,4,F0,2E1234F0,042E1234F0000000,7F2E31,negative,0x7F,0x31,false,false,false,2026-07-10T12:44:11.213743+02:00,3010172807596,3010175764830,2.957234,true,true,50363390,50367481,4.091000,true,matched_request_response
run_3,20260712,599,after,599,target_did_random_data,0x1234,5,CE0E,2E1234CE0E,052E1234CE0E0000,7F2E31,negative,0x7F,0x31,false,false,false,2026-07-10T12:44:11.238112+02:00,3010197176811,3010200165824,2.989013,true,true,50387724,50391815,4.091000,true,matched_request_response
run_3,20260712,600,after,600,unknown_did,0x3333,5,8704,2E33338704,052E333387040000,7F2E31,negative,0x7F,0x31,false,false,false,2026-07-10T12:44:11.262623+02:00,3010221685919,3010224594334,2.908415,true,true,50412202,50416293,4.091000,true,matched_request_response
run_3,20260712,601,after,601,target_did_random_data,0x1234,7,6E68855F,2E12346E68855F,072E12346E68855F,7F2E31,negative,0x7F,0x31,false,false,false,2026-07-10T12:44:11.286884+02:00,3010245948346,3010248990648,3.042302,true,true,50436429,50440507,4.078000,true,matched_request_response
run_3,20260712,602,after,602,missing_data,0x1234,3,,2E1234,032E123400000000,7F2E31,negative,0x7F,0x31,false,false,false,2026-07-10T12:44:11.311395+02:00,3010270458572,3010273421464,2.962892,true,true,50460916,50465009,4.093000,true,matched_request_response
run_3,20260712,603,after,603,target_did_random_data,0x1234,5,61CA,2E123461CA,052E123461CA0000,7F2E31,negative,0x7F,0x31,false,false,false,2026-07-10T12:44:11.335723+02:00,3010294787139,3010297861778,3.074639,true,true,50485215,50489302,4.087000,true,matched_request_response
run_3,20260712,604,after,604,target_did_random_data,0x1234,6,C84C7E,2E1234C84C7E,062E1234C84C7E00,7F2E31,negative,0x7F,0x31,false,false,false,2026-07-10T12:44:11.360237+02:00,3010319301625,3010322249851,2.948226,true,true,50509697,50513780,4.083000,true,matched_request_response
run_3,20260712,605,after,605,target_did_random_data,0x1234,4,24,2E123424,042E123424000000,7F2E31,negative,0x7F,0x31,false,false,false,2026-07-10T12:44:11.384557+02:00,3010343620974,3010346668723,3.047749,true,true,50533997,50538085,4.088000,true,matched_request_response
run_3,20260712,606,after,606,target_did_random_data,0x1234,4,AE,2E1234AE,042E1234AE000000,7F2E31,negative,0x7F,0x31,false,false,false,2026-07-10T12:44:11.408992+02:00,3010368055631,3010371144307,3.088676,true,true,50558401,50562491,4.090000,true,matched_request_response
run_3,20260712,607,after,607,target_did_random_data,0x1234,5,0B1A,2E12340B1A,052E12340B1A0000,7F2E31,negative,0x7F,0x31,false,false,false,2026-07-10T12:44:11.433440+02:00,3010392504535,3010395534056,3.029521,true,true,50582826,50586915,4.089000,true,matched_request_response
run_3,20260712,608,after,608,target_did_random_data,0x1234,7,EB577DD3,2E1234EB577DD3,072E1234EB577DD3,7F2E31,negative,0x7F,0x31,false,false,false,2026-07-10T12:44:11.457906+02:00,3010416970272,3010419943850,2.973578,true,true,50607257,50611336,4.079000,true,matched_request_response
run_3,20260712,609,after,609,target_did_random_data,0x1234,6,DE66BC,2E1234DE66BC,062E1234DE66BC00,7F2E31,negative,0x7F,0x31,false,false,false,2026-07-10T12:44:11.482307+02:00,3010441371265,3010444353084,2.981819,true,true,50631640,50635723,4.083000,true,matched_request_response
run_3,20260712,610,after,610,target_did_random_data,0x1234,7,FCCC1A70,2E1234FCCC1A70,072E1234FCCC1A70,7F2E31,negative,0x7F,0x31,false,false,false,2026-07-10T12:44:11.506635+02:00,3010465699483,3010468753449,3.053966,true,true,50655950,50660026,4.076000,true,matched_request_response
run_3,20260712,611,after,611,target_did_random_data,0x1234,6,3173F1,2E12343173F1,062E12343173F100,7F2E31,negative,0x7F,0x31,false,false,false,2026-07-10T12:44:11.531106+02:00,3010490170179,3010493154652,2.984473,true,true,50680385,50684467,4.082000,true,matched_request_response
run_3,20260712,612,after,612,target_did_random_data,0x1234,5,9F98,2E12349F98,052E12349F980000,7F2E31,negative,0x7F,0x31,false,false,false,2026-07-10T12:44:11.555514+02:00,3010514578435,3010517615220,3.036785,true,true,50704780,50708865,4.085000,true,matched_request_response
run_3,20260712,613,after,613,target_did_random_data,0x1234,6,58D2A9,2E123458D2A9,062E123458D2A900,7F2E31,negative,0x7F,0x31,false,false,false,2026-07-10T12:44:11.579936+02:00,3010538999753,3010542025921,3.026168,true,true,50729184,50733266,4.082000,true,matched_request_response
run_3,20260712,614,after,614,target_did_random_data,0x1234,5,ED09,2E1234ED09,052E1234ED090000,7F2E31,negative,0x7F,0x31,false,false,false,2026-07-10T12:44:11.604330+02:00,3010563394181,3010566386685,2.992504,true,true,50753532,50757623,4.091000,true,matched_request_response
run_3,20260712,615,after,615,missing_data,0x1234,3,,2E1234,032E123400000000,7F2E31,negative,0x7F,0x31,false,false,false,2026-07-10T12:44:11.628692+02:00,3010587756132,3010590812612,3.056480,true,true,50777885,50781977,4.092000,true,matched_request_response
run_3,20260712,616,after,616,missing_data,0x1234,3,,2E1234,032E123400000000,7F2E31,negative,0x7F,0x31,false,false,false,2026-07-10T12:44:11.653151+02:00,3010612216142,3010615236514,3.020372,true,true,50802324,50806419,4.095000,true,matched_request_response
run_3,20260712,617,after,617,target_did_random_data,0x1234,5,DC82,2E1234DC82,052E1234DC820000,7F2E31,negative,0x7F,0x31,false,false,false,2026-07-10T12:44:11.677551+02:00,3010636615249,3010639624516,3.009267,true,true,50826701,50830788,4.087000,true,matched_request_response
run_3,20260712,618,after,618,read_only_did,0x1001,4,1C,2E10011C,042E10011C000000,7F2E31,negative,0x7F,0x31,false,false,false,2026-07-10T12:44:11.701982+02:00,3010661045786,3010664103523,3.057737,true,true,50851108,50855202,4.094000,true,matched_request_response
run_3,20260712,619,after,619,target_did_random_data,0x1234,7,D7CA8D3E,2E1234D7CA8D3E,072E1234D7CA8D3E,7F2E31,negative,0x7F,0x31,false,false,false,2026-07-10T12:44:11.726393+02:00,3010685456906,3010688537691,3.080785,true,true,50875484,50879563,4.079000,true,matched_request_response
run_3,20260712,620,after,620,target_did_random_data,0x1234,6,3B1BED,2E12343B1BED,062E12343B1BED00,7F2E31,negative,0x7F,0x31,false,false,false,2026-07-10T12:44:11.750881+02:00,3010709944782,3010712840975,2.896193,true,true,50899943,50904023,4.080000,true,matched_request_response
run_3,20260712,621,after,621,target_did_random_data,0x1234,7,43A9DA9B,2E123443A9DA9B,072E123443A9DA9B,7F2E31,negative,0x7F,0x31,false,false,false,2026-07-10T12:44:11.775137+02:00,3010734201832,3010737289671,3.087839,true,true,50924169,50928247,4.078000,true,matched_request_response
run_3,20260712,622,after,622,target_did_random_data,0x1234,6,E6412B,2E1234E6412B,062E1234E6412B00,7F2E31,negative,0x7F,0x31,false,false,false,2026-07-10T12:44:11.799534+02:00,3010758597098,3010761697019,3.099921,true,true,50948541,50952623,4.082000,true,matched_request_response
run_3,20260712,623,after,623,target_did_random_data,0x1234,7,6513ABCC,2E12346513ABCC,072E12346513ABCC,7F2E31,negative,0x7F,0x31,false,false,false,2026-07-10T12:44:11.824284+02:00,3010783348696,3010786165619,2.816923,true,true,50973274,50977352,4.078000,true,matched_request_response
run_3,20260712,624,after,624,target_did_random_data,0x1234,4,39,2E123439,042E123439000000,7F2E31,negative,0x7F,0x31,false,false,false,2026-07-10T12:44:11.848471+02:00,3010807534647,3010810554879,3.020232,true,true,50997455,51001545,4.090000,true,matched_request_response
run_3,20260712,625,after,625,target_did_random_data,0x1234,5,9792,2E12349792,052E123497920000,7F2E31,negative,0x7F,0x31,false,false,false,2026-07-10T12:44:11.872863+02:00,3010831926910,3010834962228,3.035318,true,true,51021813,51025898,4.085000,true,matched_request_response
run_3,20260712,626,after,626,target_did_random_data,0x1234,4,38,2E123438,042E123438000000,7F2E31,negative,0x7F,0x31,false,false,false,2026-07-10T12:44:11.897308+02:00,3010856372882,3010859404847,3.031965,true,true,51046245,51050335,4.090000,true,matched_request_response
run_3,20260712,627,after,627,missing_data,0x1234,3,,2E1234,032E123400000000,7F2E31,negative,0x7F,0x31,false,false,false,2026-07-10T12:44:11.921958+02:00,3010881021883,3010883759326,2.737443,true,true,51070874,51074966,4.092000,true,matched_request_response
run_3,20260712,628,after,628,target_did_random_data,0x1234,5,5E2F,2E12345E2F,052E12345E2F0000,7F2E31,negative,0x7F,0x31,false,false,false,2026-07-10T12:44:11.946126+02:00,3010905190722,3010908218357,3.027635,true,true,51095021,51099105,4.084000,true,matched_request_response
run_3,20260712,629,after,629,target_did_random_data,0x1234,7,869E3B3B,2E1234869E3B3B,072E1234869E3B3B,7F2E31,negative,0x7F,0x31,false,false,false,2026-07-10T12:44:11.970524+02:00,3010929587665,3010932655459,3.067794,true,true,51119382,51123460,4.078000,true,matched_request_response
run_3,20260712,630,after,630,target_did_random_data,0x1234,4,29,2E123429,042E123429000000,7F2E31,negative,0x7F,0x31,false,false,false,2026-07-10T12:44:11.995036+02:00,3010954100055,3010957033265,2.933210,true,true,51143891,51147980,4.089000,true,matched_request_response
run_3,20260712,631,after,631,unknown_did,0x3333,4,17,2E333317,042E333317000000,7F2E31,negative,0x7F,0x31,false,false,false,2026-07-10T12:44:12.019313+02:00,3010978376661,3010981456398,3.079737,true,true,51168147,51172237,4.090000,true,matched_request_response
run_3,20260712,632,after,632,target_did_random_data,0x1234,7,35D82ABD,2E123435D82ABD,072E123435D82ABD,7F2E31,negative,0x7F,0x31,false,false,false,2026-07-10T12:44:12.043766+02:00,3011002829896,3011005896712,3.066816,true,true,51192554,51196632,4.078000,true,matched_request_response
run_3,20260712,633,after,633,target_did_random_data,0x1234,7,70862629,2E123470862629,072E123470862629,7F2E31,negative,0x7F,0x31,false,false,false,2026-07-10T12:44:12.068227+02:00,3011027292210,3011030304689,3.012479,true,true,51216996,51221072,4.076000,true,matched_request_response
run_3,20260712,634,after,634,missing_data,0x1234,3,,2E1234,032E123400000000,7F2E31,negative,0x7F,0x31,false,false,false,2026-07-10T12:44:12.092592+02:00,3011051655698,3011054674324,3.018626,true,true,51241354,51245449,4.095000,true,matched_request_response
run_3,20260712,635,after,635,missing_data,0x1234,3,,2E1234,032E123400000000,7F2E31,negative,0x7F,0x31,false,false,false,2026-07-10T12:44:12.116986+02:00,3011076050127,3011079135311,3.085184,true,true,51265740,51269832,4.092000,true,matched_request_response
run_3,20260712,636,after,636,target_did_random_data,0x1234,7,63140574,2E123463140574,072E123463140574,7F2E31,negative,0x7F,0x31,false,false,false,2026-07-10T12:44:12.141446+02:00,3011100509927,3011103496774,2.986847,true,true,51290145,51294228,4.083000,true,matched_request_response
run_3,20260712,637,after,637,unknown_did,0x2222,7,013A65C1,2E2222013A65C1,072E2222013A65C1,7F2E31,negative,0x7F,0x31,false,false,false,2026-07-10T12:44:12.165806+02:00,3011124869993,3011127935133,3.065140,true,true,51314544,51318627,4.083000,true,matched_request_response
run_3,20260712,638,after,638,read_only_did,0x1001,6,0216B1,2E10010216B1,062E10010216B100,7F2E31,negative,0x7F,0x31,false,false,false,2026-07-10T12:44:12.190274+02:00,3011149339221,3011152364692,3.025471,true,true,51338956,51343046,4.090000,true,matched_request_response
run_3,20260712,639,after,639,read_only_did,0x1001,5,943B,2E1001943B,052E1001943B0000,7F2E31,negative,0x7F,0x31,false,false,false,2026-07-10T12:44:12.214681+02:00,3011173744824,3011176732580,2.987756,true,true,51363331,51367422,4.091000,true,matched_request_response
run_3,20260712,640,after,640,target_did_random_data,0x1234,5,86BA,2E123486BA,052E123486BA0000,7F2E31,negative,0x7F,0x31,false,false,false,2026-07-10T12:44:12.239017+02:00,3011198082611,3011201247764,3.165153,true,true,51387642,51391731,4.089000,true,matched_request_response
run_3,20260712,641,after,641,target_did_random_data,0x1234,4,B0,2E1234B0,042E1234B0000000,7F2E31,negative,0x7F,0x31,false,false,false,2026-07-10T12:44:12.263556+02:00,3011222620285,3011225566484,2.946199,true,true,51412163,51416253,4.090000,true,matched_request_response
run_3,20260712,642,after,642,target_did_random_data,0x1234,4,C2,2E1234C2,042E1234C2000000,7F2E31,negative,0x7F,0x31,false,false,false,2026-07-10T12:44:12.287903+02:00,3011246967151,3011249956722,2.989571,true,true,51436485,51440576,4.091000,true,matched_request_response
run_3,20260712,643,after,643,unknown_did,0xF187,7,5260FA1D,2EF1875260FA1D,072EF1875260FA1D,7F2E31,negative,0x7F,0x31,false,false,false,2026-07-10T12:44:12.312284+02:00,3011271348728,3011274416452,3.067724,true,true,51460838,51464914,4.076000,true,matched_request_response
run_3,20260712,644,after,644,unknown_did,0x3333,6,857BD9,2E3333857BD9,062E3333857BD900,7F2E31,negative,0x7F,0x31,false,false,false,2026-07-10T12:44:12.336761+02:00,3011295825220,3011298820728,2.995508,true,true,51485284,51489366,4.082000,true,matched_request_response
run_3,20260712,645,after,645,read_only_did,0x1001,4,BD,2E1001BD,042E1001BD000000,7F2E31,negative,0x7F,0x31,false,false,false,2026-07-10T12:44:12.361155+02:00,3011320218741,3011323301341,3.082600,true,true,51509676,51513772,4.096000,true,matched_request_response
run_3,20260712,646,after,646,target_did_random_data,0x1234,7,277535B9,2E1234277535B9,072E1234277535B9,7F2E31,negative,0x7F,0x31,false,false,false,2026-07-10T12:44:12.385621+02:00,3011344685455,3011347643877,2.958422,true,true,51534091,51538170,4.079000,true,matched_request_response
run_3,20260712,647,after,647,target_did_random_data,0x1234,7,2D136A43,2E12342D136A43,072E12342D136A43,7F2E31,negative,0x7F,0x31,false,false,false,2026-07-10T12:44:12.410003+02:00,3011369067731,3011372172820,3.105089,true,true,51558452,51562531,4.079000,true,matched_request_response
run_3,20260712,648,after,648,target_did_random_data,0x1234,4,0E,2E12340E,042E12340E000000,7F2E31,negative,0x7F,0x31,false,false,false,2026-07-10T12:44:12.434490+02:00,3011393553372,3011396477292,2.923920,true,true,51582933,51587026,4.093000,true,matched_request_response
run_3,20260712,649,after,649,target_did_random_data,0x1234,4,02,2E123402,042E123402000000,7F2E31,negative,0x7F,0x31,false,false,false,2026-07-10T12:44:12.458805+02:00,3011417868740,3011420882616,3.013876,true,true,51607284,51611378,4.094000,true,matched_request_response
run_3,20260712,650,after,650,missing_data,0x1234,3,,2E1234,032E123400000000,7F2E31,negative,0x7F,0x31,false,false,false,2026-07-10T12:44:12.483276+02:00,3011442340902,3011445317343,2.976441,true,true,51631672,51635767,4.095000,true,matched_request_response
run_3,20260712,651,after,651,target_did_random_data,0x1234,5,59B1,2E123459B1,052E123459B10000,7F2E31,negative,0x7F,0x31,false,false,false,2026-07-10T12:44:12.507602+02:00,3011466665907,3011469713098,3.047191,true,true,51655968,51660053,4.085000,true,matched_request_response
run_3,20260712,652,after,652,read_only_did,0x1001,4,19,2E100119,042E100119000000,7F2E31,negative,0x7F,0x31,false,false,false,2026-07-10T12:44:12.532002+02:00,3011491066691,3011494174085,3.107394,true,true,51680354,51684449,4.095000,true,matched_request_response
run_3,20260712,653,after,653,target_did_random_data,0x1234,6,6768DF,2E12346768DF,062E12346768DF00,7F2E31,negative,0x7F,0x31,false,false,false,2026-07-10T12:44:12.556467+02:00,3011515531031,3011518560901,3.029870,true,true,51704779,51708859,4.080000,true,matched_request_response
run_3,20260712,654,after,654,missing_data,0x1234,3,,2E1234,032E123400000000,7F2E31,negative,0x7F,0x31,false,false,false,2026-07-10T12:44:12.581081+02:00,3011540144413,3011543020491,2.876078,true,true,51729381,51733475,4.094000,true,matched_request_response
run_3,20260712,655,after,655,target_did_random_data,0x1234,6,4D62C3,2E12344D62C3,062E12344D62C300,7F2E31,negative,0x7F,0x31,false,false,false,2026-07-10T12:44:12.605319+02:00,3011564383094,3011567408774,3.025680,true,true,51753578,51757660,4.082000,true,matched_request_response
run_3,20260712,656,after,656,target_did_random_data,0x1234,7,B5997E2C,2E1234B5997E2C,072E1234B5997E2C,7F2E31,negative,0x7F,0x31,false,false,false,2026-07-10T12:44:12.629714+02:00,3011588777522,3011591808859,3.031337,true,true,51777940,51782015,4.075000,true,matched_request_response
run_3,20260712,657,after,657,target_did_random_data,0x1234,7,DC71CB81,2E1234DC71CB81,072E1234DC71CB81,7F2E31,negative,0x7F,0x31,false,false,false,2026-07-10T12:44:12.654136+02:00,3011613199678,3011616210691,3.011013,true,true,51802340,51806418,4.078000,true,matched_request_response
run_3,20260712,658,after,658,target_did_random_data,0x1234,7,27F93FFB,2E123427F93FFB,072E123427F93FFB,7F2E31,negative,0x7F,0x31,false,false,false,2026-07-10T12:44:12.678484+02:00,3011637547941,3011640650656,3.102715,true,true,51826667,51830748,4.081000,true,matched_request_response
run_3,20260712,659,after,659,target_did_random_data,0x1234,7,015FF650,2E1234015FF650,072E1234015FF650,7F2E31,negative,0x7F,0x31,false,false,false,2026-07-10T12:44:12.702973+02:00,3011662037423,3011665138113,3.100690,true,true,51851135,51855218,4.083000,true,matched_request_response
run_3,20260712,660,after,660,target_did_random_data,0x1234,7,A1516556,2E1234A1516556,072E1234A1516556,7F2E31,negative,0x7F,0x31,false,false,false,2026-07-10T12:44:12.727638+02:00,3011686701161,3011689453760,2.752599,true,true,51875761,51879838,4.077000,true,matched_request_response
run_3,20260712,661,after,661,target_did_random_data,0x1234,7,129D284A,2E1234129D284A,072E1234129D284A,7F2E31,negative,0x7F,0x31,false,false,false,2026-07-10T12:44:12.751796+02:00,3011710861061,3011713849934,2.988873,true,true,51899965,51904042,4.077000,true,matched_request_response
run_3,20260712,662,after,662,target_did_random_data,0x1234,7,2A263C0C,2E12342A263C0C,072E12342A263C0C,7F2E31,negative,0x7F,0x31,false,false,false,2026-07-10T12:44:12.776148+02:00,3011735211140,3011738232489,3.021349,true,true,51924226,51928309,4.083000,true,matched_request_response
run_3,20260712,663,after,663,target_did_random_data,0x1234,6,90249D,2E123490249D,062E123490249D00,7F2E31,negative,0x7F,0x31,false,false,false,2026-07-10T12:44:12.800511+02:00,3011759575187,3011762710727,3.135540,true,true,51948574,51952657,4.083000,true,matched_request_response
run_3,20260712,664,after,664,target_did_random_data,0x1234,7,438C4B1B,2E1234438C4B1B,072E1234438C4B1B,7F2E31,negative,0x7F,0x31,false,false,false,2026-07-10T12:44:12.825007+02:00,3011784071374,3011787137702,3.066328,true,true,51973038,51977114,4.076000,true,matched_request_response
run_3,20260712,665,after,665,target_did_random_data,0x1234,6,E2951E,2E1234E2951E,062E1234E2951E00,7F2E31,negative,0x7F,0x31,false,false,false,2026-07-10T12:44:12.849480+02:00,3011808543816,3011811566492,3.022676,true,true,51997497,52001580,4.083000,true,matched_request_response
run_3,20260712,666,after,666,target_did_random_data,0x1234,5,AA16,2E1234AA16,052E1234AA160000,7F2E31,negative,0x7F,0x31,false,false,false,2026-07-10T12:44:12.873896+02:00,3011832960593,3011835949606,2.989013,true,true,52021899,52025983,4.084000,true,matched_request_response
run_3,20260712,667,after,667,target_did_random_data,0x1234,7,EAED36EB,2E1234EAED36EB,072E1234EAED36EB,7F2E31,negative,0x7F,0x31,false,false,false,2026-07-10T12:44:12.898259+02:00,3011857322964,3011860311209,2.988245,true,true,52046206,52050285,4.079000,true,matched_request_response
run_3,20260712,668,after,668,target_did_random_data,0x1234,4,16,2E123416,042E123416000000,7F2E31,negative,0x7F,0x31,false,false,false,2026-07-10T12:44:12.922632+02:00,3011881695253,3011884758647,3.063394,true,true,52070584,52074674,4.090000,true,matched_request_response
run_3,20260712,669,after,669,missing_data,0x1234,3,,2E1234,032E123400000000,7F2E31,negative,0x7F,0x31,false,false,false,2026-07-10T12:44:12.947001+02:00,3011906065306,3011909155240,3.089934,true,true,52094924,52099016,4.092000,true,matched_request_response
run_3,20260712,670,after,670,target_did_random_data,0x1234,4,80,2E123480,042E123480000000,7F2E31,negative,0x7F,0x31,false,false,false,2026-07-10T12:44:12.971458+02:00,3011930522662,3011933614482,3.091820,true,true,52119363,52123454,4.091000,true,matched_request_response
run_3,20260712,671,after,671,target_did_random_data,0x1234,6,B14D51,2E1234B14D51,062E1234B14D5100,7F2E31,negative,0x7F,0x31,false,false,false,2026-07-10T12:44:12.996008+02:00,3011955072907,3011958035450,2.962543,true,true,52143879,52147960,4.081000,true,matched_request_response
run_3,20260712,672,after,672,target_did_random_data,0x1234,6,B841AE,2E1234B841AE,062E1234B841AE00,7F2E31,negative,0x7F,0x31,false,false,false,2026-07-10T12:44:13.020334+02:00,3011979398052,3011982457256,3.059204,true,true,52168183,52172266,4.083000,true,matched_request_response
run_3,20260712,673,after,673,missing_data,0x1234,3,,2E1234,032E123400000000,7F2E31,negative,0x7F,0x31,false,false,false,2026-07-10T12:44:13.044774+02:00,3012003836900,3012006846097,3.009197,true,true,52192604,52196699,4.095000,true,matched_request_response
run_3,20260712,674,after,674,target_did_random_data,0x1234,5,DB4D,2E1234DB4D,052E1234DB4D0000,7F2E31,negative,0x7F,0x31,false,false,false,2026-07-10T12:44:13.069203+02:00,3012028267646,3012031227744,2.960098,true,true,52217004,52221088,4.084000,true,matched_request_response
run_3,20260712,675,after,675,unknown_did,0xF187,5,DBD5,2EF187DBD5,052EF187DBD50000,7F2E31,negative,0x7F,0x31,false,false,false,2026-07-10T12:44:13.093491+02:00,3012052555775,3012055680002,3.124227,true,true,52241264,52245350,4.086000,true,matched_request_response
run_3,20260712,676,after,676,target_did_random_data,0x1234,6,8A621B,2E12348A621B,062E12348A621B00,7F2E31,negative,0x7F,0x31,false,false,false,2026-07-10T12:44:13.117990+02:00,3012077054338,3012080091681,3.037343,true,true,52265722,52269805,4.083000,true,matched_request_response
run_3,20260712,677,after,677,target_did_random_data,0x1234,5,AB9F,2E1234AB9F,052E1234AB9F0000,7F2E31,negative,0x7F,0x31,false,false,false,2026-07-10T12:44:13.142554+02:00,3012101617922,3012104495677,2.877755,true,true,52290271,52294357,4.086000,true,matched_request_response
run_3,20260712,678,after,678,target_did_random_data,0x1234,6,F80E51,2E1234F80E51,062E1234F80E5100,7F2E31,negative,0x7F,0x31,false,false,false,2026-07-10T12:44:13.166768+02:00,3012125831321,3012128886334,3.055013,true,true,52314454,52318541,4.087000,true,matched_request_response
run_3,20260712,679,after,679,target_did_random_data,0x1234,6,A61343,2E1234A61343,062E1234A6134300,7F2E31,negative,0x7F,0x31,false,false,false,2026-07-10T12:44:13.191362+02:00,3012150425846,3012153353677,2.927831,true,true,52339022,52343102,4.080000,true,matched_request_response
run_3,20260712,680,after,680,target_did_random_data,0x1234,5,77F7,2E123477F7,052E123477F70000,7F2E31,negative,0x7F,0x31,false,false,false,2026-07-10T12:44:13.215699+02:00,3012174763842,3012177750969,2.987127,true,true,52363345,52367431,4.086000,true,matched_request_response
run_3,20260712,681,after,681,read_only_did,0x1001,4,F5,2E1001F5,042E1001F5000000,7F2E31,negative,0x7F,0x31,false,false,false,2026-07-10T12:44:13.240096+02:00,3012199159737,3012202203785,3.044048,true,true,52387719,52391815,4.096000,true,matched_request_response
run_3,20260712,682,after,682,target_did_random_data,0x1234,6,C5E03D,2E1234C5E03D,062E1234C5E03D00,7F2E31,negative,0x7F,0x31,false,false,false,2026-07-10T12:44:13.264531+02:00,3012223595791,3012226714919,3.119128,true,true,52412117,52416200,4.083000,true,matched_request_response
run_3,20260712,683,after,683,target_did_random_data,0x1234,4,4B,2E12344B,042E12344B000000,7F2E31,negative,0x7F,0x31,false,false,false,2026-07-10T12:44:13.289000+02:00,3012248064322,3012250961213,2.896891,true,true,52436549,52440640,4.091000,true,matched_request_response
run_3,20260712,684,after,684,target_did_random_data,0x1234,6,16B7BA,2E123416B7BA,062E123416B7BA00,7F2E31,negative,0x7F,0x31,false,false,false,2026-07-10T12:44:13.313296+02:00,3012272360413,3012275430651,3.070238,true,true,52460813,52464893,4.080000,true,matched_request_response
run_3,20260712,685,after,685,target_did_random_data,0x1234,7,4F219DF6,2E12344F219DF6,072E12344F219DF6,7F2E31,negative,0x7F,0x31,false,false,false,2026-07-10T12:44:13.337778+02:00,3012296840327,3012299804267,2.963940,true,true,52485258,52489337,4.079000,true,matched_request_response
run_3,20260712,686,after,686,target_did_random_data,0x1234,6,B28F49,2E1234B28F49,062E1234B28F4900,7F2E31,negative,0x7F,0x31,false,false,false,2026-07-10T12:44:13.362171+02:00,3012321235175,3012324204492,2.969317,true,true,52509624,52513707,4.083000,true,matched_request_response
run_3,20260712,687,after,687,target_did_random_data,0x1234,6,C1DD58,2E1234C1DD58,062E1234C1DD5800,7F2E31,negative,0x7F,0x31,false,false,false,2026-07-10T12:44:13.386472+02:00,3012345536714,3012348714299,3.177585,true,true,52533899,52537980,4.081000,true,matched_request_response
run_3,20260712,688,after,688,target_did_random_data,0x1234,4,E8,2E1234E8,042E1234E8000000,7F2E31,negative,0x7F,0x31,false,false,false,2026-07-10T12:44:13.411071+02:00,3012370135289,3012373211814,3.076525,true,true,52558474,52562564,4.090000,true,matched_request_response
run_3,20260712,689,after,689,target_did_random_data,0x1234,7,78B154A3,2E123478B154A3,072E123478B154A3,7F2E31,negative,0x7F,0x31,false,false,false,2026-07-10T12:44:13.435529+02:00,3012394592855,3012397542058,2.949203,true,true,52582889,52586965,4.076000,true,matched_request_response
run_3,20260712,690,after,690,target_did_random_data,0x1234,6,DFAC53,2E1234DFAC53,062E1234DFAC5300,7F2E31,negative,0x7F,0x31,false,false,false,2026-07-10T12:44:13.459969+02:00,3012419032121,3012421873838,2.841717,true,true,52607312,52611394,4.082000,true,matched_request_response
run_3,20260712,691,after,691,target_did_random_data,0x1234,5,57B0,2E123457B0,052E123457B00000,7F2E31,negative,0x7F,0x31,false,false,false,2026-07-10T12:44:13.484148+02:00,3012443212555,3012446328470,3.115915,true,true,52631474,52635561,4.087000,true,matched_request_response
run_3,20260712,692,after,692,target_did_random_data,0x1234,4,A1,2E1234A1,042E1234A1000000,7F2E31,negative,0x7F,0x31,false,false,false,2026-07-10T12:44:13.508571+02:00,3012467634152,3012470678199,3.044047,true,true,52655851,52659939,4.088000,true,matched_request_response
run_3,20260712,693,after,693,target_did_random_data,0x1234,7,0769059A,2E12340769059A,072E12340769059A,7F2E31,negative,0x7F,0x31,false,false,false,2026-07-10T12:44:13.532974+02:00,3012492038497,3012495149384,3.110887,true,true,52680225,52684312,4.087000,true,matched_request_response
run_3,20260712,694,after,694,target_did_random_data,0x1234,7,2BE3B025,2E12342BE3B025,072E12342BE3B025,7F2E31,negative,0x7F,0x31,false,false,false,2026-07-10T12:44:13.557418+02:00,3012516482024,3012519581247,3.099223,true,true,52704645,52708724,4.079000,true,matched_request_response
run_3,20260712,695,after,695,target_did_random_data,0x1234,4,30,2E123430,042E123430000000,7F2E31,negative,0x7F,0x31,false,false,false,2026-07-10T12:44:13.581975+02:00,3012541038416,3012543943339,2.904923,true,true,52729192,52733283,4.091000,true,matched_request_response
run_3,20260712,696,after,696,target_did_random_data,0x1234,4,5B,2E12345B,042E12345B000000,7F2E31,negative,0x7F,0x31,false,false,false,2026-07-10T12:44:13.606228+02:00,3012565292672,3012568429260,3.136588,true,true,52753413,52757504,4.091000,true,matched_request_response
run_3,20260712,697,after,697,target_did_random_data,0x1234,4,13,2E123413,042E123413000000,7F2E31,negative,0x7F,0x31,false,false,false,2026-07-10T12:44:13.630718+02:00,3012589781107,3012592824596,3.043489,true,true,52777873,52781961,4.088000,true,matched_request_response
run_3,20260712,698,after,698,read_only_did,0x1001,5,3A72,2E10013A72,052E10013A720000,7F2E31,negative,0x7F,0x31,false,false,false,2026-07-10T12:44:13.655174+02:00,3012614238672,3012617241583,3.002911,true,true,52802314,52806406,4.092000,true,matched_request_response
run_3,20260712,699,after,699,unknown_did,0x3333,7,D5E4A0D8,2E3333D5E4A0D8,072E3333D5E4A0D8,7F2E31,negative,0x7F,0x31,false,false,false,2026-07-10T12:44:13.679551+02:00,3012638615989,3012641620297,3.004308,true,true,52826643,52830722,4.079000,true,matched_request_response
run_3,20260712,700,after,700,target_did_random_data,0x1234,7,B28087D8,2E1234B28087D8,072E1234B28087D8,7F2E31,negative,0x7F,0x31,false,false,false,2026-07-10T12:44:13.703958+02:00,3012663025713,3012666043989,3.018276,true,true,52851027,52855104,4.077000,true,matched_request_response
run_3,20260712,701,after,701,target_did_random_data,0x1234,7,B0609B2D,2E1234B0609B2D,072E1234B0609B2D,7F2E31,negative,0x7F,0x31,false,false,false,2026-07-10T12:44:13.728406+02:00,3012687470427,3012690456088,2.985661,true,true,52875447,52879526,4.079000,true,matched_request_response
run_3,20260712,702,after,702,target_did_random_data,0x1234,7,A1F160CB,2E1234A1F160CB,072E1234A1F160CB,7F2E31,negative,0x7F,0x31,false,false,false,2026-07-10T12:44:13.752806+02:00,3012711870164,3012714853310,2.983146,true,true,52899811,52903887,4.076000,true,matched_request_response
run_3,20260712,703,after,703,target_did_random_data,0x1234,4,5B,2E12345B,042E12345B000000,7F2E31,negative,0x7F,0x31,false,false,false,2026-07-10T12:44:13.777166+02:00,3012736229881,3012739331129,3.101248,true,true,52924162,52928253,4.091000,true,matched_request_response
run_3,20260712,704,after,704,unknown_did,0x2222,5,0046,2E22220046,052E222200460000,7F2E31,negative,0x7F,0x31,false,false,false,2026-07-10T12:44:13.801656+02:00,3012760720411,3012763738688,3.018277,true,true,52948625,52952716,4.091000,true,matched_request_response
run_3,20260712,705,after,705,target_did_random_data,0x1234,7,C19D8BEB,2E1234C19D8BEB,072E1234C19D8BEB,7F2E31,negative,0x7F,0x31,false,false,false,2026-07-10T12:44:13.826111+02:00,3012785176021,3012788172716,2.996695,true,true,52973071,52977148,4.077000,true,matched_request_response
run_3,20260712,706,after,706,target_did_random_data,0x1234,5,6F3C,2E12346F3C,052E12346F3C0000,7F2E31,negative,0x7F,0x31,false,false,false,2026-07-10T12:44:13.850481+02:00,3012809545236,3012812542351,2.997115,true,true,52997390,53001477,4.087000,true,matched_request_response
run_3,20260712,707,after,707,target_did_random_data,0x1234,6,BEC151,2E1234BEC151,062E1234BEC15100,7F2E31,negative,0x7F,0x31,false,false,false,2026-07-10T12:44:13.874871+02:00,3012833935125,3012836938036,3.002911,true,true,53021756,53025836,4.080000,true,matched_request_response
run_3,20260712,708,after,708,unknown_did,0xF187,6,B103F8,2EF187B103F8,062EF187B103F800,7F2E31,negative,0x7F,0x31,false,false,false,2026-07-10T12:44:13.899270+02:00,3012858332906,3012861326179,2.993273,true,true,53046121,53050208,4.087000,true,matched_request_response
run_3,20260712,709,after,709,unknown_did,0xF187,5,8545,2EF1878545,052EF18785450000,7F2E31,negative,0x7F,0x31,false,false,false,2026-07-10T12:44:13.923625+02:00,3012882689340,3012885759509,3.070169,true,true,53070445,53074531,4.086000,true,matched_request_response
run_3,20260712,710,after,710,target_did_random_data,0x1234,6,71A910,2E123471A910,062E123471A91000,7F2E31,negative,0x7F,0x31,false,false,false,2026-07-10T12:44:13.948076+02:00,3012907140620,3012910211068,3.070448,true,true,53094873,53098953,4.080000,true,matched_request_response
run_3,20260712,711,after,711,target_did_random_data,0x1234,5,EEC8,2E1234EEC8,052E1234EEC80000,7F2E31,negative,0x7F,0x31,false,false,false,2026-07-10T12:44:13.972525+02:00,3012931589944,3012934599630,3.009686,true,true,53119295,53123381,4.086000,true,matched_request_response
run_3,20260712,712,after,712,target_did_random_data,0x1234,7,84C41439,2E123484C41439,072E123484C41439,7F2E31,negative,0x7F,0x31,false,false,false,2026-07-10T12:44:13.996933+02:00,3012955996594,3012959057334,3.060740,true,true,53143680,53147762,4.082000,true,matched_request_response
run_3,20260712,713,after,713,target_did_random_data,0x1234,7,7E0EB0AF,2E12347E0EB0AF,072E12347E0EB0AF,7F2E31,negative,0x7F,0x31,false,false,false,2026-07-10T12:44:14.021348+02:00,3012980412604,3012983447014,3.034410,true,true,53168064,53172145,4.081000,true,matched_request_response
run_3,20260712,714,after,714,target_did_random_data,0x1234,7,182B668E,2E1234182B668E,072E1234182B668E,7F2E31,negative,0x7F,0x31,false,false,false,2026-07-10T12:44:14.045770+02:00,3013004834410,3013007860020,3.025610,true,true,53192444,53196523,4.079000,true,matched_request_response
run_3,20260712,715,after,715,target_did_random_data,0x1234,5,CA12,2E1234CA12,052E1234CA120000,7F2E31,negative,0x7F,0x31,false,false,false,2026-07-10T12:44:14.070215+02:00,3013029279195,3013032278963,2.999768,true,true,53216875,53220960,4.085000,true,matched_request_response
run_3,20260712,716,after,716,target_did_random_data,0x1234,7,85B43697,2E123485B43697,072E123485B43697,7F2E31,negative,0x7F,0x31,false,false,false,2026-07-10T12:44:14.094564+02:00,3013053628086,3013056674090,3.046004,true,true,53241177,53245256,4.079000,true,matched_request_response
run_3,20260712,717,after,717,target_did_random_data,0x1234,5,EC86,2E1234EC86,052E1234EC860000,7F2E31,negative,0x7F,0x31,false,false,false,2026-07-10T12:44:14.118982+02:00,3013078046470,3013081086188,3.039718,true,true,53265594,53269681,4.087000,true,matched_request_response
run_3,20260712,718,after,718,target_did_random_data,0x1234,6,C9F96E,2E1234C9F96E,062E1234C9F96E00,7F2E31,negative,0x7F,0x31,false,false,false,2026-07-10T12:44:14.143529+02:00,3013102592735,3013105489696,2.896961,true,true,53290110,53294192,4.082000,true,matched_request_response
run_3,20260712,719,after,719,target_did_random_data,0x1234,6,C531DD,2E1234C531DD,062E1234C531DD00,7F2E31,negative,0x7F,0x31,false,false,false,2026-07-10T12:44:14.167797+02:00,3013126860750,3013129949636,3.088886,true,true,53314345,53318428,4.083000,true,matched_request_response
run_3,20260712,720,after,720,target_did_random_data,0x1234,6,F4E63F,2E1234F4E63F,062E1234F4E63F00,7F2E31,negative,0x7F,0x31,false,false,false,2026-07-10T12:44:14.192247+02:00,3013151310982,3013154305582,2.994600,true,true,53338763,53342843,4.080000,true,matched_request_response
run_3,20260712,721,after,721,target_did_random_data,0x1234,6,4B40BD,2E12344B40BD,062E12344B40BD00,7F2E31,negative,0x7F,0x31,false,false,false,2026-07-10T12:44:14.216632+02:00,3013175695842,3013178744150,3.048308,true,true,53363117,53367200,4.083000,true,matched_request_response
run_3,20260712,722,after,722,target_did_random_data,0x1234,4,7D,2E12347D,042E12347D000000,7F2E31,negative,0x7F,0x31,false,false,false,2026-07-10T12:44:14.241066+02:00,3013200130499,3013203190611,3.060112,true,true,53387538,53391629,4.091000,true,matched_request_response
run_3,20260712,723,after,723,target_did_random_data,0x1234,4,58,2E123458,042E123458000000,7F2E31,negative,0x7F,0x31,false,false,false,2026-07-10T12:44:14.265492+02:00,3013224555937,3013227560664,3.004727,true,true,53411936,53416025,4.089000,true,matched_request_response
run_3,20260712,724,after,724,target_did_random_data,0x1234,4,C3,2E1234C3,042E1234C3000000,7F2E31,negative,0x7F,0x31,false,false,false,2026-07-10T12:44:14.289896+02:00,3013248959096,3013251988756,3.029660,true,true,53436316,53440407,4.091000,true,matched_request_response
run_3,20260712,725,after,725,target_did_random_data,0x1234,6,9C2D1E,2E12349C2D1E,062E12349C2D1E00,7F2E31,negative,0x7F,0x31,false,false,false,2026-07-10T12:44:14.314334+02:00,3013273398432,3013276387375,2.988943,true,true,53460706,53464789,4.083000,true,matched_request_response
run_3,20260712,726,after,726,target_did_random_data,0x1234,6,9E81F3,2E12349E81F3,062E12349E81F300,7F2E31,negative,0x7F,0x31,false,false,false,2026-07-10T12:44:14.338986+02:00,3013298051345,3013300812115,2.760770,true,true,53485340,53489422,4.082000,true,matched_request_response
run_3,20260712,727,after,727,target_did_random_data,0x1234,5,45DE,2E123445DE,052E123445DE0000,7F2E31,negative,0x7F,0x31,false,false,false,2026-07-10T12:44:14.363148+02:00,3013322211874,3013325225541,3.013667,true,true,53509474,53513561,4.087000,true,matched_request_response
run_3,20260712,728,after,728,target_did_random_data,0x1234,5,94C4,2E123494C4,052E123494C40000,7F2E31,negative,0x7F,0x31,false,false,false,2026-07-10T12:44:14.387556+02:00,3013346619432,3013349663690,3.044258,true,true,53533851,53537936,4.085000,true,matched_request_response
run_3,20260712,729,after,729,target_did_random_data,0x1234,5,B53E,2E1234B53E,052E1234B53E0000,7F2E31,negative,0x7F,0x31,false,false,false,2026-07-10T12:44:14.411998+02:00,3013371060725,3013374163370,3.102645,true,true,53558266,53562352,4.086000,true,matched_request_response
run_3,20260712,730,after,730,target_did_random_data,0x1234,7,DA8CC653,2E1234DA8CC653,072E1234DA8CC653,7F2E31,negative,0x7F,0x31,false,false,false,2026-07-10T12:44:14.436519+02:00,3013395584081,3013398444864,2.860783,true,true,53582744,53586821,4.077000,true,matched_request_response
run_3,20260712,731,after,731,target_did_random_data,0x1234,7,9A7F8EAD,2E12349A7F8EAD,072E12349A7F8EAD,7F2E31,negative,0x7F,0x31,false,false,false,2026-07-10T12:44:14.460736+02:00,3013419799645,3013422867858,3.068213,true,true,53606932,53611008,4.076000,true,matched_request_response
run_3,20260712,732,after,732,target_did_random_data,0x1234,7,44C2889E,2E123444C2889E,072E123444C2889E,7F2E31,negative,0x7F,0x31,false,false,false,2026-07-10T12:44:14.485285+02:00,3013444349192,3013447319696,2.970504,true,true,53631451,53635530,4.079000,true,matched_request_response
run_3,20260712,733,after,733,missing_data,0x1234,3,,2E1234,032E123400000000,7F2E31,negative,0x7F,0x31,false,false,false,2026-07-10T12:44:14.509619+02:00,3013468682718,3013471695547,3.012829,true,true,53655776,53659868,4.092000,true,matched_request_response
run_3,20260712,734,after,734,target_did_random_data,0x1234,4,69,2E123469,042E123469000000,7F2E31,negative,0x7F,0x31,false,false,false,2026-07-10T12:44:14.533997+02:00,3013493061991,3013496200395,3.138404,true,true,53680120,53684210,4.090000,true,matched_request_response
run_3,20260712,735,after,735,target_did_random_data,0x1234,4,1F,2E12341F,042E12341F000000,7F2E31,negative,0x7F,0x31,false,false,false,2026-07-10T12:44:14.558516+02:00,3013517579550,3013520585185,3.005635,true,true,53704615,53708706,4.091000,true,matched_request_response
run_3,20260712,736,after,736,target_did_random_data,0x1234,6,16D22F,2E123416D22F,062E123416D22F00,7F2E31,negative,0x7F,0x31,false,false,false,2026-07-10T12:44:14.582876+02:00,3013541940036,3013544959360,3.019324,true,true,53728927,53733007,4.080000,true,matched_request_response
run_3,20260712,737,after,737,target_did_random_data,0x1234,7,5C470B3F,2E12345C470B3F,072E12345C470B3F,7F2E31,negative,0x7F,0x31,false,false,false,2026-07-10T12:44:14.607267+02:00,3013566331531,3013569387731,3.056200,true,true,53753282,53757365,4.083000,true,matched_request_response
run_3,20260712,738,after,738,target_did_random_data,0x1234,5,1E79,2E12341E79,052E12341E790000,7F2E31,negative,0x7F,0x31,false,false,false,2026-07-10T12:44:14.631699+02:00,3013590762905,3013593790610,3.027705,true,true,53777704,53781791,4.087000,true,matched_request_response
run_3,20260712,739,after,739,target_did_random_data,0x1234,5,257C,2E1234257C,052E1234257C0000,7F2E31,negative,0x7F,0x31,false,false,false,2026-07-10T12:44:14.656149+02:00,3013615212718,3013618219052,3.006334,true,true,53802127,53806214,4.087000,true,matched_request_response
run_3,20260712,740,after,740,target_did_random_data,0x1234,6,1C5CF8,2E12341C5CF8,062E12341C5CF800,7F2E31,negative,0x7F,0x31,false,false,false,2026-07-10T12:44:14.680538+02:00,3013639601909,3013642658877,3.056968,true,true,53826490,53830573,4.083000,true,matched_request_response
run_3,20260712,741,after,741,missing_data,0x1234,3,,2E1234,032E123400000000,7F2E31,negative,0x7F,0x31,false,false,false,2026-07-10T12:44:14.705250+02:00,3013664314186,3013667044366,2.730180,true,true,53851184,53855278,4.094000,true,matched_request_response
run_3,20260712,742,after,742,target_did_random_data,0x1234,4,8B,2E12348B,042E12348B000000,7F2E31,negative,0x7F,0x31,false,false,false,2026-07-10T12:44:14.729310+02:00,3013688374772,3013691478395,3.103623,true,true,53875201,53879291,4.090000,true,matched_request_response
run_3,20260712,743,after,743,target_did_random_data,0x1234,4,C2,2E1234C2,042E1234C2000000,7F2E31,negative,0x7F,0x31,false,false,false,2026-07-10T12:44:14.753783+02:00,3013712847633,3013715829033,2.981400,true,true,53899658,53903752,4.094000,true,matched_request_response
run_3,20260712,744,after,744,target_did_random_data,0x1234,6,7B0936,2E12347B0936,062E12347B093600,7F2E31,negative,0x7F,0x31,false,false,false,2026-07-10T12:44:14.778204+02:00,3013737270137,3013740276541,3.006404,true,true,53924066,53928153,4.087000,true,matched_request_response
run_3,20260712,745,after,745,target_did_random_data,0x1234,5,681B,2E1234681B,052E1234681B0000,7F2E31,negative,0x7F,0x31,false,false,false,2026-07-10T12:44:14.802593+02:00,3013761657372,3013764658118,3.000746,true,true,53948413,53952499,4.086000,true,matched_request_response
run_3,20260712,746,after,746,target_did_random_data,0x1234,7,9DA81A18,2E12349DA81A18,072E12349DA81A18,7F2E31,negative,0x7F,0x31,false,false,false,2026-07-10T12:44:14.826984+02:00,3013786048029,3013789139779,3.091750,true,true,53972762,53976838,4.076000,true,matched_request_response
run_3,20260712,747,after,747,target_did_random_data,0x1234,5,4BB3,2E12344BB3,052E12344BB30000,7F2E31,negative,0x7F,0x31,false,false,false,2026-07-10T12:44:14.851509+02:00,3013810573341,3013813551388,2.978047,true,true,53997275,54001361,4.086000,true,matched_request_response
run_3,20260712,748,after,748,target_did_random_data,0x1234,7,F00247AD,2E1234F00247AD,072E1234F00247AD,7F2E31,negative,0x7F,0x31,false,false,false,2026-07-10T12:44:14.875979+02:00,3013835042709,3013837915156,2.872447,true,true,54021700,54025783,4.083000,true,matched_request_response
run_3,20260712,749,after,749,unknown_did,0x3333,6,E6A99B,2E3333E6A99B,062E3333E6A99B00,7F2E31,negative,0x7F,0x31,false,false,false,2026-07-10T12:44:14.900234+02:00,3013859298642,3013862364760,3.066118,true,true,54045928,54050009,4.081000,true,matched_request_response
run_3,20260712,750,after,750,unknown_did,0x2222,6,E5AEB6,2E2222E5AEB6,062E2222E5AEB600,7F2E31,negative,0x7F,0x31,false,false,false,2026-07-10T12:44:14.924724+02:00,3013883788334,3013886743893,2.955559,true,true,54070390,54074472,4.082000,true,matched_request_response
run_3,20260712,751,after,751,target_did_random_data,0x1234,7,D05DAA65,2E1234D05DAA65,072E1234D05DAA65,7F2E31,negative,0x7F,0x31,false,false,false,2026-07-10T12:44:14.949073+02:00,3013908136877,3013911215776,3.078899,true,true,54094704,54098783,4.079000,true,matched_request_response
run_3,20260712,752,after,752,target_did_random_data,0x1234,4,22,2E123422,042E123422000000,7F2E31,negative,0x7F,0x31,false,false,false,2026-07-10T12:44:14.973551+02:00,3013932615115,3013935584852,2.969737,true,true,54119176,54123266,4.090000,true,matched_request_response
run_3,20260712,753,after,753,target_did_random_data,0x1234,4,75,2E123475,042E123475000000,7F2E31,negative,0x7F,0x31,false,false,false,2026-07-10T12:44:14.997975+02:00,3013957039436,3013960026284,2.986848,true,true,54143565,54147656,4.091000,true,matched_request_response
run_3,20260712,754,after,754,target_did_random_data,0x1234,7,19A403DE,2E123419A403DE,072E123419A403DE,7F2E31,negative,0x7F,0x31,false,false,false,2026-07-10T12:44:15.022381+02:00,3013981445388,3013984441176,2.995788,true,true,54167935,54172015,4.080000,true,matched_request_response
run_3,20260712,755,after,755,target_did_random_data,0x1234,5,3082,2E12343082,052E123430820000,7F2E31,negative,0x7F,0x31,false,false,false,2026-07-10T12:44:15.046774+02:00,3014005838211,3014008801312,2.963101,true,true,54192301,54196388,4.087000,true,matched_request_response
run_3,20260712,756,after,756,missing_data,0x1234,3,,2E1234,032E123400000000,7F2E31,negative,0x7F,0x31,false,false,false,2026-07-10T12:44:15.071212+02:00,3014030275871,3014033278573,3.002702,true,true,54216721,54220816,4.095000,true,matched_request_response
run_3,20260712,757,after,757,unknown_did,0x2222,7,8DC402D6,2E22228DC402D6,072E22228DC402D6,7F2E31,negative,0x7F,0x31,false,false,false,2026-07-10T12:44:15.095522+02:00,3014054585442,3014057578226,2.992784,true,true,54240967,54245048,4.081000,true,matched_request_response
run_3,20260712,758,after,758,target_did_random_data,0x1234,4,B1,2E1234B1,042E1234B1000000,7F2E31,negative,0x7F,0x31,false,false,false,2026-07-10T12:44:15.119816+02:00,3014078880207,3014082216821,3.336614,true,true,54265322,54269413,4.091000,true,matched_request_response
run_3,20260712,759,after,759,target_did_random_data,0x1234,4,80,2E123480,042E123480000000,7F2E31,negative,0x7F,0x31,false,false,false,2026-07-10T12:44:15.144447+02:00,3014103509583,3014106421420,2.911837,true,true,54289855,54293944,4.089000,true,matched_request_response
run_3,20260712,760,after,760,target_did_random_data,0x1234,5,7CCD,2E12347CCD,052E12347CCD0000,7F2E31,negative,0x7F,0x31,false,false,false,2026-07-10T12:44:15.168702+02:00,3014127766074,3014130054785,2.288711,true,true,54314078,54318164,4.086000,true,matched_request_response
run_3,20260712,761,after,761,target_did_random_data,0x1234,5,B787,2E1234B787,052E1234B7870000,7F2E31,negative,0x7F,0x31,false,false,false,2026-07-10T12:44:15.192317+02:00,3014151381209,3014154340470,2.959261,true,true,54337668,54341757,4.089000,true,matched_request_response
run_3,20260712,762,after,762,target_did_random_data,0x1234,7,330DC2F2,2E1234330DC2F2,072E1234330DC2F2,7F2E31,negative,0x7F,0x31,false,false,false,2026-07-10T12:44:15.216668+02:00,3014175731708,3014178708638,2.976930,true,true,54361964,54366045,4.081000,true,matched_request_response
run_3,20260712,763,after,763,target_did_random_data,0x1234,4,7F,2E12347F,042E12347F000000,7F2E31,negative,0x7F,0x31,false,false,false,2026-07-10T12:44:15.241021+02:00,3014200085139,3014203169276,3.084137,true,true,54386325,54390416,4.091000,true,matched_request_response
run_3,20260712,764,after,764,unknown_did,0x2222,6,99AE2D,2E222299AE2D,062E222299AE2D00,7F2E31,negative,0x7F,0x31,false,false,false,2026-07-10T12:44:15.265471+02:00,3014224533695,3014227563425,3.029730,true,true,54410735,54414815,4.080000,true,matched_request_response
run_3,20260712,765,after,765,target_did_random_data,0x1234,6,6E30AF,2E12346E30AF,062E12346E30AF00,7F2E31,negative,0x7F,0x31,false,false,false,2026-07-10T12:44:15.290085+02:00,3014249149033,3014252046623,2.897590,true,true,54435315,54439398,4.083000,true,matched_request_response
run_3,20260712,766,after,766,target_did_random_data,0x1234,6,C01EB6,2E1234C01EB6,062E1234C01EB600,7F2E31,negative,0x7F,0x31,false,false,false,2026-07-10T12:44:15.314379+02:00,3014273442400,3014276397749,2.955349,true,true,54459585,54463667,4.082000,true,matched_request_response
run_3,20260712,767,after,767,target_did_random_data,0x1234,7,141E3E49,2E1234141E3E49,072E1234141E3E49,7F2E31,negative,0x7F,0x31,false,false,false,2026-07-10T12:44:15.338732+02:00,3014297796181,3014300799791,3.003610,true,true,54483911,54487987,4.076000,true,matched_request_response
run_3,20260712,768,after,768,target_did_random_data,0x1234,5,A57B,2E1234A57B,052E1234A57B0000,7F2E31,negative,0x7F,0x31,false,false,false,2026-07-10T12:44:15.363120+02:00,3014322184324,3014325242899,3.058575,true,true,54508262,54512348,4.086000,true,matched_request_response
run_3,20260712,769,after,769,unknown_did,0xF187,5,B883,2EF187B883,052EF187B8830000,7F2E31,negative,0x7F,0x31,false,false,false,2026-07-10T12:44:15.387583+02:00,3014346646848,3014349607575,2.960727,true,true,54532714,54536801,4.087000,true,matched_request_response
run_3,20260712,770,after,770,target_did_random_data,0x1234,4,C3,2E1234C3,042E1234C3000000,7F2E31,negative,0x7F,0x31,false,false,false,2026-07-10T12:44:15.411857+02:00,3014370920381,3014374136868,3.216487,true,true,54556969,54561056,4.087000,true,matched_request_response
run_3,20260712,771,after,771,target_did_random_data,0x1234,6,9EBF8B,2E12349EBF8B,062E12349EBF8B00,7F2E31,negative,0x7F,0x31,false,false,false,2026-07-10T12:44:15.436428+02:00,3014395491369,3014398458312,2.966943,true,true,54581498,54585581,4.083000,true,matched_request_response
run_3,20260712,772,after,772,target_did_random_data,0x1234,7,0B9B656B,2E12340B9B656B,072E12340B9B656B,7F2E31,negative,0x7F,0x31,false,false,false,2026-07-10T12:44:15.460725+02:00,3014419787670,3014422842334,3.054664,true,true,54605753,54609834,4.081000,true,matched_request_response
run_3,20260712,773,after,773,target_did_random_data,0x1234,5,19BD,2E123419BD,052E123419BD0000,7F2E31,negative,0x7F,0x31,false,false,false,2026-07-10T12:44:15.485082+02:00,3014444144733,3014446281608,2.136875,true,true,54630091,54634178,4.087000,true,matched_request_response
run_3,20260712,774,after,774,target_did_random_data,0x1234,6,C245E7,2E1234C245E7,062E1234C245E700,7F2E31,negative,0x7F,0x31,false,false,false,2026-07-10T12:44:15.508578+02:00,3014467641557,3014470698526,3.056969,true,true,54653569,54657651,4.082000,true,matched_request_response
run_3,20260712,775,after,775,target_did_random_data,0x1234,7,BAE4277E,2E1234BAE4277E,072E1234BAE4277E,7F2E31,negative,0x7F,0x31,false,false,false,2026-07-10T12:44:15.532961+02:00,3014492025090,3014494160080,2.134990,true,true,54677903,54681979,4.076000,true,matched_request_response
run_3,20260712,776,after,776,unknown_did,0xF187,5,4C4F,2EF1874C4F,052EF1874C4F0000,7F2E31,negative,0x7F,0x31,false,false,false,2026-07-10T12:44:15.556417+02:00,3014515481476,3014518663880,3.182404,true,true,54701350,54705437,4.087000,true,matched_request_response
run_3,20260712,777,after,777,missing_data,0x1234,3,,2E1234,032E123400000000,7F2E31,negative,0x7F,0x31,false,false,false,2026-07-10T12:44:15.581054+02:00,3014540118046,3014543045947,2.927901,true,true,54725980,54730073,4.093000,true,matched_request_response
run_3,20260712,778,after,778,target_did_random_data,0x1234,5,5BD1,2E12345BD1,052E12345BD10000,7F2E31,negative,0x7F,0x31,false,false,false,2026-07-10T12:44:15.605408+02:00,3014564471687,3014567430667,2.958980,true,true,54750299,54754385,4.086000,true,matched_request_response
run_3,20260712,779,after,779,target_did_random_data,0x1234,5,804E,2E1234804E,052E1234804E0000,7F2E31,negative,0x7F,0x31,false,false,false,2026-07-10T12:44:15.629714+02:00,3014588777905,3014591873287,3.095382,true,true,54774589,54778675,4.086000,true,matched_request_response
run_3,20260712,780,after,780,read_only_did,0x1001,6,FDE350,2E1001FDE350,062E1001FDE35000,7F2E31,negative,0x7F,0x31,false,false,false,2026-07-10T12:44:15.654267+02:00,3014613331782,3014616278960,2.947178,true,true,54799116,54803203,4.087000,true,matched_request_response
run_3,20260712,781,after,781,target_did_random_data,0x1234,5,4D3E,2E12344D3E,052E12344D3E0000,7F2E31,negative,0x7F,0x31,false,false,false,2026-07-10T12:44:15.678657+02:00,3014637722439,3014640685331,2.962892,true,true,54823480,54827566,4.086000,true,matched_request_response
run_3,20260712,782,after,782,target_did_random_data,0x1234,5,8669,2E12348669,052E123486690000,7F2E31,negative,0x7F,0x31,false,false,false,2026-07-10T12:44:15.702981+02:00,3014662045839,3014665127043,3.081204,true,true,54847767,54851851,4.084000,true,matched_request_response
run_3,20260712,783,after,783,target_did_random_data,0x1234,6,9461B9,2E12349461B9,062E12349461B900,7F2E31,negative,0x7F,0x31,false,false,false,2026-07-10T12:44:15.727744+02:00,3014686807006,3014689540119,2.733113,true,true,54872491,54876573,4.082000,true,matched_request_response
run_3,20260712,784,after,784,missing_data,0x1234,3,,2E1234,032E123400000000,7F2E31,negative,0x7F,0x31,false,false,false,2026-07-10T12:44:15.751907+02:00,3014710971167,3014713939017,2.967850,true,true,54896642,54900740,4.098000,true,matched_request_response
run_3,20260712,785,after,785,unknown_did,0x3333,4,44,2E333344,042E333344000000,7F2E31,negative,0x7F,0x31,false,false,false,2026-07-10T12:44:15.776340+02:00,3014735402891,3014738270030,2.867139,true,true,54921042,54925130,4.088000,true,matched_request_response
run_3,20260712,786,after,786,target_did_random_data,0x1234,7,77C05FB6,2E123477C05FB6,072E123477C05FB6,7F2E31,negative,0x7F,0x31,false,false,false,2026-07-10T12:44:15.800559+02:00,3014759621737,3014762733602,3.111865,true,true,54945215,54949294,4.079000,true,matched_request_response
run_3,20260712,787,after,787,target_did_random_data,0x1234,7,5526900D,2E12345526900D,072E12345526900D,7F2E31,negative,0x7F,0x31,false,false,false,2026-07-10T12:44:15.825472+02:00,3014784535299,3014787130405,2.595106,true,true,54970085,54974168,4.083000,true,matched_request_response
run_3,20260712,788,after,788,target_did_random_data,0x1234,6,EDFC3E,2E1234EDFC3E,062E1234EDFC3E00,7F2E31,negative,0x7F,0x31,false,false,false,2026-07-10T12:44:15.849411+02:00,3014808474779,3014811621285,3.146506,true,true,54994011,54998091,4.080000,true,matched_request_response
run_3,20260712,789,after,789,target_did_random_data,0x1234,5,448E,2E1234448E,052E1234448E0000,7F2E31,negative,0x7F,0x31,false,false,false,2026-07-10T12:44:15.873912+02:00,3014832975786,3014835969478,2.993692,true,true,55018509,55022595,4.086000,true,matched_request_response
run_3,20260712,790,after,790,target_did_random_data,0x1234,6,F4EC92,2E1234F4EC92,062E1234F4EC9200,7F2E31,negative,0x7F,0x31,false,false,false,2026-07-10T12:44:15.898278+02:00,3014857342487,3014860400085,3.057598,true,true,55042829,55046910,4.081000,true,matched_request_response
run_3,20260712,791,after,791,target_did_random_data,0x1234,6,71973F,2E123471973F,062E123471973F00,7F2E31,negative,0x7F,0x31,false,false,false,2026-07-10T12:44:15.922711+02:00,3014881774980,3014884820564,3.045584,true,true,55067234,55071317,4.083000,true,matched_request_response
run_3,20260712,792,after,792,target_did_random_data,0x1234,4,02,2E123402,042E123402000000,7F2E31,negative,0x7F,0x31,false,false,false,2026-07-10T12:44:15.947137+02:00,3014906200208,3014909226866,3.026658,true,true,55091650,55095748,4.098000,true,matched_request_response
run_3,20260712,793,after,793,target_did_random_data,0x1234,7,767D69FC,2E1234767D69FC,072E1234767D69FC,7F2E31,negative,0x7F,0x31,false,false,false,2026-07-10T12:44:15.971507+02:00,3014930570961,3014933651187,3.080226,true,true,55115983,55120059,4.076000,true,matched_request_response
run_3,20260712,794,after,794,read_only_did,0x1001,6,5E8CDA,2E10015E8CDA,062E10015E8CDA00,7F2E31,negative,0x7F,0x31,false,false,false,2026-07-10T12:44:15.996004+02:00,3014955067777,3014958132289,3.064512,true,true,55140447,55144534,4.087000,true,matched_request_response
run_3,20260712,795,after,795,target_did_random_data,0x1234,7,2818F7E6,2E12342818F7E6,072E12342818F7E6,7F2E31,negative,0x7F,0x31,false,false,false,2026-07-10T12:44:16.020404+02:00,3014979467793,3014982459041,2.991248,true,true,55164825,55168901,4.076000,true,matched_request_response
run_3,20260712,796,after,796,unknown_did,0x2222,7,4E0D5CD6,2E22224E0D5CD6,072E22224E0D5CD6,7F2E31,negative,0x7F,0x31,false,false,false,2026-07-10T12:44:16.044742+02:00,3015003805231,3015006892720,3.087489,true,true,55189114,55193197,4.083000,true,matched_request_response
run_3,20260712,797,after,797,target_did_random_data,0x1234,6,7F4CB8,2E12347F4CB8,062E12347F4CB800,7F2E31,negative,0x7F,0x31,false,false,false,2026-07-10T12:44:16.069188+02:00,3015028252181,3015031251949,2.999768,true,true,55213558,55217641,4.083000,true,matched_request_response
run_3,20260712,798,after,798,read_only_did,0x1001,4,29,2E100129,042E100129000000,7F2E31,negative,0x7F,0x31,false,false,false,2026-07-10T12:44:16.093497+02:00,3015052559517,3015054693668,2.134151,true,true,55237847,55241940,4.093000,true,matched_request_response
run_3,20260712,799,after,799,target_did_random_data,0x1234,7,87ACBC47,2E123487ACBC47,072E123487ACBC47,7F2E31,negative,0x7F,0x31,false,false,false,2026-07-10T12:44:16.117015+02:00,3015076080017,3015079119525,3.039508,true,true,55261334,55265413,4.079000,true,matched_request_response
run_3,20260712,800,after,800,target_did_random_data,0x1234,6,230D06,2E1234230D06,062E1234230D0600,7F2E31,negative,0x7F,0x31,false,false,false,2026-07-10T12:44:16.141346+02:00,3015100409004,3015102603987,2.194983,true,true,55285633,55289724,4.091000,true,matched_request_response
run_3,20260712,801,after,801,unknown_did,0x2222,5,397E,2E2222397E,052E2222397E0000,7F2E31,negative,0x7F,0x31,false,false,false,2026-07-10T12:44:16.164975+02:00,3015124038597,3015126969711,2.931114,true,true,55309245,55313331,4.086000,true,matched_request_response
run_3,20260712,802,after,802,read_only_did,0x1001,4,8F,2E10018F,042E10018F000000,7F2E31,negative,0x7F,0x31,false,false,false,2026-07-10T12:44:16.189285+02:00,3015148349146,3015151480915,3.131769,true,true,55333535,55337630,4.095000,true,matched_request_response
run_3,20260712,803,after,803,target_did_random_data,0x1234,5,FE77,2E1234FE77,052E1234FE770000,7F2E31,negative,0x7F,0x31,false,false,false,2026-07-10T12:44:16.213730+02:00,3015172793441,3015175780499,2.987058,true,true,55357932,55362016,4.084000,true,matched_request_response
run_3,20260712,804,after,804,target_did_random_data,0x1234,5,9363,2E12349363,052E123493630000,7F2E31,negative,0x7F,0x31,false,false,false,2026-07-10T12:44:16.238091+02:00,3015197154905,3015200208102,3.053197,true,true,55382268,55386355,4.087000,true,matched_request_response
run_3,20260712,805,after,805,target_did_random_data,0x1234,4,2B,2E12342B,042E12342B000000,7F2E31,negative,0x7F,0x31,false,false,false,2026-07-10T12:44:16.262427+02:00,3015221491295,3015223653173,2.161878,true,true,55406575,55410665,4.090000,true,matched_request_response
run_3,20260712,806,after,806,unknown_did,0x2222,6,9201C8,2E22229201C8,062E22229201C800,7F2E31,negative,0x7F,0x31,false,false,false,2026-07-10T12:44:16.286000+02:00,3015245064037,3015248221577,3.157540,true,true,55430132,55434218,4.086000,true,matched_request_response
run_3,20260712,807,after,807,target_did_random_data,0x1234,5,AC4B,2E1234AC4B,052E1234AC4B0000,7F2E31,negative,0x7F,0x31,false,false,false,2026-07-10T12:44:16.310538+02:00,3015269602409,3015272521580,2.919171,true,true,55454635,55458722,4.087000,true,matched_request_response
run_3,20260712,808,after,808,target_did_random_data,0x1234,4,B5,2E1234B5,042E1234B5000000,7F2E31,negative,0x7F,0x31,false,false,false,2026-07-10T12:44:16.334864+02:00,3015293928183,3015296916637,2.988454,true,true,55478954,55483043,4.089000,true,matched_request_response
run_3,20260712,809,after,809,unknown_did,0x3333,6,F4E8D9,2E3333F4E8D9,062E3333F4E8D900,7F2E31,negative,0x7F,0x31,false,false,false,2026-07-10T12:44:16.359216+02:00,3015318280707,3015321329784,3.049077,true,true,55503267,55507349,4.082000,true,matched_request_response
run_3,20260712,810,after,810,target_did_random_data,0x1234,5,5EE1,2E12345EE1,052E12345EE10000,7F2E31,negative,0x7F,0x31,false,false,false,2026-07-10T12:44:16.383625+02:00,3015342689942,3015345806137,3.116195,true,true,55527648,55531738,4.090000,true,matched_request_response
run_3,20260712,811,after,811,target_did_random_data,0x1234,6,6771B3,2E12346771B3,062E12346771B300,7F2E31,negative,0x7F,0x31,false,false,false,2026-07-10T12:44:16.408152+02:00,3015367215813,3015370171371,2.955558,true,true,55552147,55556230,4.083000,true,matched_request_response
run_3,20260712,812,after,812,unknown_did,0xF187,6,6EA7F9,2EF1876EA7F9,062EF1876EA7F900,7F2E31,negative,0x7F,0x31,false,false,false,2026-07-10T12:44:16.432512+02:00,3015391576089,3015394567407,2.991318,true,true,55576484,55580566,4.082000,true,matched_request_response
run_3,20260712,813,after,813,target_did_random_data,0x1234,4,20,2E123420,042E123420000000,7F2E31,negative,0x7F,0x31,false,false,false,2026-07-10T12:44:16.456895+02:00,3015415958994,3015419066528,3.107534,true,true,55600857,55604945,4.088000,true,matched_request_response
run_3,20260712,814,after,814,target_did_random_data,0x1234,7,63C76FC3,2E123463C76FC3,072E123463C76FC3,7F2E31,negative,0x7F,0x31,false,false,false,2026-07-10T12:44:16.481428+02:00,3015440491849,3015443412347,2.920498,true,true,55625344,55629422,4.078000,true,matched_request_response
run_3,20260712,815,after,815,missing_data,0x1234,3,,2E1234,032E123400000000,7F2E31,negative,0x7F,0x31,false,false,false,2026-07-10T12:44:16.505719+02:00,3015464782912,3015467838134,3.055222,true,true,55649631,55653729,4.098000,true,matched_request_response
run_3,20260712,816,after,816,target_did_random_data,0x1234,4,8E,2E12348E,042E12348E000000,7F2E31,negative,0x7F,0x31,false,false,false,2026-07-10T12:44:16.530161+02:00,3015489226509,3015492331529,3.105020,true,true,55674054,55678143,4.089000,true,matched_request_response
run_3,20260712,817,after,817,missing_data,0x1234,3,,2E1234,032E123400000000,7F2E31,negative,0x7F,0x31,false,false,false,2026-07-10T12:44:16.554696+02:00,3015513759922,3015516660236,2.900314,true,true,55698549,55702643,4.094000,true,matched_request_response
run_3,20260712,818,after,818,target_did_random_data,0x1234,5,8DB7,2E12348DB7,052E12348DB70000,7F2E31,negative,0x7F,0x31,false,false,false,2026-07-10T12:44:16.578971+02:00,3015538034922,3015541165224,3.130302,true,true,55722782,55726866,4.084000,true,matched_request_response
run_3,20260712,819,after,819,target_did_random_data,0x1234,6,7C19A5,2E12347C19A5,062E12347C19A500,7F2E31,negative,0x7F,0x31,false,false,false,2026-07-10T12:44:16.603433+02:00,3015562496189,3015565438059,2.941870,true,true,55747219,55751301,4.082000,true,matched_request_response
run_3,20260712,820,after,820,target_did_random_data,0x1234,7,C7BFB8A1,2E1234C7BFB8A1,072E1234C7BFB8A1,7F2E31,negative,0x7F,0x31,false,false,false,2026-07-10T12:44:16.627718+02:00,3015586781455,3015589901281,3.119826,true,true,55771471,55775549,4.078000,true,matched_request_response
run_3,20260712,821,after,821,target_did_random_data,0x1234,4,B1,2E1234B1,042E1234B1000000,7F2E31,negative,0x7F,0x31,false,false,false,2026-07-10T12:44:16.652189+02:00,3015611252849,3015614296688,3.043839,true,true,55795924,55800013,4.089000,true,matched_request_response
run_3,20260712,822,after,822,target_did_random_data,0x1234,4,1A,2E12341A,042E12341A000000,7F2E31,negative,0x7F,0x31,false,false,false,2026-07-10T12:44:16.676986+02:00,3015636050264,3015638719472,2.669208,true,true,55820709,55824799,4.090000,true,matched_request_response
run_3,20260712,823,after,823,target_did_random_data,0x1234,5,BB22,2E1234BB22,052E1234BB220000,7F2E31,negative,0x7F,0x31,false,false,false,2026-07-10T12:44:16.700979+02:00,3015660042964,3015663154060,3.111096,true,true,55844665,55848755,4.090000,true,matched_request_response
run_3,20260712,824,after,824,target_did_random_data,0x1234,4,F9,2E1234F9,042E1234F9000000,7F2E31,negative,0x7F,0x31,false,false,false,2026-07-10T12:44:16.725405+02:00,3015684468821,3015687577193,3.108372,true,true,55869074,55873164,4.090000,true,matched_request_response
run_3,20260712,825,after,825,target_did_random_data,0x1234,7,9AC94FE4,2E12349AC94FE4,072E12349AC94FE4,7F2E31,negative,0x7F,0x31,false,false,false,2026-07-10T12:44:16.749919+02:00,3015708982330,3015712056550,3.074220,true,true,55893565,55897643,4.078000,true,matched_request_response
run_3,20260712,826,after,826,target_did_random_data,0x1234,7,917720D2,2E1234917720D2,072E1234917720D2,7F2E31,negative,0x7F,0x31,false,false,false,2026-07-10T12:44:16.774410+02:00,3015733474188,3015736434705,2.960517,true,true,55918007,55922083,4.076000,true,matched_request_response
run_3,20260712,827,after,827,target_did_random_data,0x1234,7,1FF9E993,2E12341FF9E993,072E12341FF9E993,7F2E31,negative,0x7F,0x31,false,false,false,2026-07-10T12:44:16.798793+02:00,3015757856254,3015760808112,2.951858,true,true,55942382,55946461,4.079000,true,matched_request_response
run_3,20260712,828,after,828,target_did_random_data,0x1234,4,80,2E123480,042E123480000000,7F2E31,negative,0x7F,0x31,false,false,false,2026-07-10T12:44:16.823087+02:00,3015782150530,3015785190039,3.039509,true,true,55966653,55970746,4.093000,true,matched_request_response
run_3,20260712,829,after,829,target_did_random_data,0x1234,7,9A68D3E8,2E12349A68D3E8,072E12349A68D3E8,7F2E31,negative,0x7F,0x31,false,false,false,2026-07-10T12:44:16.847478+02:00,3015806541816,3015809595293,3.053477,true,true,55991003,55995080,4.077000,true,matched_request_response
run_3,20260712,830,after,830,target_did_random_data,0x1234,6,2F9143,2E12342F9143,062E12342F914300,7F2E31,negative,0x7F,0x31,false,false,false,2026-07-10T12:44:16.871790+02:00,3015830854041,3015833076542,2.222501,true,true,56015277,56019360,4.083000,true,matched_request_response
run_3,20260712,831,after,831,target_did_random_data,0x1234,7,1ABFC380,2E12341ABFC380,072E12341ABFC380,7F2E31,negative,0x7F,0x31,false,false,false,2026-07-10T12:44:16.895315+02:00,3015854379291,3015857457212,3.077921,true,true,56038787,56042863,4.076000,true,matched_request_response
run_3,20260712,832,after,832,missing_data,0x1234,3,,2E1234,032E123400000000,7F2E31,negative,0x7F,0x31,false,false,false,2026-07-10T12:44:16.919696+02:00,3015878759402,3015881911774,3.152372,true,true,56063149,56067243,4.094000,true,matched_request_response
run_3,20260712,833,after,833,target_did_random_data,0x1234,4,A8,2E1234A8,042E1234A8000000,7F2E31,negative,0x7F,0x31,false,false,false,2026-07-10T12:44:16.944300+02:00,3015903363635,3015906292514,2.928879,true,true,56087731,56091819,4.088000,true,matched_request_response
run_3,20260712,834,after,834,target_did_random_data,0x1234,4,28,2E123428,042E123428000000,7F2E31,negative,0x7F,0x31,false,false,false,2026-07-10T12:44:16.968663+02:00,3015927727263,3015930713482,2.986219,true,true,56112065,56116155,4.090000,true,matched_request_response
run_3,20260712,835,after,835,target_did_random_data,0x1234,4,1A,2E12341A,042E12341A000000,7F2E31,negative,0x7F,0x31,false,false,false,2026-07-10T12:44:16.993025+02:00,3015952090263,3015955202267,3.112004,true,true,56136410,56140500,4.090000,true,matched_request_response
run_3,20260712,836,after,836,target_did_random_data,0x1234,6,069262,2E1234069262,062E123406926200,7F2E31,negative,0x7F,0x31,false,false,false,2026-07-10T12:44:17.017526+02:00,3015976589943,3015979564988,2.975045,true,true,56160870,56164955,4.085000,true,matched_request_response
run_3,20260712,837,after,837,target_did_random_data,0x1234,6,079FED,2E1234079FED,062E1234079FED00,7F2E31,negative,0x7F,0x31,false,false,false,2026-07-10T12:44:17.041908+02:00,3016000972778,3016003931759,2.958981,true,true,56185251,56189338,4.087000,true,matched_request_response
run_3,20260712,838,after,838,target_did_random_data,0x1234,4,07,2E123407,042E123407000000,7F2E31,negative,0x7F,0x31,false,false,false,2026-07-10T12:44:17.066139+02:00,3016025201752,3016027371453,2.169701,true,true,56209423,56213518,4.095000,true,matched_request_response
run_3,20260712,839,after,839,target_did_random_data,0x1234,5,D675,2E1234D675,052E1234D6750000,7F2E31,negative,0x7F,0x31,false,false,false,2026-07-10T12:44:17.089633+02:00,3016048697319,3016051809253,3.111934,true,true,56232900,56236985,4.085000,true,matched_request_response
run_3,20260712,840,after,840,target_did_random_data,0x1234,7,787F5D82,2E1234787F5D82,072E1234787F5D82,7F2E31,negative,0x7F,0x31,false,false,false,2026-07-10T12:44:17.114129+02:00,3016073193228,3016076216812,3.023584,true,true,56257366,56261445,4.079000,true,matched_request_response
run_3,20260712,841,after,841,target_did_random_data,0x1234,6,7F96CC,2E12347F96CC,062E12347F96CC00,7F2E31,negative,0x7F,0x31,false,false,false,2026-07-10T12:44:17.138561+02:00,3016097625301,3016100679337,3.054036,true,true,56281786,56285866,4.080000,true,matched_request_response
run_3,20260712,842,after,842,read_only_did,0x1001,6,E84632,2E1001E84632,062E1001E8463200,7F2E31,negative,0x7F,0x31,false,false,false,2026-07-10T12:44:17.162997+02:00,3016122061076,3016125164420,3.103344,true,true,56306185,56310272,4.087000,true,matched_request_response
run_3,20260712,843,after,843,target_did_random_data,0x1234,7,107C326E,2E1234107C326E,072E1234107C326E,7F2E31,negative,0x7F,0x31,false,false,false,2026-07-10T12:44:17.187495+02:00,3016146558801,3016149916787,3.357986,true,true,56330655,56334736,4.081000,true,matched_request_response
run_3,20260712,844,after,844,target_did_random_data,0x1234,7,D093A662,2E1234D093A662,072E1234D093A662,7F2E31,negative,0x7F,0x31,false,false,false,2026-07-10T12:44:17.212262+02:00,3016171326463,3016173902922,2.576459,true,true,56355382,56359461,4.079000,true,matched_request_response
run_3,20260712,845,after,845,target_did_random_data,0x1234,7,15CCA02F,2E123415CCA02F,072E123415CCA02F,7F2E31,negative,0x7F,0x31,false,false,false,2026-07-10T12:44:17.236270+02:00,3016195334039,3016198283103,2.949064,true,true,56379378,56383456,4.078000,true,matched_request_response
run_3,20260712,846,after,846,read_only_did,0x1001,6,A20558,2E1001A20558,062E1001A2055800,7F2E31,negative,0x7F,0x31,false,false,false,2026-07-10T12:44:17.260641+02:00,3016219704792,3016222719716,3.014924,true,true,56403730,56407819,4.089000,true,matched_request_response
run_3,20260712,847,after,847,target_did_random_data,0x1234,6,B5730D,2E1234B5730D,062E1234B5730D00,7F2E31,negative,0x7F,0x31,false,false,false,2026-07-10T12:44:17.284992+02:00,3016244055989,3016247160450,3.104461,true,true,56428037,56432122,4.085000,true,matched_request_response
run_3,20260712,848,after,848,target_did_random_data,0x1234,7,5BC17373,2E12345BC17373,072E12345BC17373,7F2E31,negative,0x7F,0x31,false,false,false,2026-07-10T12:44:17.309491+02:00,3016268554761,3016271560605,3.005844,true,true,56452517,56456595,4.078000,true,matched_request_response
run_3,20260712,849,after,849,target_did_random_data,0x1234,7,4A6F87DF,2E12344A6F87DF,072E12344A6F87DF,7F2E31,negative,0x7F,0x31,false,false,false,2026-07-10T12:44:17.333876+02:00,3016292939551,3016295936945,2.997394,true,true,56476891,56480968,4.077000,true,matched_request_response
run_3,20260712,850,after,850,target_did_random_data,0x1234,7,CA75EE89,2E1234CA75EE89,072E1234CA75EE89,7F2E31,negative,0x7F,0x31,false,false,false,2026-07-10T12:44:17.358268+02:00,3016317332304,3016320358542,3.026238,true,true,56501230,56505309,4.079000,true,matched_request_response
run_3,20260712,851,after,851,target_did_random_data,0x1234,4,BC,2E1234BC,042E1234BC000000,7F2E31,negative,0x7F,0x31,false,false,false,2026-07-10T12:44:17.382631+02:00,3016341694187,3016344763098,3.068911,true,true,56525591,56529682,4.091000,true,matched_request_response
run_3,20260712,852,after,852,unknown_did,0x3333,7,6E8BB42D,2E33336E8BB42D,072E33336E8BB42D,7F2E31,negative,0x7F,0x31,false,false,false,2026-07-10T12:44:17.407052+02:00,3016366115993,3016369178340,3.062347,true,true,56549964,56554040,4.076000,true,matched_request_response
run_3,20260712,853,after,853,target_did_random_data,0x1234,6,32BF82,2E123432BF82,062E123432BF8200,7F2E31,negative,0x7F,0x31,false,false,false,2026-07-10T12:44:17.431487+02:00,3016390550860,3016393622775,3.071915,true,true,56574399,56578482,4.083000,true,matched_request_response
run_3,20260712,854,after,854,target_did_random_data,0x1234,5,0573,2E12340573,052E123405730000,7F2E31,negative,0x7F,0x31,false,false,false,2026-07-10T12:44:17.456302+02:00,3016415364758,3016417985636,2.620878,true,true,56599171,56603262,4.091000,true,matched_request_response
run_3,20260712,855,after,855,target_did_random_data,0x1234,6,0A0098,2E12340A0098,062E12340A009800,7F2E31,negative,0x7F,0x31,false,false,false,2026-07-10T12:44:17.480229+02:00,3016439292854,3016441477221,2.184367,true,true,56623083,56627174,4.091000,true,matched_request_response
run_3,20260712,856,after,856,target_did_random_data,0x1234,6,67FE16,2E123467FE16,062E123467FE1600,7F2E31,negative,0x7F,0x31,false,false,false,2026-07-10T12:44:17.503773+02:00,3016462837520,3016465894279,3.056759,true,true,56646604,56650687,4.083000,true,matched_request_response
run_3,20260712,857,after,857,target_did_random_data,0x1234,6,76BE10,2E123476BE10,062E123476BE1000,7F2E31,negative,0x7F,0x31,false,false,false,2026-07-10T12:44:17.528293+02:00,3016487356756,3016490312594,2.955838,true,true,56671099,56675181,4.082000,true,matched_request_response
run_3,20260712,858,after,858,target_did_random_data,0x1234,5,C1E3,2E1234C1E3,052E1234C1E30000,7F2E31,negative,0x7F,0x31,false,false,false,2026-07-10T12:44:17.552606+02:00,3016511670238,3016514707511,3.037273,true,true,56695390,56699477,4.087000,true,matched_request_response
run_3,20260712,859,after,859,target_did_random_data,0x1234,6,4A7D45,2E12344A7D45,062E12344A7D4500,7F2E31,negative,0x7F,0x31,false,false,false,2026-07-10T12:44:17.577055+02:00,3016536119143,3016539176671,3.057528,true,true,56719796,56723876,4.080000,true,matched_request_response
run_3,20260712,860,after,860,unknown_did,0xF187,6,30EAC2,2EF18730EAC2,062EF18730EAC200,7F2E31,negative,0x7F,0x31,false,false,false,2026-07-10T12:44:17.601517+02:00,3016560581388,3016563591842,3.010454,true,true,56744240,56748323,4.083000,true,matched_request_response
run_3,20260712,861,after,861,target_did_random_data,0x1234,7,858C51D1,2E1234858C51D1,072E1234858C51D1,7F2E31,negative,0x7F,0x31,false,false,false,2026-07-10T12:44:17.625875+02:00,3016584938591,3016587960709,3.022118,true,true,56768571,56772649,4.078000,true,matched_request_response
run_3,20260712,862,after,862,unknown_did,0x2222,4,C8,2E2222C8,042E2222C8000000,7F2E31,negative,0x7F,0x31,false,false,false,2026-07-10T12:44:17.650316+02:00,3016609379744,3016612382865,3.003121,true,true,56793002,56797091,4.089000,true,matched_request_response
run_3,20260712,863,after,863,target_did_random_data,0x1234,7,E819C492,2E1234E819C492,072E1234E819C492,7F2E31,negative,0x7F,0x31,false,false,false,2026-07-10T12:44:17.674652+02:00,3016633715785,3016636815497,3.099712,true,true,56817300,56821378,4.078000,true,matched_request_response
run_3,20260712,864,after,864,target_did_random_data,0x1234,5,6687,2E12346687,052E123466870000,7F2E31,negative,0x7F,0x31,false,false,false,2026-07-10T12:44:17.699311+02:00,3016658375682,3016661206783,2.831101,true,true,56841944,56846029,4.085000,true,matched_request_response
run_3,20260712,865,after,865,target_did_random_data,0x1234,7,3A5F3E4F,2E12343A5F3E4F,072E12343A5F3E4F,7F2E31,negative,0x7F,0x31,false,false,false,2026-07-10T12:44:17.723490+02:00,3016682555208,3016685837067,3.281859,true,true,56866095,56870173,4.078000,true,matched_request_response
run_3,20260712,866,after,866,target_did_random_data,0x1234,5,48AA,2E123448AA,052E123448AA0000,7F2E31,negative,0x7F,0x31,false,false,false,2026-07-10T12:44:17.748158+02:00,3016707221600,3016710052771,2.831171,true,true,56890745,56894829,4.084000,true,matched_request_response
run_3,20260712,867,after,867,target_did_random_data,0x1234,7,C4BADCB7,2E1234C4BADCB7,072E1234C4BADCB7,7F2E31,negative,0x7F,0x31,false,false,false,2026-07-10T12:44:17.772410+02:00,3016731473901,3016734482610,3.008709,true,true,56914952,56919028,4.076000,true,matched_request_response
run_3,20260712,868,after,868,target_did_random_data,0x1234,7,D2665324,2E1234D2665324,072E1234D2665324,7F2E31,negative,0x7F,0x31,false,false,false,2026-07-10T12:44:17.796780+02:00,3016755844025,3016758846727,3.002702,true,true,56939285,56943364,4.079000,true,matched_request_response
run_3,20260712,869,after,869,target_did_random_data,0x1234,7,E7298572,2E1234E7298572,072E1234E7298572,7F2E31,negative,0x7F,0x31,false,false,false,2026-07-10T12:44:17.821161+02:00,3016780225324,3016783325525,3.100201,true,true,56963646,56967725,4.079000,true,matched_request_response
run_3,20260712,870,after,870,target_did_random_data,0x1234,4,E1,2E1234E1,042E1234E1000000,7F2E31,negative,0x7F,0x31,false,false,false,2026-07-10T12:44:17.845637+02:00,3016804700420,3016807703890,3.003470,true,true,56988119,56992209,4.090000,true,matched_request_response
run_3,20260712,871,after,871,target_did_random_data,0x1234,4,66,2E123466,042E123466000000,7F2E31,negative,0x7F,0x31,false,false,false,2026-07-10T12:44:17.870023+02:00,3016829086957,3016832236675,3.149718,true,true,57012486,57016576,4.090000,true,matched_request_response
run_3,20260712,872,after,872,target_did_random_data,0x1234,6,16C4E9,2E123416C4E9,062E123416C4E900,7F2E31,negative,0x7F,0x31,false,false,false,2026-07-10T12:44:17.894568+02:00,3016853631475,3016856543592,2.912117,true,true,57036991,57041071,4.080000,true,matched_request_response
run_3,20260712,873,after,873,unknown_did,0x3333,5,CA71,2E3333CA71,052E3333CA710000,7F2E31,negative,0x7F,0x31,false,false,false,2026-07-10T12:44:17.918877+02:00,3016877941465,3016880938370,2.996905,true,true,57061286,57065373,4.087000,true,matched_request_response
run_3,20260712,874,after,874,target_did_random_data,0x1234,7,637098E9,2E1234637098E9,072E1234637098E9,7F2E31,negative,0x7F,0x31,false,false,false,2026-07-10T12:44:17.943277+02:00,3016902340713,3016905336361,2.995648,true,true,57085638,57089717,4.079000,true,matched_request_response
run_3,20260712,875,after,875,target_did_random_data,0x1234,5,8AFD,2E12348AFD,052E12348AFD0000,7F2E31,negative,0x7F,0x31,false,false,false,2026-07-10T12:44:17.967667+02:00,3016926731231,3016929777793,3.046562,true,true,57110022,57114105,4.083000,true,matched_request_response
run_3,20260712,876,after,876,target_did_random_data,0x1234,7,186E6E87,2E1234186E6E87,072E1234186E6E87,7F2E31,negative,0x7F,0x31,false,false,false,2026-07-10T12:44:17.992158+02:00,3016951221901,3016954204978,2.983077,true,true,57134483,57138561,4.078000,true,matched_request_response
run_3,20260712,877,after,877,target_did_random_data,0x1234,6,888B6A,2E1234888B6A,062E1234888B6A00,7F2E31,negative,0x7F,0x31,false,false,false,2026-07-10T12:44:18.016537+02:00,3016975602013,3016978594448,2.992435,true,true,57158841,57162921,4.080000,true,matched_request_response
run_3,20260712,878,after,878,target_did_random_data,0x1234,5,3627,2E12343627,052E123436270000,7F2E31,negative,0x7F,0x31,false,false,false,2026-07-10T12:44:18.040973+02:00,3017000037508,3017003027918,2.990410,true,true,57183252,57187339,4.087000,true,matched_request_response
run_3,20260712,879,after,879,target_did_random_data,0x1234,6,64AF88,2E123464AF88,062E123464AF8800,7F2E31,negative,0x7F,0x31,false,false,false,2026-07-10T12:44:18.065332+02:00,3017024396109,3017027452728,3.056619,true,true,57207587,57211670,4.083000,true,matched_request_response
run_3,20260712,880,after,880,target_did_random_data,0x1234,4,21,2E123421,042E123421000000,7F2E31,negative,0x7F,0x31,false,false,false,2026-07-10T12:44:18.089780+02:00,3017048844665,3017051844713,3.000048,true,true,57232020,57236108,4.088000,true,matched_request_response
run_3,20260712,881,after,881,target_did_random_data,0x1234,7,34D6E8D6,2E123434D6E8D6,072E123434D6E8D6,7F2E31,negative,0x7F,0x31,false,false,false,2026-07-10T12:44:18.114198+02:00,3017073261932,3017076272735,3.010803,true,true,57256396,57260474,4.078000,true,matched_request_response
run_3,20260712,882,after,882,target_did_random_data,0x1234,6,CC7A27,2E1234CC7A27,062E1234CC7A2700,7F2E31,negative,0x7F,0x31,false,false,false,2026-07-10T12:44:18.138660+02:00,3017097724666,3017100678618,2.953952,true,true,57280832,57284911,4.079000,true,matched_request_response
run_3,20260712,883,after,883,target_did_random_data,0x1234,5,CACB,2E1234CACB,052E1234CACB0000,7F2E31,negative,0x7F,0x31,false,false,false,2026-07-10T12:44:18.162982+02:00,3017122046250,3017125227467,3.181217,true,true,57305140,57309227,4.087000,true,matched_request_response
run_3,20260712,884,after,884,target_did_random_data,0x1234,4,28,2E123428,042E123428000000,7F2E31,negative,0x7F,0x31,false,false,false,2026-07-10T12:44:18.187512+02:00,3017146576172,3017149521883,2.945711,true,true,57329656,57333749,4.093000,true,matched_request_response
run_3,20260712,885,after,885,unknown_did,0xF187,4,42,2EF18742,042EF18742000000,7F2E31,negative,0x7F,0x31,false,false,false,2026-07-10T12:44:18.211892+02:00,3017170955934,3017173919804,2.963870,true,true,57354018,57358105,4.087000,true,matched_request_response
run_3,20260712,886,after,886,target_did_random_data,0x1234,7,EFD45C0A,2E1234EFD45C0A,072E1234EFD45C0A,7F2E31,negative,0x7F,0x31,false,false,false,2026-07-10T12:44:18.236301+02:00,3017195364750,3017198377998,3.013248,true,true,57378393,57382476,4.083000,true,matched_request_response
run_3,20260712,887,after,887,target_did_random_data,0x1234,5,AF2E,2E1234AF2E,052E1234AF2E0000,7F2E31,negative,0x7F,0x31,false,false,false,2026-07-10T12:44:18.260678+02:00,3017219742138,3017222773684,3.031546,true,true,57402739,57406823,4.084000,true,matched_request_response
run_3,20260712,888,after,888,target_did_random_data,0x1234,4,C7,2E1234C7,042E1234C7000000,7F2E31,negative,0x7F,0x31,false,false,false,2026-07-10T12:44:18.285175+02:00,3017244239094,3017247220913,2.981819,true,true,57427222,57431312,4.090000,true,matched_request_response
run_3,20260712,889,after,889,target_did_random_data,0x1234,7,13DCAC4B,2E123413DCAC4B,072E123413DCAC4B,7F2E31,negative,0x7F,0x31,false,false,false,2026-07-10T12:44:18.309882+02:00,3017268945925,3017271549481,2.603556,true,true,57451879,57455955,4.076000,true,matched_request_response
run_3,20260712,890,after,890,target_did_random_data,0x1234,7,98518CFB,2E123498518CFB,072E123498518CFB,7F2E31,negative,0x7F,0x31,false,false,false,2026-07-10T12:44:18.333878+02:00,3017292941139,3017296034495,3.093356,true,true,57475853,57479929,4.076000,true,matched_request_response
run_3,20260712,891,after,891,read_only_did,0x1001,4,9A,2E10019A,042E10019A000000,7F2E31,negative,0x7F,0x31,false,false,false,2026-07-10T12:44:18.358403+02:00,3017317466660,3017320417400,2.950740,true,true,57500367,57504462,4.095000,true,matched_request_response
run_3,20260712,892,after,892,read_only_did,0x1001,4,2A,2E10012A,042E10012A000000,7F2E31,negative,0x7F,0x31,false,false,false,2026-07-10T12:44:18.382796+02:00,3017341860391,3017344805613,2.945222,true,true,57524747,57528840,4.093000,true,matched_request_response
run_3,20260712,893,after,893,target_did_random_data,0x1234,6,38A076,2E123438A076,062E123438A07600,7F2E31,negative,0x7F,0x31,false,false,false,2026-07-10T12:44:18.407107+02:00,3017366171499,3017369227350,3.055851,true,true,57549014,57553094,4.080000,true,matched_request_response
run_3,20260712,894,after,894,target_did_random_data,0x1234,7,10308099,2E123410308099,072E123410308099,7F2E31,negative,0x7F,0x31,false,false,false,2026-07-10T12:44:18.431582+02:00,3017390646664,3017393649017,3.002353,true,true,57573472,57577550,4.078000,true,matched_request_response
run_3,20260712,895,after,895,target_did_random_data,0x1234,7,ABC9F897,2E1234ABC9F897,072E1234ABC9F897,7F2E31,negative,0x7F,0x31,false,false,false,2026-07-10T12:44:18.456235+02:00,3017415299158,3017418098900,2.799742,true,true,57598083,57602161,4.078000,true,matched_request_response
run_3,20260712,896,after,896,target_did_random_data,0x1234,5,1D03,2E12341D03,052E12341D030000,7F2E31,negative,0x7F,0x31,false,false,false,2026-07-10T12:44:18.480483+02:00,3017439547828,3017442502408,2.954580,true,true,57622314,57626405,4.091000,true,matched_request_response
run_3,20260712,897,after,897,target_did_random_data,0x1234,4,20,2E123420,042E123420000000,7F2E31,negative,0x7F,0x31,false,false,false,2026-07-10T12:44:18.504835+02:00,3017463897977,3017466922330,3.024353,true,true,57646687,57650778,4.091000,true,matched_request_response
run_3,20260712,898,after,898,target_did_random_data,0x1234,5,D898,2E1234D898,052E1234D8980000,7F2E31,negative,0x7F,0x31,false,false,false,2026-07-10T12:44:18.529270+02:00,3017488334171,3017491303000,2.968829,true,true,57671030,57675114,4.084000,true,matched_request_response
run_3,20260712,899,after,899,target_did_random_data,0x1234,6,EE8A8E,2E1234EE8A8E,062E1234EE8A8E00,7F2E31,negative,0x7F,0x31,false,false,false,2026-07-10T12:44:18.553669+02:00,3017512733070,3017515745130,3.012060,true,true,57695402,57699484,4.082000,true,matched_request_response
run_3,20260712,900,after,900,target_did_random_data,0x1234,4,2A,2E12342A,042E12342A000000,7F2E31,negative,0x7F,0x31,false,false,false,2026-07-10T12:44:18.578094+02:00,3017537158159,3017540195782,3.037623,true,true,57719814,57723903,4.089000,true,matched_request_response
run_3,20260712,901,after,901,target_did_random_data,0x1234,4,D7,2E1234D7,042E1234D7000000,7F2E31,negative,0x7F,0x31,false,false,false,2026-07-10T12:44:18.602646+02:00,3017561709033,3017564528680,2.819647,true,true,57744334,57748425,4.091000,true,matched_request_response
run_3,20260712,902,after,902,target_did_random_data,0x1234,5,56CD,2E123456CD,052E123456CD0000,7F2E31,negative,0x7F,0x31,false,false,false,2026-07-10T12:44:18.626919+02:00,3017585982985,3017588996722,3.013737,true,true,57768600,57772687,4.087000,true,matched_request_response
run_3,20260712,903,after,903,target_did_random_data,0x1234,6,BDC3AC,2E1234BDC3AC,062E1234BDC3AC00,7F2E31,negative,0x7F,0x31,false,false,false,2026-07-10T12:44:18.651336+02:00,3017610399345,3017613384935,2.985590,true,true,57792969,57797050,4.081000,true,matched_request_response
run_3,20260712,904,after,904,target_did_random_data,0x1234,6,8AFE13,2E12348AFE13,062E12348AFE1300,7F2E31,negative,0x7F,0x31,false,false,false,2026-07-10T12:44:18.675704+02:00,3017634768351,3017637780551,3.012200,true,true,57817300,57821383,4.083000,true,matched_request_response
run_3,20260712,905,after,905,target_did_random_data,0x1234,7,448F2AC5,2E1234448F2AC5,072E1234448F2AC5,7F2E31,negative,0x7F,0x31,false,false,false,2026-07-10T12:44:18.700143+02:00,3017659207409,3017662198936,2.991527,true,true,57841699,57845778,4.079000,true,matched_request_response
run_3,20260712,906,after,906,target_did_random_data,0x1234,7,4BF92A92,2E12344BF92A92,072E12344BF92A92,7F2E31,negative,0x7F,0x31,false,false,false,2026-07-10T12:44:18.724562+02:00,3017683626073,3017686614946,2.988873,true,true,57866103,57870181,4.078000,true,matched_request_response
run_3,20260712,907,after,907,target_did_random_data,0x1234,5,A765,2E1234A765,052E1234A7650000,7F2E31,negative,0x7F,0x31,false,false,false,2026-07-10T12:44:18.748913+02:00,3017707977200,3017711066226,3.089026,true,true,57890452,57894539,4.087000,true,matched_request_response
run_3,20260712,908,after,908,target_did_random_data,0x1234,4,39,2E123439,042E123439000000,7F2E31,negative,0x7F,0x31,false,false,false,2026-07-10T12:44:18.773443+02:00,3017732507680,3017735480071,2.972391,true,true,57914942,57919030,4.088000,true,matched_request_response
run_3,20260712,909,after,909,missing_data,0x1234,3,,2E1234,032E123400000000,7F2E31,negative,0x7F,0x31,false,false,false,2026-07-10T12:44:18.797798+02:00,3017756863068,3017759873173,3.010105,true,true,57939282,57943377,4.095000,true,matched_request_response
run_3,20260712,910,after,910,target_did_random_data,0x1234,4,23,2E123423,042E123423000000,7F2E31,negative,0x7F,0x31,false,false,false,2026-07-10T12:44:18.822195+02:00,3017781259382,3017784322078,3.062696,true,true,57963642,57967735,4.093000,true,matched_request_response
run_3,20260712,911,after,911,unknown_did,0x3333,4,C4,2E3333C4,042E3333C4000000,7F2E31,negative,0x7F,0x31,false,false,false,2026-07-10T12:44:18.846660+02:00,3017805723723,3017808747866,3.024143,true,true,57988088,57992179,4.091000,true,matched_request_response
run_3,20260712,912,after,912,target_did_random_data,0x1234,5,DA8C,2E1234DA8C,052E1234DA8C0000,7F2E31,negative,0x7F,0x31,false,false,false,2026-07-10T12:44:18.871092+02:00,3017830156355,3017833203546,3.047191,true,true,58012484,58016570,4.086000,true,matched_request_response
run_3,20260712,913,after,913,target_did_random_data,0x1234,5,3C3A,2E12343C3A,052E12343C3A0000,7F2E31,negative,0x7F,0x31,false,false,false,2026-07-10T12:44:18.895591+02:00,3017854654918,3017857569549,2.914631,true,true,58036968,58041052,4.084000,true,matched_request_response
run_3,20260712,914,after,914,target_did_random_data,0x1234,6,55E9EC,2E123455E9EC,062E123455E9EC00,7F2E31,negative,0x7F,0x31,false,false,false,2026-07-10T12:44:18.919880+02:00,3017878943467,3017881878841,2.935374,true,true,58061237,58065320,4.083000,true,matched_request_response
run_3,20260712,915,after,915,unknown_did,0x3333,6,1C9226,2E33331C9226,062E33331C922600,7F2E31,negative,0x7F,0x31,false,false,false,2026-07-10T12:44:18.944178+02:00,3017903242422,3017906316991,3.074569,true,true,58085484,58089566,4.082000,true,matched_request_response
run_3,20260712,916,after,916,target_did_random_data,0x1234,7,D8738B0C,2E1234D8738B0C,072E1234D8738B0C,7F2E31,negative,0x7F,0x31,false,false,false,2026-07-10T12:44:18.968594+02:00,3017927657873,3017930747598,3.089725,true,true,58109885,58113966,4.081000,true,matched_request_response
run_3,20260712,917,after,917,target_did_random_data,0x1234,4,7C,2E12347C,042E12347C000000,7F2E31,negative,0x7F,0x31,false,false,false,2026-07-10T12:44:18.993114+02:00,3017952177738,3017955223672,3.045934,true,true,58134403,58138494,4.091000,true,matched_request_response
run_3,20260712,918,after,918,target_did_random_data,0x1234,7,506EA1BD,2E1234506EA1BD,072E1234506EA1BD,7F2E31,negative,0x7F,0x31,false,false,false,2026-07-10T12:44:19.017541+02:00,3017976604783,3017979599104,2.994321,true,true,58158779,58162855,4.076000,true,matched_request_response
run_3,20260712,919,after,919,target_did_random_data,0x1234,5,5040,2E12345040,052E123450400000,7F2E31,negative,0x7F,0x31,false,false,false,2026-07-10T12:44:19.041977+02:00,3018001041675,3018003988783,2.947108,true,true,58183214,58187301,4.087000,true,matched_request_response
run_3,20260712,920,after,920,target_did_random_data,0x1234,4,CB,2E1234CB,042E1234CB000000,7F2E31,negative,0x7F,0x31,false,false,false,2026-07-10T12:44:19.066328+02:00,3018025392733,3018028440622,3.047889,true,true,58207527,58211617,4.090000,true,matched_request_response
run_3,20260712,921,after,921,target_did_random_data,0x1234,7,91828FA9,2E123491828FA9,072E123491828FA9,7F2E31,negative,0x7F,0x31,false,false,false,2026-07-10T12:44:19.090775+02:00,3018049838845,3018052858099,3.019254,true,true,58231931,58236007,4.076000,true,matched_request_response
run_3,20260712,922,after,922,target_did_random_data,0x1234,4,AE,2E1234AE,042E1234AE000000,7F2E31,negative,0x7F,0x31,false,false,false,2026-07-10T12:44:19.115220+02:00,3018074284817,3018077249944,2.965127,true,true,58256382,58260473,4.091000,true,matched_request_response
run_3,20260712,923,after,923,target_did_random_data,0x1234,7,85410F03,2E123485410F03,072E123485410F03,7F2E31,negative,0x7F,0x31,false,false,false,2026-07-10T12:44:19.139575+02:00,3018098638668,3018101680900,3.042232,true,true,58280693,58284781,4.088000,true,matched_request_response
run_3,20260712,924,after,924,target_did_random_data,0x1234,6,3AEA23,2E12343AEA23,062E12343AEA2300,7F2E31,negative,0x7F,0x31,false,false,false,2026-07-10T12:44:19.163985+02:00,3018123049859,3018126083570,3.033711,true,true,58305062,58309141,4.079000,true,matched_request_response
run_3,20260712,925,after,925,target_did_random_data,0x1234,5,8485,2E12348485,052E123484850000,7F2E31,negative,0x7F,0x31,false,false,false,2026-07-10T12:44:19.188387+02:00,3018147451132,3018150646946,3.195814,true,true,58329446,58333532,4.086000,true,matched_request_response
run_3,20260712,926,after,926,target_did_random_data,0x1234,6,A77327,2E1234A77327,062E1234A7732700,7F2E31,negative,0x7F,0x31,false,false,false,2026-07-10T12:44:19.212992+02:00,3018172056413,3018174898549,2.842136,true,true,58354025,58358106,4.081000,true,matched_request_response
run_3,20260712,927,after,927,target_did_random_data,0x1234,4,53,2E123453,042E123453000000,7F2E31,negative,0x7F,0x31,false,false,false,2026-07-10T12:44:19.237236+02:00,3018196299565,3018199358070,3.058505,true,true,58378270,58382360,4.090000,true,matched_request_response
run_3,20260712,928,after,928,unknown_did,0x2222,6,825A46,2E2222825A46,062E2222825A4600,7F2E31,negative,0x7F,0x31,false,false,false,2026-07-10T12:44:19.261640+02:00,3018220703842,3018223737763,3.033921,true,true,58402626,58406709,4.083000,true,matched_request_response
run_3,20260712,929,after,929,target_did_random_data,0x1234,4,6B,2E12346B,042E12346B000000,7F2E31,negative,0x7F,0x31,false,false,false,2026-07-10T12:44:19.286012+02:00,3018245076271,3018248156636,3.080365,true,true,58426969,58431056,4.087000,true,matched_request_response
run_3,20260712,930,after,930,target_did_random_data,0x1234,4,17,2E123417,042E123417000000,7F2E31,negative,0x7F,0x31,false,false,false,2026-07-10T12:44:19.310443+02:00,3018269506738,3018272537726,3.030988,true,true,58451386,58455476,4.090000,true,matched_request_response
run_3,20260712,931,after,931,target_did_random_data,0x1234,6,A76F5A,2E1234A76F5A,062E1234A76F5A00,7F2E31,negative,0x7F,0x31,false,false,false,2026-07-10T12:44:19.334826+02:00,3018293889783,3018296963374,3.073591,true,true,58475733,58479814,4.081000,true,matched_request_response
run_3,20260712,932,after,932,target_did_random_data,0x1234,4,72,2E123472,042E123472000000,7F2E31,negative,0x7F,0x31,false,false,false,2026-07-10T12:44:19.359312+02:00,3018318375635,3018321367301,2.991666,true,true,58500206,58504297,4.091000,true,matched_request_response
run_3,20260712,933,after,933,target_did_random_data,0x1234,7,9BFEDD67,2E12349BFEDD67,072E12349BFEDD67,7F2E31,negative,0x7F,0x31,false,false,false,2026-07-10T12:44:19.383615+02:00,3018342678012,3018345790784,3.112772,true,true,58524461,58528540,4.079000,true,matched_request_response
run_3,20260712,934,after,934,target_did_random_data,0x1234,4,0A,2E12340A,042E12340A000000,7F2E31,negative,0x7F,0x31,false,false,false,2026-07-10T12:44:19.408114+02:00,3018367178112,3018370236826,3.058714,true,true,58548949,58553041,4.092000,true,matched_request_response
run_3,20260712,935,after,935,target_did_random_data,0x1234,7,10C044CC,2E123410C044CC,072E123410C044CC,7F2E31,negative,0x7F,0x31,false,false,false,2026-07-10T12:44:19.432521+02:00,3018391584484,3018394669948,3.085464,true,true,58573310,58577389,4.079000,true,matched_request_response
run_3,20260712,936,after,936,target_did_random_data,0x1234,7,F1B3B5A8,2E1234F1B3B5A8,072E1234F1B3B5A8,7F2E31,negative,0x7F,0x31,false,false,false,2026-07-10T12:44:19.456999+02:00,3018416063491,3018419048662,2.985171,true,true,58597752,58601829,4.077000,true,matched_request_response
run_3,20260712,937,after,937,target_did_random_data,0x1234,7,9DEA9062,2E12349DEA9062,072E12349DEA9062,7F2E31,negative,0x7F,0x31,false,false,false,2026-07-10T12:44:19.481353+02:00,3018440417412,3018443451822,3.034410,true,true,58622075,58626154,4.079000,true,matched_request_response
run_3,20260712,938,after,938,unknown_did,0x2222,4,C7,2E2222C7,042E2222C7000000,7F2E31,negative,0x7F,0x31,false,false,false,2026-07-10T12:44:19.505784+02:00,3018464847250,3018467849184,3.001934,true,true,58646509,58650600,4.091000,true,matched_request_response
run_3,20260712,939,after,939,missing_data,0x1234,3,,2E1234,032E123400000000,7F2E31,negative,0x7F,0x31,false,false,false,2026-07-10T12:44:19.530173+02:00,3018489237349,3018492277556,3.040207,true,true,58670862,58674955,4.093000,true,matched_request_response
run_3,20260712,940,after,940,target_did_random_data,0x1234,6,91F276,2E123491F276,062E123491F27600,7F2E31,negative,0x7F,0x31,false,false,false,2026-07-10T12:44:19.554623+02:00,3018513687023,3018516725484,3.038461,true,true,58695275,58699357,4.082000,true,matched_request_response
run_3,20260712,941,after,941,target_did_random_data,0x1234,7,9E73E604,2E12349E73E604,072E12349E73E604,7F2E31,negative,0x7F,0x31,false,false,false,2026-07-10T12:44:19.579015+02:00,3018538079706,3018541196180,3.116474,true,true,58719634,58723717,4.083000,true,matched_request_response
run_3,20260712,942,after,942,target_did_random_data,0x1234,5,7F4E,2E12347F4E,052E12347F4E0000,7F2E31,negative,0x7F,0x31,false,false,false,2026-07-10T12:44:19.603572+02:00,3018562636866,3018565528100,2.891234,true,true,58744174,58748261,4.087000,true,matched_request_response
run_3,20260712,943,after,943,target_did_random_data,0x1234,5,4642,2E12344642,052E123446420000,7F2E31,negative,0x7F,0x31,false,false,false,2026-07-10T12:44:19.627825+02:00,3018586889237,3018589989577,3.100340,true,true,58768386,58772472,4.086000,true,matched_request_response
run_3,20260712,944,after,944,target_did_random_data,0x1234,5,0750,2E12340750,052E123407500000,7F2E31,negative,0x7F,0x31,false,false,false,2026-07-10T12:44:19.652374+02:00,3018611438295,3018614382540,2.944245,true,true,58792926,58797015,4.089000,true,matched_request_response
run_3,20260712,945,after,945,target_did_random_data,0x1234,5,0BB8,2E12340BB8,052E12340BB80000,7F2E31,negative,0x7F,0x31,false,false,false,2026-07-10T12:44:19.676701+02:00,3018635765467,3018638805185,3.039718,true,true,58817216,58821307,4.091000,true,matched_request_response
run_3,20260712,946,after,946,missing_data,0x1234,3,,2E1234,032E123400000000,7F2E31,negative,0x7F,0x31,false,false,false,2026-07-10T12:44:19.701227+02:00,3018660290360,3018663221125,2.930765,true,true,58841725,58845821,4.096000,true,matched_request_response
run_3,20260712,947,after,947,target_did_random_data,0x1234,7,D22B8D8C,2E1234D22B8D8C,072E1234D22B8D8C,7F2E31,negative,0x7F,0x31,false,false,false,2026-07-10T12:44:19.725534+02:00,3018684598395,3018687598862,3.000467,true,true,58865977,58870053,4.076000,true,matched_request_response
run_3,20260712,948,after,948,missing_data,0x1234,3,,2E1234,032E123400000000,7F2E31,negative,0x7F,0x31,false,false,false,2026-07-10T12:44:19.749902+02:00,3018708965306,3018712038409,3.073103,true,true,58890338,58894432,4.094000,true,matched_request_response
run_3,20260712,949,after,949,target_did_random_data,0x1234,6,59E97B,2E123459E97B,062E123459E97B00,7F2E31,negative,0x7F,0x31,false,false,false,2026-07-10T12:44:19.774356+02:00,3018733420148,3018736405180,2.985032,true,true,58914752,58918832,4.080000,true,matched_request_response
run_3,20260712,950,after,950,target_did_random_data,0x1234,7,3E299320,2E12343E299320,072E12343E299320,7F2E31,negative,0x7F,0x31,false,false,false,2026-07-10T12:44:19.798741+02:00,3018757805498,3018760879648,3.074150,true,true,58939118,58943196,4.078000,true,matched_request_response
run_3,20260712,951,after,951,missing_data,0x1234,3,,2E1234,032E123400000000,7F2E31,negative,0x7F,0x31,false,false,false,2026-07-10T12:44:19.823234+02:00,3018782297915,3018785261645,2.963730,true,true,58963591,58967686,4.095000,true,matched_request_response
run_3,20260712,952,after,952,target_did_random_data,0x1234,6,86AAEC,2E123486AAEC,062E123486AAEC00,7F2E31,negative,0x7F,0x31,false,false,false,2026-07-10T12:44:19.847552+02:00,3018806615588,3018809690157,3.074569,true,true,58987873,58991953,4.080000,true,matched_request_response
run_3,20260712,953,after,953,target_did_random_data,0x1234,4,81,2E123481,042E123481000000,7F2E31,negative,0x7F,0x31,false,false,false,2026-07-10T12:44:19.871977+02:00,3018831040747,3018834214072,3.173325,true,true,59012278,59016369,4.091000,true,matched_request_response
run_3,20260712,954,after,954,target_did_random_data,0x1234,4,6F,2E12346F,042E12346F000000,7F2E31,negative,0x7F,0x31,false,false,false,2026-07-10T12:44:19.896517+02:00,3018855580726,3018858757892,3.177166,true,true,59036789,59040877,4.088000,true,matched_request_response
run_3,20260712,955,after,955,target_did_random_data,0x1234,6,CC7A14,2E1234CC7A14,062E1234CC7A1400,7F2E31,negative,0x7F,0x31,false,false,false,2026-07-10T12:44:19.921110+02:00,3018880174483,3018882902777,2.728294,true,true,59061343,59065425,4.082000,true,matched_request_response
run_3,20260712,956,after,956,read_only_did,0x1001,5,058A,2E1001058A,052E1001058A0000,7F2E31,negative,0x7F,0x31,false,false,false,2026-07-10T12:44:19.945232+02:00,3018904296320,3018907291619,2.995299,true,true,59085443,59089539,4.096000,true,matched_request_response
run_3,20260712,957,after,957,unknown_did,0x2222,5,0791,2E22220791,052E222207910000,7F2E31,negative,0x7F,0x31,false,false,false,2026-07-10T12:44:19.969577+02:00,3018928640743,3018931751489,3.110746,true,true,59109751,59113840,4.089000,true,matched_request_response
run_3,20260712,958,after,958,missing_data,0x1234,3,,2E1234,032E123400000000,7F2E31,negative,0x7F,0x31,false,false,false,2026-07-10T12:44:19.993976+02:00,3018953040759,3018956134464,3.093705,true,true,59134131,59138225,4.094000,true,matched_request_response
run_3,20260712,959,after,959,target_did_random_data,0x1234,4,CF,2E1234CF,042E1234CF000000,7F2E31,negative,0x7F,0x31,false,false,false,2026-07-10T12:44:20.018392+02:00,3018977456141,3018980588887,3.132746,true,true,59158519,59162609,4.090000,true,matched_request_response
run_3,20260712,960,after,960,target_did_random_data,0x1234,7,B224126B,2E1234B224126B,072E1234B224126B,7F2E31,negative,0x7F,0x31,false,false,false,2026-07-10T12:44:20.042886+02:00,3019001950443,3019004971234,3.020791,true,true,59182979,59187055,4.076000,true,matched_request_response
run_3,20260712,961,after,961,target_did_random_data,0x1234,4,E6,2E1234E6,042E1234E6000000,7F2E31,negative,0x7F,0x31,false,false,false,2026-07-10T12:44:20.067271+02:00,3019026335723,3019029381377,3.045654,true,true,59207341,59211432,4.091000,true,matched_request_response
run_3,20260712,962,after,962,missing_data,0x1234,3,,2E1234,032E123400000000,7F2E31,negative,0x7F,0x31,false,false,false,2026-07-10T12:44:20.091654+02:00,3019050717511,3019053825953,3.108442,true,true,59231692,59235786,4.094000,true,matched_request_response
run_3,20260712,963,after,963,target_did_random_data,0x1234,5,E8E3,2E1234E8E3,052E1234E8E30000,7F2E31,negative,0x7F,0x31,false,false,false,2026-07-10T12:44:20.116185+02:00,3019075248061,3019078200337,2.952276,true,true,59256189,59260276,4.087000,true,matched_request_response
run_3,20260712,964,after,964,target_did_random_data,0x1234,6,C2CC64,2E1234C2CC64,062E1234C2CC6400,7F2E31,negative,0x7F,0x31,false,false,false,2026-07-10T12:44:20.140453+02:00,3019099516566,3019102646938,3.130372,true,true,59280429,59284511,4.082000,true,matched_request_response
run_3,20260712,965,after,965,target_did_random_data,0x1234,7,ACA52E3F,2E1234ACA52E3F,072E1234ACA52E3F,7F2E31,negative,0x7F,0x31,false,false,false,2026-07-10T12:44:20.164977+02:00,3019124040272,3019127048142,3.007870,true,true,59304915,59308991,4.076000,true,matched_request_response
run_3,20260712,966,after,966,missing_data,0x1234,3,,2E1234,032E123400000000,7F2E31,negative,0x7F,0x31,false,false,false,2026-07-10T12:44:20.189406+02:00,3019148469971,3019151453606,2.983635,true,true,59329339,59333433,4.094000,true,matched_request_response
run_3,20260712,967,after,967,missing_data,0x1234,3,,2E1234,032E123400000000,7F2E31,negative,0x7F,0x31,false,false,false,2026-07-10T12:44:20.213748+02:00,3019172812019,3019175890848,3.078829,true,true,59353643,59357740,4.097000,true,matched_request_response
run_3,20260712,968,after,968,target_did_random_data,0x1234,5,C1EF,2E1234C1EF,052E1234C1EF0000,7F2E31,negative,0x7F,0x31,false,false,false,2026-07-10T12:44:20.238207+02:00,3019197271401,3019200293030,3.021629,true,true,59378082,59382168,4.086000,true,matched_request_response
run_3,20260712,969,after,969,unknown_did,0x3333,4,A2,2E3333A2,042E3333A2000000,7F2E31,negative,0x7F,0x31,false,false,false,2026-07-10T12:44:20.262603+02:00,3019221666458,3019224746196,3.079738,true,true,59402439,59406530,4.091000,true,matched_request_response
run_3,20260712,970,after,970,target_did_random_data,0x1234,4,32,2E123432,042E123432000000,7F2E31,negative,0x7F,0x31,false,false,false,2026-07-10T12:44:20.287059+02:00,3019246123396,3019249155780,3.032384,true,true,59426871,59430960,4.089000,true,matched_request_response
run_3,20260712,971,after,971,target_did_random_data,0x1234,7,835FC2CD,2E1234835FC2CD,072E1234835FC2CD,7F2E31,negative,0x7F,0x31,false,false,false,2026-07-10T12:44:20.311466+02:00,3019270530187,3019273561873,3.031686,true,true,59451234,59455313,4.079000,true,matched_request_response
run_3,20260712,972,after,972,target_did_random_data,0x1234,4,A3,2E1234A3,042E1234A3000000,7F2E31,negative,0x7F,0x31,false,false,false,2026-07-10T12:44:20.335896+02:00,3019294959676,3019297965940,3.006264,true,true,59475657,59479750,4.093000,true,matched_request_response
run_3,20260712,973,after,973,target_did_random_data,0x1234,5,FDB0,2E1234FDB0,052E1234FDB00000,7F2E31,negative,0x7F,0x31,false,false,false,2026-07-10T12:44:20.360270+02:00,3019319333782,3019322384884,3.051102,true,true,59499991,59504075,4.084000,true,matched_request_response
run_3,20260712,974,after,974,target_did_random_data,0x1234,6,07DD5B,2E123407DD5B,062E123407DD5B00,7F2E31,negative,0x7F,0x31,false,false,false,2026-07-10T12:44:20.384719+02:00,3019343783386,3019346835466,3.052080,true,true,59524414,59528501,4.087000,true,matched_request_response
run_3,20260712,975,after,975,unknown_did,0x3333,6,C56FFA,2E3333C56FFA,062E3333C56FFA00,7F2E31,negative,0x7F,0x31,false,false,false,2026-07-10T12:44:20.409217+02:00,3019368281320,3019371253711,2.972391,true,true,59548887,59552968,4.081000,true,matched_request_response
run_3,20260712,976,after,976,target_did_random_data,0x1234,5,25A8,2E123425A8,052E123425A80000,7F2E31,negative,0x7F,0x31,false,false,false,2026-07-10T12:44:20.433575+02:00,3019392639641,3019395666718,3.027077,true,true,59573225,59577311,4.086000,true,matched_request_response
run_3,20260712,977,after,977,target_did_random_data,0x1234,6,D2A3F1,2E1234D2A3F1,062E1234D2A3F100,7F2E31,negative,0x7F,0x31,false,false,false,2026-07-10T12:44:20.458076+02:00,3019417140020,3019420061426,2.921406,true,true,59597695,59601778,4.083000,true,matched_request_response
run_3,20260712,978,after,978,target_did_random_data,0x1234,4,E1,2E1234E1,042E1234E1000000,7F2E31,negative,0x7F,0x31,false,false,false,2026-07-10T12:44:20.482447+02:00,3019441511262,3019444466331,2.955069,true,true,59622059,59626147,4.088000,true,matched_request_response
run_3,20260712,979,after,979,target_did_random_data,0x1234,5,C92B,2E1234C92B,052E1234C92B0000,7F2E31,negative,0x7F,0x31,false,false,false,2026-07-10T12:44:20.506811+02:00,3019465875519,3019468864811,2.989292,true,true,59646390,59650476,4.086000,true,matched_request_response
run_3,20260712,980,after,980,target_did_random_data,0x1234,6,5427FB,2E12345427FB,062E12345427FB00,7F2E31,negative,0x7F,0x31,false,false,false,2026-07-10T12:44:20.531142+02:00,3019490205764,3019493323215,3.117451,true,true,59670697,59674780,4.083000,true,matched_request_response
run_3,20260712,981,after,981,target_did_random_data,0x1234,6,BE8920,2E1234BE8920,062E1234BE892000,7F2E31,negative,0x7F,0x31,false,false,false,2026-07-10T12:44:20.555655+02:00,3019514719063,3019517693829,2.974766,true,true,59695189,59699272,4.083000,true,matched_request_response
run_3,20260712,982,after,982,read_only_did,0x1001,4,DA,2E1001DA,042E1001DA000000,7F2E31,negative,0x7F,0x31,false,false,false,2026-07-10T12:44:20.579978+02:00,3019539041346,3019542147623,3.106277,true,true,59719487,59723582,4.095000,true,matched_request_response
run_3,20260712,983,after,983,read_only_did,0x1001,4,E2,2E1001E2,042E1001E2000000,7F2E31,negative,0x7F,0x31,false,false,false,2026-07-10T12:44:20.604393+02:00,3019563457356,3019566511881,3.054525,true,true,59743889,59747982,4.093000,true,matched_request_response
run_3,20260712,984,after,984,target_did_random_data,0x1234,7,0FC9DACA,2E12340FC9DACA,072E12340FC9DACA,7F2E31,negative,0x7F,0x31,false,false,false,2026-07-10T12:44:20.628813+02:00,3019587876439,3019590970145,3.093706,true,true,59768262,59772345,4.083000,true,matched_request_response
run_3,20260712,985,after,985,target_did_random_data,0x1234,6,09E73D,2E123409E73D,062E123409E73D00,7F2E31,negative,0x7F,0x31,false,false,false,2026-07-10T12:44:20.653338+02:00,3019612402730,3019615349977,2.947247,true,true,59792765,59796850,4.085000,true,matched_request_response
run_3,20260712,986,after,986,unknown_did,0x3333,7,818F0607,2E3333818F0607,072E3333818F0607,7F2E31,negative,0x7F,0x31,false,false,false,2026-07-10T12:44:20.677856+02:00,3019636920359,3019639807892,2.887533,true,true,59817299,59821386,4.087000,true,matched_request_response
run_3,20260712,987,after,987,missing_data,0x1234,3,,2E1234,032E123400000000,7F2E31,negative,0x7F,0x31,false,false,false,2026-07-10T12:44:20.702254+02:00,3019661317861,3019664206302,2.888441,true,true,59841646,59845744,4.098000,true,matched_request_response
run_3,20260712,988,after,988,read_only_did,0x1001,5,F8A4,2E1001F8A4,052E1001F8A40000,7F2E31,negative,0x7F,0x31,false,false,false,2026-07-10T12:44:20.726512+02:00,3019685575960,3019688569722,2.993762,true,true,59865877,59869966,4.089000,true,matched_request_response
run_3,20260712,989,after,989,target_did_random_data,0x1234,4,B5,2E1234B5,042E1234B5000000,7F2E31,negative,0x7F,0x31,false,false,false,2026-07-10T12:44:20.750897+02:00,3019709961868,3019712979935,3.018067,true,true,59890240,59894331,4.091000,true,matched_request_response
run_3,20260712,990,after,990,target_did_random_data,0x1234,6,D2EEE0,2E1234D2EEE0,062E1234D2EEE000,7F2E31,negative,0x7F,0x31,false,false,false,2026-07-10T12:44:20.775365+02:00,3019734429072,3019737401253,2.972181,true,true,59914658,59918744,4.086000,true,matched_request_response
run_3,20260712,991,after,991,unknown_did,0x2222,6,9B7F92,2E22229B7F92,062E22229B7F9200,7F2E31,negative,0x7F,0x31,false,false,false,2026-07-10T12:44:20.799738+02:00,3019758803108,3019762110668,3.307560,true,true,59939012,59943092,4.080000,true,matched_request_response
run_3,20260712,992,after,992,target_did_random_data,0x1234,5,F6FD,2E1234F6FD,052E1234F6FD0000,7F2E31,negative,0x7F,0x31,false,false,false,2026-07-10T12:44:20.824435+02:00,3019783499881,3019786216861,2.716980,true,true,59963684,59967770,4.086000,true,matched_request_response
run_3,20260712,993,after,993,target_did_random_data,0x1234,4,A3,2E1234A3,042E1234A3000000,7F2E31,negative,0x7F,0x31,false,false,false,2026-07-10T12:44:20.848588+02:00,3019807652798,3019810877456,3.224658,true,true,59987819,59991908,4.089000,true,matched_request_response
run_3,20260712,994,after,994,target_did_random_data,0x1234,6,42D8AB,2E123442D8AB,062E123442D8AB00,7F2E31,negative,0x7F,0x31,false,false,false,2026-07-10T12:44:20.873196+02:00,3019832261012,3019835069694,2.808682,true,true,60012379,60016462,4.083000,true,matched_request_response
run_3,20260712,995,after,995,target_did_random_data,0x1234,5,5F3B,2E12345F3B,052E12345F3B0000,7F2E31,negative,0x7F,0x31,false,false,false,2026-07-10T12:44:20.897425+02:00,3019856489986,3019859480466,2.990480,true,true,60036598,60040684,4.086000,true,matched_request_response
run_3,20260712,996,after,996,read_only_did,0x1001,6,F3DBC3,2E1001F3DBC3,062E1001F3DBC300,7F2E31,negative,0x7F,0x31,false,false,false,2026-07-10T12:44:20.921777+02:00,3019880841603,3019883903600,3.061997,true,true,60060916,60065001,4.085000,true,matched_request_response
run_3,20260712,997,after,997,unknown_did,0x3333,5,32CE,2E333332CE,052E333332CE0000,7F2E31,negative,0x7F,0x31,false,false,false,2026-07-10T12:44:20.946249+02:00,3019905312788,3019908304315,2.991527,true,true,60085360,60089446,4.086000,true,matched_request_response
run_3,20260712,998,after,998,target_did_random_data,0x1234,4,03,2E123403,042E123403000000,7F2E31,negative,0x7F,0x31,false,false,false,2026-07-10T12:44:20.970702+02:00,3019929767281,3019932733665,2.966384,true,true,60109799,60113892,4.093000,true,matched_request_response
run_3,20260712,999,after,999,target_did_random_data,0x1234,5,BF90,2E1234BF90,052E1234BF900000,7F2E31,negative,0x7F,0x31,false,false,false,2026-07-10T12:44:20.994971+02:00,3019954034458,3019957110983,3.076525,true,true,60134020,60138104,4.084000,true,matched_request_response
run_3,20260712,1000,after,1000,missing_data,0x1234,3,,2E1234,032E123400000000,7F2E31,negative,0x7F,0x31,false,false,false,2026-07-10T12:44:21.019336+02:00,3019978399275,3019980567159,2.167884,true,true,60158357,60162452,4.095000,true,matched_request_response
