run_id,random_seed,case_id,patch_state,trial,mutation_kind,did_hex,payload_length,data_hex,request_payload,request_can_data_hex,response_payload,response_class,response_sid,nrc,attack_pass,attack_success,timeout,send_wall_iso,send_monotonic_ns,recv_monotonic_ns,latency_ms,observer_request_seen,observer_response_seen,observer_request_timestamp_us,observer_response_timestamp_us,observer_latency_ms,observer_consistent,consistency_note
run_2,20260711,1,after,1,target_did_random_data,0x1234,4,F3,2E1234F3,042E1234F3000000,7F2E31,negative,0x7F,0x31,false,false,false,2026-07-10T12:42:57.660982+02:00,2936620046248,2936622503136,2.456888,true,true,245319137,245323225,4.088000,true,matched_request_response
run_2,20260711,2,after,2,target_did_random_data,0x1234,5,BFD1,2E1234BFD1,052E1234BFD10000,7F2E31,negative,0x7F,0x31,false,false,false,2026-07-10T12:42:57.684857+02:00,2936643921046,2936646924654,3.003608,true,true,245342992,245347075,4.083000,true,matched_request_response
run_2,20260711,3,after,3,target_did_random_data,0x1234,4,1B,2E12341B,042E12341B000000,7F2E31,negative,0x7F,0x31,false,false,false,2026-07-10T12:42:57.709254+02:00,2936668318189,2936671359303,3.041114,true,true,245367373,245371458,4.085000,true,matched_request_response
run_2,20260711,4,after,4,target_did_random_data,0x1234,4,98,2E123498,042E123498000000,7F2E31,negative,0x7F,0x31,false,false,false,2026-07-10T12:42:57.733612+02:00,2936692676361,2936695784802,3.108441,true,true,245391723,245395809,4.086000,true,matched_request_response
run_2,20260711,5,after,5,target_did_random_data,0x1234,4,21,2E123421,042E123421000000,7F2E31,negative,0x7F,0x31,false,false,false,2026-07-10T12:42:57.758105+02:00,2936717169187,2936720187463,3.018276,true,true,245416186,245420271,4.085000,true,matched_request_response
run_2,20260711,6,after,6,target_did_random_data,0x1234,6,3E0258,2E12343E0258,062E12343E025800,7F2E31,negative,0x7F,0x31,false,false,false,2026-07-10T12:42:57.782555+02:00,2936741620039,2936744620994,3.000955,true,true,245440614,245444697,4.083000,true,matched_request_response
run_2,20260711,7,after,7,target_did_random_data,0x1234,4,1C,2E12341C,042E12341C000000,7F2E31,negative,0x7F,0x31,false,false,false,2026-07-10T12:42:57.806979+02:00,2936766043722,2936769051591,3.007869,true,true,245465026,245469113,4.087000,true,matched_request_response
run_2,20260711,8,after,8,target_did_random_data,0x1234,6,AC8D5F,2E1234AC8D5F,062E1234AC8D5F00,7F2E31,negative,0x7F,0x31,false,false,false,2026-07-10T12:42:57.831378+02:00,2936790440796,2936793430576,2.989780,true,true,245489389,245493466,4.077000,true,matched_request_response
run_2,20260711,9,after,9,target_did_random_data,0x1234,7,3C6703C2,2E12343C6703C2,072E12343C6703C2,7F2E31,negative,0x7F,0x31,false,false,false,2026-07-10T12:42:57.855712+02:00,2936814776618,2936817886177,3.109559,true,true,245513691,245517770,4.079000,true,matched_request_response
run_2,20260711,10,after,10,unknown_did,0x2222,5,8583,2E22228583,052E222285830000,7F2E31,negative,0x7F,0x31,false,false,false,2026-07-10T12:42:57.880250+02:00,2936839313724,2936842339542,3.025818,true,true,245538215,245542295,4.080000,true,matched_request_response
run_2,20260711,11,after,11,target_did_random_data,0x1234,4,3F,2E12343F,042E12343F000000,7F2E31,negative,0x7F,0x31,false,false,false,2026-07-10T12:42:57.904664+02:00,2936863728188,2936866836629,3.108441,true,true,245562611,245566698,4.087000,true,matched_request_response
run_2,20260711,12,after,12,target_did_random_data,0x1234,5,CE84,2E1234CE84,052E1234CE840000,7F2E31,negative,0x7F,0x31,false,false,false,2026-07-10T12:42:57.929113+02:00,2936888177643,2936891170077,2.992434,true,true,245587038,245591120,4.082000,true,matched_request_response
run_2,20260711,13,after,13,read_only_did,0x1001,6,699EFE,2E1001699EFE,062E1001699EFE00,7F2E31,negative,0x7F,0x31,false,false,false,2026-07-10T12:42:57.953492+02:00,2936912555929,2936915516446,2.960517,true,true,245611402,245615483,4.081000,true,matched_request_response
run_2,20260711,14,after,14,read_only_did,0x1001,5,C796,2E1001C796,052E1001C7960000,7F2E31,negative,0x7F,0x31,false,false,false,2026-07-10T12:42:57.977863+02:00,2936936926114,2936939914287,2.988173,true,true,245635742,245639829,4.087000,true,matched_request_response
run_2,20260711,15,after,15,target_did_random_data,0x1234,7,9B0C6ECA,2E12349B0C6ECA,072E12349B0C6ECA,7F2E31,negative,0x7F,0x31,false,false,false,2026-07-10T12:42:58.002256+02:00,2936961321092,2936964363603,3.042511,true,true,245660096,245664176,4.080000,true,matched_request_response
run_2,20260711,16,after,16,target_did_random_data,0x1234,4,7F,2E12347F,042E12347F000000,7F2E31,negative,0x7F,0x31,false,false,false,2026-07-10T12:42:58.026723+02:00,2936985786750,2936988692092,2.905342,true,true,245684556,245688643,4.087000,true,matched_request_response
run_2,20260711,17,after,17,target_did_random_data,0x1234,5,C838,2E1234C838,052E1234C8380000,7F2E31,negative,0x7F,0x31,false,false,false,2026-07-10T12:42:58.050974+02:00,2937010038065,2937013172207,3.134142,true,true,245708787,245712870,4.083000,true,matched_request_response
run_2,20260711,18,after,18,unknown_did,0xF187,6,1F60D9,2EF1871F60D9,062EF1871F60D900,7F2E31,negative,0x7F,0x31,false,false,false,2026-07-10T12:42:58.075498+02:00,2937034562110,2937037552659,2.990549,true,true,245733286,245737363,4.077000,true,matched_request_response
run_2,20260711,19,after,19,target_did_random_data,0x1234,5,9A4F,2E12349A4F,052E12349A4F0000,7F2E31,negative,0x7F,0x31,false,false,false,2026-07-10T12:42:58.099879+02:00,2937058943051,2937062039758,3.096707,true,true,245757645,245761727,4.082000,true,matched_request_response
run_2,20260711,20,after,20,unknown_did,0x3333,5,ABD5,2E3333ABD5,052E3333ABD50000,7F2E31,negative,0x7F,0x31,false,false,false,2026-07-10T12:42:58.124338+02:00,2937083402144,2937086398209,2.996065,true,true,245782080,245786162,4.082000,true,matched_request_response
run_2,20260711,21,after,21,target_did_random_data,0x1234,4,0C,2E12340C,042E12340C000000,7F2E31,negative,0x7F,0x31,false,false,false,2026-07-10T12:42:58.148713+02:00,2937107777357,2937110810229,3.032872,true,true,245806453,245810542,4.089000,true,matched_request_response
run_2,20260711,22,after,22,target_did_random_data,0x1234,4,57,2E123457,042E123457000000,7F2E31,negative,0x7F,0x31,false,false,false,2026-07-10T12:42:58.173117+02:00,2937132182113,2937135277144,3.095031,true,true,245830831,245834918,4.087000,true,matched_request_response
run_2,20260711,23,after,23,missing_data,0x1234,3,,2E1234,032E123400000000,7F2E31,negative,0x7F,0x31,false,false,false,2026-07-10T12:42:58.197588+02:00,2937156652032,2937159811108,3.159076,true,true,245855290,245859378,4.088000,true,matched_request_response
run_2,20260711,24,after,24,missing_data,0x1234,3,,2E1234,032E123400000000,7F2E31,negative,0x7F,0x31,false,false,false,2026-07-10T12:42:58.222143+02:00,2937181207087,2937184071012,2.863925,true,true,245879823,245883914,4.091000,true,matched_request_response
run_2,20260711,25,after,25,unknown_did,0x3333,4,0F,2E33330F,042E33330F000000,7F2E31,negative,0x7F,0x31,false,false,false,2026-07-10T12:42:58.246428+02:00,2937205491786,2937208535553,3.043767,true,true,245904113,245908207,4.094000,true,matched_request_response
run_2,20260711,26,after,26,target_did_random_data,0x1234,7,B22BD231,2E1234B22BD231,072E1234B22BD231,7F2E31,negative,0x7F,0x31,false,false,false,2026-07-10T12:42:58.270862+02:00,2937229926783,2937232911744,2.984961,true,true,245928461,245932533,4.072000,true,matched_request_response
run_2,20260711,27,after,27,target_did_random_data,0x1234,6,B3C91F,2E1234B3C91F,062E1234B3C91F00,7F2E31,negative,0x7F,0x31,false,false,false,2026-07-10T12:42:58.295273+02:00,2937254337756,2937257303370,2.965614,true,true,245952857,245956935,4.078000,true,matched_request_response
run_2,20260711,28,after,28,read_only_did,0x1001,5,4D69,2E10014D69,052E10014D690000,7F2E31,negative,0x7F,0x31,false,false,false,2026-07-10T12:42:58.319639+02:00,2937278702004,2937281801924,3.099920,true,true,245977222,245981307,4.085000,true,matched_request_response
run_2,20260711,29,after,29,missing_data,0x1234,3,,2E1234,032E123400000000,7F2E31,negative,0x7F,0x31,false,false,false,2026-07-10T12:42:58.344110+02:00,2937303173948,2937306192991,3.019043,true,true,246001668,246005759,4.091000,true,matched_request_response
run_2,20260711,30,after,30,target_did_random_data,0x1234,6,93C6EB,2E123493C6EB,062E123493C6EB00,7F2E31,negative,0x7F,0x31,false,false,false,2026-07-10T12:42:58.368551+02:00,2937327616139,2937330613741,2.997602,true,true,246026071,246030149,4.078000,true,matched_request_response
run_2,20260711,31,after,31,missing_data,0x1234,3,,2E1234,032E123400000000,7F2E31,negative,0x7F,0x31,false,false,false,2026-07-10T12:42:58.392925+02:00,2937351991073,2937354946840,2.955767,true,true,246050468,246054557,4.089000,true,matched_request_response
run_2,20260711,32,after,32,target_did_random_data,0x1234,6,F16C0B,2E1234F16C0B,062E1234F16C0B00,7F2E31,negative,0x7F,0x31,false,false,false,2026-07-10T12:42:58.417270+02:00,2937376334019,2937379687465,3.353446,true,true,246074745,246078828,4.083000,true,matched_request_response
run_2,20260711,33,after,33,target_did_random_data,0x1234,6,EF140D,2E1234EF140D,062E1234EF140D00,7F2E31,negative,0x7F,0x31,false,false,false,2026-07-10T12:42:58.441997+02:00,2937401061723,2937403793927,2.732204,true,true,246099453,246103534,4.081000,true,matched_request_response
run_2,20260711,34,after,34,missing_data,0x1234,3,,2E1234,032E123400000000,7F2E31,negative,0x7F,0x31,false,false,false,2026-07-10T12:42:58.466102+02:00,2937425165741,2937428315179,3.149438,true,true,246123553,246127644,4.091000,true,matched_request_response
run_2,20260711,35,after,35,read_only_did,0x1001,6,61D01C,2E100161D01C,062E100161D01C00,7F2E31,negative,0x7F,0x31,false,false,false,2026-07-10T12:42:58.490600+02:00,2937449664016,2937452635776,2.971760,true,true,246148023,246152106,4.083000,true,matched_request_response
run_2,20260711,36,after,36,target_did_random_data,0x1234,4,94,2E123494,042E123494000000,7F2E31,negative,0x7F,0x31,false,false,false,2026-07-10T12:42:58.515085+02:00,2937474148880,2937477033968,2.885088,true,true,246172495,246176579,4.084000,true,matched_request_response
run_2,20260711,37,after,37,target_did_random_data,0x1234,5,F418,2E1234F418,052E1234F4180000,7F2E31,negative,0x7F,0x31,false,false,false,2026-07-10T12:42:58.539415+02:00,2937498479325,2937501506819,3.027494,true,true,246196796,246200878,4.082000,true,matched_request_response
run_2,20260711,38,after,38,target_did_random_data,0x1234,4,3F,2E12343F,042E12343F000000,7F2E31,negative,0x7F,0x31,false,false,false,2026-07-10T12:42:58.563826+02:00,2937522889808,2937525834052,2.944244,true,true,246221193,246225278,4.085000,true,matched_request_response
run_2,20260711,39,after,39,target_did_random_data,0x1234,4,AB,2E1234AB,042E1234AB000000,7F2E31,negative,0x7F,0x31,false,false,false,2026-07-10T12:42:58.588146+02:00,2937547209847,2937550277291,3.067444,true,true,246245475,246249559,4.084000,true,matched_request_response
run_2,20260711,40,after,40,target_did_random_data,0x1234,4,E7,2E1234E7,042E1234E7000000,7F2E31,negative,0x7F,0x31,false,false,false,2026-07-10T12:42:58.612597+02:00,2937571661606,2937574815863,3.154257,true,true,246269922,246274009,4.087000,true,matched_request_response
run_2,20260711,41,after,41,unknown_did,0xF187,7,5CC3C256,2EF1875CC3C256,072EF1875CC3C256,7F2E31,negative,0x7F,0x31,false,false,false,2026-07-10T12:42:58.637410+02:00,2937596473330,2937599134016,2.660686,true,true,246294689,246298764,4.075000,true,matched_request_response
run_2,20260711,42,after,42,target_did_random_data,0x1234,5,E15A,2E1234E15A,052E1234E15A0000,7F2E31,negative,0x7F,0x31,false,false,false,2026-07-10T12:42:58.661475+02:00,2937620540611,2937623585287,3.044676,true,true,246318750,246322833,4.083000,true,matched_request_response
run_2,20260711,43,after,43,target_did_random_data,0x1234,7,E0E2C642,2E1234E0E2C642,072E1234E0E2C642,7F2E31,negative,0x7F,0x31,false,false,false,2026-07-10T12:42:58.686069+02:00,2937645132054,2937647942900,2.810846,true,true,246343310,246347383,4.073000,true,matched_request_response
run_2,20260711,44,after,44,target_did_random_data,0x1234,7,D9694876,2E1234D9694876,072E1234D9694876,7F2E31,negative,0x7F,0x31,false,false,false,2026-07-10T12:42:58.710263+02:00,2937669327635,2937672361555,3.033920,true,true,246367479,246371552,4.073000,true,matched_request_response
run_2,20260711,45,after,45,target_did_random_data,0x1234,5,763D,2E1234763D,052E1234763D0000,7F2E31,negative,0x7F,0x31,false,false,false,2026-07-10T12:42:58.734686+02:00,2937693751248,2937696768336,3.017088,true,true,246391903,246395985,4.082000,true,matched_request_response
run_2,20260711,46,after,46,target_did_random_data,0x1234,4,1E,2E12341E,042E12341E000000,7F2E31,negative,0x7F,0x31,false,false,false,2026-07-10T12:42:58.759088+02:00,2937718152163,2937721176375,3.024212,true,true,246416294,246420379,4.085000,true,matched_request_response
run_2,20260711,47,after,47,target_did_random_data,0x1234,7,566011DD,2E1234566011DD,072E1234566011DD,7F2E31,negative,0x7F,0x31,false,false,false,2026-07-10T12:42:58.783530+02:00,2937742594704,2937745700700,3.105996,true,true,246440700,246444775,4.075000,true,matched_request_response
run_2,20260711,48,after,48,missing_data,0x1234,3,,2E1234,032E123400000000,7F2E31,negative,0x7F,0x31,false,false,false,2026-07-10T12:42:58.808083+02:00,2937767147944,2937770021228,2.873284,true,true,246465242,246469331,4.089000,true,matched_request_response
run_2,20260711,49,after,49,target_did_random_data,0x1234,5,B470,2E1234B470,052E1234B4700000,7F2E31,negative,0x7F,0x31,false,false,false,2026-07-10T12:42:58.832281+02:00,2937791344572,2937794373742,3.029170,true,true,246489410,246493491,4.081000,true,matched_request_response
run_2,20260711,50,after,50,target_did_random_data,0x1234,5,8C3D,2E12348C3D,052E12348C3D0000,7F2E31,negative,0x7F,0x31,false,false,false,2026-07-10T12:42:58.856661+02:00,2937815724674,2937818869852,3.145178,true,true,246513761,246517844,4.083000,true,matched_request_response
run_2,20260711,51,after,51,target_did_random_data,0x1234,7,62A51DF0,2E123462A51DF0,072E123462A51DF0,7F2E31,negative,0x7F,0x31,false,false,false,2026-07-10T12:42:58.881193+02:00,2937840256472,2937843247509,2.991037,true,true,246538271,246542344,4.073000,true,matched_request_response
run_2,20260711,52,after,52,target_did_random_data,0x1234,7,62AD8B17,2E123462AD8B17,072E123462AD8B17,7F2E31,negative,0x7F,0x31,false,false,false,2026-07-10T12:42:58.905790+02:00,2937864854620,2937867801308,2.946688,true,true,246562845,246566920,4.075000,true,matched_request_response
run_2,20260711,53,after,53,target_did_random_data,0x1234,7,883F9A52,2E1234883F9A52,072E1234883F9A52,7F2E31,negative,0x7F,0x31,false,false,false,2026-07-10T12:42:58.930131+02:00,2937889195611,2937892506872,3.311261,true,true,246587170,246591245,4.075000,true,matched_request_response
run_2,20260711,54,after,54,unknown_did,0x2222,5,6326,2E22226326,052E222263260000,7F2E31,negative,0x7F,0x31,false,false,false,2026-07-10T12:42:58.954829+02:00,2937913893213,2937916484477,2.591264,true,true,246611830,246615913,4.083000,true,matched_request_response
run_2,20260711,55,after,55,target_did_random_data,0x1234,5,B204,2E1234B204,052E1234B2040000,7F2E31,negative,0x7F,0x31,false,false,false,2026-07-10T12:42:58.978755+02:00,2937937819205,2937940917938,3.098733,true,true,246635752,246639839,4.087000,true,matched_request_response
run_2,20260711,56,after,56,missing_data,0x1234,3,,2E1234,032E123400000000,7F2E31,negative,0x7F,0x31,false,false,false,2026-07-10T12:42:59.003261+02:00,2937962324673,2937965359291,3.034618,true,true,246660250,246664339,4.089000,true,matched_request_response
run_2,20260711,57,after,57,target_did_random_data,0x1234,7,4F8551AA,2E12344F8551AA,072E12344F8551AA,7F2E31,negative,0x7F,0x31,false,false,false,2026-07-10T12:42:59.027675+02:00,2937986739347,2937989754270,3.014923,true,true,246684621,246688696,4.075000,true,matched_request_response
run_2,20260711,58,after,58,unknown_did,0x2222,4,62,2E222262,042E222262000000,7F2E31,negative,0x7F,0x31,false,false,false,2026-07-10T12:42:59.052126+02:00,2938011190478,2938014172645,2.982167,true,true,246709058,246713145,4.087000,true,matched_request_response
run_2,20260711,59,after,59,target_did_random_data,0x1234,6,6AFA1E,2E12346AFA1E,062E12346AFA1E00,7F2E31,negative,0x7F,0x31,false,false,false,2026-07-10T12:42:59.076568+02:00,2938035633577,2938038566227,2.932650,true,true,246733481,246737557,4.076000,true,matched_request_response
run_2,20260711,60,after,60,target_did_random_data,0x1234,5,F511,2E1234F511,052E1234F5110000,7F2E31,negative,0x7F,0x31,false,false,false,2026-07-10T12:42:59.100895+02:00,2938059958924,2938063109828,3.150904,true,true,246757785,246761868,4.083000,true,matched_request_response
run_2,20260711,61,after,61,target_did_random_data,0x1234,7,550008AC,2E1234550008AC,072E1234550008AC,7F2E31,negative,0x7F,0x31,false,false,false,2026-07-10T12:42:59.125440+02:00,2938084504621,2938087402629,2.898008,true,true,246782334,246786415,4.081000,true,matched_request_response
run_2,20260711,62,after,62,target_did_random_data,0x1234,5,5115,2E12345115,052E123451150000,7F2E31,negative,0x7F,0x31,false,false,false,2026-07-10T12:42:59.149698+02:00,2938108761802,2938111807734,3.045932,true,true,246806534,246810617,4.083000,true,matched_request_response
run_2,20260711,63,after,63,target_did_random_data,0x1234,6,09012B,2E123409012B,062E123409012B00,7F2E31,negative,0x7F,0x31,false,false,false,2026-07-10T12:42:59.174070+02:00,2938133132825,2938136242662,3.109837,true,true,246830862,246834949,4.087000,true,matched_request_response
run_2,20260711,64,after,64,target_did_random_data,0x1234,4,54,2E123454,042E123454000000,7F2E31,negative,0x7F,0x31,false,false,false,2026-07-10T12:42:59.198789+02:00,2938157852357,2938160653984,2.801627,true,true,246855579,246859666,4.087000,true,matched_request_response
run_2,20260711,65,after,65,target_did_random_data,0x1234,5,A9E6,2E1234A9E6,052E1234A9E60000,7F2E31,negative,0x7F,0x31,false,false,false,2026-07-10T12:42:59.223008+02:00,2938182072662,2938185056156,2.983494,true,true,246879787,246883870,4.083000,true,matched_request_response
run_2,20260711,66,after,66,target_did_random_data,0x1234,5,537F,2E1234537F,052E1234537F0000,7F2E31,negative,0x7F,0x31,false,false,false,2026-07-10T12:42:59.247402+02:00,2938206466313,2938209504144,3.037831,true,true,246904154,246908237,4.083000,true,matched_request_response
run_2,20260711,67,after,67,target_did_random_data,0x1234,4,64,2E123464,042E123464000000,7F2E31,negative,0x7F,0x31,false,false,false,2026-07-10T12:42:59.271847+02:00,2938230910670,2938233903732,2.993062,true,true,246928592,246932679,4.087000,true,matched_request_response
run_2,20260711,68,after,68,missing_data,0x1234,3,,2E1234,032E123400000000,7F2E31,negative,0x7F,0x31,false,false,false,2026-07-10T12:42:59.296231+02:00,2938255294195,2938258330000,3.035805,true,true,246952963,246957054,4.091000,true,matched_request_response
run_2,20260711,69,after,69,read_only_did,0x1001,5,DB9B,2E1001DB9B,052E1001DB9B0000,7F2E31,negative,0x7F,0x31,false,false,false,2026-07-10T12:42:59.320621+02:00,2938279685611,2938282790909,3.105298,true,true,246977330,246981414,4.084000,true,matched_request_response
run_2,20260711,70,after,70,missing_data,0x1234,3,,2E1234,032E123400000000,7F2E31,negative,0x7F,0x31,false,false,false,2026-07-10T12:42:59.345088+02:00,2938304151828,2938307119329,2.967501,true,true,247001769,247005860,4.091000,true,matched_request_response
run_2,20260711,71,after,71,target_did_random_data,0x1234,4,2D,2E12342D,042E12342D000000,7F2E31,negative,0x7F,0x31,false,false,false,2026-07-10T12:42:59.369368+02:00,2938328431359,2938331525063,3.093704,true,true,247026037,247030124,4.087000,true,matched_request_response
run_2,20260711,72,after,72,target_did_random_data,0x1234,4,F6,2E1234F6,042E1234F6000000,7F2E31,negative,0x7F,0x31,false,false,false,2026-07-10T12:42:59.393829+02:00,2938352892687,2938355988207,3.095520,true,true,247050483,247054568,4.085000,true,matched_request_response
run_2,20260711,73,after,73,target_did_random_data,0x1234,7,36150694,2E123436150694,072E123436150694,7F2E31,negative,0x7F,0x31,false,false,false,2026-07-10T12:42:59.418340+02:00,2938377404091,2938380422855,3.018764,true,true,247074953,247079032,4.079000,true,matched_request_response
run_2,20260711,74,after,74,target_did_random_data,0x1234,5,A0B3,2E1234A0B3,052E1234A0B30000,7F2E31,negative,0x7F,0x31,false,false,false,2026-07-10T12:42:59.442742+02:00,2938401804797,2938404817834,3.013037,true,true,247099352,247103433,4.081000,true,matched_request_response
run_2,20260711,75,after,75,target_did_random_data,0x1234,4,8E,2E12348E,042E12348E000000,7F2E31,negative,0x7F,0x31,false,false,false,2026-07-10T12:42:59.467212+02:00,2938426276461,2938429192768,2.916307,true,true,247123816,247127903,4.087000,true,matched_request_response
run_2,20260711,76,after,76,unknown_did,0xF187,6,004942,2EF187004942,062EF18700494200,7F2E31,negative,0x7F,0x31,false,false,false,2026-07-10T12:42:59.491475+02:00,2938450538811,2938453645296,3.106485,true,true,247148046,247152129,4.083000,true,matched_request_response
run_2,20260711,77,after,77,unknown_did,0x2222,4,B5,2E2222B5,042E2222B5000000,7F2E31,negative,0x7F,0x31,false,false,false,2026-07-10T12:42:59.516018+02:00,2938475082133,2938478059760,2.977627,true,true,247172588,247176675,4.087000,true,matched_request_response
run_2,20260711,78,after,78,target_did_random_data,0x1234,6,E349C2,2E1234E349C2,062E1234E349C200,7F2E31,negative,0x7F,0x31,false,false,false,2026-07-10T12:42:59.540381+02:00,2938499444565,2938502448872,3.004307,true,true,247196925,247201004,4.079000,true,matched_request_response
run_2,20260711,79,after,79,missing_data,0x1234,3,,2E1234,032E123400000000,7F2E31,negative,0x7F,0x31,false,false,false,2026-07-10T12:42:59.564770+02:00,2938523833817,2938526949521,3.115704,true,true,247221307,247225396,4.089000,true,matched_request_response
run_2,20260711,80,after,80,target_did_random_data,0x1234,6,7C9732,2E12347C9732,062E12347C973200,7F2E31,negative,0x7F,0x31,false,false,false,2026-07-10T12:42:59.589302+02:00,2938548366174,2938551320335,2.954161,true,true,247245801,247249880,4.079000,true,matched_request_response
run_2,20260711,81,after,81,target_did_random_data,0x1234,7,F0350495,2E1234F0350495,072E1234F0350495,7F2E31,negative,0x7F,0x31,false,false,false,2026-07-10T12:42:59.613674+02:00,2938572737895,2938575773282,3.035387,true,true,247270159,247274239,4.080000,true,matched_request_response
run_2,20260711,82,after,82,target_did_random_data,0x1234,6,393364,2E1234393364,062E123439336400,7F2E31,negative,0x7F,0x31,false,false,false,2026-07-10T12:42:59.638157+02:00,2938597220735,2938600144724,2.923989,true,true,247294633,247298711,4.078000,true,matched_request_response
run_2,20260711,83,after,83,target_did_random_data,0x1234,7,FECB8CC4,2E1234FECB8CC4,072E1234FECB8CC4,7F2E31,negative,0x7F,0x31,false,false,false,2026-07-10T12:42:59.662465+02:00,2938621528271,2938624520845,2.992574,true,true,247318934,247323009,4.075000,true,matched_request_response
run_2,20260711,84,after,84,target_did_random_data,0x1234,4,A6,2E1234A6,042E1234A6000000,7F2E31,negative,0x7F,0x31,false,false,false,2026-07-10T12:42:59.686914+02:00,2938645978355,2938648976725,2.998370,true,true,247343380,247347464,4.084000,true,matched_request_response
run_2,20260711,85,after,85,target_did_random_data,0x1234,6,F5CAF0,2E1234F5CAF0,062E1234F5CAF000,7F2E31,negative,0x7F,0x31,false,false,false,2026-07-10T12:42:59.711322+02:00,2938670386115,2938673362974,2.976859,true,true,247367746,247371825,4.079000,true,matched_request_response
run_2,20260711,86,after,86,unknown_did,0x2222,4,F0,2E2222F0,042E2222F0000000,7F2E31,negative,0x7F,0x31,false,false,false,2026-07-10T12:42:59.735684+02:00,2938694748337,2938697801883,3.053546,true,true,247392097,247396187,4.090000,true,matched_request_response
run_2,20260711,87,after,87,target_did_random_data,0x1234,7,FC50AB98,2E1234FC50AB98,072E1234FC50AB98,7F2E31,negative,0x7F,0x31,false,false,false,2026-07-10T12:42:59.760124+02:00,2938719188643,2938722178284,2.989641,true,true,247416497,247420569,4.072000,true,matched_request_response
run_2,20260711,88,after,88,target_did_random_data,0x1234,7,298BC295,2E1234298BC295,072E1234298BC295,7F2E31,negative,0x7F,0x31,false,false,false,2026-07-10T12:42:59.784457+02:00,2938743520974,2938746579408,3.058434,true,true,247440831,247444906,4.075000,true,matched_request_response
run_2,20260711,89,after,89,unknown_did,0x3333,5,F02B,2E3333F02B,052E3333F02B0000,7F2E31,negative,0x7F,0x31,false,false,false,2026-07-10T12:42:59.808868+02:00,2938767931387,2938771058406,3.127019,true,true,247465216,247469295,4.079000,true,matched_request_response
run_2,20260711,90,after,90,target_did_random_data,0x1234,5,20B7,2E123420B7,052E123420B70000,7F2E31,negative,0x7F,0x31,false,false,false,2026-07-10T12:42:59.833418+02:00,2938792481973,2938795413296,2.931323,true,true,247489745,247493828,4.083000,true,matched_request_response
run_2,20260711,91,after,91,missing_data,0x1234,3,,2E1234,032E123400000000,7F2E31,negative,0x7F,0x31,false,false,false,2026-07-10T12:42:59.857731+02:00,2938816795237,2938819856046,3.060809,true,true,247514038,247518129,4.091000,true,matched_request_response
run_2,20260711,92,after,92,unknown_did,0x2222,4,09,2E222209,042E222209000000,7F2E31,negative,0x7F,0x31,false,false,false,2026-07-10T12:42:59.882195+02:00,2938841259289,2938844240967,2.981678,true,true,247538481,247542570,4.089000,true,matched_request_response
run_2,20260711,93,after,93,target_did_random_data,0x1234,7,64456897,2E123464456897,072E123464456897,7F2E31,negative,0x7F,0x31,false,false,false,2026-07-10T12:42:59.906516+02:00,2938865580305,2938868681133,3.100828,true,true,247562765,247566839,4.074000,true,matched_request_response
run_2,20260711,94,after,94,target_did_random_data,0x1234,4,1F,2E12341F,042E12341F000000,7F2E31,negative,0x7F,0x31,false,false,false,2026-07-10T12:42:59.930997+02:00,2938890060840,2938893066055,3.005215,true,true,247587245,247591329,4.084000,true,matched_request_response
run_2,20260711,95,after,95,missing_data,0x1234,3,,2E1234,032E123400000000,7F2E31,negative,0x7F,0x31,false,false,false,2026-07-10T12:42:59.955381+02:00,2938914445202,2938917544564,3.099362,true,true,247611594,247615685,4.091000,true,matched_request_response
run_2,20260711,96,after,96,target_did_random_data,0x1234,7,749EFB6A,2E1234749EFB6A,072E1234749EFB6A,7F2E31,negative,0x7F,0x31,false,false,false,2026-07-10T12:42:59.979902+02:00,2938938966036,2938941933676,2.967640,true,true,247636082,247640157,4.075000,true,matched_request_response
run_2,20260711,97,after,97,target_did_random_data,0x1234,4,CA,2E1234CA,042E1234CA000000,7F2E31,negative,0x7F,0x31,false,false,false,2026-07-10T12:43:00.004277+02:00,2938963341459,2938966308749,2.967290,true,true,247660441,247664526,4.085000,true,matched_request_response
run_2,20260711,98,after,98,target_did_random_data,0x1234,4,4F,2E12344F,042E12344F000000,7F2E31,negative,0x7F,0x31,false,false,false,2026-07-10T12:43:00.028681+02:00,2938987746564,2938990748008,3.001444,true,true,247684850,247688936,4.086000,true,matched_request_response
run_2,20260711,99,after,99,target_did_random_data,0x1234,7,C3101519,2E1234C3101519,072E1234C3101519,7F2E31,negative,0x7F,0x31,false,false,false,2026-07-10T12:43:00.053084+02:00,2939012148667,2939015160517,3.011850,true,true,247709201,247713274,4.073000,true,matched_request_response
run_2,20260711,100,after,100,unknown_did,0x2222,7,0421D548,2E22220421D548,072E22220421D548,7F2E31,negative,0x7F,0x31,false,false,false,2026-07-10T12:43:00.077482+02:00,2939036546090,2939039757827,3.211737,true,true,247733572,247737651,4.079000,true,matched_request_response
run_2,20260711,101,after,101,target_did_random_data,0x1234,6,1E0549,2E12341E0549,062E12341E054900,7F2E31,negative,0x7F,0x31,false,false,false,2026-07-10T12:43:00.102139+02:00,2939061202695,2939063947331,2.744636,true,true,247758214,247762295,4.081000,true,matched_request_response
run_2,20260711,102,after,102,missing_data,0x1234,3,,2E1234,032E123400000000,7F2E31,negative,0x7F,0x31,false,false,false,2026-07-10T12:43:00.126324+02:00,2939085387800,2939088382609,2.994809,true,true,247782379,247786467,4.088000,true,matched_request_response
run_2,20260711,103,after,103,read_only_did,0x1001,6,6D24B1,2E10016D24B1,062E10016D24B100,7F2E31,negative,0x7F,0x31,false,false,false,2026-07-10T12:43:00.150660+02:00,2939109724531,2939112847149,3.122618,true,true,247806693,247810776,4.083000,true,matched_request_response
run_2,20260711,104,after,104,read_only_did,0x1001,4,ED,2E1001ED,042E1001ED000000,7F2E31,negative,0x7F,0x31,false,false,false,2026-07-10T12:43:00.175268+02:00,2939134331758,2939137202668,2.870910,true,true,247831282,247835371,4.089000,true,matched_request_response
run_2,20260711,105,after,105,unknown_did,0xF187,4,5D,2EF1875D,042EF1875D000000,7F2E31,negative,0x7F,0x31,false,false,false,2026-07-10T12:43:00.199506+02:00,2939158569942,2939161657151,3.087209,true,true,247855490,247859575,4.085000,true,matched_request_response
run_2,20260711,106,after,106,target_did_random_data,0x1234,5,9E81,2E12349E81,052E12349E810000,7F2E31,negative,0x7F,0x31,false,false,false,2026-07-10T12:43:00.223982+02:00,2939183046007,2939186030828,2.984821,true,true,247879938,247884021,4.083000,true,matched_request_response
run_2,20260711,107,after,107,target_did_random_data,0x1234,4,19,2E123419,042E123419000000,7F2E31,negative,0x7F,0x31,false,false,false,2026-07-10T12:43:00.248346+02:00,2939207410954,2939210460029,3.049075,true,true,247904296,247908381,4.085000,true,matched_request_response
run_2,20260711,108,after,108,read_only_did,0x1001,6,04596E,2E100104596E,062E100104596E00,7F2E31,negative,0x7F,0x31,false,false,false,2026-07-10T12:43:00.272770+02:00,2939231834428,2939234890977,3.056549,true,true,247928690,247932778,4.088000,true,matched_request_response
run_2,20260711,109,after,109,target_did_random_data,0x1234,6,BF7CF8,2E1234BF7CF8,062E1234BF7CF800,7F2E31,negative,0x7F,0x31,false,false,false,2026-07-10T12:43:00.297343+02:00,2939256408062,2939259300692,2.892630,true,true,247953240,247957315,4.075000,true,matched_request_response
run_2,20260711,110,after,110,target_did_random_data,0x1234,5,9460,2E12349460,052E123494600000,7F2E31,negative,0x7F,0x31,false,false,false,2026-07-10T12:43:00.321635+02:00,2939280698557,2939283802668,3.104111,true,true,247977496,247981577,4.081000,true,matched_request_response
run_2,20260711,111,after,111,target_did_random_data,0x1234,5,981C,2E1234981C,052E1234981C0000,7F2E31,negative,0x7F,0x31,false,false,false,2026-07-10T12:43:00.346201+02:00,2939305265276,2939308152808,2.887532,true,true,248002052,248006135,4.083000,true,matched_request_response
run_2,20260711,112,after,112,target_did_random_data,0x1234,5,7C31,2E12347C31,052E12347C310000,7F2E31,negative,0x7F,0x31,false,false,false,2026-07-10T12:43:00.370520+02:00,2939329583918,2939332558892,2.974974,true,true,248026346,248030426,4.080000,true,matched_request_response
run_2,20260711,113,after,113,target_did_random_data,0x1234,5,A747,2E1234A747,052E1234A7470000,7F2E31,negative,0x7F,0x31,false,false,false,2026-07-10T12:43:00.394862+02:00,2939353925608,2939356970563,3.044955,true,true,248050645,248054728,4.083000,true,matched_request_response
run_2,20260711,114,after,114,target_did_random_data,0x1234,6,F00950,2E1234F00950,062E1234F0095000,7F2E31,negative,0x7F,0x31,false,false,false,2026-07-10T12:43:00.419329+02:00,2939378393501,2939381408913,3.015412,true,true,248075091,248079174,4.083000,true,matched_request_response
run_2,20260711,115,after,115,missing_data,0x1234,3,,2E1234,032E123400000000,7F2E31,negative,0x7F,0x31,false,false,false,2026-07-10T12:43:00.443753+02:00,2939402816696,2939405811923,2.995227,true,true,248099503,248103592,4.089000,true,matched_request_response
run_2,20260711,116,after,116,unknown_did,0xF187,5,6A91,2EF1876A91,052EF1876A910000,7F2E31,negative,0x7F,0x31,false,false,false,2026-07-10T12:43:00.468146+02:00,2939427210767,2939430290084,3.079317,true,true,248123865,248127948,4.083000,true,matched_request_response
run_2,20260711,117,after,117,target_did_random_data,0x1234,7,DDE55C2E,2E1234DDE55C2E,072E1234DDE55C2E,7F2E31,negative,0x7F,0x31,false,false,false,2026-07-10T12:43:00.492674+02:00,2939451738514,2939454638687,2.900173,true,true,248148353,248152426,4.073000,true,matched_request_response
run_2,20260711,118,after,118,target_did_random_data,0x1234,5,C04C,2E1234C04C,052E1234C04C0000,7F2E31,negative,0x7F,0x31,false,false,false,2026-07-10T12:43:00.517016+02:00,2939476080553,2939479042047,2.961494,true,true,248172685,248176768,4.083000,true,matched_request_response
run_2,20260711,119,after,119,read_only_did,0x1001,5,D820,2E1001D820,052E1001D8200000,7F2E31,negative,0x7F,0x31,false,false,false,2026-07-10T12:43:00.541342+02:00,2939500406249,2939503479489,3.073240,true,true,248196995,248201082,4.087000,true,matched_request_response
run_2,20260711,120,after,120,target_did_random_data,0x1234,7,FC219698,2E1234FC219698,072E1234FC219698,7F2E31,negative,0x7F,0x31,false,false,false,2026-07-10T12:43:00.565782+02:00,2939524846275,2939527856309,3.010034,true,true,248221392,248225464,4.072000,true,matched_request_response
run_2,20260711,121,after,121,target_did_random_data,0x1234,4,8C,2E12348C,042E12348C000000,7F2E31,negative,0x7F,0x31,false,false,false,2026-07-10T12:43:00.590184+02:00,2939549248657,2939552327276,3.078619,true,true,248245797,248249883,4.086000,true,matched_request_response
run_2,20260711,122,after,122,target_did_random_data,0x1234,6,3E3D17,2E12343E3D17,062E12343E3D1700,7F2E31,negative,0x7F,0x31,false,false,false,2026-07-10T12:43:00.614642+02:00,2939573705935,2939576814306,3.108371,true,true,248270209,248274286,4.077000,true,matched_request_response
run_2,20260711,123,after,123,target_did_random_data,0x1234,4,95,2E123495,042E123495000000,7F2E31,negative,0x7F,0x31,false,false,false,2026-07-10T12:43:00.639168+02:00,2939598232006,2939601188262,2.956256,true,true,248294720,248298806,4.086000,true,matched_request_response
run_2,20260711,124,after,124,read_only_did,0x1001,5,41B5,2E100141B5,052E100141B50000,7F2E31,negative,0x7F,0x31,false,false,false,2026-07-10T12:43:00.663557+02:00,2939622621747,2939625542034,2.920287,true,true,248319108,248323198,4.090000,true,matched_request_response
run_2,20260711,125,after,125,target_did_random_data,0x1234,4,23,2E123423,042E123423000000,7F2E31,negative,0x7F,0x31,false,false,false,2026-07-10T12:43:00.687885+02:00,2939646948839,2939649948118,2.999279,true,true,248343384,248347468,4.084000,true,matched_request_response
run_2,20260711,126,after,126,target_did_random_data,0x1234,6,FC43A3,2E1234FC43A3,062E1234FC43A300,7F2E31,negative,0x7F,0x31,false,false,false,2026-07-10T12:43:00.712317+02:00,2939671381463,2939674360138,2.978675,true,true,248367801,248371879,4.078000,true,matched_request_response
run_2,20260711,127,after,127,target_did_random_data,0x1234,7,6C8E456B,2E12346C8E456B,072E12346C8E456B,7F2E31,negative,0x7F,0x31,false,false,false,2026-07-10T12:43:00.736655+02:00,2939695719730,2939698797580,3.077850,true,true,248392101,248396176,4.075000,true,matched_request_response
run_2,20260711,128,after,128,target_did_random_data,0x1234,4,E1,2E1234E1,042E1234E1000000,7F2E31,negative,0x7F,0x31,false,false,false,2026-07-10T12:43:00.761142+02:00,2939720205782,2939723132355,2.926573,true,true,248416585,248420671,4.086000,true,matched_request_response
run_2,20260711,129,after,129,target_did_random_data,0x1234,7,CF1D6846,2E1234CF1D6846,072E1234CF1D6846,7F2E31,negative,0x7F,0x31,false,false,false,2026-07-10T12:43:00.785365+02:00,2939744429090,2939746573996,2.144906,true,true,248440764,248444838,4.074000,true,matched_request_response
run_2,20260711,130,after,130,target_did_random_data,0x1234,5,11FF,2E123411FF,052E123411FF0000,7F2E31,negative,0x7F,0x31,false,false,false,2026-07-10T12:43:00.808839+02:00,2939767902997,2939771049153,3.146156,true,true,248464239,248468319,4.080000,true,matched_request_response
run_2,20260711,131,after,131,target_did_random_data,0x1234,6,422AD2,2E1234422AD2,062E1234422AD200,7F2E31,negative,0x7F,0x31,false,false,false,2026-07-10T12:43:00.833395+02:00,2939792459869,2939795462290,3.002421,true,true,248488780,248492859,4.079000,true,matched_request_response
run_2,20260711,132,after,132,target_did_random_data,0x1234,4,56,2E123456,042E123456000000,7F2E31,negative,0x7F,0x31,false,false,false,2026-07-10T12:43:00.857828+02:00,2939816891375,2939819873891,2.982516,true,true,248513177,248517264,4.087000,true,matched_request_response
run_2,20260711,133,after,133,target_did_random_data,0x1234,6,8DD17B,2E12348DD17B,062E12348DD17B00,7F2E31,negative,0x7F,0x31,false,false,false,2026-07-10T12:43:00.882154+02:00,2939841216721,2939844199238,2.982517,true,true,248537456,248541532,4.076000,true,matched_request_response
run_2,20260711,134,after,134,target_did_random_data,0x1234,6,E84489,2E1234E84489,062E1234E8448900,7F2E31,negative,0x7F,0x31,false,false,false,2026-07-10T12:43:00.906477+02:00,2939865540951,2939868700865,3.159914,true,true,248561776,248565855,4.079000,true,matched_request_response
run_2,20260711,135,after,135,target_did_random_data,0x1234,7,E0E19345,2E1234E0E19345,072E1234E0E19345,7F2E31,negative,0x7F,0x31,false,false,false,2026-07-10T12:43:00.930995+02:00,2939890059060,2939893099266,3.040206,true,true,248586271,248590344,4.073000,true,matched_request_response
run_2,20260711,136,after,136,target_did_random_data,0x1234,4,26,2E123426,042E123426000000,7F2E31,negative,0x7F,0x31,false,false,false,2026-07-10T12:43:00.955511+02:00,2939914575144,2939917550676,2.975532,true,true,248610783,248614870,4.087000,true,matched_request_response
run_2,20260711,137,after,137,target_did_random_data,0x1234,4,95,2E123495,042E123495000000,7F2E31,negative,0x7F,0x31,false,false,false,2026-07-10T12:43:00.979877+02:00,2939938941558,2939941928334,2.986776,true,true,248635120,248639210,4.090000,true,matched_request_response
run_2,20260711,138,after,138,target_did_random_data,0x1234,4,EA,2E1234EA,042E1234EA000000,7F2E31,negative,0x7F,0x31,false,false,false,2026-07-10T12:43:01.004278+02:00,2939963342263,2939966337491,2.995228,true,true,248659492,248663577,4.085000,true,matched_request_response
run_2,20260711,139,after,139,target_did_random_data,0x1234,6,F1AA39,2E1234F1AA39,062E1234F1AA3900,7F2E31,negative,0x7F,0x31,false,false,false,2026-07-10T12:43:01.028683+02:00,2939987747509,2939990738756,2.991247,true,true,248683872,248687951,4.079000,true,matched_request_response
run_2,20260711,140,after,140,unknown_did,0x2222,7,F328A7D3,2E2222F328A7D3,072E2222F328A7D3,7F2E31,negative,0x7F,0x31,false,false,false,2026-07-10T12:43:01.052985+02:00,2940012048900,2940015128915,3.080015,true,true,248708145,248712220,4.075000,true,matched_request_response
run_2,20260711,141,after,141,target_did_random_data,0x1234,5,DC75,2E1234DC75,052E1234DC750000,7F2E31,negative,0x7F,0x31,false,false,false,2026-07-10T12:43:01.077456+02:00,2940036521054,2940039570758,3.049704,true,true,248732637,248736720,4.083000,true,matched_request_response
run_2,20260711,142,after,142,target_did_random_data,0x1234,6,463398,2E1234463398,062E123446339800,7F2E31,negative,0x7F,0x31,false,false,false,2026-07-10T12:43:01.101879+02:00,2940060943480,2940063972791,3.029311,true,true,248756998,248761077,4.079000,true,matched_request_response
run_2,20260711,143,after,143,target_did_random_data,0x1234,5,7FBF,2E12347FBF,052E12347FBF0000,7F2E31,negative,0x7F,0x31,false,false,false,2026-07-10T12:43:01.126325+02:00,2940085389932,2940088410024,3.020092,true,true,248781431,248785512,4.081000,true,matched_request_response
run_2,20260711,144,after,144,target_did_random_data,0x1234,6,082E33,2E1234082E33,062E1234082E3300,7F2E31,negative,0x7F,0x31,false,false,false,2026-07-10T12:43:01.150763+02:00,2940109827305,2940112811288,2.983983,true,true,248805838,248809921,4.083000,true,matched_request_response
run_2,20260711,145,after,145,target_did_random_data,0x1234,4,30,2E123430,042E123430000000,7F2E31,negative,0x7F,0x31,false,false,false,2026-07-10T12:43:01.175138+02:00,2940134202309,2940137279671,3.077362,true,true,248830197,248834282,4.085000,true,matched_request_response
run_2,20260711,146,after,146,unknown_did,0x2222,5,CDEA,2E2222CDEA,052E2222CDEA0000,7F2E31,negative,0x7F,0x31,false,false,false,2026-07-10T12:43:01.199641+02:00,2940158705123,2940161642802,2.937679,true,true,248854665,248858748,4.083000,true,matched_request_response
run_2,20260711,147,after,147,target_did_random_data,0x1234,6,67945F,2E123467945F,062E123467945F00,7F2E31,negative,0x7F,0x31,false,false,false,2026-07-10T12:43:01.223996+02:00,2940183059943,2940186080593,3.020650,true,true,248878997,248883076,4.079000,true,matched_request_response
run_2,20260711,148,after,148,target_did_random_data,0x1234,7,49C1ED96,2E123449C1ED96,072E123449C1ED96,7F2E31,negative,0x7F,0x31,false,false,false,2026-07-10T12:43:01.248382+02:00,2940207446052,2940210508607,3.062555,true,true,248903363,248907435,4.072000,true,matched_request_response
run_2,20260711,149,after,149,target_did_random_data,0x1234,7,370E3880,2E1234370E3880,072E1234370E3880,7F2E31,negative,0x7F,0x31,false,false,false,2026-07-10T12:43:01.272816+02:00,2940231880561,2940234898418,3.017857,true,true,248927768,248931847,4.079000,true,matched_request_response
run_2,20260711,150,after,150,unknown_did,0x3333,7,B47AC3CC,2E3333B47AC3CC,072E3333B47AC3CC,7F2E31,negative,0x7F,0x31,false,false,false,2026-07-10T12:43:01.297261+02:00,2940256324848,2940259341029,3.016181,true,true,248952181,248956257,4.076000,true,matched_request_response
run_2,20260711,151,after,151,target_did_random_data,0x1234,7,BDE8184C,2E1234BDE8184C,072E1234BDE8184C,7F2E31,negative,0x7F,0x31,false,false,false,2026-07-10T12:43:01.321630+02:00,2940280694545,2940283744318,3.049773,true,true,248976539,248980613,4.074000,true,matched_request_response
run_2,20260711,152,after,152,target_did_random_data,0x1234,4,D3,2E1234D3,042E1234D3000000,7F2E31,negative,0x7F,0x31,false,false,false,2026-07-10T12:43:01.346062+02:00,2940305124863,2940308184066,3.059203,true,true,249000959,249005046,4.087000,true,matched_request_response
run_2,20260711,153,after,153,target_did_random_data,0x1234,5,B281,2E1234B281,052E1234B2810000,7F2E31,negative,0x7F,0x31,false,false,false,2026-07-10T12:43:01.370483+02:00,2940329547150,2940332538886,2.991736,true,true,249025355,249029435,4.080000,true,matched_request_response
run_2,20260711,154,after,154,target_did_random_data,0x1234,7,241502EE,2E1234241502EE,072E1234241502EE,7F2E31,negative,0x7F,0x31,false,false,false,2026-07-10T12:43:01.394883+02:00,2940353946878,2940357033319,3.086441,true,true,249049723,249053802,4.079000,true,matched_request_response
run_2,20260711,155,after,155,unknown_did,0xF187,4,09,2EF18709,042EF18709000000,7F2E31,negative,0x7F,0x31,false,false,false,2026-07-10T12:43:01.419391+02:00,2940378455699,2940381385136,2.929437,true,true,249074224,249078313,4.089000,true,matched_request_response
run_2,20260711,156,after,156,target_did_random_data,0x1234,4,25,2E123425,042E123425000000,7F2E31,negative,0x7F,0x31,false,false,false,2026-07-10T12:43:01.443715+02:00,2940402778811,2940405820343,3.041532,true,true,249098510,249102594,4.084000,true,matched_request_response
run_2,20260711,157,after,157,target_did_random_data,0x1234,7,AA46B8F8,2E1234AA46B8F8,072E1234AA46B8F8,7F2E31,negative,0x7F,0x31,false,false,false,2026-07-10T12:43:01.468144+02:00,2940427208152,2940430199957,2.991805,true,true,249122901,249126976,4.075000,true,matched_request_response
run_2,20260711,158,after,158,target_did_random_data,0x1234,5,C889,2E1234C889,052E1234C8890000,7F2E31,negative,0x7F,0x31,false,false,false,2026-07-10T12:43:01.492523+02:00,2940451586787,2940454639495,3.052708,true,true,249147273,249151354,4.081000,true,matched_request_response
run_2,20260711,159,after,159,target_did_random_data,0x1234,6,00816B,2E123400816B,062E123400816B00,7F2E31,negative,0x7F,0x31,false,false,false,2026-07-10T12:43:01.516987+02:00,2940476051259,2940478996689,2.945430,true,true,249171715,249175797,4.082000,true,matched_request_response
run_2,20260711,160,after,160,target_did_random_data,0x1234,5,2315,2E12342315,052E123423150000,7F2E31,negative,0x7F,0x31,false,false,false,2026-07-10T12:43:01.541262+02:00,2940500325551,2940502485263,2.159712,true,true,249195940,249200023,4.083000,true,matched_request_response
run_2,20260711,161,after,161,target_did_random_data,0x1234,6,42AD20,2E123442AD20,062E123442AD2000,7F2E31,negative,0x7F,0x31,false,false,false,2026-07-10T12:43:01.564780+02:00,2940523843878,2940526879334,3.035456,true,true,249219458,249223535,4.077000,true,matched_request_response
run_2,20260711,162,after,162,target_did_random_data,0x1234,4,9B,2E12349B,042E12349B000000,7F2E31,negative,0x7F,0x31,false,false,false,2026-07-10T12:43:01.589251+02:00,2940548315263,2940551339755,3.024492,true,true,249243915,249248001,4.086000,true,matched_request_response
run_2,20260711,163,after,163,target_did_random_data,0x1234,7,9175B9F8,2E12349175B9F8,072E12349175B9F8,7F2E31,negative,0x7F,0x31,false,false,false,2026-07-10T12:43:01.613686+02:00,2940572749423,2940575791515,3.042092,true,true,249268305,249272377,4.072000,true,matched_request_response
run_2,20260711,164,after,164,missing_data,0x1234,3,,2E1234,032E123400000000,7F2E31,negative,0x7F,0x31,false,false,false,2026-07-10T12:43:01.638106+02:00,2940597169685,2940600138303,2.968618,true,true,249292721,249296812,4.091000,true,matched_request_response
run_2,20260711,165,after,165,unknown_did,0x2222,4,1C,2E22221C,042E22221C000000,7F2E31,negative,0x7F,0x31,false,false,false,2026-07-10T12:43:01.662410+02:00,2940621474359,2940624548926,3.074567,true,true,249317000,249321087,4.087000,true,matched_request_response
run_2,20260711,166,after,166,target_did_random_data,0x1234,5,2021,2E12342021,052E123420210000,7F2E31,negative,0x7F,0x31,false,false,false,2026-07-10T12:43:01.686879+02:00,2940645943230,2940648981620,3.038390,true,true,249341446,249345527,4.081000,true,matched_request_response
run_2,20260711,167,after,167,target_did_random_data,0x1234,6,077D41,2E1234077D41,062E1234077D4100,7F2E31,negative,0x7F,0x31,false,false,false,2026-07-10T12:43:01.711299+02:00,2940670362444,2940673387424,3.024980,true,true,249365839,249369922,4.083000,true,matched_request_response
run_2,20260711,168,after,168,target_did_random_data,0x1234,4,B0,2E1234B0,042E1234B0000000,7F2E31,negative,0x7F,0x31,false,false,false,2026-07-10T12:43:01.735740+02:00,2940694804286,2940697759844,2.955558,true,true,249390265,249394350,4.085000,true,matched_request_response
run_2,20260711,169,after,169,target_did_random_data,0x1234,4,CE,2E1234CE,042E1234CE000000,7F2E31,negative,0x7F,0x31,false,false,false,2026-07-10T12:43:01.760130+02:00,2940719194446,2940722246455,3.052009,true,true,249414637,249418724,4.087000,true,matched_request_response
run_2,20260711,170,after,170,target_did_random_data,0x1234,4,91,2E123491,042E123491000000,7F2E31,negative,0x7F,0x31,false,false,false,2026-07-10T12:43:01.784550+02:00,2940743614219,2940746620970,3.006751,true,true,249439036,249443123,4.087000,true,matched_request_response
run_2,20260711,171,after,171,missing_data,0x1234,3,,2E1234,032E123400000000,7F2E31,negative,0x7F,0x31,false,false,false,2026-07-10T12:43:01.808969+02:00,2940768033432,2940771061486,3.028054,true,true,249463438,249467527,4.089000,true,matched_request_response
run_2,20260711,172,after,172,target_did_random_data,0x1234,7,C9CC31E3,2E1234C9CC31E3,072E1234C9CC31E3,7F2E31,negative,0x7F,0x31,false,false,false,2026-07-10T12:43:01.833446+02:00,2940792512431,2940795450598,2.938167,true,true,249487907,249491982,4.075000,true,matched_request_response
run_2,20260711,173,after,173,target_did_random_data,0x1234,4,A7,2E1234A7,042E1234A7000000,7F2E31,negative,0x7F,0x31,false,false,false,2026-07-10T12:43:01.857970+02:00,2940817034172,2940819869672,2.835500,true,true,249512387,249516471,4.084000,true,matched_request_response
run_2,20260711,174,after,174,read_only_did,0x1001,5,13D0,2E100113D0,052E100113D00000,7F2E31,negative,0x7F,0x31,false,false,false,2026-07-10T12:43:01.882257+02:00,2940841322293,2940844313470,2.991177,true,true,249536658,249540745,4.087000,true,matched_request_response
run_2,20260711,175,after,175,target_did_random_data,0x1234,5,BA18,2E1234BA18,052E1234BA180000,7F2E31,negative,0x7F,0x31,false,false,false,2026-07-10T12:43:01.906642+02:00,2940865705818,2940868779827,3.074009,true,true,249561001,249565084,4.083000,true,matched_request_response
run_2,20260711,176,after,176,target_did_random_data,0x1234,7,8D2C46B5,2E12348D2C46B5,072E12348D2C46B5,7F2E31,negative,0x7F,0x31,false,false,false,2026-07-10T12:43:01.931138+02:00,2940890201997,2940893082335,2.880338,true,true,249585472,249589545,4.073000,true,matched_request_response
run_2,20260711,177,after,177,target_did_random_data,0x1234,7,FDBE50DF,2E1234FDBE50DF,072E1234FDBE50DF,7F2E31,negative,0x7F,0x31,false,false,false,2026-07-10T12:43:01.955640+02:00,2940914703834,2940917577188,2.873354,true,true,249609958,249614033,4.075000,true,matched_request_response
run_2,20260711,178,after,178,target_did_random_data,0x1234,5,A5E3,2E1234A5E3,052E1234A5E30000,7F2E31,negative,0x7F,0x31,false,false,false,2026-07-10T12:43:01.979916+02:00,2940938981339,2940941921322,2.939983,true,true,249634246,249638327,4.081000,true,matched_request_response
run_2,20260711,179,after,179,target_did_random_data,0x1234,4,EB,2E1234EB,042E1234EB000000,7F2E31,negative,0x7F,0x31,false,false,false,2026-07-10T12:43:02.004288+02:00,2940963352572,2940966381253,3.028681,true,true,249658558,249662645,4.087000,true,matched_request_response
run_2,20260711,180,after,180,target_did_random_data,0x1234,7,6FC5A079,2E12346FC5A079,072E12346FC5A079,7F2E31,negative,0x7F,0x31,false,false,false,2026-07-10T12:43:02.028714+02:00,2940987779259,2940990752347,2.973088,true,true,249682979,249687054,4.075000,true,matched_request_response
run_2,20260711,181,after,181,missing_data,0x1234,3,,2E1234,032E123400000000,7F2E31,negative,0x7F,0x31,false,false,false,2026-07-10T12:43:02.053066+02:00,2941012130098,2941015222685,3.092587,true,true,249707307,249711396,4.089000,true,matched_request_response
run_2,20260711,182,after,182,missing_data,0x1234,3,,2E1234,032E123400000000,7F2E31,negative,0x7F,0x31,false,false,false,2026-07-10T12:43:02.077510+02:00,2941036574594,2941039627232,3.052638,true,true,249731734,249735825,4.091000,true,matched_request_response
run_2,20260711,183,after,183,target_did_random_data,0x1234,7,3DC84EAF,2E12343DC84EAF,072E12343DC84EAF,7F2E31,negative,0x7F,0x31,false,false,false,2026-07-10T12:43:02.102136+02:00,2941061201098,2941064079062,2.877964,true,true,249756325,249760397,4.072000,true,matched_request_response
run_2,20260711,184,after,184,target_did_random_data,0x1234,4,CE,2E1234CE,042E1234CE000000,7F2E31,negative,0x7F,0x31,false,false,false,2026-07-10T12:43:02.126365+02:00,2941085428876,2941088425082,2.996206,true,true,249780544,249784631,4.087000,true,matched_request_response
run_2,20260711,185,after,185,target_did_random_data,0x1234,6,357BC8,2E1234357BC8,062E1234357BC800,7F2E31,negative,0x7F,0x31,false,false,false,2026-07-10T12:43:02.150988+02:00,2941110052307,2941112843947,2.791640,true,true,249805134,249809216,4.082000,true,matched_request_response
run_2,20260711,186,after,186,target_did_random_data,0x1234,7,23ADC035,2E123423ADC035,072E123423ADC035,7F2E31,negative,0x7F,0x31,false,false,false,2026-07-10T12:43:02.175137+02:00,2941134201094,2941137317567,3.116473,true,true,249829256,249833328,4.072000,true,matched_request_response
run_2,20260711,187,after,187,read_only_did,0x1001,5,89D0,2E100189D0,052E100189D00000,7F2E31,negative,0x7F,0x31,false,false,false,2026-07-10T12:43:02.199820+02:00,2941158884310,2941161730216,2.845906,true,true,249853931,249858018,4.087000,true,matched_request_response
run_2,20260711,188,after,188,target_did_random_data,0x1234,6,8A77A0,2E12348A77A0,062E12348A77A000,7F2E31,negative,0x7F,0x31,false,false,false,2026-07-10T12:43:02.224002+02:00,2941183066411,2941186093347,3.026936,true,true,249878088,249882167,4.079000,true,matched_request_response
run_2,20260711,189,after,189,target_did_random_data,0x1234,5,EBC6,2E1234EBC6,052E1234EBC60000,7F2E31,negative,0x7F,0x31,false,false,false,2026-07-10T12:43:02.248390+02:00,2941207453917,2941210560263,3.106346,true,true,249902463,249906544,4.081000,true,matched_request_response
run_2,20260711,190,after,190,target_did_random_data,0x1234,5,DD91,2E1234DD91,052E1234DD910000,7F2E31,negative,0x7F,0x31,false,false,false,2026-07-10T12:43:02.272887+02:00,2941231951913,2941234906283,2.954370,true,true,249926929,249931012,4.083000,true,matched_request_response
run_2,20260711,191,after,191,read_only_did,0x1001,4,70,2E100170,042E100170000000,7F2E31,negative,0x7F,0x31,false,false,false,2026-07-10T12:43:02.297272+02:00,2941256335717,2941259363142,3.027425,true,true,249951304,249955393,4.089000,true,matched_request_response
run_2,20260711,192,after,192,target_did_random_data,0x1234,7,71763990,2E123471763990,072E123471763990,7F2E31,negative,0x7F,0x31,false,false,false,2026-07-10T12:43:02.321680+02:00,2941280743966,2941283766152,3.022186,true,true,249975669,249979744,4.075000,true,matched_request_response
run_2,20260711,193,after,193,target_did_random_data,0x1234,4,AD,2E1234AD,042E1234AD000000,7F2E31,negative,0x7F,0x31,false,false,false,2026-07-10T12:43:02.346132+02:00,2941305195307,2941308154287,2.958980,true,true,250000101,250004191,4.090000,true,matched_request_response
run_2,20260711,194,after,194,target_did_random_data,0x1234,4,40,2E123440,042E123440000000,7F2E31,negative,0x7F,0x31,false,false,false,2026-07-10T12:43:02.370462+02:00,2941329526381,2941332560371,3.033990,true,true,250024456,250028540,4.084000,true,matched_request_response
run_2,20260711,195,after,195,target_did_random_data,0x1234,5,788F,2E1234788F,052E1234788F0000,7F2E31,negative,0x7F,0x31,false,false,false,2026-07-10T12:43:02.394914+02:00,2941353978281,2941356993902,3.015621,true,true,250048863,250052946,4.083000,true,matched_request_response
run_2,20260711,196,after,196,unknown_did,0x3333,5,9DD9,2E33339DD9,052E33339DD90000,7F2E31,negative,0x7F,0x31,false,false,false,2026-07-10T12:43:02.419374+02:00,2941378437444,2941381437142,2.999698,true,true,250073273,250077353,4.080000,true,matched_request_response
run_2,20260711,197,after,197,target_did_random_data,0x1234,6,AD1647,2E1234AD1647,062E1234AD164700,7F2E31,negative,0x7F,0x31,false,false,false,2026-07-10T12:43:02.443779+02:00,2941402843109,2941405788260,2.945151,true,true,250097646,250101725,4.079000,true,matched_request_response
run_2,20260711,198,after,198,target_did_random_data,0x1234,6,EB344C,2E1234EB344C,062E1234EB344C00,7F2E31,negative,0x7F,0x31,false,false,false,2026-07-10T12:43:02.468122+02:00,2941427186964,2941430249728,3.062764,true,true,250121970,250126049,4.079000,true,matched_request_response
run_2,20260711,199,after,199,target_did_random_data,0x1234,4,09,2E123409,042E123409000000,7F2E31,negative,0x7F,0x31,false,false,false,2026-07-10T12:43:02.492599+02:00,2941451664216,2941454649736,2.985520,true,true,250146431,250150520,4.089000,true,matched_request_response
run_2,20260711,200,after,200,target_did_random_data,0x1234,7,76C8418E,2E123476C8418E,072E123476C8418E,7F2E31,negative,0x7F,0x31,false,false,false,2026-07-10T12:43:02.516988+02:00,2941476051163,2941479082848,3.031685,true,true,250170787,250174862,4.075000,true,matched_request_response
run_2,20260711,201,after,201,target_did_random_data,0x1234,5,9064,2E12349064,052E123490640000,7F2E31,negative,0x7F,0x31,false,false,false,2026-07-10T12:43:02.541492+02:00,2941500557679,2941503502481,2.944802,true,true,250195278,250199359,4.081000,true,matched_request_response
run_2,20260711,202,after,202,missing_data,0x1234,3,,2E1234,032E123400000000,7F2E31,negative,0x7F,0x31,false,false,false,2026-07-10T12:43:02.565904+02:00,2941524967884,2941527911149,2.943265,true,true,250219663,250223754,4.091000,true,matched_request_response
run_2,20260711,203,after,203,target_did_random_data,0x1234,6,03C452,2E123403C452,062E123403C45200,7F2E31,negative,0x7F,0x31,false,false,false,2026-07-10T12:43:02.590335+02:00,2941549399250,2941552336369,2.937119,true,true,250244066,250248149,4.083000,true,matched_request_response
run_2,20260711,204,after,204,unknown_did,0x3333,5,838A,2E3333838A,052E3333838A0000,7F2E31,negative,0x7F,0x31,false,false,false,2026-07-10T12:43:02.614650+02:00,2941573714121,2941576793507,3.079386,true,true,250268371,250272452,4.081000,true,matched_request_response
run_2,20260711,205,after,205,target_did_random_data,0x1234,4,E8,2E1234E8,042E1234E8000000,7F2E31,negative,0x7F,0x31,false,false,false,2026-07-10T12:43:02.639171+02:00,2941598236491,2941601188207,2.951716,true,true,250292869,250296956,4.087000,true,matched_request_response
run_2,20260711,206,after,206,target_did_random_data,0x1234,4,36,2E123436,042E123436000000,7F2E31,negative,0x7F,0x31,false,false,false,2026-07-10T12:43:02.663477+02:00,2941622541723,2941625567891,3.026168,true,true,250317166,250321254,4.088000,true,matched_request_response
run_2,20260711,207,after,207,unknown_did,0x3333,4,69,2E333369,042E333369000000,7F2E31,negative,0x7F,0x31,false,false,false,2026-07-10T12:43:02.687961+02:00,2941647025191,2941650136635,3.111444,true,true,250341609,250345696,4.087000,true,matched_request_response
run_2,20260711,208,after,208,read_only_did,0x1001,5,E59C,2E1001E59C,052E1001E59C0000,7F2E31,negative,0x7F,0x31,false,false,false,2026-07-10T12:43:02.712440+02:00,2941671503701,2941674380826,2.877125,true,true,250366126,250370216,4.090000,true,matched_request_response
run_2,20260711,209,after,209,target_did_random_data,0x1234,4,5A,2E12345A,042E12345A000000,7F2E31,negative,0x7F,0x31,false,false,false,2026-07-10T12:43:02.736669+02:00,2941695733155,2941698810028,3.076873,true,true,250390290,250394374,4.084000,true,matched_request_response
run_2,20260711,210,after,210,target_did_random_data,0x1234,4,23,2E123423,042E123423000000,7F2E31,negative,0x7F,0x31,false,false,false,2026-07-10T12:43:02.761150+02:00,2941720214039,2941723209197,2.995158,true,true,250414735,250418821,4.086000,true,matched_request_response
run_2,20260711,211,after,211,target_did_random_data,0x1234,4,B4,2E1234B4,042E1234B4000000,7F2E31,negative,0x7F,0x31,false,false,false,2026-07-10T12:43:02.785527+02:00,2941744590790,2941747659072,3.068282,true,true,250439100,250443189,4.089000,true,matched_request_response
run_2,20260711,212,after,212,target_did_random_data,0x1234,5,0BA2,2E12340BA2,052E12340BA20000,7F2E31,negative,0x7F,0x31,false,false,false,2026-07-10T12:43:02.810067+02:00,2941769130760,2941772094070,2.963310,true,true,250463617,250467705,4.088000,true,matched_request_response
run_2,20260711,213,after,213,target_did_random_data,0x1234,4,4A,2E12344A,042E12344A000000,7F2E31,negative,0x7F,0x31,false,false,false,2026-07-10T12:43:02.834447+02:00,2941793511281,2941796455245,2.943964,true,true,250488028,250492114,4.086000,true,matched_request_response
run_2,20260711,214,after,214,target_did_random_data,0x1234,4,40,2E123440,042E123440000000,7F2E31,negative,0x7F,0x31,false,false,false,2026-07-10T12:43:02.858778+02:00,2941817842076,2941820840167,2.998091,true,true,250512300,250516384,4.084000,true,matched_request_response
run_2,20260711,215,after,215,missing_data,0x1234,3,,2E1234,032E123400000000,7F2E31,negative,0x7F,0x31,false,false,false,2026-07-10T12:43:02.883122+02:00,2941842187397,2941845498100,3.310703,true,true,250536614,250540705,4.091000,true,matched_request_response
run_2,20260711,216,after,216,target_did_random_data,0x1234,4,0A,2E12340A,042E12340A000000,7F2E31,negative,0x7F,0x31,false,false,false,2026-07-10T12:43:02.907845+02:00,2941866908467,2941869680341,2.771874,true,true,250561307,250565396,4.089000,true,matched_request_response
run_2,20260711,217,after,217,read_only_did,0x1001,4,29,2E100129,042E100129000000,7F2E31,negative,0x7F,0x31,false,false,false,2026-07-10T12:43:02.931976+02:00,2941891040213,2941894060933,3.020720,true,true,250585413,250589502,4.089000,true,matched_request_response
run_2,20260711,218,after,218,target_did_random_data,0x1234,6,6A0A4A,2E12346A0A4A,062E12346A0A4A00,7F2E31,negative,0x7F,0x31,false,false,false,2026-07-10T12:43:02.956541+02:00,2941915605535,2941918490134,2.884599,true,true,250609941,250614024,4.083000,true,matched_request_response
run_2,20260711,219,after,219,target_did_random_data,0x1234,7,341645FE,2E1234341645FE,072E1234341645FE,7F2E31,negative,0x7F,0x31,false,false,false,2026-07-10T12:43:02.980817+02:00,2941939881574,2941942941266,3.059692,true,true,250634204,250638277,4.073000,true,matched_request_response
run_2,20260711,220,after,220,target_did_random_data,0x1234,4,A6,2E1234A6,042E1234A6000000,7F2E31,negative,0x7F,0x31,false,false,false,2026-07-10T12:43:03.005313+02:00,2941964376427,2941967375984,2.999557,true,true,250658688,250662775,4.087000,true,matched_request_response
run_2,20260711,221,after,221,unknown_did,0x2222,4,E8,2E2222E8,042E2222E8000000,7F2E31,negative,0x7F,0x31,false,false,false,2026-07-10T12:43:03.029666+02:00,2941988730828,2941991829211,3.098383,true,true,250683020,250687107,4.087000,true,matched_request_response
run_2,20260711,222,after,222,target_did_random_data,0x1234,6,4224F0,2E12344224F0,062E12344224F000,7F2E31,negative,0x7F,0x31,false,false,false,2026-07-10T12:43:03.054127+02:00,2942013192086,2942016211340,3.019254,true,true,250707450,250711526,4.076000,true,matched_request_response
run_2,20260711,223,after,223,target_did_random_data,0x1234,4,A8,2E1234A8,042E1234A8000000,7F2E31,negative,0x7F,0x31,false,false,false,2026-07-10T12:43:03.078580+02:00,2942037644266,2942040564274,2.920008,true,true,250731889,250735976,4.087000,true,matched_request_response
run_2,20260711,224,after,224,target_did_random_data,0x1234,4,63,2E123463,042E123463000000,7F2E31,negative,0x7F,0x31,false,false,false,2026-07-10T12:43:03.103000+02:00,2942062063899,2942065051304,2.987405,true,true,250756290,250760375,4.085000,true,matched_request_response
run_2,20260711,225,after,225,unknown_did,0xF187,4,94,2EF18794,042EF18794000000,7F2E31,negative,0x7F,0x31,false,false,false,2026-07-10T12:43:03.127415+02:00,2942086478853,2942089416601,2.937748,true,true,250780679,250784766,4.087000,true,matched_request_response
run_2,20260711,226,after,226,unknown_did,0xF187,5,E92C,2EF187E92C,052EF187E92C0000,7F2E31,negative,0x7F,0x31,false,false,false,2026-07-10T12:43:03.151756+02:00,2942110820263,2942113843986,3.023723,true,true,250804999,250809082,4.083000,true,matched_request_response
run_2,20260711,227,after,227,target_did_random_data,0x1234,5,2075,2E12342075,052E123420750000,7F2E31,negative,0x7F,0x31,false,false,false,2026-07-10T12:43:03.176169+02:00,2942135233541,2942138244064,3.010523,true,true,250829403,250833483,4.080000,true,matched_request_response
run_2,20260711,228,after,228,target_did_random_data,0x1234,5,EB7D,2E1234EB7D,052E1234EB7D0000,7F2E31,negative,0x7F,0x31,false,false,false,2026-07-10T12:43:03.200637+02:00,2942159701365,2942162670611,2.969246,true,true,250853844,250857927,4.083000,true,matched_request_response
run_2,20260711,229,after,229,target_did_random_data,0x1234,7,9EB5BD26,2E12349EB5BD26,072E12349EB5BD26,7F2E31,negative,0x7F,0x31,false,false,false,2026-07-10T12:43:03.224988+02:00,2942184052204,2942187073133,3.020929,true,true,250878155,250882230,4.075000,true,matched_request_response
run_2,20260711,230,after,230,target_did_random_data,0x1234,4,61,2E123461,042E123461000000,7F2E31,negative,0x7F,0x31,false,false,false,2026-07-10T12:43:03.249416+02:00,2942208480427,2942211505478,3.025051,true,true,250902580,250906666,4.086000,true,matched_request_response
run_2,20260711,231,after,231,target_did_random_data,0x1234,4,43,2E123443,042E123443000000,7F2E31,negative,0x7F,0x31,false,false,false,2026-07-10T12:43:03.273857+02:00,2942232921851,2942235890958,2.969107,true,true,250927012,250931099,4.087000,true,matched_request_response
run_2,20260711,232,after,232,target_did_random_data,0x1234,6,B4E4F0,2E1234B4E4F0,062E1234B4E4F000,7F2E31,negative,0x7F,0x31,false,false,false,2026-07-10T12:43:03.298367+02:00,2942257432558,2942260612866,3.180308,true,true,250951482,250955558,4.076000,true,matched_request_response
run_2,20260711,233,after,233,target_did_random_data,0x1234,4,58,2E123458,042E123458000000,7F2E31,negative,0x7F,0x31,false,false,false,2026-07-10T12:43:03.322984+02:00,2942282048306,2942284754320,2.706014,true,true,250976090,250980177,4.087000,true,matched_request_response
run_2,20260711,234,after,234,target_did_random_data,0x1234,6,BF6D37,2E1234BF6D37,062E1234BF6D3700,7F2E31,negative,0x7F,0x31,false,false,false,2026-07-10T12:43:03.347115+02:00,2942306180332,2942309163826,2.983494,true,true,251000186,251004262,4.076000,true,matched_request_response
run_2,20260711,235,after,235,target_did_random_data,0x1234,6,97CACE,2E123497CACE,062E123497CACE00,7F2E31,negative,0x7F,0x31,false,false,false,2026-07-10T12:43:03.371452+02:00,2942330516085,2942333558386,3.042301,true,true,251024539,251028617,4.078000,true,matched_request_response
run_2,20260711,236,after,236,target_did_random_data,0x1234,6,1C12A2,2E12341C12A2,062E12341C12A200,7F2E31,negative,0x7F,0x31,false,false,false,2026-07-10T12:43:03.395979+02:00,2942355043274,2942357989613,2.946339,true,true,251048997,251053075,4.078000,true,matched_request_response
run_2,20260711,237,after,237,target_did_random_data,0x1234,5,DBCB,2E1234DBCB,052E1234DBCB0000,7F2E31,negative,0x7F,0x31,false,false,false,2026-07-10T12:43:03.420386+02:00,2942379450406,2942382416509,2.966103,true,true,251073384,251077465,4.081000,true,matched_request_response
run_2,20260711,238,after,238,target_did_random_data,0x1234,7,9E5A423B,2E12349E5A423B,072E12349E5A423B,7F2E31,negative,0x7F,0x31,false,false,false,2026-07-10T12:43:03.444782+02:00,2942403846223,2942406826784,2.980561,true,true,251097735,251101810,4.075000,true,matched_request_response
run_2,20260711,239,after,239,target_did_random_data,0x1234,4,CF,2E1234CF,042E1234CF000000,7F2E31,negative,0x7F,0x31,false,false,false,2026-07-10T12:43:03.469147+02:00,2942428211729,2942431229865,3.018136,true,true,251122105,251126195,4.090000,true,matched_request_response
run_2,20260711,240,after,240,target_did_random_data,0x1234,5,F191,2E1234F191,052E1234F1910000,7F2E31,negative,0x7F,0x31,false,false,false,2026-07-10T12:43:03.493582+02:00,2942452646727,2942455757473,3.110746,true,true,251146494,251150574,4.080000,true,matched_request_response
run_2,20260711,241,after,241,target_did_random_data,0x1234,7,0909C489,2E12340909C489,072E12340909C489,7F2E31,negative,0x7F,0x31,false,false,false,2026-07-10T12:43:03.518102+02:00,2942477165466,2942480077512,2.912046,true,true,251170981,251175065,4.084000,true,matched_request_response
run_2,20260711,242,after,242,unknown_did,0xF187,4,3E,2EF1873E,042EF1873E000000,7F2E31,negative,0x7F,0x31,false,false,false,2026-07-10T12:43:03.542433+02:00,2942501497587,2942504493793,2.996206,true,true,251195318,251199402,4.084000,true,matched_request_response
run_2,20260711,243,after,243,target_did_random_data,0x1234,6,8DB626,2E12348DB626,062E12348DB62600,7F2E31,negative,0x7F,0x31,false,false,false,2026-07-10T12:43:03.566809+02:00,2942525873220,2942528900296,3.027076,true,true,251219645,251223723,4.078000,true,matched_request_response
run_2,20260711,244,after,244,unknown_did,0x2222,5,A23D,2E2222A23D,052E2222A23D0000,7F2E31,negative,0x7F,0x31,false,false,false,2026-07-10T12:43:03.591268+02:00,2942550332384,2942553347307,3.014923,true,true,251244086,251248169,4.083000,true,matched_request_response
run_2,20260711,245,after,245,unknown_did,0x2222,4,97,2E222297,042E222297000000,7F2E31,negative,0x7F,0x31,false,false,false,2026-07-10T12:43:03.615666+02:00,2942574730226,2942577825118,3.094892,true,true,251268470,251272555,4.085000,true,matched_request_response
run_2,20260711,246,after,246,read_only_did,0x1001,6,F13DF3,2E1001F13DF3,062E1001F13DF300,7F2E31,negative,0x7F,0x31,false,false,false,2026-07-10T12:43:03.640122+02:00,2942599186736,2942602163246,2.976510,true,true,251292901,251296984,4.083000,true,matched_request_response
run_2,20260711,247,after,247,target_did_random_data,0x1234,6,1A4BBF,2E12341A4BBF,062E12341A4BBF00,7F2E31,negative,0x7F,0x31,false,false,false,2026-07-10T12:43:03.664473+02:00,2942623537086,2942626581901,3.044815,true,true,251317254,251321331,4.077000,true,matched_request_response
run_2,20260711,248,after,248,read_only_did,0x1001,6,EF2DA1,2E1001EF2DA1,062E1001EF2DA100,7F2E31,negative,0x7F,0x31,false,false,false,2026-07-10T12:43:03.688914+02:00,2942647978091,2942650934905,2.956814,true,true,251341652,251345735,4.083000,true,matched_request_response
run_2,20260711,249,after,249,target_did_random_data,0x1234,6,F9E7DE,2E1234F9E7DE,062E1234F9E7DE00,7F2E31,negative,0x7F,0x31,false,false,false,2026-07-10T12:43:03.713265+02:00,2942672330117,2942675383802,3.053685,true,true,251365969,251370047,4.078000,true,matched_request_response
run_2,20260711,250,after,250,target_did_random_data,0x1234,5,C810,2E1234C810,052E1234C8100000,7F2E31,negative,0x7F,0x31,false,false,false,2026-07-10T12:43:03.737665+02:00,2942696729356,2942699821524,3.092168,true,true,251390351,251394430,4.079000,true,matched_request_response
run_2,20260711,251,after,251,target_did_random_data,0x1234,6,63CE6D,2E123463CE6D,062E123463CE6D00,7F2E31,negative,0x7F,0x31,false,false,false,2026-07-10T12:43:03.762134+02:00,2942721198577,2942724189265,2.990688,true,true,251414785,251418864,4.079000,true,matched_request_response
run_2,20260711,252,after,252,target_did_random_data,0x1234,7,8A3BF35E,2E12348A3BF35E,072E12348A3BF35E,7F2E31,negative,0x7F,0x31,false,false,false,2026-07-10T12:43:03.786502+02:00,2942745566039,2942748632854,3.066815,true,true,251439125,251443203,4.078000,true,matched_request_response
run_2,20260711,253,after,253,target_did_random_data,0x1234,4,D3,2E1234D3,042E1234D3000000,7F2E31,negative,0x7F,0x31,false,false,false,2026-07-10T12:43:03.810930+02:00,2942769993354,2942773027414,3.034060,true,true,251463580,251467666,4.086000,true,matched_request_response
run_2,20260711,254,after,254,unknown_did,0x2222,7,B1537707,2E2222B1537707,072E2222B1537707,7F2E31,negative,0x7F,0x31,false,false,false,2026-07-10T12:43:03.835370+02:00,2942794434219,2942797417993,2.983774,true,true,251487961,251492041,4.080000,true,matched_request_response
run_2,20260711,255,after,255,unknown_did,0xF187,7,2B873D82,2EF1872B873D82,072EF1872B873D82,7F2E31,negative,0x7F,0x31,false,false,false,2026-07-10T12:43:03.859776+02:00,2942818840652,2942821855575,3.014923,true,true,251512322,251516394,4.072000,true,matched_request_response
run_2,20260711,256,after,256,target_did_random_data,0x1234,7,ABD60A42,2E1234ABD60A42,072E1234ABD60A42,7F2E31,negative,0x7F,0x31,false,false,false,2026-07-10T12:43:03.884127+02:00,2942843191981,2942846261520,3.069539,true,true,251536648,251540727,4.079000,true,matched_request_response
run_2,20260711,257,after,257,target_did_random_data,0x1234,6,41EB67,2E123441EB67,062E123441EB6700,7F2E31,negative,0x7F,0x31,false,false,false,2026-07-10T12:43:03.908703+02:00,2942867767291,2942870722848,2.955557,true,true,251561212,251565288,4.076000,true,matched_request_response
run_2,20260711,258,after,258,target_did_random_data,0x1234,4,44,2E123444,042E123444000000,7F2E31,negative,0x7F,0x31,false,false,false,2026-07-10T12:43:03.933063+02:00,2942892127908,2942895101065,2.973157,true,true,251585547,251589634,4.087000,true,matched_request_response
run_2,20260711,259,after,259,target_did_random_data,0x1234,7,DB0B4413,2E1234DB0B4413,072E1234DB0B4413,7F2E31,negative,0x7F,0x31,false,false,false,2026-07-10T12:43:03.957501+02:00,2942916565420,2942919517346,2.951926,true,true,251609952,251614031,4.079000,true,matched_request_response
run_2,20260711,260,after,260,target_did_random_data,0x1234,6,7CCDDE,2E12347CCDDE,062E12347CCDDE00,7F2E31,negative,0x7F,0x31,false,false,false,2026-07-10T12:43:03.981843+02:00,2942940907390,2942943888369,2.980979,true,true,251634283,251638360,4.077000,true,matched_request_response
run_2,20260711,261,after,261,target_did_random_data,0x1234,4,16,2E123416,042E123416000000,7F2E31,negative,0x7F,0x31,false,false,false,2026-07-10T12:43:04.006264+02:00,2942965329537,2942968370162,3.040625,true,true,251658686,251662773,4.087000,true,matched_request_response
run_2,20260711,262,after,262,target_did_random_data,0x1234,6,4D827E,2E12344D827E,062E12344D827E00,7F2E31,negative,0x7F,0x31,false,false,false,2026-07-10T12:43:04.030687+02:00,2942989750846,2942992760462,3.009616,true,true,251683063,251687142,4.079000,true,matched_request_response
run_2,20260711,263,after,263,unknown_did,0x2222,6,54E157,2E222254E157,062E222254E15700,7F2E31,negative,0x7F,0x31,false,false,false,2026-07-10T12:43:04.055117+02:00,2943014182912,2943017221720,3.038808,true,true,251707483,251711560,4.077000,true,matched_request_response
run_2,20260711,264,after,264,target_did_random_data,0x1234,6,CEBA70,2E1234CEBA70,062E1234CEBA7000,7F2E31,negative,0x7F,0x31,false,false,false,2026-07-10T12:43:04.079513+02:00,2943038577472,2943041619563,3.042091,true,true,251731838,251735917,4.079000,true,matched_request_response
run_2,20260711,265,after,265,target_did_random_data,0x1234,4,A6,2E1234A6,042E1234A6000000,7F2E31,negative,0x7F,0x31,false,false,false,2026-07-10T12:43:04.103933+02:00,2943062996826,2943066066016,3.069190,true,true,251756265,251760350,4.085000,true,matched_request_response
run_2,20260711,266,after,266,target_did_random_data,0x1234,7,614736D1,2E1234614736D1,072E1234614736D1,7F2E31,negative,0x7F,0x31,false,false,false,2026-07-10T12:43:04.128384+02:00,2943087448376,2943090425376,2.977000,true,true,251780654,251784729,4.075000,true,matched_request_response
run_2,20260711,267,after,267,target_did_random_data,0x1234,5,311F,2E1234311F,052E1234311F0000,7F2E31,negative,0x7F,0x31,false,false,false,2026-07-10T12:43:04.152848+02:00,2943111912778,2943114838444,2.925666,true,true,251805120,251809206,4.086000,true,matched_request_response
run_2,20260711,268,after,268,target_did_random_data,0x1234,7,D68663C6,2E1234D68663C6,072E1234D68663C6,7F2E31,negative,0x7F,0x31,false,false,false,2026-07-10T12:43:04.177147+02:00,2943136211586,2943139279798,3.068212,true,true,251829370,251833442,4.072000,true,matched_request_response
run_2,20260711,269,after,269,target_did_random_data,0x1234,6,A085CD,2E1234A085CD,062E1234A085CD00,7F2E31,negative,0x7F,0x31,false,false,false,2026-07-10T12:43:04.201639+02:00,2943160703435,2943163665767,2.962332,true,true,251853842,251857921,4.079000,true,matched_request_response
run_2,20260711,270,after,270,target_did_random_data,0x1234,4,16,2E123416,042E123416000000,7F2E31,negative,0x7F,0x31,false,false,false,2026-07-10T12:43:04.225985+02:00,2943185048338,2943188091407,3.043069,true,true,251878177,251882264,4.087000,true,matched_request_response
run_2,20260711,271,after,271,target_did_random_data,0x1234,6,92E24B,2E123492E24B,062E123492E24B00,7F2E31,negative,0x7F,0x31,false,false,false,2026-07-10T12:43:04.250439+02:00,2943209503870,2943212510202,3.006332,true,true,251902653,251906731,4.078000,true,matched_request_response
run_2,20260711,272,after,272,unknown_did,0xF187,4,FE,2EF187FE,042EF187FE000000,7F2E31,negative,0x7F,0x31,false,false,false,2026-07-10T12:43:04.274821+02:00,2943233885090,2943236902807,3.017717,true,true,251926976,251931063,4.087000,true,matched_request_response
run_2,20260711,273,after,273,target_did_random_data,0x1234,6,AC6B48,2E1234AC6B48,062E1234AC6B4800,7F2E31,negative,0x7F,0x31,false,false,false,2026-07-10T12:43:04.299270+02:00,2943258335384,2943261347304,3.011920,true,true,251951377,251955454,4.077000,true,matched_request_response
run_2,20260711,274,after,274,target_did_random_data,0x1234,7,3D0F5060,2E12343D0F5060,072E12343D0F5060,7F2E31,negative,0x7F,0x31,false,false,false,2026-07-10T12:43:04.323841+02:00,2943282904338,2943285818270,2.913932,true,true,251975927,251980006,4.079000,true,matched_request_response
run_2,20260711,275,after,275,target_did_random_data,0x1234,4,C3,2E1234C3,042E1234C3000000,7F2E31,negative,0x7F,0x31,false,false,false,2026-07-10T12:43:04.348144+02:00,2943307209082,2943310133002,2.923920,true,true,252000225,252004310,4.085000,true,matched_request_response
run_2,20260711,276,after,276,unknown_did,0xF187,7,465465A5,2EF187465465A5,072EF187465465A5,7F2E31,negative,0x7F,0x31,false,false,false,2026-07-10T12:43:04.372440+02:00,2943331504258,2943334564648,3.060390,true,true,252024535,252028610,4.075000,true,matched_request_response
run_2,20260711,277,after,277,target_did_random_data,0x1234,5,FCE6,2E1234FCE6,052E1234FCE60000,7F2E31,negative,0x7F,0x31,false,false,false,2026-07-10T12:43:04.396846+02:00,2943355909923,2943359160422,3.250499,true,true,252048877,252052960,4.083000,true,matched_request_response
run_2,20260711,278,after,278,target_did_random_data,0x1234,6,5BD29B,2E12345BD29B,062E12345BD29B00,7F2E31,negative,0x7F,0x31,false,false,false,2026-07-10T12:43:04.421480+02:00,2943380544319,2943383363266,2.818947,true,true,252073488,252077565,4.077000,true,matched_request_response
run_2,20260711,279,after,279,target_did_random_data,0x1234,5,73AA,2E123473AA,052E123473AA0000,7F2E31,negative,0x7F,0x31,false,false,false,2026-07-10T12:43:04.445679+02:00,2943404743253,2943407768652,3.025399,true,true,252097646,252101729,4.083000,true,matched_request_response
run_2,20260711,280,after,280,target_did_random_data,0x1234,4,B2,2E1234B2,042E1234B2000000,7F2E31,negative,0x7F,0x31,false,false,false,2026-07-10T12:43:04.470102+02:00,2943429164842,2943432192895,3.028053,true,true,252122059,252126145,4.086000,true,matched_request_response
run_2,20260711,281,after,281,target_did_random_data,0x1234,4,34,2E123434,042E123434000000,7F2E31,negative,0x7F,0x31,false,false,false,2026-07-10T12:43:04.494485+02:00,2943453548716,2943456670706,3.121990,true,true,252146441,252150526,4.085000,true,matched_request_response
run_2,20260711,282,after,282,target_did_random_data,0x1234,5,0225,2E12340225,052E123402250000,7F2E31,negative,0x7F,0x31,false,false,false,2026-07-10T12:43:04.519243+02:00,2943478307640,2943481074695,2.767055,true,true,252171153,252175241,4.088000,true,matched_request_response
run_2,20260711,283,after,283,target_did_random_data,0x1234,7,C235C3A2,2E1234C235C3A2,072E1234C235C3A2,7F2E31,negative,0x7F,0x31,false,false,false,2026-07-10T12:43:04.543369+02:00,2943502433240,2943505473515,3.040275,true,true,252195248,252199320,4.072000,true,matched_request_response
run_2,20260711,284,after,284,target_did_random_data,0x1234,7,201DD8E8,2E1234201DD8E8,072E1234201DD8E8,7F2E31,negative,0x7F,0x31,false,false,false,2026-07-10T12:43:04.567826+02:00,2943526890518,2943529881695,2.991177,true,true,252219692,252223767,4.075000,true,matched_request_response
run_2,20260711,285,after,285,unknown_did,0x3333,4,93,2E333393,042E333393000000,7F2E31,negative,0x7F,0x31,false,false,false,2026-07-10T12:43:04.592277+02:00,2943551341859,2943554275696,2.933837,true,true,252244146,252248233,4.087000,true,matched_request_response
run_2,20260711,286,after,286,unknown_did,0xF187,5,A259,2EF187A259,052EF187A2590000,7F2E31,negative,0x7F,0x31,false,false,false,2026-07-10T12:43:04.616617+02:00,2943575682013,2943578697634,3.015621,true,true,252268453,252272534,4.081000,true,matched_request_response
run_2,20260711,287,after,287,target_did_random_data,0x1234,4,5C,2E12345C,042E12345C000000,7F2E31,negative,0x7F,0x31,false,false,false,2026-07-10T12:43:04.641018+02:00,2943600083906,2943603111890,3.027984,true,true,252292852,252296939,4.087000,true,matched_request_response
run_2,20260711,288,after,288,read_only_did,0x1001,5,9C57,2E10019C57,052E10019C570000,7F2E31,negative,0x7F,0x31,false,false,false,2026-07-10T12:43:04.665419+02:00,2943624483914,2943627476767,2.992853,true,true,252317214,252321299,4.085000,true,matched_request_response
run_2,20260711,289,after,289,target_did_random_data,0x1234,7,A096025D,2E1234A096025D,072E1234A096025D,7F2E31,negative,0x7F,0x31,false,false,false,2026-07-10T12:43:04.689706+02:00,2943648769172,2943650937056,2.167884,true,true,252341452,252345529,4.077000,true,matched_request_response
run_2,20260711,290,after,290,target_did_random_data,0x1234,6,71ED86,2E123471ED86,062E123471ED8600,7F2E31,negative,0x7F,0x31,false,false,false,2026-07-10T12:43:04.713243+02:00,2943672306566,2943675358784,3.052218,true,true,252364989,252369067,4.078000,true,matched_request_response
run_2,20260711,291,after,291,target_did_random_data,0x1234,7,ED3B8CA3,2E1234ED3B8CA3,072E1234ED3B8CA3,7F2E31,negative,0x7F,0x31,false,false,false,2026-07-10T12:43:04.737609+02:00,2943696672491,2943699744195,3.071704,true,true,252389309,252393382,4.073000,true,matched_request_response
run_2,20260711,292,after,292,target_did_random_data,0x1234,4,F0,2E1234F0,042E1234F0000000,7F2E31,negative,0x7F,0x31,false,false,false,2026-07-10T12:43:04.762224+02:00,2943721288239,2943724167600,2.879361,true,true,252413944,252418030,4.086000,true,matched_request_response
run_2,20260711,293,after,293,target_did_random_data,0x1234,4,2C,2E12342C,042E12342C000000,7F2E31,negative,0x7F,0x31,false,false,false,2026-07-10T12:43:04.786505+02:00,2943745568888,2943748613005,3.044117,true,true,252438204,252442289,4.085000,true,matched_request_response
run_2,20260711,294,after,294,target_did_random_data,0x1234,4,7E,2E12347E,042E12347E000000,7F2E31,negative,0x7F,0x31,false,false,false,2026-07-10T12:43:04.811002+02:00,2943770066115,2943773082994,3.016879,true,true,252462689,252466776,4.087000,true,matched_request_response
run_2,20260711,295,after,295,target_did_random_data,0x1234,5,16C6,2E123416C6,052E123416C60000,7F2E31,negative,0x7F,0x31,false,false,false,2026-07-10T12:43:04.835376+02:00,2943794440212,2943797438862,2.998650,true,true,252487021,252491104,4.083000,true,matched_request_response
run_2,20260711,296,after,296,target_did_random_data,0x1234,5,FFAC,2E1234FFAC,052E1234FFAC0000,7F2E31,negative,0x7F,0x31,false,false,false,2026-07-10T12:43:04.859783+02:00,2943818847134,2943821860241,3.013107,true,true,252511407,252515487,4.080000,true,matched_request_response
run_2,20260711,297,after,297,target_did_random_data,0x1234,4,DB,2E1234DB,042E1234DB000000,7F2E31,negative,0x7F,0x31,false,false,false,2026-07-10T12:43:04.884247+02:00,2943843311186,2943846256408,2.945222,true,true,252535859,252539946,4.087000,true,matched_request_response
run_2,20260711,298,after,298,target_did_random_data,0x1234,6,B466C4,2E1234B466C4,062E1234B466C400,7F2E31,negative,0x7F,0x31,false,false,false,2026-07-10T12:43:04.908563+02:00,2943867627524,2943870703000,3.075476,true,true,252560151,252564230,4.079000,true,matched_request_response
run_2,20260711,299,after,299,missing_data,0x1234,3,,2E1234,032E123400000000,7F2E31,negative,0x7F,0x31,false,false,false,2026-07-10T12:43:04.932983+02:00,2943892047646,2943895114182,3.066536,true,true,252584557,252588648,4.091000,true,matched_request_response
run_2,20260711,300,after,300,target_did_random_data,0x1234,7,6D602529,2E12346D602529,072E12346D602529,7F2E31,negative,0x7F,0x31,false,false,false,2026-07-10T12:43:04.957470+02:00,2943916536004,2943919522501,2.986497,true,true,252609039,252613114,4.075000,true,matched_request_response
run_2,20260711,301,after,301,unknown_did,0xF187,4,46,2EF18746,042EF18746000000,7F2E31,negative,0x7F,0x31,false,false,false,2026-07-10T12:43:04.981844+02:00,2943940908913,2943943954915,3.046002,true,true,252633372,252637457,4.085000,true,matched_request_response
run_2,20260711,302,after,302,target_did_random_data,0x1234,4,90,2E123490,042E123490000000,7F2E31,negative,0x7F,0x31,false,false,false,2026-07-10T12:43:05.006346+02:00,2943965410959,2943968350942,2.939983,true,true,252657862,252661949,4.087000,true,matched_request_response
run_2,20260711,303,after,303,target_did_random_data,0x1234,5,DDE6,2E1234DDE6,052E1234DDE60000,7F2E31,negative,0x7F,0x31,false,false,false,2026-07-10T12:43:05.030623+02:00,2943989687557,2943992735515,3.047958,true,true,252682104,252686189,4.085000,true,matched_request_response
run_2,20260711,304,after,304,target_did_random_data,0x1234,4,73,2E123473,042E123473000000,7F2E31,negative,0x7F,0x31,false,false,false,2026-07-10T12:43:05.055132+02:00,2944014197496,2944017195587,2.998091,true,true,252706606,252710693,4.087000,true,matched_request_response
run_2,20260711,305,after,305,unknown_did,0xF187,5,C4B7,2EF187C4B7,052EF187C4B70000,7F2E31,negative,0x7F,0x31,false,false,false,2026-07-10T12:43:05.079489+02:00,2944038552945,2944041581626,3.028681,true,true,252730943,252735025,4.082000,true,matched_request_response
run_2,20260711,306,after,306,target_did_random_data,0x1234,5,9FC7,2E12349FC7,052E12349FC70000,7F2E31,negative,0x7F,0x31,false,false,false,2026-07-10T12:43:05.104001+02:00,2944063065747,2944066059717,2.993970,true,true,252755419,252759499,4.080000,true,matched_request_response
run_2,20260711,307,after,307,missing_data,0x1234,3,,2E1234,032E123400000000,7F2E31,negative,0x7F,0x31,false,false,false,2026-07-10T12:43:05.128394+02:00,2944087458282,2944090426480,2.968198,true,true,252779798,252783889,4.091000,true,matched_request_response
run_2,20260711,308,after,308,missing_data,0x1234,3,,2E1234,032E123400000000,7F2E31,negative,0x7F,0x31,false,false,false,2026-07-10T12:43:05.152784+02:00,2944111848791,2944114845415,2.996624,true,true,252804178,252808269,4.091000,true,matched_request_response
run_2,20260711,309,after,309,read_only_did,0x1001,4,48,2E100148,042E100148000000,7F2E31,negative,0x7F,0x31,false,false,false,2026-07-10T12:43:05.177162+02:00,2944136226659,2944139228661,3.002002,true,true,252828534,252832625,4.091000,true,matched_request_response
run_2,20260711,310,after,310,target_did_random_data,0x1234,6,0E4F72,2E12340E4F72,062E12340E4F7200,7F2E31,negative,0x7F,0x31,false,false,false,2026-07-10T12:43:05.201498+02:00,2944160561784,2944163682308,3.120524,true,true,252852842,252856925,4.083000,true,matched_request_response
run_2,20260711,311,after,311,target_did_random_data,0x1234,5,E3FE,2E1234E3FE,052E1234E3FE0000,7F2E31,negative,0x7F,0x31,false,false,false,2026-07-10T12:43:05.225982+02:00,2944185047069,2944188075471,3.028402,true,true,252877290,252881371,4.081000,true,matched_request_response
run_2,20260711,312,after,312,target_did_random_data,0x1234,7,A249F1D8,2E1234A249F1D8,072E1234A249F1D8,7F2E31,negative,0x7F,0x31,false,false,false,2026-07-10T12:43:05.250372+02:00,2944209436461,2944212584083,3.147622,true,true,252901658,252905733,4.075000,true,matched_request_response
run_2,20260711,313,after,313,target_did_random_data,0x1234,7,E312A928,2E1234E312A928,072E1234E312A928,7F2E31,negative,0x7F,0x31,false,false,false,2026-07-10T12:43:05.275167+02:00,2944234231912,2944236901258,2.669346,true,true,252926419,252930491,4.072000,true,matched_request_response
run_2,20260711,314,after,314,target_did_random_data,0x1234,6,2549DA,2E12342549DA,062E12342549DA00,7F2E31,negative,0x7F,0x31,false,false,false,2026-07-10T12:43:05.299252+02:00,2944258315677,2944261355184,3.039507,true,true,252950475,252954552,4.077000,true,matched_request_response
run_2,20260711,315,after,315,target_did_random_data,0x1234,7,6BC0F466,2E12346BC0F466,072E12346BC0F466,7F2E31,negative,0x7F,0x31,false,false,false,2026-07-10T12:43:05.323640+02:00,2944282702904,2944285804710,3.101806,true,true,252974841,252978915,4.074000,true,matched_request_response
run_2,20260711,316,after,316,target_did_random_data,0x1234,5,FBE1,2E1234FBE1,052E1234FBE10000,7F2E31,negative,0x7F,0x31,false,false,false,2026-07-10T12:43:05.348167+02:00,2944307231350,2944310162813,2.931463,true,true,252999371,253003451,4.080000,true,matched_request_response
run_2,20260711,317,after,317,target_did_random_data,0x1234,6,6F4E79,2E12346F4E79,062E12346F4E7900,7F2E31,negative,0x7F,0x31,false,false,false,2026-07-10T12:43:05.372511+02:00,2944331575136,2944334604935,3.029799,true,true,253023677,253027756,4.079000,true,matched_request_response
run_2,20260711,318,after,318,target_did_random_data,0x1234,4,60,2E123460,042E123460000000,7F2E31,negative,0x7F,0x31,false,false,false,2026-07-10T12:43:05.396990+02:00,2944356054623,2944359157687,3.103064,true,true,253048146,253052233,4.087000,true,matched_request_response
run_2,20260711,319,after,319,unknown_did,0xF187,6,C7C3D6,2EF187C7C3D6,062EF187C7C3D600,7F2E31,negative,0x7F,0x31,false,false,false,2026-07-10T12:43:05.421497+02:00,2944380560791,2944383419687,2.858896,true,true,253072639,253076718,4.079000,true,matched_request_response
run_2,20260711,320,after,320,target_did_random_data,0x1234,6,95D6BA,2E123495D6BA,062E123495D6BA00,7F2E31,negative,0x7F,0x31,false,false,false,2026-07-10T12:43:05.445872+02:00,2944404937122,2944408021188,3.084066,true,true,253096974,253101053,4.079000,true,matched_request_response
run_2,20260711,321,after,321,target_did_random_data,0x1234,6,A3FE4E,2E1234A3FE4E,062E1234A3FE4E00,7F2E31,negative,0x7F,0x31,false,false,false,2026-07-10T12:43:05.470336+02:00,2944429400337,2944432202802,2.802465,true,true,253121407,253125483,4.076000,true,matched_request_response
run_2,20260711,322,after,322,target_did_random_data,0x1234,6,1C1BA2,2E12341C1BA2,062E12341C1BA200,7F2E31,negative,0x7F,0x31,false,false,false,2026-07-10T12:43:05.494468+02:00,2944453532013,2944456647089,3.115076,true,true,253145563,253149641,4.078000,true,matched_request_response
run_2,20260711,323,after,323,target_did_random_data,0x1234,7,443937F8,2E1234443937F8,072E1234443937F8,7F2E31,negative,0x7F,0x31,false,false,false,2026-07-10T12:43:05.518983+02:00,2944478046352,2944481043325,2.996973,true,true,253170010,253174084,4.074000,true,matched_request_response
run_2,20260711,324,after,324,target_did_random_data,0x1234,7,3F9745F0,2E12343F9745F0,072E12343F9745F0,7F2E31,negative,0x7F,0x31,false,false,false,2026-07-10T12:43:05.543375+02:00,2944502438398,2944505467080,3.028682,true,true,253194382,253198455,4.073000,true,matched_request_response
run_2,20260711,325,after,325,target_did_random_data,0x1234,6,63BAC9,2E123463BAC9,062E123463BAC900,7F2E31,negative,0x7F,0x31,false,false,false,2026-07-10T12:43:05.568073+02:00,2944527137607,2944529856402,2.718795,true,true,253219057,253223136,4.079000,true,matched_request_response
run_2,20260711,326,after,326,target_did_random_data,0x1234,5,C7E3,2E1234C7E3,052E1234C7E30000,7F2E31,negative,0x7F,0x31,false,false,false,2026-07-10T12:43:05.592173+02:00,2944551237226,2944554288746,3.051520,true,true,253243136,253247220,4.084000,true,matched_request_response
run_2,20260711,327,after,327,target_did_random_data,0x1234,7,DC38E245,2E1234DC38E245,072E1234DC38E245,7F2E31,negative,0x7F,0x31,false,false,false,2026-07-10T12:43:05.616625+02:00,2944575689476,2944578825015,3.135539,true,true,253267552,253271627,4.075000,true,matched_request_response
run_2,20260711,328,after,328,target_did_random_data,0x1234,6,7F024E,2E12347F024E,062E12347F024E00,7F2E31,negative,0x7F,0x31,false,false,false,2026-07-10T12:43:05.641156+02:00,2944600220367,2944603115581,2.895214,true,true,253292074,253296157,4.083000,true,matched_request_response
run_2,20260711,329,after,329,target_did_random_data,0x1234,5,1E37,2E12341E37,052E12341E370000,7F2E31,negative,0x7F,0x31,false,false,false,2026-07-10T12:43:05.665413+02:00,2944624477549,2944627603031,3.125482,true,true,253316318,253320398,4.080000,true,matched_request_response
run_2,20260711,330,after,330,target_did_random_data,0x1234,6,018B9B,2E1234018B9B,062E1234018B9B00,7F2E31,negative,0x7F,0x31,false,false,false,2026-07-10T12:43:05.690245+02:00,2944649309736,2944651963648,2.653912,true,true,253341119,253345205,4.086000,true,matched_request_response
run_2,20260711,331,after,331,unknown_did,0x3333,4,EA,2E3333EA,042E3333EA000000,7F2E31,negative,0x7F,0x31,false,false,false,2026-07-10T12:43:05.714342+02:00,2944673405375,2944676400463,2.995088,true,true,253365205,253369290,4.085000,true,matched_request_response
run_2,20260711,332,after,332,unknown_did,0xF187,4,AC,2EF187AC,042EF187AC000000,7F2E31,negative,0x7F,0x31,false,false,false,2026-07-10T12:43:05.738698+02:00,2944697762220,2944700792718,3.030498,true,true,253389538,253393624,4.086000,true,matched_request_response
run_2,20260711,333,after,333,target_did_random_data,0x1234,4,EA,2E1234EA,042E1234EA000000,7F2E31,negative,0x7F,0x31,false,false,false,2026-07-10T12:43:05.763129+02:00,2944722194076,2944725205367,3.011291,true,true,253413948,253418034,4.086000,true,matched_request_response
run_2,20260711,334,after,334,target_did_random_data,0x1234,4,BB,2E1234BB,042E1234BB000000,7F2E31,negative,0x7F,0x31,false,false,false,2026-07-10T12:43:05.787507+02:00,2944746571385,2944749633172,3.061787,true,true,253438310,253442394,4.084000,true,matched_request_response
run_2,20260711,335,after,335,target_did_random_data,0x1234,4,66,2E123466,042E123466000000,7F2E31,negative,0x7F,0x31,false,false,false,2026-07-10T12:43:05.811986+02:00,2944771050454,2944774138222,3.087768,true,true,253462760,253466847,4.087000,true,matched_request_response
run_2,20260711,336,after,336,target_did_random_data,0x1234,5,459B,2E1234459B,052E1234459B0000,7F2E31,negative,0x7F,0x31,false,false,false,2026-07-10T12:43:05.836452+02:00,2944795515973,2944798427810,2.911837,true,true,253487207,253491287,4.080000,true,matched_request_response
run_2,20260711,337,after,337,target_did_random_data,0x1234,4,CF,2E1234CF,042E1234CF000000,7F2E31,negative,0x7F,0x31,false,false,false,2026-07-10T12:43:05.860726+02:00,2944819789847,2944822836548,3.046701,true,true,253511462,253515547,4.085000,true,matched_request_response
run_2,20260711,338,after,338,target_did_random_data,0x1234,7,23FEEE86,2E123423FEEE86,072E123423FEEE86,7F2E31,negative,0x7F,0x31,false,false,false,2026-07-10T12:43:05.885134+02:00,2944844197747,2944847330982,3.133235,true,true,253535825,253539900,4.075000,true,matched_request_response
run_2,20260711,339,after,339,target_did_random_data,0x1234,4,33,2E123433,042E123433000000,7F2E31,negative,0x7F,0x31,false,false,false,2026-07-10T12:43:05.909681+02:00,2944868745331,2944871709129,2.963798,true,true,253560367,253564451,4.084000,true,matched_request_response
run_2,20260711,340,after,340,target_did_random_data,0x1234,5,1AE7,2E12341AE7,052E12341AE70000,7F2E31,negative,0x7F,0x31,false,false,false,2026-07-10T12:43:05.934097+02:00,2944893160773,2944896103760,2.942987,true,true,253584767,253588850,4.083000,true,matched_request_response
run_2,20260711,341,after,341,missing_data,0x1234,3,,2E1234,032E123400000000,7F2E31,negative,0x7F,0x31,false,false,false,2026-07-10T12:43:05.958430+02:00,2944917494502,2944920530587,3.036085,true,true,253609083,253613173,4.090000,true,matched_request_response
run_2,20260711,342,after,342,target_did_random_data,0x1234,5,DC7B,2E1234DC7B,052E1234DC7B0000,7F2E31,negative,0x7F,0x31,false,false,false,2026-07-10T12:43:05.982859+02:00,2944941922935,2944944903636,2.980701,true,true,253633481,253637560,4.079000,true,matched_request_response
run_2,20260711,343,after,343,target_did_random_data,0x1234,5,A28A,2E1234A28A,052E1234A28A0000,7F2E31,negative,0x7F,0x31,false,false,false,2026-07-10T12:43:06.007253+02:00,2944966317495,2944969357072,3.039577,true,true,253657866,253661949,4.083000,true,matched_request_response
run_2,20260711,344,after,344,unknown_did,0x3333,5,0905,2E33330905,052E333309050000,7F2E31,negative,0x7F,0x31,false,false,false,2026-07-10T12:43:06.031996+02:00,2944991060077,2944993783062,2.722985,true,true,253682590,253686682,4.092000,true,matched_request_response
run_2,20260711,345,after,345,target_did_random_data,0x1234,4,0F,2E12340F,042E12340F000000,7F2E31,negative,0x7F,0x31,false,false,false,2026-07-10T12:43:06.056098+02:00,2945015162210,2945018207165,3.044955,true,true,253706662,253710753,4.091000,true,matched_request_response
run_2,20260711,346,after,346,read_only_did,0x1001,4,1E,2E10011E,042E10011E000000,7F2E31,negative,0x7F,0x31,false,false,false,2026-07-10T12:43:06.080514+02:00,2945039579120,2945042596697,3.017577,true,true,253731076,253735167,4.091000,true,matched_request_response
run_2,20260711,347,after,347,target_did_random_data,0x1234,7,69F5AC0A,2E123469F5AC0A,072E123469F5AC0A,7F2E31,negative,0x7F,0x31,false,false,false,2026-07-10T12:43:06.105004+02:00,2945064068246,2945066983854,2.915608,true,true,253755543,253759622,4.079000,true,matched_request_response
run_2,20260711,348,after,348,target_did_random_data,0x1234,5,D4CC,2E1234D4CC,052E1234D4CC0000,7F2E31,negative,0x7F,0x31,false,false,false,2026-07-10T12:43:06.129321+02:00,2945088384444,2945091421437,3.036993,true,true,253779816,253783899,4.083000,true,matched_request_response
run_2,20260711,349,after,349,target_did_random_data,0x1234,4,37,2E123437,042E123437000000,7F2E31,negative,0x7F,0x31,false,false,false,2026-07-10T12:43:06.153763+02:00,2945112827335,2945115825286,2.997951,true,true,253804247,253808332,4.085000,true,matched_request_response
run_2,20260711,350,after,350,target_did_random_data,0x1234,7,0923C865,2E12340923C865,072E12340923C865,7F2E31,negative,0x7F,0x31,false,false,false,2026-07-10T12:43:06.178406+02:00,2945137470880,2945140205389,2.734509,true,true,253828866,253832946,4.080000,true,matched_request_response
run_2,20260711,351,after,351,target_did_random_data,0x1234,7,2E73DF10,2E12342E73DF10,072E12342E73DF10,7F2E31,negative,0x7F,0x31,false,false,false,2026-07-10T12:43:06.202520+02:00,2945161584328,2945164676636,3.092308,true,true,253852971,253857045,4.074000,true,matched_request_response
run_2,20260711,352,after,352,missing_data,0x1234,3,,2E1234,032E123400000000,7F2E31,negative,0x7F,0x31,false,false,false,2026-07-10T12:43:06.227346+02:00,2945186410649,2945189062047,2.651398,true,true,253877771,253881862,4.091000,true,matched_request_response
run_2,20260711,353,after,353,target_did_random_data,0x1234,4,A4,2E1234A4,042E1234A4000000,7F2E31,negative,0x7F,0x31,false,false,false,2026-07-10T12:43:06.251366+02:00,2945210430649,2945213456607,3.025958,true,true,253901775,253905862,4.087000,true,matched_request_response
run_2,20260711,354,after,354,read_only_did,0x1001,6,2043FC,2E10012043FC,062E10012043FC00,7F2E31,negative,0x7F,0x31,false,false,false,2026-07-10T12:43:06.276042+02:00,2945235107230,2945237873866,2.766636,true,true,253926430,253930511,4.081000,true,matched_request_response
run_2,20260711,355,after,355,target_did_random_data,0x1234,4,58,2E123458,042E123458000000,7F2E31,negative,0x7F,0x31,false,false,false,2026-07-10T12:43:06.300266+02:00,2945259330678,2945262313824,2.983146,true,true,253950653,253954739,4.086000,true,matched_request_response
run_2,20260711,356,after,356,target_did_random_data,0x1234,5,9DF0,2E12349DF0,052E12349DF00000,7F2E31,negative,0x7F,0x31,false,false,false,2026-07-10T12:43:06.324701+02:00,2945283766306,2945286776270,3.009964,true,true,253975046,253979128,4.082000,true,matched_request_response
run_2,20260711,357,after,357,target_did_random_data,0x1234,7,5D992E83,2E12345D992E83,072E12345D992E83,7F2E31,negative,0x7F,0x31,false,false,false,2026-07-10T12:43:06.349118+02:00,2945308182657,2945311159027,2.976370,true,true,253999419,254003491,4.072000,true,matched_request_response
run_2,20260711,358,after,358,missing_data,0x1234,3,,2E1234,032E123400000000,7F2E31,negative,0x7F,0x31,false,false,false,2026-07-10T12:43:06.373528+02:00,2945332591884,2945335585086,2.993202,true,true,254023818,254027909,4.091000,true,matched_request_response
run_2,20260711,359,after,359,target_did_random_data,0x1234,4,23,2E123423,042E123423000000,7F2E31,negative,0x7F,0x31,false,false,false,2026-07-10T12:43:06.398143+02:00,2945357208191,2945360036637,2.828446,true,true,254048415,254052499,4.084000,true,matched_request_response
run_2,20260711,360,after,360,unknown_did,0x3333,4,B2,2E3333B2,042E3333B2000000,7F2E31,negative,0x7F,0x31,false,false,false,2026-07-10T12:43:06.422407+02:00,2945381471519,2945384386778,2.915259,true,true,254072658,254076745,4.087000,true,matched_request_response
run_2,20260711,361,after,361,target_did_random_data,0x1234,6,96E3D4,2E123496E3D4,062E123496E3D400,7F2E31,negative,0x7F,0x31,false,false,false,2026-07-10T12:43:06.446695+02:00,2945405759152,2945408815212,3.056060,true,true,254096911,254100989,4.078000,true,matched_request_response
run_2,20260711,362,after,362,target_did_random_data,0x1234,4,A8,2E1234A8,042E1234A8000000,7F2E31,negative,0x7F,0x31,false,false,false,2026-07-10T12:43:06.471192+02:00,2945430255891,2945433213404,2.957513,true,true,254121395,254125479,4.084000,true,matched_request_response
run_2,20260711,363,after,363,read_only_did,0x1001,4,75,2E100175,042E100175000000,7F2E31,negative,0x7F,0x31,false,false,false,2026-07-10T12:43:06.495514+02:00,2945454578305,2945457625564,3.047259,true,true,254145705,254149796,4.091000,true,matched_request_response
run_2,20260711,364,after,364,target_did_random_data,0x1234,5,1AB7,2E12341AB7,052E12341AB70000,7F2E31,negative,0x7F,0x31,false,false,false,2026-07-10T12:43:06.519984+02:00,2945479048713,2945482057350,3.008637,true,true,254170142,254174225,4.083000,true,matched_request_response
run_2,20260711,365,after,365,target_did_random_data,0x1234,4,B1,2E1234B1,042E1234B1000000,7F2E31,negative,0x7F,0x31,false,false,false,2026-07-10T12:43:06.544439+02:00,2945503503128,2945506458965,2.955837,true,true,254194569,254198656,4.087000,true,matched_request_response
run_2,20260711,366,after,366,missing_data,0x1234,3,,2E1234,032E123400000000,7F2E31,negative,0x7F,0x31,false,false,false,2026-07-10T12:43:06.568789+02:00,2945527853269,2945530862535,3.009266,true,true,254218906,254222997,4.091000,true,matched_request_response
run_2,20260711,367,after,367,target_did_random_data,0x1234,4,26,2E123426,042E123426000000,7F2E31,negative,0x7F,0x31,false,false,false,2026-07-10T12:43:06.593189+02:00,2945552252858,2945555263241,3.010383,true,true,254243277,254247362,4.085000,true,matched_request_response
run_2,20260711,368,after,368,target_did_random_data,0x1234,5,5F5F,2E12345F5F,052E12345F5F0000,7F2E31,negative,0x7F,0x31,false,false,false,2026-07-10T12:43:06.617578+02:00,2945576641272,2945579703269,3.061997,true,true,254267638,254271721,4.083000,true,matched_request_response
run_2,20260711,369,after,369,target_did_random_data,0x1234,6,071EB9,2E1234071EB9,062E1234071EB900,7F2E31,negative,0x7F,0x31,false,false,false,2026-07-10T12:43:06.642075+02:00,2945601139198,2945604148953,3.009755,true,true,254292100,254296186,4.086000,true,matched_request_response
run_2,20260711,370,after,370,target_did_random_data,0x1234,7,309A40FA,2E1234309A40FA,072E1234309A40FA,7F2E31,negative,0x7F,0x31,false,false,false,2026-07-10T12:43:06.666461+02:00,2945625526216,2945628544351,3.018135,true,true,254316524,254320597,4.073000,true,matched_request_response
run_2,20260711,371,after,371,target_did_random_data,0x1234,4,A0,2E1234A0,042E1234A0000000,7F2E31,negative,0x7F,0x31,false,false,false,2026-07-10T12:43:06.690967+02:00,2945650030358,2945652940309,2.909951,true,true,254340971,254345057,4.086000,true,matched_request_response
run_2,20260711,372,after,372,target_did_random_data,0x1234,6,100F68,2E1234100F68,062E1234100F6800,7F2E31,negative,0x7F,0x31,false,false,false,2026-07-10T12:43:06.715299+02:00,2945674364295,2945677367695,3.003400,true,true,254365277,254369358,4.081000,true,matched_request_response
run_2,20260711,373,after,373,target_did_random_data,0x1234,6,FC19CC,2E1234FC19CC,062E1234FC19CC00,7F2E31,negative,0x7F,0x31,false,false,false,2026-07-10T12:43:06.739850+02:00,2945698913625,2945701854306,2.940681,true,true,254389797,254393876,4.079000,true,matched_request_response
run_2,20260711,374,after,374,unknown_did,0x3333,5,7E3C,2E33337E3C,052E33337E3C0000,7F2E31,negative,0x7F,0x31,false,false,false,2026-07-10T12:43:06.764235+02:00,2945723299106,2945726172949,2.873843,true,true,254414165,254418249,4.084000,true,matched_request_response
run_2,20260711,375,after,375,target_did_random_data,0x1234,7,4238DF7E,2E12344238DF7E,072E12344238DF7E,7F2E31,negative,0x7F,0x31,false,false,false,2026-07-10T12:43:06.788493+02:00,2945747556707,2945750599497,3.042790,true,true,254438407,254442479,4.072000,true,matched_request_response
run_2,20260711,376,after,376,target_did_random_data,0x1234,7,C469A0C8,2E1234C469A0C8,072E1234C469A0C8,7F2E31,negative,0x7F,0x31,false,false,false,2026-07-10T12:43:06.812954+02:00,2945772018804,2945775052864,3.034060,true,true,254462834,254466909,4.075000,true,matched_request_response
run_2,20260711,377,after,377,target_did_random_data,0x1234,5,6240,2E12346240,052E123462400000,7F2E31,negative,0x7F,0x31,false,false,false,2026-07-10T12:43:06.837412+02:00,2945796476361,2945799474942,2.998581,true,true,254487274,254491355,4.081000,true,matched_request_response
run_2,20260711,378,after,378,target_did_random_data,0x1234,5,D2A5,2E1234D2A5,052E1234D2A50000,7F2E31,negative,0x7F,0x31,false,false,false,2026-07-10T12:43:06.861892+02:00,2945820956268,2945823867616,2.911348,true,true,254511727,254515809,4.082000,true,matched_request_response
run_2,20260711,379,after,379,read_only_did,0x1001,6,8E8A3D,2E10018E8A3D,062E10018E8A3D00,7F2E31,negative,0x7F,0x31,false,false,false,2026-07-10T12:43:06.886224+02:00,2945845287901,2945848273980,2.986079,true,true,254536042,254540126,4.084000,true,matched_request_response
run_2,20260711,380,after,380,target_did_random_data,0x1234,4,B6,2E1234B6,042E1234B6000000,7F2E31,negative,0x7F,0x31,false,false,false,2026-07-10T12:43:06.910589+02:00,2945869653617,2945872683486,3.029869,true,true,254560390,254564474,4.084000,true,matched_request_response
run_2,20260711,381,after,381,target_did_random_data,0x1234,7,F57E51D8,2E1234F57E51D8,072E1234F57E51D8,7F2E31,negative,0x7F,0x31,false,false,false,2026-07-10T12:43:06.935122+02:00,2945894185696,2945897067920,2.882224,true,true,254584884,254588959,4.075000,true,matched_request_response
run_2,20260711,382,after,382,read_only_did,0x1001,6,A486F0,2E1001A486F0,062E1001A486F000,7F2E31,negative,0x7F,0x31,false,false,false,2026-07-10T12:43:06.959392+02:00,2945918455589,2945921505293,3.049704,true,true,254609130,254613216,4.086000,true,matched_request_response
run_2,20260711,383,after,383,target_did_random_data,0x1234,7,5CB676AA,2E12345CB676AA,072E12345CB676AA,7F2E31,negative,0x7F,0x31,false,false,false,2026-07-10T12:43:06.983803+02:00,2945942866213,2945945920317,3.054104,true,true,254633510,254637582,4.072000,true,matched_request_response
run_2,20260711,384,after,384,missing_data,0x1234,3,,2E1234,032E123400000000,7F2E31,negative,0x7F,0x31,false,false,false,2026-07-10T12:43:07.008322+02:00,2945967386348,2945970346655,2.960307,true,true,254658035,254662126,4.091000,true,matched_request_response
run_2,20260711,385,after,385,target_did_random_data,0x1234,4,8C,2E12348C,042E12348C000000,7F2E31,negative,0x7F,0x31,false,false,false,2026-07-10T12:43:07.032667+02:00,2945991731112,2945994787870,3.056758,true,true,254682351,254686435,4.084000,true,matched_request_response
run_2,20260711,386,after,386,target_did_random_data,0x1234,7,7DC6738D,2E12347DC6738D,072E12347DC6738D,7F2E31,negative,0x7F,0x31,false,false,false,2026-07-10T12:43:07.057050+02:00,2946016112123,2946019062512,2.950389,true,true,254706678,254710753,4.075000,true,matched_request_response
run_2,20260711,387,after,387,target_did_random_data,0x1234,6,9B1680,2E12349B1680,062E12349B168000,7F2E31,negative,0x7F,0x31,false,false,false,2026-07-10T12:43:07.081321+02:00,2946040384950,2946042584262,2.199312,true,true,254730941,254735020,4.079000,true,matched_request_response
run_2,20260711,388,after,388,target_did_random_data,0x1234,5,B834,2E1234B834,052E1234B8340000,7F2E31,negative,0x7F,0x31,false,false,false,2026-07-10T12:43:07.104898+02:00,2946063962433,2946067033648,3.071215,true,true,254754510,254758591,4.081000,true,matched_request_response
run_2,20260711,389,after,389,target_did_random_data,0x1234,6,1ED05D,2E12341ED05D,062E12341ED05D00,7F2E31,negative,0x7F,0x31,false,false,false,2026-07-10T12:43:07.129502+02:00,2946088566309,2946091423320,2.857011,true,true,254779100,254783178,4.078000,true,matched_request_response
run_2,20260711,390,after,390,target_did_random_data,0x1234,5,AFE1,2E1234AFE1,052E1234AFE10000,7F2E31,negative,0x7F,0x31,false,false,false,2026-07-10T12:43:07.153744+02:00,2946112807846,2946115831290,3.023444,true,true,254803300,254807381,4.081000,true,matched_request_response
run_2,20260711,391,after,391,target_did_random_data,0x1234,7,86942D7C,2E123486942D7C,072E123486942D7C,7F2E31,negative,0x7F,0x31,false,false,false,2026-07-10T12:43:07.178164+02:00,2946137228388,2946140228644,3.000256,true,true,254827690,254831765,4.075000,true,matched_request_response
run_2,20260711,392,after,392,target_did_random_data,0x1234,5,C1EF,2E1234C1EF,052E1234C1EF0000,7F2E31,negative,0x7F,0x31,false,false,false,2026-07-10T12:43:07.202500+02:00,2946161563653,2946164706875,3.143222,true,true,254852032,254856115,4.083000,true,matched_request_response
run_2,20260711,393,after,393,target_did_random_data,0x1234,7,FB54EC38,2E1234FB54EC38,072E1234FB54EC38,7F2E31,negative,0x7F,0x31,false,false,false,2026-07-10T12:43:07.227016+02:00,2946186080785,2946189052686,2.971901,true,true,254876480,254880553,4.073000,true,matched_request_response
run_2,20260711,394,after,394,target_did_random_data,0x1234,4,18,2E123418,042E123418000000,7F2E31,negative,0x7F,0x31,false,false,false,2026-07-10T12:43:07.251312+02:00,2946210376660,2946213492644,3.115984,true,true,254900774,254904861,4.087000,true,matched_request_response
run_2,20260711,395,after,395,target_did_random_data,0x1234,6,B9E905,2E1234B9E905,062E1234B9E90500,7F2E31,negative,0x7F,0x31,false,false,false,2026-07-10T12:43:07.275776+02:00,2946234840782,2946237885109,3.044327,true,true,254925204,254929285,4.081000,true,matched_request_response
run_2,20260711,396,after,396,target_did_random_data,0x1234,7,CD59F2A9,2E1234CD59F2A9,072E1234CD59F2A9,7F2E31,negative,0x7F,0x31,false,false,false,2026-07-10T12:43:07.300223+02:00,2946259286677,2946262343155,3.056478,true,true,254949617,254953692,4.075000,true,matched_request_response
run_2,20260711,397,after,397,target_did_random_data,0x1234,7,4CCA4903,2E12344CCA4903,072E12344CCA4903,7F2E31,negative,0x7F,0x31,false,false,false,2026-07-10T12:43:07.324640+02:00,2946283702748,2946286760135,3.057387,true,true,254974010,254978089,4.079000,true,matched_request_response
run_2,20260711,398,after,398,target_did_random_data,0x1234,4,D8,2E1234D8,042E1234D8000000,7F2E31,negative,0x7F,0x31,false,false,false,2026-07-10T12:43:07.349017+02:00,2946308081944,2946311136886,3.054942,true,true,254998376,255002461,4.085000,true,matched_request_response
run_2,20260711,399,after,399,target_did_random_data,0x1234,7,634E2F15,2E1234634E2F15,072E1234634E2F15,7F2E31,negative,0x7F,0x31,false,false,false,2026-07-10T12:43:07.373385+02:00,2946332449196,2946335543389,3.094193,true,true,255022698,255026772,4.074000,true,matched_request_response
run_2,20260711,400,after,400,target_did_random_data,0x1234,5,A748,2E1234A748,052E1234A7480000,7F2E31,negative,0x7F,0x31,false,false,false,2026-07-10T12:43:07.397821+02:00,2946356885173,2946359978249,3.093076,true,true,255047136,255051219,4.083000,true,matched_request_response
run_2,20260711,401,after,401,target_did_random_data,0x1234,5,2995,2E12342995,052E123429950000,7F2E31,negative,0x7F,0x31,false,false,false,2026-07-10T12:43:07.422341+02:00,2946381405029,2946384441813,3.036784,true,true,255071636,255075719,4.083000,true,matched_request_response
run_2,20260711,402,after,402,target_did_random_data,0x1234,6,5C431C,2E12345C431C,062E12345C431C00,7F2E31,negative,0x7F,0x31,false,false,false,2026-07-10T12:43:07.446818+02:00,2946405881444,2946408795655,2.914211,true,true,255096075,255100154,4.079000,true,matched_request_response
run_2,20260711,403,after,403,target_did_random_data,0x1234,6,B13D79,2E1234B13D79,062E1234B13D7900,7F2E31,negative,0x7F,0x31,false,false,false,2026-07-10T12:43:07.471159+02:00,2946430221877,2946433206559,2.984682,true,true,255120411,255124487,4.076000,true,matched_request_response
run_2,20260711,404,after,404,target_did_random_data,0x1234,6,A1B5A7,2E1234A1B5A7,062E1234A1B5A700,7F2E31,negative,0x7F,0x31,false,false,false,2026-07-10T12:43:07.495518+02:00,2946454581936,2946457623329,3.041393,true,true,255144747,255148825,4.078000,true,matched_request_response
run_2,20260711,405,after,405,target_did_random_data,0x1234,6,9F169B,2E12349F169B,062E12349F169B00,7F2E31,negative,0x7F,0x31,false,false,false,2026-07-10T12:43:07.519986+02:00,2946479050389,2946482039959,2.989570,true,true,255169196,255173273,4.077000,true,matched_request_response
run_2,20260711,406,after,406,unknown_did,0xF187,7,82D657C9,2EF18782D657C9,072EF18782D657C9,7F2E31,negative,0x7F,0x31,false,false,false,2026-07-10T12:43:07.544373+02:00,2946503437267,2946506440736,3.003469,true,true,255193560,255197635,4.075000,true,matched_request_response
run_2,20260711,407,after,407,unknown_did,0xF187,4,5B,2EF1875B,042EF1875B000000,7F2E31,negative,0x7F,0x31,false,false,false,2026-07-10T12:43:07.568747+02:00,2946527810665,2946530879506,3.068841,true,true,255217919,255222005,4.086000,true,matched_request_response
run_2,20260711,408,after,408,target_did_random_data,0x1234,6,5D155B,2E12345D155B,062E12345D155B00,7F2E31,negative,0x7F,0x31,false,false,false,2026-07-10T12:43:07.593170+02:00,2946552234210,2946555372194,3.137984,true,true,255242287,255246364,4.077000,true,matched_request_response
run_2,20260711,409,after,409,target_did_random_data,0x1234,4,DB,2E1234DB,042E1234DB000000,7F2E31,negative,0x7F,0x31,false,false,false,2026-07-10T12:43:07.617709+02:00,2946576774181,2946580024191,3.250010,true,true,255266842,255270929,4.087000,true,matched_request_response
run_2,20260711,410,after,410,missing_data,0x1234,3,,2E1234,032E123400000000,7F2E31,negative,0x7F,0x31,false,false,false,2026-07-10T12:43:07.642523+02:00,2946601586604,2946604135404,2.548800,true,true,255291626,255295717,4.091000,true,matched_request_response
run_2,20260711,411,after,411,target_did_random_data,0x1234,6,96429E,2E123496429E,062E123496429E00,7F2E31,negative,0x7F,0x31,false,false,false,2026-07-10T12:43:07.666373+02:00,2946625437168,2946628578923,3.141755,true,true,255315421,255319498,4.077000,true,matched_request_response
run_2,20260711,412,after,412,target_did_random_data,0x1234,5,4229,2E12344229,052E123442290000,7F2E31,negative,0x7F,0x31,false,false,false,2026-07-10T12:43:07.691226+02:00,2946650291566,2946652965382,2.673816,true,true,255340283,255344364,4.081000,true,matched_request_response
run_2,20260711,413,after,413,unknown_did,0x2222,6,6A3790,2E22226A3790,062E22226A379000,7F2E31,negative,0x7F,0x31,false,false,false,2026-07-10T12:43:07.715317+02:00,2946674381547,2946677368044,2.986497,true,true,255364342,255368418,4.076000,true,matched_request_response
run_2,20260711,414,after,414,target_did_random_data,0x1234,7,04C243C6,2E123404C243C6,072E123404C243C6,7F2E31,negative,0x7F,0x31,false,false,false,2026-07-10T12:43:07.739704+02:00,2946698768215,2946701872326,3.104111,true,true,255388706,255392785,4.079000,true,matched_request_response
run_2,20260711,415,after,415,unknown_did,0x2222,4,89,2E222289,042E222289000000,7F2E31,negative,0x7F,0x31,false,false,false,2026-07-10T12:43:07.764209+02:00,2946723272637,2946726181330,2.908693,true,true,255413201,255417286,4.085000,true,matched_request_response
run_2,20260711,416,after,416,target_did_random_data,0x1234,6,7DAC49,2E12347DAC49,062E12347DAC4900,7F2E31,negative,0x7F,0x31,false,false,false,2026-07-10T12:43:07.788664+02:00,2946747728239,2946750638888,2.910649,true,true,255437624,255441703,4.079000,true,matched_request_response
run_2,20260711,417,after,417,target_did_random_data,0x1234,6,057C44,2E1234057C44,062E1234057C4400,7F2E31,negative,0x7F,0x31,false,false,false,2026-07-10T12:43:07.812938+02:00,2946772017757,2946775068858,3.051101,true,true,255461891,255465975,4.084000,true,matched_request_response
run_2,20260711,418,after,418,unknown_did,0x3333,7,2A1C4A21,2E33332A1C4A21,072E33332A1C4A21,7F2E31,negative,0x7F,0x31,false,false,false,2026-07-10T12:43:07.837425+02:00,2946796488166,2946799410479,2.922313,true,true,255486329,255490402,4.073000,true,matched_request_response
run_2,20260711,419,after,419,target_did_random_data,0x1234,6,3232B5,2E12343232B5,062E12343232B500,7F2E31,negative,0x7F,0x31,false,false,false,2026-07-10T12:43:07.861686+02:00,2946820749608,2946823841217,3.091609,true,true,255510560,255514638,4.078000,true,matched_request_response
run_2,20260711,420,after,420,target_did_random_data,0x1234,5,D4A6,2E1234D4A6,052E1234D4A60000,7F2E31,negative,0x7F,0x31,false,false,false,2026-07-10T12:43:07.886091+02:00,2946845155413,2946848312883,3.157470,true,true,255534950,255539033,4.083000,true,matched_request_response
run_2,20260711,421,after,421,target_did_random_data,0x1234,6,27CB27,2E123427CB27,062E123427CB2700,7F2E31,negative,0x7F,0x31,false,false,false,2026-07-10T12:43:07.910552+02:00,2946869615415,2946872650592,3.035177,true,true,255559388,255563464,4.076000,true,matched_request_response
run_2,20260711,422,after,422,target_did_random_data,0x1234,5,2ED3,2E12342ED3,052E12342ED30000,7F2E31,negative,0x7F,0x31,false,false,false,2026-07-10T12:43:07.934889+02:00,2946893952566,2946896110462,2.157896,true,true,255583707,255587789,4.082000,true,matched_request_response
run_2,20260711,423,after,423,target_did_random_data,0x1234,5,3E94,2E12343E94,052E12343E940000,7F2E31,negative,0x7F,0x31,false,false,false,2026-07-10T12:43:07.958355+02:00,2946917418582,2946920622846,3.204264,true,true,255607148,255611231,4.083000,true,matched_request_response
run_2,20260711,424,after,424,target_did_random_data,0x1234,6,222AC0,2E1234222AC0,062E1234222AC000,7F2E31,negative,0x7F,0x31,false,false,false,2026-07-10T12:43:07.982966+02:00,2946942030350,2946944923679,2.893329,true,true,255631727,255635806,4.079000,true,matched_request_response
run_2,20260711,425,after,425,target_did_random_data,0x1234,5,D5C2,2E1234D5C2,052E1234D5C20000,7F2E31,negative,0x7F,0x31,false,false,false,2026-07-10T12:43:08.007238+02:00,2946966302129,2946969371040,3.068911,true,true,255655994,255660077,4.083000,true,matched_request_response
run_2,20260711,426,after,426,unknown_did,0x2222,4,6E,2E22226E,042E22226E000000,7F2E31,negative,0x7F,0x31,false,false,false,2026-07-10T12:43:08.031658+02:00,2946990721972,2946993777473,3.055501,true,true,255680386,255684470,4.084000,true,matched_request_response
run_2,20260711,427,after,427,target_did_random_data,0x1234,7,018E862A,2E1234018E862A,072E1234018E862A,7F2E31,negative,0x7F,0x31,false,false,false,2026-07-10T12:43:08.056069+02:00,2947015133225,2947018413896,3.280671,true,true,255704773,255708852,4.079000,true,matched_request_response
run_2,20260711,428,after,428,target_did_random_data,0x1234,7,453BB3ED,2E1234453BB3ED,072E1234453BB3ED,7F2E31,negative,0x7F,0x31,false,false,false,2026-07-10T12:43:08.080701+02:00,2947039765457,2947042615484,2.850027,true,true,255729375,255733448,4.073000,true,matched_request_response
run_2,20260711,429,after,429,target_did_random_data,0x1234,7,90BB14E3,2E123490BB14E3,072E123490BB14E3,7F2E31,negative,0x7F,0x31,false,false,false,2026-07-10T12:43:08.104852+02:00,2947063916130,2947067066407,3.150277,true,true,255753494,255757566,4.072000,true,matched_request_response
run_2,20260711,430,after,430,unknown_did,0xF187,5,4DB0,2EF1874DB0,052EF1874DB00000,7F2E31,negative,0x7F,0x31,false,false,false,2026-07-10T12:43:08.129487+02:00,2947088551435,2947091417386,2.865951,true,true,255778177,255782259,4.082000,true,matched_request_response
run_2,20260711,431,after,431,target_did_random_data,0x1234,4,37,2E123437,042E123437000000,7F2E31,negative,0x7F,0x31,false,false,false,2026-07-10T12:43:08.153726+02:00,2947112790389,2947116193841,3.403452,true,true,255802350,255806434,4.084000,true,matched_request_response
run_2,20260711,432,after,432,target_did_random_data,0x1234,6,9E8624,2E12349E8624,062E12349E862400,7F2E31,negative,0x7F,0x31,false,false,false,2026-07-10T12:43:08.178543+02:00,2947137606932,2947140255117,2.648185,true,true,255827132,255831214,4.082000,true,matched_request_response
run_2,20260711,433,after,433,target_did_random_data,0x1234,7,5E81F0B6,2E12345E81F0B6,072E12345E81F0B6,7F2E31,negative,0x7F,0x31,false,false,false,2026-07-10T12:43:08.202539+02:00,2947161603466,2947165028708,3.425242,true,true,255851128,255855205,4.077000,true,matched_request_response
run_2,20260711,434,after,434,target_did_random_data,0x1234,5,AEE4,2E1234AEE4,052E1234AEE40000,7F2E31,negative,0x7F,0x31,false,false,false,2026-07-10T12:43:08.227347+02:00,2947186410301,2947189100810,2.690509,true,true,255875909,255879992,4.083000,true,matched_request_response
run_2,20260711,435,after,435,target_did_random_data,0x1234,6,8C21DA,2E12348C21DA,062E12348C21DA00,7F2E31,negative,0x7F,0x31,false,false,false,2026-07-10T12:43:08.251429+02:00,2947210492251,2947213530152,3.037901,true,true,255899950,255904029,4.079000,true,matched_request_response
run_2,20260711,436,after,436,target_did_random_data,0x1234,5,3B35,2E12343B35,052E12343B350000,7F2E31,negative,0x7F,0x31,false,false,false,2026-07-10T12:43:08.275881+02:00,2947234944989,2947237905576,2.960587,true,true,255924389,255928470,4.081000,true,matched_request_response
run_2,20260711,437,after,437,read_only_did,0x1001,5,5C2D,2E10015C2D,052E10015C2D0000,7F2E31,negative,0x7F,0x31,false,false,false,2026-07-10T12:43:08.300254+02:00,2947259318947,2947262385972,3.067025,true,true,255948745,255952832,4.087000,true,matched_request_response
run_2,20260711,438,after,438,target_did_random_data,0x1234,4,54,2E123454,042E123454000000,7F2E31,negative,0x7F,0x31,false,false,false,2026-07-10T12:43:08.324710+02:00,2947283773152,2947286820412,3.047260,true,true,255973167,255977254,4.087000,true,matched_request_response
run_2,20260711,439,after,439,target_did_random_data,0x1234,7,C15C1EB3,2E1234C15C1EB3,072E1234C15C1EB3,7F2E31,negative,0x7F,0x31,false,false,false,2026-07-10T12:43:08.349142+02:00,2947308206335,2947311124318,2.917983,true,true,255997558,256001633,4.075000,true,matched_request_response
run_2,20260711,440,after,440,target_did_random_data,0x1234,7,A16F6489,2E1234A16F6489,072E1234A16F6489,7F2E31,negative,0x7F,0x31,false,false,false,2026-07-10T12:43:08.373359+02:00,2947332423289,2947334589147,2.165858,true,true,256021742,256025817,4.075000,true,matched_request_response
run_2,20260711,441,after,441,target_did_random_data,0x1234,7,DC8BBF6C,2E1234DC8BBF6C,072E1234DC8BBF6C,7F2E31,negative,0x7F,0x31,false,false,false,2026-07-10T12:43:08.396925+02:00,2947355989667,2947359022260,3.032593,true,true,256045324,256049397,4.073000,true,matched_request_response
run_2,20260711,442,after,442,target_did_random_data,0x1234,4,FA,2E1234FA,042E1234FA000000,7F2E31,negative,0x7F,0x31,false,false,false,2026-07-10T12:43:08.421315+02:00,2947380379898,2947383465850,3.085952,true,true,256069673,256073760,4.087000,true,matched_request_response
run_2,20260711,443,after,443,target_did_random_data,0x1234,4,20,2E123420,042E123420000000,7F2E31,negative,0x7F,0x31,false,false,false,2026-07-10T12:43:08.445807+02:00,2947404870979,2947407867115,2.996136,true,true,256094156,256098243,4.087000,true,matched_request_response
run_2,20260711,444,after,444,target_did_random_data,0x1234,4,F4,2E1234F4,042E1234F4000000,7F2E31,negative,0x7F,0x31,false,false,false,2026-07-10T12:43:08.470158+02:00,2947429222308,2947432251898,3.029590,true,true,256118469,256122553,4.084000,true,matched_request_response
run_2,20260711,445,after,445,read_only_did,0x1001,6,B608A7,2E1001B608A7,062E1001B608A700,7F2E31,negative,0x7F,0x31,false,false,false,2026-07-10T12:43:08.494523+02:00,2947453587326,2947456717627,3.130301,true,true,256142826,256146914,4.088000,true,matched_request_response
run_2,20260711,446,after,446,target_did_random_data,0x1234,4,AA,2E1234AA,042E1234AA000000,7F2E31,negative,0x7F,0x31,false,false,false,2026-07-10T12:43:08.519011+02:00,2947478074846,2947481060016,2.985170,true,true,256167279,256171364,4.085000,true,matched_request_response
run_2,20260711,447,after,447,target_did_random_data,0x1234,5,97EC,2E123497EC,052E123497EC0000,7F2E31,negative,0x7F,0x31,false,false,false,2026-07-10T12:43:08.543342+02:00,2947502405780,2947505501371,3.095591,true,true,256191584,256195666,4.082000,true,matched_request_response
run_2,20260711,448,after,448,target_did_random_data,0x1234,6,78D748,2E123478D748,062E123478D74800,7F2E31,negative,0x7F,0x31,false,false,false,2026-07-10T12:43:08.567791+02:00,2947526854957,2947529966960,3.112003,true,true,256216012,256220091,4.079000,true,matched_request_response
run_2,20260711,449,after,449,target_did_random_data,0x1234,5,2F2B,2E12342F2B,052E12342F2B0000,7F2E31,negative,0x7F,0x31,false,false,false,2026-07-10T12:43:08.592304+02:00,2947551367760,2947554329813,2.962053,true,true,256240490,256244571,4.081000,true,matched_request_response
run_2,20260711,450,after,450,target_did_random_data,0x1234,6,A3A141,2E1234A3A141,062E1234A3A14100,7F2E31,negative,0x7F,0x31,false,false,false,2026-07-10T12:43:08.616588+02:00,2947575651552,2947578837307,3.185755,true,true,256264748,256268827,4.079000,true,matched_request_response
run_2,20260711,451,after,451,target_did_random_data,0x1234,4,CC,2E1234CC,042E1234CC000000,7F2E31,negative,0x7F,0x31,false,false,false,2026-07-10T12:43:08.641145+02:00,2947600209332,2947603171664,2.962332,true,true,256289299,256293383,4.084000,true,matched_request_response
run_2,20260711,452,after,452,read_only_did,0x1001,4,FB,2E1001FB,042E1001FB000000,7F2E31,negative,0x7F,0x31,false,false,false,2026-07-10T12:43:08.665469+02:00,2947624533003,2947627590949,3.057946,true,true,256313670,256317761,4.091000,true,matched_request_response
run_2,20260711,453,after,453,missing_data,0x1234,3,,2E1234,032E123400000000,7F2E31,negative,0x7F,0x31,false,false,false,2026-07-10T12:43:08.689997+02:00,2947649061520,2947652031815,2.970295,true,true,256338118,256342211,4.093000,true,matched_request_response
run_2,20260711,454,after,454,target_did_random_data,0x1234,6,B173AC,2E1234B173AC,062E1234B173AC00,7F2E31,negative,0x7F,0x31,false,false,false,2026-07-10T12:43:08.714367+02:00,2947673430589,2947676415340,2.984751,true,true,256362449,256366525,4.076000,true,matched_request_response
run_2,20260711,455,after,455,target_did_random_data,0x1234,4,F3,2E1234F3,042E1234F3000000,7F2E31,negative,0x7F,0x31,false,false,false,2026-07-10T12:43:08.738760+02:00,2947697823543,2947700828060,3.004517,true,true,256386825,256390912,4.087000,true,matched_request_response
run_2,20260711,456,after,456,target_did_random_data,0x1234,5,ED72,2E1234ED72,052E1234ED720000,7F2E31,negative,0x7F,0x31,false,false,false,2026-07-10T12:43:08.763133+02:00,2947722197151,2947725187141,2.989990,true,true,256411162,256415246,4.084000,true,matched_request_response
run_2,20260711,457,after,457,target_did_random_data,0x1234,4,A5,2E1234A5,042E1234A5000000,7F2E31,negative,0x7F,0x31,false,false,false,2026-07-10T12:43:08.787498+02:00,2947746562239,2947749660692,3.098453,true,true,256435539,256439625,4.086000,true,matched_request_response
run_2,20260711,458,after,458,target_did_random_data,0x1234,6,3B94D4,2E12343B94D4,062E12343B94D400,7F2E31,negative,0x7F,0x31,false,false,false,2026-07-10T12:43:08.812015+02:00,2947771079371,2947774052739,2.973368,true,true,256459999,256464078,4.079000,true,matched_request_response
run_2,20260711,459,after,459,target_did_random_data,0x1234,5,E32A,2E1234E32A,052E1234E32A0000,7F2E31,negative,0x7F,0x31,false,false,false,2026-07-10T12:43:08.836333+02:00,2947795397106,2947798433890,3.036784,true,true,256484303,256488383,4.080000,true,matched_request_response
run_2,20260711,460,after,460,target_did_random_data,0x1234,6,6F55DF,2E12346F55DF,062E12346F55DF00,7F2E31,negative,0x7F,0x31,false,false,false,2026-07-10T12:43:08.860741+02:00,2947819805356,2947822870914,3.065558,true,true,256508675,256512754,4.079000,true,matched_request_response
run_2,20260711,461,after,461,target_did_random_data,0x1234,7,76B1E30F,2E123476B1E30F,072E123476B1E30F,7F2E31,negative,0x7F,0x31,false,false,false,2026-07-10T12:43:08.885175+02:00,2947844238609,2947847310313,3.071704,true,true,256533083,256537162,4.079000,true,matched_request_response
run_2,20260711,462,after,462,read_only_did,0x1001,4,64,2E100164,042E100164000000,7F2E31,negative,0x7F,0x31,false,false,false,2026-07-10T12:43:08.909656+02:00,2947868719773,2947872000094,3.280321,true,true,256557575,256561666,4.091000,true,matched_request_response
run_2,20260711,463,after,463,target_did_random_data,0x1234,7,E2A9D254,2E1234E2A9D254,072E1234E2A9D254,7F2E31,negative,0x7F,0x31,false,false,false,2026-07-10T12:43:08.934523+02:00,2947893587580,2947896119339,2.531759,true,true,256582408,256586481,4.073000,true,matched_request_response
run_2,20260711,464,after,464,target_did_random_data,0x1234,4,85,2E123485,042E123485000000,7F2E31,negative,0x7F,0x31,false,false,false,2026-07-10T12:43:08.958447+02:00,2947917510780,2947920555316,3.044536,true,true,256606313,256610397,4.084000,true,matched_request_response
run_2,20260711,465,after,465,missing_data,0x1234,3,,2E1234,032E123400000000,7F2E31,negative,0x7F,0x31,false,false,false,2026-07-10T12:43:08.982860+02:00,2947941923709,2947944946105,3.022396,true,true,256630696,256634787,4.091000,true,matched_request_response
run_2,20260711,466,after,466,missing_data,0x1234,3,,2E1234,032E123400000000,7F2E31,negative,0x7F,0x31,false,false,false,2026-07-10T12:43:09.007257+02:00,2947966320714,2947969365180,3.044466,true,true,256655071,256659162,4.091000,true,matched_request_response
run_2,20260711,467,after,467,target_did_random_data,0x1234,4,19,2E123419,042E123419000000,7F2E31,negative,0x7F,0x31,false,false,false,2026-07-10T12:43:09.031650+02:00,2947990713878,2947993783487,3.069609,true,true,256679435,256683520,4.085000,true,matched_request_response
run_2,20260711,468,after,468,target_did_random_data,0x1234,7,C25375BC,2E1234C25375BC,072E1234C25375BC,7F2E31,negative,0x7F,0x31,false,false,false,2026-07-10T12:43:09.056095+02:00,2948015159283,2948018169108,3.009825,true,true,256703832,256707907,4.075000,true,matched_request_response
run_2,20260711,469,after,469,target_did_random_data,0x1234,4,18,2E123418,042E123418000000,7F2E31,negative,0x7F,0x31,false,false,false,2026-07-10T12:43:09.080591+02:00,2948039654835,2948042599148,2.944313,true,true,256728346,256732430,4.084000,true,matched_request_response
run_2,20260711,470,after,470,unknown_did,0x3333,4,A8,2E3333A8,042E3333A8000000,7F2E31,negative,0x7F,0x31,false,false,false,2026-07-10T12:43:09.104898+02:00,2948063963560,2948066954528,2.990968,true,true,256752639,256756726,4.087000,true,matched_request_response
run_2,20260711,471,after,471,target_did_random_data,0x1234,5,8558,2E12348558,052E123485580000,7F2E31,negative,0x7F,0x31,false,false,false,2026-07-10T12:43:09.129235+02:00,2948088299314,2948090472716,2.173402,true,true,256776909,256780992,4.083000,true,matched_request_response
run_2,20260711,472,after,472,unknown_did,0x3333,5,526B,2E3333526B,052E3333526B0000,7F2E31,negative,0x7F,0x31,false,false,false,2026-07-10T12:43:09.152740+02:00,2948111803883,2948114881315,3.077432,true,true,256800405,256804485,4.080000,true,matched_request_response
run_2,20260711,473,after,473,target_did_random_data,0x1234,5,D520,2E1234D520,052E1234D5200000,7F2E31,negative,0x7F,0x31,false,false,false,2026-07-10T12:43:09.177171+02:00,2948136235390,2948139307723,3.072333,true,true,256824806,256828889,4.083000,true,matched_request_response
run_2,20260711,474,after,474,target_did_random_data,0x1234,4,AB,2E1234AB,042E1234AB000000,7F2E31,negative,0x7F,0x31,false,false,false,2026-07-10T12:43:09.201669+02:00,2948160732618,2948163705916,2.973298,true,true,256849277,256853361,4.084000,true,matched_request_response
run_2,20260711,475,after,475,target_did_random_data,0x1234,6,F9E3C2,2E1234F9E3C2,062E1234F9E3C200,7F2E31,negative,0x7F,0x31,false,false,false,2026-07-10T12:43:09.226228+02:00,2948185292494,2948188132673,2.840179,true,true,256873823,256877902,4.079000,true,matched_request_response
run_2,20260711,476,after,476,target_did_random_data,0x1234,6,2C8632,2E12342C8632,062E12342C863200,7F2E31,negative,0x7F,0x31,false,false,false,2026-07-10T12:43:09.250406+02:00,2948209470336,2948212550631,3.080295,true,true,256897966,256902045,4.079000,true,matched_request_response
run_2,20260711,477,after,477,target_did_random_data,0x1234,6,75FB7B,2E123475FB7B,062E123475FB7B00,7F2E31,negative,0x7F,0x31,false,false,false,2026-07-10T12:43:09.275190+02:00,2948234254264,2948236950500,2.696236,true,true,256922742,256926821,4.079000,true,matched_request_response
run_2,20260711,478,after,478,target_did_random_data,0x1234,4,90,2E123490,042E123490000000,7F2E31,negative,0x7F,0x31,false,false,false,2026-07-10T12:43:09.299276+02:00,2948258340963,2948261372648,3.031685,true,true,256946801,256950888,4.087000,true,matched_request_response
run_2,20260711,479,after,479,target_did_random_data,0x1234,5,C237,2E1234C237,052E1234C2370000,7F2E31,negative,0x7F,0x31,false,false,false,2026-07-10T12:43:09.323647+02:00,2948282711847,2948285800453,3.088606,true,true,256971156,256975239,4.083000,true,matched_request_response
run_2,20260711,480,after,480,unknown_did,0x2222,7,2DCDC1A7,2E22222DCDC1A7,072E22222DCDC1A7,7F2E31,negative,0x7F,0x31,false,false,false,2026-07-10T12:43:09.348131+02:00,2948307195875,2948310250818,3.054943,true,true,256995594,256999669,4.075000,true,matched_request_response
run_2,20260711,481,after,481,target_did_random_data,0x1234,6,5373ED,2E12345373ED,062E12345373ED00,7F2E31,negative,0x7F,0x31,false,false,false,2026-07-10T12:43:09.372565+02:00,2948331628779,2948334611575,2.982796,true,true,257020014,257024093,4.079000,true,matched_request_response
run_2,20260711,482,after,482,target_did_random_data,0x1234,7,BBD419E4,2E1234BBD419E4,072E1234BBD419E4,7F2E31,negative,0x7F,0x31,false,false,false,2026-07-10T12:43:09.396917+02:00,2948355980806,2948359156086,3.175280,true,true,257044363,257048435,4.072000,true,matched_request_response
run_2,20260711,483,after,483,missing_data,0x1234,3,,2E1234,032E123400000000,7F2E31,negative,0x7F,0x31,false,false,false,2026-07-10T12:43:09.421473+02:00,2948380537120,2948383454544,2.917424,true,true,257068886,257072977,4.091000,true,matched_request_response
run_2,20260711,484,after,484,target_did_random_data,0x1234,7,28DA2FE5,2E123428DA2FE5,072E123428DA2FE5,7F2E31,negative,0x7F,0x31,false,false,false,2026-07-10T12:43:09.445735+02:00,2948404799471,2948407841143,3.041672,true,true,257093108,257097186,4.078000,true,matched_request_response
run_2,20260711,485,after,485,target_did_random_data,0x1234,4,49,2E123449,042E123449000000,7F2E31,negative,0x7F,0x31,false,false,false,2026-07-10T12:43:09.470346+02:00,2948429409493,2948432295628,2.886135,true,true,257117715,257121802,4.087000,true,matched_request_response
run_2,20260711,486,after,486,target_did_random_data,0x1234,5,BB4A,2E1234BB4A,052E1234BB4A0000,7F2E31,negative,0x7F,0x31,false,false,false,2026-07-10T12:43:09.494609+02:00,2948453673310,2948456690259,3.016949,true,true,257141929,257146012,4.083000,true,matched_request_response
run_2,20260711,487,after,487,target_did_random_data,0x1234,4,19,2E123419,042E123419000000,7F2E31,negative,0x7F,0x31,false,false,false,2026-07-10T12:43:09.519017+02:00,2948478081769,2948481101861,3.020092,true,true,257166338,257170422,4.084000,true,matched_request_response
run_2,20260711,488,after,488,target_did_random_data,0x1234,7,01AFC3F7,2E123401AFC3F7,072E123401AFC3F7,7F2E31,negative,0x7F,0x31,false,false,false,2026-07-10T12:43:09.543414+02:00,2948502478146,2948505497120,3.018974,true,true,257190699,257194778,4.079000,true,matched_request_response
run_2,20260711,489,after,489,target_did_random_data,0x1234,5,E619,2E1234E619,052E1234E6190000,7F2E31,negative,0x7F,0x31,false,false,false,2026-07-10T12:43:09.567974+02:00,2948527037952,2948529943922,2.905970,true,true,257215239,257219319,4.080000,true,matched_request_response
run_2,20260711,490,after,490,target_did_random_data,0x1234,6,945A0B,2E1234945A0B,062E1234945A0B00,7F2E31,negative,0x7F,0x31,false,false,false,2026-07-10T12:43:09.592291+02:00,2948551355198,2948554346235,2.991037,true,true,257239527,257243611,4.084000,true,matched_request_response
run_2,20260711,491,after,491,target_did_random_data,0x1234,7,359DD5E2,2E1234359DD5E2,072E1234359DD5E2,7F2E31,negative,0x7F,0x31,false,false,false,2026-07-10T12:43:09.616699+02:00,2948575762191,2948578820346,3.058155,true,true,257263900,257267975,4.075000,true,matched_request_response
run_2,20260711,492,after,492,target_did_random_data,0x1234,6,A9236F,2E1234A9236F,062E1234A9236F00,7F2E31,negative,0x7F,0x31,false,false,false,2026-07-10T12:43:09.641149+02:00,2948600212974,2948603187528,2.974554,true,true,257288329,257292406,4.077000,true,matched_request_response
run_2,20260711,493,after,493,target_did_random_data,0x1234,7,D7E4F282,2E1234D7E4F282,072E1234D7E4F282,7F2E31,negative,0x7F,0x31,false,false,false,2026-07-10T12:43:09.665560+02:00,2948624623179,2948627595080,2.971901,true,true,257312704,257316779,4.075000,true,matched_request_response
run_2,20260711,494,after,494,target_did_random_data,0x1234,4,F7,2E1234F7,042E1234F7000000,7F2E31,negative,0x7F,0x31,false,false,false,2026-07-10T12:43:09.689968+02:00,2948649032407,2948651989221,2.956814,true,true,257337097,257341187,4.090000,true,matched_request_response
run_2,20260711,495,after,495,target_did_random_data,0x1234,6,E50A8F,2E1234E50A8F,062E1234E50A8F00,7F2E31,negative,0x7F,0x31,false,false,false,2026-07-10T12:43:09.714321+02:00,2948673384364,2948676386087,3.001723,true,true,257361429,257365510,4.081000,true,matched_request_response
run_2,20260711,496,after,496,target_did_random_data,0x1234,5,226D,2E1234226D,052E1234226D0000,7F2E31,negative,0x7F,0x31,false,false,false,2026-07-10T12:43:09.738706+02:00,2948697770404,2948700831981,3.061577,true,true,257385786,257389869,4.083000,true,matched_request_response
run_2,20260711,497,after,497,target_did_random_data,0x1234,7,FE37A908,2E1234FE37A908,072E1234FE37A908,7F2E31,negative,0x7F,0x31,false,false,false,2026-07-10T12:43:09.763196+02:00,2948722260159,2948725204751,2.944592,true,true,257410246,257414323,4.077000,true,matched_request_response
run_2,20260711,498,after,498,target_did_random_data,0x1234,5,B878,2E1234B878,052E1234B8780000,7F2E31,negative,0x7F,0x31,false,false,false,2026-07-10T12:43:09.787554+02:00,2948746617983,2948749674951,3.056968,true,true,257434582,257438665,4.083000,true,matched_request_response
run_2,20260711,499,after,499,target_did_random_data,0x1234,6,91F2B9,2E123491F2B9,062E123491F2B900,7F2E31,negative,0x7F,0x31,false,false,false,2026-07-10T12:43:09.812018+02:00,2948771082804,2948774051632,2.968828,true,true,257459016,257463095,4.079000,true,matched_request_response
run_2,20260711,500,after,500,target_did_random_data,0x1234,6,0994AD,2E12340994AD,062E12340994AD00,7F2E31,negative,0x7F,0x31,false,false,false,2026-07-10T12:43:09.836332+02:00,2948795396489,2948798476644,3.080155,true,true,257483309,257487390,4.081000,true,matched_request_response
run_2,20260711,501,after,501,target_did_random_data,0x1234,5,E15E,2E1234E15E,052E1234E15E0000,7F2E31,negative,0x7F,0x31,false,false,false,2026-07-10T12:43:09.860754+02:00,2948819817589,2948823040431,3.222842,true,true,257507695,257511777,4.082000,true,matched_request_response
run_2,20260711,502,after,502,unknown_did,0x2222,5,93D7,2E222293D7,052E222293D70000,7F2E31,negative,0x7F,0x31,false,false,false,2026-07-10T12:43:09.885364+02:00,2948844427751,2948847342451,2.914700,true,true,257532290,257536370,4.080000,true,matched_request_response
run_2,20260711,503,after,503,target_did_random_data,0x1234,4,AF,2E1234AF,042E1234AF000000,7F2E31,negative,0x7F,0x31,false,false,false,2026-07-10T12:43:09.909651+02:00,2948868714895,2948871813768,3.098873,true,true,257556551,257560638,4.087000,true,matched_request_response
run_2,20260711,504,after,504,target_did_random_data,0x1234,5,1CCE,2E12341CCE,052E12341CCE0000,7F2E31,negative,0x7F,0x31,false,false,false,2026-07-10T12:43:09.934096+02:00,2948893160999,2948896185490,3.024491,true,true,257580977,257585060,4.083000,true,matched_request_response
run_2,20260711,505,after,505,target_did_random_data,0x1234,5,A6CE,2E1234A6CE,052E1234A6CE0000,7F2E31,negative,0x7F,0x31,false,false,false,2026-07-10T12:43:09.958472+02:00,2948917535934,2948920573346,3.037412,true,true,257605330,257609410,4.080000,true,matched_request_response
run_2,20260711,506,after,506,target_did_random_data,0x1234,6,E016A4,2E1234E016A4,062E1234E016A400,7F2E31,negative,0x7F,0x31,false,false,false,2026-07-10T12:43:09.982892+02:00,2948941956057,2948944941507,2.985450,true,true,257629709,257633788,4.079000,true,matched_request_response
run_2,20260711,507,after,507,target_did_random_data,0x1234,5,5F0D,2E12345F0D,052E12345F0D0000,7F2E31,negative,0x7F,0x31,false,false,false,2026-07-10T12:43:10.007298+02:00,2948966360605,2948969370290,3.009685,true,true,257654111,257658201,4.090000,true,matched_request_response
run_2,20260711,508,after,508,target_did_random_data,0x1234,5,784C,2E1234784C,052E1234784C0000,7F2E31,negative,0x7F,0x31,false,false,false,2026-07-10T12:43:10.031896+02:00,2948990959662,2948993817232,2.857570,true,true,257678685,257682768,4.083000,true,matched_request_response
run_2,20260711,509,after,509,target_did_random_data,0x1234,7,1ABD82E5,2E12341ABD82E5,072E12341ABD82E5,7F2E31,negative,0x7F,0x31,false,false,false,2026-07-10T12:43:10.056161+02:00,2949015225924,2949018215006,2.989082,true,true,257702922,257706997,4.075000,true,matched_request_response
run_2,20260711,510,after,510,target_did_random_data,0x1234,6,68D8E8,2E123468D8E8,062E123468D8E800,7F2E31,negative,0x7F,0x31,false,false,false,2026-07-10T12:43:10.080545+02:00,2949039609520,2949042634710,3.025190,true,true,257727267,257731344,4.077000,true,matched_request_response
run_2,20260711,511,after,511,unknown_did,0x3333,5,470B,2E3333470B,052E3333470B0000,7F2E31,negative,0x7F,0x31,false,false,false,2026-07-10T12:43:10.104936+02:00,2949064018259,2949067087449,3.069190,true,true,257751676,257755763,4.087000,true,matched_request_response
run_2,20260711,512,after,512,read_only_did,0x1001,6,2BEAF4,2E10012BEAF4,062E10012BEAF400,7F2E31,negative,0x7F,0x31,false,false,false,2026-07-10T12:43:10.129605+02:00,2949088669418,2949091477749,2.808331,true,true,257776298,257780379,4.081000,true,matched_request_response
run_2,20260711,513,after,513,target_did_random_data,0x1234,6,A5F0C5,2E1234A5F0C5,062E1234A5F0C500,7F2E31,negative,0x7F,0x31,false,false,false,2026-07-10T12:43:10.153791+02:00,2949112854523,2949115854361,2.999838,true,true,257800447,257804524,4.077000,true,matched_request_response
run_2,20260711,514,after,514,target_did_random_data,0x1234,4,C6,2E1234C6,042E1234C6000000,7F2E31,negative,0x7F,0x31,false,false,false,2026-07-10T12:43:10.178183+02:00,2949137247548,2949140298649,3.051101,true,true,257824813,257828900,4.087000,true,matched_request_response
run_2,20260711,515,after,515,target_did_random_data,0x1234,4,AF,2E1234AF,042E1234AF000000,7F2E31,negative,0x7F,0x31,false,false,false,2026-07-10T12:43:10.202595+02:00,2949161659080,2949164678753,3.019673,true,true,257849210,257853294,4.084000,true,matched_request_response
run_2,20260711,516,after,516,target_did_random_data,0x1234,7,96DF0093,2E123496DF0093,072E123496DF0093,7F2E31,negative,0x7F,0x31,false,false,false,2026-07-10T12:43:10.227043+02:00,2949186107210,2949189100761,2.993551,true,true,257873616,257877695,4.079000,true,matched_request_response
run_2,20260711,517,after,517,target_did_random_data,0x1234,6,74EE44,2E123474EE44,062E123474EE4400,7F2E31,negative,0x7F,0x31,false,false,false,2026-07-10T12:43:10.251428+02:00,2949210492412,2949213528357,3.035945,true,true,257897984,257902063,4.079000,true,matched_request_response
run_2,20260711,518,after,518,target_did_random_data,0x1234,5,32F2,2E123432F2,052E123432F20000,7F2E31,negative,0x7F,0x31,false,false,false,2026-07-10T12:43:10.276012+02:00,2949235076802,2949237917121,2.840319,true,true,257922558,257926640,4.082000,true,matched_request_response
run_2,20260711,519,after,519,target_did_random_data,0x1234,7,30100368,2E123430100368,072E123430100368,7F2E31,negative,0x7F,0x31,false,false,false,2026-07-10T12:43:10.300264+02:00,2949259328188,2949262412254,3.084066,true,true,257946778,257950857,4.079000,true,matched_request_response
run_2,20260711,520,after,520,target_did_random_data,0x1234,6,7D99CD,2E12347D99CD,062E12347D99CD00,7F2E31,negative,0x7F,0x31,false,false,false,2026-07-10T12:43:10.324721+02:00,2949283784768,2949286785792,3.001024,true,true,257971217,257975293,4.076000,true,matched_request_response
run_2,20260711,521,after,521,unknown_did,0x2222,4,C7,2E2222C7,042E2222C7000000,7F2E31,negative,0x7F,0x31,false,false,false,2026-07-10T12:43:10.349095+02:00,2949308158725,2949311176372,3.017647,true,true,257995564,257999650,4.086000,true,matched_request_response
run_2,20260711,522,after,522,target_did_random_data,0x1234,4,0C,2E12340C,042E12340C000000,7F2E31,negative,0x7F,0x31,false,false,false,2026-07-10T12:43:10.373474+02:00,2949332536594,2949335582038,3.045444,true,true,258019918,258024009,4.091000,true,matched_request_response
run_2,20260711,523,after,523,target_did_random_data,0x1234,7,167F8078,2E1234167F8078,072E1234167F8078,7F2E31,negative,0x7F,0x31,false,false,false,2026-07-10T12:43:10.397854+02:00,2949356918444,2949359986866,3.068422,true,true,258044262,258048335,4.073000,true,matched_request_response
run_2,20260711,524,after,524,target_did_random_data,0x1234,7,5CC4BC65,2E12345CC4BC65,072E12345CC4BC65,7F2E31,negative,0x7F,0x31,false,false,false,2026-07-10T12:43:10.422285+02:00,2949381349602,2949384476202,3.126600,true,true,258068667,258072742,4.075000,true,matched_request_response
run_2,20260711,525,after,525,target_did_random_data,0x1234,6,F32702,2E1234F32702,062E1234F3270200,7F2E31,negative,0x7F,0x31,false,false,false,2026-07-10T12:43:10.446821+02:00,2949405885871,2949408805740,2.919869,true,true,258093203,258097283,4.080000,true,matched_request_response
run_2,20260711,526,after,526,target_did_random_data,0x1234,5,69AF,2E123469AF,052E123469AF0000,7F2E31,negative,0x7F,0x31,false,false,false,2026-07-10T12:43:10.471208+02:00,2949430271702,2949433280968,3.009266,true,true,258117548,258121631,4.083000,true,matched_request_response
run_2,20260711,527,after,527,target_did_random_data,0x1234,4,91,2E123491,042E123491000000,7F2E31,negative,0x7F,0x31,false,false,false,2026-07-10T12:43:10.495555+02:00,2949454619120,2949457730634,3.111514,true,true,258141881,258145968,4.087000,true,matched_request_response
run_2,20260711,528,after,528,target_did_random_data,0x1234,5,6434,2E12346434,052E123464340000,7F2E31,negative,0x7F,0x31,false,false,false,2026-07-10T12:43:10.520015+02:00,2949479078773,2949482097537,3.018764,true,true,258166310,258170391,4.081000,true,matched_request_response
run_2,20260711,529,after,529,target_did_random_data,0x1234,6,378F90,2E1234378F90,062E1234378F9000,7F2E31,negative,0x7F,0x31,false,false,false,2026-07-10T12:43:10.544342+02:00,2949503406425,2949506496358,3.089933,true,true,258190611,258194690,4.079000,true,matched_request_response
run_2,20260711,530,after,530,target_did_random_data,0x1234,7,528EF4DB,2E1234528EF4DB,072E1234528EF4DB,7F2E31,negative,0x7F,0x31,false,false,false,2026-07-10T12:43:10.568796+02:00,2949527860282,2949530880164,3.019882,true,true,258215035,258219110,4.075000,true,matched_request_response
run_2,20260711,531,after,531,target_did_random_data,0x1234,4,BC,2E1234BC,042E1234BC000000,7F2E31,negative,0x7F,0x31,false,false,false,2026-07-10T12:43:10.593162+02:00,2949552226138,2949555344496,3.118358,true,true,258239408,258243492,4.084000,true,matched_request_response
run_2,20260711,532,after,532,target_did_random_data,0x1234,7,E91B7E71,2E1234E91B7E71,072E1234E91B7E71,7F2E31,negative,0x7F,0x31,false,false,false,2026-07-10T12:43:10.617650+02:00,2949576713937,2949579782778,3.068841,true,true,258263847,258267922,4.075000,true,matched_request_response
run_2,20260711,533,after,533,target_did_random_data,0x1234,6,49D50B,2E123449D50B,062E123449D50B00,7F2E31,negative,0x7F,0x31,false,false,false,2026-07-10T12:43:10.642083+02:00,2949601147679,2949604155828,3.008149,true,true,258288259,258292339,4.080000,true,matched_request_response
run_2,20260711,534,after,534,target_did_random_data,0x1234,5,BBC3,2E1234BBC3,052E1234BBC30000,7F2E31,negative,0x7F,0x31,false,false,false,2026-07-10T12:43:10.666443+02:00,2949625506342,2949628563379,3.057037,true,true,258312603,258316686,4.083000,true,matched_request_response
run_2,20260711,535,after,535,target_did_random_data,0x1234,7,7679E356,2E12347679E356,072E12347679E356,7F2E31,negative,0x7F,0x31,false,false,false,2026-07-10T12:43:10.690974+02:00,2949650038211,2949652981058,2.942847,true,true,258337105,258341180,4.075000,true,matched_request_response
run_2,20260711,536,after,536,target_did_random_data,0x1234,6,5CFE1A,2E12345CFE1A,062E12345CFE1A00,7F2E31,negative,0x7F,0x31,false,false,false,2026-07-10T12:43:10.715318+02:00,2949674382067,2949677373733,2.991666,true,true,258361442,258365519,4.077000,true,matched_request_response
run_2,20260711,537,after,537,target_did_random_data,0x1234,7,7D6D98DF,2E12347D6D98DF,072E12347D6D98DF,7F2E31,negative,0x7F,0x31,false,false,false,2026-07-10T12:43:10.739659+02:00,2949698722221,2949701854059,3.131838,true,true,258385747,258389821,4.074000,true,matched_request_response
run_2,20260711,538,after,538,target_did_random_data,0x1234,4,8C,2E12348C,042E12348C000000,7F2E31,negative,0x7F,0x31,false,false,false,2026-07-10T12:43:10.764191+02:00,2949723255627,2949726220194,2.964567,true,true,258410277,258414361,4.084000,true,matched_request_response
run_2,20260711,539,after,539,target_did_random_data,0x1234,4,28,2E123428,042E123428000000,7F2E31,negative,0x7F,0x31,false,false,false,2026-07-10T12:43:10.788584+02:00,2949747648582,2949750657359,3.008777,true,true,258434649,258438735,4.086000,true,matched_request_response
run_2,20260711,540,after,540,missing_data,0x1234,3,,2E1234,032E123400000000,7F2E31,negative,0x7F,0x31,false,false,false,2026-07-10T12:43:10.813015+02:00,2949772079670,2949775048916,2.969246,true,true,258459059,258463149,4.090000,true,matched_request_response
run_2,20260711,541,after,541,target_did_random_data,0x1234,5,C3F4,2E1234C3F4,052E1234C3F40000,7F2E31,negative,0x7F,0x31,false,false,false,2026-07-10T12:43:10.837344+02:00,2949796408440,2949799489573,3.081133,true,true,258483350,258487430,4.080000,true,matched_request_response
run_2,20260711,542,after,542,unknown_did,0x3333,4,4A,2E33334A,042E33334A000000,7F2E31,negative,0x7F,0x31,false,false,false,2026-07-10T12:43:10.861810+02:00,2949820873960,2949823859689,2.985729,true,true,258507802,258511889,4.087000,true,matched_request_response
run_2,20260711,543,after,543,unknown_did,0x3333,6,385AFE,2E3333385AFE,062E3333385AFE00,7F2E31,negative,0x7F,0x31,false,false,false,2026-07-10T12:43:10.886176+02:00,2949845239886,2949848323463,3.083577,true,true,258532139,258536219,4.080000,true,matched_request_response
run_2,20260711,544,after,544,target_did_random_data,0x1234,5,5F47,2E12345F47,052E12345F470000,7F2E31,negative,0x7F,0x31,false,false,false,2026-07-10T12:43:10.910739+02:00,2949869803184,2949872739325,2.936141,true,true,258556698,258560780,4.082000,true,matched_request_response
run_2,20260711,545,after,545,target_did_random_data,0x1234,7,F2CEC238,2E1234F2CEC238,072E1234F2CEC238,7F2E31,negative,0x7F,0x31,false,false,false,2026-07-10T12:43:10.935084+02:00,2949894148786,2949897147366,2.998580,true,true,258580991,258585066,4.075000,true,matched_request_response
run_2,20260711,546,after,546,target_did_random_data,0x1234,5,08E8,2E123408E8,052E123408E80000,7F2E31,negative,0x7F,0x31,false,false,false,2026-07-10T12:43:10.959475+02:00,2949918538807,2949921511196,2.972389,true,true,258605448,258609533,4.085000,true,matched_request_response
run_2,20260711,547,after,547,target_did_random_data,0x1234,7,4DAC5EDE,2E12344DAC5EDE,072E12344DAC5EDE,7F2E31,negative,0x7F,0x31,false,false,false,2026-07-10T12:43:10.983894+02:00,2949942958511,2949945941516,2.983005,true,true,258629766,258633841,4.075000,true,matched_request_response
run_2,20260711,548,after,548,target_did_random_data,0x1234,4,8B,2E12348B,042E12348B000000,7F2E31,negative,0x7F,0x31,false,false,false,2026-07-10T12:43:11.008346+02:00,2949967411040,2949970354096,2.943056,true,true,258654206,258658291,4.085000,true,matched_request_response
run_2,20260711,549,after,549,target_did_random_data,0x1234,5,B940,2E1234B940,052E1234B9400000,7F2E31,negative,0x7F,0x31,false,false,false,2026-07-10T12:43:11.032665+02:00,2949991729683,2949994855794,3.126111,true,true,258678505,258682585,4.080000,true,matched_request_response
run_2,20260711,550,after,550,target_did_random_data,0x1234,4,4D,2E12344D,042E12344D000000,7F2E31,negative,0x7F,0x31,false,false,false,2026-07-10T12:43:11.057146+02:00,2950016210568,2950019210126,2.999558,true,true,258702971,258707057,4.086000,true,matched_request_response
run_2,20260711,551,after,551,target_did_random_data,0x1234,6,325B2B,2E1234325B2B,062E1234325B2B00,7F2E31,negative,0x7F,0x31,false,false,false,2026-07-10T12:43:11.081522+02:00,2950040585504,2950043619564,3.034060,true,true,258727322,258731398,4.076000,true,matched_request_response
run_2,20260711,552,after,552,target_did_random_data,0x1234,6,064F8E,2E1234064F8E,062E1234064F8E00,7F2E31,negative,0x7F,0x31,false,false,false,2026-07-10T12:43:11.105891+02:00,2950064955551,2950068032703,3.077152,true,true,258751658,258755741,4.083000,true,matched_request_response
run_2,20260711,553,after,553,read_only_did,0x1001,5,10B0,2E100110B0,052E100110B00000,7F2E31,negative,0x7F,0x31,false,false,false,2026-07-10T12:43:11.130349+02:00,2950089412690,2950092473429,3.060739,true,true,258776098,258780188,4.090000,true,matched_request_response
run_2,20260711,554,after,554,target_did_random_data,0x1234,5,D4A7,2E1234D4A7,052E1234D4A70000,7F2E31,negative,0x7F,0x31,false,false,false,2026-07-10T12:43:11.154790+02:00,2950113854114,2950116818751,2.964637,true,true,258800515,258804595,4.080000,true,matched_request_response
run_2,20260711,555,after,555,target_did_random_data,0x1234,6,B67B34,2E1234B67B34,062E1234B67B3400,7F2E31,negative,0x7F,0x31,false,false,false,2026-07-10T12:43:11.179215+02:00,2950138278498,2950141300614,3.022116,true,true,258824912,258828991,4.079000,true,matched_request_response
run_2,20260711,556,after,556,target_did_random_data,0x1234,7,931F46BE,2E1234931F46BE,072E1234931F46BE,7F2E31,negative,0x7F,0x31,false,false,false,2026-07-10T12:43:11.203594+02:00,2950162658182,2950165697061,3.038879,true,true,258849267,258853339,4.072000,true,matched_request_response
run_2,20260711,557,after,557,unknown_did,0xF187,4,C5,2EF187C5,042EF187C5000000,7F2E31,negative,0x7F,0x31,false,false,false,2026-07-10T12:43:11.228123+02:00,2950187187328,2950190116206,2.928878,true,true,258873784,258877870,4.086000,true,matched_request_response
run_2,20260711,558,after,558,target_did_random_data,0x1234,6,9B58B4,2E12349B58B4,062E12349B58B400,7F2E31,negative,0x7F,0x31,false,false,false,2026-07-10T12:43:11.252442+02:00,2950211505762,2950214540171,3.034409,true,true,258898075,258902154,4.079000,true,matched_request_response
run_2,20260711,559,after,559,unknown_did,0x2222,7,2EC4C584,2E22222EC4C584,072E22222EC4C584,7F2E31,negative,0x7F,0x31,false,false,false,2026-07-10T12:43:11.276827+02:00,2950235891174,2950238934941,3.043767,true,true,258922422,258926495,4.073000,true,matched_request_response
run_2,20260711,560,after,560,target_did_random_data,0x1234,7,31F56210,2E123431F56210,072E123431F56210,7F2E31,negative,0x7F,0x31,false,false,false,2026-07-10T12:43:11.301294+02:00,2950260357811,2950263367356,3.009545,true,true,258946861,258950936,4.075000,true,matched_request_response
run_2,20260711,561,after,561,target_did_random_data,0x1234,5,35FD,2E123435FD,052E123435FD0000,7F2E31,negative,0x7F,0x31,false,false,false,2026-07-10T12:43:11.325716+02:00,2950284779401,2950287817302,3.037901,true,true,258971273,258975353,4.080000,true,matched_request_response
run_2,20260711,562,after,562,target_did_random_data,0x1234,6,EE2AB8,2E1234EE2AB8,062E1234EE2AB800,7F2E31,negative,0x7F,0x31,false,false,false,2026-07-10T12:43:11.350124+02:00,2950309188419,2950312164580,2.976161,true,true,258995652,258999731,4.079000,true,matched_request_response
run_2,20260711,563,after,563,unknown_did,0x2222,7,50EF70C6,2E222250EF70C6,072E222250EF70C6,7F2E31,negative,0x7F,0x31,false,false,false,2026-07-10T12:43:11.374483+02:00,2950333546592,2950336570525,3.023933,true,true,259020049,259024124,4.075000,true,matched_request_response
run_2,20260711,564,after,564,target_did_random_data,0x1234,4,7B,2E12347B,042E12347B000000,7F2E31,negative,0x7F,0x31,false,false,false,2026-07-10T12:43:11.398900+02:00,2950357963852,2950360987435,3.023583,true,true,259044393,259048478,4.085000,true,matched_request_response
run_2,20260711,565,after,565,target_did_random_data,0x1234,7,3074FC06,2E12343074FC06,072E12343074FC06,7F2E31,negative,0x7F,0x31,false,false,false,2026-07-10T12:43:11.423331+02:00,2950382395010,2950385427184,3.032174,true,true,259068799,259072878,4.079000,true,matched_request_response
run_2,20260711,566,after,566,target_did_random_data,0x1234,4,B6,2E1234B6,042E1234B6000000,7F2E31,negative,0x7F,0x31,false,false,false,2026-07-10T12:43:11.447735+02:00,2950406799349,2950409826843,3.027494,true,true,259093193,259097278,4.085000,true,matched_request_response
run_2,20260711,567,after,567,target_did_random_data,0x1234,7,900CE431,2E1234900CE431,072E1234900CE431,7F2E31,negative,0x7F,0x31,false,false,false,2026-07-10T12:43:11.472153+02:00,2950431216888,2950434233697,3.016809,true,true,259117565,259121645,4.080000,true,matched_request_response
run_2,20260711,568,after,568,target_did_random_data,0x1234,4,40,2E123440,042E123440000000,7F2E31,negative,0x7F,0x31,false,false,false,2026-07-10T12:43:11.496570+02:00,2950455633728,2950458669674,3.035946,true,true,259141985,259146071,4.086000,true,matched_request_response
run_2,20260711,569,after,569,target_did_random_data,0x1234,7,2ED43947,2E12342ED43947,072E12342ED43947,7F2E31,negative,0x7F,0x31,false,false,false,2026-07-10T12:43:11.521014+02:00,2950480077947,2950483098108,3.020161,true,true,259166380,259170453,4.073000,true,matched_request_response
run_2,20260711,570,after,570,target_did_random_data,0x1234,6,3EF0A8,2E12343EF0A8,062E12343EF0A800,7F2E31,negative,0x7F,0x31,false,false,false,2026-07-10T12:43:11.545459+02:00,2950504522654,2950507508732,2.986078,true,true,259190813,259194892,4.079000,true,matched_request_response
run_2,20260711,571,after,571,target_did_random_data,0x1234,6,9A9C6C,2E12349A9C6C,062E12349A9C6C00,7F2E31,negative,0x7F,0x31,false,false,false,2026-07-10T12:43:11.569844+02:00,2950528907088,2950531873750,2.966662,true,true,259215177,259219255,4.078000,true,matched_request_response
run_2,20260711,572,after,572,target_did_random_data,0x1234,5,9DA3,2E12349DA3,052E12349DA30000,7F2E31,negative,0x7F,0x31,false,false,false,2026-07-10T12:43:11.594202+02:00,2950553266658,2950556357499,3.090841,true,true,259239519,259243600,4.081000,true,matched_request_response
run_2,20260711,573,after,573,target_did_random_data,0x1234,4,FE,2E1234FE,042E1234FE000000,7F2E31,negative,0x7F,0x31,false,false,false,2026-07-10T12:43:11.618675+02:00,2950577738813,2950580987426,3.248613,true,true,259263974,259268061,4.087000,true,matched_request_response
run_2,20260711,574,after,574,target_did_random_data,0x1234,4,EA,2E1234EA,042E1234EA000000,7F2E31,negative,0x7F,0x31,false,false,false,2026-07-10T12:43:11.643326+02:00,2950602389902,2950605155421,2.765519,true,true,259288606,259292693,4.087000,true,matched_request_response
run_2,20260711,575,after,575,target_did_random_data,0x1234,5,F2F9,2E1234F2F9,052E1234F2F90000,7F2E31,negative,0x7F,0x31,false,false,false,2026-07-10T12:43:11.667472+02:00,2950626536456,2950629556407,3.019951,true,true,259312718,259316801,4.083000,true,matched_request_response
run_2,20260711,576,after,576,target_did_random_data,0x1234,7,DA299F16,2E1234DA299F16,072E1234DA299F16,7F2E31,negative,0x7F,0x31,false,false,false,2026-07-10T12:43:11.691847+02:00,2950650911880,2950653953203,3.041323,true,true,259337074,259341149,4.075000,true,matched_request_response
run_2,20260711,577,after,577,target_did_random_data,0x1234,4,EA,2E1234EA,042E1234EA000000,7F2E31,negative,0x7F,0x31,false,false,false,2026-07-10T12:43:11.716296+02:00,2950675359800,2950678351256,2.991456,true,true,259361512,259365597,4.085000,true,matched_request_response
run_2,20260711,578,after,578,missing_data,0x1234,3,,2E1234,032E123400000000,7F2E31,negative,0x7F,0x31,false,false,false,2026-07-10T12:43:11.740659+02:00,2950699723770,2950702796383,3.072613,true,true,259385847,259389938,4.091000,true,matched_request_response
run_2,20260711,579,after,579,target_did_random_data,0x1234,4,8B,2E12348B,042E12348B000000,7F2E31,negative,0x7F,0x31,false,false,false,2026-07-10T12:43:11.765121+02:00,2950724184541,2950727179420,2.994879,true,true,259410281,259414365,4.084000,true,matched_request_response
run_2,20260711,580,after,580,read_only_did,0x1001,5,1297,2E10011297,052E100112970000,7F2E31,negative,0x7F,0x31,false,false,false,2026-07-10T12:43:11.789450+02:00,2950748514289,2950751620914,3.106625,true,true,259434591,259438678,4.087000,true,matched_request_response
run_2,20260711,581,after,581,target_did_random_data,0x1234,6,9F723F,2E12349F723F,062E12349F723F00,7F2E31,negative,0x7F,0x31,false,false,false,2026-07-10T12:43:11.813908+02:00,2950772971987,2950776076168,3.104181,true,true,259459007,259463086,4.079000,true,matched_request_response
run_2,20260711,582,after,582,target_did_random_data,0x1234,5,A61A,2E1234A61A,052E1234A61A0000,7F2E31,negative,0x7F,0x31,false,false,false,2026-07-10T12:43:11.838587+02:00,2950797651153,2950800449776,2.798623,true,true,259483676,259487759,4.083000,true,matched_request_response
run_2,20260711,583,after,583,target_did_random_data,0x1234,5,5C4B,2E12345C4B,052E12345C4B0000,7F2E31,negative,0x7F,0x31,false,false,false,2026-07-10T12:43:11.862762+02:00,2950821825852,2950824853975,3.028123,true,true,259507829,259511912,4.083000,true,matched_request_response
run_2,20260711,584,after,584,missing_data,0x1234,3,,2E1234,032E123400000000,7F2E31,negative,0x7F,0x31,false,false,false,2026-07-10T12:43:11.887215+02:00,2950846279010,2950849655434,3.376424,true,true,259532265,259536354,4.089000,true,matched_request_response
run_2,20260711,585,after,585,unknown_did,0xF187,4,F6,2EF187F6,042EF187F6000000,7F2E31,negative,0x7F,0x31,false,false,false,2026-07-10T12:43:11.911963+02:00,2950871026970,2950873718876,2.691906,true,true,259557001,259561088,4.087000,true,matched_request_response
run_2,20260711,586,after,586,target_did_random_data,0x1234,4,44,2E123444,042E123444000000,7F2E31,negative,0x7F,0x31,false,false,false,2026-07-10T12:43:11.936097+02:00,2950895161441,2950898122865,2.961424,true,true,259581108,259585197,4.089000,true,matched_request_response
run_2,20260711,587,after,587,read_only_did,0x1001,5,503E,2E1001503E,052E1001503E0000,7F2E31,negative,0x7F,0x31,false,false,false,2026-07-10T12:43:11.960415+02:00,2950919479176,2950922544176,3.065000,true,true,259605412,259609497,4.085000,true,matched_request_response
run_2,20260711,588,after,588,target_did_random_data,0x1234,7,8703B8DD,2E12348703B8DD,072E12348703B8DD,7F2E31,negative,0x7F,0x31,false,false,false,2026-07-10T12:43:11.984827+02:00,2950943890848,2950946929098,3.038250,true,true,259629756,259633835,4.079000,true,matched_request_response
run_2,20260711,589,after,589,target_did_random_data,0x1234,4,02,2E123402,042E123402000000,7F2E31,negative,0x7F,0x31,false,false,false,2026-07-10T12:43:12.009278+02:00,2950968342609,2950971398599,3.055990,true,true,259654218,259658307,4.089000,true,matched_request_response
run_2,20260711,590,after,590,target_did_random_data,0x1234,5,1912,2E12341912,052E123419120000,7F2E31,negative,0x7F,0x31,false,false,false,2026-07-10T12:43:12.033700+02:00,2950992764129,2950995853015,3.088886,true,true,259678617,259682700,4.083000,true,matched_request_response
run_2,20260711,591,after,591,read_only_did,0x1001,4,AB,2E1001AB,042E1001AB000000,7F2E31,negative,0x7F,0x31,false,false,false,2026-07-10T12:43:12.058214+02:00,2951017277910,2951020166420,2.888510,true,true,259703108,259707202,4.094000,true,matched_request_response
run_2,20260711,592,after,592,target_did_random_data,0x1234,4,2A,2E12342A,042E12342A000000,7F2E31,negative,0x7F,0x31,false,false,false,2026-07-10T12:43:12.082466+02:00,2951041530204,2951044606727,3.076523,true,true,259727326,259731411,4.085000,true,matched_request_response
run_2,20260711,593,after,593,target_did_random_data,0x1234,7,73380A1A,2E123473380A1A,072E123473380A1A,7F2E31,negative,0x7F,0x31,false,false,false,2026-07-10T12:43:12.106965+02:00,2951066029108,2951069079371,3.050263,true,true,259751789,259755868,4.079000,true,matched_request_response
run_2,20260711,594,after,594,unknown_did,0xF187,4,32,2EF18732,042EF18732000000,7F2E31,negative,0x7F,0x31,false,false,false,2026-07-10T12:43:12.131512+02:00,2951090576692,2951093423786,2.847094,true,true,259776357,259780442,4.085000,true,matched_request_response
run_2,20260711,595,after,595,target_did_random_data,0x1234,7,DC6723CE,2E1234DC6723CE,072E1234DC6723CE,7F2E31,negative,0x7F,0x31,false,false,false,2026-07-10T12:43:12.155734+02:00,2951114798116,2951117835109,3.036993,true,true,259800504,259804577,4.073000,true,matched_request_response
run_2,20260711,596,after,596,target_did_random_data,0x1234,4,D5,2E1234D5,042E1234D5000000,7F2E31,negative,0x7F,0x31,false,false,false,2026-07-10T12:43:12.180142+02:00,2951139205738,2951142242521,3.036783,true,true,259824906,259828992,4.086000,true,matched_request_response
run_2,20260711,597,after,597,target_did_random_data,0x1234,4,8B,2E12348B,042E12348B000000,7F2E31,negative,0x7F,0x31,false,false,false,2026-07-10T12:43:12.204515+02:00,2951163579556,2951166732416,3.152860,true,true,259849274,259853358,4.084000,true,matched_request_response
run_2,20260711,598,after,598,target_did_random_data,0x1234,6,E9609C,2E1234E9609C,062E1234E9609C00,7F2E31,negative,0x7F,0x31,false,false,false,2026-07-10T12:43:12.229086+02:00,2951188149838,2951191122996,2.973158,true,true,259873797,259877876,4.079000,true,matched_request_response
run_2,20260711,599,after,599,target_did_random_data,0x1234,5,6BEF,2E12346BEF,052E12346BEF0000,7F2E31,negative,0x7F,0x31,false,false,false,2026-07-10T12:43:12.253473+02:00,2951212536717,2951215490668,2.953951,true,true,259898160,259902243,4.083000,true,matched_request_response
run_2,20260711,600,after,600,missing_data,0x1234,3,,2E1234,032E123400000000,7F2E31,negative,0x7F,0x31,false,false,false,2026-07-10T12:43:12.277832+02:00,2951236896008,2951239935236,3.039228,true,true,259922508,259926597,4.089000,true,matched_request_response
run_2,20260711,601,after,601,unknown_did,0x3333,7,FA83D67B,2E3333FA83D67B,072E3333FA83D67B,7F2E31,negative,0x7F,0x31,false,false,false,2026-07-10T12:43:12.302313+02:00,2951261377382,2951264320019,2.942637,true,true,259946948,259951023,4.075000,true,matched_request_response
run_2,20260711,602,after,602,target_did_random_data,0x1234,5,06F4,2E123406F4,052E123406F40000,7F2E31,negative,0x7F,0x31,false,false,false,2026-07-10T12:43:12.326658+02:00,2951285722705,2951288797692,3.074987,true,true,259971276,259975361,4.085000,true,matched_request_response
run_2,20260711,603,after,603,target_did_random_data,0x1234,7,A4412404,2E1234A4412404,072E1234A4412404,7F2E31,negative,0x7F,0x31,false,false,false,2026-07-10T12:43:12.351097+02:00,2951310160568,2951313156704,2.996136,true,true,259995670,259999749,4.079000,true,matched_request_response
run_2,20260711,604,after,604,missing_data,0x1234,3,,2E1234,032E123400000000,7F2E31,negative,0x7F,0x31,false,false,false,2026-07-10T12:43:12.375522+02:00,2951334587047,2951337614332,3.027285,true,true,260020112,260024206,4.094000,true,matched_request_response
run_2,20260711,605,after,605,target_did_random_data,0x1234,5,B520,2E1234B520,052E1234B5200000,7F2E31,negative,0x7F,0x31,false,false,false,2026-07-10T12:43:12.399986+02:00,2951359050332,2951361994785,2.944453,true,true,260044533,260048616,4.083000,true,matched_request_response
run_2,20260711,606,after,606,unknown_did,0x3333,5,EFF2,2E3333EFF2,052E3333EFF20000,7F2E31,negative,0x7F,0x31,false,false,false,2026-07-10T12:43:12.424357+02:00,2951383421217,2951386396679,2.975462,true,true,260068883,260072965,4.082000,true,matched_request_response
run_2,20260711,607,after,607,target_did_random_data,0x1234,5,0CEF,2E12340CEF,052E12340CEF0000,7F2E31,negative,0x7F,0x31,false,false,false,2026-07-10T12:43:12.448710+02:00,2951407775200,2951410808352,3.033152,true,true,260093201,260097286,4.085000,true,matched_request_response
run_2,20260711,608,after,608,read_only_did,0x1001,5,574C,2E1001574C,052E1001574C0000,7F2E31,negative,0x7F,0x31,false,false,false,2026-07-10T12:43:12.473130+02:00,2951432194555,2951435257948,3.063393,true,true,260117601,260121688,4.087000,true,matched_request_response
run_2,20260711,609,after,609,target_did_random_data,0x1234,4,3B,2E12343B,042E12343B000000,7F2E31,negative,0x7F,0x31,false,false,false,2026-07-10T12:43:12.497597+02:00,2951456661472,2951459658725,2.997253,true,true,260142046,260146132,4.086000,true,matched_request_response
run_2,20260711,610,after,610,target_did_random_data,0x1234,7,A00FE725,2E1234A00FE725,072E1234A00FE725,7F2E31,negative,0x7F,0x31,false,false,false,2026-07-10T12:43:12.522020+02:00,2951481083690,2951484149528,3.065838,true,true,260166434,260170511,4.077000,true,matched_request_response
run_2,20260711,611,after,611,target_did_random_data,0x1234,6,2E2DA8,2E12342E2DA8,062E12342E2DA800,7F2E31,negative,0x7F,0x31,false,false,false,2026-07-10T12:43:12.546487+02:00,2951505551096,2951508479276,2.928180,true,true,260190938,260195017,4.079000,true,matched_request_response
run_2,20260711,612,after,612,target_did_random_data,0x1234,6,16BFFB,2E123416BFFB,062E123416BFFB00,7F2E31,negative,0x7F,0x31,false,false,false,2026-07-10T12:43:12.570795+02:00,2951529858914,2951532883755,3.024841,true,true,260215171,260219251,4.080000,true,matched_request_response
run_2,20260711,613,after,613,unknown_did,0x2222,6,C12644,2E2222C12644,062E2222C1264400,7F2E31,negative,0x7F,0x31,false,false,false,2026-07-10T12:43:12.595199+02:00,2951554263393,2951557351999,3.088606,true,true,260239538,260243617,4.079000,true,matched_request_response
run_2,20260711,614,after,614,unknown_did,0x2222,4,98,2E222298,042E222298000000,7F2E31,negative,0x7F,0x31,false,false,false,2026-07-10T12:43:12.619693+02:00,2951578757478,2951581702979,2.945501,true,true,260264030,260268117,4.087000,true,matched_request_response
run_2,20260711,615,after,615,target_did_random_data,0x1234,4,C3,2E1234C3,042E1234C3000000,7F2E31,negative,0x7F,0x31,false,false,false,2026-07-10T12:43:12.644024+02:00,2951603088972,2951606181350,3.092378,true,true,260288330,260292415,4.085000,true,matched_request_response
run_2,20260711,616,after,616,target_did_random_data,0x1234,6,E82207,2E1234E82207,062E1234E8220700,7F2E31,negative,0x7F,0x31,false,false,false,2026-07-10T12:43:12.668505+02:00,2951627569648,2951630546996,2.977348,true,true,260312821,260316904,4.083000,true,matched_request_response
run_2,20260711,617,after,617,target_did_random_data,0x1234,6,A12963,2E1234A12963,062E1234A1296300,7F2E31,negative,0x7F,0x31,false,false,false,2026-07-10T12:43:12.693016+02:00,2951652079657,2951655039056,2.959399,true,true,260337258,260341335,4.077000,true,matched_request_response
run_2,20260711,618,after,618,target_did_random_data,0x1234,6,C4D72D,2E1234C4D72D,062E1234C4D72D00,7F2E31,negative,0x7F,0x31,false,false,false,2026-07-10T12:43:12.717400+02:00,2951676463393,2951679398557,2.935164,true,true,260361622,260365701,4.079000,true,matched_request_response
run_2,20260711,619,after,619,target_did_random_data,0x1234,4,1C,2E12341C,042E12341C000000,7F2E31,negative,0x7F,0x31,false,false,false,2026-07-10T12:43:12.741744+02:00,2951700808227,2951703880071,3.071844,true,true,260385962,260390049,4.087000,true,matched_request_response
run_2,20260711,620,after,620,target_did_random_data,0x1234,7,8F47628C,2E12348F47628C,072E12348F47628C,7F2E31,negative,0x7F,0x31,false,false,false,2026-07-10T12:43:12.766224+02:00,2951725289182,2951728231470,2.942288,true,true,260410397,260414469,4.072000,true,matched_request_response
run_2,20260711,621,after,621,target_did_random_data,0x1234,7,E8DEFAA0,2E1234E8DEFAA0,072E1234E8DEFAA0,7F2E31,negative,0x7F,0x31,false,false,false,2026-07-10T12:43:12.790535+02:00,2951749599095,2951752622539,3.023444,true,true,260434694,260438768,4.074000,true,matched_request_response
run_2,20260711,622,after,622,target_did_random_data,0x1234,6,09C7AA,2E123409C7AA,062E123409C7AA00,7F2E31,negative,0x7F,0x31,false,false,false,2026-07-10T12:43:12.814991+02:00,2951774055676,2951777086732,3.031056,true,true,260459126,260463212,4.086000,true,matched_request_response
run_2,20260711,623,after,623,target_did_random_data,0x1234,5,2403,2E12342403,052E123424030000,7F2E31,negative,0x7F,0x31,false,false,false,2026-07-10T12:43:12.839444+02:00,2951798508135,2951801447001,2.938866,true,true,260483567,260487654,4.087000,true,matched_request_response
run_2,20260711,624,after,624,target_did_random_data,0x1234,7,5938A915,2E12345938A915,072E12345938A915,7F2E31,negative,0x7F,0x31,false,false,false,2026-07-10T12:43:12.863771+02:00,2951822834880,2951825884096,3.049216,true,true,260507859,260511934,4.075000,true,matched_request_response
run_2,20260711,625,after,625,target_did_random_data,0x1234,6,40C2CC,2E123440C2CC,062E123440C2CC00,7F2E31,negative,0x7F,0x31,false,false,false,2026-07-10T12:43:12.888245+02:00,2951847310039,2951850303870,2.993831,true,true,260532327,260536404,4.077000,true,matched_request_response
run_2,20260711,626,after,626,target_did_random_data,0x1234,4,1C,2E12341C,042E12341C000000,7F2E31,negative,0x7F,0x31,false,false,false,2026-07-10T12:43:12.912621+02:00,2951871686022,2951874751371,3.065349,true,true,260556675,260560762,4.087000,true,matched_request_response
run_2,20260711,627,after,627,target_did_random_data,0x1234,6,9CA71F,2E12349CA71F,062E12349CA71F00,7F2E31,negative,0x7F,0x31,false,false,false,2026-07-10T12:43:12.937125+02:00,2951896191072,2951899132941,2.941869,true,true,260581147,260585226,4.079000,true,matched_request_response
run_2,20260711,628,after,628,read_only_did,0x1001,5,8761,2E10018761,052E100187610000,7F2E31,negative,0x7F,0x31,false,false,false,2026-07-10T12:43:12.961432+02:00,2951920496376,2951923542798,3.046422,true,true,260605435,260609520,4.085000,true,matched_request_response
run_2,20260711,629,after,629,unknown_did,0x3333,5,AF0E,2E3333AF0E,052E3333AF0E0000,7F2E31,negative,0x7F,0x31,false,false,false,2026-07-10T12:43:12.985902+02:00,2951944966855,2951947945949,2.979094,true,true,260629900,260633987,4.087000,true,matched_request_response
run_2,20260711,630,after,630,target_did_random_data,0x1234,6,E52FE6,2E1234E52FE6,062E1234E52FE600,7F2E31,negative,0x7F,0x31,false,false,false,2026-07-10T12:43:13.010335+02:00,2951969398432,2951972367679,2.969247,true,true,260654273,260658350,4.077000,true,matched_request_response
run_2,20260711,631,after,631,target_did_random_data,0x1234,4,6A,2E12346A,042E12346A000000,7F2E31,negative,0x7F,0x31,false,false,false,2026-07-10T12:43:13.034651+02:00,2951993713723,2951996846958,3.133235,true,true,260678576,260682662,4.086000,true,matched_request_response
run_2,20260711,632,after,632,target_did_random_data,0x1234,4,CF,2E1234CF,042E1234CF000000,7F2E31,negative,0x7F,0x31,false,false,false,2026-07-10T12:43:13.059802+02:00,2952018867183,2952021237957,2.370774,true,true,260703709,260707796,4.087000,true,matched_request_response
run_2,20260711,633,after,633,read_only_did,0x1001,5,CF97,2E1001CF97,052E1001CF970000,7F2E31,negative,0x7F,0x31,false,false,false,2026-07-10T12:43:13.083568+02:00,2952042631494,2952045594245,2.962751,true,true,260727455,260731540,4.085000,true,matched_request_response
run_2,20260711,634,after,634,target_did_random_data,0x1234,6,720693,2E1234720693,062E123472069300,7F2E31,negative,0x7F,0x31,false,false,false,2026-07-10T12:43:13.107964+02:00,2952067028779,2952070055854,3.027075,true,true,260751801,260755885,4.084000,true,matched_request_response
run_2,20260711,635,after,635,target_did_random_data,0x1234,7,BE8ABC65,2E1234BE8ABC65,072E1234BE8ABC65,7F2E31,negative,0x7F,0x31,false,false,false,2026-07-10T12:43:13.132377+02:00,2952091441010,2952094476327,3.035317,true,true,260776174,260780250,4.076000,true,matched_request_response
run_2,20260711,636,after,636,target_did_random_data,0x1234,5,F2C4,2E1234F2C4,052E1234F2C40000,7F2E31,negative,0x7F,0x31,false,false,false,2026-07-10T12:43:13.156976+02:00,2952116039299,2952118829332,2.790033,true,true,260800751,260804834,4.083000,true,matched_request_response
run_2,20260711,637,after,637,target_did_random_data,0x1234,6,2090D8,2E12342090D8,062E12342090D800,7F2E31,negative,0x7F,0x31,false,false,false,2026-07-10T12:43:13.181183+02:00,2952140247453,2952143235348,2.987895,true,true,260824926,260829005,4.079000,true,matched_request_response
run_2,20260711,638,after,638,target_did_random_data,0x1234,5,F121,2E1234F121,052E1234F1210000,7F2E31,negative,0x7F,0x31,false,false,false,2026-07-10T12:43:13.205547+02:00,2952164611144,2952167664061,3.052917,true,true,260849263,260853344,4.081000,true,matched_request_response
run_2,20260711,639,after,639,target_did_random_data,0x1234,6,B8213D,2E1234B8213D,062E1234B8213D00,7F2E31,negative,0x7F,0x31,false,false,false,2026-07-10T12:43:13.230006+02:00,2952189070030,2952192089632,3.019602,true,true,260873687,260877766,4.079000,true,matched_request_response
run_2,20260711,640,after,640,unknown_did,0xF187,6,E16E77,2EF187E16E77,062EF187E16E7700,7F2E31,negative,0x7F,0x31,false,false,false,2026-07-10T12:43:13.254403+02:00,2952213467594,2952216476930,3.009336,true,true,260898055,260902134,4.079000,true,matched_request_response
run_2,20260711,641,after,641,target_did_random_data,0x1234,4,EF,2E1234EF,042E1234EF000000,7F2E31,negative,0x7F,0x31,false,false,false,2026-07-10T12:43:13.278779+02:00,2952237843019,2952240887066,3.044047,true,true,260922413,260926498,4.085000,true,matched_request_response
run_2,20260711,642,after,642,missing_data,0x1234,3,,2E1234,032E123400000000,7F2E31,negative,0x7F,0x31,false,false,false,2026-07-10T12:43:13.303427+02:00,2952262490686,2952265336802,2.846116,true,true,260947038,260951129,4.091000,true,matched_request_response
run_2,20260711,643,after,643,target_did_random_data,0x1234,5,C3C7,2E1234C3C7,052E1234C3C70000,7F2E31,negative,0x7F,0x31,false,false,false,2026-07-10T12:43:13.327643+02:00,2952286706453,2952289867415,3.160962,true,true,260971206,260975286,4.080000,true,matched_request_response
run_2,20260711,644,after,644,unknown_did,0x3333,6,853B5A,2E3333853B5A,062E3333853B5A00,7F2E31,negative,0x7F,0x31,false,false,false,2026-07-10T12:43:13.352281+02:00,2952311344971,2952314148344,2.803373,true,true,260995805,260999883,4.078000,true,matched_request_response
run_2,20260711,645,after,645,missing_data,0x1234,3,,2E1234,032E123400000000,7F2E31,negative,0x7F,0x31,false,false,false,2026-07-10T12:43:13.376450+02:00,2952335513594,2952338550029,3.036435,true,true,261019970,261024061,4.091000,true,matched_request_response
run_2,20260711,646,after,646,target_did_random_data,0x1234,5,D827,2E1234D827,052E1234D8270000,7F2E31,negative,0x7F,0x31,false,false,false,2026-07-10T12:43:13.400857+02:00,2952359921635,2952362993619,3.071984,true,true,261044336,261048417,4.081000,true,matched_request_response
run_2,20260711,647,after,647,target_did_random_data,0x1234,6,777987,2E1234777987,062E123477798700,7F2E31,negative,0x7F,0x31,false,false,false,2026-07-10T12:43:13.425316+02:00,2952384379892,2952387374980,2.995088,true,true,261068760,261072839,4.079000,true,matched_request_response
run_2,20260711,648,after,648,missing_data,0x1234,3,,2E1234,032E123400000000,7F2E31,negative,0x7F,0x31,false,false,false,2026-07-10T12:43:13.449819+02:00,2952408882009,2952411820875,2.938866,true,true,261093250,261097339,4.089000,true,matched_request_response
run_2,20260711,649,after,649,read_only_did,0x1001,4,F7,2E1001F7,042E1001F7000000,7F2E31,negative,0x7F,0x31,false,false,false,2026-07-10T12:43:13.474134+02:00,2952433197859,2952436232338,3.034479,true,true,261117559,261121650,4.091000,true,matched_request_response
run_2,20260711,650,after,650,target_did_random_data,0x1234,4,85,2E123485,042E123485000000,7F2E31,negative,0x7F,0x31,false,false,false,2026-07-10T12:43:13.498561+02:00,2952457624338,2952460687871,3.063533,true,true,261141934,261146021,4.087000,true,matched_request_response
run_2,20260711,651,after,651,target_did_random_data,0x1234,5,C188,2E1234C188,052E1234C1880000,7F2E31,negative,0x7F,0x31,false,false,false,2026-07-10T12:43:13.523050+02:00,2952482114233,2952485065460,2.951227,true,true,261166397,261170478,4.081000,true,matched_request_response
run_2,20260711,652,after,652,target_did_random_data,0x1234,7,32971CEE,2E123432971CEE,072E123432971CEE,7F2E31,negative,0x7F,0x31,false,false,false,2026-07-10T12:43:13.547388+02:00,2952506451594,2952509452129,3.000535,true,true,261190692,261194767,4.075000,true,matched_request_response
run_2,20260711,653,after,653,unknown_did,0xF187,4,F8,2EF187F8,042EF187F8000000,7F2E31,negative,0x7F,0x31,false,false,false,2026-07-10T12:43:13.571809+02:00,2952530872695,2952533879796,3.007101,true,true,261215101,261219191,4.090000,true,matched_request_response
run_2,20260711,654,after,654,missing_data,0x1234,3,,2E1234,032E123400000000,7F2E31,negative,0x7F,0x31,false,false,false,2026-07-10T12:43:13.596254+02:00,2952555318799,2952558315074,2.996275,true,true,261239523,261243614,4.091000,true,matched_request_response
run_2,20260711,655,after,655,unknown_did,0xF187,4,5F,2EF1875F,042EF1875F000000,7F2E31,negative,0x7F,0x31,false,false,false,2026-07-10T12:43:13.620622+02:00,2952579686611,2952582689940,3.003329,true,true,261263864,261267951,4.087000,true,matched_request_response
run_2,20260711,656,after,656,target_did_random_data,0x1234,4,D1,2E1234D1,042E1234D1000000,7F2E31,negative,0x7F,0x31,false,false,false,2026-07-10T12:43:13.645015+02:00,2952604079147,2952607143727,3.064580,true,true,261288220,261292305,4.085000,true,matched_request_response
run_2,20260711,657,after,657,target_did_random_data,0x1234,7,617D961D,2E1234617D961D,072E1234617D961D,7F2E31,negative,0x7F,0x31,false,false,false,2026-07-10T12:43:13.669446+02:00,2952628509676,2952631566784,3.057108,true,true,261312609,261316684,4.075000,true,matched_request_response
run_2,20260711,658,after,658,target_did_random_data,0x1234,5,AC15,2E1234AC15,052E1234AC150000,7F2E31,negative,0x7F,0x31,false,false,false,2026-07-10T12:43:13.693877+02:00,2952652942371,2952655970075,3.027704,true,true,261337035,261341118,4.083000,true,matched_request_response
run_2,20260711,659,after,659,target_did_random_data,0x1234,6,BF0A29,2E1234BF0A29,062E1234BF0A2900,7F2E31,negative,0x7F,0x31,false,false,false,2026-07-10T12:43:13.718481+02:00,2952677545898,2952680386078,2.840180,true,true,261361601,261365685,4.084000,true,matched_request_response
run_2,20260711,660,after,660,target_did_random_data,0x1234,5,24C3,2E123424C3,052E123424C30000,7F2E31,negative,0x7F,0x31,false,false,false,2026-07-10T12:43:13.742709+02:00,2952701772980,2952704826874,3.053894,true,true,261385805,261389888,4.083000,true,matched_request_response
run_2,20260711,661,after,661,target_did_random_data,0x1234,5,11D5,2E123411D5,052E123411D50000,7F2E31,negative,0x7F,0x31,false,false,false,2026-07-10T12:43:13.767320+02:00,2952726384120,2952729225277,2.841157,true,true,261410395,261414474,4.079000,true,matched_request_response
run_2,20260711,662,after,662,target_did_random_data,0x1234,5,BEF8,2E1234BEF8,052E1234BEF80000,7F2E31,negative,0x7F,0x31,false,false,false,2026-07-10T12:43:13.791592+02:00,2952750659252,2952753612225,2.952973,true,true,261434655,261438738,4.083000,true,matched_request_response
run_2,20260711,663,after,663,target_did_random_data,0x1234,6,D7E639,2E1234D7E639,062E1234D7E63900,7F2E31,negative,0x7F,0x31,false,false,false,2026-07-10T12:43:13.815919+02:00,2952774982714,2952778032837,3.050123,true,true,261458932,261463010,4.078000,true,matched_request_response
run_2,20260711,664,after,664,target_did_random_data,0x1234,4,C7,2E1234C7,042E1234C7000000,7F2E31,negative,0x7F,0x31,false,false,false,2026-07-10T12:43:13.840335+02:00,2952799400114,2952802444161,3.044047,true,true,261483337,261487422,4.085000,true,matched_request_response
run_2,20260711,665,after,665,target_did_random_data,0x1234,6,EB7C12,2E1234EB7C12,062E1234EB7C1200,7F2E31,negative,0x7F,0x31,false,false,false,2026-07-10T12:43:13.864741+02:00,2952823804872,2952826821890,3.017018,true,true,261507709,261511788,4.079000,true,matched_request_response
run_2,20260711,666,after,666,target_did_random_data,0x1234,6,60D200,2E123460D200,062E123460D20000,7F2E31,negative,0x7F,0x31,false,false,false,2026-07-10T12:43:13.889159+02:00,2952848223598,2952851249137,3.025539,true,true,261532105,261536191,4.086000,true,matched_request_response
run_2,20260711,667,after,667,target_did_random_data,0x1234,7,3B49A3C9,2E12343B49A3C9,072E12343B49A3C9,7F2E31,negative,0x7F,0x31,false,false,false,2026-07-10T12:43:13.913533+02:00,2952872597556,2952875740778,3.143222,true,true,261556456,261560528,4.072000,true,matched_request_response
run_2,20260711,668,after,668,read_only_did,0x1001,4,30,2E100130,042E100130000000,7F2E31,negative,0x7F,0x31,false,false,false,2026-07-10T12:43:13.938108+02:00,2952897171750,2952900190235,3.018485,true,true,261581015,261585107,4.092000,true,matched_request_response
run_2,20260711,669,after,669,missing_data,0x1234,3,,2E1234,032E123400000000,7F2E31,negative,0x7F,0x31,false,false,false,2026-07-10T12:43:13.962483+02:00,2952921547105,2952924497005,2.949900,true,true,261605360,261609448,4.088000,true,matched_request_response
run_2,20260711,670,after,670,read_only_did,0x1001,6,13C779,2E100113C779,062E100113C77900,7F2E31,negative,0x7F,0x31,false,false,false,2026-07-10T12:43:13.986829+02:00,2952945893824,2952948924881,3.031057,true,true,261629668,261633751,4.083000,true,matched_request_response
run_2,20260711,671,after,671,target_did_random_data,0x1234,6,6717CB,2E12346717CB,062E12346717CB00,7F2E31,negative,0x7F,0x31,false,false,false,2026-07-10T12:43:14.011244+02:00,2952970308360,2952973341303,3.032943,true,true,261654052,261658131,4.079000,true,matched_request_response
run_2,20260711,672,after,672,target_did_random_data,0x1234,5,DF12,2E1234DF12,052E1234DF120000,7F2E31,negative,0x7F,0x31,false,false,false,2026-07-10T12:43:14.035642+02:00,2952994706204,2952997818417,3.112213,true,true,261678433,261682512,4.079000,true,matched_request_response
run_2,20260711,673,after,673,target_did_random_data,0x1234,7,123D97F4,2E1234123D97F4,072E1234123D97F4,7F2E31,negative,0x7F,0x31,false,false,false,2026-07-10T12:43:14.060130+02:00,2953019194423,2953022154800,2.960377,true,true,261702884,261706959,4.075000,true,matched_request_response
run_2,20260711,674,after,674,unknown_did,0xF187,7,D2130243,2EF187D2130243,072EF187D2130243,7F2E31,negative,0x7F,0x31,false,false,false,2026-07-10T12:43:14.084510+02:00,2953043574108,2953046621997,3.047889,true,true,261727279,261731356,4.077000,true,matched_request_response
run_2,20260711,675,after,675,missing_data,0x1234,3,,2E1234,032E123400000000,7F2E31,negative,0x7F,0x31,false,false,false,2026-07-10T12:43:14.108938+02:00,2953068021749,2953070986526,2.964777,true,true,261751661,261755751,4.090000,true,matched_request_response
run_2,20260711,676,after,676,target_did_random_data,0x1234,5,2960,2E12342960,052E123429600000,7F2E31,negative,0x7F,0x31,false,false,false,2026-07-10T12:43:14.133314+02:00,2953092378457,2953095380878,3.002421,true,true,261775996,261780079,4.083000,true,matched_request_response
run_2,20260711,677,after,677,target_did_random_data,0x1234,5,05FF,2E123405FF,052E123405FF0000,7F2E31,negative,0x7F,0x31,false,false,false,2026-07-10T12:43:14.157866+02:00,2953116930860,2953119857014,2.926154,true,true,261800528,261804615,4.087000,true,matched_request_response
run_2,20260711,678,after,678,target_did_random_data,0x1234,5,D7A3,2E1234D7A3,052E1234D7A30000,7F2E31,negative,0x7F,0x31,false,false,false,2026-07-10T12:43:14.182232+02:00,2953141295878,2953144245220,2.949342,true,true,261824849,261828932,4.083000,true,matched_request_response
run_2,20260711,679,after,679,target_did_random_data,0x1234,4,90,2E123490,042E123490000000,7F2E31,negative,0x7F,0x31,false,false,false,2026-07-10T12:43:14.206719+02:00,2953165783818,2953168692791,2.908973,true,true,261849326,261853410,4.084000,true,matched_request_response
run_2,20260711,680,after,680,target_did_random_data,0x1234,5,559F,2E1234559F,052E1234559F0000,7F2E31,negative,0x7F,0x31,false,false,false,2026-07-10T12:43:14.230993+02:00,2953190057204,2953193068286,3.011082,true,true,261873563,261877645,4.082000,true,matched_request_response
run_2,20260711,681,after,681,target_did_random_data,0x1234,5,3643,2E12343643,052E123436430000,7F2E31,negative,0x7F,0x31,false,false,false,2026-07-10T12:43:14.255351+02:00,2953214415029,2953217484289,3.069260,true,true,261897885,261901968,4.083000,true,matched_request_response
run_2,20260711,682,after,682,target_did_random_data,0x1234,7,704DC9C6,2E1234704DC9C6,072E1234704DC9C6,7F2E31,negative,0x7F,0x31,false,false,false,2026-07-10T12:43:14.279818+02:00,2953238881667,2953241907834,3.026167,true,true,261922327,261926400,4.073000,true,matched_request_response
run_2,20260711,683,after,683,target_did_random_data,0x1234,6,2A9E6C,2E12342A9E6C,062E12342A9E6C00,7F2E31,negative,0x7F,0x31,false,false,false,2026-07-10T12:43:14.304256+02:00,2953263320019,2953266317900,2.997881,true,true,261946744,261950823,4.079000,true,matched_request_response
run_2,20260711,684,after,684,unknown_did,0x2222,5,445F,2E2222445F,052E2222445F0000,7F2E31,negative,0x7F,0x31,false,false,false,2026-07-10T12:43:14.328630+02:00,2953287694675,2953290765332,3.070657,true,true,261971095,261975178,4.083000,true,matched_request_response
run_2,20260711,685,after,685,target_did_random_data,0x1234,5,B3FF,2E1234B3FF,052E1234B3FF0000,7F2E31,negative,0x7F,0x31,false,false,false,2026-07-10T12:43:14.353107+02:00,2953312171929,2953315146973,2.975044,true,true,261995553,261999636,4.083000,true,matched_request_response
run_2,20260711,686,after,686,target_did_random_data,0x1234,6,909192,2E1234909192,062E123490919200,7F2E31,negative,0x7F,0x31,false,false,false,2026-07-10T12:43:14.377470+02:00,2953336534223,2953339578061,3.043838,true,true,262019875,262023953,4.078000,true,matched_request_response
run_2,20260711,687,after,687,target_did_random_data,0x1234,4,0B,2E12340B,042E12340B000000,7F2E31,negative,0x7F,0x31,false,false,false,2026-07-10T12:43:14.401987+02:00,2953361051357,2953364021861,2.970504,true,true,262044387,262048476,4.089000,true,matched_request_response
run_2,20260711,688,after,688,target_did_random_data,0x1234,6,18D73E,2E123418D73E,062E123418D73E00,7F2E31,negative,0x7F,0x31,false,false,false,2026-07-10T12:43:14.426356+02:00,2953385420147,2953388414816,2.994669,true,true,262068729,262072808,4.079000,true,matched_request_response
run_2,20260711,689,after,689,target_did_random_data,0x1234,4,B0,2E1234B0,042E1234B0000000,7F2E31,negative,0x7F,0x31,false,false,false,2026-07-10T12:43:14.450737+02:00,2953409802206,2953412809447,3.007241,true,true,262093091,262097179,4.088000,true,matched_request_response
run_2,20260711,690,after,690,target_did_random_data,0x1234,4,58,2E123458,042E123458000000,7F2E31,negative,0x7F,0x31,false,false,false,2026-07-10T12:43:14.475158+02:00,2953434222330,2953437214345,2.992015,true,true,262117480,262121565,4.085000,true,matched_request_response
run_2,20260711,691,after,691,target_did_random_data,0x1234,6,E26D74,2E1234E26D74,062E1234E26D7400,7F2E31,negative,0x7F,0x31,false,false,false,2026-07-10T12:43:14.499532+02:00,2953458596637,2953461646481,3.049844,true,true,262141826,262145905,4.079000,true,matched_request_response
run_2,20260711,692,after,692,target_did_random_data,0x1234,4,78,2E123478,042E123478000000,7F2E31,negative,0x7F,0x31,false,false,false,2026-07-10T12:43:14.523997+02:00,2953483060900,2953486135259,3.074359,true,true,262166265,262170350,4.085000,true,matched_request_response
run_2,20260711,693,after,693,target_did_random_data,0x1234,4,7B,2E12347B,042E12347B000000,7F2E31,negative,0x7F,0x31,false,false,false,2026-07-10T12:43:14.548462+02:00,2953507526211,2953510492175,2.965964,true,true,262190716,262194803,4.087000,true,matched_request_response
run_2,20260711,694,after,694,target_did_random_data,0x1234,5,BDFE,2E1234BDFE,052E1234BDFE0000,7F2E31,negative,0x7F,0x31,false,false,false,2026-07-10T12:43:14.572983+02:00,2953532047465,2953534897213,2.849748,true,true,262215208,262219288,4.080000,true,matched_request_response
run_2,20260711,695,after,695,target_did_random_data,0x1234,7,70C7C4F0,2E123470C7C4F0,072E123470C7C4F0,7F2E31,negative,0x7F,0x31,false,false,false,2026-07-10T12:43:14.597222+02:00,2953556286769,2953559345692,3.058923,true,true,262239418,262243491,4.073000,true,matched_request_response
run_2,20260711,696,after,696,missing_data,0x1234,3,,2E1234,032E123400000000,7F2E31,negative,0x7F,0x31,false,false,false,2026-07-10T12:43:14.621904+02:00,2953580968309,2953583679980,2.711671,true,true,262264093,262268187,4.094000,true,matched_request_response
run_2,20260711,697,after,697,target_did_random_data,0x1234,4,07,2E123407,042E123407000000,7F2E31,negative,0x7F,0x31,false,false,false,2026-07-10T12:43:14.646015+02:00,2953605079174,2953608161355,3.082181,true,true,262288179,262292271,4.092000,true,matched_request_response
run_2,20260711,698,after,698,target_did_random_data,0x1234,6,F40D0C,2E1234F40D0C,062E1234F40D0C00,7F2E31,negative,0x7F,0x31,false,false,false,2026-07-10T12:43:14.670471+02:00,2953629534986,2953632531122,2.996136,true,true,262312597,262316685,4.088000,true,matched_request_response
run_2,20260711,699,after,699,unknown_did,0x3333,4,95,2E333395,042E333395000000,7F2E31,negative,0x7F,0x31,false,false,false,2026-07-10T12:43:14.694829+02:00,2953653894627,2953657143310,3.248683,true,true,262336964,262341051,4.087000,true,matched_request_response
run_2,20260711,700,after,700,target_did_random_data,0x1234,5,ED63,2E1234ED63,052E1234ED630000,7F2E31,negative,0x7F,0x31,false,false,false,2026-07-10T12:43:14.719636+02:00,2953678699997,2953681359985,2.659988,true,true,262361725,262365808,4.083000,true,matched_request_response
run_2,20260711,701,after,701,target_did_random_data,0x1234,7,890E297C,2E1234890E297C,072E1234890E297C,7F2E31,negative,0x7F,0x31,false,false,false,2026-07-10T12:43:14.743642+02:00,2953702707147,2953705845620,3.138473,true,true,262385710,262389789,4.079000,true,matched_request_response
run_2,20260711,702,after,702,target_did_random_data,0x1234,7,64938E9C,2E123464938E9C,072E123464938E9C,7F2E31,negative,0x7F,0x31,false,false,false,2026-07-10T12:43:14.768417+02:00,2953727481926,2953730175577,2.693651,true,true,262410453,262414525,4.072000,true,matched_request_response
run_2,20260711,703,after,703,unknown_did,0x2222,6,1DD9BA,2E22221DD9BA,062E22221DD9BA00,7F2E31,negative,0x7F,0x31,false,false,false,2026-07-10T12:43:14.792523+02:00,2953751587622,2953754800616,3.212994,true,true,262434578,262438657,4.079000,true,matched_request_response
run_2,20260711,704,after,704,unknown_did,0x2222,4,37,2E222237,042E222237000000,7F2E31,negative,0x7F,0x31,false,false,false,2026-07-10T12:43:14.817133+02:00,2953776197296,2953779034402,2.837106,true,true,262459149,262463237,4.088000,true,matched_request_response
run_2,20260711,705,after,705,target_did_random_data,0x1234,7,65EA2E68,2E123465EA2E68,072E123465EA2E68,7F2E31,negative,0x7F,0x31,false,false,false,2026-07-10T12:43:14.841319+02:00,2953800382472,2953803449706,3.067234,true,true,262483305,262487377,4.072000,true,matched_request_response
run_2,20260711,706,after,706,read_only_did,0x1001,6,DA2995,2E1001DA2995,062E1001DA299500,7F2E31,negative,0x7F,0x31,false,false,false,2026-07-10T12:43:14.865773+02:00,2953824837446,2953827833442,2.995996,true,true,262507749,262511832,4.083000,true,matched_request_response
run_2,20260711,707,after,707,target_did_random_data,0x1234,5,C297,2E1234C297,052E1234C2970000,7F2E31,negative,0x7F,0x31,false,false,false,2026-07-10T12:43:14.890151+02:00,2953849215595,2953852308042,3.092447,true,true,262532105,262536191,4.086000,true,matched_request_response
run_2,20260711,708,after,708,target_did_random_data,0x1234,6,D39C61,2E1234D39C61,062E1234D39C6100,7F2E31,negative,0x7F,0x31,false,false,false,2026-07-10T12:43:14.914806+02:00,2953873870665,2953876680813,2.810148,true,true,262556748,262560827,4.079000,true,matched_request_response
run_2,20260711,709,after,709,target_did_random_data,0x1234,5,A94F,2E1234A94F,052E1234A94F0000,7F2E31,negative,0x7F,0x31,false,false,false,2026-07-10T12:43:14.938989+02:00,2953898053257,2953901076771,3.023514,true,true,262580903,262584985,4.082000,true,matched_request_response
run_2,20260711,710,after,710,target_did_random_data,0x1234,6,DA6BC7,2E1234DA6BC7,062E1234DA6BC700,7F2E31,negative,0x7F,0x31,false,false,false,2026-07-10T12:43:14.963428+02:00,2953922492028,2953925498082,3.006054,true,true,262605322,262609399,4.077000,true,matched_request_response
run_2,20260711,711,after,711,target_did_random_data,0x1234,7,1BE68EBC,2E12341BE68EBC,072E12341BE68EBC,7F2E31,negative,0x7F,0x31,false,false,false,2026-07-10T12:43:14.987794+02:00,2953946858025,2953949950123,3.092098,true,true,262629664,262633739,4.075000,true,matched_request_response
run_2,20260711,712,after,712,target_did_random_data,0x1234,5,2841,2E12342841,052E123428410000,7F2E31,negative,0x7F,0x31,false,false,false,2026-07-10T12:43:15.012416+02:00,2953971480130,2953974345662,2.865532,true,true,262654268,262658348,4.080000,true,matched_request_response
run_2,20260711,713,after,713,target_did_random_data,0x1234,5,C2C3,2E1234C2C3,052E1234C2C30000,7F2E31,negative,0x7F,0x31,false,false,false,2026-07-10T12:43:15.036666+02:00,2953995729700,2953998798471,3.068771,true,true,262678484,262682565,4.081000,true,matched_request_response
run_2,20260711,714,after,714,unknown_did,0x2222,6,ACB104,2E2222ACB104,062E2222ACB10400,7F2E31,negative,0x7F,0x31,false,false,false,2026-07-10T12:43:15.061100+02:00,2954020163163,2954023166214,3.003051,true,true,262702883,262706966,4.083000,true,matched_request_response
run_2,20260711,715,after,715,target_did_random_data,0x1234,4,B6,2E1234B6,042E1234B6000000,7F2E31,negative,0x7F,0x31,false,false,false,2026-07-10T12:43:15.085479+02:00,2954044543687,2954047607429,3.063742,true,true,262727247,262731332,4.085000,true,matched_request_response
run_2,20260711,716,after,716,unknown_did,0xF187,5,71F6,2EF18771F6,052EF18771F60000,7F2E31,negative,0x7F,0x31,false,false,false,2026-07-10T12:43:15.109987+02:00,2954069050623,2954071963648,2.913025,true,true,262751726,262755809,4.083000,true,matched_request_response
run_2,20260711,717,after,717,target_did_random_data,0x1234,4,ED,2E1234ED,042E1234ED000000,7F2E31,negative,0x7F,0x31,false,false,false,2026-07-10T12:43:15.134319+02:00,2954093382746,2954096396273,3.013527,true,true,262776037,262780123,4.086000,true,matched_request_response
run_2,20260711,718,after,718,target_did_random_data,0x1234,5,25FF,2E123425FF,052E123425FF0000,7F2E31,negative,0x7F,0x31,false,false,false,2026-07-10T12:43:15.158689+02:00,2954117752514,2954120851457,3.098943,true,true,262800382,262804463,4.081000,true,matched_request_response
run_2,20260711,719,after,719,target_did_random_data,0x1234,6,979AE0,2E1234979AE0,062E1234979AE000,7F2E31,negative,0x7F,0x31,false,false,false,2026-07-10T12:43:15.183222+02:00,2954142286340,2954145253910,2.967570,true,true,262824885,262828964,4.079000,true,matched_request_response
run_2,20260711,720,after,720,target_did_random_data,0x1234,4,34,2E123434,042E123434000000,7F2E31,negative,0x7F,0x31,false,false,false,2026-07-10T12:43:15.207564+02:00,2954166628241,2954169627799,2.999558,true,true,262849211,262853295,4.084000,true,matched_request_response
run_2,20260711,721,after,721,target_did_random_data,0x1234,7,B819495F,2E1234B819495F,072E1234B819495F,7F2E31,negative,0x7F,0x31,false,false,false,2026-07-10T12:43:15.231988+02:00,2954191052904,2954194056303,3.003399,true,true,262873610,262877685,4.075000,true,matched_request_response
run_2,20260711,722,after,722,unknown_did,0x3333,6,23060C,2E333323060C,062E333323060C00,7F2E31,negative,0x7F,0x31,false,false,false,2026-07-10T12:43:15.256381+02:00,2954215445510,2954218478312,3.032802,true,true,262897991,262902079,4.088000,true,matched_request_response
run_2,20260711,723,after,723,target_did_random_data,0x1234,6,B266F3,2E1234B266F3,062E1234B266F300,7F2E31,negative,0x7F,0x31,false,false,false,2026-07-10T12:43:15.280711+02:00,2954239774071,2954242812042,3.037971,true,true,262922258,262926335,4.077000,true,matched_request_response
run_2,20260711,724,after,724,target_did_random_data,0x1234,6,F5B677,2E1234F5B677,062E1234F5B67700,7F2E31,negative,0x7F,0x31,false,false,false,2026-07-10T12:43:15.305105+02:00,2954264168423,2954267259334,3.090911,true,true,262946639,262950718,4.079000,true,matched_request_response
run_2,20260711,725,after,725,unknown_did,0x3333,7,0922BC17,2E33330922BC17,072E33330922BC17,7F2E31,negative,0x7F,0x31,false,false,false,2026-07-10T12:43:15.329513+02:00,2954288576813,2954291670029,3.093216,true,true,262971075,262975155,4.080000,true,matched_request_response
run_2,20260711,726,after,726,target_did_random_data,0x1234,4,90,2E123490,042E123490000000,7F2E31,negative,0x7F,0x31,false,false,false,2026-07-10T12:43:15.353935+02:00,2954312998264,2954316220058,3.221794,true,true,262995456,262999540,4.084000,true,matched_request_response
run_2,20260711,727,after,727,target_did_random_data,0x1234,4,39,2E123439,042E123439000000,7F2E31,negative,0x7F,0x31,false,false,false,2026-07-10T12:43:15.378555+02:00,2954337618274,2954340534371,2.916097,true,true,263020033,263024119,4.086000,true,matched_request_response
run_2,20260711,728,after,728,target_did_random_data,0x1234,5,D528,2E1234D528,052E1234D5280000,7F2E31,negative,0x7F,0x31,false,false,false,2026-07-10T12:43:15.402846+02:00,2954361909749,2954365299582,3.389833,true,true,263044283,263048364,4.081000,true,matched_request_response
run_2,20260711,729,after,729,target_did_random_data,0x1234,5,D413,2E1234D413,052E1234D4130000,7F2E31,negative,0x7F,0x31,false,false,false,2026-07-10T12:43:15.427614+02:00,2954386678522,2954389368681,2.690159,true,true,263069034,263073116,4.082000,true,matched_request_response
run_2,20260711,730,after,730,target_did_random_data,0x1234,4,0F,2E12340F,042E12340F000000,7F2E31,negative,0x7F,0x31,false,false,false,2026-07-10T12:43:15.451682+02:00,2954410745945,2954413835948,3.090003,true,true,263093080,263097171,4.091000,true,matched_request_response
run_2,20260711,731,after,731,target_did_random_data,0x1234,7,F22C1440,2E1234F22C1440,072E1234F22C1440,7F2E31,negative,0x7F,0x31,false,false,false,2026-07-10T12:43:15.476151+02:00,2954435214888,2954438206903,2.992015,true,true,263117523,263121595,4.072000,true,matched_request_response
run_2,20260711,732,after,732,target_did_random_data,0x1234,6,BA7158,2E1234BA7158,062E1234BA715800,7F2E31,negative,0x7F,0x31,false,false,false,2026-07-10T12:43:15.500556+02:00,2954459620554,2954462660830,3.040276,true,true,263141902,263145981,4.079000,true,matched_request_response
run_2,20260711,733,after,733,target_did_random_data,0x1234,6,BCF7A2,2E1234BCF7A2,062E1234BCF7A200,7F2E31,negative,0x7F,0x31,false,false,false,2026-07-10T12:43:15.525017+02:00,2954484080697,2954487030039,2.949342,true,true,263166329,263170406,4.077000,true,matched_request_response
run_2,20260711,734,after,734,target_did_random_data,0x1234,4,42,2E123442,042E123442000000,7F2E31,negative,0x7F,0x31,false,false,false,2026-07-10T12:43:15.549346+02:00,2954508410585,2954511539699,3.129114,true,true,263190642,263194729,4.087000,true,matched_request_response
run_2,20260711,735,after,735,target_did_random_data,0x1234,6,5B535D,2E12345B535D,062E12345B535D00,7F2E31,negative,0x7F,0x31,false,false,false,2026-07-10T12:43:15.573827+02:00,2954532890842,2954535859111,2.968269,true,true,263215087,263219166,4.079000,true,matched_request_response
run_2,20260711,736,after,736,target_did_random_data,0x1234,6,ADF306,2E1234ADF306,062E1234ADF30600,7F2E31,negative,0x7F,0x31,false,false,false,2026-07-10T12:43:15.598113+02:00,2954557177149,2954560664411,3.487262,true,true,263239355,263243436,4.081000,true,matched_request_response
run_2,20260711,737,after,737,target_did_random_data,0x1234,7,FCE9EB7E,2E1234FCE9EB7E,072E1234FCE9EB7E,7F2E31,negative,0x7F,0x31,false,false,false,2026-07-10T12:43:15.623157+02:00,2954582220679,2954584645021,2.424342,true,true,263264378,263268451,4.073000,true,matched_request_response
run_2,20260711,738,after,738,target_did_random_data,0x1234,7,867B4E29,2E1234867B4E29,072E1234867B4E29,7F2E31,negative,0x7F,0x31,false,false,false,2026-07-10T12:43:15.647021+02:00,2954606085422,2954609124091,3.038669,true,true,263288204,263292276,4.072000,true,matched_request_response
run_2,20260711,739,after,739,target_did_random_data,0x1234,4,3C,2E12343C,042E12343C000000,7F2E31,negative,0x7F,0x31,false,false,false,2026-07-10T12:43:15.671434+02:00,2954630498491,2954633502519,3.004028,true,true,263312609,263316696,4.087000,true,matched_request_response
run_2,20260711,740,after,740,read_only_did,0x1001,6,C20FA0,2E1001C20FA0,062E1001C20FA000,7F2E31,negative,0x7F,0x31,false,false,false,2026-07-10T12:43:15.695795+02:00,2954654859110,2954657936122,3.077012,true,true,263336957,263341045,4.088000,true,matched_request_response
run_2,20260711,741,after,741,missing_data,0x1234,3,,2E1234,032E123400000000,7F2E31,negative,0x7F,0x31,false,false,false,2026-07-10T12:43:15.720229+02:00,2954679293481,2954682338017,3.044536,true,true,263361354,263365443,4.089000,true,matched_request_response
run_2,20260711,742,after,742,target_did_random_data,0x1234,4,ED,2E1234ED,042E1234ED000000,7F2E31,negative,0x7F,0x31,false,false,false,2026-07-10T12:43:15.744612+02:00,2954703675611,2954706834617,3.159006,true,true,263385702,263389788,4.086000,true,matched_request_response
run_2,20260711,743,after,743,target_did_random_data,0x1234,6,1158F5,2E12341158F5,062E12341158F500,7F2E31,negative,0x7F,0x31,false,false,false,2026-07-10T12:43:15.769333+02:00,2954728397380,2954731160385,2.763005,true,true,263410407,263414483,4.076000,true,matched_request_response
run_2,20260711,744,after,744,target_did_random_data,0x1234,5,A98B,2E1234A98B,052E1234A98B0000,7F2E31,negative,0x7F,0x31,false,false,false,2026-07-10T12:43:15.793446+02:00,2954752509432,2954755551175,3.041743,true,true,263434501,263438581,4.080000,true,matched_request_response
run_2,20260711,745,after,745,read_only_did,0x1001,5,BC78,2E1001BC78,052E1001BC780000,7F2E31,negative,0x7F,0x31,false,false,false,2026-07-10T12:43:15.817979+02:00,2954777043398,2954779971298,2.927900,true,true,263459012,263463099,4.087000,true,matched_request_response
run_2,20260711,746,after,746,unknown_did,0x2222,7,AFCAC609,2E2222AFCAC609,072E2222AFCAC609,7F2E31,negative,0x7F,0x31,false,false,false,2026-07-10T12:43:15.842284+02:00,2954801348073,2954804393028,3.044955,true,true,263483273,263487349,4.076000,true,matched_request_response
run_2,20260711,747,after,747,missing_data,0x1234,3,,2E1234,032E123400000000,7F2E31,negative,0x7F,0x31,false,false,false,2026-07-10T12:43:15.866729+02:00,2954825792781,2954828832777,3.039996,true,true,263507710,263511801,4.091000,true,matched_request_response
run_2,20260711,748,after,748,target_did_random_data,0x1234,5,6875,2E12346875,052E123468750000,7F2E31,negative,0x7F,0x31,false,false,false,2026-07-10T12:43:15.891167+02:00,2954850230714,2954853242704,3.011990,true,true,263532119,263536204,4.085000,true,matched_request_response
run_2,20260711,749,after,749,read_only_did,0x1001,5,AEA9,2E1001AEA9,052E1001AEA90000,7F2E31,negative,0x7F,0x31,false,false,false,2026-07-10T12:43:15.915579+02:00,2954874644133,2954877627627,2.983494,true,true,263556515,263560599,4.084000,true,matched_request_response
run_2,20260711,750,after,750,target_did_random_data,0x1234,4,3C,2E12343C,042E12343C000000,7F2E31,negative,0x7F,0x31,false,false,false,2026-07-10T12:43:15.939971+02:00,2954899035202,2954902086303,3.051101,true,true,263580883,263584970,4.087000,true,matched_request_response
run_2,20260711,751,after,751,target_did_random_data,0x1234,6,8E6E7A,2E12348E6E7A,062E12348E6E7A00,7F2E31,negative,0x7F,0x31,false,false,false,2026-07-10T12:43:15.964408+02:00,2954923472157,2954926513341,3.041184,true,true,263605273,263609350,4.077000,true,matched_request_response
run_2,20260711,752,after,752,read_only_did,0x1001,4,AE,2E1001AE,042E1001AE000000,7F2E31,negative,0x7F,0x31,false,false,false,2026-07-10T12:43:15.988820+02:00,2954947884249,2954950889185,3.004936,true,true,263629682,263633774,4.092000,true,matched_request_response
run_2,20260711,753,after,753,target_did_random_data,0x1234,4,38,2E123438,042E123438000000,7F2E31,negative,0x7F,0x31,false,false,false,2026-07-10T12:43:16.013210+02:00,2954972274550,2954975363645,3.089095,true,true,263654041,263658127,4.086000,true,matched_request_response
run_2,20260711,754,after,754,read_only_did,0x1001,4,C5,2E1001C5,042E1001C5000000,7F2E31,negative,0x7F,0x31,false,false,false,2026-07-10T12:43:16.037706+02:00,2954996769754,2954999734600,2.964846,true,true,263678508,263682597,4.089000,true,matched_request_response
run_2,20260711,755,after,755,target_did_random_data,0x1234,4,9F,2E12349F,042E12349F000000,7F2E31,negative,0x7F,0x31,false,false,false,2026-07-10T12:43:16.062135+02:00,2955021198538,2955024145225,2.946687,true,true,263702926,263707013,4.087000,true,matched_request_response
run_2,20260711,756,after,756,target_did_random_data,0x1234,7,8142AC98,2E12348142AC98,072E12348142AC98,7F2E31,negative,0x7F,0x31,false,false,false,2026-07-10T12:43:16.086680+02:00,2955045744097,2955048610397,2.866300,true,true,263727434,263731507,4.073000,true,matched_request_response
run_2,20260711,757,after,757,target_did_random_data,0x1234,7,1B5AAB9A,2E12341B5AAB9A,072E12341B5AAB9A,7F2E31,negative,0x7F,0x31,false,false,false,2026-07-10T12:43:16.110985+02:00,2955070049331,2955072960469,2.911138,true,true,263751704,263755779,4.075000,true,matched_request_response
run_2,20260711,758,after,758,target_did_random_data,0x1234,5,E068,2E1234E068,052E1234E0680000,7F2E31,negative,0x7F,0x31,false,false,false,2026-07-10T12:43:16.135295+02:00,2955094358546,2955097365787,3.007241,true,true,263776007,263780090,4.083000,true,matched_request_response
run_2,20260711,759,after,759,unknown_did,0x2222,6,90F891,2E222290F891,062E222290F89100,7F2E31,negative,0x7F,0x31,false,false,false,2026-07-10T12:43:16.159739+02:00,2955118803114,2955121874819,3.071705,true,true,263800410,263804487,4.077000,true,matched_request_response
run_2,20260711,760,after,760,target_did_random_data,0x1234,7,6AD13ED8,2E12346AD13ED8,072E12346AD13ED8,7F2E31,negative,0x7F,0x31,false,false,false,2026-07-10T12:43:16.184211+02:00,2955143275130,2955146200377,2.925247,true,true,263824847,263828922,4.075000,true,matched_request_response
run_2,20260711,761,after,761,missing_data,0x1234,3,,2E1234,032E123400000000,7F2E31,negative,0x7F,0x31,false,false,false,2026-07-10T12:43:16.208460+02:00,2955167522815,2955170670856,3.148041,true,true,263849093,263853187,4.094000,true,matched_request_response
run_2,20260711,762,after,762,target_did_random_data,0x1234,4,C2,2E1234C2,042E1234C2000000,7F2E31,negative,0x7F,0x31,false,false,false,2026-07-10T12:43:16.232982+02:00,2955192046234,2955195099850,3.053616,true,true,263873592,263877679,4.087000,true,matched_request_response
run_2,20260711,763,after,763,unknown_did,0x2222,6,041FD7,2E2222041FD7,062E2222041FD700,7F2E31,negative,0x7F,0x31,false,false,false,2026-07-10T12:43:16.257391+02:00,2955216455113,2955219447128,2.992015,true,true,263897974,263902057,4.083000,true,matched_request_response
run_2,20260711,764,after,764,target_did_random_data,0x1234,4,6E,2E12346E,042E12346E000000,7F2E31,negative,0x7F,0x31,false,false,false,2026-07-10T12:43:16.281728+02:00,2955240792405,2955243843855,3.051450,true,true,263922282,263926367,4.085000,true,matched_request_response
run_2,20260711,765,after,765,unknown_did,0x2222,7,1BAB6D51,2E22221BAB6D51,072E22221BAB6D51,7F2E31,negative,0x7F,0x31,false,false,false,2026-07-10T12:43:16.306164+02:00,2955265227824,2955268273268,3.045444,true,true,263946677,263950752,4.075000,true,matched_request_response
run_2,20260711,766,after,766,read_only_did,0x1001,5,7505,2E10017505,052E100175050000,7F2E31,negative,0x7F,0x31,false,false,false,2026-07-10T12:43:16.330605+02:00,2955289669389,2955292728731,3.059342,true,true,263971114,263975208,4.094000,true,matched_request_response
run_2,20260711,767,after,767,target_did_random_data,0x1234,4,B3,2E1234B3,042E1234B3000000,7F2E31,negative,0x7F,0x31,false,false,false,2026-07-10T12:43:16.355110+02:00,2955314174160,2955317112258,2.938098,true,true,263995602,263999689,4.087000,true,matched_request_response
run_2,20260711,768,after,768,unknown_did,0xF187,4,42,2EF18742,042EF18742000000,7F2E31,negative,0x7F,0x31,false,false,false,2026-07-10T12:43:16.379441+02:00,2955338504607,2955341551728,3.047121,true,true,264019900,264023986,4.086000,true,matched_request_response
run_2,20260711,769,after,769,target_did_random_data,0x1234,6,44385C,2E123444385C,062E123444385C00,7F2E31,negative,0x7F,0x31,false,false,false,2026-07-10T12:43:16.403812+02:00,2955362876331,2955365976600,3.100269,true,true,264044228,264048304,4.076000,true,matched_request_response
run_2,20260711,770,after,770,target_did_random_data,0x1234,6,BBAEC4,2E1234BBAEC4,062E1234BBAEC400,7F2E31,negative,0x7F,0x31,false,false,false,2026-07-10T12:43:16.428312+02:00,2955387375725,2955390346159,2.970434,true,true,264068710,264072789,4.079000,true,matched_request_response
run_2,20260711,771,after,771,unknown_did,0x3333,5,C5DF,2E3333C5DF,052E3333C5DF0000,7F2E31,negative,0x7F,0x31,false,false,false,2026-07-10T12:43:16.452648+02:00,2955411712038,2955414882359,3.170321,true,true,264093055,264097138,4.083000,true,matched_request_response
run_2,20260711,772,after,772,target_did_random_data,0x1234,7,CC799542,2E1234CC799542,072E1234CC799542,7F2E31,negative,0x7F,0x31,false,false,false,2026-07-10T12:43:16.477486+02:00,2955436550373,2955439177187,2.626814,true,true,264117834,264121908,4.074000,true,matched_request_response
run_2,20260711,773,after,773,target_did_random_data,0x1234,5,7849,2E12347849,052E123478490000,7F2E31,negative,0x7F,0x31,false,false,false,2026-07-10T12:43:16.501488+02:00,2955460552565,2955463648085,3.095520,true,true,264141843,264145926,4.083000,true,matched_request_response
run_2,20260711,774,after,774,target_did_random_data,0x1234,5,29D3,2E123429D3,052E123429D30000,7F2E31,negative,0x7F,0x31,false,false,false,2026-07-10T12:43:16.526142+02:00,2955485206448,2955488044463,2.838015,true,true,264166460,264170540,4.080000,true,matched_request_response
run_2,20260711,775,after,775,unknown_did,0x3333,4,68,2E333368,042E333368000000,7F2E31,negative,0x7F,0x31,false,false,false,2026-07-10T12:43:16.550321+02:00,2955509384291,2955512418421,3.034130,true,true,264190611,264194698,4.087000,true,matched_request_response
run_2,20260711,776,after,776,target_did_random_data,0x1234,6,4C95B1,2E12344C95B1,062E12344C95B100,7F2E31,negative,0x7F,0x31,false,false,false,2026-07-10T12:43:16.574888+02:00,2955533952409,2955536848043,2.895634,true,true,264215156,264219235,4.079000,true,matched_request_response
run_2,20260711,777,after,777,target_did_random_data,0x1234,5,16C7,2E123416C7,052E123416C70000,7F2E31,negative,0x7F,0x31,false,false,false,2026-07-10T12:43:16.599146+02:00,2955558210012,2955561248890,3.038878,true,true,264239388,264243468,4.080000,true,matched_request_response
run_2,20260711,778,after,778,missing_data,0x1234,3,,2E1234,032E123400000000,7F2E31,negative,0x7F,0x31,false,false,false,2026-07-10T12:43:16.623549+02:00,2955582613722,2955585659166,3.045444,true,true,264263795,264267886,4.091000,true,matched_request_response
run_2,20260711,779,after,779,missing_data,0x1234,3,,2E1234,032E123400000000,7F2E31,negative,0x7F,0x31,false,false,false,2026-07-10T12:43:16.647932+02:00,2955606996760,2955610121335,3.124575,true,true,264288158,264292250,4.092000,true,matched_request_response
run_2,20260711,780,after,780,target_did_random_data,0x1234,7,C7B75BD3,2E1234C7B75BD3,072E1234C7B75BD3,7F2E31,negative,0x7F,0x31,false,false,false,2026-07-10T12:43:16.672460+02:00,2955631523951,2955634475668,2.951717,true,true,264312627,264316702,4.075000,true,matched_request_response
run_2,20260711,781,after,781,target_did_random_data,0x1234,4,64,2E123464,042E123464000000,7F2E31,negative,0x7F,0x31,false,false,false,2026-07-10T12:43:16.696793+02:00,2955655856284,2955658919956,3.063672,true,true,264336946,264341033,4.087000,true,matched_request_response
run_2,20260711,782,after,782,target_did_random_data,0x1234,4,25,2E123425,042E123425000000,7F2E31,negative,0x7F,0x31,false,false,false,2026-07-10T12:43:16.721216+02:00,2955680278852,2955683393998,3.115146,true,true,264361342,264365426,4.084000,true,matched_request_response
run_2,20260711,783,after,783,target_did_random_data,0x1234,7,CB36F3B4,2E1234CB36F3B4,072E1234CB36F3B4,7F2E31,negative,0x7F,0x31,false,false,false,2026-07-10T12:43:16.745692+02:00,2955704755826,2955707746934,2.991108,true,true,264385786,264389861,4.075000,true,matched_request_response
run_2,20260711,784,after,784,target_did_random_data,0x1234,4,98,2E123498,042E123498000000,7F2E31,negative,0x7F,0x31,false,false,false,2026-07-10T12:43:16.770055+02:00,2955729118610,2955732163705,3.045095,true,true,264410161,264414249,4.088000,true,matched_request_response
run_2,20260711,785,after,785,target_did_random_data,0x1234,5,48AE,2E123448AE,052E123448AE0000,7F2E31,negative,0x7F,0x31,false,false,false,2026-07-10T12:43:16.794429+02:00,2955753491870,2955756626991,3.135121,true,true,264434502,264438583,4.081000,true,matched_request_response
run_2,20260711,786,after,786,target_did_random_data,0x1234,5,726E,2E1234726E,052E1234726E0000,7F2E31,negative,0x7F,0x31,false,false,false,2026-07-10T12:43:16.819005+02:00,2955778069626,2955780995222,2.925596,true,true,264459047,264463130,4.083000,true,matched_request_response
run_2,20260711,787,after,787,target_did_random_data,0x1234,4,93,2E123493,042E123493000000,7F2E31,negative,0x7F,0x31,false,false,false,2026-07-10T12:43:16.843319+02:00,2955802382962,2955805374488,2.991526,true,true,264483342,264487426,4.084000,true,matched_request_response
run_2,20260711,788,after,788,target_did_random_data,0x1234,7,BEED96AA,2E1234BEED96AA,072E1234BEED96AA,7F2E31,negative,0x7F,0x31,false,false,false,2026-07-10T12:43:16.867723+02:00,2955826788139,2955830154925,3.366786,true,true,264507713,264511788,4.075000,true,matched_request_response
run_2,20260711,789,after,789,read_only_did,0x1001,4,2A,2E10012A,042E10012A000000,7F2E31,negative,0x7F,0x31,false,false,false,2026-07-10T12:43:16.892467+02:00,2955851531420,2955854220113,2.688693,true,true,264532457,264536546,4.089000,true,matched_request_response
run_2,20260711,790,after,790,target_did_random_data,0x1234,4,D3,2E1234D3,042E1234D3000000,7F2E31,negative,0x7F,0x31,false,false,false,2026-07-10T12:43:16.916573+02:00,2955875637396,2955878908987,3.271591,true,true,264556531,264560618,4.087000,true,matched_request_response
run_2,20260711,791,after,791,target_did_random_data,0x1234,4,F9,2E1234F9,042E1234F9000000,7F2E31,negative,0x7F,0x31,false,false,false,2026-07-10T12:43:16.941256+02:00,2955900320055,2955903053586,2.733531,true,true,264581208,264585292,4.084000,true,matched_request_response
run_2,20260711,792,after,792,target_did_random_data,0x1234,6,D2BA0B,2E1234D2BA0B,062E1234D2BA0B00,7F2E31,negative,0x7F,0x31,false,false,false,2026-07-10T12:43:16.965345+02:00,2955924408780,2955927527138,3.118358,true,true,264605253,264609334,4.081000,true,matched_request_response
run_2,20260711,793,after,793,unknown_did,0x3333,4,D2,2E3333D2,042E3333D2000000,7F2E31,negative,0x7F,0x31,false,false,false,2026-07-10T12:43:16.989818+02:00,2955948881424,2955951884824,3.003400,true,true,264629723,264633809,4.086000,true,matched_request_response
run_2,20260711,794,after,794,read_only_did,0x1001,6,385516,2E1001385516,062E100138551600,7F2E31,negative,0x7F,0x31,false,false,false,2026-07-10T12:43:17.014270+02:00,2955973334234,2955976301804,2.967570,true,true,264654149,264658233,4.084000,true,matched_request_response
run_2,20260711,795,after,795,target_did_random_data,0x1234,7,404F322E,2E1234404F322E,072E1234404F322E,7F2E31,negative,0x7F,0x31,false,false,false,2026-07-10T12:43:17.038621+02:00,2955997685284,2956000727934,3.042650,true,true,264678475,264682548,4.073000,true,matched_request_response
run_2,20260711,796,after,796,target_did_random_data,0x1234,4,E4,2E1234E4,042E1234E4000000,7F2E31,negative,0x7F,0x31,false,false,false,2026-07-10T12:43:17.063112+02:00,2956022175808,2956025175366,2.999558,true,true,264702949,264707036,4.087000,true,matched_request_response
run_2,20260711,797,after,797,unknown_did,0x2222,6,C53C28,2E2222C53C28,062E2222C53C2800,7F2E31,negative,0x7F,0x31,false,false,false,2026-07-10T12:43:17.087466+02:00,2956046529722,2956049551630,3.021908,true,true,264727272,264731348,4.076000,true,matched_request_response
run_2,20260711,798,after,798,target_did_random_data,0x1234,5,61AA,2E123461AA,052E123461AA0000,7F2E31,negative,0x7F,0x31,false,false,false,2026-07-10T12:43:17.111899+02:00,2956070963744,2956073953874,2.990130,true,true,264751703,264755786,4.083000,true,matched_request_response
run_2,20260711,799,after,799,target_did_random_data,0x1234,6,EAED1F,2E1234EAED1F,062E1234EAED1F00,7F2E31,negative,0x7F,0x31,false,false,false,2026-07-10T12:43:17.136241+02:00,2956095304668,2956098390340,3.085672,true,true,264776014,264780092,4.078000,true,matched_request_response
run_2,20260711,800,after,800,target_did_random_data,0x1234,7,D77AF041,2E1234D77AF041,072E1234D77AF041,7F2E31,negative,0x7F,0x31,false,false,false,2026-07-10T12:43:17.160762+02:00,2956119826760,2956122831347,3.004587,true,true,264800508,264804581,4.073000,true,matched_request_response
run_2,20260711,801,after,801,read_only_did,0x1001,5,37C4,2E100137C4,052E100137C40000,7F2E31,negative,0x7F,0x31,false,false,false,2026-07-10T12:43:17.185137+02:00,2956144200998,2956147224512,3.023514,true,true,264824876,264828963,4.087000,true,matched_request_response
run_2,20260711,802,after,802,target_did_random_data,0x1234,4,83,2E123483,042E123483000000,7F2E31,negative,0x7F,0x31,false,false,false,2026-07-10T12:43:17.209558+02:00,2956168622588,2956171643867,3.021279,true,true,264849284,264853368,4.084000,true,matched_request_response
run_2,20260711,803,after,803,target_did_random_data,0x1234,7,A266237C,2E1234A266237C,072E1234A266237C,7F2E31,negative,0x7F,0x31,false,false,false,2026-07-10T12:43:17.234014+02:00,2956193078750,2956196040594,2.961844,true,true,264873695,264877770,4.075000,true,matched_request_response
run_2,20260711,804,after,804,target_did_random_data,0x1234,4,15,2E123415,042E123415000000,7F2E31,negative,0x7F,0x31,false,false,false,2026-07-10T12:43:17.258357+02:00,2956217421210,2956220470496,3.049286,true,true,264898031,264902118,4.087000,true,matched_request_response
run_2,20260711,805,after,805,target_did_random_data,0x1234,4,10,2E123410,042E123410000000,7F2E31,negative,0x7F,0x31,false,false,false,2026-07-10T12:43:17.282799+02:00,2956241862147,2956244896067,3.033920,true,true,264922450,264926534,4.084000,true,matched_request_response
run_2,20260711,806,after,806,target_did_random_data,0x1234,6,78281F,2E123478281F,062E123478281F00,7F2E31,negative,0x7F,0x31,false,false,false,2026-07-10T12:43:17.307201+02:00,2956266265159,2956269282527,3.017368,true,true,264946830,264950909,4.079000,true,matched_request_response
run_2,20260711,807,after,807,target_did_random_data,0x1234,7,BD7D9840,2E1234BD7D9840,072E1234BD7D9840,7F2E31,negative,0x7F,0x31,false,false,false,2026-07-10T12:43:17.331565+02:00,2956290629480,2956293671641,3.042161,true,true,264971176,264975251,4.075000,true,matched_request_response
run_2,20260711,808,after,808,target_did_random_data,0x1234,7,D79BF2FD,2E1234D79BF2FD,072E1234D79BF2FD,7F2E31,negative,0x7F,0x31,false,false,false,2026-07-10T12:43:17.355972+02:00,2956315036822,2956318164191,3.127369,true,true,264995555,264999629,4.074000,true,matched_request_response
run_2,20260711,809,after,809,target_did_random_data,0x1234,4,0D,2E12340D,042E12340D000000,7F2E31,negative,0x7F,0x31,false,false,false,2026-07-10T12:43:17.380446+02:00,2956339508978,2956342542479,3.033501,true,true,265020014,265024105,4.091000,true,matched_request_response
run_2,20260711,810,after,810,target_did_random_data,0x1234,4,55,2E123455,042E123455000000,7F2E31,negative,0x7F,0x31,false,false,false,2026-07-10T12:43:17.404919+02:00,2956363983089,2956366953733,2.970644,true,true,265044482,265048567,4.085000,true,matched_request_response
run_2,20260711,811,after,811,target_did_random_data,0x1234,6,C9FC32,2E1234C9FC32,062E1234C9FC3200,7F2E31,negative,0x7F,0x31,false,false,false,2026-07-10T12:43:17.429267+02:00,2956388330997,2956391346269,3.015272,true,true,265068772,265072851,4.079000,true,matched_request_response
run_2,20260711,812,after,812,target_did_random_data,0x1234,4,53,2E123453,042E123453000000,7F2E31,negative,0x7F,0x31,false,false,false,2026-07-10T12:43:17.453631+02:00,2956412695876,2956415835327,3.139451,true,true,265093135,265097222,4.087000,true,matched_request_response
run_2,20260711,813,after,813,target_did_random_data,0x1234,7,F4D0EAF9,2E1234F4D0EAF9,072E1234F4D0EAF9,7F2E31,negative,0x7F,0x31,false,false,false,2026-07-10T12:43:17.478106+02:00,2956437170546,2956440175342,3.004796,true,true,265117572,265121646,4.074000,true,matched_request_response
run_2,20260711,814,after,814,target_did_random_data,0x1234,4,FB,2E1234FB,042E1234FB000000,7F2E31,negative,0x7F,0x31,false,false,false,2026-07-10T12:43:17.502464+02:00,2956461527882,2956464610691,3.082809,true,true,265141925,265146012,4.087000,true,matched_request_response
run_2,20260711,815,after,815,missing_data,0x1234,3,,2E1234,032E123400000000,7F2E31,negative,0x7F,0x31,false,false,false,2026-07-10T12:43:17.526989+02:00,2956486053886,2956489461738,3.407852,true,true,265166439,265170527,4.088000,true,matched_request_response
run_2,20260711,816,after,816,target_did_random_data,0x1234,4,59,2E123459,042E123459000000,7F2E31,negative,0x7F,0x31,false,false,false,2026-07-10T12:43:17.551771+02:00,2956510834742,2956513404285,2.569543,true,true,265191186,265195271,4.085000,true,matched_request_response
run_2,20260711,817,after,817,target_did_random_data,0x1234,4,87,2E123487,042E123487000000,7F2E31,negative,0x7F,0x31,false,false,false,2026-07-10T12:43:17.575724+02:00,2956534787974,2956537828180,3.040206,true,true,265215111,265219200,4.089000,true,matched_request_response
run_2,20260711,818,after,818,target_did_random_data,0x1234,5,EE46,2E1234EE46,052E1234EE460000,7F2E31,negative,0x7F,0x31,false,false,false,2026-07-10T12:43:17.600101+02:00,2956559164866,2956562272748,3.107882,true,true,265239460,265243540,4.080000,true,matched_request_response
run_2,20260711,819,after,819,read_only_did,0x1001,5,08D8,2E100108D8,052E100108D80000,7F2E31,negative,0x7F,0x31,false,false,false,2026-07-10T12:43:17.624589+02:00,2956583652806,2956586662491,3.009685,true,true,265263937,265268029,4.092000,true,matched_request_response
run_2,20260711,820,after,820,target_did_random_data,0x1234,5,46FF,2E123446FF,052E123446FF0000,7F2E31,negative,0x7F,0x31,false,false,false,2026-07-10T12:43:17.648985+02:00,2956608048764,2956611109364,3.060600,true,true,265288315,265292396,4.081000,true,matched_request_response
run_2,20260711,821,after,821,target_did_random_data,0x1234,7,3257C362,2E12343257C362,072E12343257C362,7F2E31,negative,0x7F,0x31,false,false,false,2026-07-10T12:43:17.673392+02:00,2956632455618,2956635484440,3.028822,true,true,265312689,265316764,4.075000,true,matched_request_response
run_2,20260711,822,after,822,target_did_random_data,0x1234,4,A7,2E1234A7,042E1234A7000000,7F2E31,negative,0x7F,0x31,false,false,false,2026-07-10T12:43:17.697810+02:00,2956656874555,2956659919370,3.044815,true,true,265337087,265341174,4.087000,true,matched_request_response
run_2,20260711,823,after,823,target_did_random_data,0x1234,4,8C,2E12348C,042E12348C000000,7F2E31,negative,0x7F,0x31,false,false,false,2026-07-10T12:43:17.722272+02:00,2956681334837,2956684391246,3.056409,true,true,265361527,265365613,4.086000,true,matched_request_response
run_2,20260711,824,after,824,target_did_random_data,0x1234,4,94,2E123494,042E123494000000,7F2E31,negative,0x7F,0x31,false,false,false,2026-07-10T12:43:17.746719+02:00,2956705783526,2956708713173,2.929647,true,true,265385959,265390046,4.087000,true,matched_request_response
run_2,20260711,825,after,825,target_did_random_data,0x1234,5,7CFA,2E12347CFA,052E12347CFA0000,7F2E31,negative,0x7F,0x31,false,false,false,2026-07-10T12:43:17.771099+02:00,2956730163212,2956733145239,2.982027,true,true,265410315,265414396,4.081000,true,matched_request_response
run_2,20260711,826,after,826,target_did_random_data,0x1234,6,530C69,2E1234530C69,062E1234530C6900,7F2E31,negative,0x7F,0x31,false,false,false,2026-07-10T12:43:17.795648+02:00,2956754712333,2956757633249,2.920916,true,true,265434824,265438907,4.083000,true,matched_request_response
run_2,20260711,827,after,827,target_did_random_data,0x1234,4,B8,2E1234B8,042E1234B8000000,7F2E31,negative,0x7F,0x31,false,false,false,2026-07-10T12:43:17.819991+02:00,2956779055840,2956781960134,2.904294,true,true,265459157,265463245,4.088000,true,matched_request_response
run_2,20260711,828,after,828,target_did_random_data,0x1234,4,FE,2E1234FE,042E1234FE000000,7F2E31,negative,0x7F,0x31,false,false,false,2026-07-10T12:43:17.844602+02:00,2956803666422,2956806390246,2.723824,true,true,265483752,265487838,4.086000,true,matched_request_response
run_2,20260711,829,after,829,unknown_did,0x3333,5,5A41,2E33335A41,052E33335A410000,7F2E31,negative,0x7F,0x31,false,false,false,2026-07-10T12:43:17.868689+02:00,2956827752703,2956830882166,3.129463,true,true,265507813,265511895,4.082000,true,matched_request_response
run_2,20260711,830,after,830,target_did_random_data,0x1234,4,6C,2E12346C,042E12346C000000,7F2E31,negative,0x7F,0x31,false,false,false,2026-07-10T12:43:17.893397+02:00,2956852460993,2956855242226,2.781233,true,true,265532486,265536571,4.085000,true,matched_request_response
run_2,20260711,831,after,831,target_did_random_data,0x1234,7,1F5F1308,2E12341F5F1308,072E12341F5F1308,7F2E31,negative,0x7F,0x31,false,false,false,2026-07-10T12:43:17.917540+02:00,2956876603846,2956879891291,3.287445,true,true,265556646,265560726,4.080000,true,matched_request_response
run_2,20260711,832,after,832,target_did_random_data,0x1234,7,8DBB6A37,2E12348DBB6A37,072E12348DBB6A37,7F2E31,negative,0x7F,0x31,false,false,false,2026-07-10T12:43:17.942243+02:00,2956901306758,2956904048391,2.741633,true,true,265581282,265585355,4.073000,true,matched_request_response
run_2,20260711,833,after,833,target_did_random_data,0x1234,5,0DAF,2E12340DAF,052E12340DAF0000,7F2E31,negative,0x7F,0x31,false,false,false,2026-07-10T12:43:17.966352+02:00,2956925416436,2956928539125,3.122689,true,true,265605395,265609480,4.085000,true,matched_request_response
run_2,20260711,834,after,834,target_did_random_data,0x1234,5,B1B4,2E1234B1B4,052E1234B1B40000,7F2E31,negative,0x7F,0x31,false,false,false,2026-07-10T12:43:17.990849+02:00,2956949913036,2956952882981,2.969945,true,true,265629869,265633952,4.083000,true,matched_request_response
run_2,20260711,835,after,835,target_did_random_data,0x1234,5,9F64,2E12349F64,052E12349F640000,7F2E31,negative,0x7F,0x31,false,false,false,2026-07-10T12:43:18.015201+02:00,2956974265065,2956977319239,3.054174,true,true,265654199,265658279,4.080000,true,matched_request_response
run_2,20260711,836,after,836,target_did_random_data,0x1234,5,0173,2E12340173,052E123401730000,7F2E31,negative,0x7F,0x31,false,false,false,2026-07-10T12:43:18.039624+02:00,2956998688471,2957001766042,3.077571,true,true,265678595,265682682,4.087000,true,matched_request_response
run_2,20260711,837,after,837,target_did_random_data,0x1234,6,0F5A94,2E12340F5A94,062E12340F5A9400,7F2E31,negative,0x7F,0x31,false,false,false,2026-07-10T12:43:18.064099+02:00,2957023164328,2957026111505,2.947177,true,true,265703045,265707128,4.083000,true,matched_request_response
run_2,20260711,838,after,838,target_did_random_data,0x1234,6,160A16,2E1234160A16,062E1234160A1600,7F2E31,negative,0x7F,0x31,false,false,false,2026-07-10T12:43:18.088438+02:00,2957047502388,2957050538474,3.036086,true,true,265727356,265731437,4.081000,true,matched_request_response
run_2,20260711,839,after,839,unknown_did,0x2222,4,8E,2E22228E,042E22228E000000,7F2E31,negative,0x7F,0x31,false,false,false,2026-07-10T12:43:18.112834+02:00,2957071896531,2957074913410,3.016879,true,true,265751731,265755818,4.087000,true,matched_request_response
run_2,20260711,840,after,840,target_did_random_data,0x1234,5,F2BA,2E1234F2BA,052E1234F2BA0000,7F2E31,negative,0x7F,0x31,false,false,false,2026-07-10T12:43:18.137193+02:00,2957096256312,2957099405680,3.149368,true,true,265776063,265780145,4.082000,true,matched_request_response
run_2,20260711,841,after,841,read_only_did,0x1001,6,2DA05F,2E10012DA05F,062E10012DA05F00,7F2E31,negative,0x7F,0x31,false,false,false,2026-07-10T12:43:18.161739+02:00,2957120802290,2957123868687,3.066397,true,true,265800605,265804688,4.083000,true,matched_request_response
run_2,20260711,842,after,842,target_did_random_data,0x1234,6,696E0F,2E1234696E0F,062E1234696E0F00,7F2E31,negative,0x7F,0x31,false,false,false,2026-07-10T12:43:18.186278+02:00,2957145341843,2957148211566,2.869723,true,true,265825112,265829198,4.086000,true,matched_request_response
run_2,20260711,843,after,843,target_did_random_data,0x1234,6,78E727,2E123478E727,062E123478E72700,7F2E31,negative,0x7F,0x31,false,false,false,2026-07-10T12:43:18.210468+02:00,2957169532118,2957172598934,3.066816,true,true,265849272,265853348,4.076000,true,matched_request_response
run_2,20260711,844,after,844,target_did_random_data,0x1234,4,60,2E123460,042E123460000000,7F2E31,negative,0x7F,0x31,false,false,false,2026-07-10T12:43:18.234939+02:00,2957194022014,2957197056982,3.034968,true,true,265873760,265877846,4.086000,true,matched_request_response
run_2,20260711,845,after,845,missing_data,0x1234,3,,2E1234,032E123400000000,7F2E31,negative,0x7F,0x31,false,false,false,2026-07-10T12:43:18.259360+02:00,2957218423630,2957221414248,2.990618,true,true,265898136,265902227,4.091000,true,matched_request_response
run_2,20260711,846,after,846,target_did_random_data,0x1234,6,06B091,2E123406B091,062E123406B09100,7F2E31,negative,0x7F,0x31,false,false,false,2026-07-10T12:43:18.283725+02:00,2957242788649,2957245860353,3.071704,true,true,265922464,265926545,4.081000,true,matched_request_response
run_2,20260711,847,after,847,target_did_random_data,0x1234,6,A93ABE,2E1234A93ABE,062E1234A93ABE00,7F2E31,negative,0x7F,0x31,false,false,false,2026-07-10T12:43:18.308214+02:00,2957267278544,2957270308693,3.030149,true,true,265946947,265951026,4.079000,true,matched_request_response
run_2,20260711,848,after,848,target_did_random_data,0x1234,6,EE2E12,2E1234EE2E12,062E1234EE2E1200,7F2E31,negative,0x7F,0x31,false,false,false,2026-07-10T12:43:18.332622+02:00,2957291686376,2957294700880,3.014504,true,true,265971324,265975401,4.077000,true,matched_request_response
run_2,20260711,849,after,849,target_did_random_data,0x1234,4,78,2E123478,042E123478000000,7F2E31,negative,0x7F,0x31,false,false,false,2026-07-10T12:43:18.357015+02:00,2957316079751,2957319115766,3.036015,true,true,265995688,265999775,4.087000,true,matched_request_response
run_2,20260711,850,after,850,read_only_did,0x1001,4,77,2E100177,042E100177000000,7F2E31,negative,0x7F,0x31,false,false,false,2026-07-10T12:43:18.381393+02:00,2957340457969,2957343502506,3.044537,true,true,266020059,266024150,4.091000,true,matched_request_response
run_2,20260711,851,after,851,target_did_random_data,0x1234,5,9654,2E12349654,052E123496540000,7F2E31,negative,0x7F,0x31,false,false,false,2026-07-10T12:43:18.406215+02:00,2957365280521,2957367947493,2.666972,true,true,266044846,266048928,4.082000,true,matched_request_response
run_2,20260711,852,after,852,target_did_random_data,0x1234,6,AFBFC7,2E1234AFBFC7,062E1234AFBFC700,7F2E31,negative,0x7F,0x31,false,false,false,2026-07-10T12:43:18.430341+02:00,2957389405703,2957392368804,2.963101,true,true,266068953,266073032,4.079000,true,matched_request_response
run_2,20260711,853,after,853,target_did_random_data,0x1234,5,F263,2E1234F263,052E1234F2630000,7F2E31,negative,0x7F,0x31,false,false,false,2026-07-10T12:43:18.454698+02:00,2957413761852,2957416793258,3.031406,true,true,266093279,266097360,4.081000,true,matched_request_response
run_2,20260711,854,after,854,unknown_did,0xF187,6,E02EAF,2EF187E02EAF,062EF187E02EAF00,7F2E31,negative,0x7F,0x31,false,false,false,2026-07-10T12:43:18.479105+02:00,2957438169614,2957441263249,3.093635,true,true,266117670,266121748,4.078000,true,matched_request_response
run_2,20260711,855,after,855,target_did_random_data,0x1234,6,734F69,2E1234734F69,062E1234734F6900,7F2E31,negative,0x7F,0x31,false,false,false,2026-07-10T12:43:18.503912+02:00,2957462976172,2957465591880,2.615708,true,true,266142451,266146528,4.077000,true,matched_request_response
run_2,20260711,856,after,856,target_did_random_data,0x1234,6,6F6849,2E12346F6849,062E12346F684900,7F2E31,negative,0x7F,0x31,false,false,false,2026-07-10T12:43:18.527880+02:00,2957486943932,2957489979947,3.036015,true,true,266166384,266170461,4.077000,true,matched_request_response
run_2,20260711,857,after,857,read_only_did,0x1001,4,D6,2E1001D6,042E1001D6000000,7F2E31,negative,0x7F,0x31,false,false,false,2026-07-10T12:43:18.552357+02:00,2957511421675,2957514404820,2.983145,true,true,266190866,266194958,4.092000,true,matched_request_response
run_2,20260711,858,after,858,target_did_random_data,0x1234,5,2F75,2E12342F75,052E12342F750000,7F2E31,negative,0x7F,0x31,false,false,false,2026-07-10T12:43:18.576741+02:00,2957535804224,2957539247975,3.443751,true,true,266215211,266219291,4.080000,true,matched_request_response
run_2,20260711,859,after,859,target_did_random_data,0x1234,5,46F2,2E123446F2,052E123446F20000,7F2E31,negative,0x7F,0x31,false,false,false,2026-07-10T12:43:18.601591+02:00,2957560654223,2957563226420,2.572197,true,true,266240029,266244112,4.083000,true,matched_request_response
run_2,20260711,860,after,860,target_did_random_data,0x1234,4,5E,2E12345E,042E12345E000000,7F2E31,negative,0x7F,0x31,false,false,false,2026-07-10T12:43:18.625602+02:00,2957584665703,2957587687541,3.021838,true,true,266264042,266268128,4.086000,true,matched_request_response
run_2,20260711,861,after,861,target_did_random_data,0x1234,5,C4C1,2E1234C4C1,052E1234C4C10000,7F2E31,negative,0x7F,0x31,false,false,false,2026-07-10T12:43:18.650204+02:00,2957609268673,2957612084617,2.815944,true,true,266288615,266292698,4.083000,true,matched_request_response
run_2,20260711,862,after,862,target_did_random_data,0x1234,6,C675AB,2E1234C675AB,062E1234C675AB00,7F2E31,negative,0x7F,0x31,false,false,false,2026-07-10T12:43:18.674465+02:00,2957633529139,2957636518081,2.988942,true,true,266312835,266316914,4.079000,true,matched_request_response
run_2,20260711,863,after,863,target_did_random_data,0x1234,6,4AB444,2E12344AB444,062E12344AB44400,7F2E31,negative,0x7F,0x31,false,false,false,2026-07-10T12:43:18.698802+02:00,2957657865941,2957660884147,3.018206,true,true,266337147,266341226,4.079000,true,matched_request_response
run_2,20260711,864,after,864,target_did_random_data,0x1234,4,94,2E123494,042E123494000000,7F2E31,negative,0x7F,0x31,false,false,false,2026-07-10T12:43:18.723225+02:00,2957682288649,2957685331998,3.043349,true,true,266361559,266365645,4.086000,true,matched_request_response
run_2,20260711,865,after,865,missing_data,0x1234,3,,2E1234,032E123400000000,7F2E31,negative,0x7F,0x31,false,false,false,2026-07-10T12:43:18.747810+02:00,2957706873669,2957709680883,2.807214,true,true,266386132,266390224,4.092000,true,matched_request_response
run_2,20260711,866,after,866,target_did_random_data,0x1234,6,A544BE,2E1234A544BE,062E1234A544BE00,7F2E31,negative,0x7F,0x31,false,false,false,2026-07-10T12:43:18.772000+02:00,2957731064992,2957734126779,3.061787,true,true,266410275,266414352,4.077000,true,matched_request_response
run_2,20260711,867,after,867,target_did_random_data,0x1234,4,BA,2E1234BA,042E1234BA000000,7F2E31,negative,0x7F,0x31,false,false,false,2026-07-10T12:43:18.796409+02:00,2957755473382,2957758581265,3.107883,true,true,266434678,266438765,4.087000,true,matched_request_response
run_2,20260711,868,after,868,target_did_random_data,0x1234,6,6A04C9,2E12346A04C9,062E12346A04C900,7F2E31,negative,0x7F,0x31,false,false,false,2026-07-10T12:43:18.820979+02:00,2957780043875,2957782942861,2.898986,true,true,266459215,266463296,4.081000,true,matched_request_response
run_2,20260711,869,after,869,target_did_random_data,0x1234,6,1D35A1,2E12341D35A1,062E12341D35A100,7F2E31,negative,0x7F,0x31,false,false,false,2026-07-10T12:43:18.845568+02:00,2957804632527,2957807381703,2.749176,true,true,266483786,266487865,4.079000,true,matched_request_response
run_2,20260711,870,after,870,unknown_did,0x2222,6,526873,2E2222526873,062E222252687300,7F2E31,negative,0x7F,0x31,false,false,false,2026-07-10T12:43:18.869708+02:00,2957828771957,2957831877675,3.105718,true,true,266507884,266511963,4.079000,true,matched_request_response
run_2,20260711,871,after,871,read_only_did,0x1001,6,4CC954,2E10014CC954,062E10014CC95400,7F2E31,negative,0x7F,0x31,false,false,false,2026-07-10T12:43:18.894358+02:00,2957853422070,2957856211824,2.789754,true,true,266532520,266536600,4.080000,true,matched_request_response
run_2,20260711,872,after,872,target_did_random_data,0x1234,4,44,2E123444,042E123444000000,7F2E31,negative,0x7F,0x31,false,false,false,2026-07-10T12:43:18.918518+02:00,2957877582453,2957880630551,3.048098,true,true,266556654,266560741,4.087000,true,matched_request_response
run_2,20260711,873,after,873,target_did_random_data,0x1234,7,AA6A11FD,2E1234AA6A11FD,072E1234AA6A11FD,7F2E31,negative,0x7F,0x31,false,false,false,2026-07-10T12:43:18.943008+02:00,2957902073186,2957905082383,3.009197,true,true,266581109,266585187,4.078000,true,matched_request_response
run_2,20260711,874,after,874,target_did_random_data,0x1234,5,7932,2E12347932,052E123479320000,7F2E31,negative,0x7F,0x31,false,false,false,2026-07-10T12:43:18.967361+02:00,2957926425075,2957929459693,3.034618,true,true,266605435,266609516,4.081000,true,matched_request_response
run_2,20260711,875,after,875,target_did_random_data,0x1234,7,898AE2AE,2E1234898AE2AE,072E1234898AE2AE,7F2E31,negative,0x7F,0x31,false,false,false,2026-07-10T12:43:18.991782+02:00,2957950845758,2957953907894,3.062136,true,true,266629820,266633895,4.075000,true,matched_request_response
run_2,20260711,876,after,876,target_did_random_data,0x1234,6,E8B7C2,2E1234E8B7C2,062E1234E8B7C200,7F2E31,negative,0x7F,0x31,false,false,false,2026-07-10T12:43:19.016233+02:00,2957975297101,2957978272424,2.975323,true,true,266654254,266658331,4.077000,true,matched_request_response
run_2,20260711,877,after,877,unknown_did,0xF187,6,2CACB1,2EF1872CACB1,062EF1872CACB100,7F2E31,negative,0x7F,0x31,false,false,false,2026-07-10T12:43:19.040584+02:00,2957999647732,2958002703233,3.055501,true,true,266678568,266682647,4.079000,true,matched_request_response
run_2,20260711,878,after,878,target_did_random_data,0x1234,7,4A6FC581,2E12344A6FC581,072E12344A6FC581,7F2E31,negative,0x7F,0x31,false,false,false,2026-07-10T12:43:19.065015+02:00,2958024080009,2958027132437,3.052428,true,true,266702993,266707067,4.074000,true,matched_request_response
run_2,20260711,879,after,879,target_did_random_data,0x1234,7,F6969A1B,2E1234F6969A1B,072E1234F6969A1B,7F2E31,negative,0x7F,0x31,false,false,false,2026-07-10T12:43:19.089461+02:00,2958048525415,2958051529164,3.003749,true,true,266727388,266731460,4.072000,true,matched_request_response
run_2,20260711,880,after,880,unknown_did,0x3333,6,E7316F,2E3333E7316F,062E3333E7316F00,7F2E31,negative,0x7F,0x31,false,false,false,2026-07-10T12:43:19.113807+02:00,2958072870460,2958075940627,3.070167,true,true,266751708,266755787,4.079000,true,matched_request_response
run_2,20260711,881,after,881,target_did_random_data,0x1234,6,747A9B,2E1234747A9B,062E1234747A9B00,7F2E31,negative,0x7F,0x31,false,false,false,2026-07-10T12:43:19.138261+02:00,2958097324946,2958100346294,3.021348,true,true,266776128,266780209,4.081000,true,matched_request_response
run_2,20260711,882,after,882,missing_data,0x1234,3,,2E1234,032E123400000000,7F2E31,negative,0x7F,0x31,false,false,false,2026-07-10T12:43:19.162643+02:00,2958121706587,2958124872787,3.166200,true,true,266800507,266804596,4.089000,true,matched_request_response
run_2,20260711,883,after,883,target_did_random_data,0x1234,5,F20C,2E1234F20C,052E1234F20C0000,7F2E31,negative,0x7F,0x31,false,false,false,2026-07-10T12:43:19.187263+02:00,2958146327994,2958149220765,2.892771,true,true,266825099,266829189,4.090000,true,matched_request_response
run_2,20260711,884,after,884,target_did_random_data,0x1234,4,89,2E123489,042E123489000000,7F2E31,negative,0x7F,0x31,false,false,false,2026-07-10T12:43:19.211514+02:00,2958170578264,2958173625174,3.046910,true,true,266849318,266853403,4.085000,true,matched_request_response
run_2,20260711,885,after,885,target_did_random_data,0x1234,5,9658,2E12349658,052E123496580000,7F2E31,negative,0x7F,0x31,false,false,false,2026-07-10T12:43:19.235991+02:00,2958195055867,2958198034403,2.978536,true,true,266873769,266877852,4.083000,true,matched_request_response
run_2,20260711,886,after,886,read_only_did,0x1001,6,09AB5A,2E100109AB5A,062E100109AB5A00,7F2E31,negative,0x7F,0x31,false,false,false,2026-07-10T12:43:19.260347+02:00,2958219411178,2958222443422,3.032244,true,true,266898102,266902192,4.090000,true,matched_request_response
run_2,20260711,887,after,887,target_did_random_data,0x1234,4,45,2E123445,042E123445000000,7F2E31,negative,0x7F,0x31,false,false,false,2026-07-10T12:43:19.284783+02:00,2958243846458,2958246842594,2.996136,true,true,266922524,266926611,4.087000,true,matched_request_response
run_2,20260711,888,after,888,target_did_random_data,0x1234,7,0FD2BC25,2E12340FD2BC25,072E12340FD2BC25,7F2E31,negative,0x7F,0x31,false,false,false,2026-07-10T12:43:19.309149+02:00,2958268212664,2958271257619,3.044955,true,true,266946850,266950929,4.079000,true,matched_request_response
run_2,20260711,889,after,889,target_did_random_data,0x1234,6,7E5495,2E12347E5495,062E12347E549500,7F2E31,negative,0x7F,0x31,false,false,false,2026-07-10T12:43:19.333648+02:00,2958292710871,2958295657489,2.946618,true,true,266971334,266975410,4.076000,true,matched_request_response
run_2,20260711,890,after,890,target_did_random_data,0x1234,6,1C0CF6,2E12341C0CF6,062E12341C0CF600,7F2E31,negative,0x7F,0x31,false,false,false,2026-07-10T12:43:19.357994+02:00,2958317058569,2958320076845,3.018276,true,true,266995653,266999736,4.083000,true,matched_request_response
run_2,20260711,891,after,891,target_did_random_data,0x1234,6,441BF6,2E1234441BF6,062E1234441BF600,7F2E31,negative,0x7F,0x31,false,false,false,2026-07-10T12:43:19.382372+02:00,2958341436579,2958344445914,3.009335,true,true,267019986,267024065,4.079000,true,matched_request_response
run_2,20260711,892,after,892,target_did_random_data,0x1234,5,D510,2E1234D510,052E1234D5100000,7F2E31,negative,0x7F,0x31,false,false,false,2026-07-10T12:43:19.406713+02:00,2958365775826,2958367943151,2.167325,true,true,267044295,267048376,4.081000,true,matched_request_response
run_2,20260711,893,after,893,target_did_random_data,0x1234,4,7F,2E12347F,042E12347F000000,7F2E31,negative,0x7F,0x31,false,false,false,2026-07-10T12:43:19.430291+02:00,2958389355196,2958392341275,2.986079,true,true,267067873,267071960,4.087000,true,matched_request_response
run_2,20260711,894,after,894,target_did_random_data,0x1234,7,3E03F7EE,2E12343E03F7EE,072E12343E03F7EE,7F2E31,negative,0x7F,0x31,false,false,false,2026-07-10T12:43:19.454643+02:00,2958413707295,2958416809520,3.102225,true,true,267092201,267096277,4.076000,true,matched_request_response
run_2,20260711,895,after,895,target_did_random_data,0x1234,7,AC4DD63F,2E1234AC4DD63F,072E1234AC4DD63F,7F2E31,negative,0x7F,0x31,false,false,false,2026-07-10T12:43:19.479110+02:00,2958438173724,2958441148558,2.974834,true,true,267116621,267120696,4.075000,true,matched_request_response
run_2,20260711,896,after,896,target_did_random_data,0x1234,5,8D33,2E12348D33,052E12348D330000,7F2E31,negative,0x7F,0x31,false,false,false,2026-07-10T12:43:19.503408+02:00,2958462471555,2958465609469,3.137914,true,true,267140895,267144978,4.083000,true,matched_request_response
run_2,20260711,897,after,897,missing_data,0x1234,3,,2E1234,032E123400000000,7F2E31,negative,0x7F,0x31,false,false,false,2026-07-10T12:43:19.527981+02:00,2958487044423,2958490084629,3.040206,true,true,267165456,267169544,4.088000,true,matched_request_response
run_2,20260711,898,after,898,target_did_random_data,0x1234,4,E7,2E1234E7,042E1234E7000000,7F2E31,negative,0x7F,0x31,false,false,false,2026-07-10T12:43:19.552439+02:00,2958511503099,2958514427019,2.923920,true,true,267189885,267193972,4.087000,true,matched_request_response
run_2,20260711,899,after,899,target_did_random_data,0x1234,4,F8,2E1234F8,042E1234F8000000,7F2E31,negative,0x7F,0x31,false,false,false,2026-07-10T12:43:19.576777+02:00,2958535841788,2958538878571,3.036783,true,true,267214213,267218297,4.084000,true,matched_request_response
run_2,20260711,900,after,900,target_did_random_data,0x1234,6,3DC0BE,2E12343DC0BE,062E12343DC0BE00,7F2E31,negative,0x7F,0x31,false,false,false,2026-07-10T12:43:19.601265+02:00,2958560328960,2958563224873,2.895913,true,true,267238663,267242742,4.079000,true,matched_request_response
run_2,20260711,901,after,901,target_did_random_data,0x1234,6,42AB24,2E123442AB24,062E123442AB2400,7F2E31,negative,0x7F,0x31,false,false,false,2026-07-10T12:43:19.625543+02:00,2958584606397,2958587685295,3.078898,true,true,267262948,267267026,4.078000,true,matched_request_response
run_2,20260711,902,after,902,target_did_random_data,0x1234,7,638D9AEA,2E1234638D9AEA,072E1234638D9AEA,7F2E31,negative,0x7F,0x31,false,false,false,2026-07-10T12:43:19.649980+02:00,2958609043772,2958612083699,3.039927,true,true,267287324,267291397,4.073000,true,matched_request_response
run_2,20260711,903,after,903,target_did_random_data,0x1234,5,6738,2E12346738,052E123467380000,7F2E31,negative,0x7F,0x31,false,false,false,2026-07-10T12:43:19.674429+02:00,2958633493788,2958636495232,3.001444,true,true,267311763,267315845,4.082000,true,matched_request_response
run_2,20260711,904,after,904,target_did_random_data,0x1234,4,F0,2E1234F0,042E1234F0000000,7F2E31,negative,0x7F,0x31,false,false,false,2026-07-10T12:43:19.698813+02:00,2958657877665,2958660926461,3.048796,true,true,267336129,267340219,4.090000,true,matched_request_response
run_2,20260711,905,after,905,read_only_did,0x1001,6,027689,2E1001027689,062E100102768900,7F2E31,negative,0x7F,0x31,false,false,false,2026-07-10T12:43:19.723232+02:00,2958682296112,2958685339531,3.043419,true,true,267360506,267364592,4.086000,true,matched_request_response
run_2,20260711,906,after,906,target_did_random_data,0x1234,5,DF2D,2E1234DF2D,052E1234DF2D0000,7F2E31,negative,0x7F,0x31,false,false,false,2026-07-10T12:43:19.747679+02:00,2958706742497,2958709729344,2.986847,true,true,267384932,267389015,4.083000,true,matched_request_response
run_2,20260711,907,after,907,target_did_random_data,0x1234,6,6D2B2E,2E12346D2B2E,062E12346D2B2E00,7F2E31,negative,0x7F,0x31,false,false,false,2026-07-10T12:43:19.772070+02:00,2958731133497,2958734176287,3.042790,true,true,267409285,267413362,4.077000,true,matched_request_response
run_2,20260711,908,after,908,target_did_random_data,0x1234,6,E64EC0,2E1234E64EC0,062E1234E64EC000,7F2E31,negative,0x7F,0x31,false,false,false,2026-07-10T12:43:19.796516+02:00,2958755580021,2958758583490,3.003469,true,true,267433700,267437779,4.079000,true,matched_request_response
run_2,20260711,909,after,909,target_did_random_data,0x1234,4,81,2E123481,042E123481000000,7F2E31,negative,0x7F,0x31,false,false,false,2026-07-10T12:43:19.820905+02:00,2958779968856,2958782961290,2.992434,true,true,267458097,267462187,4.090000,true,matched_request_response
run_2,20260711,910,after,910,read_only_did,0x1001,6,8F3E0B,2E10018F3E0B,062E10018F3E0B00,7F2E31,negative,0x7F,0x31,false,false,false,2026-07-10T12:43:19.845479+02:00,2958804543190,2958807413611,2.870421,true,true,267482626,267486714,4.088000,true,matched_request_response
run_2,20260711,911,after,911,target_did_random_data,0x1234,4,71,2E123471,042E123471000000,7F2E31,negative,0x7F,0x31,false,false,false,2026-07-10T12:43:19.869720+02:00,2958828784240,2958831884929,3.100689,true,true,267506846,267510932,4.086000,true,matched_request_response
run_2,20260711,912,after,912,target_did_random_data,0x1234,5,F31B,2E1234F31B,052E1234F31B0000,7F2E31,negative,0x7F,0x31,false,false,false,2026-07-10T12:43:19.894252+02:00,2958853317019,2958856219287,2.902268,true,true,267531332,267535413,4.081000,true,matched_request_response
run_2,20260711,913,after,913,target_did_random_data,0x1234,7,C8F8D3E8,2E1234C8F8D3E8,072E1234C8F8D3E8,7F2E31,negative,0x7F,0x31,false,false,false,2026-07-10T12:43:19.918640+02:00,2958877703968,2958880670002,2.966034,true,true,267555695,267559769,4.074000,true,matched_request_response
run_2,20260711,914,after,914,target_did_random_data,0x1234,4,AE,2E1234AE,042E1234AE000000,7F2E31,negative,0x7F,0x31,false,false,false,2026-07-10T12:43:19.943012+02:00,2958902076390,2958905081815,3.005425,true,true,267580059,267584145,4.086000,true,matched_request_response
run_2,20260711,915,after,915,read_only_did,0x1001,6,C0690E,2E1001C0690E,062E1001C0690E00,7F2E31,negative,0x7F,0x31,false,false,false,2026-07-10T12:43:19.967421+02:00,2958926485549,2958929470510,2.984961,true,true,267604436,267608521,4.085000,true,matched_request_response
run_2,20260711,916,after,916,target_did_random_data,0x1234,7,61F9CF75,2E123461F9CF75,072E123461F9CF75,7F2E31,negative,0x7F,0x31,false,false,false,2026-07-10T12:43:19.991771+02:00,2958950834225,2958953940780,3.106555,true,true,267628748,267632823,4.075000,true,matched_request_response
run_2,20260711,917,after,917,target_did_random_data,0x1234,4,D3,2E1234D3,042E1234D3000000,7F2E31,negative,0x7F,0x31,false,false,false,2026-07-10T12:43:20.016291+02:00,2958975354641,2958978295183,2.940542,true,true,267653261,267657346,4.085000,true,matched_request_response
run_2,20260711,918,after,918,target_did_random_data,0x1234,4,29,2E123429,042E123429000000,7F2E31,negative,0x7F,0x31,false,false,false,2026-07-10T12:43:20.040618+02:00,2958999682365,2959002703015,3.020650,true,true,267677555,267681641,4.086000,true,matched_request_response
run_2,20260711,919,after,919,target_did_random_data,0x1234,7,0E690ED6,2E12340E690ED6,072E12340E690ED6,7F2E31,negative,0x7F,0x31,false,false,false,2026-07-10T12:43:20.064981+02:00,2959024044521,2959027169025,3.124504,true,true,267701875,267705958,4.083000,true,matched_request_response
run_2,20260711,920,after,920,read_only_did,0x1001,6,730CE5,2E1001730CE5,062E1001730CE500,7F2E31,negative,0x7F,0x31,false,false,false,2026-07-10T12:43:20.089473+02:00,2959048537210,2959051537746,3.000536,true,true,267726357,267730442,4.085000,true,matched_request_response
run_2,20260711,921,after,921,target_did_random_data,0x1234,5,7AAE,2E12347AAE,052E12347AAE0000,7F2E31,negative,0x7F,0x31,false,false,false,2026-07-10T12:43:20.113869+02:00,2959072932960,2959075970931,3.037971,true,true,267750735,267754818,4.083000,true,matched_request_response
run_2,20260711,922,after,922,target_did_random_data,0x1234,7,B33360EF,2E1234B33360EF,072E1234B33360EF,7F2E31,negative,0x7F,0x31,false,false,false,2026-07-10T12:43:20.138306+02:00,2959097370125,2959100347264,2.977139,true,true,267775136,267779213,4.077000,true,matched_request_response
run_2,20260711,923,after,923,target_did_random_data,0x1234,6,C137CE,2E1234C137CE,062E1234C137CE00,7F2E31,negative,0x7F,0x31,false,false,false,2026-07-10T12:43:20.162654+02:00,2959121717823,2959124833877,3.116054,true,true,267799478,267803555,4.077000,true,matched_request_response
run_2,20260711,924,after,924,target_did_random_data,0x1234,5,148D,2E1234148D,052E1234148D0000,7F2E31,negative,0x7F,0x31,false,false,false,2026-07-10T12:43:20.187167+02:00,2959146231465,2959149216916,2.985451,true,true,267823957,267828040,4.083000,true,matched_request_response
run_2,20260711,925,after,925,missing_data,0x1234,3,,2E1234,032E123400000000,7F2E31,negative,0x7F,0x31,false,false,false,2026-07-10T12:43:20.211526+02:00,2959170590129,2959173584658,2.994529,true,true,267848299,267852388,4.089000,true,matched_request_response
run_2,20260711,926,after,926,target_did_random_data,0x1234,4,96,2E123496,042E123496000000,7F2E31,negative,0x7F,0x31,false,false,false,2026-07-10T12:43:20.235932+02:00,2959194995726,2959198049132,3.053406,true,true,267872703,267876790,4.087000,true,matched_request_response
run_2,20260711,927,after,927,missing_data,0x1234,3,,2E1234,032E123400000000,7F2E31,negative,0x7F,0x31,false,false,false,2026-07-10T12:43:20.260364+02:00,2959219428352,2959222428469,3.000117,true,true,267897085,267901176,4.091000,true,matched_request_response
run_2,20260711,928,after,928,target_did_random_data,0x1234,7,A9518A29,2E1234A9518A29,072E1234A9518A29,7F2E31,negative,0x7F,0x31,false,false,false,2026-07-10T12:43:20.284703+02:00,2959243767110,2959246843913,3.076803,true,true,267921365,267925438,4.073000,true,matched_request_response
run_2,20260711,929,after,929,target_did_random_data,0x1234,7,806A7AD3,2E1234806A7AD3,072E1234806A7AD3,7F2E31,negative,0x7F,0x31,false,false,false,2026-07-10T12:43:20.309130+02:00,2959268194428,2959271284291,3.089863,true,true,267945787,267949862,4.075000,true,matched_request_response
run_2,20260711,930,after,930,target_did_random_data,0x1234,4,83,2E123483,042E123483000000,7F2E31,negative,0x7F,0x31,false,false,false,2026-07-10T12:43:20.333569+02:00,2959292632921,2959295767552,3.134631,true,true,267970222,267974307,4.085000,true,matched_request_response
run_2,20260711,931,after,931,target_did_random_data,0x1234,7,B3A69B7E,2E1234B3A69B7E,072E1234B3A69B7E,7F2E31,negative,0x7F,0x31,false,false,false,2026-07-10T12:43:20.358148+02:00,2959317212284,2959320100933,2.888649,true,true,267994746,267998820,4.074000,true,matched_request_response
run_2,20260711,932,after,932,read_only_did,0x1001,4,98,2E100198,042E100198000000,7F2E31,negative,0x7F,0x31,false,false,false,2026-07-10T12:43:20.382436+02:00,2959341500407,2959344520778,3.020371,true,true,268019042,268023133,4.091000,true,matched_request_response
run_2,20260711,933,after,933,target_did_random_data,0x1234,7,6DD895AD,2E12346DD895AD,072E12346DD895AD,7F2E31,negative,0x7F,0x31,false,false,false,2026-07-10T12:43:20.406829+02:00,2959365893433,2959368917086,3.023653,true,true,268043373,268047446,4.073000,true,matched_request_response
run_2,20260711,934,after,934,target_did_random_data,0x1234,6,534A20,2E1234534A20,062E1234534A2000,7F2E31,negative,0x7F,0x31,false,false,false,2026-07-10T12:43:20.431264+02:00,2959390328154,2959393353972,3.025818,true,true,268067801,268071879,4.078000,true,matched_request_response
run_2,20260711,935,after,935,target_did_random_data,0x1234,5,064E,2E1234064E,052E1234064E0000,7F2E31,negative,0x7F,0x31,false,false,false,2026-07-10T12:43:20.455613+02:00,2959414676760,2959417792744,3.115984,true,true,268092129,268096219,4.090000,true,matched_request_response
run_2,20260711,936,after,936,target_did_random_data,0x1234,5,9EA2,2E12349EA2,052E12349EA20000,7F2E31,negative,0x7F,0x31,false,false,false,2026-07-10T12:43:20.480122+02:00,2959439185862,2959442199109,3.013247,true,true,268116619,268120702,4.083000,true,matched_request_response
run_2,20260711,937,after,937,target_did_random_data,0x1234,7,ED09181B,2E1234ED09181B,072E1234ED09181B,7F2E31,negative,0x7F,0x31,false,false,false,2026-07-10T12:43:20.504504+02:00,2959463567923,2959466606243,3.038320,true,true,268140974,268145053,4.079000,true,matched_request_response
run_2,20260711,938,after,938,target_did_random_data,0x1234,7,3F73D0E8,2E12343F73D0E8,072E12343F73D0E8,7F2E31,negative,0x7F,0x31,false,false,false,2026-07-10T12:43:20.528995+02:00,2959488058796,2959491053186,2.994390,true,true,268165430,268169503,4.073000,true,matched_request_response
run_2,20260711,939,after,939,target_did_random_data,0x1234,6,6F56E2,2E12346F56E2,062E12346F56E200,7F2E31,negative,0x7F,0x31,false,false,false,2026-07-10T12:43:20.553556+02:00,2959512620070,2959515412478,2.792408,true,true,268189993,268194071,4.078000,true,matched_request_response
run_2,20260711,940,after,940,unknown_did,0xF187,4,4C,2EF1874C,042EF1874C000000,7F2E31,negative,0x7F,0x31,false,false,false,2026-07-10T12:43:20.577718+02:00,2959536782479,2959539888475,3.105996,true,true,268214130,268218219,4.089000,true,matched_request_response
run_2,20260711,941,after,941,target_did_random_data,0x1234,4,2F,2E12342F,042E12342F000000,7F2E31,negative,0x7F,0x31,false,false,false,2026-07-10T12:43:20.602147+02:00,2959561211054,2959564281291,3.070237,true,true,268238535,268242621,4.086000,true,matched_request_response
run_2,20260711,942,after,942,target_did_random_data,0x1234,7,F4B7351B,2E1234F4B7351B,072E1234F4B7351B,7F2E31,negative,0x7F,0x31,false,false,false,2026-07-10T12:43:20.626641+02:00,2959585704791,2959588681581,2.976790,true,true,268262984,268267059,4.075000,true,matched_request_response
run_2,20260711,943,after,943,target_did_random_data,0x1234,7,E265B575,2E1234E265B575,072E1234E265B575,7F2E31,negative,0x7F,0x31,false,false,false,2026-07-10T12:43:20.651021+02:00,2959610085454,2959613117559,3.032105,true,true,268287357,268291429,4.072000,true,matched_request_response
run_2,20260711,944,after,944,unknown_did,0x3333,5,B0AC,2E3333B0AC,052E3333B0AC0000,7F2E31,negative,0x7F,0x31,false,false,false,2026-07-10T12:43:20.675438+02:00,2959634501877,2959637533911,3.032034,true,true,268311761,268315844,4.083000,true,matched_request_response
run_2,20260711,945,after,945,target_did_random_data,0x1234,4,AC,2E1234AC,042E1234AC000000,7F2E31,negative,0x7F,0x31,false,false,false,2026-07-10T12:43:20.700073+02:00,2959659136834,2959661913597,2.776763,true,true,268336372,268340457,4.085000,true,matched_request_response
run_2,20260711,946,after,946,target_did_random_data,0x1234,5,4FA5,2E12344FA5,052E12344FA50000,7F2E31,negative,0x7F,0x31,false,false,false,2026-07-10T12:43:20.724250+02:00,2959683313630,2959686339658,3.026028,true,true,268360519,268364600,4.081000,true,matched_request_response
run_2,20260711,947,after,947,read_only_did,0x1001,4,30,2E100130,042E100130000000,7F2E31,negative,0x7F,0x31,false,false,false,2026-07-10T12:43:20.748654+02:00,2959707716922,2959710956596,3.239674,true,true,268384901,268388992,4.091000,true,matched_request_response
run_2,20260711,948,after,948,unknown_did,0x2222,7,8D4D0070,2E22228D4D0070,072E22228D4D0070,7F2E31,negative,0x7F,0x31,false,false,false,2026-07-10T12:43:20.773549+02:00,2959732613017,2959735231728,2.618711,true,true,268409785,268413864,4.079000,true,matched_request_response
run_2,20260711,949,after,949,target_did_random_data,0x1234,6,6BC861,2E12346BC861,062E12346BC86100,7F2E31,negative,0x7F,0x31,false,false,false,2026-07-10T12:43:20.797613+02:00,2959756676949,2959759564341,2.887392,true,true,268433788,2410,-268431.378000,true,matched_request_response
run_2,20260711,950,after,950,read_only_did,0x1001,6,53DC23,2E100153DC23,062E100153DC2300,7F2E31,negative,0x7F,0x31,false,false,false,2026-07-10T12:43:20.821887+02:00,2959780952151,2959784038662,3.086511,true,true,22601,26699,4.098000,true,matched_request_response
run_2,20260711,951,after,951,target_did_random_data,0x1234,7,52A608AF,2E123452A608AF,072E123452A608AF,7F2E31,negative,0x7F,0x31,false,false,false,2026-07-10T12:43:20.846369+02:00,2959805433596,2959808393135,2.959539,true,true,47054,51146,4.092000,true,matched_request_response
run_2,20260711,952,after,952,target_did_random_data,0x1234,5,4757,2E12344757,052E123447570000,7F2E31,negative,0x7F,0x31,false,false,false,2026-07-10T12:43:20.870706+02:00,2959829770399,2959832910758,3.140359,true,true,71366,75464,4.098000,true,matched_request_response
run_2,20260711,953,after,953,target_did_random_data,0x1234,6,767BE8,2E1234767BE8,062E1234767BE800,7F2E31,negative,0x7F,0x31,false,false,false,2026-07-10T12:43:20.895265+02:00,2959854328880,2959857190710,2.861830,true,true,95901,99993,4.092000,true,matched_request_response
run_2,20260711,954,after,954,unknown_did,0xF187,6,DAA933,2EF187DAA933,062EF187DAA93300,7F2E31,negative,0x7F,0x31,false,false,false,2026-07-10T12:43:20.919522+02:00,2959878585993,2959881633393,3.047400,true,true,120138,124228,4.090000,true,matched_request_response
run_2,20260711,955,after,955,missing_data,0x1234,3,,2E1234,032E123400000000,7F2E31,negative,0x7F,0x31,false,false,false,2026-07-10T12:43:20.944021+02:00,2959903085667,2959906088997,3.003330,true,true,144619,148720,4.101000,true,matched_request_response
run_2,20260711,956,after,956,target_did_random_data,0x1234,7,8C2CFB50,2E12348C2CFB50,072E12348C2CFB50,7F2E31,negative,0x7F,0x31,false,false,false,2026-07-10T12:43:20.968684+02:00,2959927748351,2959930517432,2.769081,true,true,169240,173326,4.086000,true,matched_request_response
run_2,20260711,957,after,957,unknown_did,0x2222,5,C768,2E2222C768,052E2222C7680000,7F2E31,negative,0x7F,0x31,false,false,false,2026-07-10T12:43:20.992917+02:00,2959951982278,2959954873232,2.890954,true,true,193503,197597,4.094000,true,matched_request_response
run_2,20260711,958,after,958,unknown_did,0xF187,4,44,2EF18744,042EF18744000000,7F2E31,negative,0x7F,0x31,false,false,false,2026-07-10T12:43:21.017192+02:00,2959976255944,2959979343014,3.087070,true,true,217717,221816,4.099000,true,matched_request_response
run_2,20260711,959,after,959,missing_data,0x1234,3,,2E1234,032E123400000000,7F2E31,negative,0x7F,0x31,false,false,false,2026-07-10T12:43:21.041664+02:00,2960000727332,2960003740160,3.012828,true,true,242170,246272,4.102000,true,matched_request_response
run_2,20260711,960,after,960,target_did_random_data,0x1234,7,6F288282,2E12346F288282,072E12346F288282,7F2E31,negative,0x7F,0x31,false,false,false,2026-07-10T12:43:21.066076+02:00,2960025140402,2960028094982,2.954580,true,true,266539,270625,4.086000,true,matched_request_response
run_2,20260711,961,after,961,target_did_random_data,0x1234,5,CDEA,2E1234CDEA,052E1234CDEA0000,7F2E31,negative,0x7F,0x31,false,false,false,2026-07-10T12:43:21.090393+02:00,2960049456253,2960052528376,3.072123,true,true,290850,294941,4.091000,true,matched_request_response
run_2,20260711,962,after,962,target_did_random_data,0x1234,5,B680,2E1234B680,052E1234B6800000,7F2E31,negative,0x7F,0x31,false,false,false,2026-07-10T12:43:21.114841+02:00,2960073905641,2960076968126,3.062485,true,true,315274,319368,4.094000,true,matched_request_response
run_2,20260711,963,after,963,target_did_random_data,0x1234,7,3D0A5126,2E12343D0A5126,072E12343D0A5126,7F2E31,negative,0x7F,0x31,false,false,false,2026-07-10T12:43:21.139279+02:00,2960098343993,2960101396561,3.052568,true,true,339669,343762,4.093000,true,matched_request_response
run_2,20260711,964,after,964,missing_data,0x1234,3,,2E1234,032E123400000000,7F2E31,negative,0x7F,0x31,false,false,false,2026-07-10T12:43:21.163691+02:00,2960122755108,2960125786863,3.031755,true,true,364077,368179,4.102000,true,matched_request_response
run_2,20260711,965,after,965,target_did_random_data,0x1234,6,7C2E01,2E12347C2E01,062E12347C2E0100,7F2E31,negative,0x7F,0x31,false,false,false,2026-07-10T12:43:21.188136+02:00,2960147200026,2960150229965,3.029939,true,true,388502,392596,4.094000,true,matched_request_response
run_2,20260711,966,after,966,target_did_random_data,0x1234,4,D3,2E1234D3,042E1234D3000000,7F2E31,negative,0x7F,0x31,false,false,false,2026-07-10T12:43:21.212750+02:00,2960171814450,2960174638566,2.824116,true,true,413085,417183,4.098000,true,matched_request_response
run_2,20260711,967,after,967,target_did_random_data,0x1234,6,2AFF95,2E12342AFF95,062E12342AFF9500,7F2E31,negative,0x7F,0x31,false,false,false,2026-07-10T12:43:21.236934+02:00,2960195997951,2960199042068,3.044117,true,true,437275,441365,4.090000,true,matched_request_response
run_2,20260711,968,after,968,target_did_random_data,0x1234,6,2664A3,2E12342664A3,062E12342664A300,7F2E31,negative,0x7F,0x31,false,false,false,2026-07-10T12:43:21.261345+02:00,2960220408856,2960223475043,3.066187,true,true,461621,465711,4.090000,true,matched_request_response
run_2,20260711,969,after,969,missing_data,0x1234,3,,2E1234,032E123400000000,7F2E31,negative,0x7F,0x31,false,false,false,2026-07-10T12:43:21.285788+02:00,2960244852796,2960247854589,3.001793,true,true,486058,490160,4.102000,true,matched_request_response
run_2,20260711,970,after,970,target_did_random_data,0x1234,6,6459B0,2E12346459B0,062E12346459B000,7F2E31,negative,0x7F,0x31,false,false,false,2026-07-10T12:43:21.310242+02:00,2960269306584,2960272284700,2.978116,true,true,510472,514562,4.090000,true,matched_request_response
run_2,20260711,971,after,971,unknown_did,0x3333,6,8367FD,2E33338367FD,062E33338367FD00,7F2E31,negative,0x7F,0x31,false,false,false,2026-07-10T12:43:21.334643+02:00,2960293706873,2960296667459,2.960586,true,true,534854,538941,4.087000,true,matched_request_response
run_2,20260711,972,after,972,target_did_random_data,0x1234,6,C4BD09,2E1234C4BD09,062E1234C4BD0900,7F2E31,negative,0x7F,0x31,false,false,false,2026-07-10T12:43:21.359181+02:00,2960318246217,2960321100085,2.853868,true,true,559353,563447,4.094000,true,matched_request_response
run_2,20260711,973,after,973,target_did_random_data,0x1234,5,C650,2E1234C650,052E1234C6500000,7F2E31,negative,0x7F,0x31,false,false,false,2026-07-10T12:43:21.383406+02:00,2960342470575,2960345517486,3.046911,true,true,583562,587656,4.094000,true,matched_request_response
run_2,20260711,974,after,974,target_did_random_data,0x1234,5,A5DE,2E1234A5DE,052E1234A5DE0000,7F2E31,negative,0x7F,0x31,false,false,false,2026-07-10T12:43:21.407921+02:00,2960366986033,2960369918543,2.932510,true,true,608072,612166,4.094000,true,matched_request_response
run_2,20260711,975,after,975,target_did_random_data,0x1234,4,B1,2E1234B1,042E1234B1000000,7F2E31,negative,0x7F,0x31,false,false,false,2026-07-10T12:43:21.432207+02:00,2960391270804,2960394280000,3.009196,true,true,632310,636408,4.098000,true,matched_request_response
run_2,20260711,976,after,976,target_did_random_data,0x1234,4,09,2E123409,042E123409000000,7F2E31,negative,0x7F,0x31,false,false,false,2026-07-10T12:43:21.456576+02:00,2960415640084,2960418777998,3.137914,true,true,656669,660772,4.103000,true,matched_request_response
run_2,20260711,977,after,977,target_did_random_data,0x1234,6,59DFDC,2E123459DFDC,062E123459DFDC00,7F2E31,negative,0x7F,0x31,false,false,false,2026-07-10T12:43:21.481218+02:00,2960440283212,2960443140573,2.857361,true,true,681291,685381,4.090000,true,matched_request_response
run_2,20260711,978,after,978,target_did_random_data,0x1234,6,05B34D,2E123405B34D,062E123405B34D00,7F2E31,negative,0x7F,0x31,false,false,false,2026-07-10T12:43:21.505483+02:00,2960464546472,2960467590869,3.044397,true,true,705513,709607,4.094000,true,matched_request_response
run_2,20260711,979,after,979,target_did_random_data,0x1234,4,CF,2E1234CF,042E1234CF000000,7F2E31,negative,0x7F,0x31,false,false,false,2026-07-10T12:43:21.529991+02:00,2960489056971,2960492031736,2.974765,true,true,730023,734119,4.096000,true,matched_request_response
run_2,20260711,980,after,980,target_did_random_data,0x1234,4,41,2E123441,042E123441000000,7F2E31,negative,0x7F,0x31,false,false,false,2026-07-10T12:43:21.554332+02:00,2960513397127,2960516408558,3.011431,true,true,754336,758434,4.098000,true,matched_request_response
run_2,20260711,981,after,981,target_did_random_data,0x1234,7,8A55BD84,2E12348A55BD84,072E12348A55BD84,7F2E31,negative,0x7F,0x31,false,false,false,2026-07-10T12:43:21.578801+02:00,2960537865442,2960540846562,2.981120,true,true,778748,782832,4.084000,true,matched_request_response
run_2,20260711,982,after,982,target_did_random_data,0x1234,4,FD,2E1234FD,042E1234FD000000,7F2E31,negative,0x7F,0x31,false,false,false,2026-07-10T12:43:21.603156+02:00,2960562218728,2960565218565,2.999837,true,true,803103,807201,4.098000,true,matched_request_response
run_2,20260711,983,after,983,target_did_random_data,0x1234,7,596B9A8B,2E1234596B9A8B,072E1234596B9A8B,7F2E31,negative,0x7F,0x31,false,false,false,2026-07-10T12:43:21.627532+02:00,2960586596528,2960589648677,3.052149,true,true,827485,831571,4.086000,true,matched_request_response
run_2,20260711,984,after,984,target_did_random_data,0x1234,7,42292F09,2E123442292F09,072E123442292F09,7F2E31,negative,0x7F,0x31,false,false,false,2026-07-10T12:43:21.651982+02:00,2960611046405,2960614148979,3.102574,true,true,851846,855935,4.089000,true,matched_request_response
run_2,20260711,985,after,985,target_did_random_data,0x1234,6,3678BE,2E12343678BE,062E12343678BE00,7F2E31,negative,0x7F,0x31,false,false,false,2026-07-10T12:43:21.676497+02:00,2960635561374,2960638476563,2.915189,true,true,876357,880447,4.090000,true,matched_request_response
run_2,20260711,986,after,986,target_did_random_data,0x1234,6,93A80C,2E123493A80C,062E123493A80C00,7F2E31,negative,0x7F,0x31,false,false,false,2026-07-10T12:43:21.700766+02:00,2960659829732,2960662912751,3.083019,true,true,900591,904686,4.095000,true,matched_request_response
run_2,20260711,987,after,987,target_did_random_data,0x1234,4,16,2E123416,042E123416000000,7F2E31,negative,0x7F,0x31,false,false,false,2026-07-10T12:43:21.725270+02:00,2960684334923,2960687299980,2.965057,true,true,925094,929192,4.098000,true,matched_request_response
run_2,20260711,988,after,988,target_did_random_data,0x1234,5,9A3D,2E12349A3D,052E12349A3D0000,7F2E31,negative,0x7F,0x31,false,false,false,2026-07-10T12:43:21.749600+02:00,2960708664044,2960711781914,3.117870,true,true,949398,953492,4.094000,true,matched_request_response
run_2,20260711,989,after,989,target_did_random_data,0x1234,4,53,2E123453,042E123453000000,7F2E31,negative,0x7F,0x31,false,false,false,2026-07-10T12:43:21.774298+02:00,2960733362278,2960736197917,2.835639,true,true,974082,978180,4.098000,true,matched_request_response
run_2,20260711,990,after,990,target_did_random_data,0x1234,4,69,2E123469,042E123469000000,7F2E31,negative,0x7F,0x31,false,false,false,2026-07-10T12:43:21.798544+02:00,2960757608287,2960760599184,2.990897,true,true,998335,1002433,4.098000,true,matched_request_response
run_2,20260711,991,after,991,target_did_random_data,0x1234,7,A6C6915C,2E1234A6C6915C,072E1234A6C6915C,7F2E31,negative,0x7F,0x31,false,false,false,2026-07-10T12:43:21.823218+02:00,2960782283822,2960784962038,2.678216,true,true,1022924,1027003,4.079000,true,matched_request_response
run_2,20260711,992,after,992,target_did_random_data,0x1234,7,E2A39CAC,2E1234E2A39CAC,072E1234E2A39CAC,7F2E31,negative,0x7F,0x31,false,false,false,2026-07-10T12:43:21.847321+02:00,2960806384770,2960809371267,2.986497,true,true,1047005,1051085,4.080000,true,matched_request_response
run_2,20260711,993,after,993,target_did_random_data,0x1234,5,63F3,2E123463F3,052E123463F30000,7F2E31,negative,0x7F,0x31,false,false,false,2026-07-10T12:43:21.871961+02:00,2960831026222,2960833855506,2.829284,true,true,1071641,1075734,4.093000,true,matched_request_response
run_2,20260711,994,after,994,target_did_random_data,0x1234,4,81,2E123481,042E123481000000,7F2E31,negative,0x7F,0x31,false,false,false,2026-07-10T12:43:21.896171+02:00,2960855234656,2960858298539,3.063883,true,true,1095832,1099924,4.092000,true,matched_request_response
run_2,20260711,995,after,995,read_only_did,0x1001,4,CD,2E1001CD,042E1001CD000000,7F2E31,negative,0x7F,0x31,false,false,false,2026-07-10T12:43:21.920619+02:00,2960879682019,2960882599094,2.917075,true,true,1120258,1124356,4.098000,true,matched_request_response
run_2,20260711,996,after,996,target_did_random_data,0x1234,6,08C39C,2E123408C39C,062E123408C39C00,7F2E31,negative,0x7F,0x31,false,false,false,2026-07-10T12:43:21.944975+02:00,2960904040543,2960907020336,2.979793,true,true,1144586,1148676,4.090000,true,matched_request_response
run_2,20260711,997,after,997,target_did_random_data,0x1234,6,141AB7,2E1234141AB7,062E1234141AB700,7F2E31,negative,0x7F,0x31,false,false,false,2026-07-10T12:43:21.969454+02:00,2960928518705,2960931433895,2.915190,true,true,1169041,1173125,4.084000,true,matched_request_response
run_2,20260711,998,after,998,target_did_random_data,0x1234,6,35B2BE,2E123435B2BE,062E123435B2BE00,7F2E31,negative,0x7F,0x31,false,false,false,2026-07-10T12:43:21.993735+02:00,2960952799216,2960955867638,3.068422,true,true,1193298,1197384,4.086000,true,matched_request_response
run_2,20260711,999,after,999,target_did_random_data,0x1234,6,4E2E61,2E12344E2E61,062E12344E2E6100,7F2E31,negative,0x7F,0x31,false,false,false,2026-07-10T12:43:22.018252+02:00,2960977317049,2960980304594,2.987545,true,true,1217779,1221863,4.084000,true,matched_request_response
run_2,20260711,1000,after,1000,unknown_did,0x3333,6,47D111,2E333347D111,062E333347D11100,7F2E31,negative,0x7F,0x31,false,false,false,2026-07-10T12:43:22.042629+02:00,2961001692963,2961004695106,3.002143,true,true,1242135,1246221,4.086000,true,matched_request_response
