trial,step,before_latency_ms,after_latency_ms,delta_after_minus_before_ms
21,enter_extended_session,2.861012,2.692347,-0.168665
21,read_target_after,2.855426,2.899632,0.044206
21,read_target_before,2.980021,3.135065,0.155044
21,request_security_seed,2.655821,3.024367,0.368546
21,send_security_key,3.071651,3.243596,0.171945
21,session_reset,3.224253,2.768193,-0.456060
21,write_target,2.906618,2.773222,-0.133396
22,enter_extended_session,3.304639,3.228232,-0.076407
22,read_target_after,3.330898,3.236263,-0.094635
22,read_target_before,2.796340,2.830072,0.033732
22,request_security_seed,3.037918,2.770917,-0.267001
22,send_security_key,2.826372,3.148264,0.321892
22,session_reset,2.621110,2.865411,0.244301
22,write_target,2.807933,3.084919,0.276986
23,enter_extended_session,2.845787,2.856402,0.010615
23,read_target_after,3.084781,2.836777,-0.248004
23,read_target_before,3.318606,2.940629,-0.377977
23,request_security_seed,2.900891,2.922191,0.021300
23,send_security_key,2.983303,3.208817,0.225514
23,session_reset,2.897120,2.718606,-0.178514
23,write_target,2.891323,2.958578,0.067255
24,enter_extended_session,3.360511,3.056773,-0.303738
24,read_target_after,3.070115,3.183953,0.113838
24,read_target_before,2.965215,3.050557,0.085342
24,request_security_seed,2.877914,2.699610,-0.178304
24,send_security_key,3.065784,2.839570,-0.226214
24,session_reset,2.717839,3.086735,0.368896
24,write_target,3.288784,3.046716,-0.242068
25,enter_extended_session,3.001392,2.764212,-0.237180
25,read_target_after,3.066902,3.203229,0.136327
25,read_target_before,2.763166,2.877493,0.114327
25,request_security_seed,2.902218,3.415264,0.513046
25,send_security_key,3.254982,2.893556,-0.361426
25,session_reset,2.814499,2.905150,0.090651
25,write_target,3.147428,3.005999,-0.141429
26,enter_extended_session,3.296607,3.154061,-0.142546
26,read_target_after,2.995874,2.897258,-0.098616
26,read_target_before,2.820156,3.229000,0.408844
26,request_security_seed,2.928548,2.627186,-0.301362
26,send_security_key,2.990496,3.049929,0.059433
26,session_reset,2.965215,2.975130,0.009915
26,write_target,3.316442,3.072557,-0.243885
27,enter_extended_session,3.108457,3.089878,-0.018579
27,read_target_after,3.046368,2.855074,-0.191294
27,read_target_before,3.216290,2.815545,-0.400745
27,request_security_seed,2.756112,3.216289,0.460177
27,send_security_key,2.985747,3.110341,0.124594
27,session_reset,2.764563,2.888040,0.123477
27,write_target,2.708342,2.932667,0.224325
28,enter_extended_session,3.104546,3.044691,-0.059855
28,read_target_after,3.031493,2.833563,-0.197930
28,read_target_before,2.886434,3.281660,0.395226
28,request_security_seed,3.045880,2.912693,-0.133187
28,send_security_key,3.053633,2.876865,-0.176768
28,session_reset,2.856333,3.161814,0.305481
28,write_target,3.248417,3.059428,-0.188989
29,enter_extended_session,2.833495,2.891601,0.058106
29,read_target_after,2.917444,3.196524,0.279080
29,read_target_before,3.002020,2.814218,-0.187802
29,request_security_seed,3.259591,3.236054,-0.023537
29,send_security_key,2.902637,3.047066,0.144429
29,session_reset,2.706456,2.688226,-0.018230
29,write_target,2.696538,3.097002,0.400464
30,enter_extended_session,3.054121,2.855004,-0.199117
30,read_target_after,2.983862,2.649604,-0.334258
30,read_target_before,2.881965,3.219921,0.337956
30,request_security_seed,2.854936,2.853538,-0.001398
30,send_security_key,2.828467,2.731666,-0.096801
30,session_reset,3.063969,2.996711,-0.067258
30,write_target,3.014242,3.062012,0.047770
31,enter_extended_session,2.881057,3.368820,0.487763
31,read_target_after,2.833146,2.988819,0.155673
31,read_target_before,2.831679,3.021504,0.189825
31,request_security_seed,2.922053,2.833494,-0.088559
31,send_security_key,3.129828,2.881683,-0.248145
31,session_reset,3.043016,2.716581,-0.326435
31,write_target,2.951526,2.896001,-0.055525
32,enter_extended_session,2.929665,3.164676,0.235011
32,read_target_after,2.940142,2.973733,0.033591
32,read_target_before,3.190100,3.192403,0.002303
32,request_security_seed,2.694373,2.774339,0.079966
32,send_security_key,3.033588,2.871557,-0.162031
32,session_reset,3.216919,2.660150,-0.556769
32,write_target,3.092324,2.931829,-0.160495
33,enter_extended_session,2.887552,3.251069,0.363517
33,read_target_after,3.030236,3.176690,0.146454
33,read_target_before,2.811705,2.840548,0.028843
33,request_security_seed,2.884549,3.061663,0.177114
33,send_security_key,3.263293,2.694791,-0.568502
33,session_reset,2.880288,2.706315,-0.173973
33,write_target,2.862339,2.941258,0.078919
34,enter_extended_session,2.907456,2.626278,-0.281178
34,read_target_after,2.929875,3.018990,0.089115
34,read_target_before,2.975551,3.005510,0.029959
34,request_security_seed,3.046020,2.874560,-0.171460
34,send_security_key,2.732506,3.013472,0.280966
34,session_reset,3.104057,2.972546,-0.131511
34,write_target,2.948452,3.052653,0.104201
35,enter_extended_session,2.878961,3.476164,0.597203
35,read_target_after,3.086457,3.006768,-0.079689
35,read_target_before,3.002578,2.831608,-0.170970
35,request_security_seed,3.197504,3.105941,-0.091563
35,send_security_key,2.910250,2.415430,-0.494820
35,session_reset,2.698703,2.949359,0.250656
35,write_target,3.112158,3.054259,-0.057899
36,enter_extended_session,2.835591,2.865970,0.030379
36,read_target_after,2.727338,2.760720,0.033382
36,read_target_before,3.027303,2.969892,-0.057411
36,request_security_seed,3.108946,2.856122,-0.252824
36,send_security_key,3.059150,3.276980,0.217830
36,session_reset,3.318257,2.949778,-0.368479
36,write_target,3.391939,2.779088,-0.612851
37,enter_extended_session,2.995315,3.084989,0.089674
37,read_target_after,3.169847,3.190308,0.020461
37,read_target_before,3.015709,2.788516,-0.227193
37,request_security_seed,3.086457,3.164677,0.078220
37,send_security_key,3.110203,2.943073,-0.167130
37,session_reset,2.750804,2.952642,0.201838
37,write_target,2.916047,3.156227,0.240180
38,enter_extended_session,2.882663,3.034983,0.152320
38,read_target_after,2.758766,3.010679,0.251913
38,read_target_before,3.165027,3.267062,0.102035
38,request_security_seed,2.755344,2.896350,0.141006
38,send_security_key,3.165098,3.040431,-0.124667
38,session_reset,2.956345,2.731388,-0.224957
38,write_target,2.856402,2.908852,0.052450
39,enter_extended_session,2.815896,3.284593,0.468697
39,read_target_after,2.885107,3.244853,0.359746
39,read_target_before,2.724614,3.071649,0.347035
39,request_security_seed,3.104546,2.896141,-0.208405
39,send_security_key,3.066832,2.995873,-0.070959
39,session_reset,2.925755,2.902147,-0.023608
39,write_target,3.284594,3.110760,-0.173834
40,enter_extended_session,3.028489,2.833144,-0.195345
40,read_target_after,3.011519,2.848369,-0.163150
40,read_target_before,3.018083,2.918419,-0.099664
40,request_security_seed,2.862688,2.866319,0.003631
40,send_security_key,3.299959,3.265666,-0.034293
40,session_reset,2.679218,2.711692,0.032474
40,write_target,2.832657,3.007746,0.175089
41,enter_extended_session,3.211262,2.765050,-0.446212
41,read_target_after,3.220481,2.992800,-0.227681
41,read_target_before,2.780835,2.917022,0.136187
41,request_security_seed,3.064946,3.109084,0.044138
41,send_security_key,2.869044,2.860452,-0.008592
41,session_reset,2.968567,3.256378,0.287811
41,write_target,3.057962,3.307779,0.249817
42,enter_extended_session,2.972338,2.858078,-0.114260
42,read_target_after,2.745566,2.844598,0.099032
42,read_target_before,3.285502,2.837056,-0.448446
42,request_security_seed,2.917374,3.388096,0.470722
42,send_security_key,2.880358,2.943772,0.063414
42,session_reset,2.808632,2.774968,-0.033664
42,write_target,2.674119,3.073396,0.399277
43,enter_extended_session,2.938046,3.038685,0.100639
43,read_target_after,3.181300,2.852141,-0.329159
43,read_target_before,3.099937,3.024158,-0.075779
43,request_security_seed,3.134577,2.848300,-0.286277
43,send_security_key,2.829514,2.868205,0.038691
43,session_reset,2.981836,3.131293,0.149457
43,write_target,3.057054,3.257355,0.200301
44,enter_extended_session,2.929596,2.863315,-0.066281
44,read_target_after,2.821064,2.943283,0.122219
44,read_target_before,3.155180,2.925544,-0.229636
44,request_security_seed,3.107410,3.059777,-0.047633
44,send_security_key,2.835800,3.139814,0.304014
44,session_reset,2.504966,2.912274,0.407308
44,write_target,2.774061,3.065504,0.291443
45,enter_extended_session,3.321121,3.114531,-0.206590
45,read_target_after,3.025207,2.838941,-0.186266
45,read_target_before,3.217128,3.226835,0.009707
45,request_security_seed,2.839152,2.735159,-0.103993
45,send_security_key,2.799971,2.708270,-0.091701
45,session_reset,2.876237,3.028348,0.152111
45,write_target,3.072768,3.102379,0.029611
46,enter_extended_session,2.861152,2.862897,0.001745
46,read_target_after,2.735929,3.322935,0.587006
46,read_target_before,2.861221,2.999364,0.138143
46,request_security_seed,3.329572,3.262384,-0.067188
46,send_security_key,2.996084,2.984559,-0.011525
46,session_reset,2.749477,2.736695,-0.012782
46,write_target,2.612800,2.882871,0.270071
47,enter_extended_session,3.035893,3.065294,0.029401
47,read_target_after,2.914789,2.871627,-0.043162
47,read_target_before,3.512833,3.029116,-0.483717
47,request_security_seed,2.773991,3.051187,0.277196
47,send_security_key,2.696468,2.843970,0.147502
47,session_reset,3.129409,2.716232,-0.413177
47,write_target,2.779299,3.311481,0.532182
48,enter_extended_session,3.122704,3.236054,0.113350
48,read_target_after,3.108038,3.208048,0.100010
48,read_target_before,2.905570,2.798923,-0.106647
48,request_security_seed,3.264970,3.116696,-0.148274
48,send_security_key,2.856264,2.768543,-0.087721
48,session_reset,2.850327,2.726010,-0.124317
48,write_target,2.823089,2.917930,0.094841
49,enter_extended_session,3.096375,2.845646,-0.250729
49,read_target_after,2.810378,3.138487,0.328109
49,read_target_before,2.977366,3.254980,0.277614
49,request_security_seed,2.843622,2.793405,-0.050217
49,send_security_key,3.075492,3.014311,-0.061181
49,session_reset,2.759813,2.959067,0.199254
49,write_target,3.048953,2.786631,-0.262322
50,enter_extended_session,3.020249,3.243666,0.223417
50,read_target_after,2.973805,2.830072,-0.143733
50,read_target_before,2.545962,3.009143,0.463181
50,request_security_seed,3.060546,3.069205,0.008659
50,send_security_key,3.138628,2.837475,-0.301153
50,session_reset,2.704780,2.625579,-0.079201
50,write_target,3.052305,3.283824,0.231519
51,enter_extended_session,3.171872,2.856541,-0.315331
51,read_target_after,2.789705,2.872325,0.082620
51,read_target_before,3.371825,3.056634,-0.315191
51,request_security_seed,2.804232,3.004882,0.200650
51,send_security_key,2.879450,3.241361,0.361911
51,session_reset,3.011937,2.741235,-0.270702
51,write_target,2.938396,2.676772,-0.261624
52,enter_extended_session,3.085968,3.332573,0.246605
52,read_target_after,3.177040,3.049720,-0.127320
52,read_target_before,2.978973,3.038685,0.059712
52,request_security_seed,3.259941,3.020875,-0.239066
52,send_security_key,2.871767,2.879309,0.007542
52,session_reset,2.942796,2.694302,-0.248494
52,write_target,2.882733,3.299119,0.416386
53,enter_extended_session,2.891742,3.091554,0.199812
53,read_target_after,2.738373,2.948940,0.210567
53,read_target_before,3.211122,3.150429,-0.060693
53,request_security_seed,2.989309,3.047694,0.058385
53,send_security_key,2.847603,3.241431,0.393828
53,session_reset,2.956693,2.721120,-0.235573
53,write_target,2.943284,2.838522,-0.104762
54,enter_extended_session,3.109714,3.096513,-0.013201
54,read_target_after,3.208328,3.074792,-0.133536
54,read_target_before,2.440364,2.870579,0.430215
54,request_security_seed,3.177599,3.039104,-0.138495
54,send_security_key,3.076330,2.851792,-0.224538
54,session_reset,2.682989,2.903684,0.220695
54,write_target,2.901729,3.049441,0.147712
55,enter_extended_session,2.877704,3.013681,0.135977
55,read_target_after,3.051327,2.857170,-0.194157
55,read_target_before,3.050559,3.050768,0.000209
55,request_security_seed,3.091625,3.129268,0.037643
55,send_security_key,3.265109,2.878402,-0.386707
55,session_reset,2.864923,2.829653,-0.035270
55,write_target,2.843762,2.997340,0.153578
56,enter_extended_session,3.048953,3.005092,-0.043861
56,read_target_after,3.228024,2.961651,-0.266373
56,read_target_before,2.983233,2.808002,-0.175231
56,request_security_seed,3.117816,3.003974,-0.113842
56,send_security_key,3.102171,3.074513,-0.027658
56,session_reset,2.789147,2.962838,0.173691
56,write_target,3.042109,3.174175,0.132066
57,enter_extended_session,3.021296,2.824415,-0.196881
57,read_target_after,2.670976,2.840617,0.169641
57,read_target_before,2.850886,2.815195,-0.035691
57,request_security_seed,3.140234,3.402204,0.261970
57,send_security_key,2.963888,2.922261,-0.041627
57,session_reset,2.787122,2.735019,-0.052103
57,write_target,3.072000,2.750244,-0.321756
58,enter_extended_session,3.096026,3.071720,-0.024306
58,read_target_after,3.041549,3.095325,0.053776
58,read_target_before,2.744518,3.208397,0.463879
58,request_security_seed,2.945938,2.694581,-0.251357
58,send_security_key,2.991404,2.737743,-0.253661
58,session_reset,3.015290,2.996711,-0.018579
58,write_target,3.252188,2.847113,-0.405075
59,enter_extended_session,2.878822,2.841107,-0.037715
59,read_target_after,2.869463,3.053980,0.184517
59,read_target_before,3.231795,2.900960,-0.330835
59,request_security_seed,3.104616,3.143096,0.038480
59,send_security_key,2.971360,3.031491,0.060131
59,session_reset,2.706735,2.881265,0.174530
59,write_target,2.509925,2.985885,0.475960
60,enter_extended_session,3.237941,3.112017,-0.125924
60,read_target_after,2.820435,2.914997,0.094562
60,read_target_before,3.058731,3.287876,0.229145
60,request_security_seed,2.695351,3.023459,0.328108
60,send_security_key,3.057194,2.844110,-0.213084
60,session_reset,2.952712,2.830212,-0.122500
60,write_target,3.254143,3.024018,-0.230125
61,enter_extended_session,2.862269,2.821202,-0.041067
61,read_target_after,2.875050,3.326846,0.451796
61,read_target_before,2.864505,3.063617,0.199112
61,request_security_seed,3.070254,3.352966,0.282712
61,send_security_key,3.233332,2.748568,-0.484764
61,session_reset,2.959417,2.680543,-0.278874
61,write_target,2.552737,2.924147,0.371410
62,enter_extended_session,3.063759,2.902775,-0.160984
62,read_target_after,3.042528,2.800669,-0.241859
62,read_target_before,2.822530,3.276072,0.453542
62,request_security_seed,3.188494,2.968006,-0.220488
62,send_security_key,2.852212,2.740466,-0.111746
62,session_reset,2.916535,2.837056,-0.079479
62,write_target,3.024928,3.134575,0.109647
63,enter_extended_session,3.074933,3.231863,0.156930
63,read_target_after,3.041899,2.862896,-0.179003
63,read_target_before,3.149243,2.882592,-0.266651
63,request_security_seed,3.280194,3.029116,-0.251078
63,send_security_key,3.137930,2.866668,-0.271262
63,session_reset,2.607841,2.585351,-0.022490
63,write_target,2.675516,2.929663,0.254147
64,enter_extended_session,3.036801,2.924705,-0.112096
64,read_target_after,2.852631,3.064316,0.211685
64,read_target_before,3.199459,3.118373,-0.081086
64,request_security_seed,2.866110,2.851164,-0.014946
64,send_security_key,3.115092,2.919397,-0.195695
64,session_reset,3.108387,3.101122,-0.007265
64,write_target,3.052166,3.052793,0.000627
65,enter_extended_session,3.042527,3.078703,0.036176
65,read_target_after,3.279287,2.963606,-0.315681
65,read_target_before,2.732645,2.814986,0.082341
65,request_security_seed,3.247789,3.257355,0.009566
65,send_security_key,3.001391,3.108316,0.106925
65,session_reset,2.890834,2.930293,0.039459
65,write_target,2.855216,3.097002,0.241786
66,enter_extended_session,2.941888,2.771615,-0.170273
66,read_target_after,2.896840,2.810726,-0.086114
66,read_target_before,3.036451,3.135972,0.099521
66,request_security_seed,3.001461,3.132270,0.130809
66,send_security_key,2.892720,3.229349,0.336629
66,session_reset,2.858568,3.254213,0.395645
66,write_target,3.247858,2.811494,-0.436364
67,enter_extended_session,3.070604,3.435517,0.364913
67,read_target_after,3.080032,3.240873,0.160841
67,read_target_before,2.998109,2.813240,-0.184869
67,request_security_seed,3.097492,2.908433,-0.189059
67,send_security_key,3.110761,2.703521,-0.407240
67,session_reset,2.896701,2.731247,-0.165454
67,write_target,3.079263,3.001669,-0.077594
68,enter_extended_session,2.900053,3.042596,0.142543
68,read_target_after,2.861222,3.031911,0.170689
68,read_target_before,2.851654,2.871278,0.019624
68,request_security_seed,2.738652,2.821900,0.083248
68,send_security_key,3.132622,3.068227,-0.064395
68,session_reset,3.068788,2.744727,-0.324061
68,write_target,3.163211,3.097002,-0.066209
69,enter_extended_session,3.210773,3.276142,0.065369
69,read_target_after,3.175085,3.027021,-0.148064
69,read_target_before,2.824276,2.760091,-0.064185
69,request_security_seed,3.034776,2.925124,-0.109652
69,send_security_key,2.904243,2.804720,-0.099523
69,session_reset,2.820435,2.620830,-0.199605
69,write_target,2.930434,3.283894,0.353460
70,enter_extended_session,2.644298,2.618944,-0.025354
70,read_target_after,3.025417,3.011237,-0.014180
70,read_target_before,3.254493,2.958997,-0.295496
70,request_security_seed,2.877006,3.088480,0.211474
70,send_security_key,3.103079,3.254771,0.151692
70,session_reset,2.976040,2.924146,-0.051894
70,write_target,2.781324,2.953759,0.172435
71,enter_extended_session,3.450396,3.312668,-0.137728
71,read_target_after,3.217967,3.256726,0.038759
71,read_target_before,2.886434,3.112645,0.226211
71,request_security_seed,2.606933,2.875049,0.268116
71,send_security_key,3.085410,3.043923,-0.041487
71,session_reset,2.912275,2.840758,-0.071517
71,write_target,3.014871,3.281520,0.266649
72,enter_extended_session,2.823787,3.021644,0.197857
72,read_target_after,2.911227,3.083662,0.172435
72,read_target_before,3.224252,2.879170,-0.345082
72,request_security_seed,2.898866,3.272092,0.373226
72,send_security_key,3.018782,3.009771,-0.009011
72,session_reset,2.765890,2.601065,-0.164825
72,write_target,2.822042,3.055307,0.233265
73,enter_extended_session,3.261407,2.839919,-0.421488
73,read_target_after,3.013823,3.104474,0.090651
73,read_target_before,2.832866,3.172778,0.339912
73,request_security_seed,3.009982,3.215591,0.205609
73,send_security_key,2.877285,2.884827,0.007542
73,session_reset,2.857381,3.130385,0.273004
73,write_target,3.231865,3.036729,-0.195136
74,enter_extended_session,2.792568,2.844598,0.052030
74,read_target_after,2.898866,3.029535,0.130669
74,read_target_before,3.053144,2.876166,-0.176978
74,request_security_seed,2.901380,3.441035,0.539655
74,send_security_key,3.154481,2.952292,-0.202189
74,session_reset,2.738932,2.926311,0.187379
74,write_target,2.356765,3.097491,0.740726
75,enter_extended_session,2.816664,3.059986,0.243322
75,read_target_after,2.767216,3.033656,0.266440
75,read_target_before,2.835591,3.047764,0.212173
75,request_security_seed,3.114184,3.086665,-0.027519
75,send_security_key,3.007607,3.059637,0.052030
75,session_reset,3.112228,2.946914,-0.165314
75,write_target,3.255750,3.094976,-0.160774
76,enter_extended_session,2.920725,3.050488,0.129763
76,read_target_after,3.014382,2.923238,-0.091144
76,read_target_before,2.820225,2.887341,0.067116
76,request_security_seed,2.994268,3.012355,0.018087
76,send_security_key,3.255051,3.313716,0.058665
76,session_reset,2.955157,2.751711,-0.203446
76,write_target,3.049791,2.798923,-0.250868
77,enter_extended_session,3.128920,2.923308,-0.205612
77,read_target_after,3.009074,2.819735,-0.189339
77,read_target_before,2.899844,3.162651,0.262807
77,request_security_seed,2.973525,2.713787,-0.259738
77,send_security_key,2.863456,2.932108,0.068652
77,session_reset,2.939443,3.144562,0.205119
77,write_target,3.251490,3.020596,-0.230894
78,enter_extended_session,2.962421,2.987632,0.025211
78,read_target_after,3.058032,3.011028,-0.047004
78,read_target_before,3.085898,2.990914,-0.094984
78,request_security_seed,3.194640,3.201064,0.006424
78,send_security_key,2.833216,2.905429,0.072213
78,session_reset,2.757718,2.739000,-0.018718
78,write_target,3.036172,2.977295,-0.058877
79,enter_extended_session,3.074515,2.949010,-0.125505
79,read_target_after,2.893488,3.054957,0.161469
79,read_target_before,3.046368,3.282288,0.235920
79,request_security_seed,2.822880,3.048392,0.225512
79,send_security_key,2.879380,2.857449,-0.021931
79,session_reset,3.096584,3.002856,-0.093728
79,write_target,3.238848,2.829862,-0.408986
80,enter_extended_session,2.892441,3.034425,0.141984
80,read_target_after,3.064108,3.221387,0.157279
80,read_target_before,2.772105,3.027720,0.255615
80,request_security_seed,3.281941,3.195127,-0.086814
80,send_security_key,2.975202,2.890623,-0.084579
80,session_reset,2.892161,2.763723,-0.128438
80,write_target,2.846695,3.050488,0.203793
81,enter_extended_session,3.118234,2.856401,-0.261833
81,read_target_after,3.273699,3.082055,-0.191644
81,read_target_before,3.069416,3.259451,0.190035
81,request_security_seed,2.687319,3.081217,0.393898
81,send_security_key,2.939024,3.069834,0.130810
81,session_reset,2.924567,2.905779,-0.018788
81,write_target,3.021017,2.812961,-0.208056
82,enter_extended_session,2.901729,3.280681,0.378952
82,read_target_after,3.202881,2.783488,-0.419393
82,read_target_before,2.676773,3.077377,0.400604
82,request_security_seed,3.237522,2.801088,-0.436434
82,send_security_key,2.915837,3.114182,0.198345
82,session_reset,2.526966,2.900610,0.373644
82,write_target,2.907945,3.497117,0.589172
83,enter_extended_session,3.048744,3.077376,0.028632
83,read_target_after,2.545403,2.800738,0.255335
83,read_target_before,3.058451,3.235914,0.177463
83,request_security_seed,2.800949,2.782999,-0.017950
83,send_security_key,3.202042,3.070113,-0.131929
83,session_reset,2.776994,2.680752,-0.096242
83,write_target,3.076400,2.622436,-0.453964
84,enter_extended_session,3.224252,3.075001,-0.149251
84,read_target_after,3.006210,2.810097,-0.196113
84,read_target_before,3.021366,2.916045,-0.105321
84,request_security_seed,2.874840,3.185070,0.310230
84,send_security_key,2.965843,2.856680,-0.109163
84,session_reset,2.684875,2.674118,-0.010757
84,write_target,2.404814,3.219501,0.814687
85,enter_extended_session,2.660570,3.066342,0.405772
85,read_target_after,3.027163,2.901030,-0.126133
85,read_target_before,2.816524,2.950407,0.133883
85,request_security_seed,2.811775,2.880497,0.068722
85,send_security_key,3.250931,3.152804,-0.098127
85,session_reset,3.129828,2.926940,-0.202888
85,write_target,3.047975,3.088132,0.040157
86,enter_extended_session,2.928128,3.360510,0.432382
86,read_target_after,2.893767,2.801856,-0.091911
86,read_target_before,2.759814,2.851722,0.091908
86,request_security_seed,3.032121,2.671743,-0.360378
86,send_security_key,2.818340,2.808421,-0.009919
86,session_reset,2.670837,2.732994,0.062157
86,write_target,3.271534,3.409119,0.137585
87,enter_extended_session,2.864644,2.862757,-0.001887
87,read_target_after,2.794035,2.927639,0.133604
87,read_target_before,3.249674,2.897608,-0.352066
87,request_security_seed,2.890415,3.183115,0.292700
87,send_security_key,2.995525,3.045808,0.050283
87,session_reset,2.878403,2.615243,-0.263160
87,write_target,2.815406,2.891252,0.075846
88,enter_extended_session,3.021645,3.061244,0.039599
88,read_target_after,2.997970,3.168448,0.170478
88,read_target_before,2.710646,2.832237,0.121591
88,request_security_seed,3.200367,2.826021,-0.374346
88,send_security_key,2.851724,3.018151,0.166427
88,session_reset,2.781324,3.139814,0.358490
88,write_target,3.265388,3.057402,-0.207986
89,enter_extended_session,2.695769,3.106011,0.410242
89,read_target_after,2.950478,2.868344,-0.082134
89,read_target_before,3.013962,2.893556,-0.120406
89,request_security_seed,2.594431,3.158391,0.563960
89,send_security_key,3.217478,3.071091,-0.146387
89,session_reset,2.794384,2.789634,-0.004750
89,write_target,2.719446,2.742142,0.022696
90,enter_extended_session,3.295210,3.093789,-0.201421
90,read_target_after,3.013404,2.852420,-0.160984
90,read_target_before,2.839502,3.033167,0.193665
90,request_security_seed,2.800600,2.825462,0.024862
90,send_security_key,3.023251,2.846205,-0.177046
90,session_reset,2.960605,3.132969,0.172364
90,write_target,3.039315,3.288574,0.249259
91,enter_extended_session,2.861152,3.320072,0.458920
91,read_target_after,2.868625,2.983231,0.114606
91,read_target_before,2.845927,2.865480,0.019553
91,request_security_seed,2.726849,3.029955,0.303106
91,send_security_key,3.352968,3.036520,-0.316448
91,session_reset,2.935043,2.593592,-0.341451
91,write_target,2.996991,2.884059,-0.112932
92,enter_extended_session,3.256868,2.844040,-0.412828
92,read_target_after,3.087435,3.007047,-0.080388
92,read_target_before,3.123332,3.243108,0.119776
92,request_security_seed,2.844600,3.079542,0.234942
92,send_security_key,2.895793,2.876934,-0.018859
92,session_reset,2.936579,3.127940,0.191361
92,write_target,3.201764,3.183324,-0.018440
93,enter_extended_session,3.140862,2.768053,-0.372809
93,read_target_after,2.862269,3.031910,0.169641
93,read_target_before,2.888739,2.628442,-0.260297
93,request_security_seed,3.329711,3.280263,-0.049448
93,send_security_key,2.963887,2.854027,-0.109860
93,session_reset,2.670418,2.648277,-0.022141
93,write_target,3.069276,2.872884,-0.196392
94,enter_extended_session,3.099447,2.679985,-0.419462
94,read_target_after,2.922751,3.084779,0.162028
94,read_target_before,2.996572,2.685293,-0.311279
94,request_security_seed,2.851794,2.883010,0.031216
94,send_security_key,3.061035,3.361697,0.300662
94,session_reset,3.032470,3.302542,0.270072
94,write_target,3.278518,3.083033,-0.195485
95,enter_extended_session,2.931761,3.050977,0.119216
95,read_target_after,2.893278,3.271881,0.378603
95,read_target_before,2.710296,3.049161,0.338865
95,request_security_seed,2.994198,3.117814,0.123616
95,send_security_key,3.423646,3.119002,-0.304644
95,session_reset,2.893139,2.984489,0.091350
95,write_target,3.046858,3.110480,0.063622
96,enter_extended_session,2.962280,2.913181,-0.049099
96,read_target_after,2.930574,2.988051,0.057477
96,read_target_before,3.032889,3.271043,0.238154
96,request_security_seed,2.943005,3.016056,0.073051
96,send_security_key,2.914161,3.012634,0.098473
96,session_reset,3.139885,2.918769,-0.221116
96,write_target,3.181999,2.902076,-0.279923
97,enter_extended_session,2.855076,3.259031,0.403955
97,read_target_after,3.100286,3.007466,-0.092820
97,read_target_before,2.749827,2.925683,0.175856
97,request_security_seed,3.296048,3.125148,-0.170900
97,send_security_key,3.068369,2.704150,-0.364219
97,session_reset,2.961233,2.669718,-0.291515
97,write_target,2.898865,2.961092,0.062227
98,enter_extended_session,2.789286,2.971080,0.181794
98,read_target_after,2.641853,2.975200,0.333347
98,read_target_before,3.141701,3.182206,0.040505
98,request_security_seed,2.913672,2.994964,0.081292
98,send_security_key,2.894606,3.149870,0.255264
98,session_reset,3.054051,2.895652,-0.158399
98,write_target,3.054610,2.791310,-0.263300
99,enter_extended_session,3.060755,3.220549,0.159794
99,read_target_after,2.748569,3.017662,0.269093
99,read_target_before,2.751083,3.003625,0.252542
99,request_security_seed,3.308689,2.911296,-0.397393
99,send_security_key,2.821553,2.958927,0.137374
99,session_reset,2.760722,2.986653,0.225931
99,write_target,3.215103,3.235774,0.020671
100,enter_extended_session,2.786004,3.060685,0.274681
100,read_target_after,2.708830,2.986653,0.277823
100,read_target_before,3.257636,3.263570,0.005934
100,request_security_seed,3.085200,3.101052,0.015852
100,send_security_key,2.866529,3.104056,0.237527
100,session_reset,3.075841,2.731108,-0.344733
100,write_target,3.126336,2.897886,-0.228450
101,enter_extended_session,3.034356,3.259939,0.225583
101,read_target_after,3.039873,3.252746,0.212873
101,read_target_before,2.785375,3.068855,0.283480
101,request_security_seed,3.134158,2.880287,-0.253871
101,send_security_key,2.891742,3.066481,0.174739
101,session_reset,2.622647,2.723704,0.101057
101,write_target,3.115022,3.063059,-0.051963
102,enter_extended_session,2.820435,3.028348,0.207913
102,read_target_after,3.047556,2.924286,-0.123270
102,read_target_before,2.907945,2.929594,0.021649
102,request_security_seed,3.113695,3.219012,0.105317
102,send_security_key,3.271743,2.824065,-0.447678
102,session_reset,3.125847,2.883150,-0.242697
102,write_target,3.055867,2.926102,-0.129765
103,enter_extended_session,3.059638,2.928127,-0.131511
103,read_target_after,3.087086,3.064036,-0.023050
103,read_target_before,2.882942,3.181019,0.298077
103,request_security_seed,3.221878,3.038615,-0.183263
103,send_security_key,2.615942,3.041757,0.425815
103,session_reset,2.933855,3.151827,0.217972
103,write_target,3.155599,3.306103,0.150504
104,enter_extended_session,3.035892,2.797735,-0.238157
104,read_target_after,3.043924,3.057402,0.013478
104,read_target_before,3.121098,2.874630,-0.246468
104,request_security_seed,2.859196,3.279075,0.419879
104,send_security_key,3.304219,3.069205,-0.235014
104,session_reset,2.754156,2.770149,0.015993
104,write_target,2.626767,2.978133,0.351366
105,enter_extended_session,3.283756,2.993358,-0.290398
105,read_target_after,3.273280,2.812053,-0.461227
105,read_target_before,2.813730,3.054957,0.241227
105,request_security_seed,3.049581,3.121725,0.072144
105,send_security_key,2.532972,3.124169,0.591197
105,session_reset,2.861012,2.866318,0.005306
105,write_target,3.043994,3.336345,0.292351
106,enter_extended_session,2.859894,3.010050,0.150156
106,read_target_after,3.022763,3.103427,0.080664
106,read_target_before,3.247719,3.015288,-0.232431
106,request_security_seed,2.984351,3.076887,0.092536
106,send_security_key,3.034356,3.082614,0.048258
106,session_reset,2.458312,2.727476,0.269164
106,write_target,2.855076,3.080589,0.225513
107,enter_extended_session,3.045181,3.322376,0.277195
107,read_target_after,3.074514,3.071370,-0.003144
107,read_target_before,3.059149,2.966749,-0.092400
107,request_security_seed,3.129339,2.721959,-0.407380
107,send_security_key,3.035264,3.210911,0.175647
107,session_reset,2.996154,3.055377,0.059223
107,write_target,3.139745,3.069624,-0.070121
108,enter_extended_session,2.887482,3.091204,0.203722
108,read_target_after,3.028769,3.046856,0.018087
108,read_target_before,2.623904,2.847601,0.223697
108,request_security_seed,3.039385,3.289132,0.249747
108,send_security_key,3.398155,2.996571,-0.401584
108,session_reset,3.039803,2.934762,-0.105041
108,write_target,3.056914,3.047065,-0.009849
109,enter_extended_session,3.293673,2.945168,-0.348505
109,read_target_after,2.878403,2.814218,-0.064185
109,read_target_before,3.043994,3.095186,0.051192
109,request_security_seed,2.820225,2.534297,-0.285928
109,send_security_key,2.790613,2.833005,0.042392
109,session_reset,2.981696,3.102169,0.120473
109,write_target,3.281451,3.236613,-0.044838
110,enter_extended_session,2.849349,3.073605,0.224256
110,read_target_after,3.083244,3.291577,0.208333
110,read_target_before,2.834891,2.751152,-0.083739
110,request_security_seed,3.033937,3.268739,0.234802
110,send_security_key,3.269299,2.547218,-0.722081
110,session_reset,2.655611,2.691508,0.035897
110,write_target,3.012217,2.903544,-0.108673
111,enter_extended_session,3.329572,2.869880,-0.459692
111,read_target_after,2.838384,2.596386,-0.241998
111,read_target_before,3.249883,3.252466,0.002583
111,request_security_seed,2.683268,2.877004,0.193736
111,send_security_key,2.710925,2.819246,0.108321
111,session_reset,2.937627,2.895581,-0.042046
111,write_target,3.004255,2.986654,-0.017601
112,enter_extended_session,3.075771,3.280402,0.204631
112,read_target_after,3.026255,2.950337,-0.075918
112,read_target_before,2.845997,2.754924,-0.091073
112,request_security_seed,3.036312,2.823157,-0.213155
112,send_security_key,3.198969,3.057890,-0.141079
112,session_reset,2.910808,2.731527,-0.179281
112,write_target,2.837057,3.136950,0.299893
113,enter_extended_session,2.821762,2.637451,-0.184311
113,read_target_after,2.786772,2.803952,0.017180
113,read_target_before,3.195128,3.041059,-0.154069
113,request_security_seed,2.773432,2.758695,-0.014737
113,send_security_key,2.872327,3.043014,0.170687
113,session_reset,3.145053,3.125427,-0.019626
113,write_target,3.118304,3.140791,0.022487
114,enter_extended_session,2.902567,3.052583,0.150016
114,read_target_after,3.207909,3.132830,-0.075079
114,read_target_before,2.305432,2.679006,0.373574
114,request_security_seed,3.256029,3.295767,0.039738
114,send_security_key,3.364422,2.902985,-0.461437
114,session_reset,2.753179,2.603230,-0.149949
114,write_target,2.896771,2.941397,0.044626
115,enter_extended_session,2.788029,3.068786,0.280757
115,read_target_after,2.874771,2.936997,0.062226
115,read_target_before,3.348917,3.084919,-0.263998
115,request_security_seed,2.810587,3.019618,0.209031
115,send_security_key,2.874142,3.086455,0.212313
115,session_reset,3.063689,2.791590,-0.272099
115,write_target,2.928408,3.155178,0.226770
116,enter_extended_session,3.016756,3.106919,0.090163
116,read_target_after,3.216569,3.280402,0.063833
116,read_target_before,2.679636,2.867087,0.187451
116,request_security_seed,3.282430,3.050348,-0.232082
116,send_security_key,2.822949,2.483174,-0.339775
116,session_reset,2.739769,2.764072,0.024303
116,write_target,2.883850,2.991193,0.107343
117,enter_extended_session,3.037638,3.031142,-0.006496
117,read_target_after,2.973734,2.806046,-0.167688
117,read_target_before,3.283756,3.326357,0.042601
117,request_security_seed,3.093930,2.846833,-0.247097
117,send_security_key,3.045950,3.068297,0.022347
117,session_reset,2.793966,2.751151,-0.042815
117,write_target,2.863177,2.635706,-0.227471
118,enter_extended_session,3.265738,2.951244,-0.314494
118,read_target_after,3.290670,2.954457,-0.336213
118,read_target_before,3.054330,2.840826,-0.213504
118,request_security_seed,3.010960,3.076887,0.065927
118,send_security_key,2.799901,2.999924,0.200023
118,session_reset,2.675795,2.998596,0.322801
118,write_target,2.998178,3.416521,0.418343
119,enter_extended_session,2.698214,2.842503,0.144289
119,read_target_after,2.887551,2.975479,0.087928
119,read_target_before,3.078774,2.867785,-0.210989
119,request_security_seed,3.090927,3.050278,-0.040649
119,send_security_key,2.970452,3.260498,0.290046
119,session_reset,2.863247,2.745984,-0.117263
119,write_target,3.070184,2.998875,-0.071309
120,enter_extended_session,3.057753,2.792847,-0.264906
120,read_target_after,2.986795,2.946565,-0.040230
120,read_target_before,2.783001,2.806536,0.023535
120,request_security_seed,3.036381,3.045879,0.009498
120,send_security_key,2.898376,3.021784,0.123408
120,session_reset,2.941817,3.027790,0.085973
120,write_target,3.057263,3.181858,0.124595
121,enter_extended_session,2.947893,3.018082,0.070189
121,read_target_after,2.913672,2.892230,-0.021442
121,read_target_before,3.118723,2.897747,-0.220976
121,request_security_seed,3.048254,3.016895,-0.031359
121,send_security_key,3.212309,3.229698,0.017389
121,session_reset,2.906618,2.650931,-0.255687
121,write_target,2.757299,2.812122,0.054823
122,enter_extended_session,3.291298,3.060685,-0.230613
122,read_target_after,2.952503,3.140861,0.188358
122,read_target_before,2.835521,3.065015,0.229494
122,request_security_seed,2.842225,2.805976,-0.036249
122,send_security_key,2.990706,3.063688,0.072982
122,session_reset,2.896631,3.079052,0.182421
122,write_target,3.188983,3.308897,0.119914
123,enter_extended_session,3.075701,2.879798,-0.195903
123,read_target_after,2.873653,3.043992,0.170339
123,read_target_before,2.847393,2.802136,-0.045257
123,request_security_seed,2.964725,3.070253,0.105528
123,send_security_key,3.239617,3.238498,-0.001119
123,session_reset,2.864644,2.422832,-0.441812
123,write_target,3.068228,2.915765,-0.152463
124,enter_extended_session,3.286201,2.908921,-0.377280
124,read_target_after,3.033518,2.788726,-0.244792
124,read_target_before,2.820156,3.233819,0.413663
124,request_security_seed,2.740607,2.974432,0.233825
124,send_security_key,2.667904,2.877005,0.209101
124,session_reset,2.896491,3.061592,0.165101
124,write_target,3.288156,3.082614,-0.205542
125,enter_extended_session,2.828257,3.089389,0.261132
125,read_target_after,3.068926,3.030024,-0.038902
125,read_target_before,2.831539,3.012005,0.180466
125,request_security_seed,3.022204,3.014869,-0.007335
125,send_security_key,3.276703,3.225578,-0.051125
125,session_reset,2.704360,2.837404,0.133044
125,write_target,3.042527,2.765609,-0.276918
126,enter_extended_session,2.858288,2.866528,0.008240
126,read_target_after,3.007328,3.004323,-0.003005
126,read_target_before,2.998528,3.075002,0.076474
126,request_security_seed,3.046927,2.907944,-0.138983
126,send_security_key,3.046927,2.719514,-0.327413
126,session_reset,3.146101,3.116487,-0.029614
126,write_target,3.079264,3.081357,0.002093
127,enter_extended_session,2.932808,3.129407,0.196599
127,read_target_after,2.946637,3.222714,0.276077
127,read_target_before,2.689414,2.980718,0.291304
127,request_security_seed,3.061035,3.191775,0.130740
127,send_security_key,3.347380,2.904241,-0.443139
127,session_reset,2.943354,2.545822,-0.397532
127,write_target,3.035264,2.848090,-0.187174
128,enter_extended_session,3.206931,2.483733,-0.723198
128,read_target_after,2.836498,3.007675,0.171177
128,read_target_before,3.329920,3.254212,-0.075708
128,request_security_seed,2.943773,2.761278,-0.182495
128,send_security_key,3.057334,2.989657,-0.067677
128,session_reset,2.932598,2.929175,-0.003423
128,write_target,2.986097,2.710994,-0.275103
129,enter_extended_session,2.935811,3.076049,0.140238
129,read_target_after,3.071860,3.256726,0.184866
129,read_target_before,2.732296,2.489670,-0.242626
129,request_security_seed,3.220481,3.206162,-0.014319
129,send_security_key,3.246042,3.036449,-0.209593
129,session_reset,2.739001,2.701216,-0.037785
129,write_target,2.789635,2.907105,0.117470
130,enter_extended_session,2.881266,3.091763,0.210497
130,read_target_after,2.880567,2.519562,-0.361005
130,read_target_before,3.294581,2.890483,-0.404098
130,request_security_seed,3.036311,2.877912,-0.158399
130,send_security_key,2.722518,3.334040,0.611522
130,session_reset,3.124170,2.631445,-0.492725
130,write_target,3.011518,3.201692,0.190174
131,enter_extended_session,3.175014,3.197501,0.022487
131,read_target_after,3.053562,3.251209,0.197647
131,read_target_before,2.973036,2.835100,-0.137936
131,request_security_seed,3.210912,3.060684,-0.150228
131,send_security_key,2.918141,2.842014,-0.076127
131,session_reset,2.936370,2.789913,-0.146457
131,write_target,2.915558,3.066970,0.151412
132,enter_extended_session,2.933507,2.996990,0.063483
132,read_target_after,2.820784,2.806884,-0.013900
132,read_target_before,2.999296,3.171242,0.171946
132,request_security_seed,2.905989,2.858427,-0.047562
132,send_security_key,3.101682,3.108525,0.006843
132,session_reset,2.898726,2.697514,-0.201212
132,write_target,3.080800,2.883289,-0.197511
133,enter_extended_session,3.045879,3.275933,0.230054
133,read_target_after,3.128990,2.935880,-0.193110
133,read_target_before,2.795222,3.017313,0.222091
133,request_security_seed,2.975202,2.886153,-0.089049
133,send_security_key,3.156926,3.005301,-0.151625
133,session_reset,2.710157,2.919467,0.209310
133,write_target,2.877005,3.035751,0.158746
134,enter_extended_session,2.616640,2.929175,0.312535
134,read_target_after,3.176691,2.880286,-0.296405
134,read_target_before,3.045600,2.953340,-0.092260
134,request_security_seed,2.879380,3.102169,0.222789
134,send_security_key,3.221389,3.032119,-0.189270
134,session_reset,3.079753,2.609306,-0.470447
134,write_target,2.817222,2.987003,0.169781
135,enter_extended_session,3.083594,3.042386,-0.041208
135,read_target_after,3.112787,3.205254,0.092467
135,read_target_before,3.034775,2.952711,-0.082064
135,request_security_seed,3.015149,2.997129,-0.018020
135,send_security_key,3.069416,3.072138,0.002722
135,session_reset,2.602672,2.910109,0.307437
135,write_target,3.039873,3.103357,0.063484
136,enter_extended_session,3.065924,2.788028,-0.277896
136,read_target_after,2.861570,3.039871,0.178301
136,read_target_before,3.296397,3.026672,-0.269725
136,request_security_seed,2.875050,3.130594,0.255544
136,send_security_key,3.001950,3.269577,0.267627
136,session_reset,2.931481,2.684454,-0.247027
136,write_target,2.855006,2.603020,-0.251986
137,enter_extended_session,3.268322,3.260987,-0.007335
137,read_target_after,3.039804,3.013263,-0.026541
137,read_target_before,2.873933,3.229209,0.355276
137,request_security_seed,2.944681,2.675933,-0.268748
137,send_security_key,2.967100,2.814916,-0.152184
137,session_reset,2.714208,2.962908,0.248700
137,write_target,3.015359,2.910109,-0.105250
138,enter_extended_session,3.046997,2.844039,-0.202958
138,read_target_after,3.029048,2.938743,-0.090305
138,read_target_before,2.803673,2.983232,0.179559
138,request_security_seed,3.283825,2.744796,-0.539029
138,send_security_key,3.084850,3.214612,0.129762
138,session_reset,2.881754,2.924496,0.042742
138,write_target,3.105523,2.782510,-0.323013
139,enter_extended_session,3.092533,3.095535,0.003002
139,read_target_after,3.027302,2.834611,-0.192691
139,read_target_before,3.088343,3.217127,0.128784
139,request_security_seed,2.500566,3.057471,0.556905
139,send_security_key,2.869742,2.855284,-0.014458
139,session_reset,2.970452,2.893068,-0.077384
139,write_target,3.054121,3.046577,-0.007544
140,enter_extended_session,3.229490,2.942026,-0.287464
140,read_target_after,3.037918,3.023879,-0.014039
140,read_target_before,3.009493,2.865690,-0.143803
140,request_security_seed,3.155668,3.272371,0.116703
140,send_security_key,2.887551,2.995593,0.108042
140,session_reset,2.720493,2.860033,0.139540
140,write_target,3.064178,2.831119,-0.233059
141,enter_extended_session,2.469417,2.832167,0.362750
141,read_target_after,3.027791,3.076188,0.048397
141,read_target_before,2.865343,3.092322,0.226979
141,request_security_seed,2.982185,3.013751,0.031566
141,send_security_key,2.720703,2.865830,0.145127
141,session_reset,2.886574,3.160206,0.273632
141,write_target,3.281032,3.040920,-0.240112
142,enter_extended_session,3.074933,3.076538,0.001605
142,read_target_after,3.053073,3.071858,0.018785
142,read_target_before,2.975411,3.006698,0.031287
142,request_security_seed,2.863177,3.225088,0.361911
142,send_security_key,3.231445,2.887480,-0.343965
142,session_reset,2.697445,2.632214,-0.065231
142,write_target,2.958160,2.803811,-0.154349
143,enter_extended_session,2.663923,2.730339,0.066416
143,read_target_after,3.057892,2.994405,-0.063487
143,read_target_before,2.699052,3.275793,0.576741
143,request_security_seed,3.040851,2.762746,-0.278105
143,send_security_key,2.736067,3.126544,0.390477
143,session_reset,3.269578,3.261405,-0.008173
143,write_target,3.286061,2.927987,-0.358074
144,enter_extended_session,2.808283,3.052653,0.244370
144,read_target_after,2.848510,3.155528,0.307018
144,read_target_before,2.862269,2.774478,-0.087791
144,request_security_seed,2.977297,3.268739,0.291442
144,send_security_key,3.317699,2.860941,-0.456758
144,session_reset,2.613637,2.528920,-0.084717
144,write_target,3.014451,3.042037,0.027586
145,enter_extended_session,3.284245,3.010050,-0.274195
145,read_target_after,3.118863,2.905709,-0.213154
145,read_target_before,2.955995,3.242897,0.286902
145,request_security_seed,2.633960,3.122703,0.488743
145,send_security_key,2.903475,3.048044,0.144569
145,session_reset,2.936369,2.773361,-0.163008
145,write_target,3.092813,2.878611,-0.214202
146,enter_extended_session,3.052025,3.046576,-0.005449
146,read_target_after,3.025347,3.304218,0.278871
146,read_target_before,2.789216,2.787888,-0.001328
146,request_security_seed,3.251001,3.238009,-0.012992
146,send_security_key,3.078704,2.779577,-0.299127
146,session_reset,2.895304,2.585071,-0.310233
146,write_target,2.939931,3.002786,0.062855
147,enter_extended_session,3.048953,2.805138,-0.243815
147,read_target_after,2.643180,2.787887,0.144707
147,read_target_before,3.386910,3.015008,-0.371902
147,request_security_seed,2.596037,3.025345,0.429308
147,send_security_key,2.855983,3.280123,0.424140
147,session_reset,2.938884,2.683825,-0.255059
147,write_target,2.979182,2.880985,-0.098197
148,enter_extended_session,3.226836,2.987421,-0.239415
148,read_target_after,2.996991,2.958298,-0.038693
148,read_target_before,3.031352,2.927429,-0.103923
148,request_security_seed,3.148894,2.916324,-0.232570
148,send_security_key,2.608888,2.613496,0.004608
148,session_reset,2.716233,3.155667,0.439434
148,write_target,2.876796,3.368750,0.491954
149,enter_extended_session,2.912275,2.751571,-0.160704
149,read_target_after,2.779508,2.664480,-0.115028
149,read_target_before,3.254074,3.105941,-0.148133
149,request_security_seed,2.703033,3.113763,0.410730
149,send_security_key,2.836498,3.216778,0.380280
149,session_reset,3.102101,2.775456,-0.326645
149,write_target,3.041549,2.666506,-0.375043
150,enter_extended_session,2.937487,3.172219,0.234732
150,read_target_after,2.980509,2.911295,-0.069214
150,read_target_before,2.985747,3.056703,0.070956
150,request_security_seed,3.234798,3.046856,-0.187942
150,send_security_key,2.869951,2.703800,-0.166151
150,session_reset,2.682500,2.902426,0.219926
150,write_target,2.953830,3.405487,0.451657
151,enter_extended_session,3.041340,2.829233,-0.212107
151,read_target_after,2.531016,2.778180,0.247164
151,read_target_before,3.210773,2.882731,-0.328042
151,request_security_seed,2.898656,3.057541,0.158885
151,send_security_key,2.915837,3.218593,0.302756
151,session_reset,2.930993,2.535345,-0.395648
151,write_target,3.041549,3.044412,0.002863
152,enter_extended_session,3.225090,3.117604,-0.107486
152,read_target_after,3.101962,2.885455,-0.216507
152,read_target_before,2.866600,2.714625,-0.151975
152,request_security_seed,2.986026,2.845366,-0.140660
152,send_security_key,2.944611,3.162232,0.217621
152,session_reset,2.812193,3.163629,0.351436
152,write_target,2.855285,3.219501,0.364216
153,enter_extended_session,2.691161,2.807443,0.116282
153,read_target_after,2.818758,2.944469,0.125711
153,read_target_before,2.877913,2.716091,-0.161822
153,request_security_seed,2.855495,3.239127,0.383632
153,send_security_key,3.241503,3.048253,-0.193250
153,session_reset,3.030236,2.771545,-0.258691
153,write_target,3.060755,2.608957,-0.451798
154,enter_extended_session,3.258334,2.979670,-0.278664
154,read_target_after,3.229001,2.864643,-0.364358
154,read_target_before,2.845997,3.313437,0.467440
154,request_security_seed,2.805209,3.101680,0.296471
154,send_security_key,3.064527,2.980997,-0.083530
154,session_reset,2.343704,2.956622,0.612918
154,write_target,3.019759,3.103636,0.083877
155,enter_extended_session,2.829654,2.873163,0.043509
155,read_target_after,2.862758,3.023809,0.161051
155,read_target_before,3.294163,3.174664,-0.119499
155,request_security_seed,2.728665,3.182276,0.453611
155,send_security_key,3.030515,2.925543,-0.104972
155,session_reset,2.710576,2.507060,-0.203516
155,write_target,2.701845,2.796338,0.094493
156,enter_extended_session,3.229839,2.665178,-0.564661
156,read_target_after,3.250861,2.694302,-0.556559
156,read_target_before,2.802485,3.247018,0.444533
156,request_security_seed,2.868346,2.851582,-0.016764
156,send_security_key,3.007328,2.836636,-0.170692
156,session_reset,2.761419,3.216568,0.455149
156,write_target,3.093651,2.929734,-0.163917
157,enter_extended_session,2.794454,3.185699,0.391245
157,read_target_after,2.856542,3.131154,0.274612
157,read_target_before,3.029048,2.929594,-0.099454
157,request_security_seed,2.737255,2.903893,0.166638
157,send_security_key,3.302403,3.105033,-0.197370
157,session_reset,2.753039,2.922610,0.169571
157,write_target,2.882174,2.858846,-0.023328
158,enter_extended_session,2.844739,2.917930,0.073191
158,read_target_after,2.781673,2.992730,0.211057
158,read_target_before,3.052585,3.274745,0.222160
158,request_security_seed,3.093929,2.962000,-0.131929
158,send_security_key,3.061873,2.688645,-0.373228
158,session_reset,2.931342,3.030513,0.099171
158,write_target,3.054400,2.815126,-0.239274
159,enter_extended_session,2.868275,3.237031,0.368756
159,read_target_after,3.121447,3.260498,0.139051
159,read_target_before,2.762118,2.859684,0.097566
159,request_security_seed,3.117396,3.060684,-0.056712
159,send_security_key,3.116837,2.886712,-0.230125
159,session_reset,2.658475,2.710225,0.051750
159,write_target,3.082057,2.840198,-0.241859
160,enter_extended_session,3.052584,2.697793,-0.354791
160,read_target_after,3.011309,2.986304,-0.025005
160,read_target_before,2.951805,2.704708,-0.247097
160,request_security_seed,3.046299,2.936159,-0.110140
160,send_security_key,2.940141,3.374896,0.434755
160,session_reset,2.898028,2.839360,-0.058668
160,write_target,3.265388,3.108735,-0.156653
161,enter_extended_session,2.956973,3.160975,0.204002
161,read_target_after,3.175992,3.208467,0.032475
161,read_target_before,2.689065,2.833214,0.144149
161,request_security_seed,3.319793,3.093998,-0.225795
161,send_security_key,2.961163,2.575014,-0.386149
161,session_reset,2.730550,2.709876,-0.020674
161,write_target,2.873164,3.071160,0.197996
162,enter_extended_session,2.836847,2.693883,-0.142964
162,read_target_after,2.852072,2.764701,-0.087371
162,read_target_before,3.159300,3.370286,0.210986
162,request_security_seed,2.887900,3.018640,0.130740
162,send_security_key,2.960325,3.109293,0.148968
162,session_reset,2.949849,2.712600,-0.237249
162,write_target,3.258124,2.875886,-0.382238
163,enter_extended_session,3.007398,3.249952,0.242554
163,read_target_after,3.008166,3.063339,0.055173
163,read_target_before,2.436592,2.827068,0.390476
163,request_security_seed,3.245832,2.964933,-0.280899
163,send_security_key,3.059150,2.936718,-0.122432
163,session_reset,2.647510,2.769240,0.121730
163,write_target,2.882453,3.272300,0.389847
164,enter_extended_session,3.069206,2.866947,-0.202259
164,read_target_after,2.812263,2.995523,0.183260
164,read_target_before,3.041480,3.031072,-0.010408
164,request_security_seed,2.823089,2.885524,0.062435
164,send_security_key,2.842644,3.198479,0.355835
164,session_reset,3.019969,2.853398,-0.166571
164,write_target,3.287877,2.902287,-0.385590
165,enter_extended_session,2.886573,2.811564,-0.075009
165,read_target_after,3.257077,3.184371,-0.072706
165,read_target_before,2.571314,3.020526,0.449212
165,request_security_seed,3.216989,2.990983,-0.226006
165,send_security_key,2.950128,3.121166,0.171038
165,session_reset,2.767007,3.188003,0.420996
165,write_target,2.906129,3.043014,0.136885
166,enter_extended_session,3.098329,2.668670,-0.429659
166,read_target_after,2.675237,2.826788,0.151551
166,read_target_before,3.106432,2.895232,-0.211200
166,request_security_seed,2.963468,3.294231,0.330763
166,send_security_key,2.852143,2.856262,0.004119
166,session_reset,2.760303,2.589402,-0.170901
166,write_target,3.204417,2.555598,-0.648819
167,enter_extended_session,3.352270,3.231374,-0.120896
167,read_target_after,3.292416,2.882452,-0.409964
167,read_target_before,2.966122,2.875817,-0.090305
167,request_security_seed,2.955297,2.945378,-0.009919
167,send_security_key,2.882663,2.631655,-0.251008
167,session_reset,2.263387,2.725311,0.461924
167,write_target,2.844111,3.326776,0.482665
168,enter_extended_session,2.689554,2.957949,0.268395
168,read_target_after,2.866949,3.214822,0.347873
168,read_target_before,3.036730,3.023249,-0.013481
168,request_security_seed,2.990427,3.003973,0.013546
168,send_security_key,2.878961,3.048602,0.169641
168,session_reset,2.917094,3.183813,0.266719
168,write_target,3.050698,2.789704,-0.260994
169,enter_extended_session,3.241851,2.623623,-0.618228
169,read_target_after,3.134088,2.618385,-0.515703
169,read_target_before,2.820714,3.253444,0.432730
169,request_security_seed,3.050140,2.632562,-0.417578
169,send_security_key,2.804512,2.883848,0.079336
169,session_reset,2.698005,2.935321,0.237316
169,write_target,3.092533,3.157064,0.064531
170,enter_extended_session,2.473049,3.078843,0.605794
170,read_target_after,2.994966,3.014939,0.019973
170,read_target_before,3.198900,2.590030,-0.608870
170,request_security_seed,2.885456,3.384604,0.499148
170,send_security_key,3.109783,2.755761,-0.354022
170,session_reset,2.891532,2.684454,-0.207078
170,write_target,2.869323,2.907035,0.037712
171,enter_extended_session,3.089180,3.095045,0.005865
171,read_target_after,2.777274,2.906477,0.129203
171,read_target_before,2.864853,3.267551,0.402698
171,request_security_seed,3.377971,2.834192,-0.543779
171,send_security_key,2.698842,3.042176,0.343334
171,session_reset,2.726639,2.870229,0.143590
171,write_target,3.287807,2.885315,-0.402492
172,enter_extended_session,3.027651,3.247647,0.219996
172,read_target_after,2.650723,3.247926,0.597203
172,read_target_before,3.208608,2.742003,-0.466605
172,request_security_seed,3.272721,3.066970,-0.205751
172,send_security_key,2.856543,2.881265,0.024722
172,session_reset,2.968497,2.598201,-0.370296
172,write_target,2.832238,3.078075,0.245837
173,enter_extended_session,3.288155,2.915556,-0.372599
173,read_target_after,3.013054,2.820923,-0.192131
173,read_target_before,2.951735,3.232352,0.280617
173,request_security_seed,2.870022,2.765888,-0.104134
173,send_security_key,2.859685,3.022970,0.163285
173,session_reset,2.805838,2.718047,-0.087791
173,write_target,3.343051,2.902705,-0.440346
174,enter_extended_session,2.814918,3.073186,0.258268
174,read_target_after,3.014591,3.001739,-0.012852
174,read_target_before,3.027651,2.789634,-0.238017
174,request_security_seed,3.342003,3.191286,-0.150717
174,send_security_key,2.970173,2.571802,-0.398371
174,session_reset,2.589124,2.696327,0.107203
174,write_target,2.628932,3.266225,0.637293
175,enter_extended_session,2.984699,2.812192,-0.172507
175,read_target_after,2.827907,3.012075,0.184168
175,read_target_before,3.344587,2.971149,-0.373438
175,request_security_seed,3.102659,3.034494,-0.068165
175,send_security_key,3.033099,3.023599,-0.009500
175,session_reset,2.940350,2.734111,-0.206239
175,write_target,3.128850,2.999923,-0.128927
176,enter_extended_session,2.982813,3.279564,0.296751
176,read_target_after,3.088273,3.087293,-0.000980
176,read_target_before,2.909132,2.782231,-0.126901
176,request_security_seed,3.097841,2.893626,-0.204215
176,send_security_key,3.222017,2.852210,-0.369807
176,session_reset,2.948313,2.744936,-0.203377
176,write_target,2.669580,3.259031,0.589451
177,enter_extended_session,3.024578,2.885036,-0.139542
177,read_target_after,2.898516,2.754365,-0.144151
177,read_target_before,3.213567,2.815964,-0.397603
177,request_security_seed,2.802626,3.193730,0.391104
177,send_security_key,2.865971,3.104125,0.238154
177,session_reset,2.918351,2.722378,-0.195973
177,write_target,3.041200,2.866807,-0.174393
178,enter_extended_session,3.009702,2.916114,-0.093588
178,read_target_after,3.223414,3.268110,0.044696
178,read_target_before,2.847324,3.088202,0.240878
178,request_security_seed,3.088552,2.858985,-0.229567
178,send_security_key,3.302263,2.885455,-0.416808
178,session_reset,2.669021,3.239545,0.570524
178,write_target,2.818339,2.810027,-0.008312
179,enter_extended_session,2.789216,2.858287,0.069071
179,read_target_after,2.706944,2.837474,0.130530
179,read_target_before,3.389844,2.919397,-0.470447
179,request_security_seed,2.969684,3.098817,0.129133
179,send_security_key,2.852492,3.190447,0.337955
179,session_reset,2.952433,2.499796,-0.452637
179,write_target,3.034147,2.774967,-0.259180
180,enter_extended_session,3.031492,3.059846,0.028354
180,read_target_after,2.918490,3.101750,0.183260
180,read_target_before,2.901799,3.095045,0.193246
180,request_security_seed,3.278937,2.874141,-0.404796
180,send_security_key,2.826581,2.767773,-0.058808
180,session_reset,2.946566,3.089319,0.142753
180,write_target,2.839920,3.070671,0.230751
181,enter_extended_session,2.965074,2.824344,-0.140730
181,read_target_after,2.534997,3.009980,0.474983
181,read_target_before,3.198481,2.854515,-0.343966
181,request_security_seed,2.934623,3.271113,0.336490
181,send_security_key,2.837406,3.064385,0.226979
181,session_reset,2.834054,2.711412,-0.122642
181,write_target,3.062012,2.892928,-0.169084
182,enter_extended_session,3.047346,2.918769,-0.128577
182,read_target_after,2.952153,2.788516,-0.163637
182,read_target_before,2.692627,3.143235,0.450608
182,request_security_seed,3.064876,2.698073,-0.366803
182,send_security_key,2.990147,2.936508,-0.053639
182,session_reset,2.640945,3.097490,0.456545
182,write_target,3.189471,3.185279,-0.004192
183,enter_extended_session,2.796758,2.931689,0.134931
183,read_target_after,2.763724,3.211260,0.447536
183,read_target_before,3.236544,2.855493,-0.381051
183,request_security_seed,3.065365,3.033167,-0.032198
183,send_security_key,2.844041,3.205254,0.361213
183,session_reset,2.932528,2.854375,-0.078153
183,write_target,2.950338,3.104894,0.154556
184,enter_extended_session,3.207630,2.723774,-0.483856
184,read_target_after,3.399831,2.892718,-0.507113
184,read_target_before,2.863596,3.047205,0.183609
184,request_security_seed,3.302193,3.025345,-0.276848
184,send_security_key,2.700938,2.875747,0.174809
184,session_reset,2.715465,3.033516,0.318051
184,write_target,3.025556,3.266155,0.240599
185,enter_extended_session,2.740048,3.090367,0.350319
185,read_target_after,2.884199,3.039802,0.155603
185,read_target_before,3.207979,2.916603,-0.291376
185,request_security_seed,2.819108,3.030024,0.210916
185,send_security_key,3.092254,3.081637,-0.010617
185,session_reset,2.722937,2.673908,-0.049029
185,write_target,2.895163,2.996221,0.101058
186,enter_extended_session,3.271464,2.809888,-0.461576
186,read_target_after,2.913183,3.003485,0.090302
186,read_target_before,2.817153,3.024368,0.207215
186,request_security_seed,2.877913,2.933785,0.055872
186,send_security_key,3.003836,2.924007,-0.079829
186,session_reset,2.733902,3.128919,0.395017
186,write_target,3.374828,3.050767,-0.324061
187,enter_extended_session,3.043993,3.300167,0.256174
187,read_target_after,2.700100,3.049161,0.349061
187,read_target_before,3.057473,2.814846,-0.242627
187,request_security_seed,2.482547,2.745774,0.263227
187,send_security_key,3.239826,3.110829,-0.128997
187,session_reset,2.725242,2.672093,-0.053149
187,write_target,2.976458,3.187584,0.211126
188,enter_extended_session,3.245204,2.951524,-0.293680
188,read_target_after,3.134646,2.797875,-0.336771
188,read_target_before,3.005232,2.959346,-0.045886
188,request_security_seed,2.829584,2.872953,0.043369
188,send_security_key,2.806397,3.004183,0.197786
188,session_reset,2.898027,2.864991,-0.033036
188,write_target,3.279566,3.183464,-0.096102
189,enter_extended_session,2.851444,3.271392,0.419948
189,read_target_after,2.819177,3.322935,0.503758
189,read_target_before,2.835800,3.027091,0.191291
189,request_security_seed,3.264760,3.144004,-0.120756
189,send_security_key,3.022274,2.724124,-0.298150
189,session_reset,3.162792,2.684943,-0.477849
189,write_target,2.921913,3.064805,0.142892
190,enter_extended_session,3.212030,2.886922,-0.325108
190,read_target_after,2.813940,2.754853,-0.059087
190,read_target_before,3.054190,3.084849,0.030659
190,request_security_seed,2.771406,2.812053,0.040647
190,send_security_key,2.841317,3.427975,0.586658
190,session_reset,2.913672,2.672442,-0.241230
190,write_target,3.247998,2.743120,-0.504878
191,enter_extended_session,3.022413,3.104055,0.081642
191,read_target_after,3.016756,3.237729,0.220973
191,read_target_before,2.990217,2.799831,-0.190386
191,request_security_seed,3.319235,3.057961,-0.261274
191,send_security_key,2.918421,2.846903,-0.071518
191,session_reset,2.888040,2.832237,-0.055803
191,write_target,2.927989,3.022482,0.094493
192,enter_extended_session,3.244296,2.842573,-0.401723
192,read_target_after,2.809609,2.781393,-0.028216
192,read_target_before,3.274816,2.929873,-0.344943
192,request_security_seed,2.707921,2.792218,0.084297
192,send_security_key,2.866390,3.281659,0.415269
192,session_reset,3.070393,2.752129,-0.318264
192,write_target,3.027930,2.537790,-0.490140
193,enter_extended_session,3.197503,2.607630,-0.589873
193,read_target_after,3.038476,3.013472,-0.025004
193,read_target_before,3.024159,2.863106,-0.161053
193,request_security_seed,3.045390,3.128918,0.083528
193,send_security_key,2.846416,2.882661,0.036245
193,session_reset,2.798714,3.297652,0.498938
193,write_target,2.878403,3.295348,0.416945
194,enter_extended_session,2.942237,2.809888,-0.132349
194,read_target_after,2.914370,3.012285,0.097915
194,read_target_before,3.470719,2.625789,-0.844930
194,request_security_seed,3.099378,3.217057,0.117679
194,send_security_key,3.060755,3.051675,-0.009080
194,session_reset,3.042108,3.236751,0.194643
194,write_target,2.856054,2.841735,-0.014319
195,enter_extended_session,3.467925,2.900191,-0.567734
195,read_target_after,3.004814,2.823017,-0.181797
195,read_target_before,3.028210,2.941048,-0.087162
195,request_security_seed,2.592196,2.970800,0.378604
195,send_security_key,3.190519,3.124100,-0.066419
195,session_reset,2.587586,3.125357,0.537771
195,write_target,3.100634,3.353106,0.252472
196,enter_extended_session,2.713020,3.009631,0.296611
196,read_target_after,3.060686,3.050348,-0.010338
196,read_target_before,2.799971,2.511040,-0.288931
196,request_security_seed,3.016825,3.206022,0.189197
196,send_security_key,3.249743,2.906476,-0.343267
196,session_reset,3.113485,2.761069,-0.352416
196,write_target,3.098888,3.059776,-0.039112
197,enter_extended_session,2.979042,2.817291,-0.161751
197,read_target_after,3.251280,3.033236,-0.218044
197,read_target_before,2.846485,3.245622,0.399137
197,request_security_seed,3.154691,2.860662,-0.294029
197,send_security_key,3.002578,2.924496,-0.078082
197,session_reset,2.775527,3.239126,0.463599
197,write_target,3.131294,2.901658,-0.229636
198,enter_extended_session,2.863177,3.198479,0.335302
198,read_target_after,2.857590,3.240384,0.382794
198,read_target_before,3.091415,2.679495,-0.411920
198,request_security_seed,2.870441,2.951663,0.081222
198,send_security_key,3.208817,2.927149,-0.281668
198,session_reset,2.681312,2.658473,-0.022839
198,write_target,2.810796,2.906058,0.095262
199,enter_extended_session,3.362117,2.663293,-0.698824
199,read_target_after,2.870720,2.991543,0.120823
199,read_target_before,2.879101,3.192194,0.313093
199,request_security_seed,2.789635,2.879867,0.090232
199,send_security_key,2.820714,3.004044,0.183330
199,session_reset,2.888319,2.893976,0.005657
199,write_target,3.416383,2.916953,-0.499430
200,enter_extended_session,2.891811,3.030163,0.138352
200,read_target_after,2.805349,2.825880,0.020531
200,read_target_before,3.027511,2.774478,-0.253033
200,request_security_seed,3.056425,3.100702,0.044277
200,send_security_key,2.896142,3.057541,0.161399
200,session_reset,2.776435,2.612309,-0.164126
200,write_target,3.071162,3.443828,0.372666
201,enter_extended_session,2.957252,2.707082,-0.250170
201,read_target_after,3.086527,2.804370,-0.282157
201,read_target_before,3.029327,3.225158,0.195831
201,request_security_seed,3.073745,3.062012,-0.011733
201,send_security_key,3.069066,3.035821,-0.033245
201,session_reset,2.824975,2.627884,-0.197091
201,write_target,2.995245,2.868205,-0.127040
202,enter_extended_session,3.079123,3.238986,0.159863
202,read_target_after,3.059359,3.005371,-0.053988
202,read_target_before,2.761140,3.029605,0.268465
202,request_security_seed,3.267972,2.807793,-0.460179
202,send_security_key,3.047346,3.065084,0.017738
202,session_reset,2.710366,2.787818,0.077452
202,write_target,3.096513,3.077376,-0.019137
203,enter_extended_session,2.910319,3.034774,0.124455
203,read_target_after,2.783698,2.777481,-0.006217
203,read_target_before,3.001531,3.069205,0.067674
203,request_security_seed,2.607212,2.931968,0.324756
203,send_security_key,2.917023,3.203718,0.286695
203,session_reset,3.029816,2.878401,-0.151415
203,write_target,3.279356,2.744237,-0.535119
204,enter_extended_session,3.129897,3.077864,-0.052033
204,read_target_after,3.058590,2.989378,-0.069212
204,read_target_before,3.020598,2.902286,-0.118312
204,request_security_seed,3.260080,2.792847,-0.467233
204,send_security_key,3.014172,2.861569,-0.152603
204,session_reset,2.726988,3.048671,0.321683
204,write_target,2.717280,3.246111,0.528831
205,enter_extended_session,3.027092,3.057960,0.030868
205,read_target_after,2.563562,3.058868,0.495306
205,read_target_before,3.031493,2.957600,-0.073893
205,request_security_seed,2.680684,3.037427,0.356743
205,send_security_key,2.839850,3.074583,0.234733
205,session_reset,2.904871,2.565306,-0.339565
205,write_target,3.469880,3.197571,-0.272309
206,enter_extended_session,3.088482,3.043084,-0.045398
206,read_target_after,2.648977,3.045180,0.396203
206,read_target_before,2.987423,2.959485,-0.027938
206,request_security_seed,2.950687,2.800250,-0.150437
206,send_security_key,2.970941,3.083172,0.112231
206,session_reset,2.744448,3.150429,0.405981
206,write_target,2.126780,2.563839,0.437059
207,enter_extended_session,3.127523,3.016056,-0.111467
207,read_target_after,3.064247,3.071020,0.006773
207,read_target_before,3.151199,3.097420,-0.053779
207,request_security_seed,3.012426,3.015218,0.002792
207,send_security_key,3.090088,3.019618,-0.070470
207,session_reset,3.000414,3.015357,0.014943
207,write_target,3.077517,3.100633,0.023116
208,enter_extended_session,2.892301,3.055586,0.163285
208,read_target_after,3.083593,3.000761,-0.082832
208,read_target_before,3.045531,2.906617,-0.138914
208,request_security_seed,3.066901,2.745983,-0.320918
208,send_security_key,3.057264,3.103217,0.045953
208,session_reset,2.947614,3.127941,0.180327
208,write_target,3.047835,3.061243,0.013408
209,enter_extended_session,3.046438,2.805837,-0.240601
209,read_target_after,2.934624,3.101680,0.167056
209,read_target_before,3.061734,2.640176,-0.421558
209,request_security_seed,2.716652,3.082265,0.365613
209,send_security_key,3.034915,2.858496,-0.176419
209,session_reset,3.146519,3.044900,-0.101619
209,write_target,3.308689,3.005860,-0.302829
210,enter_extended_session,3.036730,2.808491,-0.228239
210,read_target_after,3.172710,2.826649,-0.346061
210,read_target_before,2.762257,3.027371,0.265114
210,request_security_seed,3.083524,3.047484,-0.036040
210,send_security_key,2.874491,3.137508,0.263017
210,session_reset,2.673421,2.583396,-0.090025
210,write_target,2.816245,2.921143,0.104898
211,enter_extended_session,3.228093,3.052722,-0.175371
211,read_target_after,2.847463,3.360229,0.512766
211,read_target_before,3.353178,2.848300,-0.504878
211,request_security_seed,2.901659,3.071928,0.170269
211,send_security_key,2.861152,2.851721,-0.009431
211,session_reset,2.919887,2.919118,-0.000769
211,write_target,2.771407,3.058659,0.287252
212,enter_extended_session,2.847113,2.840826,-0.006287
212,read_target_after,3.009842,2.825461,-0.184381
212,read_target_before,2.969473,2.795500,-0.173973
212,request_security_seed,3.286270,3.239406,-0.046864
212,send_security_key,2.818968,3.090994,0.272026
212,session_reset,2.894326,2.652746,-0.241580
212,write_target,2.923868,3.032678,0.108810
213,enter_extended_session,2.901240,2.896908,-0.004332
213,read_target_after,2.871208,3.023180,0.151972
213,read_target_before,3.076470,3.174105,0.097635
213,request_security_seed,2.626279,2.704987,0.078708
213,send_security_key,3.185630,2.500075,-0.685555
213,session_reset,3.078355,3.239406,0.161051
213,write_target,2.886154,2.864014,-0.022140
214,enter_extended_session,3.024997,2.789703,-0.235294
214,read_target_after,3.148894,2.814567,-0.334327
214,read_target_before,2.763025,2.698701,-0.064324
214,request_security_seed,3.284734,3.285220,0.000486
214,send_security_key,2.794105,3.011097,0.216992
214,session_reset,2.849767,2.746403,-0.103364
214,write_target,2.779299,2.846973,0.067674
215,enter_extended_session,2.956135,3.110131,0.153996
215,read_target_after,2.980020,2.807862,-0.172158
215,read_target_before,3.026883,3.011028,-0.015855
215,request_security_seed,2.894047,2.727476,-0.166571
215,send_security_key,3.175224,2.735717,-0.439507
215,session_reset,2.904592,2.968215,0.063623
215,write_target,2.885037,3.403810,0.518773
216,enter_extended_session,3.280473,2.855633,-0.424840
216,read_target_after,3.032889,3.010957,-0.021932
216,read_target_before,2.997410,2.668251,-0.329159
216,request_security_seed,2.797457,3.223342,0.425885
216,send_security_key,3.119282,3.048323,-0.070959
216,session_reset,2.693045,2.891182,0.198137
216,write_target,3.192334,3.028209,-0.164125
217,enter_extended_session,2.757299,3.159997,0.402698
217,read_target_after,3.026673,2.902566,-0.124107
217,read_target_before,3.055447,3.109992,0.054545
217,request_security_seed,2.993220,2.829373,-0.163847
217,send_security_key,3.255261,2.822878,-0.432383
217,session_reset,2.769521,2.906547,0.137026
217,write_target,2.811355,3.205603,0.394248
218,enter_extended_session,3.125078,3.188492,0.063414
218,read_target_after,3.242271,3.182626,-0.059645
218,read_target_before,2.828745,2.809608,-0.019137
218,request_security_seed,3.015918,3.042525,0.026607
218,send_security_key,3.066761,2.856750,-0.210011
218,session_reset,2.707502,2.857309,0.149807
218,write_target,3.050419,2.886153,-0.164266
219,enter_extended_session,3.035822,3.083661,0.047839
219,read_target_after,2.705128,2.884547,0.179419
219,read_target_before,2.953899,3.317348,0.363449
219,request_security_seed,3.020457,2.787678,-0.232779
219,send_security_key,3.266225,2.871975,-0.394250
219,session_reset,2.773641,2.726917,-0.046724
219,write_target,2.928129,2.702962,-0.225167
220,enter_extended_session,3.091625,3.381601,0.289976
220,read_target_after,3.259731,3.240872,-0.018859
220,read_target_before,3.014172,2.840966,-0.173206
220,request_security_seed,3.036311,2.842643,-0.193668
220,send_security_key,3.147637,2.964304,-0.183333
220,session_reset,2.776016,2.889575,0.113559
220,write_target,2.814428,2.627674,-0.186754
221,enter_extended_session,2.964027,2.503358,-0.460669
221,read_target_after,2.848860,2.995453,0.146593
221,read_target_before,3.236334,3.074792,-0.161542
221,request_security_seed,3.096095,2.759184,-0.336911
221,send_security_key,3.064806,3.200854,0.136048
221,session_reset,2.730410,2.954736,0.224326
221,write_target,2.903335,2.768821,-0.134514
222,enter_extended_session,3.045600,2.750104,-0.295496
222,read_target_after,3.084920,2.801716,-0.283204
222,read_target_before,3.002857,2.853328,-0.149529
222,request_security_seed,2.912485,3.206511,0.294026
222,send_security_key,3.035473,2.580323,-0.455150
222,session_reset,3.161745,3.102588,-0.059157
222,write_target,3.022134,3.211260,0.189126
223,enter_extended_session,2.838104,2.982743,0.144639
223,read_target_after,3.048114,3.026463,-0.021651
223,read_target_before,2.777971,3.018431,0.240460
223,request_security_seed,3.304708,3.038335,-0.266373
223,send_security_key,3.147776,3.304497,0.156721
223,session_reset,2.926662,2.958647,0.031985
223,write_target,3.081917,2.928826,-0.153091
224,enter_extended_session,3.180672,3.098398,-0.082274
224,read_target_after,3.119770,3.366934,0.247164
224,read_target_before,2.921773,2.831747,-0.090026
224,request_security_seed,3.177878,2.948381,-0.229497
224,send_security_key,2.697725,2.927708,0.229983
224,session_reset,2.879868,3.085897,0.206029
224,write_target,3.307013,3.072627,-0.234386
225,enter_extended_session,2.822669,2.884058,0.061389
225,read_target_after,3.140723,2.902286,-0.238437
225,read_target_before,3.134507,2.980577,-0.153930
225,request_security_seed,3.314625,3.049789,-0.264836
225,send_security_key,2.900192,3.136042,0.235850
225,session_reset,2.483595,2.365354,-0.118241
225,write_target,2.747382,3.128360,0.380978
226,enter_extended_session,3.133529,3.075141,-0.058388
226,read_target_after,2.834542,3.401365,0.566823
226,read_target_before,3.151339,3.156993,0.005654
226,request_security_seed,2.644926,2.878890,0.233964
226,send_security_key,2.785374,2.808281,0.022907
226,session_reset,2.887900,3.042455,0.154555
226,write_target,3.184303,2.878191,-0.306112
227,enter_extended_session,3.057194,2.960812,-0.096382
227,read_target_after,3.206023,3.028628,-0.177395
227,read_target_before,3.053492,2.917512,-0.135980
227,request_security_seed,3.136462,3.034005,-0.102457
227,send_security_key,2.984769,3.244085,0.259316
227,session_reset,2.669020,2.416407,-0.252613
227,write_target,2.986236,3.032189,0.045953
228,enter_extended_session,2.560698,3.378597,0.817899
228,read_target_after,2.608748,2.979111,0.370363
228,read_target_before,3.000483,3.075001,0.074518
228,request_security_seed,2.842225,2.489320,-0.352905
228,send_security_key,3.032260,2.720212,-0.312048
228,session_reset,2.921912,2.411448,-0.510464
228,write_target,2.644088,3.064525,0.420437
229,enter_extended_session,3.240595,3.087991,-0.152604
229,read_target_after,3.021016,3.115998,0.094982
229,read_target_before,3.095466,2.854027,-0.241439
229,request_security_seed,2.922821,3.200854,0.278033
229,send_security_key,3.024997,3.040290,0.015293
229,session_reset,2.722868,2.843550,0.120682
229,write_target,3.010540,3.124518,0.113978
230,enter_extended_session,3.255540,3.255190,-0.000350
230,read_target_after,2.780975,2.573408,-0.207567
230,read_target_before,3.323425,3.183813,-0.139612
230,request_security_seed,2.691439,2.885594,0.194155
230,send_security_key,3.084990,2.822109,-0.262881
230,session_reset,2.727268,2.663362,-0.063906
230,write_target,3.077517,3.183464,0.105947
231,enter_extended_session,2.976808,3.090366,0.113558
231,read_target_after,3.024020,3.196315,0.172295
231,read_target_before,2.830631,3.068715,0.238084
231,request_security_seed,3.007397,3.007256,-0.000141
231,send_security_key,3.089389,2.882661,-0.206728
231,session_reset,2.810098,2.676493,-0.133605
231,write_target,2.885317,3.048183,0.162866
232,enter_extended_session,3.031702,3.033866,0.002164
232,read_target_after,3.026324,2.790122,-0.236202
232,read_target_before,2.989099,3.089388,0.100289
232,request_security_seed,3.067390,2.986514,-0.080876
232,send_security_key,3.061663,2.894255,-0.167408
232,session_reset,2.881265,2.778110,-0.103155
232,write_target,3.053632,2.918908,-0.134724
233,enter_extended_session,3.085619,3.258053,0.172434
233,read_target_after,2.874561,2.986305,0.111744
233,read_target_before,2.784606,2.747101,-0.037505
233,request_security_seed,3.199948,2.911295,-0.288653
233,send_security_key,2.506083,2.925473,0.419390
233,session_reset,2.836009,2.547567,-0.288442
233,write_target,3.257985,2.835240,-0.422745
234,enter_extended_session,2.781393,2.852839,0.071446
234,read_target_after,3.045321,2.817779,-0.227542
234,read_target_before,3.006838,3.004602,-0.002236
234,request_security_seed,3.041479,2.860312,-0.181167
234,send_security_key,3.076819,3.225717,0.148898
234,session_reset,2.915348,3.187095,0.271747
234,write_target,2.710156,2.957460,0.247304
235,enter_extended_session,2.988610,3.026672,0.038062
235,read_target_after,2.977505,3.344445,0.366940
235,read_target_before,2.910179,3.099306,0.189127
235,request_security_seed,2.865063,3.037706,0.172643
235,send_security_key,3.005302,2.854027,-0.151275
235,session_reset,3.135205,2.879379,-0.255826
235,write_target,3.287178,3.001110,-0.286068
236,enter_extended_session,3.046019,2.679635,-0.366384
236,read_target_after,3.031771,2.982533,-0.049238
236,read_target_before,3.068577,2.792986,-0.275591
236,request_security_seed,3.094279,2.911226,-0.183053
236,send_security_key,2.975690,3.299678,0.323988
236,session_reset,2.754785,2.882172,0.127387
236,write_target,2.764911,3.211260,0.446349
237,enter_extended_session,3.070253,3.064456,-0.005797
237,read_target_after,3.034285,3.013123,-0.021162
237,read_target_before,3.265457,2.772314,-0.493143
237,request_security_seed,2.832517,3.237520,0.405003
237,send_security_key,2.778251,2.819734,0.041483
237,session_reset,3.058730,2.881753,-0.176977
237,write_target,2.924217,3.097629,0.173412
238,enter_extended_session,2.882174,3.048811,0.166637
238,read_target_after,2.995175,2.718327,-0.276848
238,read_target_before,3.010121,3.271882,0.261761
238,request_security_seed,2.918770,3.172220,0.253450
238,send_security_key,3.104545,2.619223,-0.485322
238,session_reset,2.699611,2.740396,0.040785
238,write_target,2.888389,3.214053,0.325664
239,enter_extended_session,2.946008,3.254700,0.308692
239,read_target_after,2.833006,2.886503,0.053497
239,read_target_before,3.307013,3.108804,-0.198209
239,request_security_seed,2.928827,3.025834,0.097007
239,send_security_key,3.010191,2.662454,-0.347737
239,session_reset,3.157694,2.896699,-0.260995
239,write_target,3.001252,2.985606,-0.015646
240,enter_extended_session,2.947683,2.865410,-0.082273
240,read_target_after,3.069694,3.075979,0.006285
240,read_target_before,2.850256,2.826160,-0.024096
240,request_security_seed,2.980508,3.392426,0.411918
240,send_security_key,3.288225,2.872604,-0.415621
240,session_reset,2.850745,2.702682,-0.148063
240,write_target,3.027162,3.069764,0.042602
241,enter_extended_session,3.070742,3.075351,0.004609
241,read_target_after,3.034286,3.012005,-0.022281
241,read_target_before,3.101192,2.852140,-0.249052
241,request_security_seed,2.939443,2.866458,-0.072985
241,send_security_key,2.234404,2.987422,0.753018
241,session_reset,2.899983,2.896140,-0.003843
241,write_target,2.980578,3.033866,0.053288
242,enter_extended_session,3.070184,2.889296,-0.180888
242,read_target_after,3.015917,2.876305,-0.139612
242,read_target_before,2.905569,3.006697,0.101128
242,request_security_seed,3.029187,3.157902,0.128715
242,send_security_key,3.138907,2.891321,-0.247586
242,session_reset,2.974224,2.643179,-0.331045
242,write_target,3.048533,2.637312,-0.411221
243,enter_extended_session,3.298911,3.281100,-0.017811
243,read_target_after,3.097701,3.098956,0.001255
243,read_target_before,3.081568,2.852979,-0.228589
243,request_security_seed,2.880218,2.907454,0.027236
243,send_security_key,3.045111,2.839080,-0.206031
243,session_reset,2.989518,2.940070,-0.049448
243,write_target,3.050628,3.277609,0.226981
244,enter_extended_session,3.029746,2.999434,-0.030312
244,read_target_after,2.920306,3.037707,0.117401
244,read_target_before,3.053422,2.773920,-0.279502
244,request_security_seed,3.056984,3.239825,0.182841
244,send_security_key,3.054540,3.131293,0.076753
244,session_reset,2.990635,2.437009,-0.553626
244,write_target,3.115510,2.969053,-0.146457
245,enter_extended_session,2.916256,2.918698,0.002442
245,read_target_after,2.812124,2.978832,0.166708
245,read_target_before,3.030934,2.880985,-0.149949
245,request_security_seed,3.032889,2.850813,-0.182076
245,send_security_key,3.056495,2.762745,-0.293750
245,session_reset,3.157484,3.270136,0.112652
245,write_target,3.166074,3.058729,-0.107345
246,enter_extended_session,3.108875,2.862338,-0.246537
246,read_target_after,3.102589,3.001879,-0.100710
246,read_target_before,3.078774,2.793056,-0.285718
246,request_security_seed,3.134576,2.942235,-0.192341
246,send_security_key,3.024648,3.364489,0.339841
246,session_reset,2.880498,3.029046,0.148548
246,write_target,3.077307,3.074512,-0.002795
247,enter_extended_session,3.430350,2.904661,-0.525689
247,read_target_after,2.803044,2.887690,0.084646
247,read_target_before,3.079123,2.620830,-0.458293
247,request_security_seed,2.701077,3.049160,0.348083
247,send_security_key,3.070114,2.770148,-0.299966
247,session_reset,2.813940,3.065364,0.251424
247,write_target,3.298213,3.196803,-0.101410
248,enter_extended_session,3.059638,2.907524,-0.152114
248,read_target_after,3.135834,3.189400,0.053566
248,read_target_before,3.061244,2.786351,-0.274893
248,request_security_seed,3.367145,3.231373,-0.135772
248,send_security_key,2.699610,3.033656,0.334046
248,session_reset,2.923798,2.578018,-0.345780
248,write_target,2.905570,2.958368,0.052798
249,enter_extended_session,3.087085,2.924426,-0.162659
249,read_target_after,2.997201,2.978063,-0.019138
249,read_target_before,2.991683,3.232351,0.240668
249,request_security_seed,2.809400,2.830280,0.020880
249,send_security_key,3.038616,2.883150,-0.155466
249,session_reset,2.844809,2.775526,-0.069283
249,write_target,3.098889,2.896420,-0.202469
250,enter_extended_session,3.154481,3.031002,-0.123479
250,read_target_after,3.005721,3.250999,0.245278
250,read_target_before,3.017803,3.045669,0.027866
250,request_security_seed,3.009493,3.226136,0.216643
250,send_security_key,2.986236,2.872185,-0.114051
250,session_reset,2.763026,2.744028,-0.018998
250,write_target,3.078285,2.924355,-0.153930
251,enter_extended_session,2.818270,2.869391,0.051121
251,read_target_after,3.049721,3.010888,-0.038833
251,read_target_before,2.981068,2.947123,-0.033945
251,request_security_seed,2.990357,3.018710,0.028353
251,send_security_key,3.208608,3.112016,-0.096592
251,session_reset,3.109155,3.000901,-0.108254
251,write_target,3.119282,3.096512,-0.022770
252,enter_extended_session,3.157834,2.997130,-0.160704
252,read_target_after,3.243318,3.165095,-0.078223
252,read_target_before,3.039105,3.098188,0.059083
252,request_security_seed,3.007746,3.285989,0.278243
252,send_security_key,2.941328,2.808281,-0.133047
252,session_reset,2.915068,2.737672,-0.177396
252,write_target,3.070533,3.077446,0.006913
253,enter_extended_session,2.825253,2.888527,0.063274
253,read_target_after,2.910808,3.031700,0.120892
253,read_target_before,3.064876,2.878611,-0.186265
253,request_security_seed,2.912275,2.693743,-0.218532
253,send_security_key,3.001740,3.361417,0.359677
253,session_reset,2.733972,2.861569,0.127597
253,write_target,2.954808,2.896001,-0.058807
254,enter_extended_session,3.058241,3.242269,0.184028
254,read_target_after,3.262874,3.023459,-0.239415
254,read_target_before,2.911995,2.837753,-0.074242
254,request_security_seed,3.087504,3.060614,-0.026890
254,send_security_key,3.008864,2.783627,-0.225237
254,session_reset,2.961093,2.723705,-0.237388
254,write_target,3.081568,3.093648,0.012080
255,enter_extended_session,3.096304,2.988818,-0.107486
255,read_target_after,2.843971,3.065503,0.221532
255,read_target_before,3.088831,2.839150,-0.249681
255,request_security_seed,3.053143,2.881893,-0.171250
255,send_security_key,3.004045,3.040570,0.036525
255,session_reset,2.668392,2.853608,0.185216
255,write_target,3.034565,3.075141,0.040576
256,enter_extended_session,2.904104,3.082893,0.178789
256,read_target_after,2.830631,3.197152,0.366521
256,read_target_before,2.811844,2.790192,-0.021652
256,request_security_seed,3.082685,3.111318,0.028633
256,send_security_key,3.059638,3.017313,-0.042325
256,session_reset,3.076469,2.888947,-0.187522
256,write_target,3.291927,3.259031,-0.032896
257,enter_extended_session,2.749197,3.010958,0.261761
257,read_target_after,3.016337,2.945936,-0.070401
257,read_target_before,2.961791,3.031212,0.069421
257,request_security_seed,3.032121,2.865829,-0.166292
257,send_security_key,3.141211,3.221945,0.080734
257,session_reset,2.870440,2.454470,-0.415970
257,write_target,3.015638,2.621248,-0.394390
258,enter_extended_session,3.211750,3.258682,0.046932
258,read_target_after,2.856472,3.055166,0.198694
258,read_target_before,2.928687,3.010608,0.081921
258,request_security_seed,2.853888,2.871626,0.017738
258,send_security_key,2.757019,3.082544,0.325525
258,session_reset,2.901939,2.858915,-0.043024
258,write_target,3.222715,3.292135,0.069420
259,enter_extended_session,2.921144,2.832096,-0.089048
259,read_target_after,3.109365,3.053421,-0.055944
259,read_target_before,2.776016,2.909131,0.133115
259,request_security_seed,3.030095,3.021923,-0.008172
259,send_security_key,3.256658,3.233190,-0.023468
259,session_reset,2.842504,2.785723,-0.056781
259,write_target,2.890415,2.624811,-0.265604
260,enter_extended_session,3.402414,3.080938,-0.321476
260,read_target_after,2.827838,2.889994,0.062156
260,read_target_before,3.248137,3.240593,-0.007544
260,request_security_seed,2.541422,2.890692,0.349270
260,send_security_key,3.058800,3.010398,-0.048402
260,session_reset,2.888389,3.091065,0.202676
260,write_target,3.078844,2.943911,-0.134933
261,enter_extended_session,2.839850,3.134156,0.294306
261,read_target_after,3.044972,3.281938,0.236966
261,read_target_before,3.124938,3.070671,-0.054267
261,request_security_seed,3.111739,3.256726,0.144987
261,send_security_key,2.973105,3.042945,0.069840
261,session_reset,2.866390,2.445320,-0.421070
261,write_target,2.913252,2.659102,-0.254150
262,enter_extended_session,2.805349,3.055585,0.250236
262,read_target_after,2.952014,2.633890,-0.318124
262,read_target_before,3.099517,3.146798,0.047281
262,request_security_seed,2.751502,2.683477,-0.068025
262,send_security_key,3.013753,2.817360,-0.196393
262,session_reset,3.495093,2.838802,-0.656291
262,write_target,3.172290,3.187095,0.014805
263,enter_extended_session,3.039943,2.844109,-0.195834
263,read_target_after,3.261896,3.011936,-0.249960
263,read_target_before,2.996991,2.766517,-0.230474
263,request_security_seed,3.074235,3.235983,0.161748
263,send_security_key,3.069276,3.084150,0.014874
263,session_reset,2.924496,2.683057,-0.241439
263,write_target,2.873233,2.859893,-0.013340
264,enter_extended_session,2.704849,2.774548,0.069699
264,read_target_after,3.122075,2.924635,-0.197440
264,read_target_before,3.270416,3.313436,0.043020
264,request_security_seed,2.603231,2.857030,0.253799
264,send_security_key,2.986515,2.855982,-0.130533
264,session_reset,2.915627,3.167958,0.252331
264,write_target,2.839361,2.958229,0.118868
265,enter_extended_session,3.083384,3.386699,0.303315
265,read_target_after,3.069695,3.307081,0.237386
265,read_target_before,2.899005,2.924844,0.025839
265,request_security_seed,3.054470,2.921352,-0.133118
265,send_security_key,3.119491,2.823995,-0.295496
265,session_reset,2.729502,2.521586,-0.207916
265,write_target,3.038686,3.061871,0.023185
266,enter_extended_session,2.827348,2.824135,-0.003213
266,read_target_after,2.836568,2.872045,0.035477
266,read_target_before,2.897887,3.014868,0.116981
266,request_security_seed,2.823228,2.914997,0.091769
266,send_security_key,3.257565,2.996221,-0.261344
266,session_reset,2.941817,2.956621,0.014804
266,write_target,2.926592,2.981345,0.054753
267,enter_extended_session,3.070254,3.365956,0.295702
267,read_target_after,3.021505,3.270065,0.248560
267,read_target_before,2.823577,3.043922,0.220345
267,request_security_seed,3.073047,2.923657,-0.149390
267,send_security_key,3.065923,2.885105,-0.180818
267,session_reset,2.880777,2.688016,-0.192761
267,write_target,3.032470,3.015637,-0.016833
268,enter_extended_session,3.073047,2.697514,-0.375533
268,read_target_after,2.817711,2.823087,0.005376
268,read_target_before,3.263781,3.047904,-0.215877
268,request_security_seed,2.810447,3.090436,0.279989
268,send_security_key,3.037498,3.197571,0.160073
268,session_reset,2.975899,2.694022,-0.281877
268,write_target,2.726290,2.851651,0.125361
269,enter_extended_session,3.016616,2.958088,-0.058528
269,read_target_after,3.244366,3.272440,0.028074
269,read_target_before,3.055936,2.736904,-0.319032
269,request_security_seed,3.043295,3.043573,0.000278
269,send_security_key,3.116976,3.173616,0.056640
269,session_reset,2.902637,2.733971,-0.168666
269,write_target,3.040012,2.967936,-0.072076
270,enter_extended_session,2.861360,2.800529,-0.060831
270,read_target_after,2.743121,2.571592,-0.171529
270,read_target_before,2.914649,3.222923,0.308274
270,request_security_seed,3.082895,3.063827,-0.019068
270,send_security_key,3.115999,3.065433,-0.050566
270,session_reset,2.702893,2.748847,0.045954
270,write_target,3.098469,3.122632,0.024163
271,enter_extended_session,3.244086,2.999504,-0.244582
271,read_target_after,3.146379,2.986723,-0.159656
271,read_target_before,3.078355,2.881474,-0.196881
271,request_security_seed,2.849558,3.086944,0.237386
271,send_security_key,3.038196,2.681311,-0.356885
271,session_reset,2.970382,3.067668,0.097286
271,write_target,3.124868,3.342839,0.217971
272,enter_extended_session,3.124101,2.841804,-0.282297
272,read_target_after,3.121586,2.750662,-0.370924
272,read_target_before,2.818828,3.047135,0.228307
272,request_security_seed,3.010121,2.602461,-0.407660
272,send_security_key,3.315743,3.245691,-0.070052
272,session_reset,2.895513,2.720911,-0.174602
272,write_target,3.055517,2.697235,-0.358282
273,enter_extended_session,3.153363,3.089668,-0.063695
273,read_target_after,3.183395,2.866318,-0.317077
273,read_target_before,3.083802,3.310992,0.227190
273,request_security_seed,2.562095,2.861918,0.299823
273,send_security_key,2.779578,3.004114,0.224536
273,session_reset,3.057473,3.059218,0.001745
273,write_target,2.920795,2.822109,-0.098686
274,enter_extended_session,2.842225,3.058100,0.215875
274,read_target_after,2.966471,2.827767,-0.138704
274,read_target_before,2.807025,2.917720,0.110695
274,request_security_seed,3.262384,3.263850,0.001466
274,send_security_key,3.032469,3.002856,-0.029613
274,session_reset,2.777203,2.932457,0.155254
274,write_target,3.084640,3.037217,-0.047423
275,enter_extended_session,3.008794,3.084429,0.075635
275,read_target_after,3.131294,3.015847,-0.115447
275,read_target_before,3.103358,3.049300,-0.054058
275,request_security_seed,3.011867,3.093160,0.081293
275,send_security_key,2.918491,2.823576,-0.094915
275,session_reset,2.945728,3.130315,0.184587
275,write_target,3.054889,3.069344,0.014455
276,enter_extended_session,2.896142,2.896629,0.000487
276,read_target_after,2.829583,2.789843,-0.039740
276,read_target_before,3.045391,2.763095,-0.282296
276,request_security_seed,3.538114,3.241571,-0.296543
276,send_security_key,2.580043,3.174524,0.594481
276,session_reset,2.720004,2.961231,0.241227
276,write_target,2.861222,3.073046,0.211824
277,enter_extended_session,2.893069,3.040430,0.147361
277,read_target_after,2.795851,2.877772,0.081921
277,read_target_before,3.052654,2.974780,-0.077874
277,request_security_seed,3.024369,3.059147,0.034778
277,send_security_key,3.052933,2.625300,-0.427633
277,session_reset,3.213147,2.998037,-0.215110
277,write_target,3.250163,3.284662,0.034499
278,enter_extended_session,3.018641,2.946914,-0.071727
278,read_target_after,3.000344,2.954247,-0.046097
278,read_target_before,2.718048,2.796478,0.078430
278,request_security_seed,3.092672,2.996291,-0.096381
278,send_security_key,3.029815,3.261824,0.232009
278,session_reset,2.702614,2.686410,-0.016204
278,write_target,2.884548,2.922261,0.037713
279,enter_extended_session,3.089460,2.840338,-0.249122
279,read_target_after,3.075143,2.827767,-0.247376
279,read_target_before,3.268531,3.397035,0.128504
279,request_security_seed,3.107339,2.820713,-0.286626
279,send_security_key,3.073117,2.701355,-0.371762
279,session_reset,2.909620,3.206581,0.296961
279,write_target,2.812403,2.923867,0.111464
280,enter_extended_session,3.081148,2.880496,-0.200652
280,read_target_after,3.205185,3.276281,0.071096
280,read_target_before,2.622227,2.689901,0.067674
280,request_security_seed,3.065644,3.217126,0.151482
280,send_security_key,3.424623,3.015008,-0.409615
280,session_reset,2.914649,2.610703,-0.303946
280,write_target,3.085479,2.879588,-0.205891
281,enter_extended_session,3.046577,3.073953,0.027376
281,read_target_after,3.043923,2.719234,-0.324689
281,read_target_before,3.259382,3.243316,-0.016066
281,request_security_seed,3.046089,2.835658,-0.210431
281,send_security_key,2.982674,2.868972,-0.113702
281,session_reset,2.801996,2.644715,-0.157281
281,write_target,2.931830,3.180879,0.249049
282,enter_extended_session,3.059428,3.230396,0.170968
282,read_target_after,3.157484,3.186047,0.028563
282,read_target_before,2.738791,2.857100,0.118309
282,request_security_seed,3.204976,2.803043,-0.401933
282,send_security_key,3.033587,3.079191,0.045604
282,session_reset,3.003346,2.739139,-0.264207
282,write_target,3.038406,2.873302,-0.165104
283,enter_extended_session,3.058939,2.839919,-0.219020
283,read_target_after,2.855914,2.813869,-0.042045
283,read_target_before,3.034844,3.253234,0.218390
283,request_security_seed,3.035473,3.028627,-0.006846
283,send_security_key,3.066831,3.007885,-0.058946
283,session_reset,2.913462,2.927149,0.013687
283,write_target,3.111250,2.814287,-0.296963
284,enter_extended_session,3.103987,3.316020,0.212033
284,read_target_after,3.332854,3.333550,0.000696
284,read_target_before,3.056425,3.084010,0.027585
284,request_security_seed,3.042527,2.992869,-0.049658
284,send_security_key,3.085897,2.541630,-0.544267
284,session_reset,2.961721,2.695908,-0.265813
284,write_target,2.993639,2.822109,-0.171530
285,enter_extended_session,2.688086,2.516209,-0.171877
285,read_target_after,3.059148,2.984418,-0.074730
285,read_target_before,3.162233,2.853538,-0.308695
285,request_security_seed,3.075911,2.808840,-0.267071
285,send_security_key,3.001740,3.249951,0.248211
285,session_reset,2.842784,2.721120,-0.121664
285,write_target,2.983861,3.033586,0.049725
286,enter_extended_session,3.323146,2.790192,-0.532954
286,read_target_after,3.068367,3.032538,-0.035829
286,read_target_before,2.862758,2.797386,-0.065372
286,request_security_seed,2.939372,2.795570,-0.143802
286,send_security_key,2.968426,3.158460,0.190034
286,session_reset,2.920376,3.439847,0.519471
286,write_target,3.082405,3.218243,0.135838
287,enter_extended_session,2.869392,2.677051,-0.192341
287,read_target_after,2.742353,2.728244,-0.014109
287,read_target_before,2.703382,3.242199,0.538817
287,request_security_seed,3.029117,2.841106,-0.188011
287,send_security_key,3.386631,3.020176,-0.366455
287,session_reset,2.937975,2.739768,-0.198207
287,write_target,3.186467,2.855912,-0.330555
288,enter_extended_session,2.834612,3.267691,0.433079
288,read_target_after,2.825881,2.953898,0.128017
288,read_target_before,3.081148,2.766167,-0.314981
288,request_security_seed,3.213286,2.870928,-0.342358
288,send_security_key,2.862688,2.847042,-0.015646
288,session_reset,3.284174,2.848439,-0.435735
288,write_target,3.241991,2.866738,-0.375253
289,enter_extended_session,2.831818,2.874559,0.042741
289,read_target_after,2.860173,2.893207,0.033034
289,read_target_before,2.979461,2.947333,-0.032128
289,request_security_seed,3.269159,2.872534,-0.396625
289,send_security_key,2.997899,3.263221,0.265322
289,session_reset,2.980438,3.102658,0.122220
289,write_target,2.868554,2.716930,-0.151624
290,enter_extended_session,2.893767,2.848090,-0.045677
290,read_target_after,2.823577,3.243875,0.420298
290,read_target_before,3.016616,2.864153,-0.152463
290,request_security_seed,2.990007,2.962628,-0.027379
290,send_security_key,2.904732,2.923238,0.018506
290,session_reset,3.096862,3.109782,0.012920
290,write_target,3.284385,3.030233,-0.254152
291,enter_extended_session,3.031493,2.851722,-0.179771
291,read_target_after,3.026394,2.755621,-0.270773
291,read_target_before,3.233400,2.855004,-0.378396
291,request_security_seed,3.092323,3.243596,0.151273
291,send_security_key,2.973804,3.098747,0.124943
291,session_reset,2.990007,2.547287,-0.442720
291,write_target,3.013473,2.890343,-0.123130
292,enter_extended_session,3.036241,3.040431,0.004190
292,read_target_after,3.025346,2.857868,-0.167478
292,read_target_before,3.048952,2.983650,-0.065302
292,request_security_seed,3.167471,2.901658,-0.265813
292,send_security_key,2.963398,2.702752,-0.260646
292,session_reset,2.907525,3.120397,0.212872
292,write_target,3.097281,3.239824,0.142543
293,enter_extended_session,3.080310,3.033167,-0.047143
293,read_target_after,3.056704,3.001529,-0.055175
293,read_target_before,3.205046,2.824973,-0.380073
293,request_security_seed,3.266784,3.228441,-0.038343
293,send_security_key,2.865621,3.010050,0.144429
293,session_reset,2.624811,2.502310,-0.122501
293,write_target,2.743051,3.095185,0.352134
294,enter_extended_session,3.013054,2.902147,-0.110907
294,read_target_after,3.008236,2.682288,-0.325948
294,read_target_before,3.043993,3.210282,0.166289
294,request_security_seed,2.910389,3.003694,0.093305
294,send_security_key,2.936998,2.852909,-0.084089
294,session_reset,2.997619,3.075071,0.077452
294,write_target,3.097211,3.057750,-0.039461
295,enter_extended_session,3.061733,2.851442,-0.210291
295,read_target_after,3.246670,2.934482,-0.312188
295,read_target_before,2.942725,2.785862,-0.156863
295,request_security_seed,3.161675,3.267551,0.105876
295,send_security_key,2.909900,3.062640,0.152740
295,session_reset,2.711902,2.724752,0.012850
295,write_target,2.960465,3.122772,0.162307
296,enter_extended_session,3.118863,2.841804,-0.277059
296,read_target_after,3.076050,3.029745,-0.046305
296,read_target_before,3.306384,3.045459,-0.260925
296,request_security_seed,2.792498,2.993637,0.201139
296,send_security_key,3.046158,3.121794,0.075636
296,session_reset,2.696886,3.297163,0.600277
296,write_target,2.867506,3.180321,0.312815
297,enter_extended_session,3.100145,3.250440,0.150295
297,read_target_after,3.082126,2.831328,-0.250798
297,read_target_before,3.084012,2.994405,-0.089607
297,request_security_seed,3.258543,3.050138,-0.208405
297,send_security_key,2.894256,2.879588,-0.014668
297,session_reset,2.895443,2.697653,-0.197790
297,write_target,3.041479,2.874559,-0.166920
298,enter_extended_session,3.044203,3.037217,-0.006986
298,read_target_after,3.012496,2.751989,-0.260507
298,read_target_before,3.240315,3.029745,-0.210570
298,request_security_seed,2.744727,2.916883,0.172156
298,send_security_key,2.991822,2.859753,-0.132069
298,session_reset,2.851444,2.844248,-0.007196
298,write_target,2.856961,3.154061,0.297100
299,enter_extended_session,3.250930,3.298979,0.048049
299,read_target_after,3.235356,3.224739,-0.010617
299,read_target_before,3.016266,3.043573,0.027307
299,request_security_seed,2.896002,3.076538,0.180536
299,send_security_key,3.095466,2.792637,-0.302829
299,session_reset,2.751293,2.644366,-0.106927
299,write_target,3.061802,2.891111,-0.170691
300,enter_extended_session,3.078844,3.289481,0.210637
300,read_target_after,2.749337,2.954597,0.205260
300,read_target_before,2.875119,3.277189,0.402070
300,request_security_seed,3.037289,2.589122,-0.448167
300,send_security_key,3.274397,3.111946,-0.162451
300,session_reset,2.730341,2.719933,-0.010408
300,write_target,3.073047,2.863385,-0.209662
301,enter_extended_session,3.104965,3.277957,0.172992
301,read_target_after,2.858358,3.207070,0.348712
301,read_target_before,3.010540,3.032259,0.021719
301,request_security_seed,3.043435,2.819456,-0.223979
301,send_security_key,3.031701,3.008094,-0.023607
301,session_reset,2.663084,2.581230,-0.081854
301,write_target,3.329571,3.081426,-0.248145
302,enter_extended_session,2.891322,3.152594,0.261272
302,read_target_after,2.783000,2.904242,0.121242
302,read_target_before,2.929874,3.242967,0.313093
302,request_security_seed,2.977506,3.085407,0.107901
302,send_security_key,3.159858,3.011167,-0.148691
302,session_reset,2.934274,2.567122,-0.367152
302,write_target,2.912763,2.827906,-0.084857
303,enter_extended_session,2.767635,3.254910,0.487275
303,read_target_after,3.082615,3.218593,0.135978
303,read_target_before,3.034146,2.895162,-0.138984
303,request_security_seed,2.973245,2.911295,-0.061950
303,send_security_key,3.085339,2.975339,-0.110000
303,session_reset,3.363513,2.936229,-0.427284
303,write_target,3.058101,3.091274,0.033173
304,enter_extended_session,3.027441,3.078214,0.050773
304,read_target_after,2.885526,2.714485,-0.171041
304,read_target_before,3.127801,3.106499,-0.021302
304,request_security_seed,3.079752,2.853188,-0.226564
304,send_security_key,3.137231,3.235704,0.098473
304,session_reset,2.879799,2.626487,-0.253312
304,write_target,2.818479,2.794662,-0.023817
305,enter_extended_session,3.086527,3.249113,0.162586
305,read_target_after,3.573873,2.963606,-0.610267
305,read_target_before,3.243388,2.926031,-0.317357
305,request_security_seed,3.006699,2.828604,-0.178095
305,send_security_key,3.081568,2.880426,-0.201142
305,session_reset,2.949918,2.869741,-0.080177
305,write_target,3.002369,3.006837,0.004468
306,enter_extended_session,3.029955,2.869811,-0.160144
306,read_target_after,3.058800,3.029185,-0.029615
306,read_target_before,3.069135,2.959346,-0.109789
306,request_security_seed,3.053422,3.059846,0.006424
306,send_security_key,3.069276,3.048532,-0.020744
306,session_reset,2.344333,2.987631,0.643298
306,write_target,3.036171,3.127590,0.091419
307,enter_extended_session,3.088412,3.073535,-0.014877
307,read_target_after,3.055517,3.125915,0.070398
307,read_target_before,3.016825,3.054538,0.037713
307,request_security_seed,3.099307,3.011516,-0.087791
307,send_security_key,3.143795,3.062988,-0.080807
307,session_reset,2.999855,3.035751,0.035896
307,write_target,3.114951,3.090366,-0.024585
308,enter_extended_session,3.014869,3.070741,0.055872
308,read_target_after,2.965283,3.050837,0.085554
308,read_target_before,3.083593,3.025903,-0.057690
308,request_security_seed,3.070323,3.056284,-0.014039
308,send_security_key,3.078215,3.071160,-0.007055
308,session_reset,2.995943,2.912972,-0.082971
308,write_target,3.174036,2.909828,-0.264208
309,enter_extended_session,3.101193,3.306243,0.205050
309,read_target_after,2.912204,2.854865,-0.057339
309,read_target_before,2.547289,3.072697,0.525408
309,request_security_seed,3.097421,2.797316,-0.300105
309,send_security_key,3.705591,2.865759,-0.839832
309,session_reset,2.945658,2.950755,0.005097
309,write_target,3.006000,3.282357,0.276357
310,enter_extended_session,3.054120,3.021294,-0.032826
310,read_target_after,3.237032,2.961371,-0.275661
310,read_target_before,3.026883,2.685152,-0.341731
310,request_security_seed,3.255470,3.320420,0.064950
310,send_security_key,2.841247,3.078354,0.237107
310,session_reset,2.512927,2.724333,0.211406
310,write_target,2.862548,2.809818,-0.052730
311,enter_extended_session,3.039174,2.384211,-0.654963
311,read_target_after,2.664341,2.844668,0.180327
311,read_target_before,3.079751,2.663153,-0.416598
311,request_security_seed,3.143586,2.994056,-0.149530
311,send_security_key,3.020597,3.036170,0.015573
311,session_reset,2.697655,3.224669,0.527014
311,write_target,3.094488,3.272161,0.177673
312,enter_extended_session,3.294022,3.133597,-0.160425
312,read_target_after,3.219502,3.233400,0.013898
312,read_target_before,3.233749,2.879797,-0.353952
312,request_security_seed,3.140304,3.065992,-0.074312
312,send_security_key,2.669091,2.955295,0.286204
312,session_reset,3.015289,2.858356,-0.156933
312,write_target,2.891183,2.862547,-0.028636
313,enter_extended_session,2.749547,2.697165,-0.052382
313,read_target_after,2.995314,2.435473,-0.559841
313,read_target_before,3.042806,3.051605,0.008799
313,request_security_seed,3.046438,3.015148,-0.031290
313,send_security_key,3.025276,3.166073,0.140797
313,session_reset,2.877494,2.687806,-0.189688
313,write_target,2.673770,3.271043,0.597273
314,enter_extended_session,3.296187,3.038824,-0.257363
314,read_target_after,2.968216,3.103775,0.135559
314,read_target_before,3.009632,3.041617,0.031985
314,request_security_seed,2.579974,3.074931,0.494957
314,send_security_key,2.749477,3.061173,0.311696
314,session_reset,2.893069,2.902216,0.009147
314,write_target,3.358555,3.081496,-0.277059
315,enter_extended_session,2.845018,2.684873,-0.160145
315,read_target_after,2.665738,2.995593,0.329855
315,read_target_before,3.041969,3.348775,0.306806
315,request_security_seed,3.005511,2.885524,-0.119987
315,send_security_key,3.088481,3.003345,-0.085136
315,session_reset,2.747172,3.167959,0.420787
315,write_target,3.047066,2.821410,-0.225656
316,enter_extended_session,3.064527,2.900540,-0.163987
316,read_target_after,2.831050,3.249951,0.418901
316,read_target_before,3.557111,2.900679,-0.656432
316,request_security_seed,2.813450,3.252395,0.438945
316,send_security_key,2.874771,2.823297,-0.051474
316,session_reset,3.154481,3.004812,-0.149669
316,write_target,2.834892,2.925752,0.090860
317,enter_extended_session,2.902776,2.786211,-0.116565
317,read_target_after,2.858079,2.969053,0.110974
317,read_target_before,2.918211,2.838941,-0.079270
317,request_security_seed,2.934274,3.075351,0.141077
317,send_security_key,3.022901,3.257634,0.234733
317,session_reset,2.864504,2.710015,-0.154489
317,write_target,2.829235,3.133178,0.303943
318,enter_extended_session,3.005232,3.326496,0.321264
318,read_target_after,3.091834,3.004882,-0.086952
318,read_target_before,3.243876,3.074512,-0.169364
318,request_security_seed,2.792498,2.723285,-0.069213
318,send_security_key,2.992451,2.808281,-0.184170
318,session_reset,3.057193,2.959136,-0.098057
318,write_target,2.797527,3.271182,0.473655
319,enter_extended_session,2.810377,2.948799,0.138422
319,read_target_after,2.968496,3.068226,0.099730
319,read_target_before,2.916535,3.170822,0.254287
319,request_security_seed,3.273419,2.833074,-0.440345
319,send_security_key,2.939443,3.012075,0.072632
319,session_reset,2.701357,2.844528,0.143171
319,write_target,2.804441,2.859334,0.054893
320,enter_extended_session,2.756600,3.160415,0.403815
320,read_target_after,3.120748,3.126334,0.005586
320,read_target_before,3.208817,3.054608,-0.154209
320,request_security_seed,2.809329,3.459682,0.650353
320,send_security_key,3.059079,2.661476,-0.397603
320,session_reset,3.272721,3.084779,-0.187942
320,write_target,3.107408,3.023459,-0.083949
321,enter_extended_session,2.874560,2.980297,0.105737
321,read_target_after,3.481334,2.997828,-0.483506
321,read_target_before,3.038266,2.964304,-0.073962
321,request_security_seed,3.055517,2.882382,-0.173135
321,send_security_key,3.040571,3.264758,0.224187
321,session_reset,2.388751,2.894673,0.505922
321,write_target,2.832028,2.764212,-0.067816
322,enter_extended_session,2.818339,2.850883,0.032544
322,read_target_after,2.872745,3.098468,0.225723
322,read_target_before,3.249115,2.988189,-0.260926
322,request_security_seed,3.065434,3.054049,-0.011385
322,send_security_key,3.065015,3.083591,0.018576
322,session_reset,2.681243,3.131223,0.449980
322,write_target,2.879798,3.075840,0.196042
323,enter_extended_session,3.433283,2.885594,-0.547689
323,read_target_after,3.214613,2.818966,-0.395647
323,read_target_before,2.935322,2.779786,-0.155536
323,request_security_seed,2.886014,3.029186,0.143172
323,send_security_key,3.018641,3.342769,0.324128
323,session_reset,2.888039,2.822878,-0.065161
323,write_target,2.822320,2.844039,0.021719
324,enter_extended_session,3.078076,3.069623,-0.008453
324,read_target_after,3.057054,2.855563,-0.201491
324,read_target_before,3.289622,3.007186,-0.282436
324,request_security_seed,2.821622,2.848300,0.026678
324,send_security_key,3.038686,2.720491,-0.318195
324,session_reset,2.738860,3.061033,0.322173
324,write_target,2.876237,3.277538,0.401301
325,enter_extended_session,3.036730,2.834051,-0.202679
325,read_target_after,3.062710,2.939022,-0.123688
325,read_target_before,3.016337,3.073534,0.057197
325,request_security_seed,3.014661,3.206441,0.191780
325,send_security_key,3.079892,2.857868,-0.222024
325,session_reset,2.958439,2.735088,-0.223351
325,write_target,3.084082,3.093159,0.009077
326,enter_extended_session,2.679077,2.844109,0.165032
326,read_target_after,3.082615,2.840966,-0.241649
326,read_target_before,3.037219,3.214262,0.177043
326,request_security_seed,2.980858,2.828605,-0.152253
326,send_security_key,3.036940,3.070601,0.033661
326,session_reset,2.911297,3.107407,0.196110
326,write_target,3.039314,3.039033,-0.000281
327,enter_extended_session,3.118513,2.893346,-0.225167
327,read_target_after,3.031073,3.205253,0.174180
327,read_target_before,2.942096,2.752129,-0.189967
327,request_security_seed,3.199947,3.214612,0.014665
327,send_security_key,2.857380,3.084430,0.227050
327,session_reset,2.934274,2.763443,-0.170831
327,write_target,3.083523,3.092950,0.009427
328,enter_extended_session,3.053911,2.820294,-0.233617
328,read_target_after,3.049720,2.964653,-0.085067
328,read_target_before,2.845507,3.369239,0.523732
328,request_security_seed,3.072558,2.842223,-0.230335
328,send_security_key,3.223134,2.861569,-0.361565
328,session_reset,2.982953,2.935669,-0.047284
328,write_target,3.044901,2.719793,-0.325108
329,enter_extended_session,2.977575,3.215939,0.238364
329,read_target_after,3.055307,3.027370,-0.027937
329,read_target_before,3.120887,3.172289,0.051402
329,request_security_seed,2.919328,3.064106,0.144778
329,send_security_key,2.982394,2.822737,-0.159657
329,session_reset,3.098120,2.852140,-0.245980
329,write_target,3.064177,3.001599,-0.062578
330,enter_extended_session,3.124450,3.081636,-0.042814
330,read_target_after,3.075491,3.063618,-0.011873
330,read_target_before,3.085688,3.325519,0.239831
330,request_security_seed,3.099866,3.054399,-0.045467
330,send_security_key,3.046298,3.076817,0.030519
330,session_reset,2.989169,2.926660,-0.062509
330,write_target,3.124938,2.794453,-0.330485
331,enter_extended_session,3.042457,3.069693,0.027236
331,read_target_after,2.804930,3.063617,0.258687
331,read_target_before,2.997619,3.022691,0.025072
331,request_security_seed,3.032889,3.014869,-0.018020
331,send_security_key,3.069765,3.104055,0.034290
331,session_reset,2.917164,2.943701,0.026537
331,write_target,3.383138,3.093858,-0.289280
332,enter_extended_session,3.080241,2.514463,-0.565778
332,read_target_after,3.068298,2.834959,-0.233339
332,read_target_before,2.995524,3.004742,0.009218
332,request_security_seed,3.088831,3.000552,-0.088279
332,send_security_key,3.135973,3.030652,-0.105321
332,session_reset,2.992591,3.102797,0.110206
332,write_target,3.057822,3.052443,-0.005379
333,enter_extended_session,3.330968,3.250091,-0.080877
333,read_target_after,3.010959,2.991333,-0.019626
333,read_target_before,2.944750,3.001180,0.056430
333,request_security_seed,2.655820,2.826579,0.170759
333,send_security_key,2.911785,3.082474,0.170689
333,session_reset,2.901728,2.907244,0.005516
333,write_target,3.277889,3.128499,-0.149390
334,enter_extended_session,3.110831,3.039662,-0.071169
334,read_target_after,3.038825,2.823646,-0.215179
334,read_target_before,3.026533,2.795431,-0.231102
334,request_security_seed,3.008165,2.911785,-0.096380
334,send_security_key,3.084570,3.210351,0.125781
334,session_reset,2.784886,2.926660,0.141774
334,write_target,3.095396,3.070182,-0.025214
335,enter_extended_session,2.965772,3.068646,0.102874
335,read_target_after,3.037358,3.100772,0.063414
335,read_target_before,3.188423,3.055935,-0.132488
335,request_security_seed,2.912903,3.041059,0.128156
335,send_security_key,3.077168,3.033376,-0.043792
335,session_reset,3.165167,2.800040,-0.365127
335,write_target,2.888459,3.044411,0.155952
336,enter_extended_session,3.063479,3.165654,0.102175
336,read_target_after,3.134507,2.721958,-0.412549
336,read_target_before,2.641573,2.864991,0.223418
336,request_security_seed,3.309666,3.297652,-0.012014
336,send_security_key,2.998039,3.086943,0.088904
336,session_reset,2.975690,2.794802,-0.180888
336,write_target,3.051186,2.881194,-0.169992
337,enter_extended_session,2.710784,3.023319,0.312535
337,read_target_after,2.942305,2.989935,0.047630
337,read_target_before,3.007327,2.853957,-0.153370
337,request_security_seed,2.877494,2.907105,0.029611
337,send_security_key,2.988610,2.989167,0.000557
337,session_reset,2.867507,3.092251,0.224744
337,write_target,3.215102,3.110270,-0.104832
338,enter_extended_session,3.208956,2.919327,-0.289629
338,read_target_after,3.061523,2.781393,-0.280130
338,read_target_before,2.914160,3.126125,0.211965
338,request_security_seed,3.052932,3.070462,0.017530
338,send_security_key,2.846904,3.084220,0.237316
338,session_reset,2.786771,3.096792,0.310021
338,write_target,2.836078,3.134016,0.297938
339,enter_extended_session,3.048394,3.012983,-0.035411
339,read_target_after,2.678239,2.820643,0.142404
339,read_target_before,3.361628,2.879378,-0.482250
339,request_security_seed,3.062082,3.080170,0.018088
339,send_security_key,3.022412,3.315741,0.293329
339,session_reset,2.918839,3.133667,0.214828
339,write_target,2.907595,3.051256,0.143661
340,enter_extended_session,3.085409,3.274186,0.188777
340,read_target_after,3.109294,3.127521,0.018227
340,read_target_before,2.808212,2.605744,-0.202468
340,request_security_seed,3.278447,3.062081,-0.216366
340,send_security_key,2.841037,2.867505,0.026468
340,session_reset,2.708759,2.737393,0.028634
340,write_target,3.053981,2.942305,-0.111676
341,enter_extended_session,2.932668,2.659870,-0.272798
341,read_target_after,3.100564,2.719234,-0.381330
341,read_target_before,3.059079,3.231373,0.172294
341,request_security_seed,2.833565,2.721609,-0.111956
341,send_security_key,3.002578,2.855284,-0.147294
341,session_reset,2.854656,2.955225,0.100569
341,write_target,3.055866,3.019967,-0.035899
342,enter_extended_session,3.123891,3.181647,0.057756
342,read_target_after,3.030304,3.270484,0.240180
342,read_target_before,3.076469,3.086315,0.009846
342,request_security_seed,3.096025,2.901727,-0.194298
342,send_security_key,3.049930,3.042106,-0.007824
342,session_reset,2.915347,2.705686,-0.209661
342,write_target,3.060755,3.024926,-0.035829
343,enter_extended_session,3.003137,2.679146,-0.323991
343,read_target_after,3.110621,3.034424,-0.076197
343,read_target_before,2.759673,3.253723,0.494050
343,request_security_seed,3.031213,2.982323,-0.048890
343,send_security_key,3.389843,2.995733,-0.394110
343,session_reset,3.034774,2.882731,-0.152043
343,write_target,3.139256,2.873512,-0.265744
344,enter_extended_session,3.094558,3.456120,0.361562
344,read_target_after,2.994547,2.900470,-0.094077
344,read_target_before,3.079402,2.874210,-0.205192
344,request_security_seed,3.117047,2.718257,-0.398790
344,send_security_key,2.447347,2.914158,0.466811
344,session_reset,3.002997,2.904032,-0.098965
344,write_target,3.125497,3.386280,0.260783
345,enter_extended_session,3.156018,2.854934,-0.301084
345,read_target_after,3.033587,2.994684,-0.038903
345,read_target_before,3.014311,2.845017,-0.169294
345,request_security_seed,2.805977,3.072557,0.266580
345,send_security_key,3.037568,3.134645,0.097077
345,session_reset,3.002648,2.717069,-0.285579
345,write_target,2.201299,3.073535,0.872236
346,enter_extended_session,3.344027,3.177946,-0.166081
346,read_target_after,3.365957,3.026113,-0.339844
346,read_target_before,3.048254,2.828953,-0.219301
346,request_security_seed,2.847882,2.853048,0.005166
346,send_security_key,3.110272,2.823297,-0.286975
346,session_reset,2.924148,2.865969,-0.058179
346,write_target,3.046578,3.246180,0.199602
347,enter_extended_session,3.048742,2.999085,-0.049657
347,read_target_after,3.005232,2.895092,-0.110140
347,read_target_before,3.035962,3.138835,0.102873
347,request_security_seed,3.079751,2.875118,-0.204633
347,send_security_key,3.050279,3.230466,0.180187
347,session_reset,2.748290,2.746682,-0.001608
347,write_target,3.093510,2.468857,-0.624653
348,enter_extended_session,3.055377,2.864921,-0.190456
348,read_target_after,3.083802,3.002717,-0.081085
348,read_target_before,2.947055,2.846204,-0.100851
348,request_security_seed,3.106571,3.047833,-0.058738
348,send_security_key,3.066203,2.893137,-0.173066
348,session_reset,2.920236,3.033376,0.113140
348,write_target,3.053072,3.053560,0.000488
349,enter_extended_session,3.111250,3.052024,-0.059226
349,read_target_after,3.020877,2.796477,-0.224400
349,read_target_before,2.131528,2.840826,0.709298
349,request_security_seed,3.128012,3.258332,0.130320
349,send_security_key,3.127523,3.141349,0.013826
349,session_reset,2.924147,3.083940,0.159793
349,write_target,3.213147,2.645832,-0.567315
350,enter_extended_session,3.014451,3.069693,0.055242
350,read_target_after,3.236055,2.858286,-0.377769
350,read_target_before,2.844110,3.072975,0.228865
350,request_security_seed,3.276562,3.103146,-0.173416
350,send_security_key,2.844878,2.778808,-0.066070
350,session_reset,2.982044,2.922261,-0.059783
350,write_target,3.072977,3.027789,-0.045188
351,enter_extended_session,3.045390,2.610423,-0.434967
351,read_target_after,3.131014,2.977155,-0.153859
351,read_target_before,2.950966,2.806744,-0.144222
351,request_security_seed,3.071790,3.068227,-0.003563
351,send_security_key,3.094557,3.128848,0.034291
351,session_reset,2.753596,2.724403,-0.029193
351,write_target,2.148290,2.818268,0.669978
352,enter_extended_session,3.289552,3.081705,-0.207847
352,read_target_after,3.054958,2.845017,-0.209941
352,read_target_before,2.978483,3.302401,0.323918
352,request_security_seed,2.804930,2.275189,-0.529741
352,send_security_key,3.006209,3.106011,0.099802
352,session_reset,2.860383,3.100423,0.240040
352,write_target,3.097351,3.041897,-0.055454
353,enter_extended_session,2.895023,3.337321,0.442298
353,read_target_after,3.006839,3.014379,0.007540
353,read_target_before,3.124938,2.847881,-0.277057
353,request_security_seed,3.061314,2.985326,-0.075988
353,send_security_key,3.034844,3.066970,0.032126
353,session_reset,3.126964,2.738300,-0.388664
353,write_target,2.913113,2.881753,-0.031360
354,enter_extended_session,3.009562,2.739208,-0.270354
354,read_target_after,2.857379,2.781043,-0.076336
354,read_target_before,3.284594,3.012424,-0.272170
354,request_security_seed,2.845018,2.748847,-0.096171
354,send_security_key,3.002229,3.046297,0.044068
354,session_reset,2.925544,3.104543,0.178999
354,write_target,3.081358,3.151267,0.069909
355,enter_extended_session,2.640944,2.889505,0.248561
355,read_target_after,2.911785,2.991822,0.080037
355,read_target_before,2.961093,2.846902,-0.114191
355,request_security_seed,3.031352,3.351918,0.320566
355,send_security_key,3.111809,2.845017,-0.266792
355,session_reset,2.975480,2.693393,-0.282087
355,write_target,3.112716,2.885663,-0.227053
356,enter_extended_session,3.424344,3.060264,-0.364080
356,read_target_after,3.240384,2.637381,-0.603003
356,read_target_before,2.806117,3.065433,0.259316
356,request_security_seed,3.086387,3.126962,0.040575
356,send_security_key,2.564470,2.917651,0.353181
356,session_reset,2.781254,2.903124,0.121870
356,write_target,3.034356,3.274116,0.239760
357,enter_extended_session,2.526057,3.191983,0.665926
357,read_target_after,2.957182,3.068716,0.111534
357,read_target_before,2.997829,3.027230,0.029401
357,request_security_seed,2.828256,3.020246,0.191990
357,send_security_key,3.293812,2.849836,-0.443976
357,session_reset,2.754155,2.655820,-0.098335
357,write_target,2.820783,2.855772,0.034989
358,enter_extended_session,3.343469,2.858496,-0.484973
358,read_target_after,2.876306,2.994335,0.118029
358,read_target_before,2.468788,3.187933,0.719145
358,request_security_seed,2.831609,3.114670,0.283061
358,send_security_key,3.295279,3.146308,-0.148971
358,session_reset,2.942306,3.111667,0.169361
358,write_target,3.024996,2.923936,-0.101060
359,enter_extended_session,2.714696,3.098468,0.383772
359,read_target_after,3.021645,3.253722,0.232077
359,read_target_before,3.102659,3.077027,-0.025632
359,request_security_seed,3.243038,3.167958,-0.075080
359,send_security_key,2.842993,2.828045,-0.014948
359,session_reset,2.884059,2.936997,0.052938
359,write_target,2.775526,2.922470,0.146944
360,enter_extended_session,3.043994,3.003275,-0.040719
360,read_target_after,2.995385,3.044481,0.049096
360,read_target_before,2.906268,3.023878,0.117610
360,request_security_seed,2.861151,2.863315,0.002164
360,send_security_key,2.993289,3.201762,0.208473
360,session_reset,2.971150,2.676282,-0.294868
360,write_target,3.177179,2.863036,-0.314143
361,enter_extended_session,2.909131,3.044899,0.135768
361,read_target_after,2.741375,2.992939,0.251564
361,read_target_before,3.028000,3.045389,0.017389
361,request_security_seed,3.151408,3.274954,0.123546
361,send_security_key,2.818199,2.729431,-0.088768
361,session_reset,2.594012,2.724612,0.130600
361,write_target,3.168449,3.263850,0.095401
362,enter_extended_session,3.038127,2.897956,-0.140171
362,read_target_after,3.027162,2.930292,-0.096870
362,read_target_before,3.157554,3.218453,0.060899
362,request_security_seed,2.660639,2.954666,0.294027
362,send_security_key,3.065015,2.923238,-0.141777
362,session_reset,3.233330,2.658613,-0.574717
362,write_target,2.918979,2.874140,-0.044839
363,enter_extended_session,3.043505,3.277538,0.234033
363,read_target_after,2.958299,2.980018,0.021719
363,read_target_before,2.858427,2.748777,-0.109650
363,request_security_seed,3.097002,2.911295,-0.185707
363,send_security_key,3.008794,3.073814,0.065020
363,session_reset,2.750524,2.861988,0.111464
363,write_target,3.008025,3.309246,0.301221
364,enter_extended_session,2.902218,2.920095,0.017877
364,read_target_after,3.056565,2.837753,-0.218812
364,read_target_before,3.037638,3.105312,0.067674
364,request_security_seed,3.031003,2.962489,-0.068514
364,send_security_key,3.047346,2.982881,-0.064465
364,session_reset,3.078843,2.678518,-0.400325
364,write_target,3.043225,3.026601,-0.016624
365,enter_extended_session,3.045390,3.071579,0.026189
365,read_target_after,3.108875,3.048252,-0.060623
365,read_target_before,3.133180,2.856121,-0.277059
365,request_security_seed,3.311971,2.826090,-0.485881
365,send_security_key,2.784956,3.067877,0.282921
365,session_reset,2.916325,3.147914,0.231589
365,write_target,2.962629,3.065293,0.102664
366,enter_extended_session,2.782302,3.054468,0.272166
366,read_target_after,3.047694,2.797875,-0.249819
366,read_target_before,3.032400,2.671114,-0.361286
366,request_security_seed,2.845507,3.330198,0.484691
366,send_security_key,2.995175,3.069134,0.073959
366,session_reset,3.113694,2.989447,-0.124247
366,write_target,3.073536,2.903334,-0.170202
367,enter_extended_session,2.950966,2.793544,-0.157422
367,read_target_after,3.223692,2.850674,-0.373018
367,read_target_before,2.739629,3.150429,0.410800
367,request_security_seed,3.053143,3.097001,0.043858
367,send_security_key,3.092742,3.012494,-0.080248
367,session_reset,2.731457,3.117883,0.386426
367,write_target,2.900750,3.169844,0.269094
368,enter_extended_session,3.097212,3.121165,0.023953
368,read_target_after,2.914439,2.953130,0.038691
368,read_target_before,3.010959,2.698142,-0.312817
368,request_security_seed,2.889227,3.374965,0.485738
368,send_security_key,3.026603,2.877004,-0.149599
368,session_reset,2.718118,2.835518,0.117400
368,write_target,3.054539,2.843899,-0.210640
369,enter_extended_session,3.438451,2.880775,-0.557676
369,read_target_after,3.244924,3.031910,-0.213014
369,read_target_before,2.910807,2.887479,-0.023328
369,request_security_seed,2.675096,2.851023,0.175927
369,send_security_key,3.057054,2.857937,-0.199117
369,session_reset,2.709248,3.071789,0.362541
369,write_target,2.971848,3.108874,0.137026
370,enter_extended_session,2.915208,2.794941,-0.120267
370,read_target_after,3.027441,3.295347,0.267906
370,read_target_before,2.897398,2.725589,-0.171809
370,request_security_seed,2.872745,3.008862,0.136117
370,send_security_key,3.247648,3.269926,0.022278
370,session_reset,2.712810,2.749056,0.036246
370,write_target,2.830840,2.799201,-0.031639
371,enter_extended_session,3.272720,2.833004,-0.439716
371,read_target_after,3.198899,2.551198,-0.647701
371,read_target_before,3.051257,3.185139,0.133882
371,request_security_seed,2.809609,3.079750,0.270141
371,send_security_key,3.045879,2.808210,-0.237669
371,session_reset,2.832517,2.870857,0.038340
371,write_target,3.110341,3.080588,-0.029753
372,enter_extended_session,2.940909,3.245412,0.304503
372,read_target_after,3.401087,3.149311,-0.251776
372,read_target_before,2.998597,2.621946,-0.376651
372,request_security_seed,2.798225,3.027650,0.229425
372,send_security_key,3.094418,2.778599,-0.315819
372,session_reset,2.825043,2.806255,-0.018788
372,write_target,3.015638,3.075421,0.059783
373,enter_extended_session,3.008933,3.023389,0.014456
373,read_target_after,3.026534,3.043643,0.017109
373,read_target_before,2.847393,3.228440,0.381047
373,request_security_seed,3.052234,3.105940,0.053706
373,send_security_key,2.876586,3.033866,0.157280
373,session_reset,2.600647,2.842154,0.241507
373,write_target,3.268041,2.871416,-0.396625
374,enter_extended_session,2.915696,3.239894,0.324198
374,read_target_after,2.964584,3.298210,0.333626
374,read_target_before,2.824973,2.771056,-0.053917
374,request_security_seed,3.020946,2.882451,-0.138495
374,send_security_key,3.281031,3.309245,0.028214
374,session_reset,2.564748,2.744028,0.179280
374,write_target,2.934693,2.861988,-0.072705
375,enter_extended_session,2.913182,2.829862,-0.083320
375,read_target_after,3.255190,2.902495,-0.352695
375,read_target_before,3.042037,2.976176,-0.065861
375,request_security_seed,2.987074,3.073185,0.086111
375,send_security_key,3.036730,3.270833,0.234103
375,session_reset,3.095116,2.755831,-0.339285
375,write_target,3.047834,2.818896,-0.228938
376,enter_extended_session,2.912973,3.074233,0.161260
376,read_target_after,3.058590,3.003625,-0.054965
376,read_target_before,3.023530,2.862826,-0.160704
376,request_security_seed,3.279285,3.073185,-0.206100
376,send_security_key,2.739768,3.178504,0.438736
376,session_reset,2.703941,2.875468,0.171527
376,write_target,3.113205,3.300795,0.187590
377,enter_extended_session,3.079752,3.101191,0.021439
377,read_target_after,2.801996,2.774339,-0.027657
377,read_target_before,3.432236,3.254071,-0.178165
377,request_security_seed,3.092602,2.867924,-0.224678
377,send_security_key,3.076818,3.045389,-0.031429
377,session_reset,2.821621,2.703590,-0.118031
377,write_target,2.860802,2.815893,-0.044909
378,enter_extended_session,3.024508,3.310922,0.286414
378,read_target_after,2.997410,2.924635,-0.072775
378,read_target_before,3.005511,3.080658,0.075147
378,request_security_seed,3.077866,2.757228,-0.320638
378,send_security_key,3.069694,3.061172,-0.008522
378,session_reset,3.033587,2.944610,-0.088977
378,write_target,3.064596,3.108874,0.044278
379,enter_extended_session,2.847253,3.060544,0.213291
379,read_target_after,2.832726,3.059217,0.226491
379,read_target_before,3.226137,3.072067,-0.154070
379,request_security_seed,3.480426,3.045668,-0.434758
379,send_security_key,2.633960,3.101610,0.467650
379,session_reset,3.154201,2.979041,-0.175160
379,write_target,3.079891,3.115299,0.035408
380,enter_extended_session,2.828186,3.191425,0.363239
380,read_target_after,3.257565,2.982253,-0.275312
380,read_target_before,2.707362,3.024716,0.317354
380,request_security_seed,3.226137,2.801506,-0.424631
380,send_security_key,2.878472,3.010957,0.132485
380,session_reset,2.949779,3.154619,0.204840
380,write_target,2.870300,3.121235,0.250935
381,enter_extended_session,3.064108,3.136949,0.072841
381,read_target_after,3.144144,3.085686,-0.058458
381,read_target_before,3.006070,3.118512,0.112442
381,request_security_seed,3.096932,3.242897,0.145965
381,send_security_key,3.053352,2.910108,-0.143244
381,session_reset,2.696188,2.990006,0.293818
381,write_target,2.998247,3.102657,0.104410
382,enter_extended_session,3.061243,3.386838,0.325595
382,read_target_after,3.252886,2.810306,-0.442580
382,read_target_before,3.043993,2.970660,-0.073333
382,request_security_seed,2.853329,2.719514,-0.133815
382,send_security_key,3.031631,2.870369,-0.161262
382,session_reset,2.729293,2.928825,0.199532
382,write_target,3.047276,3.304357,0.257081
383,enter_extended_session,3.055866,2.414031,-0.641835
383,read_target_after,2.988191,3.025903,0.037712
383,read_target_before,3.015358,3.017243,0.001885
383,request_security_seed,2.950267,3.044481,0.094214
383,send_security_key,3.183185,3.162790,-0.020395
383,session_reset,2.624811,3.540976,0.916165
383,write_target,2.875958,3.095534,0.219576
384,enter_extended_session,3.057053,2.719095,-0.337958
384,read_target_after,3.103288,3.125984,0.022696
384,read_target_before,3.024717,3.071369,0.046652
384,request_security_seed,3.285292,2.994545,-0.290747
384,send_security_key,2.799342,2.481777,-0.317565
384,session_reset,2.911716,3.376851,0.465135
384,write_target,3.071091,3.136042,0.064951
385,enter_extended_session,2.813310,3.040989,0.227679
385,read_target_after,2.826371,3.309525,0.483154
385,read_target_before,3.075073,3.084290,0.009217
385,request_security_seed,2.855983,3.028278,0.172295
385,send_security_key,2.972826,3.077236,0.104410
385,session_reset,3.033098,2.878890,-0.154208
385,write_target,2.956693,2.879378,-0.077315
386,enter_extended_session,3.022692,3.056842,0.034150
386,read_target_after,2.946566,2.521516,-0.425050
386,read_target_before,3.075841,3.346331,0.270490
386,request_security_seed,2.900472,3.011795,0.111323
386,send_security_key,3.020387,3.083871,0.063484
386,session_reset,2.941328,2.645412,-0.295916
386,write_target,3.086596,3.243316,0.156720
387,enter_extended_session,3.058729,3.219081,0.160352
387,read_target_after,3.030514,3.059147,0.028633
387,read_target_before,2.872256,3.125007,0.252751
387,request_security_seed,3.002019,3.070462,0.068443
387,send_security_key,3.250651,2.743259,-0.507392
387,session_reset,2.960533,2.732085,-0.228448
387,write_target,3.052444,3.014659,-0.037785
388,enter_extended_session,3.094069,2.645413,-0.448656
388,read_target_after,3.047625,2.966679,-0.080946
388,read_target_before,2.979251,3.088200,0.108949
388,request_security_seed,3.201273,3.117044,-0.084229
388,send_security_key,2.667693,3.051814,0.384121
388,session_reset,2.887481,3.262383,0.374902
388,write_target,3.298980,3.103147,-0.195833
389,enter_extended_session,3.002857,3.043922,0.041065
389,read_target_after,3.050978,3.253792,0.202814
389,read_target_before,3.069694,3.082194,0.012500
389,request_security_seed,3.030235,3.260427,0.230192
389,send_security_key,3.045040,2.802065,-0.242975
389,session_reset,2.729851,2.887829,0.157978
389,write_target,3.081148,3.035052,-0.046096
390,enter_extended_session,3.314904,3.168378,-0.146526
390,read_target_after,2.977086,2.798224,-0.178862
390,read_target_before,2.699051,3.105941,0.406890
390,request_security_seed,2.872954,3.046366,0.173412
390,send_security_key,3.100913,3.060544,-0.040369
390,session_reset,2.955296,2.597293,-0.358003
390,write_target,3.048603,3.030931,-0.017672
391,enter_extended_session,2.980648,3.076398,0.095750
391,read_target_after,2.941328,3.037707,0.096379
391,read_target_before,2.798714,2.850325,0.051611
391,request_security_seed,3.094767,3.204625,0.109858
391,send_security_key,3.279216,2.359696,-0.919520
391,session_reset,3.003626,2.907384,-0.096242
391,write_target,3.150640,3.296255,0.145615
392,enter_extended_session,3.141700,3.021643,-0.120057
392,read_target_after,3.087714,2.882730,-0.204984
392,read_target_before,3.063548,3.062779,-0.000769
392,request_security_seed,2.953829,3.012354,0.058525
392,send_security_key,2.845437,2.843410,-0.002027
392,session_reset,3.040362,2.782230,-0.258132
392,write_target,3.299190,3.023738,-0.275452
393,enter_extended_session,2.814009,3.222364,0.408355
393,read_target_after,3.081776,3.017662,-0.064114
393,read_target_before,2.699191,2.842223,0.143032
393,request_security_seed,3.226975,2.699609,-0.527366
393,send_security_key,3.165585,2.993218,-0.172367
393,session_reset,2.684874,2.653654,-0.031220
393,write_target,2.915557,3.031420,0.115863
394,enter_extended_session,3.052654,2.887899,-0.164755
394,read_target_after,2.691648,2.853398,0.161750
394,read_target_before,3.180042,3.047414,-0.132628
394,request_security_seed,3.060545,3.044830,-0.015715
394,send_security_key,3.029257,3.011585,-0.017672
394,session_reset,2.970731,2.944609,-0.026122
394,write_target,3.072348,3.142677,0.070329
395,enter_extended_session,3.088830,2.975897,-0.112933
395,read_target_after,3.294860,3.330617,0.035757
395,read_target_before,3.047555,3.070741,0.023186
395,request_security_seed,3.079333,2.746332,-0.333001
395,send_security_key,2.831330,3.121655,0.290325
395,session_reset,2.870789,3.203298,0.332509
395,write_target,3.057473,3.111248,0.053775
396,enter_extended_session,2.856053,3.045599,0.189546
396,read_target_after,2.804860,2.894674,0.089814
396,read_target_before,3.264758,3.029185,-0.235573
396,request_security_seed,3.101891,3.084639,-0.017252
396,send_security_key,2.957531,3.061242,0.103711
396,session_reset,2.746612,2.612099,-0.134513
396,write_target,3.078425,3.063338,-0.015087
397,enter_extended_session,3.020248,3.244364,0.224116
397,read_target_after,3.238359,3.155667,-0.082692
397,read_target_before,2.753877,3.001598,0.247721
397,request_security_seed,3.078215,2.430584,-0.647631
397,send_security_key,3.056844,2.752898,-0.303946
397,session_reset,2.881754,2.946774,0.065020
397,write_target,3.058730,3.126683,0.067953
398,enter_extended_session,2.864503,2.791868,-0.072635
398,read_target_after,2.872674,3.000482,0.127808
398,read_target_before,3.088691,2.580531,-0.508160
398,request_security_seed,3.046857,3.239824,0.192967
398,send_security_key,3.039733,3.061173,0.021440
398,session_reset,2.867436,2.802484,-0.064952
398,write_target,3.024298,2.832445,-0.191853
399,enter_extended_session,3.229839,3.058938,-0.170901
399,read_target_after,2.987213,2.563351,-0.423862
399,read_target_before,3.009702,2.987212,-0.022490
399,request_security_seed,3.051116,3.020037,-0.031079
399,send_security_key,2.836358,2.909899,0.073541
399,session_reset,2.925475,2.937555,0.012080
399,write_target,3.025765,3.393613,0.367848
400,enter_extended_session,2.611401,3.017662,0.406261
400,read_target_after,3.061034,2.991123,-0.069911
400,read_target_before,2.777901,2.709386,-0.068515
400,request_security_seed,3.047346,3.426578,0.379232
400,send_security_key,3.244225,3.088131,-0.156094
400,session_reset,2.965911,2.674326,-0.291585
400,write_target,3.101052,2.888458,-0.212594
401,enter_extended_session,3.419874,3.036869,-0.383005
401,read_target_after,3.028000,2.812331,-0.215669
401,read_target_before,2.798923,3.342350,0.543427
401,request_security_seed,2.706315,3.083521,0.377206
401,send_security_key,3.059078,3.018220,-0.040858
401,session_reset,2.550012,2.789005,0.238993
401,write_target,3.093300,3.022830,-0.070470
402,enter_extended_session,2.652817,3.235633,0.582816
402,read_target_after,2.996502,3.000970,0.004468
402,read_target_before,2.652189,2.771615,0.119426
402,request_security_seed,2.996921,2.968075,-0.028846
402,send_security_key,3.090506,2.970171,-0.120335
402,session_reset,3.325170,2.707431,-0.617739
402,write_target,3.030514,3.043154,0.012640
403,enter_extended_session,3.103078,2.699190,-0.403888
403,read_target_after,3.147357,2.867365,-0.279992
403,read_target_before,3.112576,3.324331,0.211755
403,request_security_seed,2.972546,2.762465,-0.210081
403,send_security_key,3.052514,2.841734,-0.210780
403,session_reset,2.916464,2.770148,-0.146316
403,write_target,3.050767,2.996012,-0.054755
404,enter_extended_session,2.846415,3.126962,0.280547
404,read_target_after,2.853120,3.061522,0.208402
404,read_target_before,2.845717,2.743399,-0.102318
404,request_security_seed,2.825463,2.976386,0.150923
404,send_security_key,3.242200,3.091972,-0.150228
404,session_reset,2.934274,2.664968,-0.269306
404,write_target,3.052025,3.078843,0.026818
405,enter_extended_session,3.018013,2.819944,-0.198069
405,read_target_after,2.958998,2.778668,-0.180330
405,read_target_before,3.129826,3.266782,0.136956
405,request_security_seed,2.770498,2.789144,0.018646
405,send_security_key,2.885037,3.052164,0.167127
405,session_reset,3.123821,2.681521,-0.442300
405,write_target,2.957112,2.901378,-0.055734
406,enter_extended_session,2.935321,3.036379,0.101058
406,read_target_after,3.053492,3.051954,-0.001538
406,read_target_before,3.033308,3.057332,0.024024
406,request_security_seed,2.995943,3.091763,0.095820
406,send_security_key,3.073256,3.064036,-0.009220
406,session_reset,2.976178,2.901168,-0.075010
406,write_target,3.088901,3.084010,-0.004891
407,enter_extended_session,3.084361,3.034424,-0.049937
407,read_target_after,3.107897,3.052931,-0.054966
407,read_target_before,2.773292,3.168378,0.395086
407,request_security_seed,3.087084,3.048602,-0.038482
407,send_security_key,3.083872,3.054607,-0.029265
407,session_reset,2.996083,3.033167,0.037084
407,write_target,3.050069,2.848788,-0.201281
408,enter_extended_session,3.079263,3.293881,0.214618
408,read_target_after,3.119701,3.050278,-0.069423
408,read_target_before,3.029816,2.979949,-0.049867
408,request_security_seed,3.366586,2.894394,-0.472192
408,send_security_key,2.722169,2.831887,0.109718
408,session_reset,3.031911,3.025205,-0.006706
408,write_target,2.994197,3.071788,0.077591
409,enter_extended_session,2.687319,2.797874,0.110555
409,read_target_after,3.058799,2.783417,-0.275382
409,read_target_before,2.970661,2.764142,-0.206519
409,request_security_seed,2.983442,2.896838,-0.086604
409,send_security_key,3.050978,3.283405,0.232427
409,session_reset,3.393753,2.828046,-0.565707
409,write_target,3.070183,3.119210,0.049027
410,enter_extended_session,2.840548,3.072068,0.231520
410,read_target_after,3.188981,3.349892,0.160911
410,read_target_before,2.788238,2.803113,0.014875
410,request_security_seed,3.179693,2.882591,-0.297102
410,send_security_key,3.113764,2.763862,-0.349902
410,session_reset,2.538698,3.108385,0.569687
410,write_target,2.927359,3.084360,0.157001
411,enter_extended_session,2.612239,2.784535,0.172296
411,read_target_after,2.962210,2.764630,-0.197580
411,read_target_before,3.015637,3.079751,0.064114
411,request_security_seed,3.048532,3.077864,0.029332
411,send_security_key,2.871697,3.005230,0.133533
411,session_reset,2.762466,2.533808,-0.228658
411,write_target,3.115091,2.882731,-0.232360
412,enter_extended_session,3.100215,3.180879,0.080664
412,read_target_after,3.277190,2.926451,-0.350739
412,read_target_before,2.728524,3.093019,0.364495
412,request_security_seed,3.256517,2.782510,-0.474007
412,send_security_key,2.851443,2.777481,-0.073962
412,session_reset,3.038615,3.152105,0.113490
412,write_target,2.945658,3.072696,0.127038
413,enter_extended_session,3.006209,2.896349,-0.109860
413,read_target_after,2.996711,2.949567,-0.047144
413,read_target_before,3.042317,2.842922,-0.199395
413,request_security_seed,3.043854,2.966678,-0.077176
413,send_security_key,2.809189,3.257145,0.447956
413,session_reset,2.738581,2.694790,-0.043791
413,write_target,3.076259,2.482126,-0.594133
414,enter_extended_session,3.085478,3.018500,-0.066978
414,read_target_after,3.283965,2.872813,-0.411152
414,read_target_before,2.823228,3.349544,0.526316
414,request_security_seed,3.276631,2.637660,-0.638971
414,send_security_key,2.636614,3.094137,0.457523
414,session_reset,2.917651,3.137927,0.220276
414,write_target,2.878890,2.711412,-0.167478
415,enter_extended_session,3.009701,2.734180,-0.275521
415,read_target_after,2.977925,3.340534,0.362609
415,read_target_before,3.169427,2.848369,-0.321058
415,request_security_seed,2.841317,3.114600,0.273283
415,send_security_key,3.017314,3.190797,0.173483
415,session_reset,2.803183,2.705336,-0.097847
415,write_target,2.957181,2.883149,-0.074032
416,enter_extended_session,3.372592,2.871696,-0.500896
416,read_target_after,3.061104,3.222643,0.161539
416,read_target_before,3.023251,2.176365,-0.846886
416,request_security_seed,2.660430,3.050278,0.389848
416,send_security_key,3.157064,2.924984,-0.232080
416,session_reset,2.700938,2.793125,0.092187
416,write_target,3.048393,3.387466,0.339073
417,enter_extended_session,2.838104,2.911994,0.073890
417,read_target_after,2.822529,3.072068,0.249539
417,read_target_before,3.025137,2.858845,-0.166292
417,request_security_seed,2.843202,3.072556,0.229354
417,send_security_key,3.051466,3.247298,0.195832
417,session_reset,2.979042,2.479333,-0.499709
417,write_target,3.094418,3.022411,-0.072007
418,enter_extended_session,3.069136,3.191984,0.122848
418,read_target_after,3.071929,2.761767,-0.310162
418,read_target_before,2.814498,3.263151,0.448653
418,request_security_seed,3.045250,2.848578,-0.196672
418,send_security_key,2.893697,3.083591,0.189894
418,session_reset,2.910807,2.965631,0.054824
418,write_target,3.048183,3.069135,0.020952
419,enter_extended_session,2.917442,2.992519,0.075077
419,read_target_after,2.980368,3.073534,0.093166
419,read_target_before,2.891462,3.146099,0.254637
419,request_security_seed,3.030374,3.343537,0.313163
419,send_security_key,3.299888,2.695069,-0.604819
419,session_reset,2.868065,3.039243,0.171178
419,write_target,3.003765,3.066969,0.063204
420,enter_extended_session,3.150639,2.844248,-0.306391
420,read_target_after,3.127243,2.814147,-0.313096
420,read_target_before,3.030933,2.893137,-0.137796
420,request_security_seed,2.648138,3.045878,0.397740
420,send_security_key,3.045599,2.987142,-0.058457
420,session_reset,3.162792,3.075979,-0.086813
420,write_target,3.077377,3.257075,0.179698
421,enter_extended_session,3.054469,3.110899,0.056430
421,read_target_after,3.026393,3.022062,-0.004331
421,read_target_before,3.177598,2.974989,-0.202609
421,request_security_seed,3.057403,3.259030,0.201627
421,send_security_key,3.102170,2.908920,-0.193250
421,session_reset,2.842225,2.707151,-0.135074
421,write_target,2.908852,2.904102,-0.004750
422,enter_extended_session,2.999924,2.878121,-0.121803
422,read_target_after,3.137859,2.678727,-0.459132
422,read_target_before,2.827558,3.284382,0.456824
422,request_security_seed,3.210841,3.012354,-0.198487
422,send_security_key,2.995245,2.662244,-0.333001
422,session_reset,2.879380,3.000970,0.121590
422,write_target,3.123192,2.878191,-0.245001
423,enter_extended_session,3.071580,3.271042,0.199462
423,read_target_after,2.852560,3.037776,0.185216
423,read_target_before,3.045390,2.831537,-0.213853
423,request_security_seed,3.002927,3.072557,0.069630
423,send_security_key,3.070742,2.878889,-0.191853
423,session_reset,2.541631,2.727894,0.186263
423,write_target,2.742911,2.867296,0.124385
424,enter_extended_session,2.956134,2.764840,-0.191294
424,read_target_after,3.047276,3.130734,0.083458
424,read_target_before,3.237521,3.197082,-0.040439
424,request_security_seed,2.996641,3.095115,0.098474
424,send_security_key,3.043783,2.982672,-0.061111
424,session_reset,3.063129,3.245761,0.182632
424,write_target,2.753178,2.924145,0.170967
425,enter_extended_session,2.868694,3.043294,0.174600
425,read_target_after,3.035961,3.086315,0.050354
425,read_target_before,3.041130,2.996221,-0.044909
425,request_security_seed,3.226486,3.326706,0.100220
425,send_security_key,2.856541,2.638778,-0.217763
425,session_reset,3.140792,2.556646,-0.584146
425,write_target,2.722518,3.184790,0.462272
426,enter_extended_session,3.135484,2.789912,-0.345572
426,read_target_after,2.796618,2.843690,0.047072
426,read_target_before,3.235147,3.137927,-0.097220
426,request_security_seed,3.022622,3.092880,0.070258
426,send_security_key,2.823018,2.989656,0.166638
426,session_reset,2.880846,2.726776,-0.154070
426,write_target,3.133109,3.112086,-0.021023
427,enter_extended_session,3.055028,3.299677,0.244649
427,read_target_after,3.342700,3.195615,-0.147085
427,read_target_before,3.053072,3.015148,-0.037924
427,request_security_seed,3.083523,3.038265,-0.045258
427,send_security_key,3.027301,2.906546,-0.120755
427,session_reset,2.925474,2.603090,-0.322384
427,write_target,2.985117,3.077865,0.092748
428,enter_extended_session,2.852421,2.712809,-0.139612
428,read_target_after,3.044482,2.849068,-0.195414
428,read_target_before,3.264828,2.925124,-0.339704
428,request_security_seed,2.889507,2.831048,-0.058459
428,send_security_key,2.997339,3.262592,0.265253
428,session_reset,2.815825,2.648067,-0.167758
428,write_target,2.840618,2.982952,0.142334
429,enter_extended_session,3.079961,3.230256,0.150295
429,read_target_after,3.044762,3.231164,0.186402
429,read_target_before,3.157553,3.144003,-0.013550
429,request_security_seed,3.071161,2.966469,-0.104692
429,send_security_key,2.863875,2.901028,0.037153
429,session_reset,2.877633,2.801925,-0.075708
429,write_target,2.892020,2.977992,0.085972
430,enter_extended_session,3.005511,2.721050,-0.284461
430,read_target_after,3.054050,2.831328,-0.222722
430,read_target_before,3.001739,2.862546,-0.139193
430,request_security_seed,2.777412,3.056912,0.279500
430,send_security_key,2.996292,3.180390,0.184098
430,session_reset,2.975689,2.706942,-0.268747
430,write_target,3.122074,2.949358,-0.172716
431,enter_extended_session,3.322656,3.255748,-0.066908
431,read_target_after,3.054050,3.187584,0.133534
431,read_target_before,3.005162,3.051325,0.046163
431,request_security_seed,2.839082,2.833842,-0.005240
431,send_security_key,3.154271,2.851442,-0.302829
431,session_reset,2.937417,2.924844,-0.012573
431,write_target,3.025974,2.955224,-0.070750
432,enter_extended_session,3.007187,2.868833,-0.138354
432,read_target_after,2.919398,2.906546,-0.012852
432,read_target_before,2.975130,3.136251,0.161121
432,request_security_seed,3.193102,3.076258,-0.116844
432,send_security_key,3.057332,2.974222,-0.083110
432,session_reset,2.926940,2.677609,-0.249331
432,write_target,3.147007,2.972545,-0.174462
433,enter_extended_session,3.419874,2.881683,-0.538191
433,read_target_after,2.780416,3.100772,0.320356
433,read_target_before,3.074374,2.817779,-0.256595
433,request_security_seed,2.697934,3.003554,0.305620
433,send_security_key,3.017104,2.810795,-0.206309
433,session_reset,2.805278,3.052651,0.247373
433,write_target,3.043016,3.056913,0.013897
434,enter_extended_session,3.057542,2.828954,-0.228588
434,read_target_after,2.966191,3.317836,0.351645
434,read_target_before,2.918490,2.742141,-0.176349
434,request_security_seed,3.028977,3.108804,0.079827
434,send_security_key,3.392287,3.176129,-0.216158
434,session_reset,2.828675,2.719304,-0.109371
434,write_target,2.637662,2.827487,0.189825
435,enter_extended_session,2.957391,2.864222,-0.093169
435,read_target_after,2.819247,2.808700,-0.010547
435,read_target_before,3.037288,3.019757,-0.017531
435,request_security_seed,2.881824,2.846903,-0.034921
435,send_security_key,2.991613,2.825042,-0.166571
435,session_reset,3.269857,2.826439,-0.443418
435,write_target,2.659172,3.262732,0.603560
436,enter_extended_session,3.009492,2.898374,-0.111118
436,read_target_after,3.043923,3.242338,0.198415
436,read_target_before,2.947474,2.952012,0.004538
436,request_security_seed,2.962629,3.054189,0.091560
436,send_security_key,3.084501,3.131781,0.047280
436,session_reset,3.052933,2.860452,-0.192481
436,write_target,3.107408,3.178225,0.070817
437,enter_extended_session,3.047835,2.873023,-0.174812
437,read_target_after,2.918700,2.912483,-0.006217
437,read_target_before,2.991403,3.233748,0.242345
437,request_security_seed,2.990286,2.894883,-0.095403
437,send_security_key,2.644785,2.827557,0.182772
437,session_reset,3.031492,2.891251,-0.140241
437,write_target,2.939372,3.053560,0.114188
438,enter_extended_session,3.048673,2.892648,-0.156025
438,read_target_after,2.989448,3.282985,0.293537
438,read_target_before,3.030793,2.925194,-0.105599
438,request_security_seed,3.008584,3.259519,0.250935
438,send_security_key,3.112367,2.821201,-0.291166
438,session_reset,2.638710,2.719025,0.080315
438,write_target,2.600856,2.863525,0.262669
439,enter_extended_session,2.845996,2.831538,-0.014458
439,read_target_after,3.099237,2.711272,-0.387965
439,read_target_before,3.004463,3.164047,0.159584
439,request_security_seed,2.920935,2.820712,-0.100223
439,send_security_key,2.947055,2.984977,0.037922
439,session_reset,3.329920,2.906337,-0.423583
439,write_target,3.018082,3.124378,0.106296
440,enter_extended_session,3.342910,3.374616,0.031706
440,read_target_after,3.071580,3.070461,-0.001119
440,read_target_before,2.899773,2.974501,0.074728
440,request_security_seed,2.782720,2.935111,0.152391
440,send_security_key,2.700518,2.888946,0.188428
440,session_reset,2.679008,2.500773,-0.178235
440,write_target,2.951594,2.927568,-0.024026
441,enter_extended_session,3.064527,3.047414,-0.017113
441,read_target_after,3.021434,2.851372,-0.170062
441,read_target_before,3.126055,3.011516,-0.114539
441,request_security_seed,2.842923,2.865061,0.022138
441,send_security_key,3.151198,3.026252,-0.124946
441,session_reset,2.901170,2.748357,-0.152813
441,write_target,2.826929,3.005161,0.178232
442,enter_extended_session,2.987702,3.185209,0.197507
442,read_target_after,3.167471,3.004811,-0.162660
442,read_target_before,2.913671,3.106290,0.192619
442,request_security_seed,2.207236,2.846343,0.639107
442,send_security_key,3.129408,3.018710,-0.110698
442,session_reset,2.855424,2.698142,-0.157282
442,write_target,3.108805,3.052582,-0.056223
443,enter_extended_session,2.860662,3.223062,0.362400
443,read_target_after,2.801786,2.836077,0.034291
443,read_target_before,3.257006,3.337252,0.080246
443,request_security_seed,2.790194,2.901099,0.110905
443,send_security_key,2.799133,3.086245,0.287112
443,session_reset,2.950965,3.001459,0.050494
443,write_target,3.065713,2.696187,-0.369526
444,enter_extended_session,3.063618,3.272788,0.209170
444,read_target_after,3.263850,2.803531,-0.460319
444,read_target_before,2.991054,2.767982,-0.223072
444,request_security_seed,3.079053,2.748148,-0.330905
444,send_security_key,3.075491,3.013262,-0.062229
444,session_reset,2.940909,2.910107,-0.030802
444,write_target,3.037987,3.405136,0.367149
445,enter_extended_session,3.096653,2.777412,-0.319241
445,read_target_after,2.920026,2.834540,-0.085486
445,read_target_before,3.300447,2.767912,-0.532535
445,request_security_seed,2.780206,3.083032,0.302826
445,send_security_key,3.050488,3.379435,0.328947
445,session_reset,2.520539,2.821271,0.300732
445,write_target,2.817431,3.047204,0.229773
446,enter_extended_session,3.077935,3.043991,-0.033944
446,read_target_after,3.131363,3.019338,-0.112025
446,read_target_before,2.949918,2.601274,-0.348644
446,request_security_seed,3.291019,2.818827,-0.472192
446,send_security_key,2.798923,3.078353,0.279430
446,session_reset,2.911785,3.115578,0.203793
446,write_target,2.965702,3.344654,0.378952
447,enter_extended_session,3.091205,2.789214,-0.301991
447,read_target_after,2.839849,2.833424,-0.006425
447,read_target_before,3.033587,2.929035,-0.104552
447,request_security_seed,3.082894,3.037846,-0.045048
447,send_security_key,2.977296,3.166073,0.188777
447,session_reset,2.812542,2.598829,-0.213713
447,write_target,2.843481,3.034982,0.191501
448,enter_extended_session,3.230397,3.067667,-0.162730
448,read_target_after,3.038405,3.023878,-0.014527
448,read_target_before,3.127452,2.871765,-0.255687
448,request_security_seed,2.978343,2.923237,-0.055106
448,send_security_key,2.847322,3.001878,0.154556
448,session_reset,2.951943,3.119000,0.167057
448,write_target,2.816383,3.289062,0.472679
449,enter_extended_session,3.058101,2.902355,-0.155746
449,read_target_after,2.764352,2.998456,0.234104
449,read_target_before,2.867786,3.016544,0.148758
449,request_security_seed,2.911785,3.340185,0.428400
449,send_security_key,3.217826,2.791729,-0.426097
449,session_reset,2.620272,2.702193,0.081921
449,write_target,3.065085,3.118721,0.053636
450,enter_extended_session,2.918560,3.203367,0.284807
450,read_target_after,3.072976,2.792776,-0.280200
450,read_target_before,2.829444,3.037776,0.208332
450,request_security_seed,3.082195,2.760300,-0.321895
450,send_security_key,3.246320,2.913180,-0.333140
450,session_reset,2.924566,3.011027,0.086461
450,write_target,3.010260,3.359321,0.349061
451,enter_extended_session,3.167052,3.102728,-0.064324
451,read_target_after,3.028837,3.065432,0.036595
451,read_target_before,2.962769,2.846902,-0.115867
451,request_security_seed,2.914858,3.070671,0.155813
451,send_security_key,2.864853,3.185628,0.320775
451,session_reset,2.930711,2.680333,-0.250378
451,write_target,3.100075,3.109362,0.009287
452,enter_extended_session,3.034774,3.080657,0.045883
452,read_target_after,2.939931,2.742701,-0.197230
452,read_target_before,2.792987,3.392705,0.599718
452,request_security_seed,3.073535,3.020525,-0.053010
452,send_security_key,3.175084,3.042665,-0.132419
452,session_reset,2.854097,2.846484,-0.007613
452,write_target,3.374198,2.945098,-0.429100
453,enter_extended_session,2.970871,3.131851,0.160980
453,read_target_after,2.937556,2.995523,0.057967
453,read_target_before,2.973035,3.079540,0.106505
453,request_security_seed,3.090437,2.959206,-0.131231
453,send_security_key,3.017035,3.106639,0.089604
453,session_reset,2.705826,2.946145,0.240319
453,write_target,3.175712,3.104334,-0.071378
454,enter_extended_session,3.075491,3.097978,0.022487
454,read_target_after,2.956972,2.979389,0.022417
454,read_target_before,2.877913,3.311969,0.434056
454,request_security_seed,3.050698,2.988888,-0.061810
454,send_security_key,3.166074,2.880077,-0.285997
454,session_reset,2.851233,2.896209,0.044976
454,write_target,3.110272,2.794941,-0.315331
455,enter_extended_session,2.562094,3.058519,0.496425
455,read_target_after,3.037568,3.241990,0.204422
455,read_target_before,3.049092,3.036449,-0.012643
455,request_security_seed,3.062710,3.232072,0.169362
455,send_security_key,3.022272,2.955504,-0.066768
455,session_reset,3.178995,2.779227,-0.399768
455,write_target,3.067878,2.901238,-0.166640
456,enter_extended_session,3.082545,3.100283,0.017738
456,read_target_after,2.797666,3.118861,0.321195
456,read_target_before,3.170404,2.997408,-0.172996
456,request_security_seed,3.063548,2.807861,-0.255687
456,send_security_key,3.133668,3.044900,-0.088768
456,session_reset,2.899004,2.687945,-0.211059
456,write_target,3.017593,3.119419,0.101826
457,enter_extended_session,3.122773,3.258541,0.135768
457,read_target_after,2.808212,3.228021,0.419809
457,read_target_before,3.045529,2.837474,-0.208055
457,request_security_seed,3.024857,2.850046,-0.174811
457,send_security_key,3.020876,3.217964,0.197088
457,session_reset,2.888388,2.961859,0.073471
457,write_target,3.064107,3.138835,0.074728
458,enter_extended_session,3.049231,2.792567,-0.256664
458,read_target_after,2.629420,2.837474,0.208054
458,read_target_before,3.007187,3.171310,0.164123
458,request_security_seed,3.015428,3.038126,0.022698
458,send_security_key,2.950407,3.064036,0.113629
458,session_reset,2.906267,2.946843,0.040576
458,write_target,3.557040,2.871346,-0.685694
459,enter_extended_session,3.056285,3.079471,0.023186
459,read_target_after,2.815476,3.386070,0.570594
459,read_target_before,2.816034,2.742630,-0.073404
459,request_security_seed,3.367145,3.050487,-0.316658
459,send_security_key,2.873094,3.132829,0.259735
459,session_reset,2.921702,2.908012,-0.013690
459,write_target,3.028349,3.119349,0.091000
460,enter_extended_session,2.840269,2.999085,0.158816
460,read_target_after,3.013962,2.750522,-0.263440
460,read_target_before,3.063897,2.800947,-0.262950
460,request_security_seed,2.973524,3.080867,0.107343
460,send_security_key,2.931899,3.095604,0.163705
460,session_reset,3.129477,2.563141,-0.566336
460,write_target,2.866319,3.116137,0.249818
461,enter_extended_session,3.027371,3.230396,0.203025
461,read_target_after,2.974991,2.818827,-0.156164
461,read_target_before,3.061384,3.076957,0.015573
461,request_security_seed,3.023320,2.928127,-0.095193
461,send_security_key,2.877843,3.016964,0.139121
461,session_reset,2.986864,2.930780,-0.056084
461,write_target,3.070672,3.073534,0.002862
462,enter_extended_session,3.049161,3.065432,0.016271
462,read_target_after,2.892998,2.832445,-0.060553
462,read_target_before,2.825533,2.795989,-0.029544
462,request_security_seed,3.000762,3.122702,0.121940
462,send_security_key,3.152595,3.287455,0.134860
462,session_reset,2.871696,2.917441,0.045745
462,write_target,3.236124,2.897117,-0.339007
463,enter_extended_session,2.808352,3.121794,0.313442
463,read_target_after,3.194149,2.993497,-0.200652
463,read_target_before,2.677191,3.064036,0.386845
463,request_security_seed,3.245901,3.115648,-0.130253
463,send_security_key,3.080101,2.970100,-0.110001
463,session_reset,2.529409,2.816661,0.287252
463,write_target,2.775038,3.094486,0.319448
464,enter_extended_session,3.222784,2.738789,-0.483995
464,read_target_after,2.844040,2.916044,0.072004
464,read_target_before,3.193801,3.123190,-0.070611
464,request_security_seed,2.684385,3.437612,0.753227
464,send_security_key,3.002438,2.634866,-0.367572
464,session_reset,2.746683,2.821900,0.075217
464,write_target,2.913181,3.032957,0.119776
465,enter_extended_session,2.887341,3.241430,0.354089
465,read_target_after,3.081148,2.849137,-0.232011
465,read_target_before,2.883640,2.914368,0.030728
465,request_security_seed,3.261266,2.767214,-0.494052
465,send_security_key,3.024856,2.987002,-0.037854
465,session_reset,2.671395,2.864712,0.193317
465,write_target,2.652678,3.184231,0.531553
466,enter_extended_session,2.889715,3.040709,0.150994
466,read_target_after,2.707642,2.690599,-0.017043
466,read_target_before,2.850745,3.079191,0.228446
466,request_security_seed,3.037219,3.190726,0.153507
466,send_security_key,3.050628,2.807373,-0.243255
466,session_reset,3.102449,2.900400,-0.202049
466,write_target,3.197083,3.053490,-0.143593
467,enter_extended_session,2.858148,2.887410,0.029262
467,read_target_after,2.975690,2.853397,-0.122293
467,read_target_before,2.903195,3.265805,0.362610
467,request_security_seed,3.243248,3.028278,-0.214970
467,send_security_key,2.904172,2.988189,0.084017
467,session_reset,2.880008,2.910387,0.030379
467,write_target,3.115090,3.028697,-0.086393
468,enter_extended_session,3.085478,2.855074,-0.230404
468,read_target_after,2.703381,2.986514,0.283133
468,read_target_before,3.195547,2.538976,-0.656571
468,request_security_seed,3.020387,3.034564,0.014177
468,send_security_key,2.902706,3.414424,0.511718
468,session_reset,2.896072,2.327220,-0.568852
468,write_target,3.153433,3.078772,-0.074661
469,enter_extended_session,3.049441,2.991751,-0.057690
469,read_target_after,3.004673,2.927568,-0.077105
469,read_target_before,2.963607,3.096931,0.133324
469,request_security_seed,3.263222,2.960463,-0.302759
469,send_security_key,2.871138,3.034982,0.163844
469,session_reset,2.733413,2.816173,0.082760
469,write_target,2.916255,3.070251,0.153996
470,enter_extended_session,2.385608,3.039592,0.653984
470,read_target_after,2.776924,3.094906,0.317982
470,read_target_before,3.233539,2.921143,-0.312396
470,request_security_seed,2.657776,3.277747,0.619971
470,send_security_key,3.032190,2.957599,-0.074591
470,session_reset,3.094068,2.636194,-0.457874
470,write_target,2.842224,3.003834,0.161610
471,enter_extended_session,2.848859,3.060195,0.211336
471,read_target_after,3.213775,2.859822,-0.353953
471,read_target_before,2.865690,3.278515,0.412825
471,request_security_seed,3.010609,3.012843,0.002234
471,send_security_key,3.002857,3.065363,0.062506
471,session_reset,2.680613,2.561115,-0.119498
471,write_target,3.105522,3.057820,-0.047702
472,enter_extended_session,2.970311,3.078214,0.107903
472,read_target_after,2.458032,3.307011,0.848979
472,read_target_before,3.255260,2.648905,-0.606355
472,request_security_seed,2.742422,3.004881,0.262459
472,send_security_key,2.979670,3.125985,0.146315
472,session_reset,2.801716,2.653166,-0.148550
472,write_target,3.119560,2.862058,-0.257502
473,enter_extended_session,3.291996,2.572570,-0.719426
473,read_target_after,2.986235,2.713856,-0.272379
473,read_target_before,3.071859,3.031281,-0.040578
473,request_security_seed,2.992311,3.098188,0.105877
473,send_security_key,2.848370,3.241291,0.392921
473,session_reset,2.737743,2.787887,0.050144
473,write_target,3.254701,2.907523,-0.347178
474,enter_extended_session,2.798225,3.250021,0.451796
474,read_target_after,2.788656,3.017522,0.228866
474,read_target_before,3.224810,2.834611,-0.390199
474,request_security_seed,2.886992,3.145121,0.258129
474,send_security_key,3.050628,2.738230,-0.312398
474,session_reset,2.770079,2.882451,0.112372
474,write_target,2.866668,3.252396,0.385728
475,enter_extended_session,3.026672,2.731037,-0.295635
475,read_target_after,3.045809,2.703380,-0.342429
475,read_target_before,3.092532,2.877981,-0.214551
475,request_security_seed,3.070113,2.994684,-0.075429
475,send_security_key,3.040152,3.230396,0.190244
475,session_reset,2.873164,2.722447,-0.150717
475,write_target,3.098888,3.123191,0.024303
476,enter_extended_session,3.159369,3.395638,0.236269
476,read_target_after,3.065923,3.031700,-0.034223
476,read_target_before,2.707781,2.996570,0.288789
476,request_security_seed,2.993847,2.603439,-0.390408
476,send_security_key,3.317418,2.806255,-0.511163
476,session_reset,2.699121,2.748008,0.048887
476,write_target,3.061942,3.054119,-0.007823
477,enter_extended_session,3.240244,2.824973,-0.415271
477,read_target_after,3.016895,2.795569,-0.221326
477,read_target_before,3.031980,2.916534,-0.115446
477,request_security_seed,2.867297,3.242687,0.375390
477,send_security_key,2.839361,3.060824,0.221463
477,session_reset,2.884338,2.991332,0.106994
477,write_target,3.247228,2.976665,-0.270563
478,enter_extended_session,2.834262,2.991333,0.157071
478,read_target_after,2.824066,2.872184,0.048118
478,read_target_before,2.788797,2.995941,0.207144
478,request_security_seed,3.053212,2.921212,-0.132000
478,send_security_key,3.248485,2.805486,-0.442999
478,session_reset,2.734391,3.150429,0.416038
478,write_target,3.087225,3.330756,0.243531
479,enter_extended_session,3.040711,2.478285,-0.562426
479,read_target_after,2.875049,2.850674,-0.024375
479,read_target_before,3.045320,2.840058,-0.205262
479,request_security_seed,2.884058,3.190307,0.306249
479,send_security_key,3.018501,2.962558,-0.055943
479,session_reset,2.693743,2.706104,0.012361
479,write_target,3.201832,2.690530,-0.511302
480,enter_extended_session,2.840198,2.896839,0.056641
480,read_target_after,2.874770,3.067458,0.192688
480,read_target_before,3.104126,3.213425,0.109299
480,request_security_seed,2.887271,2.858845,-0.028426
480,send_security_key,3.206162,2.816871,-0.389291
480,session_reset,2.923099,3.189888,0.266789
480,write_target,2.619433,2.898794,0.279361
481,enter_extended_session,2.888459,3.061242,0.172783
481,read_target_after,3.286898,2.949987,-0.336911
481,read_target_before,2.850325,3.026811,0.176486
481,request_security_seed,3.007257,3.255677,0.248420
481,send_security_key,2.933505,2.844877,-0.088628
481,session_reset,3.072698,2.712739,-0.359959
481,write_target,3.281031,2.916812,-0.364219
482,enter_extended_session,3.067878,2.921212,-0.146666
482,read_target_after,3.004882,2.819595,-0.185287
482,read_target_before,3.142608,3.027230,-0.115378
482,request_security_seed,3.075421,2.772173,-0.303248
482,send_security_key,3.085059,2.845436,-0.239623
482,session_reset,2.267088,3.036170,0.769082
482,write_target,3.095395,3.256236,0.160841
483,enter_extended_session,2.880077,3.005230,0.125153
483,read_target_after,2.857030,3.250998,0.393968
483,read_target_before,3.234727,3.069623,-0.165104
483,request_security_seed,3.015638,3.111248,0.095610
483,send_security_key,3.014380,3.087363,0.072983
483,session_reset,3.065853,2.964723,-0.101130
483,write_target,3.065574,2.761208,-0.304366
484,enter_extended_session,3.065643,2.999294,-0.066349
484,read_target_after,2.508737,3.186536,0.677799
484,read_target_before,2.975689,3.023109,0.047420
484,request_security_seed,3.312459,2.744237,-0.568222
484,send_security_key,2.809538,2.992659,0.183121
484,session_reset,2.865132,2.793405,-0.071727
484,write_target,2.905360,3.102728,0.197368
485,enter_extended_session,2.901588,3.407162,0.505574
485,read_target_after,2.985537,3.241850,0.256313
485,read_target_before,3.259730,2.801297,-0.458433
485,request_security_seed,2.732155,2.940628,0.208473
485,send_security_key,2.762606,2.977084,0.214478
485,session_reset,3.104964,2.464526,-0.640438
485,write_target,2.903334,2.884826,-0.018508
486,enter_extended_session,3.069205,2.882171,-0.187034
486,read_target_after,2.973803,2.989446,0.015643
486,read_target_before,3.053003,2.776084,-0.276919
486,request_security_seed,3.007536,3.039033,0.031497
486,send_security_key,3.015917,3.360857,0.344940
486,session_reset,2.625788,2.886641,0.260853
486,write_target,3.112087,3.049929,-0.062158
487,enter_extended_session,3.014380,3.113692,0.099312
487,read_target_after,2.967029,2.819036,-0.147993
487,read_target_before,3.025276,2.989865,-0.035411
487,request_security_seed,2.899005,3.160835,0.261830
487,send_security_key,3.002648,2.968075,-0.034573
487,session_reset,2.891950,2.946635,0.054685
487,write_target,3.117884,2.884476,-0.233408
488,enter_extended_session,3.280612,2.710504,-0.570108
488,read_target_after,3.409747,2.915136,-0.494611
488,read_target_before,3.020526,3.381599,0.361073
488,request_security_seed,3.183184,3.069833,-0.113351
488,send_security_key,2.703940,3.055027,0.351087
488,session_reset,2.919258,3.223481,0.304223
488,write_target,2.999016,2.834890,-0.164126
489,enter_extended_session,3.017873,3.006488,-0.011385
489,read_target_after,2.816383,3.218523,0.402140
489,read_target_before,3.271812,2.846134,-0.425678
489,request_security_seed,3.004253,3.063408,0.059155
489,send_security_key,3.039663,2.866109,-0.173554
489,session_reset,2.608119,2.960532,0.352413
489,write_target,2.869671,2.842223,-0.027448
490,enter_extended_session,3.297514,2.895861,-0.401653
490,read_target_after,2.981695,2.846414,-0.135281
490,read_target_before,2.850046,3.049579,0.199533
490,request_security_seed,2.985816,2.782090,-0.203726
490,send_security_key,2.737253,3.238427,0.501174
490,session_reset,2.769939,2.886013,0.116074
490,write_target,3.252327,2.900679,-0.351648
491,enter_extended_session,2.805418,3.276699,0.471281
491,read_target_after,3.048673,3.017592,-0.031081
491,read_target_before,3.038685,2.884756,-0.153929
491,request_security_seed,2.742631,3.034563,0.291932
491,send_security_key,3.041619,2.865270,-0.176349
491,session_reset,2.755971,2.687317,-0.068654
491,write_target,3.054819,3.002157,-0.052662
492,enter_extended_session,3.048044,3.065851,0.017807
492,read_target_after,3.292485,3.059845,-0.232640
492,read_target_before,2.740257,2.853327,0.113070
492,request_security_seed,2.990285,2.964304,-0.025981
492,send_security_key,3.029256,3.215170,0.185914
492,session_reset,2.613288,3.010538,0.397250
492,write_target,3.073046,3.040988,-0.032058
493,enter_extended_session,2.979181,3.089249,0.110068
493,read_target_after,2.765539,3.071788,0.306249
493,read_target_before,2.871278,3.044620,0.173342
493,request_security_seed,3.161813,2.905218,-0.256595
493,send_security_key,3.151966,3.013192,-0.138774
493,session_reset,2.428490,3.179970,0.751480
493,write_target,3.023949,3.080309,0.056360
494,enter_extended_session,3.288085,2.997198,-0.290887
494,read_target_after,2.849278,2.814007,-0.035271
494,read_target_before,2.928338,3.029395,0.101057
494,request_security_seed,2.599529,2.865340,0.265811
494,send_security_key,3.092183,3.275373,0.183190
494,session_reset,2.907944,3.018989,0.111045
494,write_target,3.253863,2.949079,-0.304784
495,enter_extended_session,3.077586,3.381809,0.304223
495,read_target_after,2.930083,2.821201,-0.108882
495,read_target_before,2.832586,3.226694,0.394108
495,request_security_seed,3.016476,2.735786,-0.280690
495,send_security_key,3.247019,3.125984,-0.121035
495,session_reset,2.856053,2.939859,0.083806
495,write_target,2.853189,3.126962,0.273773
496,enter_extended_session,3.039872,2.844527,-0.195345
496,read_target_after,2.859893,2.907943,0.048050
496,read_target_before,3.007187,2.904730,-0.102457
496,request_security_seed,2.636544,3.409257,0.772713
496,send_security_key,2.884408,2.749754,-0.134654
496,session_reset,3.139395,2.551618,-0.587777
496,write_target,3.305825,3.074023,-0.231802
497,enter_extended_session,2.935182,2.879867,-0.055315
497,read_target_after,3.222575,3.124657,-0.097918
497,read_target_before,2.906268,3.021712,0.115444
497,request_security_seed,3.252396,2.853607,-0.398789
497,send_security_key,2.711204,2.769659,0.058455
497,session_reset,2.921004,3.271602,0.350598
497,write_target,2.865411,3.040081,0.174670
498,enter_extended_session,2.807304,3.083521,0.276217
498,read_target_after,2.862757,3.133877,0.271120
498,read_target_before,3.092462,3.020595,-0.071867
498,request_security_seed,3.086805,3.081845,-0.004960
498,send_security_key,2.822110,3.109363,0.287253
498,session_reset,2.930362,2.892578,-0.037784
498,write_target,3.210702,2.909339,-0.301363
499,enter_extended_session,3.037707,2.946285,-0.091422
499,read_target_after,3.036870,3.017243,-0.019627
499,read_target_before,2.864503,3.070391,0.205888
499,request_security_seed,3.230956,3.015706,-0.215250
499,send_security_key,2.876934,2.855423,-0.021511
499,session_reset,2.896001,2.996919,0.100918
499,write_target,2.824484,3.095743,0.271259
500,enter_extended_session,2.910318,2.859613,-0.050705
500,read_target_after,2.876865,2.972335,0.095470
500,read_target_before,3.022831,2.670346,-0.352485
500,request_security_seed,2.679636,3.251697,0.572061
500,send_security_key,2.826440,3.184790,0.358350
500,session_reset,3.123471,2.839778,-0.283693
500,write_target,3.241920,3.144562,-0.097358
501,enter_extended_session,3.332015,3.074442,-0.257573
501,read_target_after,2.989866,2.956481,-0.033385
501,read_target_before,2.614475,3.238846,0.624371
501,request_security_seed,2.785234,3.010608,0.225374
501,send_security_key,3.484197,3.036309,-0.447888
501,session_reset,2.648697,2.685571,0.036874
501,write_target,3.038196,2.947542,-0.090654
502,enter_extended_session,2.898376,3.024646,0.126270
502,read_target_after,3.029327,3.011097,-0.018230
502,read_target_before,3.033516,3.020596,-0.012920
502,request_security_seed,2.967588,3.290039,0.322451
502,send_security_key,3.061174,2.861569,-0.199605
502,session_reset,2.970241,2.821899,-0.148342
502,write_target,3.101681,2.997128,-0.104553
503,enter_extended_session,2.828535,2.439384,-0.389151
503,read_target_after,3.108385,2.932038,-0.176347
503,read_target_before,3.248974,3.270623,0.021649
503,request_security_seed,3.072558,2.954386,-0.118172
503,send_security_key,2.742562,2.815962,0.073400
503,session_reset,3.120189,3.340464,0.220275
503,write_target,2.800878,2.862826,0.061948
504,enter_extended_session,2.905011,3.117533,0.212522
504,read_target_after,2.969403,2.917511,-0.051892
504,read_target_before,2.993638,2.929873,-0.063765
504,request_security_seed,2.714765,2.875886,0.161121
504,send_security_key,2.941258,2.997548,0.056290
504,session_reset,3.082405,2.813448,-0.268957
504,write_target,3.100285,3.076607,-0.023678
505,enter_extended_session,3.069974,2.852838,-0.217136
505,read_target_after,3.111878,2.791169,-0.320709
505,read_target_before,3.029536,3.255678,0.226142
505,request_security_seed,3.101542,2.810655,-0.290887
505,send_security_key,2.791660,3.061451,0.269791
505,session_reset,2.713159,2.915136,0.201977
505,write_target,3.051396,2.900120,-0.151276
506,enter_extended_session,3.007117,3.242967,0.235850
506,read_target_after,3.125986,3.283474,0.157488
506,read_target_before,3.025625,3.081147,0.055522
506,request_security_seed,3.040431,2.814217,-0.226214
506,send_security_key,3.050768,3.023040,-0.027728
506,session_reset,2.935670,2.953688,0.018018
506,write_target,2.271698,3.114531,0.842833
507,enter_extended_session,3.100284,3.095115,-0.005169
507,read_target_after,3.071650,2.952990,-0.118660
507,read_target_before,3.024437,3.110200,0.085763
507,request_security_seed,3.086805,2.195920,-0.890885
507,send_security_key,3.125846,3.064595,-0.061251
507,session_reset,2.754504,2.751849,-0.002655
507,write_target,2.189216,3.074232,0.885016
508,enter_extended_session,3.144074,3.189050,0.044976
508,read_target_after,3.219851,2.320655,-0.899196
508,read_target_before,2.902357,3.002856,0.100499
508,request_security_seed,3.115300,2.892648,-0.222652
508,send_security_key,3.063478,2.977154,-0.086324
508,session_reset,2.953899,3.213774,0.259875
508,write_target,3.066761,3.063407,-0.003354
509,enter_extended_session,3.072557,3.096092,0.023535
509,read_target_after,3.039733,3.073534,0.033801
509,read_target_before,3.003067,3.321956,0.318889
509,request_security_seed,2.786422,3.059845,0.273423
509,send_security_key,3.069205,3.068785,-0.000420
509,session_reset,2.846414,2.920584,0.074170
509,write_target,3.085547,2.891181,-0.194366
510,enter_extended_session,3.277539,3.219081,-0.058458
510,read_target_after,3.310364,2.695558,-0.614806
510,read_target_before,2.751850,3.061731,0.309881
510,request_security_seed,2.894255,2.926660,0.032405
510,send_security_key,2.959067,2.962837,0.003770
510,session_reset,2.876516,2.892858,0.016342
510,write_target,3.128360,3.345004,0.216644
511,enter_extended_session,3.042038,2.748846,-0.293192
511,read_target_after,3.050418,2.989656,-0.060762
511,read_target_before,2.934204,2.849347,-0.084857
511,request_security_seed,2.989587,3.069623,0.080036
511,send_security_key,2.985327,3.216288,0.230961
511,session_reset,2.646810,2.876444,0.229634
511,write_target,3.001530,2.916672,-0.084858
512,enter_extended_session,3.309456,2.839150,-0.470306
512,read_target_after,3.171312,3.136460,-0.034852
512,read_target_before,3.039314,3.327334,0.288020
512,request_security_seed,2.757787,3.104543,0.346756
512,send_security_key,3.038405,2.845296,-0.193109
512,session_reset,2.724892,3.054258,0.329366
512,write_target,3.174105,2.774967,-0.399138
513,enter_extended_session,3.029117,3.122702,0.093585
513,read_target_after,2.757019,2.982951,0.225932
513,read_target_before,3.277748,2.998246,-0.279502
513,request_security_seed,3.027790,3.201831,0.174041
513,send_security_key,3.091903,2.923726,-0.168177
513,session_reset,2.758834,2.470881,-0.287953
513,write_target,2.746962,3.076887,0.329925
514,enter_extended_session,3.337602,2.962907,-0.374695
514,read_target_after,3.092253,2.902635,-0.189618
514,read_target_before,3.022621,3.246109,0.223488
514,request_security_seed,2.792568,2.754503,-0.038065
514,send_security_key,3.022692,2.870787,-0.151905
514,session_reset,2.917582,3.083311,0.165729
514,write_target,3.034076,3.067947,0.033871
515,enter_extended_session,3.071579,2.927917,-0.143662
515,read_target_after,3.064176,2.933853,-0.130323
515,read_target_before,2.723914,2.544144,-0.179770
515,request_security_seed,3.032958,3.288643,0.255685
515,send_security_key,3.321189,3.042874,-0.278315
515,session_reset,2.912693,2.624111,-0.288582
515,write_target,3.034914,2.887689,-0.147225
516,enter_extended_session,3.103566,2.942304,-0.161262
516,read_target_after,2.623624,2.957180,0.333556
516,read_target_before,3.107338,3.417917,0.310579
516,request_security_seed,3.036799,2.860451,-0.176348
516,send_security_key,3.021155,2.927148,-0.094007
516,session_reset,2.917442,3.104962,0.187520
516,write_target,3.134087,2.788445,-0.345642
517,enter_extended_session,3.154690,3.376921,0.222231
517,read_target_after,3.059637,3.223202,0.163565
517,read_target_before,2.996083,2.876933,-0.119150
517,request_security_seed,2.979879,3.024576,0.044697
517,send_security_key,2.838872,2.892927,0.054055
517,session_reset,2.840827,2.882381,0.041554
517,write_target,3.061104,3.008652,-0.052452
518,enter_extended_session,3.051047,2.546170,-0.504877
518,read_target_after,2.791311,2.774548,-0.016763
518,read_target_before,3.017034,2.993567,-0.023467
518,request_security_seed,2.892788,2.584162,-0.308626
518,send_security_key,2.823646,3.241989,0.418343
518,session_reset,3.108874,2.947822,-0.161052
518,write_target,3.317698,2.903193,-0.414505
519,enter_extended_session,2.993009,3.206091,0.213082
519,read_target_after,3.014869,3.014729,-0.000140
519,read_target_before,2.863595,3.019897,0.156302
519,request_security_seed,3.089459,3.138345,0.048886
519,send_security_key,3.165585,2.792147,-0.373438
519,session_reset,2.876516,3.000062,0.123546
519,write_target,2.853888,3.238986,0.385098
520,enter_extended_session,3.080799,2.958437,-0.122362
520,read_target_after,3.053560,2.798922,-0.254638
520,read_target_before,2.995524,2.946145,-0.049379
520,request_security_seed,3.017244,2.938393,-0.078851
520,send_security_key,2.736974,3.099305,0.362331
520,session_reset,2.921702,2.688085,-0.233617
520,write_target,3.073046,3.148263,0.075217
