time_min,time_hour,strategy,vulnerable_vehicle_count
0,0.000,ota_only,1000
30,0.500,ota_only,1000
60,1.000,ota_only,1000
90,1.500,ota_only,1000
120,2.000,ota_only,1000
150,2.500,ota_only,1000
180,3.000,ota_only,1000
210,3.500,ota_only,1000
240,4.000,ota_only,1000
270,4.500,ota_only,1000
300,5.000,ota_only,1000
330,5.500,ota_only,1000
360,6.000,ota_only,1000
390,6.500,ota_only,1000
420,7.000,ota_only,1000
450,7.500,ota_only,1000
480,8.000,ota_only,1000
510,8.500,ota_only,1000
540,9.000,ota_only,1000
570,9.500,ota_only,1000
600,10.000,ota_only,1000
630,10.500,ota_only,1000
660,11.000,ota_only,1000
690,11.500,ota_only,1000
720,12.000,ota_only,1000
750,12.500,ota_only,1000
780,13.000,ota_only,1000
810,13.500,ota_only,1000
840,14.000,ota_only,1000
870,14.500,ota_only,1000
900,15.000,ota_only,1000
930,15.500,ota_only,1000
960,16.000,ota_only,1000
990,16.500,ota_only,1000
1020,17.000,ota_only,1000
1050,17.500,ota_only,1000
1080,18.000,ota_only,1000
1110,18.500,ota_only,1000
1140,19.000,ota_only,1000
1170,19.500,ota_only,1000
1200,20.000,ota_only,1000
1230,20.500,ota_only,1000
1260,21.000,ota_only,1000
1290,21.500,ota_only,1000
1320,22.000,ota_only,994
1350,22.500,ota_only,984
1380,23.000,ota_only,975
1410,23.500,ota_only,967
1440,24.000,ota_only,951
1470,24.500,ota_only,944
1500,25.000,ota_only,942
1530,25.500,ota_only,942
1560,26.000,ota_only,942
1590,26.500,ota_only,942
1620,27.000,ota_only,942
1650,27.500,ota_only,942
1680,28.000,ota_only,942
1710,28.500,ota_only,942
1740,29.000,ota_only,942
1770,29.500,ota_only,942
1800,30.000,ota_only,942
1830,30.500,ota_only,942
1860,31.000,ota_only,942
1890,31.500,ota_only,942
1920,32.000,ota_only,942
1950,32.500,ota_only,942
1980,33.000,ota_only,942
2010,33.500,ota_only,942
2040,34.000,ota_only,942
2070,34.500,ota_only,942
2100,35.000,ota_only,942
2130,35.500,ota_only,942
2160,36.000,ota_only,942
2190,36.500,ota_only,942
2220,37.000,ota_only,942
2250,37.500,ota_only,942
2280,38.000,ota_only,942
2310,38.500,ota_only,942
2340,39.000,ota_only,942
2370,39.500,ota_only,942
2400,40.000,ota_only,942
2430,40.500,ota_only,942
2460,41.000,ota_only,942
2490,41.500,ota_only,942
2520,42.000,ota_only,942
2550,42.500,ota_only,942
2580,43.000,ota_only,942
2610,43.500,ota_only,942
2640,44.000,ota_only,942
2670,44.500,ota_only,942
2700,45.000,ota_only,942
2730,45.500,ota_only,942
2760,46.000,ota_only,938
2790,46.500,ota_only,935
2820,47.000,ota_only,927
2850,47.500,ota_only,917
2880,48.000,ota_only,905
2910,48.500,ota_only,892
2940,49.000,ota_only,889
2970,49.500,ota_only,889
3000,50.000,ota_only,889
3030,50.500,ota_only,889
3060,51.000,ota_only,889
3090,51.500,ota_only,889
3120,52.000,ota_only,889
3150,52.500,ota_only,889
3180,53.000,ota_only,889
3210,53.500,ota_only,889
3240,54.000,ota_only,889
3270,54.500,ota_only,889
3300,55.000,ota_only,889
3330,55.500,ota_only,889
3360,56.000,ota_only,889
3390,56.500,ota_only,889
3420,57.000,ota_only,889
3450,57.500,ota_only,889
3480,58.000,ota_only,889
3510,58.500,ota_only,889
3540,59.000,ota_only,889
3570,59.500,ota_only,889
3600,60.000,ota_only,889
3630,60.500,ota_only,889
3660,61.000,ota_only,889
3690,61.500,ota_only,889
3720,62.000,ota_only,889
3750,62.500,ota_only,889
3780,63.000,ota_only,889
3810,63.500,ota_only,889
3840,64.000,ota_only,889
3870,64.500,ota_only,889
3900,65.000,ota_only,889
3930,65.500,ota_only,889
3960,66.000,ota_only,889
3990,66.500,ota_only,889
4020,67.000,ota_only,889
4050,67.500,ota_only,889
4080,68.000,ota_only,889
4110,68.500,ota_only,889
4140,69.000,ota_only,889
4170,69.500,ota_only,889
4200,70.000,ota_only,885
4230,70.500,ota_only,879
4260,71.000,ota_only,875
4290,71.500,ota_only,864
4320,72.000,ota_only,853
4350,72.500,ota_only,842
4380,73.000,ota_only,836
4410,73.500,ota_only,834
4440,74.000,ota_only,834
4470,74.500,ota_only,834
4500,75.000,ota_only,834
4530,75.500,ota_only,834
4560,76.000,ota_only,834
4590,76.500,ota_only,834
4620,77.000,ota_only,834
4650,77.500,ota_only,834
4680,78.000,ota_only,834
4710,78.500,ota_only,834
4740,79.000,ota_only,834
4770,79.500,ota_only,834
4800,80.000,ota_only,834
4830,80.500,ota_only,834
4860,81.000,ota_only,834
4890,81.500,ota_only,834
4920,82.000,ota_only,834
4950,82.500,ota_only,834
4980,83.000,ota_only,834
5010,83.500,ota_only,834
5040,84.000,ota_only,834
5070,84.500,ota_only,834
5100,85.000,ota_only,834
5130,85.500,ota_only,834
5160,86.000,ota_only,834
5190,86.500,ota_only,834
5220,87.000,ota_only,834
5250,87.500,ota_only,834
5280,88.000,ota_only,834
5310,88.500,ota_only,834
5340,89.000,ota_only,834
5370,89.500,ota_only,834
5400,90.000,ota_only,834
5430,90.500,ota_only,834
5460,91.000,ota_only,834
5490,91.500,ota_only,834
5520,92.000,ota_only,834
5550,92.500,ota_only,834
5580,93.000,ota_only,834
5610,93.500,ota_only,834
5640,94.000,ota_only,826
5670,94.500,ota_only,817
5700,95.000,ota_only,809
5730,95.500,ota_only,800
5760,96.000,ota_only,787
5790,96.500,ota_only,779
5820,97.000,ota_only,777
5850,97.500,ota_only,777
5880,98.000,ota_only,777
5910,98.500,ota_only,777
5940,99.000,ota_only,777
5970,99.500,ota_only,777
6000,100.000,ota_only,777
6030,100.500,ota_only,777
6060,101.000,ota_only,777
6090,101.500,ota_only,777
6120,102.000,ota_only,777
6150,102.500,ota_only,777
6180,103.000,ota_only,777
6210,103.500,ota_only,777
6240,104.000,ota_only,777
6270,104.500,ota_only,777
6300,105.000,ota_only,777
6330,105.500,ota_only,777
6360,106.000,ota_only,777
6390,106.500,ota_only,777
6420,107.000,ota_only,777
6450,107.500,ota_only,777
6480,108.000,ota_only,777
6510,108.500,ota_only,777
6540,109.000,ota_only,777
6570,109.500,ota_only,777
6600,110.000,ota_only,777
6630,110.500,ota_only,777
6660,111.000,ota_only,777
6690,111.500,ota_only,777
6720,112.000,ota_only,777
6750,112.500,ota_only,777
6780,113.000,ota_only,777
6810,113.500,ota_only,777
6840,114.000,ota_only,777
6870,114.500,ota_only,777
6900,115.000,ota_only,777
6930,115.500,ota_only,777
6960,116.000,ota_only,777
6990,116.500,ota_only,777
7020,117.000,ota_only,777
7050,117.500,ota_only,777
7080,118.000,ota_only,775
7110,118.500,ota_only,768
7140,119.000,ota_only,761
7170,119.500,ota_only,747
7200,120.000,ota_only,735
7230,120.500,ota_only,729
7260,121.000,ota_only,723
7290,121.500,ota_only,723
7320,122.000,ota_only,723
7350,122.500,ota_only,723
7380,123.000,ota_only,723
7410,123.500,ota_only,723
7440,124.000,ota_only,723
7470,124.500,ota_only,723
7500,125.000,ota_only,723
7530,125.500,ota_only,723
7560,126.000,ota_only,723
7590,126.500,ota_only,723
7620,127.000,ota_only,723
7650,127.500,ota_only,723
7680,128.000,ota_only,723
7710,128.500,ota_only,723
7740,129.000,ota_only,723
7770,129.500,ota_only,723
7800,130.000,ota_only,723
7830,130.500,ota_only,723
7860,131.000,ota_only,723
7890,131.500,ota_only,723
7920,132.000,ota_only,723
7950,132.500,ota_only,723
7980,133.000,ota_only,723
8010,133.500,ota_only,723
8040,134.000,ota_only,723
8070,134.500,ota_only,723
8100,135.000,ota_only,723
8130,135.500,ota_only,723
8160,136.000,ota_only,723
8190,136.500,ota_only,723
8220,137.000,ota_only,723
8250,137.500,ota_only,723
8280,138.000,ota_only,723
8310,138.500,ota_only,723
8340,139.000,ota_only,723
8370,139.500,ota_only,723
8400,140.000,ota_only,723
8430,140.500,ota_only,723
8460,141.000,ota_only,723
8490,141.500,ota_only,723
8520,142.000,ota_only,714
8550,142.500,ota_only,709
8580,143.000,ota_only,702
8610,143.500,ota_only,695
8640,144.000,ota_only,682
8670,144.500,ota_only,667
8700,145.000,ota_only,666
8730,145.500,ota_only,665
8760,146.000,ota_only,665
8790,146.500,ota_only,665
8820,147.000,ota_only,665
8850,147.500,ota_only,665
8880,148.000,ota_only,665
8910,148.500,ota_only,665
8940,149.000,ota_only,665
8970,149.500,ota_only,665
9000,150.000,ota_only,665
9030,150.500,ota_only,665
9060,151.000,ota_only,665
9090,151.500,ota_only,665
9120,152.000,ota_only,665
9150,152.500,ota_only,665
9180,153.000,ota_only,665
9210,153.500,ota_only,665
9240,154.000,ota_only,665
9270,154.500,ota_only,665
9300,155.000,ota_only,665
9330,155.500,ota_only,665
9360,156.000,ota_only,665
9390,156.500,ota_only,665
9420,157.000,ota_only,665
9450,157.500,ota_only,665
9480,158.000,ota_only,665
9510,158.500,ota_only,665
9540,159.000,ota_only,665
9570,159.500,ota_only,665
9600,160.000,ota_only,665
9630,160.500,ota_only,665
9660,161.000,ota_only,665
9690,161.500,ota_only,665
9720,162.000,ota_only,665
9750,162.500,ota_only,665
9780,163.000,ota_only,665
9810,163.500,ota_only,665
9840,164.000,ota_only,665
9870,164.500,ota_only,665
9900,165.000,ota_only,665
9930,165.500,ota_only,665
9960,166.000,ota_only,662
9990,166.500,ota_only,657
10020,167.000,ota_only,648
10050,167.500,ota_only,640
10080,168.000,ota_only,627
10110,168.500,ota_only,617
10140,169.000,ota_only,616
10170,169.500,ota_only,616
10200,170.000,ota_only,616
10230,170.500,ota_only,616
10260,171.000,ota_only,616
10290,171.500,ota_only,616
10320,172.000,ota_only,616
10350,172.500,ota_only,616
10380,173.000,ota_only,616
10410,173.500,ota_only,616
10440,174.000,ota_only,616
10470,174.500,ota_only,616
10500,175.000,ota_only,616
10530,175.500,ota_only,616
10560,176.000,ota_only,616
10590,176.500,ota_only,616
10620,177.000,ota_only,616
10650,177.500,ota_only,616
10680,178.000,ota_only,616
10710,178.500,ota_only,616
10740,179.000,ota_only,616
10770,179.500,ota_only,616
10800,180.000,ota_only,616
10830,180.500,ota_only,616
10860,181.000,ota_only,616
10890,181.500,ota_only,616
10920,182.000,ota_only,616
10950,182.500,ota_only,616
10980,183.000,ota_only,616
11010,183.500,ota_only,616
11040,184.000,ota_only,616
11070,184.500,ota_only,616
11100,185.000,ota_only,616
11130,185.500,ota_only,616
11160,186.000,ota_only,616
11190,186.500,ota_only,616
11220,187.000,ota_only,616
11250,187.500,ota_only,616
11280,188.000,ota_only,616
11310,188.500,ota_only,616
11340,189.000,ota_only,616
11370,189.500,ota_only,616
11400,190.000,ota_only,611
11430,190.500,ota_only,604
11460,191.000,ota_only,596
11490,191.500,ota_only,582
11520,192.000,ota_only,571
11550,192.500,ota_only,561
11580,193.000,ota_only,556
11610,193.500,ota_only,556
11640,194.000,ota_only,556
11670,194.500,ota_only,556
11700,195.000,ota_only,556
11730,195.500,ota_only,556
11760,196.000,ota_only,556
11790,196.500,ota_only,556
11820,197.000,ota_only,556
11850,197.500,ota_only,556
11880,198.000,ota_only,556
11910,198.500,ota_only,556
11940,199.000,ota_only,556
11970,199.500,ota_only,556
12000,200.000,ota_only,556
12030,200.500,ota_only,556
12060,201.000,ota_only,556
12090,201.500,ota_only,556
12120,202.000,ota_only,556
12150,202.500,ota_only,556
12180,203.000,ota_only,556
12210,203.500,ota_only,556
12240,204.000,ota_only,556
12270,204.500,ota_only,556
12300,205.000,ota_only,556
12330,205.500,ota_only,556
12360,206.000,ota_only,556
12390,206.500,ota_only,556
12420,207.000,ota_only,556
12450,207.500,ota_only,556
12480,208.000,ota_only,556
12510,208.500,ota_only,556
12540,209.000,ota_only,556
12570,209.500,ota_only,556
12600,210.000,ota_only,556
12630,210.500,ota_only,556
12660,211.000,ota_only,556
12690,211.500,ota_only,556
12720,212.000,ota_only,556
12750,212.500,ota_only,556
12780,213.000,ota_only,556
12810,213.500,ota_only,556
12840,214.000,ota_only,555
12870,214.500,ota_only,547
12900,215.000,ota_only,535
12930,215.500,ota_only,524
12960,216.000,ota_only,510
12990,216.500,ota_only,502
13020,217.000,ota_only,501
13050,217.500,ota_only,500
13080,218.000,ota_only,500
13110,218.500,ota_only,500
13140,219.000,ota_only,500
13170,219.500,ota_only,500
13200,220.000,ota_only,500
13230,220.500,ota_only,500
13260,221.000,ota_only,500
13290,221.500,ota_only,500
13320,222.000,ota_only,500
13350,222.500,ota_only,500
13380,223.000,ota_only,500
13410,223.500,ota_only,500
13440,224.000,ota_only,500
13470,224.500,ota_only,500
13500,225.000,ota_only,500
13530,225.500,ota_only,500
13560,226.000,ota_only,500
13590,226.500,ota_only,500
13620,227.000,ota_only,500
13650,227.500,ota_only,500
13680,228.000,ota_only,500
13710,228.500,ota_only,500
13740,229.000,ota_only,500
13770,229.500,ota_only,500
13800,230.000,ota_only,500
13830,230.500,ota_only,500
13860,231.000,ota_only,500
13890,231.500,ota_only,500
13920,232.000,ota_only,500
13950,232.500,ota_only,500
13980,233.000,ota_only,500
14010,233.500,ota_only,500
14040,234.000,ota_only,500
14070,234.500,ota_only,500
14100,235.000,ota_only,500
14130,235.500,ota_only,500
14160,236.000,ota_only,500
14190,236.500,ota_only,500
14220,237.000,ota_only,500
14250,237.500,ota_only,500
14280,238.000,ota_only,496
14310,238.500,ota_only,489
14340,239.000,ota_only,480
14370,239.500,ota_only,471
14400,240.000,ota_only,461
14430,240.500,ota_only,449
14460,241.000,ota_only,447
14490,241.500,ota_only,447
14520,242.000,ota_only,447
14550,242.500,ota_only,447
14580,243.000,ota_only,447
14610,243.500,ota_only,447
14640,244.000,ota_only,447
14670,244.500,ota_only,447
14700,245.000,ota_only,447
14730,245.500,ota_only,447
14760,246.000,ota_only,447
14790,246.500,ota_only,447
14820,247.000,ota_only,447
14850,247.500,ota_only,447
14880,248.000,ota_only,447
14910,248.500,ota_only,447
14940,249.000,ota_only,447
14970,249.500,ota_only,447
15000,250.000,ota_only,447
15030,250.500,ota_only,447
15060,251.000,ota_only,447
15090,251.500,ota_only,447
15120,252.000,ota_only,447
15150,252.500,ota_only,447
15180,253.000,ota_only,447
15210,253.500,ota_only,447
15240,254.000,ota_only,447
15270,254.500,ota_only,447
15300,255.000,ota_only,447
15330,255.500,ota_only,447
15360,256.000,ota_only,447
15390,256.500,ota_only,447
15420,257.000,ota_only,447
15450,257.500,ota_only,447
15480,258.000,ota_only,447
15510,258.500,ota_only,447
15540,259.000,ota_only,447
15570,259.500,ota_only,447
15600,260.000,ota_only,447
15630,260.500,ota_only,447
15660,261.000,ota_only,447
15690,261.500,ota_only,447
15720,262.000,ota_only,444
15750,262.500,ota_only,438
15780,263.000,ota_only,425
15810,263.500,ota_only,414
15840,264.000,ota_only,404
15870,264.500,ota_only,394
15900,265.000,ota_only,391
15930,265.500,ota_only,391
15960,266.000,ota_only,391
15990,266.500,ota_only,391
16020,267.000,ota_only,391
16050,267.500,ota_only,391
16080,268.000,ota_only,391
16110,268.500,ota_only,391
16140,269.000,ota_only,391
16170,269.500,ota_only,391
16200,270.000,ota_only,391
16230,270.500,ota_only,391
16260,271.000,ota_only,391
16290,271.500,ota_only,391
16320,272.000,ota_only,391
16350,272.500,ota_only,391
16380,273.000,ota_only,391
16410,273.500,ota_only,391
16440,274.000,ota_only,391
16470,274.500,ota_only,391
16500,275.000,ota_only,391
16530,275.500,ota_only,391
16560,276.000,ota_only,391
16590,276.500,ota_only,391
16620,277.000,ota_only,391
16650,277.500,ota_only,391
16680,278.000,ota_only,391
16710,278.500,ota_only,391
16740,279.000,ota_only,391
16770,279.500,ota_only,391
16800,280.000,ota_only,391
16830,280.500,ota_only,391
16860,281.000,ota_only,391
16890,281.500,ota_only,391
16920,282.000,ota_only,391
16950,282.500,ota_only,391
16980,283.000,ota_only,391
17010,283.500,ota_only,391
17040,284.000,ota_only,391
17070,284.500,ota_only,391
17100,285.000,ota_only,391
17130,285.500,ota_only,391
17160,286.000,ota_only,387
17190,286.500,ota_only,374
17220,287.000,ota_only,368
17250,287.500,ota_only,360
17280,288.000,ota_only,345
17310,288.500,ota_only,336
17340,289.000,ota_only,333
17370,289.500,ota_only,333
17400,290.000,ota_only,333
17430,290.500,ota_only,333
17460,291.000,ota_only,333
17490,291.500,ota_only,333
17520,292.000,ota_only,333
17550,292.500,ota_only,333
17580,293.000,ota_only,333
17610,293.500,ota_only,333
17640,294.000,ota_only,333
17670,294.500,ota_only,333
17700,295.000,ota_only,333
17730,295.500,ota_only,333
17760,296.000,ota_only,333
17790,296.500,ota_only,333
17820,297.000,ota_only,333
17850,297.500,ota_only,333
17880,298.000,ota_only,333
17910,298.500,ota_only,333
17940,299.000,ota_only,333
17970,299.500,ota_only,333
18000,300.000,ota_only,333
18030,300.500,ota_only,333
18060,301.000,ota_only,333
18090,301.500,ota_only,333
18120,302.000,ota_only,333
18150,302.500,ota_only,333
18180,303.000,ota_only,333
18210,303.500,ota_only,333
18240,304.000,ota_only,333
18270,304.500,ota_only,333
18300,305.000,ota_only,333
18330,305.500,ota_only,333
18360,306.000,ota_only,333
18390,306.500,ota_only,333
18420,307.000,ota_only,333
18450,307.500,ota_only,333
18480,308.000,ota_only,333
18510,308.500,ota_only,333
18540,309.000,ota_only,333
18570,309.500,ota_only,333
18600,310.000,ota_only,327
18630,310.500,ota_only,316
18660,311.000,ota_only,312
18690,311.500,ota_only,304
18720,312.000,ota_only,296
18750,312.500,ota_only,283
18780,313.000,ota_only,278
18810,313.500,ota_only,278
18840,314.000,ota_only,278
18870,314.500,ota_only,278
18900,315.000,ota_only,278
18930,315.500,ota_only,278
18960,316.000,ota_only,278
18990,316.500,ota_only,278
19020,317.000,ota_only,278
19050,317.500,ota_only,278
19080,318.000,ota_only,278
19110,318.500,ota_only,278
19140,319.000,ota_only,278
19170,319.500,ota_only,278
19200,320.000,ota_only,278
19230,320.500,ota_only,278
19260,321.000,ota_only,278
19290,321.500,ota_only,278
19320,322.000,ota_only,278
19350,322.500,ota_only,278
19380,323.000,ota_only,278
19410,323.500,ota_only,278
19440,324.000,ota_only,278
19470,324.500,ota_only,278
19500,325.000,ota_only,278
19530,325.500,ota_only,278
19560,326.000,ota_only,278
19590,326.500,ota_only,278
19620,327.000,ota_only,278
19650,327.500,ota_only,278
19680,328.000,ota_only,278
19710,328.500,ota_only,278
19740,329.000,ota_only,278
19770,329.500,ota_only,278
19800,330.000,ota_only,278
19830,330.500,ota_only,278
19860,331.000,ota_only,278
19890,331.500,ota_only,278
19920,332.000,ota_only,278
19950,332.500,ota_only,278
19980,333.000,ota_only,278
20010,333.500,ota_only,278
20040,334.000,ota_only,273
20070,334.500,ota_only,268
20100,335.000,ota_only,263
20130,335.500,ota_only,250
20160,336.000,ota_only,240
20190,336.500,ota_only,229
20220,337.000,ota_only,228
20250,337.500,ota_only,228
20280,338.000,ota_only,228
20310,338.500,ota_only,228
20340,339.000,ota_only,228
20370,339.500,ota_only,228
20400,340.000,ota_only,228
20430,340.500,ota_only,228
20460,341.000,ota_only,228
20490,341.500,ota_only,228
20520,342.000,ota_only,228
20550,342.500,ota_only,228
20580,343.000,ota_only,228
20610,343.500,ota_only,228
20640,344.000,ota_only,228
20670,344.500,ota_only,228
20700,345.000,ota_only,228
20730,345.500,ota_only,228
20760,346.000,ota_only,228
20790,346.500,ota_only,228
20820,347.000,ota_only,228
20850,347.500,ota_only,228
20880,348.000,ota_only,228
20910,348.500,ota_only,228
20940,349.000,ota_only,228
20970,349.500,ota_only,228
21000,350.000,ota_only,228
21030,350.500,ota_only,228
21060,351.000,ota_only,228
21090,351.500,ota_only,228
21120,352.000,ota_only,228
21150,352.500,ota_only,228
21180,353.000,ota_only,228
21210,353.500,ota_only,228
21240,354.000,ota_only,228
21270,354.500,ota_only,228
21300,355.000,ota_only,228
21330,355.500,ota_only,228
21360,356.000,ota_only,228
21390,356.500,ota_only,228
21420,357.000,ota_only,228
21450,357.500,ota_only,228
21480,358.000,ota_only,223
21510,358.500,ota_only,218
21540,359.000,ota_only,215
21570,359.500,ota_only,205
21600,360.000,ota_only,194
21630,360.500,ota_only,182
21660,361.000,ota_only,179
21690,361.500,ota_only,179
21720,362.000,ota_only,179
21750,362.500,ota_only,179
21780,363.000,ota_only,179
21810,363.500,ota_only,179
21840,364.000,ota_only,179
21870,364.500,ota_only,179
21900,365.000,ota_only,179
21930,365.500,ota_only,179
21960,366.000,ota_only,179
21990,366.500,ota_only,179
22020,367.000,ota_only,179
22050,367.500,ota_only,179
22080,368.000,ota_only,179
22110,368.500,ota_only,179
22140,369.000,ota_only,179
22170,369.500,ota_only,179
22200,370.000,ota_only,179
22230,370.500,ota_only,179
22260,371.000,ota_only,179
22290,371.500,ota_only,179
22320,372.000,ota_only,179
22350,372.500,ota_only,179
22380,373.000,ota_only,179
22410,373.500,ota_only,179
22440,374.000,ota_only,179
22470,374.500,ota_only,179
22500,375.000,ota_only,179
22530,375.500,ota_only,179
22560,376.000,ota_only,179
22590,376.500,ota_only,179
22620,377.000,ota_only,179
22650,377.500,ota_only,179
22680,378.000,ota_only,179
22710,378.500,ota_only,179
22740,379.000,ota_only,179
22770,379.500,ota_only,179
22800,380.000,ota_only,179
22830,380.500,ota_only,179
22860,381.000,ota_only,179
22890,381.500,ota_only,179
22920,382.000,ota_only,177
22950,382.500,ota_only,172
22980,383.000,ota_only,160
23010,383.500,ota_only,154
23040,384.000,ota_only,139
23070,384.500,ota_only,131
23100,385.000,ota_only,127
23130,385.500,ota_only,127
23160,386.000,ota_only,127
23190,386.500,ota_only,127
23220,387.000,ota_only,127
23250,387.500,ota_only,127
23280,388.000,ota_only,127
23310,388.500,ota_only,127
23340,389.000,ota_only,127
23370,389.500,ota_only,127
23400,390.000,ota_only,127
23430,390.500,ota_only,127
23460,391.000,ota_only,127
23490,391.500,ota_only,127
23520,392.000,ota_only,127
23550,392.500,ota_only,127
23580,393.000,ota_only,127
23610,393.500,ota_only,127
23640,394.000,ota_only,127
23670,394.500,ota_only,127
23700,395.000,ota_only,127
23730,395.500,ota_only,127
23760,396.000,ota_only,127
23790,396.500,ota_only,127
23820,397.000,ota_only,127
23850,397.500,ota_only,127
23880,398.000,ota_only,127
23910,398.500,ota_only,127
23940,399.000,ota_only,127
23970,399.500,ota_only,127
24000,400.000,ota_only,127
24030,400.500,ota_only,127
24060,401.000,ota_only,127
24090,401.500,ota_only,127
24120,402.000,ota_only,127
24150,402.500,ota_only,127
24180,403.000,ota_only,127
24210,403.500,ota_only,127
24240,404.000,ota_only,127
24270,404.500,ota_only,127
24300,405.000,ota_only,127
24330,405.500,ota_only,127
24360,406.000,ota_only,120
24390,406.500,ota_only,112
24420,407.000,ota_only,102
24450,407.500,ota_only,95
24480,408.000,ota_only,85
24510,408.500,ota_only,71
24540,409.000,ota_only,67
24570,409.500,ota_only,67
24600,410.000,ota_only,67
24630,410.500,ota_only,67
24660,411.000,ota_only,67
24690,411.500,ota_only,67
24720,412.000,ota_only,67
24750,412.500,ota_only,67
24780,413.000,ota_only,67
24810,413.500,ota_only,67
24840,414.000,ota_only,67
24870,414.500,ota_only,67
24900,415.000,ota_only,67
24930,415.500,ota_only,67
24960,416.000,ota_only,67
24990,416.500,ota_only,67
25020,417.000,ota_only,67
25050,417.500,ota_only,67
25080,418.000,ota_only,67
25110,418.500,ota_only,67
25140,419.000,ota_only,67
25170,419.500,ota_only,67
25200,420.000,ota_only,67
25230,420.500,ota_only,67
25260,421.000,ota_only,67
25290,421.500,ota_only,67
25320,422.000,ota_only,67
25350,422.500,ota_only,67
25380,423.000,ota_only,67
25410,423.500,ota_only,67
25440,424.000,ota_only,67
25470,424.500,ota_only,67
25500,425.000,ota_only,67
25530,425.500,ota_only,67
25560,426.000,ota_only,67
25590,426.500,ota_only,67
25620,427.000,ota_only,67
25650,427.500,ota_only,67
25680,428.000,ota_only,67
25710,428.500,ota_only,67
25740,429.000,ota_only,67
25770,429.500,ota_only,67
25800,430.000,ota_only,61
25830,430.500,ota_only,55
25860,431.000,ota_only,44
25890,431.500,ota_only,33
25920,432.000,ota_only,20
25950,432.500,ota_only,12
25980,433.000,ota_only,12
26010,433.500,ota_only,12
26040,434.000,ota_only,12
26070,434.500,ota_only,12
26100,435.000,ota_only,12
26130,435.500,ota_only,12
26160,436.000,ota_only,12
26190,436.500,ota_only,12
26220,437.000,ota_only,12
26250,437.500,ota_only,12
26280,438.000,ota_only,12
26310,438.500,ota_only,12
26340,439.000,ota_only,12
26370,439.500,ota_only,12
26400,440.000,ota_only,12
26430,440.500,ota_only,12
26460,441.000,ota_only,12
26490,441.500,ota_only,12
26520,442.000,ota_only,12
26550,442.500,ota_only,12
26580,443.000,ota_only,12
26610,443.500,ota_only,12
26640,444.000,ota_only,12
26670,444.500,ota_only,12
26700,445.000,ota_only,12
26730,445.500,ota_only,12
26760,446.000,ota_only,12
26790,446.500,ota_only,12
26820,447.000,ota_only,12
26850,447.500,ota_only,12
26880,448.000,ota_only,12
26910,448.500,ota_only,12
26940,449.000,ota_only,12
26970,449.500,ota_only,12
27000,450.000,ota_only,12
27030,450.500,ota_only,12
27060,451.000,ota_only,12
27090,451.500,ota_only,12
27120,452.000,ota_only,12
27150,452.500,ota_only,12
27180,453.000,ota_only,12
27210,453.500,ota_only,12
27240,454.000,ota_only,12
27270,454.500,ota_only,8
27300,455.000,ota_only,5
27330,455.500,ota_only,4
27360,456.000,ota_only,1
27390,456.500,ota_only,0
27420,457.000,ota_only,0
27450,457.500,ota_only,0
27480,458.000,ota_only,0
27510,458.500,ota_only,0
27540,459.000,ota_only,0
27570,459.500,ota_only,0
27600,460.000,ota_only,0
27630,460.500,ota_only,0
27660,461.000,ota_only,0
27690,461.500,ota_only,0
27720,462.000,ota_only,0
27750,462.500,ota_only,0
27780,463.000,ota_only,0
27810,463.500,ota_only,0
27840,464.000,ota_only,0
27870,464.500,ota_only,0
27900,465.000,ota_only,0
27930,465.500,ota_only,0
27960,466.000,ota_only,0
27990,466.500,ota_only,0
28020,467.000,ota_only,0
28050,467.500,ota_only,0
28080,468.000,ota_only,0
28110,468.500,ota_only,0
28140,469.000,ota_only,0
28170,469.500,ota_only,0
28200,470.000,ota_only,0
28230,470.500,ota_only,0
28260,471.000,ota_only,0
28290,471.500,ota_only,0
28320,472.000,ota_only,0
28350,472.500,ota_only,0
28380,473.000,ota_only,0
28410,473.500,ota_only,0
28440,474.000,ota_only,0
28470,474.500,ota_only,0
28500,475.000,ota_only,0
28530,475.500,ota_only,0
28560,476.000,ota_only,0
28590,476.500,ota_only,0
28620,477.000,ota_only,0
28650,477.500,ota_only,0
28680,478.000,ota_only,0
28710,478.500,ota_only,0
28740,479.000,ota_only,0
28770,479.500,ota_only,0
28800,480.000,ota_only,0
28830,480.500,ota_only,0
28860,481.000,ota_only,0
28890,481.500,ota_only,0
28920,482.000,ota_only,0
28950,482.500,ota_only,0
28980,483.000,ota_only,0
29010,483.500,ota_only,0
29040,484.000,ota_only,0
29070,484.500,ota_only,0
29100,485.000,ota_only,0
29130,485.500,ota_only,0
29160,486.000,ota_only,0
29190,486.500,ota_only,0
29220,487.000,ota_only,0
29250,487.500,ota_only,0
29280,488.000,ota_only,0
29310,488.500,ota_only,0
29340,489.000,ota_only,0
29370,489.500,ota_only,0
29400,490.000,ota_only,0
29430,490.500,ota_only,0
29460,491.000,ota_only,0
29490,491.500,ota_only,0
29520,492.000,ota_only,0
29550,492.500,ota_only,0
29580,493.000,ota_only,0
29610,493.500,ota_only,0
29640,494.000,ota_only,0
29670,494.500,ota_only,0
29700,495.000,ota_only,0
29730,495.500,ota_only,0
29760,496.000,ota_only,0
29790,496.500,ota_only,0
29820,497.000,ota_only,0
29850,497.500,ota_only,0
29880,498.000,ota_only,0
29910,498.500,ota_only,0
29940,499.000,ota_only,0
29970,499.500,ota_only,0
30000,500.000,ota_only,0
30030,500.500,ota_only,0
30060,501.000,ota_only,0
30090,501.500,ota_only,0
30120,502.000,ota_only,0
30150,502.500,ota_only,0
30180,503.000,ota_only,0
30210,503.500,ota_only,0
30240,504.000,ota_only,0
30270,504.500,ota_only,0
30300,505.000,ota_only,0
30330,505.500,ota_only,0
30360,506.000,ota_only,0
30390,506.500,ota_only,0
30420,507.000,ota_only,0
30450,507.500,ota_only,0
30480,508.000,ota_only,0
30510,508.500,ota_only,0
30540,509.000,ota_only,0
30570,509.500,ota_only,0
30600,510.000,ota_only,0
30630,510.500,ota_only,0
30660,511.000,ota_only,0
30690,511.500,ota_only,0
30720,512.000,ota_only,0
30750,512.500,ota_only,0
30780,513.000,ota_only,0
30810,513.500,ota_only,0
30840,514.000,ota_only,0
30870,514.500,ota_only,0
30900,515.000,ota_only,0
30930,515.500,ota_only,0
30960,516.000,ota_only,0
30990,516.500,ota_only,0
31020,517.000,ota_only,0
31050,517.500,ota_only,0
31080,518.000,ota_only,0
31110,518.500,ota_only,0
31140,519.000,ota_only,0
31170,519.500,ota_only,0
31200,520.000,ota_only,0
31230,520.500,ota_only,0
31260,521.000,ota_only,0
31290,521.500,ota_only,0
31320,522.000,ota_only,0
31350,522.500,ota_only,0
31380,523.000,ota_only,0
31410,523.500,ota_only,0
31440,524.000,ota_only,0
31470,524.500,ota_only,0
31500,525.000,ota_only,0
31530,525.500,ota_only,0
31560,526.000,ota_only,0
31590,526.500,ota_only,0
31620,527.000,ota_only,0
31650,527.500,ota_only,0
31680,528.000,ota_only,0
31710,528.500,ota_only,0
31740,529.000,ota_only,0
31770,529.500,ota_only,0
31800,530.000,ota_only,0
31830,530.500,ota_only,0
31860,531.000,ota_only,0
31890,531.500,ota_only,0
31920,532.000,ota_only,0
31950,532.500,ota_only,0
31980,533.000,ota_only,0
32010,533.500,ota_only,0
32040,534.000,ota_only,0
32070,534.500,ota_only,0
32100,535.000,ota_only,0
32130,535.500,ota_only,0
32160,536.000,ota_only,0
32190,536.500,ota_only,0
32220,537.000,ota_only,0
32250,537.500,ota_only,0
32280,538.000,ota_only,0
32310,538.500,ota_only,0
32340,539.000,ota_only,0
32370,539.500,ota_only,0
32400,540.000,ota_only,0
32430,540.500,ota_only,0
32460,541.000,ota_only,0
32490,541.500,ota_only,0
32520,542.000,ota_only,0
32550,542.500,ota_only,0
32580,543.000,ota_only,0
32610,543.500,ota_only,0
32640,544.000,ota_only,0
32670,544.500,ota_only,0
32700,545.000,ota_only,0
32730,545.500,ota_only,0
32760,546.000,ota_only,0
32790,546.500,ota_only,0
32820,547.000,ota_only,0
32850,547.500,ota_only,0
32880,548.000,ota_only,0
32910,548.500,ota_only,0
32940,549.000,ota_only,0
32970,549.500,ota_only,0
33000,550.000,ota_only,0
33030,550.500,ota_only,0
33060,551.000,ota_only,0
33090,551.500,ota_only,0
33120,552.000,ota_only,0
33150,552.500,ota_only,0
33180,553.000,ota_only,0
33210,553.500,ota_only,0
33240,554.000,ota_only,0
33270,554.500,ota_only,0
33300,555.000,ota_only,0
33330,555.500,ota_only,0
33360,556.000,ota_only,0
33390,556.500,ota_only,0
33420,557.000,ota_only,0
33450,557.500,ota_only,0
33480,558.000,ota_only,0
33510,558.500,ota_only,0
33540,559.000,ota_only,0
33570,559.500,ota_only,0
33600,560.000,ota_only,0
33630,560.500,ota_only,0
33660,561.000,ota_only,0
33690,561.500,ota_only,0
33720,562.000,ota_only,0
33750,562.500,ota_only,0
33780,563.000,ota_only,0
33810,563.500,ota_only,0
33840,564.000,ota_only,0
33870,564.500,ota_only,0
33900,565.000,ota_only,0
33930,565.500,ota_only,0
33960,566.000,ota_only,0
33990,566.500,ota_only,0
34020,567.000,ota_only,0
34050,567.500,ota_only,0
34080,568.000,ota_only,0
34110,568.500,ota_only,0
34140,569.000,ota_only,0
34170,569.500,ota_only,0
34200,570.000,ota_only,0
34230,570.500,ota_only,0
34260,571.000,ota_only,0
34290,571.500,ota_only,0
34320,572.000,ota_only,0
34350,572.500,ota_only,0
34380,573.000,ota_only,0
34410,573.500,ota_only,0
34440,574.000,ota_only,0
34470,574.500,ota_only,0
34500,575.000,ota_only,0
34530,575.500,ota_only,0
34560,576.000,ota_only,0
34590,576.500,ota_only,0
34620,577.000,ota_only,0
34650,577.500,ota_only,0
34680,578.000,ota_only,0
34710,578.500,ota_only,0
34740,579.000,ota_only,0
34770,579.500,ota_only,0
34800,580.000,ota_only,0
34830,580.500,ota_only,0
34860,581.000,ota_only,0
34890,581.500,ota_only,0
34920,582.000,ota_only,0
34950,582.500,ota_only,0
34980,583.000,ota_only,0
35010,583.500,ota_only,0
35040,584.000,ota_only,0
35070,584.500,ota_only,0
35100,585.000,ota_only,0
35130,585.500,ota_only,0
35160,586.000,ota_only,0
35190,586.500,ota_only,0
35220,587.000,ota_only,0
35250,587.500,ota_only,0
35280,588.000,ota_only,0
35310,588.500,ota_only,0
35340,589.000,ota_only,0
35370,589.500,ota_only,0
35400,590.000,ota_only,0
35430,590.500,ota_only,0
35460,591.000,ota_only,0
35490,591.500,ota_only,0
35520,592.000,ota_only,0
35550,592.500,ota_only,0
35580,593.000,ota_only,0
35610,593.500,ota_only,0
35640,594.000,ota_only,0
35670,594.500,ota_only,0
35700,595.000,ota_only,0
35730,595.500,ota_only,0
35760,596.000,ota_only,0
35790,596.500,ota_only,0
35820,597.000,ota_only,0
35850,597.500,ota_only,0
35880,598.000,ota_only,0
35910,598.500,ota_only,0
35940,599.000,ota_only,0
35970,599.500,ota_only,0
36000,600.000,ota_only,0
36030,600.500,ota_only,0
36060,601.000,ota_only,0
36090,601.500,ota_only,0
36120,602.000,ota_only,0
36150,602.500,ota_only,0
36180,603.000,ota_only,0
36210,603.500,ota_only,0
36240,604.000,ota_only,0
36270,604.500,ota_only,0
36300,605.000,ota_only,0
36330,605.500,ota_only,0
36360,606.000,ota_only,0
36390,606.500,ota_only,0
36420,607.000,ota_only,0
36450,607.500,ota_only,0
36480,608.000,ota_only,0
36510,608.500,ota_only,0
36540,609.000,ota_only,0
36570,609.500,ota_only,0
36600,610.000,ota_only,0
36630,610.500,ota_only,0
36660,611.000,ota_only,0
36690,611.500,ota_only,0
36720,612.000,ota_only,0
36750,612.500,ota_only,0
36780,613.000,ota_only,0
36810,613.500,ota_only,0
36840,614.000,ota_only,0
36870,614.500,ota_only,0
36900,615.000,ota_only,0
36930,615.500,ota_only,0
36960,616.000,ota_only,0
36990,616.500,ota_only,0
37020,617.000,ota_only,0
37050,617.500,ota_only,0
37080,618.000,ota_only,0
37110,618.500,ota_only,0
37140,619.000,ota_only,0
37170,619.500,ota_only,0
37200,620.000,ota_only,0
37230,620.500,ota_only,0
37260,621.000,ota_only,0
37290,621.500,ota_only,0
37320,622.000,ota_only,0
37350,622.500,ota_only,0
37380,623.000,ota_only,0
37410,623.500,ota_only,0
37440,624.000,ota_only,0
37470,624.500,ota_only,0
37500,625.000,ota_only,0
37530,625.500,ota_only,0
37560,626.000,ota_only,0
37590,626.500,ota_only,0
37620,627.000,ota_only,0
37650,627.500,ota_only,0
37680,628.000,ota_only,0
37710,628.500,ota_only,0
37740,629.000,ota_only,0
37770,629.500,ota_only,0
37800,630.000,ota_only,0
37830,630.500,ota_only,0
37860,631.000,ota_only,0
37890,631.500,ota_only,0
37920,632.000,ota_only,0
37950,632.500,ota_only,0
37980,633.000,ota_only,0
38010,633.500,ota_only,0
38040,634.000,ota_only,0
38070,634.500,ota_only,0
38100,635.000,ota_only,0
38130,635.500,ota_only,0
38160,636.000,ota_only,0
38190,636.500,ota_only,0
38220,637.000,ota_only,0
38250,637.500,ota_only,0
38280,638.000,ota_only,0
38310,638.500,ota_only,0
38340,639.000,ota_only,0
38370,639.500,ota_only,0
38400,640.000,ota_only,0
38430,640.500,ota_only,0
38460,641.000,ota_only,0
38490,641.500,ota_only,0
38520,642.000,ota_only,0
38550,642.500,ota_only,0
38580,643.000,ota_only,0
38610,643.500,ota_only,0
38640,644.000,ota_only,0
38670,644.500,ota_only,0
38700,645.000,ota_only,0
38730,645.500,ota_only,0
38760,646.000,ota_only,0
38790,646.500,ota_only,0
38820,647.000,ota_only,0
38850,647.500,ota_only,0
38880,648.000,ota_only,0
38910,648.500,ota_only,0
38940,649.000,ota_only,0
38970,649.500,ota_only,0
39000,650.000,ota_only,0
39030,650.500,ota_only,0
39060,651.000,ota_only,0
39090,651.500,ota_only,0
39120,652.000,ota_only,0
39150,652.500,ota_only,0
39180,653.000,ota_only,0
39210,653.500,ota_only,0
39240,654.000,ota_only,0
39270,654.500,ota_only,0
39300,655.000,ota_only,0
39330,655.500,ota_only,0
39360,656.000,ota_only,0
39390,656.500,ota_only,0
39420,657.000,ota_only,0
39450,657.500,ota_only,0
39480,658.000,ota_only,0
39510,658.500,ota_only,0
39540,659.000,ota_only,0
39570,659.500,ota_only,0
39600,660.000,ota_only,0
39630,660.500,ota_only,0
39660,661.000,ota_only,0
39690,661.500,ota_only,0
39720,662.000,ota_only,0
39750,662.500,ota_only,0
39780,663.000,ota_only,0
39810,663.500,ota_only,0
39840,664.000,ota_only,0
39870,664.500,ota_only,0
39900,665.000,ota_only,0
39930,665.500,ota_only,0
39960,666.000,ota_only,0
39990,666.500,ota_only,0
40020,667.000,ota_only,0
40050,667.500,ota_only,0
40080,668.000,ota_only,0
40110,668.500,ota_only,0
40140,669.000,ota_only,0
40170,669.500,ota_only,0
40200,670.000,ota_only,0
40230,670.500,ota_only,0
40260,671.000,ota_only,0
40290,671.500,ota_only,0
40320,672.000,ota_only,0
40350,672.500,ota_only,0
40380,673.000,ota_only,0
40410,673.500,ota_only,0
40440,674.000,ota_only,0
40470,674.500,ota_only,0
40500,675.000,ota_only,0
40530,675.500,ota_only,0
40560,676.000,ota_only,0
40590,676.500,ota_only,0
40620,677.000,ota_only,0
40650,677.500,ota_only,0
40680,678.000,ota_only,0
40710,678.500,ota_only,0
40740,679.000,ota_only,0
40770,679.500,ota_only,0
40800,680.000,ota_only,0
40830,680.500,ota_only,0
40860,681.000,ota_only,0
40890,681.500,ota_only,0
40920,682.000,ota_only,0
40950,682.500,ota_only,0
40980,683.000,ota_only,0
41010,683.500,ota_only,0
41040,684.000,ota_only,0
41070,684.500,ota_only,0
41100,685.000,ota_only,0
41130,685.500,ota_only,0
41160,686.000,ota_only,0
41190,686.500,ota_only,0
41220,687.000,ota_only,0
41250,687.500,ota_only,0
41280,688.000,ota_only,0
41310,688.500,ota_only,0
41340,689.000,ota_only,0
41370,689.500,ota_only,0
41400,690.000,ota_only,0
41430,690.500,ota_only,0
41460,691.000,ota_only,0
41490,691.500,ota_only,0
41520,692.000,ota_only,0
41550,692.500,ota_only,0
41580,693.000,ota_only,0
41610,693.500,ota_only,0
41640,694.000,ota_only,0
41670,694.500,ota_only,0
41700,695.000,ota_only,0
41730,695.500,ota_only,0
41760,696.000,ota_only,0
41790,696.500,ota_only,0
41820,697.000,ota_only,0
41850,697.500,ota_only,0
41880,698.000,ota_only,0
41910,698.500,ota_only,0
41940,699.000,ota_only,0
41970,699.500,ota_only,0
42000,700.000,ota_only,0
42030,700.500,ota_only,0
42060,701.000,ota_only,0
42090,701.500,ota_only,0
42120,702.000,ota_only,0
42150,702.500,ota_only,0
42180,703.000,ota_only,0
42210,703.500,ota_only,0
42240,704.000,ota_only,0
42270,704.500,ota_only,0
42300,705.000,ota_only,0
42330,705.500,ota_only,0
42360,706.000,ota_only,0
42390,706.500,ota_only,0
42420,707.000,ota_only,0
42450,707.500,ota_only,0
42480,708.000,ota_only,0
42510,708.500,ota_only,0
42540,709.000,ota_only,0
42570,709.500,ota_only,0
42600,710.000,ota_only,0
42630,710.500,ota_only,0
42660,711.000,ota_only,0
42690,711.500,ota_only,0
42720,712.000,ota_only,0
42750,712.500,ota_only,0
42780,713.000,ota_only,0
42810,713.500,ota_only,0
42840,714.000,ota_only,0
42870,714.500,ota_only,0
42900,715.000,ota_only,0
42930,715.500,ota_only,0
42960,716.000,ota_only,0
42990,716.500,ota_only,0
43020,717.000,ota_only,0
43050,717.500,ota_only,0
43080,718.000,ota_only,0
43110,718.500,ota_only,0
43140,719.000,ota_only,0
43170,719.500,ota_only,0
43200,720.000,ota_only,0
43230,720.500,ota_only,0
43260,721.000,ota_only,0
43290,721.500,ota_only,0
43320,722.000,ota_only,0
43350,722.500,ota_only,0
43380,723.000,ota_only,0
43410,723.500,ota_only,0
43440,724.000,ota_only,0
43470,724.500,ota_only,0
43500,725.000,ota_only,0
43530,725.500,ota_only,0
43560,726.000,ota_only,0
43590,726.500,ota_only,0
43620,727.000,ota_only,0
43650,727.500,ota_only,0
43680,728.000,ota_only,0
43710,728.500,ota_only,0
43740,729.000,ota_only,0
43770,729.500,ota_only,0
43800,730.000,ota_only,0
43830,730.500,ota_only,0
43860,731.000,ota_only,0
43890,731.500,ota_only,0
43920,732.000,ota_only,0
43950,732.500,ota_only,0
43980,733.000,ota_only,0
44010,733.500,ota_only,0
44040,734.000,ota_only,0
44070,734.500,ota_only,0
44100,735.000,ota_only,0
44130,735.500,ota_only,0
44160,736.000,ota_only,0
44190,736.500,ota_only,0
44220,737.000,ota_only,0
44250,737.500,ota_only,0
44280,738.000,ota_only,0
44310,738.500,ota_only,0
44340,739.000,ota_only,0
44370,739.500,ota_only,0
44400,740.000,ota_only,0
44430,740.500,ota_only,0
44460,741.000,ota_only,0
44490,741.500,ota_only,0
44520,742.000,ota_only,0
44550,742.500,ota_only,0
44580,743.000,ota_only,0
44610,743.500,ota_only,0
44640,744.000,ota_only,0
44670,744.500,ota_only,0
44700,745.000,ota_only,0
44730,745.500,ota_only,0
44760,746.000,ota_only,0
44790,746.500,ota_only,0
44820,747.000,ota_only,0
44850,747.500,ota_only,0
44880,748.000,ota_only,0
44910,748.500,ota_only,0
44940,749.000,ota_only,0
44970,749.500,ota_only,0
45000,750.000,ota_only,0
45030,750.500,ota_only,0
45060,751.000,ota_only,0
45090,751.500,ota_only,0
45120,752.000,ota_only,0
45150,752.500,ota_only,0
45180,753.000,ota_only,0
45210,753.500,ota_only,0
45240,754.000,ota_only,0
45270,754.500,ota_only,0
45300,755.000,ota_only,0
45330,755.500,ota_only,0
45360,756.000,ota_only,0
45390,756.500,ota_only,0
45420,757.000,ota_only,0
45450,757.500,ota_only,0
45480,758.000,ota_only,0
45510,758.500,ota_only,0
45540,759.000,ota_only,0
45570,759.500,ota_only,0
45600,760.000,ota_only,0
45630,760.500,ota_only,0
45660,761.000,ota_only,0
45690,761.500,ota_only,0
45720,762.000,ota_only,0
45750,762.500,ota_only,0
45780,763.000,ota_only,0
45810,763.500,ota_only,0
45840,764.000,ota_only,0
45870,764.500,ota_only,0
45900,765.000,ota_only,0
45930,765.500,ota_only,0
45960,766.000,ota_only,0
45990,766.500,ota_only,0
46020,767.000,ota_only,0
46050,767.500,ota_only,0
46080,768.000,ota_only,0
46110,768.500,ota_only,0
46140,769.000,ota_only,0
46170,769.500,ota_only,0
46200,770.000,ota_only,0
46230,770.500,ota_only,0
46260,771.000,ota_only,0
46290,771.500,ota_only,0
46320,772.000,ota_only,0
46350,772.500,ota_only,0
46380,773.000,ota_only,0
46410,773.500,ota_only,0
46440,774.000,ota_only,0
46470,774.500,ota_only,0
46500,775.000,ota_only,0
46530,775.500,ota_only,0
46560,776.000,ota_only,0
46590,776.500,ota_only,0
46620,777.000,ota_only,0
46650,777.500,ota_only,0
46680,778.000,ota_only,0
46710,778.500,ota_only,0
46740,779.000,ota_only,0
46770,779.500,ota_only,0
46800,780.000,ota_only,0
46830,780.500,ota_only,0
46860,781.000,ota_only,0
46890,781.500,ota_only,0
46920,782.000,ota_only,0
46950,782.500,ota_only,0
46980,783.000,ota_only,0
47010,783.500,ota_only,0
47040,784.000,ota_only,0
47070,784.500,ota_only,0
47100,785.000,ota_only,0
47130,785.500,ota_only,0
47160,786.000,ota_only,0
47190,786.500,ota_only,0
47220,787.000,ota_only,0
47250,787.500,ota_only,0
47280,788.000,ota_only,0
47310,788.500,ota_only,0
47340,789.000,ota_only,0
47370,789.500,ota_only,0
47400,790.000,ota_only,0
47430,790.500,ota_only,0
47460,791.000,ota_only,0
47490,791.500,ota_only,0
47520,792.000,ota_only,0
47550,792.500,ota_only,0
47580,793.000,ota_only,0
47610,793.500,ota_only,0
47640,794.000,ota_only,0
47670,794.500,ota_only,0
47700,795.000,ota_only,0
47730,795.500,ota_only,0
47760,796.000,ota_only,0
47790,796.500,ota_only,0
47820,797.000,ota_only,0
47850,797.500,ota_only,0
47880,798.000,ota_only,0
47910,798.500,ota_only,0
47940,799.000,ota_only,0
47970,799.500,ota_only,0
48000,800.000,ota_only,0
48030,800.500,ota_only,0
48060,801.000,ota_only,0
48090,801.500,ota_only,0
48120,802.000,ota_only,0
48150,802.500,ota_only,0
48180,803.000,ota_only,0
48210,803.500,ota_only,0
48240,804.000,ota_only,0
48270,804.500,ota_only,0
48300,805.000,ota_only,0
48330,805.500,ota_only,0
48360,806.000,ota_only,0
48390,806.500,ota_only,0
48420,807.000,ota_only,0
48450,807.500,ota_only,0
48480,808.000,ota_only,0
48510,808.500,ota_only,0
48540,809.000,ota_only,0
48570,809.500,ota_only,0
48600,810.000,ota_only,0
48630,810.500,ota_only,0
48660,811.000,ota_only,0
48690,811.500,ota_only,0
48720,812.000,ota_only,0
48750,812.500,ota_only,0
48780,813.000,ota_only,0
48810,813.500,ota_only,0
48840,814.000,ota_only,0
48870,814.500,ota_only,0
48900,815.000,ota_only,0
48930,815.500,ota_only,0
48960,816.000,ota_only,0
48990,816.500,ota_only,0
49020,817.000,ota_only,0
49050,817.500,ota_only,0
49080,818.000,ota_only,0
49110,818.500,ota_only,0
49140,819.000,ota_only,0
49170,819.500,ota_only,0
49200,820.000,ota_only,0
49230,820.500,ota_only,0
49260,821.000,ota_only,0
49290,821.500,ota_only,0
49320,822.000,ota_only,0
49350,822.500,ota_only,0
49380,823.000,ota_only,0
49410,823.500,ota_only,0
49440,824.000,ota_only,0
49470,824.500,ota_only,0
49500,825.000,ota_only,0
49530,825.500,ota_only,0
49560,826.000,ota_only,0
49590,826.500,ota_only,0
49620,827.000,ota_only,0
49650,827.500,ota_only,0
49680,828.000,ota_only,0
49710,828.500,ota_only,0
49740,829.000,ota_only,0
49770,829.500,ota_only,0
49800,830.000,ota_only,0
49830,830.500,ota_only,0
49860,831.000,ota_only,0
49890,831.500,ota_only,0
49920,832.000,ota_only,0
49950,832.500,ota_only,0
49980,833.000,ota_only,0
50010,833.500,ota_only,0
50040,834.000,ota_only,0
50070,834.500,ota_only,0
50100,835.000,ota_only,0
50130,835.500,ota_only,0
50160,836.000,ota_only,0
50190,836.500,ota_only,0
50220,837.000,ota_only,0
50250,837.500,ota_only,0
50280,838.000,ota_only,0
50310,838.500,ota_only,0
50340,839.000,ota_only,0
50370,839.500,ota_only,0
50400,840.000,ota_only,0
50430,840.500,ota_only,0
50460,841.000,ota_only,0
50490,841.500,ota_only,0
50520,842.000,ota_only,0
50550,842.500,ota_only,0
50580,843.000,ota_only,0
50610,843.500,ota_only,0
50640,844.000,ota_only,0
50670,844.500,ota_only,0
50700,845.000,ota_only,0
50730,845.500,ota_only,0
50760,846.000,ota_only,0
50790,846.500,ota_only,0
50820,847.000,ota_only,0
50850,847.500,ota_only,0
50880,848.000,ota_only,0
50910,848.500,ota_only,0
50940,849.000,ota_only,0
50970,849.500,ota_only,0
51000,850.000,ota_only,0
51030,850.500,ota_only,0
51060,851.000,ota_only,0
51090,851.500,ota_only,0
51120,852.000,ota_only,0
51150,852.500,ota_only,0
51180,853.000,ota_only,0
51210,853.500,ota_only,0
51240,854.000,ota_only,0
51270,854.500,ota_only,0
51300,855.000,ota_only,0
51330,855.500,ota_only,0
51360,856.000,ota_only,0
51390,856.500,ota_only,0
51420,857.000,ota_only,0
51450,857.500,ota_only,0
51480,858.000,ota_only,0
51510,858.500,ota_only,0
51540,859.000,ota_only,0
51570,859.500,ota_only,0
51600,860.000,ota_only,0
51630,860.500,ota_only,0
51660,861.000,ota_only,0
51690,861.500,ota_only,0
51720,862.000,ota_only,0
51750,862.500,ota_only,0
51780,863.000,ota_only,0
51810,863.500,ota_only,0
51840,864.000,ota_only,0
51870,864.500,ota_only,0
51900,865.000,ota_only,0
51930,865.500,ota_only,0
51960,866.000,ota_only,0
51990,866.500,ota_only,0
52020,867.000,ota_only,0
52050,867.500,ota_only,0
52080,868.000,ota_only,0
52110,868.500,ota_only,0
52140,869.000,ota_only,0
52170,869.500,ota_only,0
52200,870.000,ota_only,0
52230,870.500,ota_only,0
52260,871.000,ota_only,0
52290,871.500,ota_only,0
52320,872.000,ota_only,0
52350,872.500,ota_only,0
52380,873.000,ota_only,0
52410,873.500,ota_only,0
52440,874.000,ota_only,0
52470,874.500,ota_only,0
52500,875.000,ota_only,0
52530,875.500,ota_only,0
52560,876.000,ota_only,0
52590,876.500,ota_only,0
52620,877.000,ota_only,0
52650,877.500,ota_only,0
52680,878.000,ota_only,0
52710,878.500,ota_only,0
52740,879.000,ota_only,0
52770,879.500,ota_only,0
52800,880.000,ota_only,0
52830,880.500,ota_only,0
52860,881.000,ota_only,0
52890,881.500,ota_only,0
52920,882.000,ota_only,0
52950,882.500,ota_only,0
52980,883.000,ota_only,0
53010,883.500,ota_only,0
53040,884.000,ota_only,0
53070,884.500,ota_only,0
53100,885.000,ota_only,0
53130,885.500,ota_only,0
53160,886.000,ota_only,0
53190,886.500,ota_only,0
53220,887.000,ota_only,0
53250,887.500,ota_only,0
53280,888.000,ota_only,0
53310,888.500,ota_only,0
53340,889.000,ota_only,0
53370,889.500,ota_only,0
53400,890.000,ota_only,0
53430,890.500,ota_only,0
53460,891.000,ota_only,0
53490,891.500,ota_only,0
53520,892.000,ota_only,0
53550,892.500,ota_only,0
53580,893.000,ota_only,0
53610,893.500,ota_only,0
53640,894.000,ota_only,0
53670,894.500,ota_only,0
53700,895.000,ota_only,0
53730,895.500,ota_only,0
53760,896.000,ota_only,0
53790,896.500,ota_only,0
53820,897.000,ota_only,0
53850,897.500,ota_only,0
53880,898.000,ota_only,0
53910,898.500,ota_only,0
53940,899.000,ota_only,0
53970,899.500,ota_only,0
54000,900.000,ota_only,0
54030,900.500,ota_only,0
54060,901.000,ota_only,0
54090,901.500,ota_only,0
54120,902.000,ota_only,0
54150,902.500,ota_only,0
54180,903.000,ota_only,0
54210,903.500,ota_only,0
54240,904.000,ota_only,0
54270,904.500,ota_only,0
54300,905.000,ota_only,0
54330,905.500,ota_only,0
54360,906.000,ota_only,0
54390,906.500,ota_only,0
54420,907.000,ota_only,0
54450,907.500,ota_only,0
54480,908.000,ota_only,0
54510,908.500,ota_only,0
54540,909.000,ota_only,0
54570,909.500,ota_only,0
54600,910.000,ota_only,0
54630,910.500,ota_only,0
54660,911.000,ota_only,0
54690,911.500,ota_only,0
54720,912.000,ota_only,0
54750,912.500,ota_only,0
54780,913.000,ota_only,0
54810,913.500,ota_only,0
54840,914.000,ota_only,0
54870,914.500,ota_only,0
54900,915.000,ota_only,0
54930,915.500,ota_only,0
54960,916.000,ota_only,0
54990,916.500,ota_only,0
55020,917.000,ota_only,0
55050,917.500,ota_only,0
55080,918.000,ota_only,0
55110,918.500,ota_only,0
55140,919.000,ota_only,0
55170,919.500,ota_only,0
55200,920.000,ota_only,0
55230,920.500,ota_only,0
55260,921.000,ota_only,0
55290,921.500,ota_only,0
55320,922.000,ota_only,0
55350,922.500,ota_only,0
55380,923.000,ota_only,0
55410,923.500,ota_only,0
55440,924.000,ota_only,0
55470,924.500,ota_only,0
55500,925.000,ota_only,0
55530,925.500,ota_only,0
55560,926.000,ota_only,0
55590,926.500,ota_only,0
55620,927.000,ota_only,0
55650,927.500,ota_only,0
55680,928.000,ota_only,0
55710,928.500,ota_only,0
55740,929.000,ota_only,0
55770,929.500,ota_only,0
55800,930.000,ota_only,0
55830,930.500,ota_only,0
55860,931.000,ota_only,0
55890,931.500,ota_only,0
55920,932.000,ota_only,0
55950,932.500,ota_only,0
55980,933.000,ota_only,0
56010,933.500,ota_only,0
56040,934.000,ota_only,0
56070,934.500,ota_only,0
56100,935.000,ota_only,0
56130,935.500,ota_only,0
56160,936.000,ota_only,0
56190,936.500,ota_only,0
56220,937.000,ota_only,0
56250,937.500,ota_only,0
56280,938.000,ota_only,0
56310,938.500,ota_only,0
56340,939.000,ota_only,0
56370,939.500,ota_only,0
56400,940.000,ota_only,0
56430,940.500,ota_only,0
56460,941.000,ota_only,0
56490,941.500,ota_only,0
56520,942.000,ota_only,0
56550,942.500,ota_only,0
56580,943.000,ota_only,0
56610,943.500,ota_only,0
56640,944.000,ota_only,0
56670,944.500,ota_only,0
56700,945.000,ota_only,0
56730,945.500,ota_only,0
56760,946.000,ota_only,0
56790,946.500,ota_only,0
56820,947.000,ota_only,0
56850,947.500,ota_only,0
56880,948.000,ota_only,0
56910,948.500,ota_only,0
56940,949.000,ota_only,0
56970,949.500,ota_only,0
57000,950.000,ota_only,0
57030,950.500,ota_only,0
57060,951.000,ota_only,0
57090,951.500,ota_only,0
57120,952.000,ota_only,0
57150,952.500,ota_only,0
57180,953.000,ota_only,0
57210,953.500,ota_only,0
57240,954.000,ota_only,0
57270,954.500,ota_only,0
57300,955.000,ota_only,0
57330,955.500,ota_only,0
57360,956.000,ota_only,0
57390,956.500,ota_only,0
57420,957.000,ota_only,0
57450,957.500,ota_only,0
57480,958.000,ota_only,0
57510,958.500,ota_only,0
57540,959.000,ota_only,0
57570,959.500,ota_only,0
57600,960.000,ota_only,0
57630,960.500,ota_only,0
57660,961.000,ota_only,0
57690,961.500,ota_only,0
57720,962.000,ota_only,0
57750,962.500,ota_only,0
57780,963.000,ota_only,0
57810,963.500,ota_only,0
57840,964.000,ota_only,0
57870,964.500,ota_only,0
57900,965.000,ota_only,0
57930,965.500,ota_only,0
57960,966.000,ota_only,0
57990,966.500,ota_only,0
58020,967.000,ota_only,0
58050,967.500,ota_only,0
58080,968.000,ota_only,0
58110,968.500,ota_only,0
58140,969.000,ota_only,0
58170,969.500,ota_only,0
58200,970.000,ota_only,0
58230,970.500,ota_only,0
58260,971.000,ota_only,0
58290,971.500,ota_only,0
58320,972.000,ota_only,0
58350,972.500,ota_only,0
58380,973.000,ota_only,0
58410,973.500,ota_only,0
58440,974.000,ota_only,0
58470,974.500,ota_only,0
58500,975.000,ota_only,0
58530,975.500,ota_only,0
58560,976.000,ota_only,0
58590,976.500,ota_only,0
58620,977.000,ota_only,0
58650,977.500,ota_only,0
58680,978.000,ota_only,0
58710,978.500,ota_only,0
58740,979.000,ota_only,0
58770,979.500,ota_only,0
58800,980.000,ota_only,0
58830,980.500,ota_only,0
58860,981.000,ota_only,0
58890,981.500,ota_only,0
58920,982.000,ota_only,0
58950,982.500,ota_only,0
58980,983.000,ota_only,0
59010,983.500,ota_only,0
59040,984.000,ota_only,0
59070,984.500,ota_only,0
59100,985.000,ota_only,0
59130,985.500,ota_only,0
59160,986.000,ota_only,0
59190,986.500,ota_only,0
59220,987.000,ota_only,0
59250,987.500,ota_only,0
59280,988.000,ota_only,0
59310,988.500,ota_only,0
59340,989.000,ota_only,0
59370,989.500,ota_only,0
59400,990.000,ota_only,0
59430,990.500,ota_only,0
59460,991.000,ota_only,0
59490,991.500,ota_only,0
59520,992.000,ota_only,0
59550,992.500,ota_only,0
59580,993.000,ota_only,0
59610,993.500,ota_only,0
59640,994.000,ota_only,0
59670,994.500,ota_only,0
59700,995.000,ota_only,0
59730,995.500,ota_only,0
59760,996.000,ota_only,0
59790,996.500,ota_only,0
59820,997.000,ota_only,0
59850,997.500,ota_only,0
59880,998.000,ota_only,0
59910,998.500,ota_only,0
59940,999.000,ota_only,0
59970,999.500,ota_only,0
60000,1000.000,ota_only,0
60030,1000.500,ota_only,0
60060,1001.000,ota_only,0
60090,1001.500,ota_only,0
60120,1002.000,ota_only,0
60150,1002.500,ota_only,0
60180,1003.000,ota_only,0
60210,1003.500,ota_only,0
60240,1004.000,ota_only,0
60270,1004.500,ota_only,0
60300,1005.000,ota_only,0
60330,1005.500,ota_only,0
60360,1006.000,ota_only,0
60390,1006.500,ota_only,0
60420,1007.000,ota_only,0
60450,1007.500,ota_only,0
60480,1008.000,ota_only,0
60510,1008.500,ota_only,0
60540,1009.000,ota_only,0
60570,1009.500,ota_only,0
60600,1010.000,ota_only,0
60630,1010.500,ota_only,0
60660,1011.000,ota_only,0
60690,1011.500,ota_only,0
60720,1012.000,ota_only,0
60750,1012.500,ota_only,0
60780,1013.000,ota_only,0
60810,1013.500,ota_only,0
60840,1014.000,ota_only,0
60870,1014.500,ota_only,0
60900,1015.000,ota_only,0
60930,1015.500,ota_only,0
60960,1016.000,ota_only,0
60990,1016.500,ota_only,0
61020,1017.000,ota_only,0
61050,1017.500,ota_only,0
61080,1018.000,ota_only,0
61110,1018.500,ota_only,0
61140,1019.000,ota_only,0
61170,1019.500,ota_only,0
61200,1020.000,ota_only,0
61230,1020.500,ota_only,0
61260,1021.000,ota_only,0
61290,1021.500,ota_only,0
61320,1022.000,ota_only,0
61350,1022.500,ota_only,0
61380,1023.000,ota_only,0
61410,1023.500,ota_only,0
61440,1024.000,ota_only,0
61470,1024.500,ota_only,0
61500,1025.000,ota_only,0
61530,1025.500,ota_only,0
61560,1026.000,ota_only,0
61590,1026.500,ota_only,0
61620,1027.000,ota_only,0
61650,1027.500,ota_only,0
61680,1028.000,ota_only,0
61710,1028.500,ota_only,0
61740,1029.000,ota_only,0
61770,1029.500,ota_only,0
61800,1030.000,ota_only,0
61830,1030.500,ota_only,0
61860,1031.000,ota_only,0
61890,1031.500,ota_only,0
61920,1032.000,ota_only,0
61950,1032.500,ota_only,0
61980,1033.000,ota_only,0
62010,1033.500,ota_only,0
62040,1034.000,ota_only,0
62070,1034.500,ota_only,0
62100,1035.000,ota_only,0
62130,1035.500,ota_only,0
62160,1036.000,ota_only,0
62190,1036.500,ota_only,0
62220,1037.000,ota_only,0
62250,1037.500,ota_only,0
62280,1038.000,ota_only,0
62310,1038.500,ota_only,0
62340,1039.000,ota_only,0
62370,1039.500,ota_only,0
62400,1040.000,ota_only,0
62430,1040.500,ota_only,0
62460,1041.000,ota_only,0
62490,1041.500,ota_only,0
62520,1042.000,ota_only,0
62550,1042.500,ota_only,0
62580,1043.000,ota_only,0
62610,1043.500,ota_only,0
62640,1044.000,ota_only,0
62670,1044.500,ota_only,0
62700,1045.000,ota_only,0
62730,1045.500,ota_only,0
62760,1046.000,ota_only,0
62790,1046.500,ota_only,0
62820,1047.000,ota_only,0
62850,1047.500,ota_only,0
62880,1048.000,ota_only,0
62910,1048.500,ota_only,0
62940,1049.000,ota_only,0
62970,1049.500,ota_only,0
63000,1050.000,ota_only,0
63030,1050.500,ota_only,0
63060,1051.000,ota_only,0
63090,1051.500,ota_only,0
63120,1052.000,ota_only,0
63150,1052.500,ota_only,0
63180,1053.000,ota_only,0
63210,1053.500,ota_only,0
63240,1054.000,ota_only,0
63270,1054.500,ota_only,0
63300,1055.000,ota_only,0
63330,1055.500,ota_only,0
63360,1056.000,ota_only,0
63390,1056.500,ota_only,0
63420,1057.000,ota_only,0
63450,1057.500,ota_only,0
63480,1058.000,ota_only,0
63510,1058.500,ota_only,0
63540,1059.000,ota_only,0
63570,1059.500,ota_only,0
63600,1060.000,ota_only,0
63630,1060.500,ota_only,0
63660,1061.000,ota_only,0
63690,1061.500,ota_only,0
63720,1062.000,ota_only,0
63750,1062.500,ota_only,0
63780,1063.000,ota_only,0
63810,1063.500,ota_only,0
63840,1064.000,ota_only,0
63870,1064.500,ota_only,0
63900,1065.000,ota_only,0
63930,1065.500,ota_only,0
63960,1066.000,ota_only,0
63990,1066.500,ota_only,0
64020,1067.000,ota_only,0
64050,1067.500,ota_only,0
64080,1068.000,ota_only,0
64110,1068.500,ota_only,0
64140,1069.000,ota_only,0
64170,1069.500,ota_only,0
64200,1070.000,ota_only,0
64230,1070.500,ota_only,0
64260,1071.000,ota_only,0
64290,1071.500,ota_only,0
64320,1072.000,ota_only,0
64350,1072.500,ota_only,0
64380,1073.000,ota_only,0
64410,1073.500,ota_only,0
64440,1074.000,ota_only,0
64470,1074.500,ota_only,0
64500,1075.000,ota_only,0
64530,1075.500,ota_only,0
64560,1076.000,ota_only,0
64590,1076.500,ota_only,0
64620,1077.000,ota_only,0
64650,1077.500,ota_only,0
64680,1078.000,ota_only,0
64710,1078.500,ota_only,0
64740,1079.000,ota_only,0
64770,1079.500,ota_only,0
64800,1080.000,ota_only,0
64830,1080.500,ota_only,0
64860,1081.000,ota_only,0
64890,1081.500,ota_only,0
64920,1082.000,ota_only,0
64950,1082.500,ota_only,0
64980,1083.000,ota_only,0
65010,1083.500,ota_only,0
65040,1084.000,ota_only,0
65070,1084.500,ota_only,0
65100,1085.000,ota_only,0
65130,1085.500,ota_only,0
65160,1086.000,ota_only,0
65190,1086.500,ota_only,0
65220,1087.000,ota_only,0
65250,1087.500,ota_only,0
65280,1088.000,ota_only,0
65310,1088.500,ota_only,0
65340,1089.000,ota_only,0
65370,1089.500,ota_only,0
65400,1090.000,ota_only,0
65430,1090.500,ota_only,0
65460,1091.000,ota_only,0
65490,1091.500,ota_only,0
65520,1092.000,ota_only,0
65550,1092.500,ota_only,0
65580,1093.000,ota_only,0
65610,1093.500,ota_only,0
65640,1094.000,ota_only,0
65670,1094.500,ota_only,0
65700,1095.000,ota_only,0
65730,1095.500,ota_only,0
65760,1096.000,ota_only,0
65790,1096.500,ota_only,0
65820,1097.000,ota_only,0
65850,1097.500,ota_only,0
65880,1098.000,ota_only,0
65910,1098.500,ota_only,0
65940,1099.000,ota_only,0
65970,1099.500,ota_only,0
66000,1100.000,ota_only,0
66030,1100.500,ota_only,0
66060,1101.000,ota_only,0
66090,1101.500,ota_only,0
66120,1102.000,ota_only,0
66150,1102.500,ota_only,0
66180,1103.000,ota_only,0
66210,1103.500,ota_only,0
66240,1104.000,ota_only,0
66270,1104.500,ota_only,0
66300,1105.000,ota_only,0
66330,1105.500,ota_only,0
66360,1106.000,ota_only,0
66390,1106.500,ota_only,0
66420,1107.000,ota_only,0
66450,1107.500,ota_only,0
66480,1108.000,ota_only,0
66510,1108.500,ota_only,0
66540,1109.000,ota_only,0
66570,1109.500,ota_only,0
66600,1110.000,ota_only,0
66630,1110.500,ota_only,0
66660,1111.000,ota_only,0
66690,1111.500,ota_only,0
66720,1112.000,ota_only,0
66750,1112.500,ota_only,0
66780,1113.000,ota_only,0
66810,1113.500,ota_only,0
66840,1114.000,ota_only,0
66870,1114.500,ota_only,0
66900,1115.000,ota_only,0
66930,1115.500,ota_only,0
66960,1116.000,ota_only,0
66990,1116.500,ota_only,0
67020,1117.000,ota_only,0
67050,1117.500,ota_only,0
67080,1118.000,ota_only,0
67110,1118.500,ota_only,0
67140,1119.000,ota_only,0
67170,1119.500,ota_only,0
67200,1120.000,ota_only,0
67230,1120.500,ota_only,0
67260,1121.000,ota_only,0
67290,1121.500,ota_only,0
67320,1122.000,ota_only,0
67350,1122.500,ota_only,0
67380,1123.000,ota_only,0
67410,1123.500,ota_only,0
67440,1124.000,ota_only,0
67470,1124.500,ota_only,0
67500,1125.000,ota_only,0
67530,1125.500,ota_only,0
67560,1126.000,ota_only,0
67590,1126.500,ota_only,0
67620,1127.000,ota_only,0
67650,1127.500,ota_only,0
67680,1128.000,ota_only,0
67710,1128.500,ota_only,0
67740,1129.000,ota_only,0
67770,1129.500,ota_only,0
67800,1130.000,ota_only,0
67830,1130.500,ota_only,0
67860,1131.000,ota_only,0
67890,1131.500,ota_only,0
67920,1132.000,ota_only,0
67950,1132.500,ota_only,0
67980,1133.000,ota_only,0
68010,1133.500,ota_only,0
68040,1134.000,ota_only,0
68070,1134.500,ota_only,0
68100,1135.000,ota_only,0
68130,1135.500,ota_only,0
68160,1136.000,ota_only,0
68190,1136.500,ota_only,0
68220,1137.000,ota_only,0
68250,1137.500,ota_only,0
68280,1138.000,ota_only,0
68310,1138.500,ota_only,0
68340,1139.000,ota_only,0
68370,1139.500,ota_only,0
68400,1140.000,ota_only,0
68430,1140.500,ota_only,0
68460,1141.000,ota_only,0
68490,1141.500,ota_only,0
68520,1142.000,ota_only,0
68550,1142.500,ota_only,0
68580,1143.000,ota_only,0
68610,1143.500,ota_only,0
68640,1144.000,ota_only,0
68670,1144.500,ota_only,0
68700,1145.000,ota_only,0
68730,1145.500,ota_only,0
68760,1146.000,ota_only,0
68790,1146.500,ota_only,0
68820,1147.000,ota_only,0
68850,1147.500,ota_only,0
68880,1148.000,ota_only,0
68910,1148.500,ota_only,0
68940,1149.000,ota_only,0
68970,1149.500,ota_only,0
69000,1150.000,ota_only,0
69030,1150.500,ota_only,0
69060,1151.000,ota_only,0
69090,1151.500,ota_only,0
69120,1152.000,ota_only,0
69150,1152.500,ota_only,0
69180,1153.000,ota_only,0
69210,1153.500,ota_only,0
69240,1154.000,ota_only,0
69270,1154.500,ota_only,0
69300,1155.000,ota_only,0
69330,1155.500,ota_only,0
69360,1156.000,ota_only,0
69390,1156.500,ota_only,0
69420,1157.000,ota_only,0
69450,1157.500,ota_only,0
69480,1158.000,ota_only,0
69510,1158.500,ota_only,0
69540,1159.000,ota_only,0
69570,1159.500,ota_only,0
69600,1160.000,ota_only,0
69630,1160.500,ota_only,0
69660,1161.000,ota_only,0
69690,1161.500,ota_only,0
69720,1162.000,ota_only,0
69750,1162.500,ota_only,0
69780,1163.000,ota_only,0
69810,1163.500,ota_only,0
69840,1164.000,ota_only,0
69870,1164.500,ota_only,0
69900,1165.000,ota_only,0
69930,1165.500,ota_only,0
69960,1166.000,ota_only,0
69990,1166.500,ota_only,0
70020,1167.000,ota_only,0
70050,1167.500,ota_only,0
70080,1168.000,ota_only,0
70110,1168.500,ota_only,0
70140,1169.000,ota_only,0
70170,1169.500,ota_only,0
70200,1170.000,ota_only,0
70230,1170.500,ota_only,0
70260,1171.000,ota_only,0
70290,1171.500,ota_only,0
70320,1172.000,ota_only,0
70350,1172.500,ota_only,0
70380,1173.000,ota_only,0
70410,1173.500,ota_only,0
70440,1174.000,ota_only,0
70470,1174.500,ota_only,0
70500,1175.000,ota_only,0
70530,1175.500,ota_only,0
70560,1176.000,ota_only,0
70590,1176.500,ota_only,0
70620,1177.000,ota_only,0
70650,1177.500,ota_only,0
70680,1178.000,ota_only,0
70710,1178.500,ota_only,0
70740,1179.000,ota_only,0
70770,1179.500,ota_only,0
70800,1180.000,ota_only,0
70830,1180.500,ota_only,0
70860,1181.000,ota_only,0
70890,1181.500,ota_only,0
70920,1182.000,ota_only,0
70950,1182.500,ota_only,0
70980,1183.000,ota_only,0
71010,1183.500,ota_only,0
71040,1184.000,ota_only,0
71070,1184.500,ota_only,0
71100,1185.000,ota_only,0
71130,1185.500,ota_only,0
71160,1186.000,ota_only,0
71190,1186.500,ota_only,0
71220,1187.000,ota_only,0
71250,1187.500,ota_only,0
71280,1188.000,ota_only,0
71310,1188.500,ota_only,0
71340,1189.000,ota_only,0
71370,1189.500,ota_only,0
71400,1190.000,ota_only,0
71430,1190.500,ota_only,0
71460,1191.000,ota_only,0
71490,1191.500,ota_only,0
71520,1192.000,ota_only,0
71550,1192.500,ota_only,0
71580,1193.000,ota_only,0
71610,1193.500,ota_only,0
71640,1194.000,ota_only,0
71670,1194.500,ota_only,0
71700,1195.000,ota_only,0
71730,1195.500,ota_only,0
71760,1196.000,ota_only,0
71790,1196.500,ota_only,0
71820,1197.000,ota_only,0
71850,1197.500,ota_only,0
71880,1198.000,ota_only,0
71910,1198.500,ota_only,0
71940,1199.000,ota_only,0
71970,1199.500,ota_only,0
72000,1200.000,ota_only,0
72030,1200.500,ota_only,0
72060,1201.000,ota_only,0
72090,1201.500,ota_only,0
72120,1202.000,ota_only,0
72150,1202.500,ota_only,0
72180,1203.000,ota_only,0
72210,1203.500,ota_only,0
72240,1204.000,ota_only,0
72270,1204.500,ota_only,0
72300,1205.000,ota_only,0
72330,1205.500,ota_only,0
72360,1206.000,ota_only,0
72390,1206.500,ota_only,0
72420,1207.000,ota_only,0
72450,1207.500,ota_only,0
72480,1208.000,ota_only,0
72510,1208.500,ota_only,0
72540,1209.000,ota_only,0
72570,1209.500,ota_only,0
72600,1210.000,ota_only,0
72630,1210.500,ota_only,0
72660,1211.000,ota_only,0
72690,1211.500,ota_only,0
72720,1212.000,ota_only,0
72750,1212.500,ota_only,0
72780,1213.000,ota_only,0
72810,1213.500,ota_only,0
72840,1214.000,ota_only,0
72870,1214.500,ota_only,0
72900,1215.000,ota_only,0
72930,1215.500,ota_only,0
72960,1216.000,ota_only,0
72990,1216.500,ota_only,0
73020,1217.000,ota_only,0
73050,1217.500,ota_only,0
73080,1218.000,ota_only,0
73110,1218.500,ota_only,0
73140,1219.000,ota_only,0
73170,1219.500,ota_only,0
73200,1220.000,ota_only,0
73230,1220.500,ota_only,0
73260,1221.000,ota_only,0
73290,1221.500,ota_only,0
73320,1222.000,ota_only,0
73350,1222.500,ota_only,0
73380,1223.000,ota_only,0
73410,1223.500,ota_only,0
73440,1224.000,ota_only,0
73470,1224.500,ota_only,0
73500,1225.000,ota_only,0
73530,1225.500,ota_only,0
73560,1226.000,ota_only,0
73590,1226.500,ota_only,0
73620,1227.000,ota_only,0
73650,1227.500,ota_only,0
73680,1228.000,ota_only,0
73710,1228.500,ota_only,0
73740,1229.000,ota_only,0
73770,1229.500,ota_only,0
73800,1230.000,ota_only,0
73830,1230.500,ota_only,0
73860,1231.000,ota_only,0
73890,1231.500,ota_only,0
73920,1232.000,ota_only,0
73950,1232.500,ota_only,0
73980,1233.000,ota_only,0
74010,1233.500,ota_only,0
74040,1234.000,ota_only,0
74070,1234.500,ota_only,0
74100,1235.000,ota_only,0
74130,1235.500,ota_only,0
74160,1236.000,ota_only,0
74190,1236.500,ota_only,0
74220,1237.000,ota_only,0
74250,1237.500,ota_only,0
74280,1238.000,ota_only,0
74310,1238.500,ota_only,0
74340,1239.000,ota_only,0
74370,1239.500,ota_only,0
74400,1240.000,ota_only,0
74430,1240.500,ota_only,0
74460,1241.000,ota_only,0
74490,1241.500,ota_only,0
74520,1242.000,ota_only,0
74550,1242.500,ota_only,0
74580,1243.000,ota_only,0
74610,1243.500,ota_only,0
74640,1244.000,ota_only,0
74670,1244.500,ota_only,0
74700,1245.000,ota_only,0
74730,1245.500,ota_only,0
74760,1246.000,ota_only,0
74790,1246.500,ota_only,0
74820,1247.000,ota_only,0
74850,1247.500,ota_only,0
74880,1248.000,ota_only,0
74910,1248.500,ota_only,0
74940,1249.000,ota_only,0
74970,1249.500,ota_only,0
75000,1250.000,ota_only,0
75030,1250.500,ota_only,0
75060,1251.000,ota_only,0
75090,1251.500,ota_only,0
75120,1252.000,ota_only,0
75150,1252.500,ota_only,0
75180,1253.000,ota_only,0
75210,1253.500,ota_only,0
75240,1254.000,ota_only,0
75270,1254.500,ota_only,0
75300,1255.000,ota_only,0
75330,1255.500,ota_only,0
75360,1256.000,ota_only,0
75390,1256.500,ota_only,0
75420,1257.000,ota_only,0
75450,1257.500,ota_only,0
75480,1258.000,ota_only,0
75510,1258.500,ota_only,0
75540,1259.000,ota_only,0
75570,1259.500,ota_only,0
75600,1260.000,ota_only,0
75630,1260.500,ota_only,0
75660,1261.000,ota_only,0
75690,1261.500,ota_only,0
75720,1262.000,ota_only,0
75750,1262.500,ota_only,0
75780,1263.000,ota_only,0
75810,1263.500,ota_only,0
75840,1264.000,ota_only,0
75870,1264.500,ota_only,0
75900,1265.000,ota_only,0
75930,1265.500,ota_only,0
75960,1266.000,ota_only,0
75990,1266.500,ota_only,0
76020,1267.000,ota_only,0
76050,1267.500,ota_only,0
76080,1268.000,ota_only,0
76110,1268.500,ota_only,0
76140,1269.000,ota_only,0
76170,1269.500,ota_only,0
76200,1270.000,ota_only,0
76230,1270.500,ota_only,0
76260,1271.000,ota_only,0
76290,1271.500,ota_only,0
76320,1272.000,ota_only,0
76350,1272.500,ota_only,0
76380,1273.000,ota_only,0
76410,1273.500,ota_only,0
76440,1274.000,ota_only,0
76470,1274.500,ota_only,0
76500,1275.000,ota_only,0
76530,1275.500,ota_only,0
76560,1276.000,ota_only,0
76590,1276.500,ota_only,0
76620,1277.000,ota_only,0
76650,1277.500,ota_only,0
76680,1278.000,ota_only,0
76710,1278.500,ota_only,0
76740,1279.000,ota_only,0
76770,1279.500,ota_only,0
76800,1280.000,ota_only,0
76830,1280.500,ota_only,0
76860,1281.000,ota_only,0
76890,1281.500,ota_only,0
76920,1282.000,ota_only,0
76950,1282.500,ota_only,0
76980,1283.000,ota_only,0
77010,1283.500,ota_only,0
77040,1284.000,ota_only,0
77070,1284.500,ota_only,0
77100,1285.000,ota_only,0
77130,1285.500,ota_only,0
77160,1286.000,ota_only,0
77190,1286.500,ota_only,0
77220,1287.000,ota_only,0
77250,1287.500,ota_only,0
77280,1288.000,ota_only,0
77310,1288.500,ota_only,0
77340,1289.000,ota_only,0
77370,1289.500,ota_only,0
77400,1290.000,ota_only,0
77430,1290.500,ota_only,0
77460,1291.000,ota_only,0
77490,1291.500,ota_only,0
77520,1292.000,ota_only,0
77550,1292.500,ota_only,0
77580,1293.000,ota_only,0
77610,1293.500,ota_only,0
77640,1294.000,ota_only,0
77670,1294.500,ota_only,0
77700,1295.000,ota_only,0
77730,1295.500,ota_only,0
77760,1296.000,ota_only,0
77790,1296.500,ota_only,0
77820,1297.000,ota_only,0
77850,1297.500,ota_only,0
77880,1298.000,ota_only,0
77910,1298.500,ota_only,0
77940,1299.000,ota_only,0
77970,1299.500,ota_only,0
78000,1300.000,ota_only,0
78030,1300.500,ota_only,0
78060,1301.000,ota_only,0
78090,1301.500,ota_only,0
78120,1302.000,ota_only,0
78150,1302.500,ota_only,0
78180,1303.000,ota_only,0
78210,1303.500,ota_only,0
78240,1304.000,ota_only,0
78270,1304.500,ota_only,0
78300,1305.000,ota_only,0
78330,1305.500,ota_only,0
78360,1306.000,ota_only,0
78390,1306.500,ota_only,0
78420,1307.000,ota_only,0
78450,1307.500,ota_only,0
78480,1308.000,ota_only,0
78510,1308.500,ota_only,0
78540,1309.000,ota_only,0
78570,1309.500,ota_only,0
78600,1310.000,ota_only,0
78630,1310.500,ota_only,0
78660,1311.000,ota_only,0
78690,1311.500,ota_only,0
78720,1312.000,ota_only,0
78750,1312.500,ota_only,0
78780,1313.000,ota_only,0
78810,1313.500,ota_only,0
78840,1314.000,ota_only,0
78870,1314.500,ota_only,0
78900,1315.000,ota_only,0
78930,1315.500,ota_only,0
78960,1316.000,ota_only,0
78990,1316.500,ota_only,0
79020,1317.000,ota_only,0
79050,1317.500,ota_only,0
79080,1318.000,ota_only,0
79110,1318.500,ota_only,0
79140,1319.000,ota_only,0
79170,1319.500,ota_only,0
79200,1320.000,ota_only,0
79230,1320.500,ota_only,0
79260,1321.000,ota_only,0
79290,1321.500,ota_only,0
79320,1322.000,ota_only,0
79350,1322.500,ota_only,0
79380,1323.000,ota_only,0
79410,1323.500,ota_only,0
79440,1324.000,ota_only,0
79470,1324.500,ota_only,0
79500,1325.000,ota_only,0
79530,1325.500,ota_only,0
79560,1326.000,ota_only,0
79590,1326.500,ota_only,0
79620,1327.000,ota_only,0
79650,1327.500,ota_only,0
79680,1328.000,ota_only,0
79710,1328.500,ota_only,0
79740,1329.000,ota_only,0
79770,1329.500,ota_only,0
79800,1330.000,ota_only,0
79830,1330.500,ota_only,0
79860,1331.000,ota_only,0
79890,1331.500,ota_only,0
79920,1332.000,ota_only,0
79950,1332.500,ota_only,0
79980,1333.000,ota_only,0
80010,1333.500,ota_only,0
80040,1334.000,ota_only,0
80070,1334.500,ota_only,0
80100,1335.000,ota_only,0
80130,1335.500,ota_only,0
80160,1336.000,ota_only,0
80190,1336.500,ota_only,0
80220,1337.000,ota_only,0
80250,1337.500,ota_only,0
80280,1338.000,ota_only,0
80310,1338.500,ota_only,0
80340,1339.000,ota_only,0
80370,1339.500,ota_only,0
80400,1340.000,ota_only,0
80430,1340.500,ota_only,0
80460,1341.000,ota_only,0
80490,1341.500,ota_only,0
80520,1342.000,ota_only,0
80550,1342.500,ota_only,0
80580,1343.000,ota_only,0
80610,1343.500,ota_only,0
80640,1344.000,ota_only,0
80670,1344.500,ota_only,0
80700,1345.000,ota_only,0
80730,1345.500,ota_only,0
80760,1346.000,ota_only,0
80790,1346.500,ota_only,0
80820,1347.000,ota_only,0
80850,1347.500,ota_only,0
80880,1348.000,ota_only,0
80910,1348.500,ota_only,0
80940,1349.000,ota_only,0
80970,1349.500,ota_only,0
81000,1350.000,ota_only,0
81030,1350.500,ota_only,0
81060,1351.000,ota_only,0
81090,1351.500,ota_only,0
81120,1352.000,ota_only,0
81150,1352.500,ota_only,0
81180,1353.000,ota_only,0
81210,1353.500,ota_only,0
81240,1354.000,ota_only,0
81270,1354.500,ota_only,0
81300,1355.000,ota_only,0
81330,1355.500,ota_only,0
81360,1356.000,ota_only,0
81390,1356.500,ota_only,0
81420,1357.000,ota_only,0
81450,1357.500,ota_only,0
81480,1358.000,ota_only,0
81510,1358.500,ota_only,0
81540,1359.000,ota_only,0
81570,1359.500,ota_only,0
81600,1360.000,ota_only,0
81630,1360.500,ota_only,0
81660,1361.000,ota_only,0
81690,1361.500,ota_only,0
81720,1362.000,ota_only,0
81750,1362.500,ota_only,0
81780,1363.000,ota_only,0
81810,1363.500,ota_only,0
81840,1364.000,ota_only,0
81870,1364.500,ota_only,0
81900,1365.000,ota_only,0
81930,1365.500,ota_only,0
81960,1366.000,ota_only,0
81990,1366.500,ota_only,0
82020,1367.000,ota_only,0
82050,1367.500,ota_only,0
82080,1368.000,ota_only,0
82110,1368.500,ota_only,0
82140,1369.000,ota_only,0
82170,1369.500,ota_only,0
82200,1370.000,ota_only,0
82230,1370.500,ota_only,0
82260,1371.000,ota_only,0
82290,1371.500,ota_only,0
82320,1372.000,ota_only,0
82350,1372.500,ota_only,0
82380,1373.000,ota_only,0
82410,1373.500,ota_only,0
82440,1374.000,ota_only,0
82470,1374.500,ota_only,0
82500,1375.000,ota_only,0
82530,1375.500,ota_only,0
82560,1376.000,ota_only,0
82590,1376.500,ota_only,0
82620,1377.000,ota_only,0
82650,1377.500,ota_only,0
82680,1378.000,ota_only,0
82710,1378.500,ota_only,0
82740,1379.000,ota_only,0
82770,1379.500,ota_only,0
82800,1380.000,ota_only,0
82830,1380.500,ota_only,0
82860,1381.000,ota_only,0
82890,1381.500,ota_only,0
82920,1382.000,ota_only,0
82950,1382.500,ota_only,0
82980,1383.000,ota_only,0
83010,1383.500,ota_only,0
83040,1384.000,ota_only,0
83070,1384.500,ota_only,0
83100,1385.000,ota_only,0
83130,1385.500,ota_only,0
83160,1386.000,ota_only,0
83190,1386.500,ota_only,0
83220,1387.000,ota_only,0
83250,1387.500,ota_only,0
83280,1388.000,ota_only,0
83310,1388.500,ota_only,0
83340,1389.000,ota_only,0
83370,1389.500,ota_only,0
83400,1390.000,ota_only,0
83430,1390.500,ota_only,0
83460,1391.000,ota_only,0
83490,1391.500,ota_only,0
83520,1392.000,ota_only,0
83550,1392.500,ota_only,0
83580,1393.000,ota_only,0
83610,1393.500,ota_only,0
83640,1394.000,ota_only,0
83670,1394.500,ota_only,0
83700,1395.000,ota_only,0
83730,1395.500,ota_only,0
83760,1396.000,ota_only,0
83790,1396.500,ota_only,0
83820,1397.000,ota_only,0
83850,1397.500,ota_only,0
83880,1398.000,ota_only,0
83910,1398.500,ota_only,0
83940,1399.000,ota_only,0
83970,1399.500,ota_only,0
84000,1400.000,ota_only,0
84030,1400.500,ota_only,0
84060,1401.000,ota_only,0
84090,1401.500,ota_only,0
84120,1402.000,ota_only,0
84150,1402.500,ota_only,0
84180,1403.000,ota_only,0
84210,1403.500,ota_only,0
84240,1404.000,ota_only,0
84270,1404.500,ota_only,0
84300,1405.000,ota_only,0
84330,1405.500,ota_only,0
84360,1406.000,ota_only,0
84390,1406.500,ota_only,0
84420,1407.000,ota_only,0
84450,1407.500,ota_only,0
84480,1408.000,ota_only,0
84510,1408.500,ota_only,0
84540,1409.000,ota_only,0
84570,1409.500,ota_only,0
84600,1410.000,ota_only,0
84630,1410.500,ota_only,0
84660,1411.000,ota_only,0
84690,1411.500,ota_only,0
84720,1412.000,ota_only,0
84750,1412.500,ota_only,0
84780,1413.000,ota_only,0
84810,1413.500,ota_only,0
84840,1414.000,ota_only,0
84870,1414.500,ota_only,0
84900,1415.000,ota_only,0
84930,1415.500,ota_only,0
84960,1416.000,ota_only,0
84990,1416.500,ota_only,0
85020,1417.000,ota_only,0
85050,1417.500,ota_only,0
85080,1418.000,ota_only,0
85110,1418.500,ota_only,0
85140,1419.000,ota_only,0
85170,1419.500,ota_only,0
85200,1420.000,ota_only,0
85230,1420.500,ota_only,0
85260,1421.000,ota_only,0
85290,1421.500,ota_only,0
85320,1422.000,ota_only,0
85350,1422.500,ota_only,0
85380,1423.000,ota_only,0
85410,1423.500,ota_only,0
85440,1424.000,ota_only,0
85470,1424.500,ota_only,0
85500,1425.000,ota_only,0
85530,1425.500,ota_only,0
85560,1426.000,ota_only,0
85590,1426.500,ota_only,0
85620,1427.000,ota_only,0
85650,1427.500,ota_only,0
85680,1428.000,ota_only,0
85710,1428.500,ota_only,0
85740,1429.000,ota_only,0
85770,1429.500,ota_only,0
85800,1430.000,ota_only,0
85830,1430.500,ota_only,0
85860,1431.000,ota_only,0
85890,1431.500,ota_only,0
85920,1432.000,ota_only,0
85950,1432.500,ota_only,0
85980,1433.000,ota_only,0
86010,1433.500,ota_only,0
86040,1434.000,ota_only,0
86070,1434.500,ota_only,0
86100,1435.000,ota_only,0
86130,1435.500,ota_only,0
86160,1436.000,ota_only,0
86190,1436.500,ota_only,0
86220,1437.000,ota_only,0
86250,1437.500,ota_only,0
86280,1438.000,ota_only,0
86310,1438.500,ota_only,0
86340,1439.000,ota_only,0
86370,1439.500,ota_only,0
86400,1440.000,ota_only,0
0,0.000,hotpatch_first,1000
30,0.500,hotpatch_first,1000
60,1.000,hotpatch_first,1000
90,1.500,hotpatch_first,1000
120,2.000,hotpatch_first,1000
150,2.500,hotpatch_first,1000
180,3.000,hotpatch_first,1000
210,3.500,hotpatch_first,1000
240,4.000,hotpatch_first,1000
270,4.500,hotpatch_first,1000
300,5.000,hotpatch_first,1000
330,5.500,hotpatch_first,1000
360,6.000,hotpatch_first,998
390,6.500,hotpatch_first,983
420,7.000,hotpatch_first,941
450,7.500,hotpatch_first,856
480,8.000,hotpatch_first,748
510,8.500,hotpatch_first,684
540,9.000,hotpatch_first,601
570,9.500,hotpatch_first,536
600,10.000,hotpatch_first,516
630,10.500,hotpatch_first,486
660,11.000,hotpatch_first,455
690,11.500,hotpatch_first,416
720,12.000,hotpatch_first,383
750,12.500,hotpatch_first,334
780,13.000,hotpatch_first,306
810,13.500,hotpatch_first,283
840,14.000,hotpatch_first,263
870,14.500,hotpatch_first,254
900,15.000,hotpatch_first,237
930,15.500,hotpatch_first,224
960,16.000,hotpatch_first,212
990,16.500,hotpatch_first,199
1020,17.000,hotpatch_first,188
1050,17.500,hotpatch_first,179
1080,18.000,hotpatch_first,167
1110,18.500,hotpatch_first,162
1140,19.000,hotpatch_first,159
1170,19.500,hotpatch_first,153
1200,20.000,hotpatch_first,150
1230,20.500,hotpatch_first,150
1260,21.000,hotpatch_first,150
1290,21.500,hotpatch_first,150
1320,22.000,hotpatch_first,150
1350,22.500,hotpatch_first,150
1380,23.000,hotpatch_first,150
1410,23.500,hotpatch_first,150
1440,24.000,hotpatch_first,150
1470,24.500,hotpatch_first,150
1500,25.000,hotpatch_first,150
1530,25.500,hotpatch_first,150
1560,26.000,hotpatch_first,150
1590,26.500,hotpatch_first,150
1620,27.000,hotpatch_first,150
1650,27.500,hotpatch_first,150
1680,28.000,hotpatch_first,150
1710,28.500,hotpatch_first,150
1740,29.000,hotpatch_first,150
1770,29.500,hotpatch_first,150
1800,30.000,hotpatch_first,150
1830,30.500,hotpatch_first,150
1860,31.000,hotpatch_first,150
1890,31.500,hotpatch_first,150
1920,32.000,hotpatch_first,150
1950,32.500,hotpatch_first,150
1980,33.000,hotpatch_first,150
2010,33.500,hotpatch_first,150
2040,34.000,hotpatch_first,150
2070,34.500,hotpatch_first,150
2100,35.000,hotpatch_first,150
2130,35.500,hotpatch_first,150
2160,36.000,hotpatch_first,150
2190,36.500,hotpatch_first,150
2220,37.000,hotpatch_first,150
2250,37.500,hotpatch_first,150
2280,38.000,hotpatch_first,150
2310,38.500,hotpatch_first,150
2340,39.000,hotpatch_first,150
2370,39.500,hotpatch_first,150
2400,40.000,hotpatch_first,150
2430,40.500,hotpatch_first,150
2460,41.000,hotpatch_first,150
2490,41.500,hotpatch_first,150
2520,42.000,hotpatch_first,150
2550,42.500,hotpatch_first,150
2580,43.000,hotpatch_first,150
2610,43.500,hotpatch_first,150
2640,44.000,hotpatch_first,150
2670,44.500,hotpatch_first,150
2700,45.000,hotpatch_first,150
2730,45.500,hotpatch_first,150
2760,46.000,hotpatch_first,150
2790,46.500,hotpatch_first,150
2820,47.000,hotpatch_first,150
2850,47.500,hotpatch_first,150
2880,48.000,hotpatch_first,150
2910,48.500,hotpatch_first,150
2940,49.000,hotpatch_first,150
2970,49.500,hotpatch_first,150
3000,50.000,hotpatch_first,150
3030,50.500,hotpatch_first,150
3060,51.000,hotpatch_first,150
3090,51.500,hotpatch_first,150
3120,52.000,hotpatch_first,150
3150,52.500,hotpatch_first,150
3180,53.000,hotpatch_first,150
3210,53.500,hotpatch_first,150
3240,54.000,hotpatch_first,150
3270,54.500,hotpatch_first,150
3300,55.000,hotpatch_first,150
3330,55.500,hotpatch_first,150
3360,56.000,hotpatch_first,150
3390,56.500,hotpatch_first,150
3420,57.000,hotpatch_first,150
3450,57.500,hotpatch_first,150
3480,58.000,hotpatch_first,150
3510,58.500,hotpatch_first,150
3540,59.000,hotpatch_first,150
3570,59.500,hotpatch_first,150
3600,60.000,hotpatch_first,150
3630,60.500,hotpatch_first,150
3660,61.000,hotpatch_first,150
3690,61.500,hotpatch_first,150
3720,62.000,hotpatch_first,150
3750,62.500,hotpatch_first,150
3780,63.000,hotpatch_first,150
3810,63.500,hotpatch_first,150
3840,64.000,hotpatch_first,150
3870,64.500,hotpatch_first,150
3900,65.000,hotpatch_first,150
3930,65.500,hotpatch_first,150
3960,66.000,hotpatch_first,150
3990,66.500,hotpatch_first,150
4020,67.000,hotpatch_first,150
4050,67.500,hotpatch_first,150
4080,68.000,hotpatch_first,150
4110,68.500,hotpatch_first,150
4140,69.000,hotpatch_first,150
4170,69.500,hotpatch_first,150
4200,70.000,hotpatch_first,150
4230,70.500,hotpatch_first,150
4260,71.000,hotpatch_first,150
4290,71.500,hotpatch_first,150
4320,72.000,hotpatch_first,150
4350,72.500,hotpatch_first,150
4380,73.000,hotpatch_first,150
4410,73.500,hotpatch_first,150
4440,74.000,hotpatch_first,150
4470,74.500,hotpatch_first,150
4500,75.000,hotpatch_first,150
4530,75.500,hotpatch_first,150
4560,76.000,hotpatch_first,150
4590,76.500,hotpatch_first,150
4620,77.000,hotpatch_first,150
4650,77.500,hotpatch_first,150
4680,78.000,hotpatch_first,150
4710,78.500,hotpatch_first,150
4740,79.000,hotpatch_first,150
4770,79.500,hotpatch_first,150
4800,80.000,hotpatch_first,150
4830,80.500,hotpatch_first,150
4860,81.000,hotpatch_first,150
4890,81.500,hotpatch_first,150
4920,82.000,hotpatch_first,150
4950,82.500,hotpatch_first,150
4980,83.000,hotpatch_first,150
5010,83.500,hotpatch_first,150
5040,84.000,hotpatch_first,150
5070,84.500,hotpatch_first,150
5100,85.000,hotpatch_first,150
5130,85.500,hotpatch_first,150
5160,86.000,hotpatch_first,150
5190,86.500,hotpatch_first,150
5220,87.000,hotpatch_first,150
5250,87.500,hotpatch_first,150
5280,88.000,hotpatch_first,150
5310,88.500,hotpatch_first,150
5340,89.000,hotpatch_first,150
5370,89.500,hotpatch_first,150
5400,90.000,hotpatch_first,150
5430,90.500,hotpatch_first,150
5460,91.000,hotpatch_first,150
5490,91.500,hotpatch_first,150
5520,92.000,hotpatch_first,150
5550,92.500,hotpatch_first,150
5580,93.000,hotpatch_first,150
5610,93.500,hotpatch_first,150
5640,94.000,hotpatch_first,150
5670,94.500,hotpatch_first,150
5700,95.000,hotpatch_first,150
5730,95.500,hotpatch_first,150
5760,96.000,hotpatch_first,150
5790,96.500,hotpatch_first,150
5820,97.000,hotpatch_first,150
5850,97.500,hotpatch_first,150
5880,98.000,hotpatch_first,150
5910,98.500,hotpatch_first,150
5940,99.000,hotpatch_first,150
5970,99.500,hotpatch_first,150
6000,100.000,hotpatch_first,150
6030,100.500,hotpatch_first,150
6060,101.000,hotpatch_first,150
6090,101.500,hotpatch_first,150
6120,102.000,hotpatch_first,150
6150,102.500,hotpatch_first,150
6180,103.000,hotpatch_first,150
6210,103.500,hotpatch_first,150
6240,104.000,hotpatch_first,150
6270,104.500,hotpatch_first,150
6300,105.000,hotpatch_first,150
6330,105.500,hotpatch_first,150
6360,106.000,hotpatch_first,150
6390,106.500,hotpatch_first,150
6420,107.000,hotpatch_first,150
6450,107.500,hotpatch_first,150
6480,108.000,hotpatch_first,150
6510,108.500,hotpatch_first,150
6540,109.000,hotpatch_first,150
6570,109.500,hotpatch_first,150
6600,110.000,hotpatch_first,150
6630,110.500,hotpatch_first,150
6660,111.000,hotpatch_first,150
6690,111.500,hotpatch_first,150
6720,112.000,hotpatch_first,150
6750,112.500,hotpatch_first,150
6780,113.000,hotpatch_first,150
6810,113.500,hotpatch_first,150
6840,114.000,hotpatch_first,150
6870,114.500,hotpatch_first,150
6900,115.000,hotpatch_first,150
6930,115.500,hotpatch_first,150
6960,116.000,hotpatch_first,150
6990,116.500,hotpatch_first,150
7020,117.000,hotpatch_first,150
7050,117.500,hotpatch_first,150
7080,118.000,hotpatch_first,150
7110,118.500,hotpatch_first,150
7140,119.000,hotpatch_first,150
7170,119.500,hotpatch_first,150
7200,120.000,hotpatch_first,150
7230,120.500,hotpatch_first,150
7260,121.000,hotpatch_first,150
7290,121.500,hotpatch_first,150
7320,122.000,hotpatch_first,150
7350,122.500,hotpatch_first,150
7380,123.000,hotpatch_first,150
7410,123.500,hotpatch_first,150
7440,124.000,hotpatch_first,150
7470,124.500,hotpatch_first,150
7500,125.000,hotpatch_first,150
7530,125.500,hotpatch_first,150
7560,126.000,hotpatch_first,150
7590,126.500,hotpatch_first,150
7620,127.000,hotpatch_first,150
7650,127.500,hotpatch_first,150
7680,128.000,hotpatch_first,150
7710,128.500,hotpatch_first,150
7740,129.000,hotpatch_first,150
7770,129.500,hotpatch_first,150
7800,130.000,hotpatch_first,150
7830,130.500,hotpatch_first,150
7860,131.000,hotpatch_first,150
7890,131.500,hotpatch_first,150
7920,132.000,hotpatch_first,150
7950,132.500,hotpatch_first,150
7980,133.000,hotpatch_first,150
8010,133.500,hotpatch_first,150
8040,134.000,hotpatch_first,150
8070,134.500,hotpatch_first,150
8100,135.000,hotpatch_first,150
8130,135.500,hotpatch_first,150
8160,136.000,hotpatch_first,150
8190,136.500,hotpatch_first,150
8220,137.000,hotpatch_first,150
8250,137.500,hotpatch_first,150
8280,138.000,hotpatch_first,150
8310,138.500,hotpatch_first,150
8340,139.000,hotpatch_first,150
8370,139.500,hotpatch_first,150
8400,140.000,hotpatch_first,150
8430,140.500,hotpatch_first,150
8460,141.000,hotpatch_first,150
8490,141.500,hotpatch_first,150
8520,142.000,hotpatch_first,150
8550,142.500,hotpatch_first,150
8580,143.000,hotpatch_first,150
8610,143.500,hotpatch_first,150
8640,144.000,hotpatch_first,150
8670,144.500,hotpatch_first,150
8700,145.000,hotpatch_first,150
8730,145.500,hotpatch_first,150
8760,146.000,hotpatch_first,150
8790,146.500,hotpatch_first,150
8820,147.000,hotpatch_first,150
8850,147.500,hotpatch_first,150
8880,148.000,hotpatch_first,150
8910,148.500,hotpatch_first,150
8940,149.000,hotpatch_first,150
8970,149.500,hotpatch_first,150
9000,150.000,hotpatch_first,150
9030,150.500,hotpatch_first,150
9060,151.000,hotpatch_first,150
9090,151.500,hotpatch_first,150
9120,152.000,hotpatch_first,150
9150,152.500,hotpatch_first,150
9180,153.000,hotpatch_first,150
9210,153.500,hotpatch_first,150
9240,154.000,hotpatch_first,150
9270,154.500,hotpatch_first,150
9300,155.000,hotpatch_first,150
9330,155.500,hotpatch_first,150
9360,156.000,hotpatch_first,150
9390,156.500,hotpatch_first,150
9420,157.000,hotpatch_first,150
9450,157.500,hotpatch_first,150
9480,158.000,hotpatch_first,150
9510,158.500,hotpatch_first,150
9540,159.000,hotpatch_first,150
9570,159.500,hotpatch_first,150
9600,160.000,hotpatch_first,150
9630,160.500,hotpatch_first,150
9660,161.000,hotpatch_first,150
9690,161.500,hotpatch_first,150
9720,162.000,hotpatch_first,150
9750,162.500,hotpatch_first,150
9780,163.000,hotpatch_first,150
9810,163.500,hotpatch_first,150
9840,164.000,hotpatch_first,150
9870,164.500,hotpatch_first,150
9900,165.000,hotpatch_first,150
9930,165.500,hotpatch_first,150
9960,166.000,hotpatch_first,150
9990,166.500,hotpatch_first,150
10020,167.000,hotpatch_first,150
10050,167.500,hotpatch_first,150
10080,168.000,hotpatch_first,150
10110,168.500,hotpatch_first,150
10140,169.000,hotpatch_first,150
10170,169.500,hotpatch_first,150
10200,170.000,hotpatch_first,150
10230,170.500,hotpatch_first,150
10260,171.000,hotpatch_first,150
10290,171.500,hotpatch_first,150
10320,172.000,hotpatch_first,150
10350,172.500,hotpatch_first,150
10380,173.000,hotpatch_first,150
10410,173.500,hotpatch_first,150
10440,174.000,hotpatch_first,150
10470,174.500,hotpatch_first,150
10500,175.000,hotpatch_first,150
10530,175.500,hotpatch_first,150
10560,176.000,hotpatch_first,150
10590,176.500,hotpatch_first,150
10620,177.000,hotpatch_first,150
10650,177.500,hotpatch_first,150
10680,178.000,hotpatch_first,150
10710,178.500,hotpatch_first,150
10740,179.000,hotpatch_first,150
10770,179.500,hotpatch_first,150
10800,180.000,hotpatch_first,150
10830,180.500,hotpatch_first,150
10860,181.000,hotpatch_first,150
10890,181.500,hotpatch_first,150
10920,182.000,hotpatch_first,150
10950,182.500,hotpatch_first,150
10980,183.000,hotpatch_first,150
11010,183.500,hotpatch_first,150
11040,184.000,hotpatch_first,150
11070,184.500,hotpatch_first,150
11100,185.000,hotpatch_first,150
11130,185.500,hotpatch_first,150
11160,186.000,hotpatch_first,150
11190,186.500,hotpatch_first,150
11220,187.000,hotpatch_first,150
11250,187.500,hotpatch_first,150
11280,188.000,hotpatch_first,150
11310,188.500,hotpatch_first,150
11340,189.000,hotpatch_first,150
11370,189.500,hotpatch_first,150
11400,190.000,hotpatch_first,150
11430,190.500,hotpatch_first,150
11460,191.000,hotpatch_first,150
11490,191.500,hotpatch_first,150
11520,192.000,hotpatch_first,150
11550,192.500,hotpatch_first,150
11580,193.000,hotpatch_first,150
11610,193.500,hotpatch_first,150
11640,194.000,hotpatch_first,150
11670,194.500,hotpatch_first,150
11700,195.000,hotpatch_first,150
11730,195.500,hotpatch_first,150
11760,196.000,hotpatch_first,150
11790,196.500,hotpatch_first,150
11820,197.000,hotpatch_first,150
11850,197.500,hotpatch_first,150
11880,198.000,hotpatch_first,150
11910,198.500,hotpatch_first,150
11940,199.000,hotpatch_first,150
11970,199.500,hotpatch_first,150
12000,200.000,hotpatch_first,150
12030,200.500,hotpatch_first,150
12060,201.000,hotpatch_first,150
12090,201.500,hotpatch_first,150
12120,202.000,hotpatch_first,150
12150,202.500,hotpatch_first,150
12180,203.000,hotpatch_first,150
12210,203.500,hotpatch_first,150
12240,204.000,hotpatch_first,150
12270,204.500,hotpatch_first,150
12300,205.000,hotpatch_first,150
12330,205.500,hotpatch_first,150
12360,206.000,hotpatch_first,150
12390,206.500,hotpatch_first,150
12420,207.000,hotpatch_first,150
12450,207.500,hotpatch_first,150
12480,208.000,hotpatch_first,150
12510,208.500,hotpatch_first,150
12540,209.000,hotpatch_first,150
12570,209.500,hotpatch_first,150
12600,210.000,hotpatch_first,150
12630,210.500,hotpatch_first,150
12660,211.000,hotpatch_first,150
12690,211.500,hotpatch_first,150
12720,212.000,hotpatch_first,150
12750,212.500,hotpatch_first,150
12780,213.000,hotpatch_first,150
12810,213.500,hotpatch_first,150
12840,214.000,hotpatch_first,150
12870,214.500,hotpatch_first,150
12900,215.000,hotpatch_first,150
12930,215.500,hotpatch_first,150
12960,216.000,hotpatch_first,150
12990,216.500,hotpatch_first,150
13020,217.000,hotpatch_first,150
13050,217.500,hotpatch_first,150
13080,218.000,hotpatch_first,150
13110,218.500,hotpatch_first,150
13140,219.000,hotpatch_first,150
13170,219.500,hotpatch_first,150
13200,220.000,hotpatch_first,150
13230,220.500,hotpatch_first,150
13260,221.000,hotpatch_first,150
13290,221.500,hotpatch_first,150
13320,222.000,hotpatch_first,150
13350,222.500,hotpatch_first,150
13380,223.000,hotpatch_first,150
13410,223.500,hotpatch_first,150
13440,224.000,hotpatch_first,150
13470,224.500,hotpatch_first,150
13500,225.000,hotpatch_first,150
13530,225.500,hotpatch_first,150
13560,226.000,hotpatch_first,150
13590,226.500,hotpatch_first,150
13620,227.000,hotpatch_first,150
13650,227.500,hotpatch_first,150
13680,228.000,hotpatch_first,150
13710,228.500,hotpatch_first,150
13740,229.000,hotpatch_first,150
13770,229.500,hotpatch_first,150
13800,230.000,hotpatch_first,150
13830,230.500,hotpatch_first,150
13860,231.000,hotpatch_first,150
13890,231.500,hotpatch_first,150
13920,232.000,hotpatch_first,150
13950,232.500,hotpatch_first,150
13980,233.000,hotpatch_first,150
14010,233.500,hotpatch_first,150
14040,234.000,hotpatch_first,150
14070,234.500,hotpatch_first,150
14100,235.000,hotpatch_first,150
14130,235.500,hotpatch_first,150
14160,236.000,hotpatch_first,150
14190,236.500,hotpatch_first,150
14220,237.000,hotpatch_first,150
14250,237.500,hotpatch_first,150
14280,238.000,hotpatch_first,150
14310,238.500,hotpatch_first,150
14340,239.000,hotpatch_first,150
14370,239.500,hotpatch_first,150
14400,240.000,hotpatch_first,150
14430,240.500,hotpatch_first,150
14460,241.000,hotpatch_first,150
14490,241.500,hotpatch_first,150
14520,242.000,hotpatch_first,150
14550,242.500,hotpatch_first,150
14580,243.000,hotpatch_first,150
14610,243.500,hotpatch_first,150
14640,244.000,hotpatch_first,150
14670,244.500,hotpatch_first,150
14700,245.000,hotpatch_first,150
14730,245.500,hotpatch_first,150
14760,246.000,hotpatch_first,150
14790,246.500,hotpatch_first,150
14820,247.000,hotpatch_first,150
14850,247.500,hotpatch_first,150
14880,248.000,hotpatch_first,150
14910,248.500,hotpatch_first,150
14940,249.000,hotpatch_first,150
14970,249.500,hotpatch_first,150
15000,250.000,hotpatch_first,150
15030,250.500,hotpatch_first,150
15060,251.000,hotpatch_first,150
15090,251.500,hotpatch_first,150
15120,252.000,hotpatch_first,150
15150,252.500,hotpatch_first,150
15180,253.000,hotpatch_first,150
15210,253.500,hotpatch_first,150
15240,254.000,hotpatch_first,150
15270,254.500,hotpatch_first,150
15300,255.000,hotpatch_first,150
15330,255.500,hotpatch_first,150
15360,256.000,hotpatch_first,150
15390,256.500,hotpatch_first,150
15420,257.000,hotpatch_first,150
15450,257.500,hotpatch_first,150
15480,258.000,hotpatch_first,150
15510,258.500,hotpatch_first,150
15540,259.000,hotpatch_first,150
15570,259.500,hotpatch_first,150
15600,260.000,hotpatch_first,150
15630,260.500,hotpatch_first,150
15660,261.000,hotpatch_first,150
15690,261.500,hotpatch_first,150
15720,262.000,hotpatch_first,150
15750,262.500,hotpatch_first,150
15780,263.000,hotpatch_first,150
15810,263.500,hotpatch_first,150
15840,264.000,hotpatch_first,150
15870,264.500,hotpatch_first,150
15900,265.000,hotpatch_first,150
15930,265.500,hotpatch_first,150
15960,266.000,hotpatch_first,150
15990,266.500,hotpatch_first,150
16020,267.000,hotpatch_first,150
16050,267.500,hotpatch_first,150
16080,268.000,hotpatch_first,150
16110,268.500,hotpatch_first,150
16140,269.000,hotpatch_first,150
16170,269.500,hotpatch_first,150
16200,270.000,hotpatch_first,150
16230,270.500,hotpatch_first,150
16260,271.000,hotpatch_first,150
16290,271.500,hotpatch_first,150
16320,272.000,hotpatch_first,150
16350,272.500,hotpatch_first,150
16380,273.000,hotpatch_first,150
16410,273.500,hotpatch_first,150
16440,274.000,hotpatch_first,150
16470,274.500,hotpatch_first,150
16500,275.000,hotpatch_first,150
16530,275.500,hotpatch_first,150
16560,276.000,hotpatch_first,150
16590,276.500,hotpatch_first,150
16620,277.000,hotpatch_first,150
16650,277.500,hotpatch_first,150
16680,278.000,hotpatch_first,150
16710,278.500,hotpatch_first,150
16740,279.000,hotpatch_first,150
16770,279.500,hotpatch_first,150
16800,280.000,hotpatch_first,150
16830,280.500,hotpatch_first,150
16860,281.000,hotpatch_first,150
16890,281.500,hotpatch_first,150
16920,282.000,hotpatch_first,150
16950,282.500,hotpatch_first,150
16980,283.000,hotpatch_first,150
17010,283.500,hotpatch_first,150
17040,284.000,hotpatch_first,150
17070,284.500,hotpatch_first,150
17100,285.000,hotpatch_first,150
17130,285.500,hotpatch_first,150
17160,286.000,hotpatch_first,150
17190,286.500,hotpatch_first,150
17220,287.000,hotpatch_first,150
17250,287.500,hotpatch_first,150
17280,288.000,hotpatch_first,150
17310,288.500,hotpatch_first,150
17340,289.000,hotpatch_first,150
17370,289.500,hotpatch_first,150
17400,290.000,hotpatch_first,150
17430,290.500,hotpatch_first,150
17460,291.000,hotpatch_first,150
17490,291.500,hotpatch_first,150
17520,292.000,hotpatch_first,150
17550,292.500,hotpatch_first,150
17580,293.000,hotpatch_first,150
17610,293.500,hotpatch_first,150
17640,294.000,hotpatch_first,150
17670,294.500,hotpatch_first,150
17700,295.000,hotpatch_first,150
17730,295.500,hotpatch_first,150
17760,296.000,hotpatch_first,150
17790,296.500,hotpatch_first,150
17820,297.000,hotpatch_first,150
17850,297.500,hotpatch_first,150
17880,298.000,hotpatch_first,150
17910,298.500,hotpatch_first,150
17940,299.000,hotpatch_first,150
17970,299.500,hotpatch_first,150
18000,300.000,hotpatch_first,150
18030,300.500,hotpatch_first,150
18060,301.000,hotpatch_first,150
18090,301.500,hotpatch_first,150
18120,302.000,hotpatch_first,150
18150,302.500,hotpatch_first,150
18180,303.000,hotpatch_first,150
18210,303.500,hotpatch_first,150
18240,304.000,hotpatch_first,150
18270,304.500,hotpatch_first,150
18300,305.000,hotpatch_first,150
18330,305.500,hotpatch_first,150
18360,306.000,hotpatch_first,150
18390,306.500,hotpatch_first,150
18420,307.000,hotpatch_first,150
18450,307.500,hotpatch_first,150
18480,308.000,hotpatch_first,150
18510,308.500,hotpatch_first,150
18540,309.000,hotpatch_first,150
18570,309.500,hotpatch_first,150
18600,310.000,hotpatch_first,150
18630,310.500,hotpatch_first,150
18660,311.000,hotpatch_first,150
18690,311.500,hotpatch_first,150
18720,312.000,hotpatch_first,150
18750,312.500,hotpatch_first,150
18780,313.000,hotpatch_first,150
18810,313.500,hotpatch_first,150
18840,314.000,hotpatch_first,150
18870,314.500,hotpatch_first,150
18900,315.000,hotpatch_first,150
18930,315.500,hotpatch_first,150
18960,316.000,hotpatch_first,150
18990,316.500,hotpatch_first,150
19020,317.000,hotpatch_first,150
19050,317.500,hotpatch_first,150
19080,318.000,hotpatch_first,150
19110,318.500,hotpatch_first,150
19140,319.000,hotpatch_first,150
19170,319.500,hotpatch_first,150
19200,320.000,hotpatch_first,150
19230,320.500,hotpatch_first,150
19260,321.000,hotpatch_first,150
19290,321.500,hotpatch_first,150
19320,322.000,hotpatch_first,150
19350,322.500,hotpatch_first,150
19380,323.000,hotpatch_first,150
19410,323.500,hotpatch_first,150
19440,324.000,hotpatch_first,150
19470,324.500,hotpatch_first,150
19500,325.000,hotpatch_first,150
19530,325.500,hotpatch_first,150
19560,326.000,hotpatch_first,150
19590,326.500,hotpatch_first,150
19620,327.000,hotpatch_first,150
19650,327.500,hotpatch_first,150
19680,328.000,hotpatch_first,150
19710,328.500,hotpatch_first,150
19740,329.000,hotpatch_first,150
19770,329.500,hotpatch_first,150
19800,330.000,hotpatch_first,150
19830,330.500,hotpatch_first,150
19860,331.000,hotpatch_first,150
19890,331.500,hotpatch_first,150
19920,332.000,hotpatch_first,150
19950,332.500,hotpatch_first,150
19980,333.000,hotpatch_first,150
20010,333.500,hotpatch_first,150
20040,334.000,hotpatch_first,150
20070,334.500,hotpatch_first,150
20100,335.000,hotpatch_first,150
20130,335.500,hotpatch_first,150
20160,336.000,hotpatch_first,150
20190,336.500,hotpatch_first,150
20220,337.000,hotpatch_first,150
20250,337.500,hotpatch_first,150
20280,338.000,hotpatch_first,150
20310,338.500,hotpatch_first,150
20340,339.000,hotpatch_first,150
20370,339.500,hotpatch_first,150
20400,340.000,hotpatch_first,150
20430,340.500,hotpatch_first,150
20460,341.000,hotpatch_first,150
20490,341.500,hotpatch_first,150
20520,342.000,hotpatch_first,150
20550,342.500,hotpatch_first,150
20580,343.000,hotpatch_first,150
20610,343.500,hotpatch_first,150
20640,344.000,hotpatch_first,150
20670,344.500,hotpatch_first,150
20700,345.000,hotpatch_first,150
20730,345.500,hotpatch_first,150
20760,346.000,hotpatch_first,150
20790,346.500,hotpatch_first,150
20820,347.000,hotpatch_first,150
20850,347.500,hotpatch_first,150
20880,348.000,hotpatch_first,150
20910,348.500,hotpatch_first,150
20940,349.000,hotpatch_first,150
20970,349.500,hotpatch_first,150
21000,350.000,hotpatch_first,150
21030,350.500,hotpatch_first,150
21060,351.000,hotpatch_first,150
21090,351.500,hotpatch_first,150
21120,352.000,hotpatch_first,150
21150,352.500,hotpatch_first,150
21180,353.000,hotpatch_first,150
21210,353.500,hotpatch_first,150
21240,354.000,hotpatch_first,150
21270,354.500,hotpatch_first,150
21300,355.000,hotpatch_first,150
21330,355.500,hotpatch_first,150
21360,356.000,hotpatch_first,150
21390,356.500,hotpatch_first,150
21420,357.000,hotpatch_first,150
21450,357.500,hotpatch_first,150
21480,358.000,hotpatch_first,150
21510,358.500,hotpatch_first,150
21540,359.000,hotpatch_first,150
21570,359.500,hotpatch_first,150
21600,360.000,hotpatch_first,150
21630,360.500,hotpatch_first,150
21660,361.000,hotpatch_first,149
21690,361.500,hotpatch_first,149
21720,362.000,hotpatch_first,149
21750,362.500,hotpatch_first,149
21780,363.000,hotpatch_first,149
21810,363.500,hotpatch_first,149
21840,364.000,hotpatch_first,149
21870,364.500,hotpatch_first,149
21900,365.000,hotpatch_first,149
21930,365.500,hotpatch_first,149
21960,366.000,hotpatch_first,149
21990,366.500,hotpatch_first,149
22020,367.000,hotpatch_first,149
22050,367.500,hotpatch_first,149
22080,368.000,hotpatch_first,149
22110,368.500,hotpatch_first,149
22140,369.000,hotpatch_first,149
22170,369.500,hotpatch_first,149
22200,370.000,hotpatch_first,149
22230,370.500,hotpatch_first,149
22260,371.000,hotpatch_first,149
22290,371.500,hotpatch_first,149
22320,372.000,hotpatch_first,149
22350,372.500,hotpatch_first,149
22380,373.000,hotpatch_first,149
22410,373.500,hotpatch_first,149
22440,374.000,hotpatch_first,149
22470,374.500,hotpatch_first,149
22500,375.000,hotpatch_first,149
22530,375.500,hotpatch_first,149
22560,376.000,hotpatch_first,149
22590,376.500,hotpatch_first,149
22620,377.000,hotpatch_first,149
22650,377.500,hotpatch_first,149
22680,378.000,hotpatch_first,149
22710,378.500,hotpatch_first,149
22740,379.000,hotpatch_first,149
22770,379.500,hotpatch_first,149
22800,380.000,hotpatch_first,149
22830,380.500,hotpatch_first,149
22860,381.000,hotpatch_first,149
22890,381.500,hotpatch_first,149
22920,382.000,hotpatch_first,148
22950,382.500,hotpatch_first,145
22980,383.000,hotpatch_first,143
23010,383.500,hotpatch_first,141
23040,384.000,hotpatch_first,136
23070,384.500,hotpatch_first,131
23100,385.000,hotpatch_first,127
23130,385.500,hotpatch_first,127
23160,386.000,hotpatch_first,127
23190,386.500,hotpatch_first,127
23220,387.000,hotpatch_first,127
23250,387.500,hotpatch_first,127
23280,388.000,hotpatch_first,127
23310,388.500,hotpatch_first,127
23340,389.000,hotpatch_first,127
23370,389.500,hotpatch_first,127
23400,390.000,hotpatch_first,127
23430,390.500,hotpatch_first,127
23460,391.000,hotpatch_first,127
23490,391.500,hotpatch_first,127
23520,392.000,hotpatch_first,127
23550,392.500,hotpatch_first,127
23580,393.000,hotpatch_first,127
23610,393.500,hotpatch_first,127
23640,394.000,hotpatch_first,127
23670,394.500,hotpatch_first,127
23700,395.000,hotpatch_first,127
23730,395.500,hotpatch_first,127
23760,396.000,hotpatch_first,127
23790,396.500,hotpatch_first,127
23820,397.000,hotpatch_first,127
23850,397.500,hotpatch_first,127
23880,398.000,hotpatch_first,127
23910,398.500,hotpatch_first,127
23940,399.000,hotpatch_first,127
23970,399.500,hotpatch_first,127
24000,400.000,hotpatch_first,127
24030,400.500,hotpatch_first,127
24060,401.000,hotpatch_first,127
24090,401.500,hotpatch_first,127
24120,402.000,hotpatch_first,127
24150,402.500,hotpatch_first,127
24180,403.000,hotpatch_first,127
24210,403.500,hotpatch_first,127
24240,404.000,hotpatch_first,127
24270,404.500,hotpatch_first,127
24300,405.000,hotpatch_first,127
24330,405.500,hotpatch_first,127
24360,406.000,hotpatch_first,120
24390,406.500,hotpatch_first,112
24420,407.000,hotpatch_first,102
24450,407.500,hotpatch_first,95
24480,408.000,hotpatch_first,85
24510,408.500,hotpatch_first,71
24540,409.000,hotpatch_first,67
24570,409.500,hotpatch_first,67
24600,410.000,hotpatch_first,67
24630,410.500,hotpatch_first,67
24660,411.000,hotpatch_first,67
24690,411.500,hotpatch_first,67
24720,412.000,hotpatch_first,67
24750,412.500,hotpatch_first,67
24780,413.000,hotpatch_first,67
24810,413.500,hotpatch_first,67
24840,414.000,hotpatch_first,67
24870,414.500,hotpatch_first,67
24900,415.000,hotpatch_first,67
24930,415.500,hotpatch_first,67
24960,416.000,hotpatch_first,67
24990,416.500,hotpatch_first,67
25020,417.000,hotpatch_first,67
25050,417.500,hotpatch_first,67
25080,418.000,hotpatch_first,67
25110,418.500,hotpatch_first,67
25140,419.000,hotpatch_first,67
25170,419.500,hotpatch_first,67
25200,420.000,hotpatch_first,67
25230,420.500,hotpatch_first,67
25260,421.000,hotpatch_first,67
25290,421.500,hotpatch_first,67
25320,422.000,hotpatch_first,67
25350,422.500,hotpatch_first,67
25380,423.000,hotpatch_first,67
25410,423.500,hotpatch_first,67
25440,424.000,hotpatch_first,67
25470,424.500,hotpatch_first,67
25500,425.000,hotpatch_first,67
25530,425.500,hotpatch_first,67
25560,426.000,hotpatch_first,67
25590,426.500,hotpatch_first,67
25620,427.000,hotpatch_first,67
25650,427.500,hotpatch_first,67
25680,428.000,hotpatch_first,67
25710,428.500,hotpatch_first,67
25740,429.000,hotpatch_first,67
25770,429.500,hotpatch_first,67
25800,430.000,hotpatch_first,61
25830,430.500,hotpatch_first,55
25860,431.000,hotpatch_first,44
25890,431.500,hotpatch_first,33
25920,432.000,hotpatch_first,20
25950,432.500,hotpatch_first,12
25980,433.000,hotpatch_first,12
26010,433.500,hotpatch_first,12
26040,434.000,hotpatch_first,12
26070,434.500,hotpatch_first,12
26100,435.000,hotpatch_first,12
26130,435.500,hotpatch_first,12
26160,436.000,hotpatch_first,12
26190,436.500,hotpatch_first,12
26220,437.000,hotpatch_first,12
26250,437.500,hotpatch_first,12
26280,438.000,hotpatch_first,12
26310,438.500,hotpatch_first,12
26340,439.000,hotpatch_first,12
26370,439.500,hotpatch_first,12
26400,440.000,hotpatch_first,12
26430,440.500,hotpatch_first,12
26460,441.000,hotpatch_first,12
26490,441.500,hotpatch_first,12
26520,442.000,hotpatch_first,12
26550,442.500,hotpatch_first,12
26580,443.000,hotpatch_first,12
26610,443.500,hotpatch_first,12
26640,444.000,hotpatch_first,12
26670,444.500,hotpatch_first,12
26700,445.000,hotpatch_first,12
26730,445.500,hotpatch_first,12
26760,446.000,hotpatch_first,12
26790,446.500,hotpatch_first,12
26820,447.000,hotpatch_first,12
26850,447.500,hotpatch_first,12
26880,448.000,hotpatch_first,12
26910,448.500,hotpatch_first,12
26940,449.000,hotpatch_first,12
26970,449.500,hotpatch_first,12
27000,450.000,hotpatch_first,12
27030,450.500,hotpatch_first,12
27060,451.000,hotpatch_first,12
27090,451.500,hotpatch_first,12
27120,452.000,hotpatch_first,12
27150,452.500,hotpatch_first,12
27180,453.000,hotpatch_first,12
27210,453.500,hotpatch_first,12
27240,454.000,hotpatch_first,12
27270,454.500,hotpatch_first,8
27300,455.000,hotpatch_first,5
27330,455.500,hotpatch_first,4
27360,456.000,hotpatch_first,1
27390,456.500,hotpatch_first,0
27420,457.000,hotpatch_first,0
27450,457.500,hotpatch_first,0
27480,458.000,hotpatch_first,0
27510,458.500,hotpatch_first,0
27540,459.000,hotpatch_first,0
27570,459.500,hotpatch_first,0
27600,460.000,hotpatch_first,0
27630,460.500,hotpatch_first,0
27660,461.000,hotpatch_first,0
27690,461.500,hotpatch_first,0
27720,462.000,hotpatch_first,0
27750,462.500,hotpatch_first,0
27780,463.000,hotpatch_first,0
27810,463.500,hotpatch_first,0
27840,464.000,hotpatch_first,0
27870,464.500,hotpatch_first,0
27900,465.000,hotpatch_first,0
27930,465.500,hotpatch_first,0
27960,466.000,hotpatch_first,0
27990,466.500,hotpatch_first,0
28020,467.000,hotpatch_first,0
28050,467.500,hotpatch_first,0
28080,468.000,hotpatch_first,0
28110,468.500,hotpatch_first,0
28140,469.000,hotpatch_first,0
28170,469.500,hotpatch_first,0
28200,470.000,hotpatch_first,0
28230,470.500,hotpatch_first,0
28260,471.000,hotpatch_first,0
28290,471.500,hotpatch_first,0
28320,472.000,hotpatch_first,0
28350,472.500,hotpatch_first,0
28380,473.000,hotpatch_first,0
28410,473.500,hotpatch_first,0
28440,474.000,hotpatch_first,0
28470,474.500,hotpatch_first,0
28500,475.000,hotpatch_first,0
28530,475.500,hotpatch_first,0
28560,476.000,hotpatch_first,0
28590,476.500,hotpatch_first,0
28620,477.000,hotpatch_first,0
28650,477.500,hotpatch_first,0
28680,478.000,hotpatch_first,0
28710,478.500,hotpatch_first,0
28740,479.000,hotpatch_first,0
28770,479.500,hotpatch_first,0
28800,480.000,hotpatch_first,0
28830,480.500,hotpatch_first,0
28860,481.000,hotpatch_first,0
28890,481.500,hotpatch_first,0
28920,482.000,hotpatch_first,0
28950,482.500,hotpatch_first,0
28980,483.000,hotpatch_first,0
29010,483.500,hotpatch_first,0
29040,484.000,hotpatch_first,0
29070,484.500,hotpatch_first,0
29100,485.000,hotpatch_first,0
29130,485.500,hotpatch_first,0
29160,486.000,hotpatch_first,0
29190,486.500,hotpatch_first,0
29220,487.000,hotpatch_first,0
29250,487.500,hotpatch_first,0
29280,488.000,hotpatch_first,0
29310,488.500,hotpatch_first,0
29340,489.000,hotpatch_first,0
29370,489.500,hotpatch_first,0
29400,490.000,hotpatch_first,0
29430,490.500,hotpatch_first,0
29460,491.000,hotpatch_first,0
29490,491.500,hotpatch_first,0
29520,492.000,hotpatch_first,0
29550,492.500,hotpatch_first,0
29580,493.000,hotpatch_first,0
29610,493.500,hotpatch_first,0
29640,494.000,hotpatch_first,0
29670,494.500,hotpatch_first,0
29700,495.000,hotpatch_first,0
29730,495.500,hotpatch_first,0
29760,496.000,hotpatch_first,0
29790,496.500,hotpatch_first,0
29820,497.000,hotpatch_first,0
29850,497.500,hotpatch_first,0
29880,498.000,hotpatch_first,0
29910,498.500,hotpatch_first,0
29940,499.000,hotpatch_first,0
29970,499.500,hotpatch_first,0
30000,500.000,hotpatch_first,0
30030,500.500,hotpatch_first,0
30060,501.000,hotpatch_first,0
30090,501.500,hotpatch_first,0
30120,502.000,hotpatch_first,0
30150,502.500,hotpatch_first,0
30180,503.000,hotpatch_first,0
30210,503.500,hotpatch_first,0
30240,504.000,hotpatch_first,0
30270,504.500,hotpatch_first,0
30300,505.000,hotpatch_first,0
30330,505.500,hotpatch_first,0
30360,506.000,hotpatch_first,0
30390,506.500,hotpatch_first,0
30420,507.000,hotpatch_first,0
30450,507.500,hotpatch_first,0
30480,508.000,hotpatch_first,0
30510,508.500,hotpatch_first,0
30540,509.000,hotpatch_first,0
30570,509.500,hotpatch_first,0
30600,510.000,hotpatch_first,0
30630,510.500,hotpatch_first,0
30660,511.000,hotpatch_first,0
30690,511.500,hotpatch_first,0
30720,512.000,hotpatch_first,0
30750,512.500,hotpatch_first,0
30780,513.000,hotpatch_first,0
30810,513.500,hotpatch_first,0
30840,514.000,hotpatch_first,0
30870,514.500,hotpatch_first,0
30900,515.000,hotpatch_first,0
30930,515.500,hotpatch_first,0
30960,516.000,hotpatch_first,0
30990,516.500,hotpatch_first,0
31020,517.000,hotpatch_first,0
31050,517.500,hotpatch_first,0
31080,518.000,hotpatch_first,0
31110,518.500,hotpatch_first,0
31140,519.000,hotpatch_first,0
31170,519.500,hotpatch_first,0
31200,520.000,hotpatch_first,0
31230,520.500,hotpatch_first,0
31260,521.000,hotpatch_first,0
31290,521.500,hotpatch_first,0
31320,522.000,hotpatch_first,0
31350,522.500,hotpatch_first,0
31380,523.000,hotpatch_first,0
31410,523.500,hotpatch_first,0
31440,524.000,hotpatch_first,0
31470,524.500,hotpatch_first,0
31500,525.000,hotpatch_first,0
31530,525.500,hotpatch_first,0
31560,526.000,hotpatch_first,0
31590,526.500,hotpatch_first,0
31620,527.000,hotpatch_first,0
31650,527.500,hotpatch_first,0
31680,528.000,hotpatch_first,0
31710,528.500,hotpatch_first,0
31740,529.000,hotpatch_first,0
31770,529.500,hotpatch_first,0
31800,530.000,hotpatch_first,0
31830,530.500,hotpatch_first,0
31860,531.000,hotpatch_first,0
31890,531.500,hotpatch_first,0
31920,532.000,hotpatch_first,0
31950,532.500,hotpatch_first,0
31980,533.000,hotpatch_first,0
32010,533.500,hotpatch_first,0
32040,534.000,hotpatch_first,0
32070,534.500,hotpatch_first,0
32100,535.000,hotpatch_first,0
32130,535.500,hotpatch_first,0
32160,536.000,hotpatch_first,0
32190,536.500,hotpatch_first,0
32220,537.000,hotpatch_first,0
32250,537.500,hotpatch_first,0
32280,538.000,hotpatch_first,0
32310,538.500,hotpatch_first,0
32340,539.000,hotpatch_first,0
32370,539.500,hotpatch_first,0
32400,540.000,hotpatch_first,0
32430,540.500,hotpatch_first,0
32460,541.000,hotpatch_first,0
32490,541.500,hotpatch_first,0
32520,542.000,hotpatch_first,0
32550,542.500,hotpatch_first,0
32580,543.000,hotpatch_first,0
32610,543.500,hotpatch_first,0
32640,544.000,hotpatch_first,0
32670,544.500,hotpatch_first,0
32700,545.000,hotpatch_first,0
32730,545.500,hotpatch_first,0
32760,546.000,hotpatch_first,0
32790,546.500,hotpatch_first,0
32820,547.000,hotpatch_first,0
32850,547.500,hotpatch_first,0
32880,548.000,hotpatch_first,0
32910,548.500,hotpatch_first,0
32940,549.000,hotpatch_first,0
32970,549.500,hotpatch_first,0
33000,550.000,hotpatch_first,0
33030,550.500,hotpatch_first,0
33060,551.000,hotpatch_first,0
33090,551.500,hotpatch_first,0
33120,552.000,hotpatch_first,0
33150,552.500,hotpatch_first,0
33180,553.000,hotpatch_first,0
33210,553.500,hotpatch_first,0
33240,554.000,hotpatch_first,0
33270,554.500,hotpatch_first,0
33300,555.000,hotpatch_first,0
33330,555.500,hotpatch_first,0
33360,556.000,hotpatch_first,0
33390,556.500,hotpatch_first,0
33420,557.000,hotpatch_first,0
33450,557.500,hotpatch_first,0
33480,558.000,hotpatch_first,0
33510,558.500,hotpatch_first,0
33540,559.000,hotpatch_first,0
33570,559.500,hotpatch_first,0
33600,560.000,hotpatch_first,0
33630,560.500,hotpatch_first,0
33660,561.000,hotpatch_first,0
33690,561.500,hotpatch_first,0
33720,562.000,hotpatch_first,0
33750,562.500,hotpatch_first,0
33780,563.000,hotpatch_first,0
33810,563.500,hotpatch_first,0
33840,564.000,hotpatch_first,0
33870,564.500,hotpatch_first,0
33900,565.000,hotpatch_first,0
33930,565.500,hotpatch_first,0
33960,566.000,hotpatch_first,0
33990,566.500,hotpatch_first,0
34020,567.000,hotpatch_first,0
34050,567.500,hotpatch_first,0
34080,568.000,hotpatch_first,0
34110,568.500,hotpatch_first,0
34140,569.000,hotpatch_first,0
34170,569.500,hotpatch_first,0
34200,570.000,hotpatch_first,0
34230,570.500,hotpatch_first,0
34260,571.000,hotpatch_first,0
34290,571.500,hotpatch_first,0
34320,572.000,hotpatch_first,0
34350,572.500,hotpatch_first,0
34380,573.000,hotpatch_first,0
34410,573.500,hotpatch_first,0
34440,574.000,hotpatch_first,0
34470,574.500,hotpatch_first,0
34500,575.000,hotpatch_first,0
34530,575.500,hotpatch_first,0
34560,576.000,hotpatch_first,0
34590,576.500,hotpatch_first,0
34620,577.000,hotpatch_first,0
34650,577.500,hotpatch_first,0
34680,578.000,hotpatch_first,0
34710,578.500,hotpatch_first,0
34740,579.000,hotpatch_first,0
34770,579.500,hotpatch_first,0
34800,580.000,hotpatch_first,0
34830,580.500,hotpatch_first,0
34860,581.000,hotpatch_first,0
34890,581.500,hotpatch_first,0
34920,582.000,hotpatch_first,0
34950,582.500,hotpatch_first,0
34980,583.000,hotpatch_first,0
35010,583.500,hotpatch_first,0
35040,584.000,hotpatch_first,0
35070,584.500,hotpatch_first,0
35100,585.000,hotpatch_first,0
35130,585.500,hotpatch_first,0
35160,586.000,hotpatch_first,0
35190,586.500,hotpatch_first,0
35220,587.000,hotpatch_first,0
35250,587.500,hotpatch_first,0
35280,588.000,hotpatch_first,0
35310,588.500,hotpatch_first,0
35340,589.000,hotpatch_first,0
35370,589.500,hotpatch_first,0
35400,590.000,hotpatch_first,0
35430,590.500,hotpatch_first,0
35460,591.000,hotpatch_first,0
35490,591.500,hotpatch_first,0
35520,592.000,hotpatch_first,0
35550,592.500,hotpatch_first,0
35580,593.000,hotpatch_first,0
35610,593.500,hotpatch_first,0
35640,594.000,hotpatch_first,0
35670,594.500,hotpatch_first,0
35700,595.000,hotpatch_first,0
35730,595.500,hotpatch_first,0
35760,596.000,hotpatch_first,0
35790,596.500,hotpatch_first,0
35820,597.000,hotpatch_first,0
35850,597.500,hotpatch_first,0
35880,598.000,hotpatch_first,0
35910,598.500,hotpatch_first,0
35940,599.000,hotpatch_first,0
35970,599.500,hotpatch_first,0
36000,600.000,hotpatch_first,0
36030,600.500,hotpatch_first,0
36060,601.000,hotpatch_first,0
36090,601.500,hotpatch_first,0
36120,602.000,hotpatch_first,0
36150,602.500,hotpatch_first,0
36180,603.000,hotpatch_first,0
36210,603.500,hotpatch_first,0
36240,604.000,hotpatch_first,0
36270,604.500,hotpatch_first,0
36300,605.000,hotpatch_first,0
36330,605.500,hotpatch_first,0
36360,606.000,hotpatch_first,0
36390,606.500,hotpatch_first,0
36420,607.000,hotpatch_first,0
36450,607.500,hotpatch_first,0
36480,608.000,hotpatch_first,0
36510,608.500,hotpatch_first,0
36540,609.000,hotpatch_first,0
36570,609.500,hotpatch_first,0
36600,610.000,hotpatch_first,0
36630,610.500,hotpatch_first,0
36660,611.000,hotpatch_first,0
36690,611.500,hotpatch_first,0
36720,612.000,hotpatch_first,0
36750,612.500,hotpatch_first,0
36780,613.000,hotpatch_first,0
36810,613.500,hotpatch_first,0
36840,614.000,hotpatch_first,0
36870,614.500,hotpatch_first,0
36900,615.000,hotpatch_first,0
36930,615.500,hotpatch_first,0
36960,616.000,hotpatch_first,0
36990,616.500,hotpatch_first,0
37020,617.000,hotpatch_first,0
37050,617.500,hotpatch_first,0
37080,618.000,hotpatch_first,0
37110,618.500,hotpatch_first,0
37140,619.000,hotpatch_first,0
37170,619.500,hotpatch_first,0
37200,620.000,hotpatch_first,0
37230,620.500,hotpatch_first,0
37260,621.000,hotpatch_first,0
37290,621.500,hotpatch_first,0
37320,622.000,hotpatch_first,0
37350,622.500,hotpatch_first,0
37380,623.000,hotpatch_first,0
37410,623.500,hotpatch_first,0
37440,624.000,hotpatch_first,0
37470,624.500,hotpatch_first,0
37500,625.000,hotpatch_first,0
37530,625.500,hotpatch_first,0
37560,626.000,hotpatch_first,0
37590,626.500,hotpatch_first,0
37620,627.000,hotpatch_first,0
37650,627.500,hotpatch_first,0
37680,628.000,hotpatch_first,0
37710,628.500,hotpatch_first,0
37740,629.000,hotpatch_first,0
37770,629.500,hotpatch_first,0
37800,630.000,hotpatch_first,0
37830,630.500,hotpatch_first,0
37860,631.000,hotpatch_first,0
37890,631.500,hotpatch_first,0
37920,632.000,hotpatch_first,0
37950,632.500,hotpatch_first,0
37980,633.000,hotpatch_first,0
38010,633.500,hotpatch_first,0
38040,634.000,hotpatch_first,0
38070,634.500,hotpatch_first,0
38100,635.000,hotpatch_first,0
38130,635.500,hotpatch_first,0
38160,636.000,hotpatch_first,0
38190,636.500,hotpatch_first,0
38220,637.000,hotpatch_first,0
38250,637.500,hotpatch_first,0
38280,638.000,hotpatch_first,0
38310,638.500,hotpatch_first,0
38340,639.000,hotpatch_first,0
38370,639.500,hotpatch_first,0
38400,640.000,hotpatch_first,0
38430,640.500,hotpatch_first,0
38460,641.000,hotpatch_first,0
38490,641.500,hotpatch_first,0
38520,642.000,hotpatch_first,0
38550,642.500,hotpatch_first,0
38580,643.000,hotpatch_first,0
38610,643.500,hotpatch_first,0
38640,644.000,hotpatch_first,0
38670,644.500,hotpatch_first,0
38700,645.000,hotpatch_first,0
38730,645.500,hotpatch_first,0
38760,646.000,hotpatch_first,0
38790,646.500,hotpatch_first,0
38820,647.000,hotpatch_first,0
38850,647.500,hotpatch_first,0
38880,648.000,hotpatch_first,0
38910,648.500,hotpatch_first,0
38940,649.000,hotpatch_first,0
38970,649.500,hotpatch_first,0
39000,650.000,hotpatch_first,0
39030,650.500,hotpatch_first,0
39060,651.000,hotpatch_first,0
39090,651.500,hotpatch_first,0
39120,652.000,hotpatch_first,0
39150,652.500,hotpatch_first,0
39180,653.000,hotpatch_first,0
39210,653.500,hotpatch_first,0
39240,654.000,hotpatch_first,0
39270,654.500,hotpatch_first,0
39300,655.000,hotpatch_first,0
39330,655.500,hotpatch_first,0
39360,656.000,hotpatch_first,0
39390,656.500,hotpatch_first,0
39420,657.000,hotpatch_first,0
39450,657.500,hotpatch_first,0
39480,658.000,hotpatch_first,0
39510,658.500,hotpatch_first,0
39540,659.000,hotpatch_first,0
39570,659.500,hotpatch_first,0
39600,660.000,hotpatch_first,0
39630,660.500,hotpatch_first,0
39660,661.000,hotpatch_first,0
39690,661.500,hotpatch_first,0
39720,662.000,hotpatch_first,0
39750,662.500,hotpatch_first,0
39780,663.000,hotpatch_first,0
39810,663.500,hotpatch_first,0
39840,664.000,hotpatch_first,0
39870,664.500,hotpatch_first,0
39900,665.000,hotpatch_first,0
39930,665.500,hotpatch_first,0
39960,666.000,hotpatch_first,0
39990,666.500,hotpatch_first,0
40020,667.000,hotpatch_first,0
40050,667.500,hotpatch_first,0
40080,668.000,hotpatch_first,0
40110,668.500,hotpatch_first,0
40140,669.000,hotpatch_first,0
40170,669.500,hotpatch_first,0
40200,670.000,hotpatch_first,0
40230,670.500,hotpatch_first,0
40260,671.000,hotpatch_first,0
40290,671.500,hotpatch_first,0
40320,672.000,hotpatch_first,0
40350,672.500,hotpatch_first,0
40380,673.000,hotpatch_first,0
40410,673.500,hotpatch_first,0
40440,674.000,hotpatch_first,0
40470,674.500,hotpatch_first,0
40500,675.000,hotpatch_first,0
40530,675.500,hotpatch_first,0
40560,676.000,hotpatch_first,0
40590,676.500,hotpatch_first,0
40620,677.000,hotpatch_first,0
40650,677.500,hotpatch_first,0
40680,678.000,hotpatch_first,0
40710,678.500,hotpatch_first,0
40740,679.000,hotpatch_first,0
40770,679.500,hotpatch_first,0
40800,680.000,hotpatch_first,0
40830,680.500,hotpatch_first,0
40860,681.000,hotpatch_first,0
40890,681.500,hotpatch_first,0
40920,682.000,hotpatch_first,0
40950,682.500,hotpatch_first,0
40980,683.000,hotpatch_first,0
41010,683.500,hotpatch_first,0
41040,684.000,hotpatch_first,0
41070,684.500,hotpatch_first,0
41100,685.000,hotpatch_first,0
41130,685.500,hotpatch_first,0
41160,686.000,hotpatch_first,0
41190,686.500,hotpatch_first,0
41220,687.000,hotpatch_first,0
41250,687.500,hotpatch_first,0
41280,688.000,hotpatch_first,0
41310,688.500,hotpatch_first,0
41340,689.000,hotpatch_first,0
41370,689.500,hotpatch_first,0
41400,690.000,hotpatch_first,0
41430,690.500,hotpatch_first,0
41460,691.000,hotpatch_first,0
41490,691.500,hotpatch_first,0
41520,692.000,hotpatch_first,0
41550,692.500,hotpatch_first,0
41580,693.000,hotpatch_first,0
41610,693.500,hotpatch_first,0
41640,694.000,hotpatch_first,0
41670,694.500,hotpatch_first,0
41700,695.000,hotpatch_first,0
41730,695.500,hotpatch_first,0
41760,696.000,hotpatch_first,0
41790,696.500,hotpatch_first,0
41820,697.000,hotpatch_first,0
41850,697.500,hotpatch_first,0
41880,698.000,hotpatch_first,0
41910,698.500,hotpatch_first,0
41940,699.000,hotpatch_first,0
41970,699.500,hotpatch_first,0
42000,700.000,hotpatch_first,0
42030,700.500,hotpatch_first,0
42060,701.000,hotpatch_first,0
42090,701.500,hotpatch_first,0
42120,702.000,hotpatch_first,0
42150,702.500,hotpatch_first,0
42180,703.000,hotpatch_first,0
42210,703.500,hotpatch_first,0
42240,704.000,hotpatch_first,0
42270,704.500,hotpatch_first,0
42300,705.000,hotpatch_first,0
42330,705.500,hotpatch_first,0
42360,706.000,hotpatch_first,0
42390,706.500,hotpatch_first,0
42420,707.000,hotpatch_first,0
42450,707.500,hotpatch_first,0
42480,708.000,hotpatch_first,0
42510,708.500,hotpatch_first,0
42540,709.000,hotpatch_first,0
42570,709.500,hotpatch_first,0
42600,710.000,hotpatch_first,0
42630,710.500,hotpatch_first,0
42660,711.000,hotpatch_first,0
42690,711.500,hotpatch_first,0
42720,712.000,hotpatch_first,0
42750,712.500,hotpatch_first,0
42780,713.000,hotpatch_first,0
42810,713.500,hotpatch_first,0
42840,714.000,hotpatch_first,0
42870,714.500,hotpatch_first,0
42900,715.000,hotpatch_first,0
42930,715.500,hotpatch_first,0
42960,716.000,hotpatch_first,0
42990,716.500,hotpatch_first,0
43020,717.000,hotpatch_first,0
43050,717.500,hotpatch_first,0
43080,718.000,hotpatch_first,0
43110,718.500,hotpatch_first,0
43140,719.000,hotpatch_first,0
43170,719.500,hotpatch_first,0
43200,720.000,hotpatch_first,0
43230,720.500,hotpatch_first,0
43260,721.000,hotpatch_first,0
43290,721.500,hotpatch_first,0
43320,722.000,hotpatch_first,0
43350,722.500,hotpatch_first,0
43380,723.000,hotpatch_first,0
43410,723.500,hotpatch_first,0
43440,724.000,hotpatch_first,0
43470,724.500,hotpatch_first,0
43500,725.000,hotpatch_first,0
43530,725.500,hotpatch_first,0
43560,726.000,hotpatch_first,0
43590,726.500,hotpatch_first,0
43620,727.000,hotpatch_first,0
43650,727.500,hotpatch_first,0
43680,728.000,hotpatch_first,0
43710,728.500,hotpatch_first,0
43740,729.000,hotpatch_first,0
43770,729.500,hotpatch_first,0
43800,730.000,hotpatch_first,0
43830,730.500,hotpatch_first,0
43860,731.000,hotpatch_first,0
43890,731.500,hotpatch_first,0
43920,732.000,hotpatch_first,0
43950,732.500,hotpatch_first,0
43980,733.000,hotpatch_first,0
44010,733.500,hotpatch_first,0
44040,734.000,hotpatch_first,0
44070,734.500,hotpatch_first,0
44100,735.000,hotpatch_first,0
44130,735.500,hotpatch_first,0
44160,736.000,hotpatch_first,0
44190,736.500,hotpatch_first,0
44220,737.000,hotpatch_first,0
44250,737.500,hotpatch_first,0
44280,738.000,hotpatch_first,0
44310,738.500,hotpatch_first,0
44340,739.000,hotpatch_first,0
44370,739.500,hotpatch_first,0
44400,740.000,hotpatch_first,0
44430,740.500,hotpatch_first,0
44460,741.000,hotpatch_first,0
44490,741.500,hotpatch_first,0
44520,742.000,hotpatch_first,0
44550,742.500,hotpatch_first,0
44580,743.000,hotpatch_first,0
44610,743.500,hotpatch_first,0
44640,744.000,hotpatch_first,0
44670,744.500,hotpatch_first,0
44700,745.000,hotpatch_first,0
44730,745.500,hotpatch_first,0
44760,746.000,hotpatch_first,0
44790,746.500,hotpatch_first,0
44820,747.000,hotpatch_first,0
44850,747.500,hotpatch_first,0
44880,748.000,hotpatch_first,0
44910,748.500,hotpatch_first,0
44940,749.000,hotpatch_first,0
44970,749.500,hotpatch_first,0
45000,750.000,hotpatch_first,0
45030,750.500,hotpatch_first,0
45060,751.000,hotpatch_first,0
45090,751.500,hotpatch_first,0
45120,752.000,hotpatch_first,0
45150,752.500,hotpatch_first,0
45180,753.000,hotpatch_first,0
45210,753.500,hotpatch_first,0
45240,754.000,hotpatch_first,0
45270,754.500,hotpatch_first,0
45300,755.000,hotpatch_first,0
45330,755.500,hotpatch_first,0
45360,756.000,hotpatch_first,0
45390,756.500,hotpatch_first,0
45420,757.000,hotpatch_first,0
45450,757.500,hotpatch_first,0
45480,758.000,hotpatch_first,0
45510,758.500,hotpatch_first,0
45540,759.000,hotpatch_first,0
45570,759.500,hotpatch_first,0
45600,760.000,hotpatch_first,0
45630,760.500,hotpatch_first,0
45660,761.000,hotpatch_first,0
45690,761.500,hotpatch_first,0
45720,762.000,hotpatch_first,0
45750,762.500,hotpatch_first,0
45780,763.000,hotpatch_first,0
45810,763.500,hotpatch_first,0
45840,764.000,hotpatch_first,0
45870,764.500,hotpatch_first,0
45900,765.000,hotpatch_first,0
45930,765.500,hotpatch_first,0
45960,766.000,hotpatch_first,0
45990,766.500,hotpatch_first,0
46020,767.000,hotpatch_first,0
46050,767.500,hotpatch_first,0
46080,768.000,hotpatch_first,0
46110,768.500,hotpatch_first,0
46140,769.000,hotpatch_first,0
46170,769.500,hotpatch_first,0
46200,770.000,hotpatch_first,0
46230,770.500,hotpatch_first,0
46260,771.000,hotpatch_first,0
46290,771.500,hotpatch_first,0
46320,772.000,hotpatch_first,0
46350,772.500,hotpatch_first,0
46380,773.000,hotpatch_first,0
46410,773.500,hotpatch_first,0
46440,774.000,hotpatch_first,0
46470,774.500,hotpatch_first,0
46500,775.000,hotpatch_first,0
46530,775.500,hotpatch_first,0
46560,776.000,hotpatch_first,0
46590,776.500,hotpatch_first,0
46620,777.000,hotpatch_first,0
46650,777.500,hotpatch_first,0
46680,778.000,hotpatch_first,0
46710,778.500,hotpatch_first,0
46740,779.000,hotpatch_first,0
46770,779.500,hotpatch_first,0
46800,780.000,hotpatch_first,0
46830,780.500,hotpatch_first,0
46860,781.000,hotpatch_first,0
46890,781.500,hotpatch_first,0
46920,782.000,hotpatch_first,0
46950,782.500,hotpatch_first,0
46980,783.000,hotpatch_first,0
47010,783.500,hotpatch_first,0
47040,784.000,hotpatch_first,0
47070,784.500,hotpatch_first,0
47100,785.000,hotpatch_first,0
47130,785.500,hotpatch_first,0
47160,786.000,hotpatch_first,0
47190,786.500,hotpatch_first,0
47220,787.000,hotpatch_first,0
47250,787.500,hotpatch_first,0
47280,788.000,hotpatch_first,0
47310,788.500,hotpatch_first,0
47340,789.000,hotpatch_first,0
47370,789.500,hotpatch_first,0
47400,790.000,hotpatch_first,0
47430,790.500,hotpatch_first,0
47460,791.000,hotpatch_first,0
47490,791.500,hotpatch_first,0
47520,792.000,hotpatch_first,0
47550,792.500,hotpatch_first,0
47580,793.000,hotpatch_first,0
47610,793.500,hotpatch_first,0
47640,794.000,hotpatch_first,0
47670,794.500,hotpatch_first,0
47700,795.000,hotpatch_first,0
47730,795.500,hotpatch_first,0
47760,796.000,hotpatch_first,0
47790,796.500,hotpatch_first,0
47820,797.000,hotpatch_first,0
47850,797.500,hotpatch_first,0
47880,798.000,hotpatch_first,0
47910,798.500,hotpatch_first,0
47940,799.000,hotpatch_first,0
47970,799.500,hotpatch_first,0
48000,800.000,hotpatch_first,0
48030,800.500,hotpatch_first,0
48060,801.000,hotpatch_first,0
48090,801.500,hotpatch_first,0
48120,802.000,hotpatch_first,0
48150,802.500,hotpatch_first,0
48180,803.000,hotpatch_first,0
48210,803.500,hotpatch_first,0
48240,804.000,hotpatch_first,0
48270,804.500,hotpatch_first,0
48300,805.000,hotpatch_first,0
48330,805.500,hotpatch_first,0
48360,806.000,hotpatch_first,0
48390,806.500,hotpatch_first,0
48420,807.000,hotpatch_first,0
48450,807.500,hotpatch_first,0
48480,808.000,hotpatch_first,0
48510,808.500,hotpatch_first,0
48540,809.000,hotpatch_first,0
48570,809.500,hotpatch_first,0
48600,810.000,hotpatch_first,0
48630,810.500,hotpatch_first,0
48660,811.000,hotpatch_first,0
48690,811.500,hotpatch_first,0
48720,812.000,hotpatch_first,0
48750,812.500,hotpatch_first,0
48780,813.000,hotpatch_first,0
48810,813.500,hotpatch_first,0
48840,814.000,hotpatch_first,0
48870,814.500,hotpatch_first,0
48900,815.000,hotpatch_first,0
48930,815.500,hotpatch_first,0
48960,816.000,hotpatch_first,0
48990,816.500,hotpatch_first,0
49020,817.000,hotpatch_first,0
49050,817.500,hotpatch_first,0
49080,818.000,hotpatch_first,0
49110,818.500,hotpatch_first,0
49140,819.000,hotpatch_first,0
49170,819.500,hotpatch_first,0
49200,820.000,hotpatch_first,0
49230,820.500,hotpatch_first,0
49260,821.000,hotpatch_first,0
49290,821.500,hotpatch_first,0
49320,822.000,hotpatch_first,0
49350,822.500,hotpatch_first,0
49380,823.000,hotpatch_first,0
49410,823.500,hotpatch_first,0
49440,824.000,hotpatch_first,0
49470,824.500,hotpatch_first,0
49500,825.000,hotpatch_first,0
49530,825.500,hotpatch_first,0
49560,826.000,hotpatch_first,0
49590,826.500,hotpatch_first,0
49620,827.000,hotpatch_first,0
49650,827.500,hotpatch_first,0
49680,828.000,hotpatch_first,0
49710,828.500,hotpatch_first,0
49740,829.000,hotpatch_first,0
49770,829.500,hotpatch_first,0
49800,830.000,hotpatch_first,0
49830,830.500,hotpatch_first,0
49860,831.000,hotpatch_first,0
49890,831.500,hotpatch_first,0
49920,832.000,hotpatch_first,0
49950,832.500,hotpatch_first,0
49980,833.000,hotpatch_first,0
50010,833.500,hotpatch_first,0
50040,834.000,hotpatch_first,0
50070,834.500,hotpatch_first,0
50100,835.000,hotpatch_first,0
50130,835.500,hotpatch_first,0
50160,836.000,hotpatch_first,0
50190,836.500,hotpatch_first,0
50220,837.000,hotpatch_first,0
50250,837.500,hotpatch_first,0
50280,838.000,hotpatch_first,0
50310,838.500,hotpatch_first,0
50340,839.000,hotpatch_first,0
50370,839.500,hotpatch_first,0
50400,840.000,hotpatch_first,0
50430,840.500,hotpatch_first,0
50460,841.000,hotpatch_first,0
50490,841.500,hotpatch_first,0
50520,842.000,hotpatch_first,0
50550,842.500,hotpatch_first,0
50580,843.000,hotpatch_first,0
50610,843.500,hotpatch_first,0
50640,844.000,hotpatch_first,0
50670,844.500,hotpatch_first,0
50700,845.000,hotpatch_first,0
50730,845.500,hotpatch_first,0
50760,846.000,hotpatch_first,0
50790,846.500,hotpatch_first,0
50820,847.000,hotpatch_first,0
50850,847.500,hotpatch_first,0
50880,848.000,hotpatch_first,0
50910,848.500,hotpatch_first,0
50940,849.000,hotpatch_first,0
50970,849.500,hotpatch_first,0
51000,850.000,hotpatch_first,0
51030,850.500,hotpatch_first,0
51060,851.000,hotpatch_first,0
51090,851.500,hotpatch_first,0
51120,852.000,hotpatch_first,0
51150,852.500,hotpatch_first,0
51180,853.000,hotpatch_first,0
51210,853.500,hotpatch_first,0
51240,854.000,hotpatch_first,0
51270,854.500,hotpatch_first,0
51300,855.000,hotpatch_first,0
51330,855.500,hotpatch_first,0
51360,856.000,hotpatch_first,0
51390,856.500,hotpatch_first,0
51420,857.000,hotpatch_first,0
51450,857.500,hotpatch_first,0
51480,858.000,hotpatch_first,0
51510,858.500,hotpatch_first,0
51540,859.000,hotpatch_first,0
51570,859.500,hotpatch_first,0
51600,860.000,hotpatch_first,0
51630,860.500,hotpatch_first,0
51660,861.000,hotpatch_first,0
51690,861.500,hotpatch_first,0
51720,862.000,hotpatch_first,0
51750,862.500,hotpatch_first,0
51780,863.000,hotpatch_first,0
51810,863.500,hotpatch_first,0
51840,864.000,hotpatch_first,0
51870,864.500,hotpatch_first,0
51900,865.000,hotpatch_first,0
51930,865.500,hotpatch_first,0
51960,866.000,hotpatch_first,0
51990,866.500,hotpatch_first,0
52020,867.000,hotpatch_first,0
52050,867.500,hotpatch_first,0
52080,868.000,hotpatch_first,0
52110,868.500,hotpatch_first,0
52140,869.000,hotpatch_first,0
52170,869.500,hotpatch_first,0
52200,870.000,hotpatch_first,0
52230,870.500,hotpatch_first,0
52260,871.000,hotpatch_first,0
52290,871.500,hotpatch_first,0
52320,872.000,hotpatch_first,0
52350,872.500,hotpatch_first,0
52380,873.000,hotpatch_first,0
52410,873.500,hotpatch_first,0
52440,874.000,hotpatch_first,0
52470,874.500,hotpatch_first,0
52500,875.000,hotpatch_first,0
52530,875.500,hotpatch_first,0
52560,876.000,hotpatch_first,0
52590,876.500,hotpatch_first,0
52620,877.000,hotpatch_first,0
52650,877.500,hotpatch_first,0
52680,878.000,hotpatch_first,0
52710,878.500,hotpatch_first,0
52740,879.000,hotpatch_first,0
52770,879.500,hotpatch_first,0
52800,880.000,hotpatch_first,0
52830,880.500,hotpatch_first,0
52860,881.000,hotpatch_first,0
52890,881.500,hotpatch_first,0
52920,882.000,hotpatch_first,0
52950,882.500,hotpatch_first,0
52980,883.000,hotpatch_first,0
53010,883.500,hotpatch_first,0
53040,884.000,hotpatch_first,0
53070,884.500,hotpatch_first,0
53100,885.000,hotpatch_first,0
53130,885.500,hotpatch_first,0
53160,886.000,hotpatch_first,0
53190,886.500,hotpatch_first,0
53220,887.000,hotpatch_first,0
53250,887.500,hotpatch_first,0
53280,888.000,hotpatch_first,0
53310,888.500,hotpatch_first,0
53340,889.000,hotpatch_first,0
53370,889.500,hotpatch_first,0
53400,890.000,hotpatch_first,0
53430,890.500,hotpatch_first,0
53460,891.000,hotpatch_first,0
53490,891.500,hotpatch_first,0
53520,892.000,hotpatch_first,0
53550,892.500,hotpatch_first,0
53580,893.000,hotpatch_first,0
53610,893.500,hotpatch_first,0
53640,894.000,hotpatch_first,0
53670,894.500,hotpatch_first,0
53700,895.000,hotpatch_first,0
53730,895.500,hotpatch_first,0
53760,896.000,hotpatch_first,0
53790,896.500,hotpatch_first,0
53820,897.000,hotpatch_first,0
53850,897.500,hotpatch_first,0
53880,898.000,hotpatch_first,0
53910,898.500,hotpatch_first,0
53940,899.000,hotpatch_first,0
53970,899.500,hotpatch_first,0
54000,900.000,hotpatch_first,0
54030,900.500,hotpatch_first,0
54060,901.000,hotpatch_first,0
54090,901.500,hotpatch_first,0
54120,902.000,hotpatch_first,0
54150,902.500,hotpatch_first,0
54180,903.000,hotpatch_first,0
54210,903.500,hotpatch_first,0
54240,904.000,hotpatch_first,0
54270,904.500,hotpatch_first,0
54300,905.000,hotpatch_first,0
54330,905.500,hotpatch_first,0
54360,906.000,hotpatch_first,0
54390,906.500,hotpatch_first,0
54420,907.000,hotpatch_first,0
54450,907.500,hotpatch_first,0
54480,908.000,hotpatch_first,0
54510,908.500,hotpatch_first,0
54540,909.000,hotpatch_first,0
54570,909.500,hotpatch_first,0
54600,910.000,hotpatch_first,0
54630,910.500,hotpatch_first,0
54660,911.000,hotpatch_first,0
54690,911.500,hotpatch_first,0
54720,912.000,hotpatch_first,0
54750,912.500,hotpatch_first,0
54780,913.000,hotpatch_first,0
54810,913.500,hotpatch_first,0
54840,914.000,hotpatch_first,0
54870,914.500,hotpatch_first,0
54900,915.000,hotpatch_first,0
54930,915.500,hotpatch_first,0
54960,916.000,hotpatch_first,0
54990,916.500,hotpatch_first,0
55020,917.000,hotpatch_first,0
55050,917.500,hotpatch_first,0
55080,918.000,hotpatch_first,0
55110,918.500,hotpatch_first,0
55140,919.000,hotpatch_first,0
55170,919.500,hotpatch_first,0
55200,920.000,hotpatch_first,0
55230,920.500,hotpatch_first,0
55260,921.000,hotpatch_first,0
55290,921.500,hotpatch_first,0
55320,922.000,hotpatch_first,0
55350,922.500,hotpatch_first,0
55380,923.000,hotpatch_first,0
55410,923.500,hotpatch_first,0
55440,924.000,hotpatch_first,0
55470,924.500,hotpatch_first,0
55500,925.000,hotpatch_first,0
55530,925.500,hotpatch_first,0
55560,926.000,hotpatch_first,0
55590,926.500,hotpatch_first,0
55620,927.000,hotpatch_first,0
55650,927.500,hotpatch_first,0
55680,928.000,hotpatch_first,0
55710,928.500,hotpatch_first,0
55740,929.000,hotpatch_first,0
55770,929.500,hotpatch_first,0
55800,930.000,hotpatch_first,0
55830,930.500,hotpatch_first,0
55860,931.000,hotpatch_first,0
55890,931.500,hotpatch_first,0
55920,932.000,hotpatch_first,0
55950,932.500,hotpatch_first,0
55980,933.000,hotpatch_first,0
56010,933.500,hotpatch_first,0
56040,934.000,hotpatch_first,0
56070,934.500,hotpatch_first,0
56100,935.000,hotpatch_first,0
56130,935.500,hotpatch_first,0
56160,936.000,hotpatch_first,0
56190,936.500,hotpatch_first,0
56220,937.000,hotpatch_first,0
56250,937.500,hotpatch_first,0
56280,938.000,hotpatch_first,0
56310,938.500,hotpatch_first,0
56340,939.000,hotpatch_first,0
56370,939.500,hotpatch_first,0
56400,940.000,hotpatch_first,0
56430,940.500,hotpatch_first,0
56460,941.000,hotpatch_first,0
56490,941.500,hotpatch_first,0
56520,942.000,hotpatch_first,0
56550,942.500,hotpatch_first,0
56580,943.000,hotpatch_first,0
56610,943.500,hotpatch_first,0
56640,944.000,hotpatch_first,0
56670,944.500,hotpatch_first,0
56700,945.000,hotpatch_first,0
56730,945.500,hotpatch_first,0
56760,946.000,hotpatch_first,0
56790,946.500,hotpatch_first,0
56820,947.000,hotpatch_first,0
56850,947.500,hotpatch_first,0
56880,948.000,hotpatch_first,0
56910,948.500,hotpatch_first,0
56940,949.000,hotpatch_first,0
56970,949.500,hotpatch_first,0
57000,950.000,hotpatch_first,0
57030,950.500,hotpatch_first,0
57060,951.000,hotpatch_first,0
57090,951.500,hotpatch_first,0
57120,952.000,hotpatch_first,0
57150,952.500,hotpatch_first,0
57180,953.000,hotpatch_first,0
57210,953.500,hotpatch_first,0
57240,954.000,hotpatch_first,0
57270,954.500,hotpatch_first,0
57300,955.000,hotpatch_first,0
57330,955.500,hotpatch_first,0
57360,956.000,hotpatch_first,0
57390,956.500,hotpatch_first,0
57420,957.000,hotpatch_first,0
57450,957.500,hotpatch_first,0
57480,958.000,hotpatch_first,0
57510,958.500,hotpatch_first,0
57540,959.000,hotpatch_first,0
57570,959.500,hotpatch_first,0
57600,960.000,hotpatch_first,0
57630,960.500,hotpatch_first,0
57660,961.000,hotpatch_first,0
57690,961.500,hotpatch_first,0
57720,962.000,hotpatch_first,0
57750,962.500,hotpatch_first,0
57780,963.000,hotpatch_first,0
57810,963.500,hotpatch_first,0
57840,964.000,hotpatch_first,0
57870,964.500,hotpatch_first,0
57900,965.000,hotpatch_first,0
57930,965.500,hotpatch_first,0
57960,966.000,hotpatch_first,0
57990,966.500,hotpatch_first,0
58020,967.000,hotpatch_first,0
58050,967.500,hotpatch_first,0
58080,968.000,hotpatch_first,0
58110,968.500,hotpatch_first,0
58140,969.000,hotpatch_first,0
58170,969.500,hotpatch_first,0
58200,970.000,hotpatch_first,0
58230,970.500,hotpatch_first,0
58260,971.000,hotpatch_first,0
58290,971.500,hotpatch_first,0
58320,972.000,hotpatch_first,0
58350,972.500,hotpatch_first,0
58380,973.000,hotpatch_first,0
58410,973.500,hotpatch_first,0
58440,974.000,hotpatch_first,0
58470,974.500,hotpatch_first,0
58500,975.000,hotpatch_first,0
58530,975.500,hotpatch_first,0
58560,976.000,hotpatch_first,0
58590,976.500,hotpatch_first,0
58620,977.000,hotpatch_first,0
58650,977.500,hotpatch_first,0
58680,978.000,hotpatch_first,0
58710,978.500,hotpatch_first,0
58740,979.000,hotpatch_first,0
58770,979.500,hotpatch_first,0
58800,980.000,hotpatch_first,0
58830,980.500,hotpatch_first,0
58860,981.000,hotpatch_first,0
58890,981.500,hotpatch_first,0
58920,982.000,hotpatch_first,0
58950,982.500,hotpatch_first,0
58980,983.000,hotpatch_first,0
59010,983.500,hotpatch_first,0
59040,984.000,hotpatch_first,0
59070,984.500,hotpatch_first,0
59100,985.000,hotpatch_first,0
59130,985.500,hotpatch_first,0
59160,986.000,hotpatch_first,0
59190,986.500,hotpatch_first,0
59220,987.000,hotpatch_first,0
59250,987.500,hotpatch_first,0
59280,988.000,hotpatch_first,0
59310,988.500,hotpatch_first,0
59340,989.000,hotpatch_first,0
59370,989.500,hotpatch_first,0
59400,990.000,hotpatch_first,0
59430,990.500,hotpatch_first,0
59460,991.000,hotpatch_first,0
59490,991.500,hotpatch_first,0
59520,992.000,hotpatch_first,0
59550,992.500,hotpatch_first,0
59580,993.000,hotpatch_first,0
59610,993.500,hotpatch_first,0
59640,994.000,hotpatch_first,0
59670,994.500,hotpatch_first,0
59700,995.000,hotpatch_first,0
59730,995.500,hotpatch_first,0
59760,996.000,hotpatch_first,0
59790,996.500,hotpatch_first,0
59820,997.000,hotpatch_first,0
59850,997.500,hotpatch_first,0
59880,998.000,hotpatch_first,0
59910,998.500,hotpatch_first,0
59940,999.000,hotpatch_first,0
59970,999.500,hotpatch_first,0
60000,1000.000,hotpatch_first,0
60030,1000.500,hotpatch_first,0
60060,1001.000,hotpatch_first,0
60090,1001.500,hotpatch_first,0
60120,1002.000,hotpatch_first,0
60150,1002.500,hotpatch_first,0
60180,1003.000,hotpatch_first,0
60210,1003.500,hotpatch_first,0
60240,1004.000,hotpatch_first,0
60270,1004.500,hotpatch_first,0
60300,1005.000,hotpatch_first,0
60330,1005.500,hotpatch_first,0
60360,1006.000,hotpatch_first,0
60390,1006.500,hotpatch_first,0
60420,1007.000,hotpatch_first,0
60450,1007.500,hotpatch_first,0
60480,1008.000,hotpatch_first,0
60510,1008.500,hotpatch_first,0
60540,1009.000,hotpatch_first,0
60570,1009.500,hotpatch_first,0
60600,1010.000,hotpatch_first,0
60630,1010.500,hotpatch_first,0
60660,1011.000,hotpatch_first,0
60690,1011.500,hotpatch_first,0
60720,1012.000,hotpatch_first,0
60750,1012.500,hotpatch_first,0
60780,1013.000,hotpatch_first,0
60810,1013.500,hotpatch_first,0
60840,1014.000,hotpatch_first,0
60870,1014.500,hotpatch_first,0
60900,1015.000,hotpatch_first,0
60930,1015.500,hotpatch_first,0
60960,1016.000,hotpatch_first,0
60990,1016.500,hotpatch_first,0
61020,1017.000,hotpatch_first,0
61050,1017.500,hotpatch_first,0
61080,1018.000,hotpatch_first,0
61110,1018.500,hotpatch_first,0
61140,1019.000,hotpatch_first,0
61170,1019.500,hotpatch_first,0
61200,1020.000,hotpatch_first,0
61230,1020.500,hotpatch_first,0
61260,1021.000,hotpatch_first,0
61290,1021.500,hotpatch_first,0
61320,1022.000,hotpatch_first,0
61350,1022.500,hotpatch_first,0
61380,1023.000,hotpatch_first,0
61410,1023.500,hotpatch_first,0
61440,1024.000,hotpatch_first,0
61470,1024.500,hotpatch_first,0
61500,1025.000,hotpatch_first,0
61530,1025.500,hotpatch_first,0
61560,1026.000,hotpatch_first,0
61590,1026.500,hotpatch_first,0
61620,1027.000,hotpatch_first,0
61650,1027.500,hotpatch_first,0
61680,1028.000,hotpatch_first,0
61710,1028.500,hotpatch_first,0
61740,1029.000,hotpatch_first,0
61770,1029.500,hotpatch_first,0
61800,1030.000,hotpatch_first,0
61830,1030.500,hotpatch_first,0
61860,1031.000,hotpatch_first,0
61890,1031.500,hotpatch_first,0
61920,1032.000,hotpatch_first,0
61950,1032.500,hotpatch_first,0
61980,1033.000,hotpatch_first,0
62010,1033.500,hotpatch_first,0
62040,1034.000,hotpatch_first,0
62070,1034.500,hotpatch_first,0
62100,1035.000,hotpatch_first,0
62130,1035.500,hotpatch_first,0
62160,1036.000,hotpatch_first,0
62190,1036.500,hotpatch_first,0
62220,1037.000,hotpatch_first,0
62250,1037.500,hotpatch_first,0
62280,1038.000,hotpatch_first,0
62310,1038.500,hotpatch_first,0
62340,1039.000,hotpatch_first,0
62370,1039.500,hotpatch_first,0
62400,1040.000,hotpatch_first,0
62430,1040.500,hotpatch_first,0
62460,1041.000,hotpatch_first,0
62490,1041.500,hotpatch_first,0
62520,1042.000,hotpatch_first,0
62550,1042.500,hotpatch_first,0
62580,1043.000,hotpatch_first,0
62610,1043.500,hotpatch_first,0
62640,1044.000,hotpatch_first,0
62670,1044.500,hotpatch_first,0
62700,1045.000,hotpatch_first,0
62730,1045.500,hotpatch_first,0
62760,1046.000,hotpatch_first,0
62790,1046.500,hotpatch_first,0
62820,1047.000,hotpatch_first,0
62850,1047.500,hotpatch_first,0
62880,1048.000,hotpatch_first,0
62910,1048.500,hotpatch_first,0
62940,1049.000,hotpatch_first,0
62970,1049.500,hotpatch_first,0
63000,1050.000,hotpatch_first,0
63030,1050.500,hotpatch_first,0
63060,1051.000,hotpatch_first,0
63090,1051.500,hotpatch_first,0
63120,1052.000,hotpatch_first,0
63150,1052.500,hotpatch_first,0
63180,1053.000,hotpatch_first,0
63210,1053.500,hotpatch_first,0
63240,1054.000,hotpatch_first,0
63270,1054.500,hotpatch_first,0
63300,1055.000,hotpatch_first,0
63330,1055.500,hotpatch_first,0
63360,1056.000,hotpatch_first,0
63390,1056.500,hotpatch_first,0
63420,1057.000,hotpatch_first,0
63450,1057.500,hotpatch_first,0
63480,1058.000,hotpatch_first,0
63510,1058.500,hotpatch_first,0
63540,1059.000,hotpatch_first,0
63570,1059.500,hotpatch_first,0
63600,1060.000,hotpatch_first,0
63630,1060.500,hotpatch_first,0
63660,1061.000,hotpatch_first,0
63690,1061.500,hotpatch_first,0
63720,1062.000,hotpatch_first,0
63750,1062.500,hotpatch_first,0
63780,1063.000,hotpatch_first,0
63810,1063.500,hotpatch_first,0
63840,1064.000,hotpatch_first,0
63870,1064.500,hotpatch_first,0
63900,1065.000,hotpatch_first,0
63930,1065.500,hotpatch_first,0
63960,1066.000,hotpatch_first,0
63990,1066.500,hotpatch_first,0
64020,1067.000,hotpatch_first,0
64050,1067.500,hotpatch_first,0
64080,1068.000,hotpatch_first,0
64110,1068.500,hotpatch_first,0
64140,1069.000,hotpatch_first,0
64170,1069.500,hotpatch_first,0
64200,1070.000,hotpatch_first,0
64230,1070.500,hotpatch_first,0
64260,1071.000,hotpatch_first,0
64290,1071.500,hotpatch_first,0
64320,1072.000,hotpatch_first,0
64350,1072.500,hotpatch_first,0
64380,1073.000,hotpatch_first,0
64410,1073.500,hotpatch_first,0
64440,1074.000,hotpatch_first,0
64470,1074.500,hotpatch_first,0
64500,1075.000,hotpatch_first,0
64530,1075.500,hotpatch_first,0
64560,1076.000,hotpatch_first,0
64590,1076.500,hotpatch_first,0
64620,1077.000,hotpatch_first,0
64650,1077.500,hotpatch_first,0
64680,1078.000,hotpatch_first,0
64710,1078.500,hotpatch_first,0
64740,1079.000,hotpatch_first,0
64770,1079.500,hotpatch_first,0
64800,1080.000,hotpatch_first,0
64830,1080.500,hotpatch_first,0
64860,1081.000,hotpatch_first,0
64890,1081.500,hotpatch_first,0
64920,1082.000,hotpatch_first,0
64950,1082.500,hotpatch_first,0
64980,1083.000,hotpatch_first,0
65010,1083.500,hotpatch_first,0
65040,1084.000,hotpatch_first,0
65070,1084.500,hotpatch_first,0
65100,1085.000,hotpatch_first,0
65130,1085.500,hotpatch_first,0
65160,1086.000,hotpatch_first,0
65190,1086.500,hotpatch_first,0
65220,1087.000,hotpatch_first,0
65250,1087.500,hotpatch_first,0
65280,1088.000,hotpatch_first,0
65310,1088.500,hotpatch_first,0
65340,1089.000,hotpatch_first,0
65370,1089.500,hotpatch_first,0
65400,1090.000,hotpatch_first,0
65430,1090.500,hotpatch_first,0
65460,1091.000,hotpatch_first,0
65490,1091.500,hotpatch_first,0
65520,1092.000,hotpatch_first,0
65550,1092.500,hotpatch_first,0
65580,1093.000,hotpatch_first,0
65610,1093.500,hotpatch_first,0
65640,1094.000,hotpatch_first,0
65670,1094.500,hotpatch_first,0
65700,1095.000,hotpatch_first,0
65730,1095.500,hotpatch_first,0
65760,1096.000,hotpatch_first,0
65790,1096.500,hotpatch_first,0
65820,1097.000,hotpatch_first,0
65850,1097.500,hotpatch_first,0
65880,1098.000,hotpatch_first,0
65910,1098.500,hotpatch_first,0
65940,1099.000,hotpatch_first,0
65970,1099.500,hotpatch_first,0
66000,1100.000,hotpatch_first,0
66030,1100.500,hotpatch_first,0
66060,1101.000,hotpatch_first,0
66090,1101.500,hotpatch_first,0
66120,1102.000,hotpatch_first,0
66150,1102.500,hotpatch_first,0
66180,1103.000,hotpatch_first,0
66210,1103.500,hotpatch_first,0
66240,1104.000,hotpatch_first,0
66270,1104.500,hotpatch_first,0
66300,1105.000,hotpatch_first,0
66330,1105.500,hotpatch_first,0
66360,1106.000,hotpatch_first,0
66390,1106.500,hotpatch_first,0
66420,1107.000,hotpatch_first,0
66450,1107.500,hotpatch_first,0
66480,1108.000,hotpatch_first,0
66510,1108.500,hotpatch_first,0
66540,1109.000,hotpatch_first,0
66570,1109.500,hotpatch_first,0
66600,1110.000,hotpatch_first,0
66630,1110.500,hotpatch_first,0
66660,1111.000,hotpatch_first,0
66690,1111.500,hotpatch_first,0
66720,1112.000,hotpatch_first,0
66750,1112.500,hotpatch_first,0
66780,1113.000,hotpatch_first,0
66810,1113.500,hotpatch_first,0
66840,1114.000,hotpatch_first,0
66870,1114.500,hotpatch_first,0
66900,1115.000,hotpatch_first,0
66930,1115.500,hotpatch_first,0
66960,1116.000,hotpatch_first,0
66990,1116.500,hotpatch_first,0
67020,1117.000,hotpatch_first,0
67050,1117.500,hotpatch_first,0
67080,1118.000,hotpatch_first,0
67110,1118.500,hotpatch_first,0
67140,1119.000,hotpatch_first,0
67170,1119.500,hotpatch_first,0
67200,1120.000,hotpatch_first,0
67230,1120.500,hotpatch_first,0
67260,1121.000,hotpatch_first,0
67290,1121.500,hotpatch_first,0
67320,1122.000,hotpatch_first,0
67350,1122.500,hotpatch_first,0
67380,1123.000,hotpatch_first,0
67410,1123.500,hotpatch_first,0
67440,1124.000,hotpatch_first,0
67470,1124.500,hotpatch_first,0
67500,1125.000,hotpatch_first,0
67530,1125.500,hotpatch_first,0
67560,1126.000,hotpatch_first,0
67590,1126.500,hotpatch_first,0
67620,1127.000,hotpatch_first,0
67650,1127.500,hotpatch_first,0
67680,1128.000,hotpatch_first,0
67710,1128.500,hotpatch_first,0
67740,1129.000,hotpatch_first,0
67770,1129.500,hotpatch_first,0
67800,1130.000,hotpatch_first,0
67830,1130.500,hotpatch_first,0
67860,1131.000,hotpatch_first,0
67890,1131.500,hotpatch_first,0
67920,1132.000,hotpatch_first,0
67950,1132.500,hotpatch_first,0
67980,1133.000,hotpatch_first,0
68010,1133.500,hotpatch_first,0
68040,1134.000,hotpatch_first,0
68070,1134.500,hotpatch_first,0
68100,1135.000,hotpatch_first,0
68130,1135.500,hotpatch_first,0
68160,1136.000,hotpatch_first,0
68190,1136.500,hotpatch_first,0
68220,1137.000,hotpatch_first,0
68250,1137.500,hotpatch_first,0
68280,1138.000,hotpatch_first,0
68310,1138.500,hotpatch_first,0
68340,1139.000,hotpatch_first,0
68370,1139.500,hotpatch_first,0
68400,1140.000,hotpatch_first,0
68430,1140.500,hotpatch_first,0
68460,1141.000,hotpatch_first,0
68490,1141.500,hotpatch_first,0
68520,1142.000,hotpatch_first,0
68550,1142.500,hotpatch_first,0
68580,1143.000,hotpatch_first,0
68610,1143.500,hotpatch_first,0
68640,1144.000,hotpatch_first,0
68670,1144.500,hotpatch_first,0
68700,1145.000,hotpatch_first,0
68730,1145.500,hotpatch_first,0
68760,1146.000,hotpatch_first,0
68790,1146.500,hotpatch_first,0
68820,1147.000,hotpatch_first,0
68850,1147.500,hotpatch_first,0
68880,1148.000,hotpatch_first,0
68910,1148.500,hotpatch_first,0
68940,1149.000,hotpatch_first,0
68970,1149.500,hotpatch_first,0
69000,1150.000,hotpatch_first,0
69030,1150.500,hotpatch_first,0
69060,1151.000,hotpatch_first,0
69090,1151.500,hotpatch_first,0
69120,1152.000,hotpatch_first,0
69150,1152.500,hotpatch_first,0
69180,1153.000,hotpatch_first,0
69210,1153.500,hotpatch_first,0
69240,1154.000,hotpatch_first,0
69270,1154.500,hotpatch_first,0
69300,1155.000,hotpatch_first,0
69330,1155.500,hotpatch_first,0
69360,1156.000,hotpatch_first,0
69390,1156.500,hotpatch_first,0
69420,1157.000,hotpatch_first,0
69450,1157.500,hotpatch_first,0
69480,1158.000,hotpatch_first,0
69510,1158.500,hotpatch_first,0
69540,1159.000,hotpatch_first,0
69570,1159.500,hotpatch_first,0
69600,1160.000,hotpatch_first,0
69630,1160.500,hotpatch_first,0
69660,1161.000,hotpatch_first,0
69690,1161.500,hotpatch_first,0
69720,1162.000,hotpatch_first,0
69750,1162.500,hotpatch_first,0
69780,1163.000,hotpatch_first,0
69810,1163.500,hotpatch_first,0
69840,1164.000,hotpatch_first,0
69870,1164.500,hotpatch_first,0
69900,1165.000,hotpatch_first,0
69930,1165.500,hotpatch_first,0
69960,1166.000,hotpatch_first,0
69990,1166.500,hotpatch_first,0
70020,1167.000,hotpatch_first,0
70050,1167.500,hotpatch_first,0
70080,1168.000,hotpatch_first,0
70110,1168.500,hotpatch_first,0
70140,1169.000,hotpatch_first,0
70170,1169.500,hotpatch_first,0
70200,1170.000,hotpatch_first,0
70230,1170.500,hotpatch_first,0
70260,1171.000,hotpatch_first,0
70290,1171.500,hotpatch_first,0
70320,1172.000,hotpatch_first,0
70350,1172.500,hotpatch_first,0
70380,1173.000,hotpatch_first,0
70410,1173.500,hotpatch_first,0
70440,1174.000,hotpatch_first,0
70470,1174.500,hotpatch_first,0
70500,1175.000,hotpatch_first,0
70530,1175.500,hotpatch_first,0
70560,1176.000,hotpatch_first,0
70590,1176.500,hotpatch_first,0
70620,1177.000,hotpatch_first,0
70650,1177.500,hotpatch_first,0
70680,1178.000,hotpatch_first,0
70710,1178.500,hotpatch_first,0
70740,1179.000,hotpatch_first,0
70770,1179.500,hotpatch_first,0
70800,1180.000,hotpatch_first,0
70830,1180.500,hotpatch_first,0
70860,1181.000,hotpatch_first,0
70890,1181.500,hotpatch_first,0
70920,1182.000,hotpatch_first,0
70950,1182.500,hotpatch_first,0
70980,1183.000,hotpatch_first,0
71010,1183.500,hotpatch_first,0
71040,1184.000,hotpatch_first,0
71070,1184.500,hotpatch_first,0
71100,1185.000,hotpatch_first,0
71130,1185.500,hotpatch_first,0
71160,1186.000,hotpatch_first,0
71190,1186.500,hotpatch_first,0
71220,1187.000,hotpatch_first,0
71250,1187.500,hotpatch_first,0
71280,1188.000,hotpatch_first,0
71310,1188.500,hotpatch_first,0
71340,1189.000,hotpatch_first,0
71370,1189.500,hotpatch_first,0
71400,1190.000,hotpatch_first,0
71430,1190.500,hotpatch_first,0
71460,1191.000,hotpatch_first,0
71490,1191.500,hotpatch_first,0
71520,1192.000,hotpatch_first,0
71550,1192.500,hotpatch_first,0
71580,1193.000,hotpatch_first,0
71610,1193.500,hotpatch_first,0
71640,1194.000,hotpatch_first,0
71670,1194.500,hotpatch_first,0
71700,1195.000,hotpatch_first,0
71730,1195.500,hotpatch_first,0
71760,1196.000,hotpatch_first,0
71790,1196.500,hotpatch_first,0
71820,1197.000,hotpatch_first,0
71850,1197.500,hotpatch_first,0
71880,1198.000,hotpatch_first,0
71910,1198.500,hotpatch_first,0
71940,1199.000,hotpatch_first,0
71970,1199.500,hotpatch_first,0
72000,1200.000,hotpatch_first,0
72030,1200.500,hotpatch_first,0
72060,1201.000,hotpatch_first,0
72090,1201.500,hotpatch_first,0
72120,1202.000,hotpatch_first,0
72150,1202.500,hotpatch_first,0
72180,1203.000,hotpatch_first,0
72210,1203.500,hotpatch_first,0
72240,1204.000,hotpatch_first,0
72270,1204.500,hotpatch_first,0
72300,1205.000,hotpatch_first,0
72330,1205.500,hotpatch_first,0
72360,1206.000,hotpatch_first,0
72390,1206.500,hotpatch_first,0
72420,1207.000,hotpatch_first,0
72450,1207.500,hotpatch_first,0
72480,1208.000,hotpatch_first,0
72510,1208.500,hotpatch_first,0
72540,1209.000,hotpatch_first,0
72570,1209.500,hotpatch_first,0
72600,1210.000,hotpatch_first,0
72630,1210.500,hotpatch_first,0
72660,1211.000,hotpatch_first,0
72690,1211.500,hotpatch_first,0
72720,1212.000,hotpatch_first,0
72750,1212.500,hotpatch_first,0
72780,1213.000,hotpatch_first,0
72810,1213.500,hotpatch_first,0
72840,1214.000,hotpatch_first,0
72870,1214.500,hotpatch_first,0
72900,1215.000,hotpatch_first,0
72930,1215.500,hotpatch_first,0
72960,1216.000,hotpatch_first,0
72990,1216.500,hotpatch_first,0
73020,1217.000,hotpatch_first,0
73050,1217.500,hotpatch_first,0
73080,1218.000,hotpatch_first,0
73110,1218.500,hotpatch_first,0
73140,1219.000,hotpatch_first,0
73170,1219.500,hotpatch_first,0
73200,1220.000,hotpatch_first,0
73230,1220.500,hotpatch_first,0
73260,1221.000,hotpatch_first,0
73290,1221.500,hotpatch_first,0
73320,1222.000,hotpatch_first,0
73350,1222.500,hotpatch_first,0
73380,1223.000,hotpatch_first,0
73410,1223.500,hotpatch_first,0
73440,1224.000,hotpatch_first,0
73470,1224.500,hotpatch_first,0
73500,1225.000,hotpatch_first,0
73530,1225.500,hotpatch_first,0
73560,1226.000,hotpatch_first,0
73590,1226.500,hotpatch_first,0
73620,1227.000,hotpatch_first,0
73650,1227.500,hotpatch_first,0
73680,1228.000,hotpatch_first,0
73710,1228.500,hotpatch_first,0
73740,1229.000,hotpatch_first,0
73770,1229.500,hotpatch_first,0
73800,1230.000,hotpatch_first,0
73830,1230.500,hotpatch_first,0
73860,1231.000,hotpatch_first,0
73890,1231.500,hotpatch_first,0
73920,1232.000,hotpatch_first,0
73950,1232.500,hotpatch_first,0
73980,1233.000,hotpatch_first,0
74010,1233.500,hotpatch_first,0
74040,1234.000,hotpatch_first,0
74070,1234.500,hotpatch_first,0
74100,1235.000,hotpatch_first,0
74130,1235.500,hotpatch_first,0
74160,1236.000,hotpatch_first,0
74190,1236.500,hotpatch_first,0
74220,1237.000,hotpatch_first,0
74250,1237.500,hotpatch_first,0
74280,1238.000,hotpatch_first,0
74310,1238.500,hotpatch_first,0
74340,1239.000,hotpatch_first,0
74370,1239.500,hotpatch_first,0
74400,1240.000,hotpatch_first,0
74430,1240.500,hotpatch_first,0
74460,1241.000,hotpatch_first,0
74490,1241.500,hotpatch_first,0
74520,1242.000,hotpatch_first,0
74550,1242.500,hotpatch_first,0
74580,1243.000,hotpatch_first,0
74610,1243.500,hotpatch_first,0
74640,1244.000,hotpatch_first,0
74670,1244.500,hotpatch_first,0
74700,1245.000,hotpatch_first,0
74730,1245.500,hotpatch_first,0
74760,1246.000,hotpatch_first,0
74790,1246.500,hotpatch_first,0
74820,1247.000,hotpatch_first,0
74850,1247.500,hotpatch_first,0
74880,1248.000,hotpatch_first,0
74910,1248.500,hotpatch_first,0
74940,1249.000,hotpatch_first,0
74970,1249.500,hotpatch_first,0
75000,1250.000,hotpatch_first,0
75030,1250.500,hotpatch_first,0
75060,1251.000,hotpatch_first,0
75090,1251.500,hotpatch_first,0
75120,1252.000,hotpatch_first,0
75150,1252.500,hotpatch_first,0
75180,1253.000,hotpatch_first,0
75210,1253.500,hotpatch_first,0
75240,1254.000,hotpatch_first,0
75270,1254.500,hotpatch_first,0
75300,1255.000,hotpatch_first,0
75330,1255.500,hotpatch_first,0
75360,1256.000,hotpatch_first,0
75390,1256.500,hotpatch_first,0
75420,1257.000,hotpatch_first,0
75450,1257.500,hotpatch_first,0
75480,1258.000,hotpatch_first,0
75510,1258.500,hotpatch_first,0
75540,1259.000,hotpatch_first,0
75570,1259.500,hotpatch_first,0
75600,1260.000,hotpatch_first,0
75630,1260.500,hotpatch_first,0
75660,1261.000,hotpatch_first,0
75690,1261.500,hotpatch_first,0
75720,1262.000,hotpatch_first,0
75750,1262.500,hotpatch_first,0
75780,1263.000,hotpatch_first,0
75810,1263.500,hotpatch_first,0
75840,1264.000,hotpatch_first,0
75870,1264.500,hotpatch_first,0
75900,1265.000,hotpatch_first,0
75930,1265.500,hotpatch_first,0
75960,1266.000,hotpatch_first,0
75990,1266.500,hotpatch_first,0
76020,1267.000,hotpatch_first,0
76050,1267.500,hotpatch_first,0
76080,1268.000,hotpatch_first,0
76110,1268.500,hotpatch_first,0
76140,1269.000,hotpatch_first,0
76170,1269.500,hotpatch_first,0
76200,1270.000,hotpatch_first,0
76230,1270.500,hotpatch_first,0
76260,1271.000,hotpatch_first,0
76290,1271.500,hotpatch_first,0
76320,1272.000,hotpatch_first,0
76350,1272.500,hotpatch_first,0
76380,1273.000,hotpatch_first,0
76410,1273.500,hotpatch_first,0
76440,1274.000,hotpatch_first,0
76470,1274.500,hotpatch_first,0
76500,1275.000,hotpatch_first,0
76530,1275.500,hotpatch_first,0
76560,1276.000,hotpatch_first,0
76590,1276.500,hotpatch_first,0
76620,1277.000,hotpatch_first,0
76650,1277.500,hotpatch_first,0
76680,1278.000,hotpatch_first,0
76710,1278.500,hotpatch_first,0
76740,1279.000,hotpatch_first,0
76770,1279.500,hotpatch_first,0
76800,1280.000,hotpatch_first,0
76830,1280.500,hotpatch_first,0
76860,1281.000,hotpatch_first,0
76890,1281.500,hotpatch_first,0
76920,1282.000,hotpatch_first,0
76950,1282.500,hotpatch_first,0
76980,1283.000,hotpatch_first,0
77010,1283.500,hotpatch_first,0
77040,1284.000,hotpatch_first,0
77070,1284.500,hotpatch_first,0
77100,1285.000,hotpatch_first,0
77130,1285.500,hotpatch_first,0
77160,1286.000,hotpatch_first,0
77190,1286.500,hotpatch_first,0
77220,1287.000,hotpatch_first,0
77250,1287.500,hotpatch_first,0
77280,1288.000,hotpatch_first,0
77310,1288.500,hotpatch_first,0
77340,1289.000,hotpatch_first,0
77370,1289.500,hotpatch_first,0
77400,1290.000,hotpatch_first,0
77430,1290.500,hotpatch_first,0
77460,1291.000,hotpatch_first,0
77490,1291.500,hotpatch_first,0
77520,1292.000,hotpatch_first,0
77550,1292.500,hotpatch_first,0
77580,1293.000,hotpatch_first,0
77610,1293.500,hotpatch_first,0
77640,1294.000,hotpatch_first,0
77670,1294.500,hotpatch_first,0
77700,1295.000,hotpatch_first,0
77730,1295.500,hotpatch_first,0
77760,1296.000,hotpatch_first,0
77790,1296.500,hotpatch_first,0
77820,1297.000,hotpatch_first,0
77850,1297.500,hotpatch_first,0
77880,1298.000,hotpatch_first,0
77910,1298.500,hotpatch_first,0
77940,1299.000,hotpatch_first,0
77970,1299.500,hotpatch_first,0
78000,1300.000,hotpatch_first,0
78030,1300.500,hotpatch_first,0
78060,1301.000,hotpatch_first,0
78090,1301.500,hotpatch_first,0
78120,1302.000,hotpatch_first,0
78150,1302.500,hotpatch_first,0
78180,1303.000,hotpatch_first,0
78210,1303.500,hotpatch_first,0
78240,1304.000,hotpatch_first,0
78270,1304.500,hotpatch_first,0
78300,1305.000,hotpatch_first,0
78330,1305.500,hotpatch_first,0
78360,1306.000,hotpatch_first,0
78390,1306.500,hotpatch_first,0
78420,1307.000,hotpatch_first,0
78450,1307.500,hotpatch_first,0
78480,1308.000,hotpatch_first,0
78510,1308.500,hotpatch_first,0
78540,1309.000,hotpatch_first,0
78570,1309.500,hotpatch_first,0
78600,1310.000,hotpatch_first,0
78630,1310.500,hotpatch_first,0
78660,1311.000,hotpatch_first,0
78690,1311.500,hotpatch_first,0
78720,1312.000,hotpatch_first,0
78750,1312.500,hotpatch_first,0
78780,1313.000,hotpatch_first,0
78810,1313.500,hotpatch_first,0
78840,1314.000,hotpatch_first,0
78870,1314.500,hotpatch_first,0
78900,1315.000,hotpatch_first,0
78930,1315.500,hotpatch_first,0
78960,1316.000,hotpatch_first,0
78990,1316.500,hotpatch_first,0
79020,1317.000,hotpatch_first,0
79050,1317.500,hotpatch_first,0
79080,1318.000,hotpatch_first,0
79110,1318.500,hotpatch_first,0
79140,1319.000,hotpatch_first,0
79170,1319.500,hotpatch_first,0
79200,1320.000,hotpatch_first,0
79230,1320.500,hotpatch_first,0
79260,1321.000,hotpatch_first,0
79290,1321.500,hotpatch_first,0
79320,1322.000,hotpatch_first,0
79350,1322.500,hotpatch_first,0
79380,1323.000,hotpatch_first,0
79410,1323.500,hotpatch_first,0
79440,1324.000,hotpatch_first,0
79470,1324.500,hotpatch_first,0
79500,1325.000,hotpatch_first,0
79530,1325.500,hotpatch_first,0
79560,1326.000,hotpatch_first,0
79590,1326.500,hotpatch_first,0
79620,1327.000,hotpatch_first,0
79650,1327.500,hotpatch_first,0
79680,1328.000,hotpatch_first,0
79710,1328.500,hotpatch_first,0
79740,1329.000,hotpatch_first,0
79770,1329.500,hotpatch_first,0
79800,1330.000,hotpatch_first,0
79830,1330.500,hotpatch_first,0
79860,1331.000,hotpatch_first,0
79890,1331.500,hotpatch_first,0
79920,1332.000,hotpatch_first,0
79950,1332.500,hotpatch_first,0
79980,1333.000,hotpatch_first,0
80010,1333.500,hotpatch_first,0
80040,1334.000,hotpatch_first,0
80070,1334.500,hotpatch_first,0
80100,1335.000,hotpatch_first,0
80130,1335.500,hotpatch_first,0
80160,1336.000,hotpatch_first,0
80190,1336.500,hotpatch_first,0
80220,1337.000,hotpatch_first,0
80250,1337.500,hotpatch_first,0
80280,1338.000,hotpatch_first,0
80310,1338.500,hotpatch_first,0
80340,1339.000,hotpatch_first,0
80370,1339.500,hotpatch_first,0
80400,1340.000,hotpatch_first,0
80430,1340.500,hotpatch_first,0
80460,1341.000,hotpatch_first,0
80490,1341.500,hotpatch_first,0
80520,1342.000,hotpatch_first,0
80550,1342.500,hotpatch_first,0
80580,1343.000,hotpatch_first,0
80610,1343.500,hotpatch_first,0
80640,1344.000,hotpatch_first,0
80670,1344.500,hotpatch_first,0
80700,1345.000,hotpatch_first,0
80730,1345.500,hotpatch_first,0
80760,1346.000,hotpatch_first,0
80790,1346.500,hotpatch_first,0
80820,1347.000,hotpatch_first,0
80850,1347.500,hotpatch_first,0
80880,1348.000,hotpatch_first,0
80910,1348.500,hotpatch_first,0
80940,1349.000,hotpatch_first,0
80970,1349.500,hotpatch_first,0
81000,1350.000,hotpatch_first,0
81030,1350.500,hotpatch_first,0
81060,1351.000,hotpatch_first,0
81090,1351.500,hotpatch_first,0
81120,1352.000,hotpatch_first,0
81150,1352.500,hotpatch_first,0
81180,1353.000,hotpatch_first,0
81210,1353.500,hotpatch_first,0
81240,1354.000,hotpatch_first,0
81270,1354.500,hotpatch_first,0
81300,1355.000,hotpatch_first,0
81330,1355.500,hotpatch_first,0
81360,1356.000,hotpatch_first,0
81390,1356.500,hotpatch_first,0
81420,1357.000,hotpatch_first,0
81450,1357.500,hotpatch_first,0
81480,1358.000,hotpatch_first,0
81510,1358.500,hotpatch_first,0
81540,1359.000,hotpatch_first,0
81570,1359.500,hotpatch_first,0
81600,1360.000,hotpatch_first,0
81630,1360.500,hotpatch_first,0
81660,1361.000,hotpatch_first,0
81690,1361.500,hotpatch_first,0
81720,1362.000,hotpatch_first,0
81750,1362.500,hotpatch_first,0
81780,1363.000,hotpatch_first,0
81810,1363.500,hotpatch_first,0
81840,1364.000,hotpatch_first,0
81870,1364.500,hotpatch_first,0
81900,1365.000,hotpatch_first,0
81930,1365.500,hotpatch_first,0
81960,1366.000,hotpatch_first,0
81990,1366.500,hotpatch_first,0
82020,1367.000,hotpatch_first,0
82050,1367.500,hotpatch_first,0
82080,1368.000,hotpatch_first,0
82110,1368.500,hotpatch_first,0
82140,1369.000,hotpatch_first,0
82170,1369.500,hotpatch_first,0
82200,1370.000,hotpatch_first,0
82230,1370.500,hotpatch_first,0
82260,1371.000,hotpatch_first,0
82290,1371.500,hotpatch_first,0
82320,1372.000,hotpatch_first,0
82350,1372.500,hotpatch_first,0
82380,1373.000,hotpatch_first,0
82410,1373.500,hotpatch_first,0
82440,1374.000,hotpatch_first,0
82470,1374.500,hotpatch_first,0
82500,1375.000,hotpatch_first,0
82530,1375.500,hotpatch_first,0
82560,1376.000,hotpatch_first,0
82590,1376.500,hotpatch_first,0
82620,1377.000,hotpatch_first,0
82650,1377.500,hotpatch_first,0
82680,1378.000,hotpatch_first,0
82710,1378.500,hotpatch_first,0
82740,1379.000,hotpatch_first,0
82770,1379.500,hotpatch_first,0
82800,1380.000,hotpatch_first,0
82830,1380.500,hotpatch_first,0
82860,1381.000,hotpatch_first,0
82890,1381.500,hotpatch_first,0
82920,1382.000,hotpatch_first,0
82950,1382.500,hotpatch_first,0
82980,1383.000,hotpatch_first,0
83010,1383.500,hotpatch_first,0
83040,1384.000,hotpatch_first,0
83070,1384.500,hotpatch_first,0
83100,1385.000,hotpatch_first,0
83130,1385.500,hotpatch_first,0
83160,1386.000,hotpatch_first,0
83190,1386.500,hotpatch_first,0
83220,1387.000,hotpatch_first,0
83250,1387.500,hotpatch_first,0
83280,1388.000,hotpatch_first,0
83310,1388.500,hotpatch_first,0
83340,1389.000,hotpatch_first,0
83370,1389.500,hotpatch_first,0
83400,1390.000,hotpatch_first,0
83430,1390.500,hotpatch_first,0
83460,1391.000,hotpatch_first,0
83490,1391.500,hotpatch_first,0
83520,1392.000,hotpatch_first,0
83550,1392.500,hotpatch_first,0
83580,1393.000,hotpatch_first,0
83610,1393.500,hotpatch_first,0
83640,1394.000,hotpatch_first,0
83670,1394.500,hotpatch_first,0
83700,1395.000,hotpatch_first,0
83730,1395.500,hotpatch_first,0
83760,1396.000,hotpatch_first,0
83790,1396.500,hotpatch_first,0
83820,1397.000,hotpatch_first,0
83850,1397.500,hotpatch_first,0
83880,1398.000,hotpatch_first,0
83910,1398.500,hotpatch_first,0
83940,1399.000,hotpatch_first,0
83970,1399.500,hotpatch_first,0
84000,1400.000,hotpatch_first,0
84030,1400.500,hotpatch_first,0
84060,1401.000,hotpatch_first,0
84090,1401.500,hotpatch_first,0
84120,1402.000,hotpatch_first,0
84150,1402.500,hotpatch_first,0
84180,1403.000,hotpatch_first,0
84210,1403.500,hotpatch_first,0
84240,1404.000,hotpatch_first,0
84270,1404.500,hotpatch_first,0
84300,1405.000,hotpatch_first,0
84330,1405.500,hotpatch_first,0
84360,1406.000,hotpatch_first,0
84390,1406.500,hotpatch_first,0
84420,1407.000,hotpatch_first,0
84450,1407.500,hotpatch_first,0
84480,1408.000,hotpatch_first,0
84510,1408.500,hotpatch_first,0
84540,1409.000,hotpatch_first,0
84570,1409.500,hotpatch_first,0
84600,1410.000,hotpatch_first,0
84630,1410.500,hotpatch_first,0
84660,1411.000,hotpatch_first,0
84690,1411.500,hotpatch_first,0
84720,1412.000,hotpatch_first,0
84750,1412.500,hotpatch_first,0
84780,1413.000,hotpatch_first,0
84810,1413.500,hotpatch_first,0
84840,1414.000,hotpatch_first,0
84870,1414.500,hotpatch_first,0
84900,1415.000,hotpatch_first,0
84930,1415.500,hotpatch_first,0
84960,1416.000,hotpatch_first,0
84990,1416.500,hotpatch_first,0
85020,1417.000,hotpatch_first,0
85050,1417.500,hotpatch_first,0
85080,1418.000,hotpatch_first,0
85110,1418.500,hotpatch_first,0
85140,1419.000,hotpatch_first,0
85170,1419.500,hotpatch_first,0
85200,1420.000,hotpatch_first,0
85230,1420.500,hotpatch_first,0
85260,1421.000,hotpatch_first,0
85290,1421.500,hotpatch_first,0
85320,1422.000,hotpatch_first,0
85350,1422.500,hotpatch_first,0
85380,1423.000,hotpatch_first,0
85410,1423.500,hotpatch_first,0
85440,1424.000,hotpatch_first,0
85470,1424.500,hotpatch_first,0
85500,1425.000,hotpatch_first,0
85530,1425.500,hotpatch_first,0
85560,1426.000,hotpatch_first,0
85590,1426.500,hotpatch_first,0
85620,1427.000,hotpatch_first,0
85650,1427.500,hotpatch_first,0
85680,1428.000,hotpatch_first,0
85710,1428.500,hotpatch_first,0
85740,1429.000,hotpatch_first,0
85770,1429.500,hotpatch_first,0
85800,1430.000,hotpatch_first,0
85830,1430.500,hotpatch_first,0
85860,1431.000,hotpatch_first,0
85890,1431.500,hotpatch_first,0
85920,1432.000,hotpatch_first,0
85950,1432.500,hotpatch_first,0
85980,1433.000,hotpatch_first,0
86010,1433.500,hotpatch_first,0
86040,1434.000,hotpatch_first,0
86070,1434.500,hotpatch_first,0
86100,1435.000,hotpatch_first,0
86130,1435.500,hotpatch_first,0
86160,1436.000,hotpatch_first,0
86190,1436.500,hotpatch_first,0
86220,1437.000,hotpatch_first,0
86250,1437.500,hotpatch_first,0
86280,1438.000,hotpatch_first,0
86310,1438.500,hotpatch_first,0
86340,1439.000,hotpatch_first,0
86370,1439.500,hotpatch_first,0
86400,1440.000,hotpatch_first,0
