trial,mutation_kind,did_hex,data_hex,request_payload,request_can_data_hex,response_payload,response_class,response_sid,nrc,attack_pass,send_wall_iso,send_monotonic_ns,recv_monotonic_ns,latency_ms,observer_request_seen,observer_response_seen,observer_request_timestamp_us,observer_response_timestamp_us,observer_latency_ms,observer_consistent,consistency_note
1,target_did_random_data,0x1234,51BFC797,2E123451BFC797,072E123451BFC797,6E1234,positive,0x6E,,true,2026-06-20T19:29:29.106799+02:00,33783152054364,33783155024297,2.969933,true,true,214120332,214124405,4.073000,true,matched_request_response
2,target_did_random_data,0x1234,A6884D,2E1234A6884D,062E1234A6884D00,6E1234,positive,0x6E,,true,2026-06-20T19:29:29.122132+02:00,33783167388729,33783169629239,2.240510,true,true,214135684,214139763,4.079000,true,matched_request_response
3,target_did_random_data,0x1234,3D47,2E12343D47,052E12343D470000,6E1234,positive,0x6E,,true,2026-06-20T19:29:29.136840+02:00,33783182095360,33783184248498,2.153138,true,true,214150358,214154439,4.081000,true,matched_request_response
4,target_did_random_data,0x1234,DB0F,2E1234DB0F,052E1234DB0F0000,6E1234,positive,0x6E,,true,2026-06-20T19:29:29.151451+02:00,33783196706867,33783198980482,2.273615,true,true,214164967,214169055,4.088000,true,matched_request_response
5,unknown_did,0xF187,AA,2EF187AA,042EF187AA000000,7F2E31,negative,0x7F,0x31,false,2026-06-20T19:29:29.166078+02:00,33783211333110,33783213623487,2.290377,true,true,214179582,214183667,4.085000,true,matched_request_response
6,target_did_random_data,0x1234,DCD2,2E1234DCD2,052E1234DCD20000,6E1234,positive,0x6E,,true,2026-06-20T19:29:29.180689+02:00,33783225943919,33783228179889,2.235970,true,true,214194170,214198252,4.082000,true,matched_request_response
7,read_only_did,0x1001,646EAA,2E1001646EAA,062E1001646EAA00,7F2E31,negative,0x7F,0x31,false,2026-06-20T19:29:29.195157+02:00,33783240411134,33783242857536,2.446402,true,true,214208609,214212690,4.081000,true,matched_request_response
8,target_did_random_data,0x1234,A418,2E1234A418,052E1234A4180000,6E1234,positive,0x6E,,true,2026-06-20T19:29:29.209862+02:00,33783255119162,33783257493208,2.374046,true,true,214223347,214227427,4.080000,true,matched_request_response
9,target_did_random_data,0x1234,9B,2E12349B,042E12349B000000,6E1234,positive,0x6E,,true,2026-06-20T19:29:29.224607+02:00,33783269863577,33783272123643,2.260066,true,true,214238124,214242211,4.087000,true,matched_request_response
10,target_did_random_data,0x1234,74F27A,2E123474F27A,062E123474F27A00,6E1234,positive,0x6E,,true,2026-06-20T19:29:29.239167+02:00,33783284423611,33783286871829,2.448218,true,true,214252603,214256680,4.077000,true,matched_request_response
11,target_did_random_data,0x1234,138003,2E1234138003,062E123413800300,6E1234,positive,0x6E,,true,2026-06-20T19:29:29.254067+02:00,33783299322585,33783302461953,3.139368,true,true,214267500,214271581,4.081000,true,matched_request_response
12,target_did_random_data,0x1234,9B,2E12349B,042E12349B000000,6E1234,positive,0x6E,,true,2026-06-20T19:29:29.269674+02:00,33783314929890,33783318140915,3.211025,true,true,214283102,214287189,4.087000,true,matched_request_response
13,target_did_random_data,0x1234,282D,2E1234282D,052E1234282D0000,6E1234,positive,0x6E,,true,2026-06-20T19:29:29.285237+02:00,33783330495639,33783332776099,2.280460,true,true,214298677,214302759,4.082000,true,matched_request_response
14,target_did_random_data,0x1234,914458,2E1234914458,062E123491445800,6E1234,positive,0x6E,,true,2026-06-20T19:29:29.299818+02:00,33783345073972,33783347379225,2.305253,true,true,214313217,214317299,4.082000,true,matched_request_response
15,target_did_random_data,0x1234,9D4D3CD1,2E12349D4D3CD1,072E12349D4D3CD1,6E1234,positive,0x6E,,true,2026-06-20T19:29:29.314366+02:00,33783359620875,33783362024745,2.403870,true,true,214327721,214331796,4.075000,true,matched_request_response
16,target_did_random_data,0x1234,0A8F68,2E12340A8F68,062E12340A8F6800,6E1234,positive,0x6E,,true,2026-06-20T19:29:29.329041+02:00,33783374295729,33783378162844,3.867115,true,true,214342408,214346488,4.080000,true,matched_request_response
17,unknown_did,0xF187,CC6DD733,2EF187CC6DD733,072EF187CC6DD733,7F2E31,negative,0x7F,0x31,false,2026-06-20T19:29:29.345512+02:00,33783390767739,33783393247526,2.479787,true,true,214358861,214362936,4.075000,true,matched_request_response
18,target_did_random_data,0x1234,CCD62A9A,2E1234CCD62A9A,072E1234CCD62A9A,6E1234,positive,0x6E,,true,2026-06-20T19:29:29.360243+02:00,33783405500421,33783407939490,2.439069,true,true,214373599,214377671,4.072000,true,matched_request_response
19,target_did_random_data,0x1234,22,2E123422,042E123422000000,6E1234,positive,0x6E,,true,2026-06-20T19:29:29.375068+02:00,33783420324316,33783422543734,2.219418,true,true,214388424,214392509,4.085000,true,matched_request_response
20,target_did_random_data,0x1234,E6743AE5,2E1234E6743AE5,072E1234E6743AE5,6E1234,positive,0x6E,,true,2026-06-20T19:29:29.389564+02:00,33783434819257,33783437186041,2.366784,true,true,214402885,214406960,4.075000,true,matched_request_response
21,target_did_random_data,0x1234,4EBC,2E12344EBC,052E12344EBC0000,6E1234,positive,0x6E,,true,2026-06-20T19:29:29.404274+02:00,33783449528961,33783451799364,2.270403,true,true,214417606,214421687,4.081000,true,matched_request_response
22,target_did_random_data,0x1234,C7772B85,2E1234C7772B85,072E1234C7772B85,6E1234,positive,0x6E,,true,2026-06-20T19:29:29.419014+02:00,33783464269466,33783466539379,2.269913,true,true,214432316,214436388,4.072000,true,matched_request_response
23,target_did_random_data,0x1234,983A,2E1234983A,052E1234983A0000,6E1234,positive,0x6E,,true,2026-06-20T19:29:29.433790+02:00,33783479045519,33783482344614,3.299095,true,true,214447097,214451179,4.082000,true,matched_request_response
24,target_did_random_data,0x1234,36,2E123436,042E123436000000,6E1234,positive,0x6E,,true,2026-06-20T19:29:29.449585+02:00,33783494840627,33783497763068,2.922441,true,true,214462885,214466972,4.087000,true,matched_request_response
25,unknown_did,0x2222,A479EC,2E2222A479EC,062E2222A479EC00,7F2E31,negative,0x7F,0x31,false,2026-06-20T19:29:29.464798+02:00,33783510053887,33783512490023,2.436136,true,true,214478074,214482153,4.079000,true,matched_request_response
26,target_did_random_data,0x1234,D12259BA,2E1234D12259BA,072E1234D12259BA,6E1234,positive,0x6E,,true,2026-06-20T19:29:29.479500+02:00,33783524755420,33783527066190,2.310770,true,true,214492748,214496823,4.075000,true,matched_request_response
27,unknown_did,0x3333,7096,2E33337096,052E333370960000,7F2E31,negative,0x7F,0x31,false,2026-06-20T19:29:29.494071+02:00,33783539327187,33783542142701,2.815514,true,true,214507317,214511397,4.080000,true,matched_request_response
28,target_did_random_data,0x1234,1C67C18C,2E12341C67C18C,072E12341C67C18C,6E1234,positive,0x6E,,true,2026-06-20T19:29:29.509180+02:00,33783554435546,33783557328234,2.892688,true,true,214522423,214526496,4.073000,true,matched_request_response
29,read_only_did,0x1001,9EA9FE,2E10019EA9FE,062E10019EA9FE00,7F2E31,negative,0x7F,0x31,false,2026-06-20T19:29:29.524341+02:00,33783569595796,33783571948471,2.352675,true,true,214537567,214541648,4.081000,true,matched_request_response
30,missing_data,0x1234,,2E1234,032E123400000000,7F2E13,negative,0x7F,0x13,false,2026-06-20T19:29:29.538966+02:00,33783584221690,33783586641553,2.419863,true,true,214552195,214556289,4.094000,true,matched_request_response
31,target_did_random_data,0x1234,810E,2E1234810E,052E1234810E0000,6E1234,positive,0x6E,,true,2026-06-20T19:29:29.553673+02:00,33783598930696,33783601305441,2.374745,true,true,214566902,214570989,4.087000,true,matched_request_response
32,target_did_random_data,0x1234,C227,2E1234C227,052E1234C2270000,6E1234,positive,0x6E,,true,2026-06-20T19:29:29.568291+02:00,33783613546324,33783615875463,2.329139,true,true,214581478,214585558,4.080000,true,matched_request_response
33,target_did_random_data,0x1234,ED52,2E1234ED52,052E1234ED520000,6E1234,positive,0x6E,,true,2026-06-20T19:29:29.583073+02:00,33783628328942,33783630614151,2.285209,true,true,214596261,214600344,4.083000,true,matched_request_response
34,target_did_random_data,0x1234,427CA6A2,2E1234427CA6A2,072E1234427CA6A2,6E1234,positive,0x6E,,true,2026-06-20T19:29:29.597625+02:00,33783642881084,33783645267353,2.386269,true,true,214610827,214614902,4.075000,true,matched_request_response
35,target_did_random_data,0x1234,E4,2E1234E4,042E1234E4000000,6E1234,positive,0x6E,,true,2026-06-20T19:29:29.612254+02:00,33783657509213,33783659869432,2.360219,true,true,214625430,214629514,4.084000,true,matched_request_response
36,unknown_did,0xF187,0C,2EF1870C,042EF1870C000000,7F2E31,negative,0x7F,0x31,false,2026-06-20T19:29:29.626844+02:00,33783672099908,33783674497701,2.397793,true,true,214640021,214644112,4.091000,true,matched_request_response
37,target_did_random_data,0x1234,DB9A2D,2E1234DB9A2D,062E1234DB9A2D00,6E1234,positive,0x6E,,true,2026-06-20T19:29:29.641467+02:00,33783686721961,33783689070795,2.348834,true,true,214654600,214658677,4.077000,true,matched_request_response
38,target_did_random_data,0x1234,C0,2E1234C0,042E1234C0000000,6E1234,positive,0x6E,,true,2026-06-20T19:29:29.656043+02:00,33783701297290,33783703738943,2.441653,true,true,214669174,214673261,4.087000,true,matched_request_response
39,target_did_random_data,0x1234,3E,2E12343E,042E12343E000000,6E1234,positive,0x6E,,true,2026-06-20T19:29:29.670690+02:00,33783715945115,33783718390819,2.445704,true,true,214683820,214687907,4.087000,true,matched_request_response
40,unknown_did,0x3333,3112,2E33333112,052E333331120000,7F2E31,negative,0x7F,0x31,false,2026-06-20T19:29:29.685332+02:00,33783730586514,33783733134885,2.548371,true,true,214698435,214702515,4.080000,true,matched_request_response
41,target_did_random_data,0x1234,DC,2E1234DC,042E1234DC000000,6E1234,positive,0x6E,,true,2026-06-20T19:29:29.700193+02:00,33783745450148,33783747725230,2.275082,true,true,214713328,214717412,4.084000,true,matched_request_response
42,target_did_random_data,0x1234,AA,2E1234AA,042E1234AA000000,6E1234,positive,0x6E,,true,2026-06-20T19:29:29.715123+02:00,33783760378735,33783763392249,3.013514,true,true,214728222,214732311,4.089000,true,matched_request_response
43,target_did_random_data,0x1234,C2E73F,2E1234C2E73F,062E1234C2E73F00,6E1234,positive,0x6E,,true,2026-06-20T19:29:29.730426+02:00,33783775680554,33783778025826,2.345272,true,true,214743494,214747571,4.077000,true,matched_request_response
44,unknown_did,0x2222,07,2E222207,042E222207000000,7F2E31,negative,0x7F,0x31,false,2026-06-20T19:29:29.745004+02:00,33783790260143,33783792633422,2.373279,true,true,214758088,214762179,4.091000,true,matched_request_response
45,target_did_random_data,0x1234,DA1B9E,2E1234DA1B9E,062E1234DA1B9E00,6E1234,positive,0x6E,,true,2026-06-20T19:29:29.759819+02:00,33783805086483,33783808497464,3.410981,true,true,214773056,214777134,4.078000,true,matched_request_response
46,target_did_random_data,0x1234,DE4A,2E1234DE4A,052E1234DE4A0000,6E1234,positive,0x6E,,true,2026-06-20T19:29:29.776016+02:00,33783821269420,33783823872407,2.602987,true,true,214789049,214793131,4.082000,true,matched_request_response
47,target_did_random_data,0x1234,3F,2E12343F,042E12343F000000,6E1234,positive,0x6E,,true,2026-06-20T19:29:29.790803+02:00,33783836057346,33783838539926,2.482580,true,true,214803828,214807914,4.086000,true,matched_request_response
48,target_did_random_data,0x1234,AA,2E1234AA,042E1234AA000000,6E1234,positive,0x6E,,true,2026-06-20T19:29:29.805567+02:00,33783850821806,33783853711072,2.889266,true,true,214818594,214822678,4.084000,true,matched_request_response
49,target_did_random_data,0x1234,2126FE,2E12342126FE,062E12342126FE00,6E1234,positive,0x6E,,true,2026-06-20T19:29:29.820674+02:00,33783865928697,33783868836193,2.907496,true,true,214833667,214837746,4.079000,true,matched_request_response
50,unknown_did,0xF187,2F79FD,2EF1872F79FD,062EF1872F79FD00,7F2E31,negative,0x7F,0x31,false,2026-06-20T19:29:29.835876+02:00,33783881131412,33783883511535,2.380123,true,true,214848881,214852960,4.079000,true,matched_request_response
51,target_did_random_data,0x1234,587580,2E1234587580,062E123458758000,6E1234,positive,0x6E,,true,2026-06-20T19:29:29.850556+02:00,33783895812481,33783898127512,2.315031,true,true,214863556,214867632,4.076000,true,matched_request_response
52,unknown_did,0x2222,143F89,2E2222143F89,062E2222143F8900,7F2E31,negative,0x7F,0x31,false,2026-06-20T19:29:29.865207+02:00,33783910463588,33783913048765,2.585177,true,true,214878186,214882264,4.078000,true,matched_request_response
53,target_did_random_data,0x1234,63E3,2E123463E3,052E123463E30000,6E1234,positive,0x6E,,true,2026-06-20T19:29:29.880147+02:00,33783925403070,33783928417492,3.014422,true,true,214893111,214897194,4.083000,true,matched_request_response
54,target_did_random_data,0x1234,E4,2E1234E4,042E1234E4000000,6E1234,positive,0x6E,,true,2026-06-20T19:29:29.895421+02:00,33783940676184,33783943176155,2.499971,true,true,214908394,214912478,4.084000,true,matched_request_response
55,read_only_did,0x1001,3EF7EE,2E10013EF7EE,062E10013EF7EE00,7F2E31,negative,0x7F,0x31,false,2026-06-20T19:29:29.910284+02:00,33783955540167,33783958745256,3.205089,true,true,214923254,214927338,4.084000,true,matched_request_response
56,target_did_random_data,0x1234,7D256E,2E12347D256E,062E12347D256E00,6E1234,positive,0x6E,,true,2026-06-20T19:29:29.925817+02:00,33783971073650,33783974974079,3.900429,true,true,214938758,214942837,4.079000,true,matched_request_response
57,target_did_random_data,0x1234,98,2E123498,042E123498000000,6E1234,positive,0x6E,,true,2026-06-20T19:29:29.942067+02:00,33783987321191,33783991812827,4.491636,true,true,214954993,214959080,4.087000,true,matched_request_response
58,target_did_random_data,0x1234,70,2E123470,042E123470000000,6E1234,positive,0x6E,,true,2026-06-20T19:29:29.958771+02:00,33784004024935,33784006485375,2.460440,true,true,214971666,214975753,4.087000,true,matched_request_response
59,target_did_random_data,0x1234,70FABC,2E123470FABC,062E123470FABC00,6E1234,positive,0x6E,,true,2026-06-20T19:29:29.973529+02:00,33784018783178,33784021173778,2.390600,true,true,214986416,214990492,4.076000,true,matched_request_response
60,target_did_random_data,0x1234,78,2E123478,042E123478000000,6E1234,positive,0x6E,,true,2026-06-20T19:29:29.988146+02:00,33784033403066,33784035806307,2.403241,true,true,215001048,215005134,4.086000,true,matched_request_response
61,target_did_random_data,0x1234,DEF78D,2E1234DEF78D,062E1234DEF78D00,6E1234,positive,0x6E,,true,2026-06-20T19:29:30.004502+02:00,33784049758791,33784052445238,2.686447,true,true,215017366,215021443,4.077000,true,matched_request_response
62,target_did_random_data,0x1234,BC,2E1234BC,042E1234BC000000,6E1234,positive,0x6E,,true,2026-06-20T19:29:30.019426+02:00,33784064683048,33784067146841,2.463793,true,true,215032312,215036396,4.084000,true,matched_request_response
63,target_did_random_data,0x1234,D2FDC477,2E1234D2FDC477,072E1234D2FDC477,6E1234,positive,0x6E,,true,2026-06-20T19:29:30.034139+02:00,33784079394149,33784081772526,2.378377,true,true,215046992,215051067,4.075000,true,matched_request_response
64,target_did_random_data,0x1234,8A161503,2E12348A161503,072E12348A161503,6E1234,positive,0x6E,,true,2026-06-20T19:29:30.049040+02:00,33784094295497,33784097370961,3.075464,true,true,215061876,215065956,4.080000,true,matched_request_response
65,target_did_random_data,0x1234,074CBE76,2E1234074CBE76,072E1234074CBE76,6E1234,positive,0x6E,,true,2026-06-20T19:29:30.064448+02:00,33784109704523,33784112051331,2.346808,true,true,215077302,215081378,4.076000,true,matched_request_response
66,target_did_random_data,0x1234,20D73E85,2E123420D73E85,072E123420D73E85,6E1234,positive,0x6E,,true,2026-06-20T19:29:30.079073+02:00,33784124329370,33784126630362,2.300992,true,true,215091912,215095987,4.075000,true,matched_request_response
67,target_did_random_data,0x1234,08F7,2E123408F7,052E123408F70000,6E1234,positive,0x6E,,true,2026-06-20T19:29:30.093635+02:00,33784138891010,33784141510200,2.619190,true,true,215106475,215110560,4.085000,true,matched_request_response
68,target_did_random_data,0x1234,36,2E123436,042E123436000000,6E1234,positive,0x6E,,true,2026-06-20T19:29:30.108501+02:00,33784153756251,33784155981186,2.224935,true,true,215121311,215125395,4.084000,true,matched_request_response
69,target_did_random_data,0x1234,36,2E123436,042E123436000000,6E1234,positive,0x6E,,true,2026-06-20T19:29:30.123022+02:00,33784168277034,33784170657855,2.380821,true,true,215135839,215139926,4.087000,true,matched_request_response
70,target_did_random_data,0x1234,C47C39,2E1234C47C39,062E1234C47C3900,6E1234,positive,0x6E,,true,2026-06-20T19:29:30.137650+02:00,33784182905582,33784185259724,2.354142,true,true,215150437,215154514,4.077000,true,matched_request_response
71,read_only_did,0x1001,2479,2E10012479,052E100124790000,7F2E31,negative,0x7F,0x31,false,2026-06-20T19:29:30.152259+02:00,33784197516810,33784199892673,2.375863,true,true,215165042,215169129,4.087000,true,matched_request_response
72,target_did_random_data,0x1234,DB88,2E1234DB88,052E1234DB880000,6E1234,positive,0x6E,,true,2026-06-20T19:29:30.166921+02:00,33784212175879,33784214788713,2.612834,true,true,215179680,215183762,4.082000,true,matched_request_response
73,target_did_random_data,0x1234,09,2E123409,042E123409000000,6E1234,positive,0x6E,,true,2026-06-20T19:29:30.181839+02:00,33784227094967,33784230117980,3.023013,true,true,215194599,215198688,4.089000,true,matched_request_response
74,target_did_random_data,0x1234,63,2E123463,042E123463000000,6E1234,positive,0x6E,,true,2026-06-20T19:29:30.198841+02:00,33784244098051,33784246787921,2.689870,true,true,215211601,215215685,4.084000,true,matched_request_response
75,target_did_random_data,0x1234,7B,2E12347B,042E12347B000000,6E1234,positive,0x6E,,true,2026-06-20T19:29:30.213828+02:00,33784259084537,33784261436863,2.352326,true,true,215226585,215230669,4.084000,true,matched_request_response
76,target_did_random_data,0x1234,E9,2E1234E9,042E1234E9000000,6E1234,positive,0x6E,,true,2026-06-20T19:29:30.228409+02:00,33784273663707,33784276124986,2.461279,true,true,215241121,215245208,4.087000,true,matched_request_response
77,read_only_did,0x1001,8594,2E10018594,052E100185940000,7F2E31,negative,0x7F,0x31,false,2026-06-20T19:29:30.243083+02:00,33784288338141,33784293658794,5.320653,true,true,215255792,215259879,4.087000,true,matched_request_response
78,target_did_random_data,0x1234,F8B1A97C,2E1234F8B1A97C,072E1234F8B1A97C,6E1234,positive,0x6E,,true,2026-06-20T19:29:30.261480+02:00,33784306735538,33784309302976,2.567438,true,true,215274184,215278259,4.075000,true,matched_request_response
79,target_did_random_data,0x1234,2468EC40,2E12342468EC40,072E12342468EC40,6E1234,positive,0x6E,,true,2026-06-20T19:29:30.277299+02:00,33784322555091,33784324938077,2.382986,true,true,215289980,215294055,4.075000,true,matched_request_response
80,target_did_random_data,0x1234,64EB,2E123464EB,052E123464EB0000,6E1234,positive,0x6E,,true,2026-06-20T19:29:30.291929+02:00,33784337184338,33784339536943,2.352605,true,true,215304594,215308674,4.080000,true,matched_request_response
81,unknown_did,0xF187,B51A6240,2EF187B51A6240,072EF187B51A6240,7F2E31,negative,0x7F,0x31,false,2026-06-20T19:29:30.306511+02:00,33784351766023,33784354208025,2.442002,true,true,215319166,215323240,4.074000,true,matched_request_response
82,target_did_random_data,0x1234,4D,2E12344D,042E12344D000000,6E1234,positive,0x6E,,true,2026-06-20T19:29:30.321255+02:00,33784366509390,33784368832383,2.322993,true,true,215333918,215338005,4.087000,true,matched_request_response
83,target_did_random_data,0x1234,D4,2E1234D4,042E1234D4000000,6E1234,positive,0x6E,,true,2026-06-20T19:29:30.336094+02:00,33784381349208,33784384434240,3.085032,true,true,215348752,215352839,4.087000,true,matched_request_response
84,unknown_did,0x2222,4032,2E22224032,052E222240320000,7F2E31,negative,0x7F,0x31,false,2026-06-20T19:29:30.351482+02:00,33784396740075,33784399158681,2.418606,true,true,215364148,215368231,4.083000,true,matched_request_response
85,target_did_random_data,0x1234,19,2E123419,042E123419000000,6E1234,positive,0x6E,,true,2026-06-20T19:29:30.366189+02:00,33784411443284,33784413769908,2.326624,true,true,215378819,215382906,4.087000,true,matched_request_response
86,target_did_random_data,0x1234,0476,2E12340476,052E123404760000,6E1234,positive,0x6E,,true,2026-06-20T19:29:30.380797+02:00,33784426051788,33784428629143,2.577355,true,true,215393406,215397491,4.085000,true,matched_request_response
87,target_did_random_data,0x1234,241D8B,2E1234241D8B,062E1234241D8B00,6E1234,positive,0x6E,,true,2026-06-20T19:29:30.395615+02:00,33784440871632,33784444086848,3.215216,true,true,215408262,215412341,4.079000,true,matched_request_response
88,target_did_random_data,0x1234,D3DF,2E1234D3DF,052E1234D3DF0000,6E1234,positive,0x6E,,true,2026-06-20T19:29:30.411249+02:00,33784456514067,33784459671384,3.157317,true,true,215423868,215427950,4.082000,true,matched_request_response
89,unknown_did,0x2222,17C9,2E222217C9,052E222217C90000,7F2E31,negative,0x7F,0x31,false,2026-06-20T19:29:30.426669+02:00,33784471924698,33784474334225,2.409527,true,true,215439266,215443349,4.083000,true,matched_request_response
90,target_did_random_data,0x1234,36D1F8,2E123436D1F8,062E123436D1F800,6E1234,positive,0x6E,,true,2026-06-20T19:29:30.441384+02:00,33784486639710,33784488953694,2.313984,true,true,215453967,215458046,4.079000,true,matched_request_response
91,target_did_random_data,0x1234,FD,2E1234FD,042E1234FD000000,6E1234,positive,0x6E,,true,2026-06-20T19:29:30.456080+02:00,33784501335586,33784503597677,2.262091,true,true,215468664,215472751,4.087000,true,matched_request_response
92,target_did_random_data,0x1234,03,2E123403,042E123403000000,6E1234,positive,0x6E,,true,2026-06-20T19:29:30.470872+02:00,33784516129169,33784519205611,3.076442,true,true,215483471,215487560,4.089000,true,matched_request_response
93,target_did_random_data,0x1234,35,2E123435,042E123435000000,6E1234,positive,0x6E,,true,2026-06-20T19:29:30.486425+02:00,33784531681998,33784533863562,2.181564,true,true,215499008,215503095,4.087000,true,matched_request_response
94,target_did_random_data,0x1234,B8,2E1234B8,042E1234B8000000,6E1234,positive,0x6E,,true,2026-06-20T19:29:30.500894+02:00,33784546150470,33784548716231,2.565761,true,true,215513455,215517539,4.084000,true,matched_request_response
95,target_did_random_data,0x1234,84,2E123484,042E123484000000,6E1234,positive,0x6E,,true,2026-06-20T19:29:30.515966+02:00,33784561222371,33784564446178,3.223807,true,true,215528509,215532594,4.085000,true,matched_request_response
96,unknown_did,0x2222,6767,2E22226767,052E222267670000,7F2E31,negative,0x7F,0x31,false,2026-06-20T19:29:30.531796+02:00,33784577053308,33784580134080,3.080772,true,true,215544315,215548396,4.081000,true,matched_request_response
97,target_did_random_data,0x1234,F55C,2E1234F55C,052E1234F55C0000,6E1234,positive,0x6E,,true,2026-06-20T19:29:30.547139+02:00,33784592394518,33784595446584,3.052066,true,true,215559647,215563729,4.082000,true,matched_request_response
98,target_did_random_data,0x1234,CD6876,2E1234CD6876,062E1234CD687600,6E1234,positive,0x6E,,true,2026-06-20T19:29:30.562437+02:00,33784607692984,33784610141412,2.448428,true,true,215574932,215579011,4.079000,true,matched_request_response
99,unknown_did,0x3333,4BEB,2E33334BEB,052E33334BEB0000,7F2E31,negative,0x7F,0x31,false,2026-06-20T19:29:30.577168+02:00,33784622424129,33784624730779,2.306650,true,true,215589668,215593751,4.083000,true,matched_request_response
100,target_did_random_data,0x1234,39CA809D,2E123439CA809D,072E123439CA809D,6E1234,positive,0x6E,,true,2026-06-20T19:29:30.591719+02:00,33784636974525,33784639345360,2.370835,true,true,215604198,215608273,4.075000,true,matched_request_response
101,target_did_random_data,0x1234,12,2E123412,042E123412000000,6E1234,positive,0x6E,,true,2026-06-20T19:29:30.606396+02:00,33784651651683,33784654091311,2.439628,true,true,215618872,215622959,4.087000,true,matched_request_response
102,target_did_random_data,0x1234,C7B444,2E1234C7B444,062E1234C7B44400,6E1234,positive,0x6E,,true,2026-06-20T19:29:30.621195+02:00,33784666451413,33784668659307,2.207894,true,true,215633661,215637740,4.079000,true,matched_request_response
103,target_did_random_data,0x1234,53,2E123453,042E123453000000,6E1234,positive,0x6E,,true,2026-06-20T19:29:30.635681+02:00,33784680937206,33784683586497,2.649291,true,true,215648158,215652245,4.087000,true,matched_request_response
104,target_did_random_data,0x1234,14898FC8,2E123414898FC8,072E123414898FC8,6E1234,positive,0x6E,,true,2026-06-20T19:29:30.650970+02:00,33784696228409,33784698904170,2.675761,true,true,215663414,215667487,4.073000,true,matched_request_response
105,target_did_random_data,0x1234,0CC5,2E12340CC5,052E12340CC50000,6E1234,positive,0x6E,,true,2026-06-20T19:29:30.665925+02:00,33784711180602,33784713611290,2.430688,true,true,215678345,215682430,4.085000,true,matched_request_response
106,missing_data,0x1234,,2E1234,032E123400000000,7F2E13,negative,0x7F,0x13,false,2026-06-20T19:29:30.680938+02:00,33784726194116,33784729384608,3.190492,true,true,215693372,215697460,4.088000,true,matched_request_response
107,missing_data,0x1234,,2E1234,032E123400000000,7F2E13,negative,0x7F,0x13,false,2026-06-20T19:29:30.696403+02:00,33784741659014,33784743840648,2.181634,true,true,215708802,215712893,4.091000,true,matched_request_response
108,target_did_random_data,0x1234,5C9BF38D,2E12345C9BF38D,072E12345C9BF38D,6E1234,positive,0x6E,,true,2026-06-20T19:29:30.710820+02:00,33784756075594,33784758531076,2.455482,true,true,215723192,215727267,4.075000,true,matched_request_response
109,unknown_did,0x3333,5173,2E33335173,052E333351730000,7F2E31,negative,0x7F,0x31,false,2026-06-20T19:29:30.725520+02:00,33784770774961,33784773142164,2.367203,true,true,215737899,215741982,4.083000,true,matched_request_response
110,missing_data,0x1234,,2E1234,032E123400000000,7F2E13,negative,0x7F,0x13,false,2026-06-20T19:29:30.740135+02:00,33784785392195,33784787786217,2.394022,true,true,215752526,215756615,4.089000,true,matched_request_response
111,target_did_random_data,0x1234,2272,2E12342272,052E123422720000,6E1234,positive,0x6E,,true,2026-06-20T19:29:30.754860+02:00,33784800116566,33784802429502,2.312936,true,true,215767227,215771312,4.085000,true,matched_request_response
112,read_only_did,0x1001,DD6E1C,2E1001DD6E1C,062E1001DD6E1C00,7F2E31,negative,0x7F,0x31,false,2026-06-20T19:29:30.769449+02:00,33784814703070,33784817147238,2.444168,true,true,215781791,215785874,4.083000,true,matched_request_response
113,target_did_random_data,0x1234,F970,2E1234F970,052E1234F9700000,6E1234,positive,0x6E,,true,2026-06-20T19:29:30.784383+02:00,33784829638222,33784832763482,3.125260,true,true,215796728,215800811,4.083000,true,matched_request_response
114,target_did_random_data,0x1234,0A,2E12340A,042E12340A000000,6E1234,positive,0x6E,,true,2026-06-20T19:29:30.799785+02:00,33784845040612,33784847401948,2.361336,true,true,215812114,215816206,4.092000,true,matched_request_response
115,target_did_random_data,0x1234,D06F,2E1234D06F,052E1234D06F0000,6E1234,positive,0x6E,,true,2026-06-20T19:29:30.814630+02:00,33784859885669,33784863188955,3.303286,true,true,215826981,215831064,4.083000,true,matched_request_response
116,target_did_random_data,0x1234,1236A3,2E12341236A3,062E12341236A300,6E1234,positive,0x6E,,true,2026-06-20T19:29:30.830185+02:00,33784875441361,33784877656030,2.214669,true,true,215842505,215846582,4.077000,true,matched_request_response
117,target_did_random_data,0x1234,E7723CE0,2E1234E7723CE0,072E1234E7723CE0,6E1234,positive,0x6E,,true,2026-06-20T19:29:30.845076+02:00,33784890351649,33784893233513,2.881864,true,true,215857569,215861641,4.072000,true,matched_request_response
118,target_did_random_data,0x1234,2CC613,2E12342CC613,062E12342CC61300,6E1234,positive,0x6E,,true,2026-06-20T19:29:30.860282+02:00,33784905537811,33784907891674,2.353863,true,true,215872557,215876634,4.077000,true,matched_request_response
119,target_did_random_data,0x1234,B1D98B52,2E1234B1D98B52,072E1234B1D98B52,6E1234,positive,0x6E,,true,2026-06-20T19:29:30.874974+02:00,33784920231731,33784922503879,2.272148,true,true,215887255,215891330,4.075000,true,matched_request_response
120,target_did_random_data,0x1234,2B,2E12342B,042E12342B000000,6E1234,positive,0x6E,,true,2026-06-20T19:29:30.889486+02:00,33784934741130,33784937276580,2.535450,true,true,215901746,215905833,4.087000,true,matched_request_response
121,unknown_did,0x2222,813D4F,2E2222813D4F,062E2222813D4F00,7F2E31,negative,0x7F,0x31,false,2026-06-20T19:29:30.904502+02:00,33784949757019,33784952829199,3.072180,true,true,215916761,215920839,4.078000,true,matched_request_response
122,target_did_random_data,0x1234,1F,2E12341F,042E12341F000000,6E1234,positive,0x6E,,true,2026-06-20T19:29:30.920087+02:00,33784965343022,33784968444955,3.101933,true,true,215932366,215936450,4.084000,true,matched_request_response
123,target_did_random_data,0x1234,FA8A1E,2E1234FA8A1E,062E1234FA8A1E00,6E1234,positive,0x6E,,true,2026-06-20T19:29:30.935723+02:00,33784980979940,33784984176578,3.196638,true,true,215948016,215952095,4.079000,true,matched_request_response
124,target_did_random_data,0x1234,A8FE9590,2E1234A8FE9590,072E1234A8FE9590,6E1234,positive,0x6E,,true,2026-06-20T19:29:30.951447+02:00,33784996703600,33784999696022,2.992422,true,true,215963678,215967753,4.075000,true,matched_request_response
125,target_did_random_data,0x1234,00196F92,2E123400196F92,072E123400196F92,6E1234,positive,0x6E,,true,2026-06-20T19:29:30.966931+02:00,33785012186867,33785014652336,2.465469,true,true,215979125,215983203,4.078000,true,matched_request_response
126,target_did_random_data,0x1234,CA,2E1234CA,042E1234CA000000,6E1234,positive,0x6E,,true,2026-06-20T19:29:30.981741+02:00,33785026997981,33785030168917,3.170936,true,true,215993996,215998083,4.087000,true,matched_request_response
127,read_only_did,0x1001,DB,2E1001DB,042E1001DB000000,7F2E31,negative,0x7F,0x31,false,2026-06-20T19:29:30.997178+02:00,33785042433476,33785044730837,2.297361,true,true,216009356,216013444,4.088000,true,matched_request_response
128,target_did_random_data,0x1234,863343,2E1234863343,062E123486334300,6E1234,positive,0x6E,,true,2026-06-20T19:29:31.011789+02:00,33785057044983,33785059277182,2.232199,true,true,216023938,216028016,4.078000,true,matched_request_response
129,target_did_random_data,0x1234,EEEE,2E1234EEEE,052E1234EEEE0000,6E1234,positive,0x6E,,true,2026-06-20T19:29:31.026351+02:00,33785071605715,33785073957692,2.351977,true,true,216038499,216042579,4.080000,true,matched_request_response
130,target_did_random_data,0x1234,44E0,2E123444E0,052E123444E00000,6E1234,positive,0x6E,,true,2026-06-20T19:29:31.041001+02:00,33785086255984,33785088616133,2.360149,true,true,216053142,216057225,4.083000,true,matched_request_response
131,target_did_random_data,0x1234,9A32,2E12349A32,052E12349A320000,6E1234,positive,0x6E,,true,2026-06-20T19:29:31.055705+02:00,33785100960520,33785103206199,2.245679,true,true,216067831,216071914,4.083000,true,matched_request_response
132,target_did_random_data,0x1234,6F99,2E12346F99,052E12346F990000,6E1234,positive,0x6E,,true,2026-06-20T19:29:31.070413+02:00,33785115679234,33785119125275,3.446041,true,true,216082689,216086772,4.083000,true,matched_request_response
133,unknown_did,0x2222,CBF982,2E2222CBF982,062E2222CBF98200,7F2E31,negative,0x7F,0x31,false,2026-06-20T19:29:31.086962+02:00,33785132218641,33785134451678,2.233037,true,true,216099109,216103188,4.079000,true,matched_request_response
134,target_did_random_data,0x1234,F8,2E1234F8,042E1234F8000000,6E1234,positive,0x6E,,true,2026-06-20T19:29:31.101717+02:00,33785146974231,33785150195803,3.221572,true,true,216113879,216117966,4.087000,true,matched_request_response
135,missing_data,0x1234,,2E1234,032E123400000000,7F2E13,negative,0x7F,0x13,false,2026-06-20T19:29:31.117596+02:00,33785162851752,33785165800733,2.948981,true,true,216129700,216133791,4.091000,true,matched_request_response
136,target_did_random_data,0x1234,23B8,2E123423B8,052E123423B80000,6E1234,positive,0x6E,,true,2026-06-20T19:29:31.133084+02:00,33785178340047,33785181365435,3.025388,true,true,216145163,216149246,4.083000,true,matched_request_response
137,target_did_random_data,0x1234,41FEEC,2E123441FEEC,062E123441FEEC00,6E1234,positive,0x6E,,true,2026-06-20T19:29:31.148427+02:00,33785193683631,33785196065989,2.382358,true,true,216160534,216164611,4.077000,true,matched_request_response
138,target_did_random_data,0x1234,14,2E123414,042E123414000000,6E1234,positive,0x6E,,true,2026-06-20T19:29:31.163140+02:00,33785208395640,33785210634823,2.239183,true,true,216175212,216179302,4.090000,true,matched_request_response
139,missing_data,0x1234,,2E1234,032E123400000000,7F2E13,negative,0x7F,0x13,false,2026-06-20T19:29:31.177684+02:00,33785222939331,33785225284045,2.344714,true,true,216189746,216193837,4.091000,true,matched_request_response
140,target_did_random_data,0x1234,249F,2E1234249F,052E1234249F0000,6E1234,positive,0x6E,,true,2026-06-20T19:29:31.192313+02:00,33785237569277,33785239936968,2.367691,true,true,216204387,216208468,4.081000,true,matched_request_response
141,target_did_random_data,0x1234,32B6DE,2E123432B6DE,062E123432B6DE00,6E1234,positive,0x6E,,true,2026-06-20T19:29:31.206950+02:00,33785252205717,33785254605396,2.399679,true,true,216218974,216223053,4.079000,true,matched_request_response
142,target_did_random_data,0x1234,B3299B,2E1234B3299B,062E1234B3299B00,6E1234,positive,0x6E,,true,2026-06-20T19:29:31.221647+02:00,33785266902500,33785269244979,2.342479,true,true,216233682,216237761,4.079000,true,matched_request_response
143,read_only_did,0x1001,FF17B3,2E1001FF17B3,062E1001FF17B300,7F2E31,negative,0x7F,0x31,false,2026-06-20T19:29:31.236504+02:00,33785281761455,33785284853052,3.091597,true,true,216248553,216252634,4.081000,true,matched_request_response
144,target_did_random_data,0x1234,1412A5C3,2E12341412A5C3,072E12341412A5C3,6E1234,positive,0x6E,,true,2026-06-20T19:29:31.251894+02:00,33785297149458,33785299507721,2.358263,true,true,216263899,216267974,4.075000,true,matched_request_response
145,unknown_did,0x2222,CF8F,2E2222CF8F,052E2222CF8F0000,7F2E31,negative,0x7F,0x31,false,2026-06-20T19:29:31.266516+02:00,33785311771232,33785314304238,2.533006,true,true,216278513,216282593,4.080000,true,matched_request_response
146,target_did_random_data,0x1234,D1E4,2E1234D1E4,052E1234D1E40000,6E1234,positive,0x6E,,true,2026-06-20T19:29:31.282834+02:00,33785328089732,33785330815988,2.726256,true,true,216294843,216298926,4.083000,true,matched_request_response
147,target_did_random_data,0x1234,351211,2E1234351211,062E123435121100,6E1234,positive,0x6E,,true,2026-06-20T19:29:31.297823+02:00,33785343078522,33785345413876,2.335354,true,true,216309791,216313869,4.078000,true,matched_request_response
148,target_did_random_data,0x1234,88FD7C0F,2E123488FD7C0F,072E123488FD7C0F,6E1234,positive,0x6E,,true,2026-06-20T19:29:31.312388+02:00,33785357643026,33785360144393,2.501367,true,true,216324352,216328428,4.076000,true,matched_request_response
149,target_did_random_data,0x1234,0607,2E12340607,052E123406070000,6E1234,positive,0x6E,,true,2026-06-20T19:29:31.327147+02:00,33785372402806,33785374723354,2.320548,true,true,216339108,216343200,4.092000,true,matched_request_response
150,target_did_random_data,0x1234,400F,2E1234400F,052E1234400F0000,6E1234,positive,0x6E,,true,2026-06-20T19:29:31.341747+02:00,33785387027024,33785389380607,2.353583,true,true,216353750,216357838,4.088000,true,matched_request_response
151,target_did_random_data,0x1234,900C,2E1234900C,052E1234900C0000,6E1234,positive,0x6E,,true,2026-06-20T19:29:31.356401+02:00,33785401656760,33785404084305,2.427545,true,true,216368337,216372421,4.084000,true,matched_request_response
152,target_did_random_data,0x1234,DF82CE,2E1234DF82CE,062E1234DF82CE00,6E1234,positive,0x6E,,true,2026-06-20T19:29:31.371146+02:00,33785416402572,33785418907781,2.505209,true,true,216383068,216387147,4.079000,true,matched_request_response
153,target_did_random_data,0x1234,13123369,2E123413123369,072E123413123369,6E1234,positive,0x6E,,true,2026-06-20T19:29:31.386141+02:00,33785431396320,33785434354590,2.958270,true,true,216398046,216402121,4.075000,true,matched_request_response
154,target_did_random_data,0x1234,3B485B6A,2E12343B485B6A,072E12343B485B6A,6E1234,positive,0x6E,,true,2026-06-20T19:29:31.401621+02:00,33785446876654,33785449909305,3.032651,true,true,216413563,216417636,4.073000,true,matched_request_response
155,target_did_random_data,0x1234,A7B8B87F,2E1234A7B8B87F,072E1234A7B8B87F,6E1234,positive,0x6E,,true,2026-06-20T19:29:31.416921+02:00,33785462176866,33785464637656,2.460790,true,true,216428810,216432885,4.075000,true,matched_request_response
156,target_did_random_data,0x1234,72AD6B,2E123472AD6B,062E123472AD6B00,6E1234,positive,0x6E,,true,2026-06-20T19:29:31.431639+02:00,33785476895510,33785479263690,2.368180,true,true,216443542,216447618,4.076000,true,matched_request_response
157,target_did_random_data,0x1234,49,2E123449,042E123449000000,6E1234,positive,0x6E,,true,2026-06-20T19:29:31.446276+02:00,33785491532579,33785493875197,2.342618,true,true,216458169,216462256,4.087000,true,matched_request_response
158,target_did_random_data,0x1234,2867,2E12342867,052E123428670000,6E1234,positive,0x6E,,true,2026-06-20T19:29:31.460932+02:00,33785506187947,33785508481117,2.293170,true,true,216472793,216476876,4.083000,true,matched_request_response
159,target_did_random_data,0x1234,9F3D,2E12349F3D,052E12349F3D0000,6E1234,positive,0x6E,,true,2026-06-20T19:29:31.475515+02:00,33785520772495,33785523194034,2.421539,true,true,216487386,216491467,4.081000,true,matched_request_response
160,target_did_random_data,0x1234,0FAEDC,2E12340FAEDC,062E12340FAEDC00,6E1234,positive,0x6E,,true,2026-06-20T19:29:31.490313+02:00,33785535568313,33785537813573,2.245260,true,true,216502159,216506242,4.083000,true,matched_request_response
161,unknown_did,0xF187,96819DC9,2EF18796819DC9,072EF18796819DC9,7F2E31,negative,0x7F,0x31,false,2026-06-20T19:29:31.504923+02:00,33785550187503,33785553679361,3.491858,true,true,216516908,216520983,4.075000,true,matched_request_response
162,unknown_did,0x2222,4414,2E22224414,052E222244140000,7F2E31,negative,0x7F,0x31,false,2026-06-20T19:29:31.521184+02:00,33785566440491,33785569134900,2.694409,true,true,216533038,216537121,4.083000,true,matched_request_response
163,target_did_random_data,0x1234,ED49C8,2E1234ED49C8,062E1234ED49C800,6E1234,positive,0x6E,,true,2026-06-20T19:29:31.536443+02:00,33785581699567,33785584661469,2.961902,true,true,216548284,216552363,4.079000,true,matched_request_response
164,target_did_random_data,0x1234,1FF395,2E12341FF395,062E12341FF39500,6E1234,positive,0x6E,,true,2026-06-20T19:29:31.551859+02:00,33785597115996,33785599324379,2.208383,true,true,216563705,216567783,4.078000,true,matched_request_response
165,missing_data,0x1234,,2E1234,032E123400000000,7F2E13,negative,0x7F,0x13,false,2026-06-20T19:29:31.566539+02:00,33785611794201,33785614051613,2.257412,true,true,216578350,216582439,4.089000,true,matched_request_response
166,unknown_did,0xF187,57F2,2EF18757F2,052EF18757F20000,7F2E31,negative,0x7F,0x31,false,2026-06-20T19:29:31.581105+02:00,33785626359823,33785628760479,2.400656,true,true,216592900,216596983,4.083000,true,matched_request_response
167,target_did_random_data,0x1234,705B6E,2E1234705B6E,062E1234705B6E00,6E1234,positive,0x6E,,true,2026-06-20T19:29:31.595775+02:00,33785641030765,33785643305986,2.275221,true,true,216607555,216611632,4.077000,true,matched_request_response
168,unknown_did,0x2222,9B35,2E22229B35,052E22229B350000,7F2E31,negative,0x7F,0x31,false,2026-06-20T19:29:31.610342+02:00,33785655598132,33785657932509,2.334377,true,true,216622134,216626217,4.083000,true,matched_request_response
169,target_did_random_data,0x1234,11,2E123411,042E123411000000,6E1234,positive,0x6E,,true,2026-06-20T19:29:31.624955+02:00,33785670210896,33785672549045,2.338149,true,true,216636728,216640815,4.087000,true,matched_request_response
170,unknown_did,0xF187,3E9D,2EF1873E9D,052EF1873E9D0000,7F2E31,negative,0x7F,0x31,false,2026-06-20T19:29:31.639548+02:00,33785684803267,33785687208603,2.405336,true,true,216651314,216655395,4.081000,true,matched_request_response
171,missing_data,0x1234,,2E1234,032E123400000000,7F2E13,negative,0x7F,0x13,false,2026-06-20T19:29:31.654273+02:00,33785699529523,33785701861316,2.331793,true,true,216666047,216670138,4.091000,true,matched_request_response
172,target_did_random_data,0x1234,A7909A3A,2E1234A7909A3A,072E1234A7909A3A,6E1234,positive,0x6E,,true,2026-06-20T19:29:31.668883+02:00,33785714139145,33785716476106,2.336961,true,true,216680620,216684693,4.073000,true,matched_request_response
173,unknown_did,0x2222,E2,2E2222E2,042E2222E2000000,7F2E31,negative,0x7F,0x31,false,2026-06-20T19:29:31.683513+02:00,33785728768601,33785731315854,2.547253,true,true,216695246,216699333,4.087000,true,matched_request_response
174,read_only_did,0x1001,F3,2E1001F3,042E1001F3000000,7F2E31,negative,0x7F,0x31,false,2026-06-20T19:29:31.698369+02:00,33785743626299,33785747036442,3.410143,true,true,216710132,216714223,4.091000,true,matched_request_response
175,target_did_random_data,0x1234,53,2E123453,042E123453000000,6E1234,positive,0x6E,,true,2026-06-20T19:29:31.714593+02:00,33785759847998,33785762349994,2.501996,true,true,216726303,216730388,4.085000,true,matched_request_response
176,target_did_random_data,0x1234,B6BABAC6,2E1234B6BABAC6,072E1234B6BABAC6,6E1234,positive,0x6E,,true,2026-06-20T19:29:31.729345+02:00,33785774601423,33785777114175,2.512752,true,true,216741024,216745098,4.074000,true,matched_request_response
177,read_only_did,0x1001,9582,2E10019582,052E100195820000,7F2E31,negative,0x7F,0x31,false,2026-06-20T19:29:31.744088+02:00,33785789343044,33785791913764,2.570720,true,true,216755778,216759865,4.087000,true,matched_request_response
178,target_did_random_data,0x1234,FA,2E1234FA,042E1234FA000000,6E1234,positive,0x6E,,true,2026-06-20T19:29:31.758996+02:00,33785804251587,33785807332218,3.080631,true,true,216770685,216774772,4.087000,true,matched_request_response
179,unknown_did,0x3333,63E933EB,2E333363E933EB,072E333363E933EB,7F2E31,negative,0x7F,0x31,false,2026-06-20T19:29:31.774371+02:00,33785819626949,33785822016780,2.389831,true,true,216786031,216790106,4.075000,true,matched_request_response
180,missing_data,0x1234,,2E1234,032E123400000000,7F2E13,negative,0x7F,0x13,false,2026-06-20T19:29:31.789070+02:00,33785834325687,33785836827265,2.501578,true,true,216800741,216804831,4.090000,true,matched_request_response
181,read_only_did,0x1001,05E9E2,2E100105E9E2,062E100105E9E200,7F2E31,negative,0x7F,0x31,false,2026-06-20T19:29:31.804015+02:00,33785849271455,33785852249630,2.978175,true,true,216815697,216819785,4.088000,true,matched_request_response
182,missing_data,0x1234,,2E1234,032E123400000000,7F2E13,negative,0x7F,0x13,false,2026-06-20T19:29:31.819518+02:00,33785864775535,33785867930268,3.154733,true,true,216831201,216835295,4.094000,true,matched_request_response
183,target_did_random_data,0x1234,AE7FDEB6,2E1234AE7FDEB6,072E1234AE7FDEB6,6E1234,positive,0x6E,,true,2026-06-20T19:29:31.835255+02:00,33785880511697,33785883528284,3.016587,true,true,216846906,216850981,4.075000,true,matched_request_response
184,target_did_random_data,0x1234,205F5B,2E1234205F5B,062E1234205F5B00,6E1234,positive,0x6E,,true,2026-06-20T19:29:31.850779+02:00,33785896034913,33785899308237,3.273324,true,true,216862406,216866483,4.077000,true,matched_request_response
185,missing_data,0x1234,,2E1234,032E123400000000,7F2E13,negative,0x7F,0x13,false,2026-06-20T19:29:31.866326+02:00,33785911581316,33785913888874,2.307558,true,true,216877954,216882044,4.090000,true,matched_request_response
186,missing_data,0x1234,,2E1234,032E123400000000,7F2E13,negative,0x7F,0x13,false,2026-06-20T19:29:31.880934+02:00,33785926189680,33785928571829,2.382149,true,true,216892556,216896644,4.088000,true,matched_request_response
187,target_did_random_data,0x1234,A09E4407,2E1234A09E4407,072E1234A09E4407,6E1234,positive,0x6E,,true,2026-06-20T19:29:31.895613+02:00,33785940869353,33785943150092,2.280739,true,true,216907260,216911339,4.079000,true,matched_request_response
188,missing_data,0x1234,,2E1234,032E123400000000,7F2E13,negative,0x7F,0x13,false,2026-06-20T19:29:31.910175+02:00,33785955432879,33785957766348,2.333469,true,true,216921783,216925874,4.091000,true,matched_request_response
189,target_did_random_data,0x1234,CFE35457,2E1234CFE35457,072E1234CFE35457,6E1234,positive,0x6E,,true,2026-06-20T19:29:31.924893+02:00,33785970155364,33785973376377,3.221013,true,true,216936577,216940649,4.072000,true,matched_request_response
190,target_did_random_data,0x1234,4B,2E12344B,042E12344B000000,6E1234,positive,0x6E,,true,2026-06-20T19:29:31.940423+02:00,33785985677742,33785988172195,2.494453,true,true,216952004,216956091,4.087000,true,matched_request_response
191,target_did_random_data,0x1234,20B5,2E123420B5,052E123420B50000,6E1234,positive,0x6E,,true,2026-06-20T19:29:31.955167+02:00,33786000422646,33786002631029,2.208383,true,true,216966737,216970819,4.082000,true,matched_request_response
192,target_did_random_data,0x1234,30,2E123430,042E123430000000,6E1234,positive,0x6E,,true,2026-06-20T19:29:31.969651+02:00,33786014907670,33786017268587,2.360917,true,true,216981226,216985316,4.090000,true,matched_request_response
193,target_did_random_data,0x1234,DD,2E1234DD,042E1234DD000000,6E1234,positive,0x6E,,true,2026-06-20T19:29:31.984467+02:00,33786029724162,33786031961110,2.236948,true,true,216996058,217000145,4.087000,true,matched_request_response
194,missing_data,0x1234,,2E1234,032E123400000000,7F2E13,negative,0x7F,0x13,false,2026-06-20T19:29:31.999278+02:00,33786044533320,33786047863564,3.330244,true,true,217010836,217014926,4.090000,true,matched_request_response
195,target_did_random_data,0x1234,BF,2E1234BF,042E1234BF000000,6E1234,positive,0x6E,,true,2026-06-20T19:29:32.014983+02:00,33786060239799,33786063386850,3.147051,true,true,217026531,217030616,4.085000,true,matched_request_response
196,target_did_random_data,0x1234,1337,2E12341337,052E123413370000,6E1234,positive,0x6E,,true,2026-06-20T19:29:32.030413+02:00,33786075669009,33786077855322,2.186313,true,true,217041945,217046027,4.082000,true,matched_request_response
197,target_did_random_data,0x1234,39B937,2E123439B937,062E123439B93700,6E1234,positive,0x6E,,true,2026-06-20T19:29:32.044842+02:00,33786090097811,33786092473045,2.375234,true,true,217056358,217060435,4.077000,true,matched_request_response
198,target_did_random_data,0x1234,9017,2E12349017,052E123490170000,6E1234,positive,0x6E,,true,2026-06-20T19:29:32.059499+02:00,33786104755763,33786107119333,2.363570,true,true,217071025,217075108,4.083000,true,matched_request_response
199,target_did_random_data,0x1234,2176,2E12342176,052E123421760000,6E1234,positive,0x6E,,true,2026-06-20T19:29:32.074121+02:00,33786119375860,33786121757031,2.381171,true,true,217085607,217089688,4.081000,true,matched_request_response
200,target_did_random_data,0x1234,E3452369,2E1234E3452369,072E1234E3452369,6E1234,positive,0x6E,,true,2026-06-20T19:29:32.088726+02:00,33786133980593,33786136431535,2.450942,true,true,217100207,217104282,4.075000,true,matched_request_response
201,target_did_random_data,0x1234,B1BA63,2E1234B1BA63,062E1234B1BA6300,6E1234,positive,0x6E,,true,2026-06-20T19:29:32.103456+02:00,33786148712087,33786151156534,2.444447,true,true,217114920,217118999,4.079000,true,matched_request_response
202,target_did_random_data,0x1234,52,2E123452,042E123452000000,6E1234,positive,0x6E,,true,2026-06-20T19:29:32.118524+02:00,33786163779938,33786166690785,2.910847,true,true,217129993,217134080,4.087000,true,matched_request_response
203,target_did_random_data,0x1234,57,2E123457,042E123457000000,6E1234,positive,0x6E,,true,2026-06-20T19:29:32.133797+02:00,33786179054588,33786181622166,2.567578,true,true,217145260,217149347,4.087000,true,matched_request_response
204,target_did_random_data,0x1234,E3D3,2E1234E3D3,052E1234E3D30000,6E1234,positive,0x6E,,true,2026-06-20T19:29:32.149082+02:00,33786194337690,33786197045229,2.707539,true,true,217160514,217164595,4.081000,true,matched_request_response
205,target_did_random_data,0x1234,83B61093,2E123483B61093,072E123483B61093,6E1234,positive,0x6E,,true,2026-06-20T19:29:32.164298+02:00,33786209555280,33786212913810,3.358530,true,true,217175734,217179808,4.074000,true,matched_request_response
206,target_did_random_data,0x1234,AA,2E1234AA,042E1234AA000000,6E1234,positive,0x6E,,true,2026-06-20T19:29:32.179931+02:00,33786225186471,33786228255648,3.069177,true,true,217191352,217195435,4.083000,true,matched_request_response
207,missing_data,0x1234,,2E1234,032E123400000000,7F2E13,negative,0x7F,0x13,false,2026-06-20T19:29:32.195243+02:00,33786240498696,33786242931759,2.433063,true,true,217206653,217210744,4.091000,true,matched_request_response
208,target_did_random_data,0x1234,017E2F4B,2E1234017E2F4B,072E1234017E2F4B,6E1234,positive,0x6E,,true,2026-06-20T19:29:32.209998+02:00,33786255253867,33786257526434,2.272567,true,true,217221395,217225472,4.077000,true,matched_request_response
209,target_did_random_data,0x1234,5C,2E12345C,042E12345C000000,6E1234,positive,0x6E,,true,2026-06-20T19:29:32.224508+02:00,33786269763615,33786272172583,2.408968,true,true,217235894,217239981,4.087000,true,matched_request_response
210,target_did_random_data,0x1234,45BA,2E123445BA,052E123445BA0000,6E1234,positive,0x6E,,true,2026-06-20T19:29:32.239164+02:00,33786284418843,33786286813074,2.394231,true,true,217250526,217254607,4.081000,true,matched_request_response
211,target_did_random_data,0x1234,3464D997,2E12343464D997,072E12343464D997,6E1234,positive,0x6E,,true,2026-06-20T19:29:32.253826+02:00,33786299082172,33786301488695,2.406523,true,true,217265163,217269238,4.075000,true,matched_request_response
212,unknown_did,0x3333,0A,2E33330A,042E33330A000000,7F2E31,negative,0x7F,0x31,false,2026-06-20T19:29:32.268854+02:00,33786314110911,33786317158159,3.047248,true,true,217280237,217284328,4.091000,true,matched_request_response
213,target_did_random_data,0x1234,3B414F,2E12343B414F,062E12343B414F00,6E1234,positive,0x6E,,true,2026-06-20T19:29:32.284374+02:00,33786329629867,33786332749121,3.119254,true,true,217295709,217299787,4.078000,true,matched_request_response
214,target_did_random_data,0x1234,6BD9,2E12346BD9,052E12346BD90000,6E1234,positive,0x6E,,true,2026-06-20T19:29:32.299810+02:00,33786345064874,33786347555555,2.490681,true,true,217311131,217315214,4.083000,true,matched_request_response
215,target_did_random_data,0x1234,B986946D,2E1234B986946D,072E1234B986946D,6E1234,positive,0x6E,,true,2026-06-20T19:29:32.314531+02:00,33786359786171,33786362067120,2.280949,true,true,217325827,217329901,4.074000,true,matched_request_response
216,target_did_random_data,0x1234,0D1D97,2E12340D1D97,062E12340D1D9700,6E1234,positive,0x6E,,true,2026-06-20T19:29:32.329175+02:00,33786374431062,33786376658373,2.227311,true,true,217340468,217344549,4.081000,true,matched_request_response
217,unknown_did,0x2222,64DDA3,2E222264DDA3,062E222264DDA300,7F2E31,negative,0x7F,0x31,false,2026-06-20T19:29:32.343700+02:00,33786388956316,33786391354318,2.398002,true,true,217355016,217359094,4.078000,true,matched_request_response
218,read_only_did,0x1001,1165,2E10011165,052E100111650000,7F2E31,negative,0x7F,0x31,false,2026-06-20T19:29:32.358360+02:00,33786403614616,33786405956257,2.341641,true,true,217369627,217373715,4.088000,true,matched_request_response
219,unknown_did,0x3333,4B,2E33334B,042E33334B000000,7F2E31,negative,0x7F,0x31,false,2026-06-20T19:29:32.372952+02:00,33786418207546,33786420663935,2.456389,true,true,217384223,217388313,4.090000,true,matched_request_response
220,target_did_random_data,0x1234,1C8862,2E12341C8862,062E12341C886200,6E1234,positive,0x6E,,true,2026-06-20T19:29:32.387846+02:00,33786433102120,33786436224447,3.122327,true,true,217399122,217403201,4.079000,true,matched_request_response
221,unknown_did,0xF187,77,2EF18777,042EF18777000000,7F2E31,negative,0x7F,0x31,false,2026-06-20T19:29:32.403196+02:00,33786448449894,33786450840494,2.390600,true,true,217414435,217418520,4.085000,true,matched_request_response
222,target_did_random_data,0x1234,10E1A816,2E123410E1A816,072E123410E1A816,6E1234,positive,0x6E,,true,2026-06-20T19:29:32.418224+02:00,33786463481008,33786466492567,3.011559,true,true,217429496,217433568,4.072000,true,matched_request_response
223,target_did_random_data,0x1234,CC1901,2E1234CC1901,062E1234CC190100,6E1234,positive,0x6E,,true,2026-06-20T19:29:32.433720+02:00,33786478976148,33786482165523,3.189375,true,true,217444983,217449066,4.083000,true,matched_request_response
224,target_did_random_data,0x1234,2F,2E12342F,042E12342F000000,6E1234,positive,0x6E,,true,2026-06-20T19:29:32.449177+02:00,33786494433015,33786496780801,2.347786,true,true,217460406,217464491,4.085000,true,matched_request_response
225,target_did_random_data,0x1234,C502,2E1234C502,052E1234C5020000,6E1234,positive,0x6E,,true,2026-06-20T19:29:32.463798+02:00,33786509053741,33786511412702,2.358961,true,true,217475014,217479101,4.087000,true,matched_request_response
226,unknown_did,0x3333,6DA444AF,2E33336DA444AF,072E33336DA444AF,7F2E31,negative,0x7F,0x31,false,2026-06-20T19:29:32.478391+02:00,33786523645902,33786526312654,2.666752,true,true,217489584,217493657,4.073000,true,matched_request_response
227,target_did_random_data,0x1234,A717,2E1234A717,052E1234A7170000,6E1234,positive,0x6E,,true,2026-06-20T19:29:32.493345+02:00,33786538600260,33786541873584,3.273324,true,true,217504549,217508630,4.081000,true,matched_request_response
228,target_did_random_data,0x1234,EC,2E1234EC,042E1234EC000000,6E1234,positive,0x6E,,true,2026-06-20T19:29:32.508827+02:00,33786554083387,33786556405682,2.322295,true,true,217520019,217524105,4.086000,true,matched_request_response
229,unknown_did,0xF187,1AE63E,2EF1871AE63E,062EF1871AE63E00,7F2E31,negative,0x7F,0x31,false,2026-06-20T19:29:32.523393+02:00,33786568648450,33786571048617,2.400167,true,true,217534571,217538648,4.077000,true,matched_request_response
230,unknown_did,0x2222,F2,2E2222F2,042E2222F2000000,7F2E31,negative,0x7F,0x31,false,2026-06-20T19:29:32.538115+02:00,33786583370516,33786585711318,2.340802,true,true,217549294,217553378,4.084000,true,matched_request_response
231,unknown_did,0xF187,AD26CE,2EF187AD26CE,062EF187AD26CE00,7F2E31,negative,0x7F,0x31,false,2026-06-20T19:29:32.552729+02:00,33786597984886,33786600459155,2.474269,true,true,217563924,217568003,4.079000,true,matched_request_response
232,target_did_random_data,0x1234,BA94AC54,2E1234BA94AC54,072E1234BA94AC54,6E1234,positive,0x6E,,true,2026-06-20T19:29:32.567826+02:00,33786613081581,33786615943051,2.861470,true,true,217578963,217583038,4.075000,true,matched_request_response
233,target_did_random_data,0x1234,522780,2E1234522780,062E123452278000,6E1234,positive,0x6E,,true,2026-06-20T19:29:32.582982+02:00,33786628237571,33786630610571,2.373000,true,true,217594117,217598196,4.079000,true,matched_request_response
234,target_did_random_data,0x1234,D5BF2D,2E1234D5BF2D,062E1234D5BF2D00,6E1234,positive,0x6E,,true,2026-06-20T19:29:32.597603+02:00,33786642858577,33786645267195,2.408618,true,true,217608729,217612808,4.079000,true,matched_request_response
235,unknown_did,0x3333,752D,2E3333752D,052E3333752D0000,7F2E31,negative,0x7F,0x31,false,2026-06-20T19:29:32.612302+02:00,33786657557595,33786659874791,2.317196,true,true,217623420,217627501,4.081000,true,matched_request_response
236,target_did_random_data,0x1234,AFB9,2E1234AFB9,052E1234AFB90000,6E1234,positive,0x6E,,true,2026-06-20T19:29:32.626904+02:00,33786672159953,33786674956889,2.796936,true,true,217638024,217642107,4.083000,true,matched_request_response
237,target_did_random_data,0x1234,D17912,2E1234D17912,062E1234D1791200,6E1234,positive,0x6E,,true,2026-06-20T19:29:32.642028+02:00,33786687284445,33786690212543,2.928098,true,true,217653135,217657214,4.079000,true,matched_request_response
238,target_did_random_data,0x1234,C7FB,2E1234C7FB,052E1234C7FB0000,6E1234,positive,0x6E,,true,2026-06-20T19:29:32.657491+02:00,33786702747248,33786705815658,3.068410,true,true,217668577,217672657,4.080000,true,matched_request_response
239,target_did_random_data,0x1234,A493267F,2E1234A493267F,072E1234A493267F,6E1234,positive,0x6E,,true,2026-06-20T19:29:32.672839+02:00,33786718094604,33786720456708,2.362104,true,true,217683894,217687969,4.075000,true,matched_request_response
240,target_did_random_data,0x1234,AC74CAA4,2E1234AC74CAA4,072E1234AC74CAA4,6E1234,positive,0x6E,,true,2026-06-20T19:29:32.687442+02:00,33786732697381,33786735167180,2.469799,true,true,217698492,217702564,4.072000,true,matched_request_response
241,read_only_did,0x1001,62,2E100162,042E100162000000,7F2E31,negative,0x7F,0x31,false,2026-06-20T19:29:32.702195+02:00,33786747450386,33786749730985,2.280599,true,true,217713262,217717352,4.090000,true,matched_request_response
242,missing_data,0x1234,,2E1234,032E123400000000,7F2E13,negative,0x7F,0x13,false,2026-06-20T19:29:32.716747+02:00,33786762026344,33786764384607,2.358263,true,true,217727819,217731910,4.091000,true,matched_request_response
243,target_did_random_data,0x1234,A104,2E1234A104,052E1234A1040000,6E1234,positive,0x6E,,true,2026-06-20T19:29:32.731374+02:00,33786776628772,33786779201517,2.572745,true,true,217742404,217746488,4.084000,true,matched_request_response
244,missing_data,0x1234,,2E1234,032E123400000000,7F2E13,negative,0x7F,0x13,false,2026-06-20T19:29:32.748835+02:00,33786794091412,33786796646069,2.554657,true,true,217759876,217763967,4.091000,true,matched_request_response
245,target_did_random_data,0x1234,4559C774,2E12344559C774,072E12344559C774,6E1234,positive,0x6E,,true,2026-06-20T19:29:32.763673+02:00,33786808928437,33786811235715,2.307278,true,true,217774675,217778750,4.075000,true,matched_request_response
246,target_did_random_data,0x1234,9C3E0841,2E12349C3E0841,072E12349C3E0841,6E1234,positive,0x6E,,true,2026-06-20T19:29:32.778211+02:00,33786823466750,33786825903515,2.436765,true,true,217789213,217793295,4.082000,true,matched_request_response
247,target_did_random_data,0x1234,EBEE077A,2E1234EBEE077A,072E1234EBEE077A,6E1234,positive,0x6E,,true,2026-06-20T19:29:32.792985+02:00,33786838242664,33786840558812,2.316148,true,true,217804009,217808088,4.079000,true,matched_request_response
248,target_did_random_data,0x1234,13DB,2E123413DB,052E123413DB0000,6E1234,positive,0x6E,,true,2026-06-20T19:29:32.807544+02:00,33786852800044,33786855265513,2.465469,true,true,217818532,217822612,4.080000,true,matched_request_response
249,target_did_random_data,0x1234,CB,2E1234CB,042E1234CB000000,6E1234,positive,0x6E,,true,2026-06-20T19:29:32.822275+02:00,33786867530142,33786869830017,2.299875,true,true,217833265,217837352,4.087000,true,matched_request_response
250,target_did_random_data,0x1234,E75B,2E1234E75B,052E1234E75B0000,6E1234,positive,0x6E,,true,2026-06-20T19:29:32.837013+02:00,33786882269808,33786884504870,2.235062,true,true,217847999,217852081,4.082000,true,matched_request_response
251,unknown_did,0xF187,4781E3E1,2EF1874781E3E1,072EF1874781E3E1,7F2E31,negative,0x7F,0x31,false,2026-06-20T19:29:32.851540+02:00,33786896795480,33786899173996,2.378516,true,true,217862502,217866575,4.073000,true,matched_request_response
252,target_did_random_data,0x1234,81,2E123481,042E123481000000,6E1234,positive,0x6E,,true,2026-06-20T19:29:32.866201+02:00,33786911457831,33786913841167,2.383336,true,true,217877165,217881252,4.087000,true,matched_request_response
253,target_did_random_data,0x1234,5BF4,2E12345BF4,052E12345BF40000,6E1234,positive,0x6E,,true,2026-06-20T19:29:32.880917+02:00,33786926172215,33786928493601,2.321386,true,true,217891862,217895945,4.083000,true,matched_request_response
254,target_did_random_data,0x1234,1CC8,2E12341CC8,052E12341CC80000,6E1234,positive,0x6E,,true,2026-06-20T19:29:32.895482+02:00,33786940737207,33786943127807,2.390600,true,true,217906422,217910502,4.080000,true,matched_request_response
255,target_did_random_data,0x1234,CF9ED523,2E1234CF9ED523,072E1234CF9ED523,6E1234,positive,0x6E,,true,2026-06-20T19:29:32.910166+02:00,33786955422956,33786957708933,2.285977,true,true,217921104,217925179,4.075000,true,matched_request_response
256,target_did_random_data,0x1234,600043AE,2E1234600043AE,072E1234600043AE,6E1234,positive,0x6E,,true,2026-06-20T19:29:32.924726+02:00,33786969982361,33786972387208,2.404847,true,true,217935651,217939729,4.078000,true,matched_request_response
257,target_did_random_data,0x1234,97ADEDDE,2E123497ADEDDE,072E123497ADEDDE,6E1234,positive,0x6E,,true,2026-06-20T19:29:32.939528+02:00,33786984783418,33786987036709,2.253291,true,true,217950426,217954498,4.072000,true,matched_request_response
258,target_did_random_data,0x1234,EF,2E1234EF,042E1234EF000000,6E1234,positive,0x6E,,true,2026-06-20T19:29:32.954098+02:00,33786999353020,33787001669937,2.316917,true,true,217965010,217969097,4.087000,true,matched_request_response
259,target_did_random_data,0x1234,6AB4,2E12346AB4,052E12346AB40000,6E1234,positive,0x6E,,true,2026-06-20T19:29:32.968707+02:00,33787013963689,33787016832283,2.868594,true,true,217979642,217983724,4.082000,true,matched_request_response
260,target_did_random_data,0x1234,7856,2E12347856,052E123478560000,6E1234,positive,0x6E,,true,2026-06-20T19:29:32.984900+02:00,33787030158080,33787032928966,2.770886,true,true,217995813,217999896,4.083000,true,matched_request_response
261,unknown_did,0xF187,FD81ECF9,2EF187FD81ECF9,072EF187FD81ECF9,7F2E31,negative,0x7F,0x31,false,2026-06-20T19:29:33.000228+02:00,33787045483645,33787048635865,3.152220,true,true,218011104,218015179,4.075000,true,matched_request_response
262,target_did_random_data,0x1234,9E8EDC,2E12349E8EDC,062E12349E8EDC00,6E1234,positive,0x6E,,true,2026-06-20T19:29:33.015638+02:00,33787060893369,33787063266788,2.373419,true,true,218026525,218030602,4.077000,true,matched_request_response
263,target_did_random_data,0x1234,FD,2E1234FD,042E1234FD000000,6E1234,positive,0x6E,,true,2026-06-20T19:29:33.030257+02:00,33787075512699,33787077851825,2.339126,true,true,218041119,218045206,4.087000,true,matched_request_response
264,target_did_random_data,0x1234,0C1DAB7B,2E12340C1DAB7B,072E12340C1DAB7B,6E1234,positive,0x6E,,true,2026-06-20T19:29:33.044839+02:00,33787090094663,33787092455021,2.360358,true,true,218055678,218059757,4.079000,true,matched_request_response
265,target_did_random_data,0x1234,D5,2E1234D5,042E1234D5000000,6E1234,positive,0x6E,,true,2026-06-20T19:29:33.059469+02:00,33787104726494,33787107161512,2.435018,true,true,218070330,218074415,4.085000,true,matched_request_response
266,target_did_random_data,0x1234,1932,2E12341932,052E123419320000,6E1234,positive,0x6E,,true,2026-06-20T19:29:33.074136+02:00,33787119391360,33787121899572,2.508212,true,true,218084949,218089032,4.083000,true,matched_request_response
267,target_did_random_data,0x1234,7BF6FD,2E12347BF6FD,062E12347BF6FD00,6E1234,positive,0x6E,,true,2026-06-20T19:29:33.088955+02:00,33787134211064,33787136414209,2.203145,true,true,218099762,218103841,4.079000,true,matched_request_response
268,target_did_random_data,0x1234,14,2E123414,042E123414000000,6E1234,positive,0x6E,,true,2026-06-20T19:29:33.103671+02:00,33787148928311,33787152155470,3.227159,true,true,218114509,218118594,4.085000,true,matched_request_response
269,target_did_random_data,0x1234,3D,2E12343D,042E12343D000000,6E1234,positive,0x6E,,true,2026-06-20T19:29:33.119427+02:00,33787164682771,33787167688813,3.006042,true,true,218130228,218134317,4.089000,true,matched_request_response
270,read_only_did,0x1001,E78261,2E1001E78261,062E1001E7826100,7F2E31,negative,0x7F,0x31,false,2026-06-20T19:29:33.135037+02:00,33787180293429,33787183330270,3.036841,true,true,218145856,218149939,4.083000,true,matched_request_response
271,target_did_random_data,0x1234,57,2E123457,042E123457000000,6E1234,positive,0x6E,,true,2026-06-20T19:29:33.150376+02:00,33787195631356,33787197969364,2.338008,true,true,218161147,218165234,4.087000,true,matched_request_response
272,target_did_random_data,0x1234,9CC231,2E12349CC231,062E12349CC23100,6E1234,positive,0x6E,,true,2026-06-20T19:29:33.164972+02:00,33787210226869,33787212946840,2.719971,true,true,218175732,218179811,4.079000,true,matched_request_response
273,missing_data,0x1234,,2E1234,032E123400000000,7F2E13,negative,0x7F,0x13,false,2026-06-20T19:29:33.179971+02:00,33787225228021,33787228229034,3.001013,true,true,218190743,218194834,4.091000,true,matched_request_response
274,target_did_random_data,0x1234,9761,2E12349761,052E123497610000,6E1234,positive,0x6E,,true,2026-06-20T19:29:33.195307+02:00,33787240563224,33787242866871,2.303647,true,true,218206053,218210136,4.083000,true,matched_request_response
275,target_did_random_data,0x1234,AE7751B8,2E1234AE7751B8,072E1234AE7751B8,6E1234,positive,0x6E,,true,2026-06-20T19:29:33.209825+02:00,33787255081633,33787257574200,2.492567,true,true,218220562,218224635,4.073000,true,matched_request_response
276,target_did_random_data,0x1234,B6B8,2E1234B6B8,052E1234B6B80000,6E1234,positive,0x6E,,true,2026-06-20T19:29:33.224601+02:00,33787269857057,33787272394393,2.537336,true,true,218235320,218239400,4.080000,true,matched_request_response
277,target_did_random_data,0x1234,31227E18,2E123431227E18,072E123431227E18,6E1234,positive,0x6E,,true,2026-06-20T19:29:33.239467+02:00,33787284722997,33787287823743,3.100746,true,true,218250182,218254256,4.074000,true,matched_request_response
278,target_did_random_data,0x1234,DE897A,2E1234DE897A,062E1234DE897A00,6E1234,positive,0x6E,,true,2026-06-20T19:29:33.255133+02:00,33787300400562,33787303775994,3.375432,true,true,218266023,218270102,4.079000,true,matched_request_response
279,target_did_random_data,0x1234,9EFA,2E12349EFA,052E12349EFA0000,6E1234,positive,0x6E,,true,2026-06-20T19:29:33.271243+02:00,33787316497944,33787319231254,2.733310,true,true,218281937,218286020,4.083000,true,matched_request_response
280,target_did_random_data,0x1234,B9,2E1234B9,042E1234B9000000,6E1234,positive,0x6E,,true,2026-06-20T19:29:33.286486+02:00,33787331742493,33787334679461,2.936968,true,true,218297200,218301289,4.089000,true,matched_request_response
281,target_did_random_data,0x1234,A6FF6B,2E1234A6FF6B,062E1234A6FF6B00,6E1234,positive,0x6E,,true,2026-06-20T19:29:33.301889+02:00,33787347144813,33787349365698,2.220885,true,true,218312557,218316634,4.077000,true,matched_request_response
282,unknown_did,0xF187,4804,2EF1874804,052EF18748040000,7F2E31,negative,0x7F,0x31,false,2026-06-20T19:29:33.316587+02:00,33787361842993,33787365032019,3.189026,true,true,218327255,218331342,4.087000,true,matched_request_response
283,target_did_random_data,0x1234,7EE94603,2E12347EE94603,072E12347EE94603,6E1234,positive,0x6E,,true,2026-06-20T19:29:33.332105+02:00,33787377362717,33787379665806,2.303089,true,true,218342773,218346852,4.079000,true,matched_request_response
284,target_did_random_data,0x1234,E9,2E1234E9,042E1234E9000000,6E1234,positive,0x6E,,true,2026-06-20T19:29:33.346909+02:00,33787392166358,33787395258514,3.092156,true,true,218357582,218361667,4.085000,true,matched_request_response
285,target_did_random_data,0x1234,E785FA,2E1234E785FA,062E1234E785FA00,6E1234,positive,0x6E,,true,2026-06-20T19:29:33.362338+02:00,33787407594031,33787409856052,2.262021,true,true,218372994,218377073,4.079000,true,matched_request_response
286,target_did_random_data,0x1234,4078,2E12344078,052E123440780000,6E1234,positive,0x6E,,true,2026-06-20T19:29:33.376851+02:00,33787422108179,33787424531185,2.423006,true,true,218387505,218391586,4.081000,true,matched_request_response
287,target_did_random_data,0x1234,BC233C,2E1234BC233C,062E1234BC233C00,6E1234,positive,0x6E,,true,2026-06-20T19:29:33.391546+02:00,33787436802029,33787439216864,2.414835,true,true,218402154,218406233,4.079000,true,matched_request_response
288,target_did_random_data,0x1234,ADAF,2E1234ADAF,052E1234ADAF0000,6E1234,positive,0x6E,,true,2026-06-20T19:29:33.406274+02:00,33787451529753,33787453812726,2.282973,true,true,218416883,218420966,4.083000,true,matched_request_response
289,target_did_random_data,0x1234,EF,2E1234EF,042E1234EF000000,6E1234,positive,0x6E,,true,2026-06-20T19:29:33.420824+02:00,33787466080288,33787468519637,2.439349,true,true,218431415,218435500,4.085000,true,matched_request_response
290,target_did_random_data,0x1234,D51402D8,2E1234D51402D8,072E1234D51402D8,6E1234,positive,0x6E,,true,2026-06-20T19:29:33.435538+02:00,33787480794113,33787483107468,2.313355,true,true,218446107,218450186,4.079000,true,matched_request_response
291,target_did_random_data,0x1234,AF65E897,2E1234AF65E897,072E1234AF65E897,6E1234,positive,0x6E,,true,2026-06-20T19:29:33.450121+02:00,33787495377195,33787497809768,2.432573,true,true,218460686,218464761,4.075000,true,matched_request_response
292,target_did_random_data,0x1234,5502,2E12345502,052E123455020000,6E1234,positive,0x6E,,true,2026-06-20T19:29:33.464845+02:00,33787510100657,33787512443136,2.342479,true,true,218475424,218479509,4.085000,true,matched_request_response
293,target_did_random_data,0x1234,8C58,2E12348C58,052E12348C580000,6E1234,positive,0x6E,,true,2026-06-20T19:29:33.479476+02:00,33787524732069,33787527133703,2.401634,true,true,218490021,218494103,4.082000,true,matched_request_response
294,unknown_did,0x2222,993B32,2E2222993B32,062E2222993B3200,7F2E31,negative,0x7F,0x31,false,2026-06-20T19:29:33.494127+02:00,33787539382897,33787541700093,2.317196,true,true,218504665,218508744,4.079000,true,matched_request_response
295,target_did_random_data,0x1234,7F00,2E12347F00,052E12347F000000,6E1234,positive,0x6E,,true,2026-06-20T19:29:33.508737+02:00,33787553992868,33787556357695,2.364827,true,true,218519305,218523390,4.085000,true,matched_request_response
296,target_did_random_data,0x1234,427557,2E1234427557,062E123442755700,6E1234,positive,0x6E,,true,2026-06-20T19:29:33.523347+02:00,33787568602489,33787571053920,2.451431,true,true,218533856,218537935,4.079000,true,matched_request_response
297,target_did_random_data,0x1234,36,2E123436,042E123436000000,6E1234,positive,0x6E,,true,2026-06-20T19:29:33.538077+02:00,33787583334472,33787585666265,2.331793,true,true,218548627,218552713,4.086000,true,matched_request_response
298,unknown_did,0xF187,156D,2EF187156D,052EF187156D0000,7F2E31,negative,0x7F,0x31,false,2026-06-20T19:29:33.552697+02:00,33787597952754,33787600356763,2.404009,true,true,218563199,218567282,4.083000,true,matched_request_response
299,target_did_random_data,0x1234,D8A782BB,2E1234D8A782BB,072E1234D8A782BB,6E1234,positive,0x6E,,true,2026-06-20T19:29:33.567408+02:00,33787612663925,33787614923921,2.259996,true,true,218577881,218581955,4.074000,true,matched_request_response
300,target_did_random_data,0x1234,9A,2E12349A,042E12349A000000,6E1234,positive,0x6E,,true,2026-06-20T19:29:33.581926+02:00,33787627181705,33787629590952,2.409247,true,true,218592410,218596494,4.084000,true,matched_request_response
301,target_did_random_data,0x1234,68FD5C,2E123468FD5C,062E123468FD5C00,6E1234,positive,0x6E,,true,2026-06-20T19:29:33.596649+02:00,33787641904679,33787644239475,2.334796,true,true,218607130,218611208,4.078000,true,matched_request_response
302,target_did_random_data,0x1234,8D8F,2E12348D8F,052E12348D8F0000,6E1234,positive,0x6E,,true,2026-06-20T19:29:33.611255+02:00,33787656510389,33787658879058,2.368669,true,true,218621709,218625791,4.082000,true,matched_request_response
303,target_did_random_data,0x1234,43B7779E,2E123443B7779E,072E123443B7779E,6E1234,positive,0x6E,,true,2026-06-20T19:29:33.625923+02:00,33787671178468,33787673859607,2.681139,true,true,218636353,218640426,4.073000,true,matched_request_response
304,target_did_random_data,0x1234,0CF87C,2E12340CF87C,062E12340CF87C00,6E1234,positive,0x6E,,true,2026-06-20T19:29:33.640883+02:00,33787686139251,33787689199559,3.060308,true,true,218651329,218655410,4.081000,true,matched_request_response
305,target_did_random_data,0x1234,16F1,2E123416F1,052E123416F10000,6E1234,positive,0x6E,,true,2026-06-20T19:29:33.656506+02:00,33787701772398,33787705021557,3.249159,true,true,218667128,218671210,4.082000,true,matched_request_response
306,target_did_random_data,0x1234,5F3FD4,2E12345F3FD4,062E12345F3FD400,6E1234,positive,0x6E,,true,2026-06-20T19:29:33.672574+02:00,33787717828713,33787720452652,2.623939,true,true,218682979,218687058,4.079000,true,matched_request_response
307,target_did_random_data,0x1234,39,2E123439,042E123439000000,6E1234,positive,0x6E,,true,2026-06-20T19:29:33.687856+02:00,33787733111814,33787736119741,3.007927,true,true,218698261,218702348,4.087000,true,matched_request_response
308,target_did_random_data,0x1234,B49A,2E1234B49A,052E1234B49A0000,6E1234,positive,0x6E,,true,2026-06-20T19:29:33.703307+02:00,33787748562185,33787751690728,3.128543,true,true,218713695,218717778,4.083000,true,matched_request_response
309,unknown_did,0x3333,6E,2E33336E,042E33336E000000,7F2E31,negative,0x7F,0x31,false,2026-06-20T19:29:33.718685+02:00,33787763940271,33787766311455,2.371184,true,true,218729065,218733151,4.086000,true,matched_request_response
310,target_did_random_data,0x1234,BC7FDD,2E1234BC7FDD,062E1234BC7FDD00,6E1234,positive,0x6E,,true,2026-06-20T19:29:33.733495+02:00,33787778763747,33787781894175,3.130428,true,true,218744033,218748112,4.079000,true,matched_request_response
311,target_did_random_data,0x1234,CC0C85,2E1234CC0C85,062E1234CC0C8500,6E1234,positive,0x6E,,true,2026-06-20T19:29:33.748946+02:00,33787794209858,33787796544724,2.334866,true,true,218759396,218763477,4.081000,true,matched_request_response
312,target_did_random_data,0x1234,5D,2E12345D,042E12345D000000,6E1234,positive,0x6E,,true,2026-06-20T19:29:33.763498+02:00,33787808753828,33787811368269,2.614441,true,true,218773854,218777941,4.087000,true,matched_request_response
313,target_did_random_data,0x1234,9076E296,2E12349076E296,072E12349076E296,6E1234,positive,0x6E,,true,2026-06-20T19:29:33.778997+02:00,33787824252809,33787826867111,2.614302,true,true,218789304,218793376,4.072000,true,matched_request_response
314,target_did_random_data,0x1234,42565B4F,2E123442565B4F,072E123442565B4F,6E1234,positive,0x6E,,true,2026-06-20T19:29:33.793844+02:00,33787839101288,33787841488395,2.387107,true,true,218804163,218808238,4.075000,true,matched_request_response
315,target_did_random_data,0x1234,454541E0,2E1234454541E0,072E1234454541E0,6E1234,positive,0x6E,,true,2026-06-20T19:29:33.811117+02:00,33787856373052,33787859351715,2.978663,true,true,218821422,218825494,4.072000,true,matched_request_response
316,target_did_random_data,0x1234,45,2E123445,042E123445000000,6E1234,positive,0x6E,,true,2026-06-20T19:29:33.826345+02:00,33787871600769,33787874738252,3.137483,true,true,218836650,218840737,4.087000,true,matched_request_response
317,missing_data,0x1234,,2E1234,032E123400000000,7F2E13,negative,0x7F,0x13,false,2026-06-20T19:29:33.841791+02:00,33787887046042,33787889461226,2.415184,true,true,218852091,218856182,4.091000,true,matched_request_response
318,unknown_did,0x2222,9968,2E22229968,052E222299680000,7F2E31,negative,0x7F,0x31,false,2026-06-20T19:29:33.856669+02:00,33787901929582,33787905305572,3.375990,true,true,218867132,218871215,4.083000,true,matched_request_response
319,read_only_did,0x1001,440442,2E1001440442,062E100144044200,7F2E31,negative,0x7F,0x31,false,2026-06-20T19:29:33.872776+02:00,33787918030525,33787920673810,2.643285,true,true,218883056,218887143,4.087000,true,matched_request_response
320,read_only_did,0x1001,D6A5,2E1001D6A5,052E1001D6A50000,7F2E31,negative,0x7F,0x31,false,2026-06-20T19:29:33.887714+02:00,33787932969518,33787935259337,2.289819,true,true,218898003,218902090,4.087000,true,matched_request_response
321,missing_data,0x1234,,2E1234,032E123400000000,7F2E13,negative,0x7F,0x13,false,2026-06-20T19:29:33.902576+02:00,33787947849286,33787950890457,3.041171,true,true,218913017,218917108,4.091000,true,matched_request_response
322,target_did_random_data,0x1234,BD8C,2E1234BD8C,052E1234BD8C0000,6E1234,positive,0x6E,,true,2026-06-20T19:29:33.917831+02:00,33787963086572,33787965753114,2.666542,true,true,218928081,218932163,4.082000,true,matched_request_response
323,unknown_did,0xF187,0264,2EF1870264,052EF18702640000,7F2E31,negative,0x7F,0x31,false,2026-06-20T19:29:33.932925+02:00,33787978191578,33787981161581,2.970003,true,true,218943346,218947431,4.085000,true,matched_request_response
324,target_did_random_data,0x1234,705CD1,2E1234705CD1,062E1234705CD100,6E1234,positive,0x6E,,true,2026-06-20T19:29:33.948145+02:00,33787993401904,33787996095964,2.694060,true,true,218958390,218962467,4.077000,true,matched_request_response
325,unknown_did,0x2222,521E,2E2222521E,052E2222521E0000,7F2E31,negative,0x7F,0x31,false,2026-06-20T19:29:33.963665+02:00,33788008920511,33788011482221,2.561710,true,true,218973898,218977981,4.083000,true,matched_request_response
326,target_did_random_data,0x1234,6EC8A368,2E12346EC8A368,072E12346EC8A368,6E1234,positive,0x6E,,true,2026-06-20T19:29:33.978517+02:00,33788023773809,33788026175862,2.402053,true,true,218988762,218992837,4.075000,true,matched_request_response
327,target_did_random_data,0x1234,D54A,2E1234D54A,052E1234D54A0000,6E1234,positive,0x6E,,true,2026-06-20T19:29:33.993188+02:00,33788038444751,33788040743998,2.299247,true,true,219003421,219007501,4.080000,true,matched_request_response
328,target_did_random_data,0x1234,F2,2E1234F2,042E1234F2000000,6E1234,positive,0x6E,,true,2026-06-20T19:29:34.007815+02:00,33788053071134,33788055437708,2.366574,true,true,219018041,219022128,4.087000,true,matched_request_response
329,target_did_random_data,0x1234,992827,2E1234992827,062E123499282700,6E1234,positive,0x6E,,true,2026-06-20T19:29:34.022528+02:00,33788067785098,33788070066955,2.281857,true,true,219032746,219036825,4.079000,true,matched_request_response
330,target_did_random_data,0x1234,CAE7,2E1234CAE7,052E1234CAE70000,6E1234,positive,0x6E,,true,2026-06-20T19:29:34.037099+02:00,33788082355399,33788084665471,2.310072,true,true,219047291,219051370,4.079000,true,matched_request_response
331,missing_data,0x1234,,2E1234,032E123400000000,7F2E13,negative,0x7F,0x13,false,2026-06-20T19:29:34.051644+02:00,33788096899579,33788099369379,2.469800,true,true,219061843,219065934,4.091000,true,matched_request_response
332,target_did_random_data,0x1234,16,2E123416,042E123416000000,6E1234,positive,0x6E,,true,2026-06-20T19:29:34.066488+02:00,33788111752388,33788115168328,3.415940,true,true,219076844,219080931,4.087000,true,matched_request_response
333,unknown_did,0x3333,16,2E333316,042E333316000000,7F2E31,negative,0x7F,0x31,false,2026-06-20T19:29:34.082146+02:00,33788127401458,33788129713765,2.312307,true,true,219092305,219096390,4.085000,true,matched_request_response
334,target_did_random_data,0x1234,354BE0,2E1234354BE0,062E1234354BE000,6E1234,positive,0x6E,,true,2026-06-20T19:29:34.096763+02:00,33788142016877,33788144449450,2.432573,true,true,219106896,219110974,4.078000,true,matched_request_response
335,target_did_random_data,0x1234,9E0E35,2E12349E0E35,062E12349E0E3500,6E1234,positive,0x6E,,true,2026-06-20T19:29:34.111716+02:00,33788156971374,33788160030635,3.059261,true,true,219121868,219125951,4.083000,true,matched_request_response
336,read_only_did,0x1001,67A08F,2E100167A08F,062E100167A08F00,7F2E31,negative,0x7F,0x31,false,2026-06-20T19:29:34.127213+02:00,33788172469029,33788175503495,3.034466,true,true,219137336,219141417,4.081000,true,matched_request_response
337,target_did_random_data,0x1234,59123C,2E123459123C,062E123459123C00,6E1234,positive,0x6E,,true,2026-06-20T19:29:34.142531+02:00,33788187787260,33788190146850,2.359590,true,true,219152663,219156742,4.079000,true,matched_request_response
338,target_did_random_data,0x1234,E747C1,2E1234E747C1,062E1234E747C100,6E1234,positive,0x6E,,true,2026-06-20T19:29:34.157362+02:00,33788202627079,33788205783069,3.155990,true,true,219167629,219171706,4.077000,true,matched_request_response
339,missing_data,0x1234,,2E1234,032E123400000000,7F2E13,negative,0x7F,0x13,false,2026-06-20T19:29:34.172824+02:00,33788218080872,33788220690564,2.609692,true,true,219182954,219187044,4.090000,true,matched_request_response
340,target_did_random_data,0x1234,871BB88A,2E1234871BB88A,072E1234871BB88A,6E1234,positive,0x6E,,true,2026-06-20T19:29:34.188048+02:00,33788233303491,33788236122777,2.819286,true,true,219198130,219202204,4.074000,true,matched_request_response
341,target_did_random_data,0x1234,64,2E123464,042E123464000000,6E1234,positive,0x6E,,true,2026-06-20T19:29:34.203534+02:00,33788248809107,33788252074818,3.265711,true,true,219213815,219217901,4.086000,true,matched_request_response
342,target_did_random_data,0x1234,888808FC,2E1234888808FC,072E1234888808FC,6E1234,positive,0x6E,,true,2026-06-20T19:29:34.219851+02:00,33788265106165,33788267293107,2.186942,true,true,219229928,219234007,4.079000,true,matched_request_response
343,read_only_did,0x1001,257F,2E1001257F,052E1001257F0000,7F2E31,negative,0x7F,0x31,false,2026-06-20T19:29:34.234274+02:00,33788279529939,33788282186703,2.656764,true,true,219244349,219248434,4.085000,true,matched_request_response
344,read_only_did,0x1001,5B1D32,2E10015B1D32,062E10015B1D3200,7F2E31,negative,0x7F,0x31,false,2026-06-20T19:29:34.249167+02:00,33788294421789,33788296576395,2.154606,true,true,219259216,219263302,4.086000,true,matched_request_response
345,target_did_random_data,0x1234,A6,2E1234A6,042E1234A6000000,6E1234,positive,0x6E,,true,2026-06-20T19:29:34.263803+02:00,33788309072198,33788312190684,3.118486,true,true,219274050,219278137,4.087000,true,matched_request_response
346,target_did_random_data,0x1234,8A,2E12348A,042E12348A000000,6E1234,positive,0x6E,,true,2026-06-20T19:29:34.279140+02:00,33788324395318,33788327128001,2.732683,true,true,219289193,219293280,4.087000,true,matched_request_response
347,target_did_random_data,0x1234,9024D609,2E12349024D609,072E12349024D609,6E1234,positive,0x6E,,true,2026-06-20T19:29:34.294423+02:00,33788339677721,33788342677896,3.000175,true,true,219304427,219308504,4.077000,true,matched_request_response
348,target_did_random_data,0x1234,423B,2E1234423B,052E1234423B0000,6E1234,positive,0x6E,,true,2026-06-20T19:29:34.309690+02:00,33788354946436,33788357173746,2.227310,true,true,219319716,219323799,4.083000,true,matched_request_response
349,target_did_random_data,0x1234,74E6733C,2E123474E6733C,072E123474E6733C,6E1234,positive,0x6E,,true,2026-06-20T19:29:34.324184+02:00,33788369439492,33788371792796,2.353304,true,true,219334183,219338258,4.075000,true,matched_request_response
350,target_did_random_data,0x1234,1474C765,2E12341474C765,072E12341474C765,6E1234,positive,0x6E,,true,2026-06-20T19:29:34.338958+02:00,33788384223996,33788387474342,3.250346,true,true,219349099,219353174,4.075000,true,matched_request_response
351,target_did_random_data,0x1234,CBB6F985,2E1234CBB6F985,072E1234CBB6F985,6E1234,positive,0x6E,,true,2026-06-20T19:29:34.354522+02:00,33788399777244,33788402433170,2.655926,true,true,219364515,219368587,4.072000,true,matched_request_response
352,target_did_random_data,0x1234,6D21,2E12346D21,052E12346D210000,6E1234,positive,0x6E,,true,2026-06-20T19:29:34.370088+02:00,33788415351165,33788417945561,2.594396,true,true,219380187,219384270,4.083000,true,matched_request_response
353,unknown_did,0xF187,AA6544,2EF187AA6544,062EF187AA654400,7F2E31,negative,0x7F,0x31,false,2026-06-20T19:29:34.385032+02:00,33788430287364,33788433355774,3.068410,true,true,219394998,219399076,4.078000,true,matched_request_response
354,missing_data,0x1234,,2E1234,032E123400000000,7F2E13,negative,0x7F,0x13,false,2026-06-20T19:29:34.400605+02:00,33788445873088,33788448951904,3.078816,true,true,219410687,219414778,4.091000,true,matched_request_response
355,target_did_random_data,0x1234,6DB3A2,2E12346DB3A2,062E12346DB3A200,6E1234,positive,0x6E,,true,2026-06-20T19:29:34.416090+02:00,33788461346367,33788463824199,2.477832,true,true,219426025,219430104,4.079000,true,matched_request_response
356,target_did_random_data,0x1234,39,2E123439,042E123439000000,6E1234,positive,0x6E,,true,2026-06-20T19:29:34.431462+02:00,33788476727596,33788479186011,2.458415,true,true,219441552,219445636,4.084000,true,matched_request_response
357,target_did_random_data,0x1234,BC,2E1234BC,042E1234BC000000,6E1234,positive,0x6E,,true,2026-06-20T19:29:34.446166+02:00,33788491421027,33788493808972,2.387945,true,true,219456099,219460186,4.087000,true,matched_request_response
358,target_did_random_data,0x1234,FD361111,2E1234FD361111,072E1234FD361111,6E1234,positive,0x6E,,true,2026-06-20T19:29:34.460814+02:00,33788506069480,33788508513857,2.444377,true,true,219470731,219474806,4.075000,true,matched_request_response
359,target_did_random_data,0x1234,CBCE77DC,2E1234CBCE77DC,072E1234CBCE77DC,6E1234,positive,0x6E,,true,2026-06-20T19:29:34.475507+02:00,33788520762911,33788523162590,2.399679,true,true,219485412,219489485,4.073000,true,matched_request_response
360,target_did_random_data,0x1234,4E24F8,2E12344E24F8,062E12344E24F800,6E1234,positive,0x6E,,true,2026-06-20T19:29:34.490181+02:00,33788535436298,33788537936548,2.500250,true,true,219500092,219504171,4.079000,true,matched_request_response
361,target_did_random_data,0x1234,06DBE2,2E123406DBE2,062E123406DBE200,6E1234,positive,0x6E,,true,2026-06-20T19:29:34.504969+02:00,33788550224573,33788552487782,2.263209,true,true,219514856,219518939,4.083000,true,matched_request_response
362,unknown_did,0x3333,884ED6C5,2E3333884ED6C5,072E3333884ED6C5,7F2E31,negative,0x7F,0x31,false,2026-06-20T19:29:34.519633+02:00,33788564896004,33788568149144,3.253140,true,true,219529619,219533691,4.072000,true,matched_request_response
363,target_did_random_data,0x1234,56086C,2E123456086C,062E123456086C00,6E1234,positive,0x6E,,true,2026-06-20T19:29:34.535192+02:00,33788580447436,33788582759255,2.311819,true,true,219545063,219549146,4.083000,true,matched_request_response
364,target_did_random_data,0x1234,6F,2E12346F,042E12346F000000,6E1234,positive,0x6E,,true,2026-06-20T19:29:34.549958+02:00,33788595212804,33788597431105,2.218301,true,true,219559825,219563912,4.087000,true,matched_request_response
365,target_did_random_data,0x1234,EDC8,2E1234EDC8,052E1234EDC80000,6E1234,positive,0x6E,,true,2026-06-20T19:29:34.564445+02:00,33788609701251,33788612080605,2.379354,true,true,219574299,219578380,4.081000,true,matched_request_response
366,target_did_random_data,0x1234,18CE95B4,2E123418CE95B4,072E123418CE95B4,6E1234,positive,0x6E,,true,2026-06-20T19:29:34.579124+02:00,33788624379107,33788626676398,2.297291,true,true,219588947,219593022,4.075000,true,matched_request_response
367,target_did_random_data,0x1234,17857D48,2E123417857D48,072E123417857D48,6E1234,positive,0x6E,,true,2026-06-20T19:29:34.593697+02:00,33788638954506,33788641351740,2.397234,true,true,219603528,219607600,4.072000,true,matched_request_response
368,target_did_random_data,0x1234,1DD2CE39,2E12341DD2CE39,072E12341DD2CE39,6E1234,positive,0x6E,,true,2026-06-20T19:29:34.608383+02:00,33788653639137,33788656038327,2.399190,true,true,219618213,219622291,4.078000,true,matched_request_response
369,target_did_random_data,0x1234,BE6A62,2E1234BE6A62,062E1234BE6A6200,6E1234,positive,0x6E,,true,2026-06-20T19:29:34.623090+02:00,33788668344930,33788670660240,2.315310,true,true,219632881,219636960,4.079000,true,matched_request_response
370,target_did_random_data,0x1234,A7CC,2E1234A7CC,052E1234A7CC0000,6E1234,positive,0x6E,,true,2026-06-20T19:29:34.637967+02:00,33788683235872,33788686504028,3.268156,true,true,219647983,219652066,4.083000,true,matched_request_response
371,read_only_did,0x1001,40830C,2E100140830C,062E100140830C00,7F2E31,negative,0x7F,0x31,false,2026-06-20T19:29:34.653795+02:00,33788699050955,33788701893707,2.842752,true,true,219663598,219667683,4.085000,true,matched_request_response
372,unknown_did,0x2222,1CED,2E22221CED,052E22221CED0000,7F2E31,negative,0x7F,0x31,false,2026-06-20T19:29:34.669027+02:00,33788714283003,33788716571354,2.288351,true,true,219678802,219682884,4.082000,true,matched_request_response
373,target_did_random_data,0x1234,7C13,2E12347C13,052E12347C130000,6E1234,positive,0x6E,,true,2026-06-20T19:29:34.683826+02:00,33788729081824,33788732248850,3.167026,true,true,219693603,219697684,4.081000,true,matched_request_response
374,target_did_random_data,0x1234,1E93EE,2E12341E93EE,062E12341E93EE00,6E1234,positive,0x6E,,true,2026-06-20T19:29:34.699282+02:00,33788744539739,33788746854909,2.315170,true,true,219709061,219713140,4.079000,true,matched_request_response
375,target_did_random_data,0x1234,4675A40E,2E12344675A40E,072E12344675A40E,6E1234,positive,0x6E,,true,2026-06-20T19:29:34.713986+02:00,33788759242528,33788761521521,2.278993,true,true,219723718,219727797,4.079000,true,matched_request_response
376,target_did_random_data,0x1234,96,2E123496,042E123496000000,6E1234,positive,0x6E,,true,2026-06-20T19:29:34.728505+02:00,33788773760518,33788776432368,2.671850,true,true,219738238,219742326,4.088000,true,matched_request_response
377,target_did_random_data,0x1234,B94771CD,2E1234B94771CD,072E1234B94771CD,6E1234,positive,0x6E,,true,2026-06-20T19:29:34.743505+02:00,33788788761041,33788791739705,2.978664,true,true,219753214,219757292,4.078000,true,matched_request_response
378,target_did_random_data,0x1234,B3,2E1234B3,042E1234B3000000,6E1234,positive,0x6E,,true,2026-06-20T19:29:34.758861+02:00,33788804118943,33788806465961,2.347018,true,true,219768610,219772695,4.085000,true,matched_request_response
379,missing_data,0x1234,,2E1234,032E123400000000,7F2E13,negative,0x7F,0x13,false,2026-06-20T19:29:34.773697+02:00,33788818953034,33788822069984,3.116950,true,true,219783408,219787497,4.089000,true,matched_request_response
380,read_only_did,0x1001,EA80,2E1001EA80,052E1001EA800000,7F2E31,negative,0x7F,0x31,false,2026-06-20T19:29:34.789145+02:00,33788834401520,33788836670945,2.269425,true,true,219798849,219802936,4.087000,true,matched_request_response
381,unknown_did,0xF187,5D2FF5E8,2EF1875D2FF5E8,072EF1875D2FF5E8,7F2E31,negative,0x7F,0x31,false,2026-06-20T19:29:34.803692+02:00,33788848947795,33788851320306,2.372511,true,true,219813369,219817441,4.072000,true,matched_request_response
382,read_only_did,0x1001,AF,2E1001AF,042E1001AF000000,7F2E31,negative,0x7F,0x31,false,2026-06-20T19:29:34.818364+02:00,33788863618877,33788865977908,2.359031,true,true,219828037,219832129,4.092000,true,matched_request_response
383,unknown_did,0x2222,12F9,2E222212F9,052E222212F90000,7F2E31,negative,0x7F,0x31,false,2026-06-20T19:29:34.833236+02:00,33788878493058,33788881602883,3.109825,true,true,219842915,219846998,4.083000,true,matched_request_response
384,target_did_random_data,0x1234,05,2E123405,042E123405000000,6E1234,positive,0x6E,,true,2026-06-20T19:29:34.848850+02:00,33788894107347,33788897266690,3.159343,true,true,219858547,219862636,4.089000,true,matched_request_response
385,target_did_random_data,0x1234,DB0F,2E1234DB0F,052E1234DB0F0000,6E1234,positive,0x6E,,true,2026-06-20T19:29:34.864466+02:00,33788909720937,33788912892363,3.171426,true,true,219874109,219878196,4.087000,true,matched_request_response
386,target_did_random_data,0x1234,CE14566F,2E1234CE14566F,072E1234CE14566F,6E1234,positive,0x6E,,true,2026-06-20T19:29:34.879900+02:00,33788925156084,33788927553807,2.397723,true,true,219889520,219893592,4.072000,true,matched_request_response
387,target_did_random_data,0x1234,7D,2E12347D,042E12347D000000,6E1234,positive,0x6E,,true,2026-06-20T19:29:34.894547+02:00,33788939803070,33788942169784,2.366714,true,true,219904194,219908281,4.087000,true,matched_request_response
388,target_did_random_data,0x1234,8CA300,2E12348CA300,062E12348CA30000,6E1234,positive,0x6E,,true,2026-06-20T19:29:34.909278+02:00,33788954535054,33788956764249,2.229195,true,true,219918925,219923008,4.083000,true,matched_request_response
389,target_did_random_data,0x1234,BBA5A0,2E1234BBA5A0,062E1234BBA5A000,6E1234,positive,0x6E,,true,2026-06-20T19:29:34.923803+02:00,33788969059189,33788971452093,2.392904,true,true,219933412,219937489,4.077000,true,matched_request_response
390,target_did_random_data,0x1234,B7E17E,2E1234B7E17E,062E1234B7E17E00,6E1234,positive,0x6E,,true,2026-06-20T19:29:34.938505+02:00,33788983761001,33788986173670,2.412669,true,true,219948106,219952185,4.079000,true,matched_request_response
391,target_did_random_data,0x1234,F6,2E1234F6,042E1234F6000000,6E1234,positive,0x6E,,true,2026-06-20T19:29:34.953207+02:00,33788998461416,33789000711006,2.249590,true,true,219962791,219966878,4.087000,true,matched_request_response
392,target_did_random_data,0x1234,06,2E123406,042E123406000000,6E1234,positive,0x6E,,true,2026-06-20T19:29:34.967792+02:00,33789013046873,33789015380551,2.333678,true,true,219977378,219981467,4.089000,true,matched_request_response
393,target_did_random_data,0x1234,2FF2,2E12342FF2,052E12342FF20000,6E1234,positive,0x6E,,true,2026-06-20T19:29:34.982355+02:00,33789027609980,33789030061201,2.451221,true,true,219991922,219996005,4.083000,true,matched_request_response
394,target_did_random_data,0x1234,B2,2E1234B2,042E1234B2000000,6E1234,positive,0x6E,,true,2026-06-20T19:29:34.997333+02:00,33789042589201,33789045687433,3.098232,true,true,220006927,220011014,4.087000,true,matched_request_response
395,target_did_random_data,0x1234,488F,2E1234488F,052E1234488F0000,6E1234,positive,0x6E,,true,2026-06-20T19:29:35.012686+02:00,33789057941585,33789060296077,2.354492,true,true,220022233,220026319,4.086000,true,matched_request_response
396,target_did_random_data,0x1234,232165,2E1234232165,062E123423216500,6E1234,positive,0x6E,,true,2026-06-20T19:29:35.027322+02:00,33789072578235,33789074934403,2.356168,true,true,220036870,220040949,4.079000,true,matched_request_response
397,target_did_random_data,0x1234,A1F827D5,2E1234A1F827D5,072E1234A1F827D5,6E1234,positive,0x6E,,true,2026-06-20T19:29:35.041994+02:00,33789087251063,33789089623504,2.372441,true,true,220051533,220055605,4.072000,true,matched_request_response
398,target_did_random_data,0x1234,EAE4D5D2,2E1234EAE4D5D2,072E1234EAE4D5D2,6E1234,positive,0x6E,,true,2026-06-20T19:29:35.056632+02:00,33789101887993,33789106784918,4.896925,true,true,220066162,220070237,4.075000,true,matched_request_response
399,target_did_random_data,0x1234,52,2E123452,042E123452000000,6E1234,positive,0x6E,,true,2026-06-20T19:29:35.073838+02:00,33789119092290,33789121792635,2.700345,true,true,220083341,220087426,4.085000,true,matched_request_response
400,target_did_random_data,0x1234,8B8517,2E12348B8517,062E12348B851700,6E1234,positive,0x6E,,true,2026-06-20T19:29:35.088747+02:00,33789134035613,33789136446885,2.411272,true,true,220098258,220102337,4.079000,true,matched_request_response
401,target_did_random_data,0x1234,0B83,2E12340B83,052E12340B830000,6E1234,positive,0x6E,,true,2026-06-20T19:29:35.103685+02:00,33789148941222,33789151116431,2.175209,true,true,220113175,220117262,4.087000,true,matched_request_response
402,target_did_random_data,0x1234,36C1141E,2E123436C1141E,072E123436C1141E,6E1234,positive,0x6E,,true,2026-06-20T19:29:35.118145+02:00,33789163400475,33789165771519,2.371044,true,true,220127625,220131698,4.073000,true,matched_request_response
403,target_did_random_data,0x1234,667DA9FB,2E1234667DA9FB,072E1234667DA9FB,6E1234,positive,0x6E,,true,2026-06-20T19:29:35.132841+02:00,33789178095792,33789180429191,2.333399,true,true,220142305,220146377,4.072000,true,matched_request_response
404,target_did_random_data,0x1234,B1487A,2E1234B1487A,062E1234B1487A00,6E1234,positive,0x6E,,true,2026-06-20T19:29:35.147696+02:00,33789192953699,33789196377462,3.423763,true,true,220157198,220161277,4.079000,true,matched_request_response
405,target_did_random_data,0x1234,DFC7,2E1234DFC7,052E1234DFC70000,6E1234,positive,0x6E,,true,2026-06-20T19:29:35.163652+02:00,33789208908814,33789211675788,2.766974,true,true,220173133,220177216,4.083000,true,matched_request_response
406,target_did_random_data,0x1234,290B,2E1234290B,052E1234290B0000,6E1234,positive,0x6E,,true,2026-06-20T19:29:35.178675+02:00,33789223931058,33789226316280,2.385222,true,true,220188104,220192191,4.087000,true,matched_request_response
407,unknown_did,0x3333,D13B9B1D,2E3333D13B9B1D,072E3333D13B9B1D,7F2E31,negative,0x7F,0x31,false,2026-06-20T19:29:35.193302+02:00,33789238557930,33789240952231,2.394301,true,true,220202713,220206788,4.075000,true,matched_request_response
408,unknown_did,0x2222,BA,2E2222BA,042E2222BA000000,7F2E31,negative,0x7F,0x31,false,2026-06-20T19:29:35.207979+02:00,33789253234809,33789255626246,2.391437,true,true,220217394,220221479,4.085000,true,matched_request_response
409,target_did_random_data,0x1234,7DEC33,2E12347DEC33,062E12347DEC3300,6E1234,positive,0x6E,,true,2026-06-20T19:29:35.222680+02:00,33789267935643,33789270286573,2.350930,true,true,220232075,220236154,4.079000,true,matched_request_response
410,target_did_random_data,0x1234,2D,2E12342D,042E12342D000000,6E1234,positive,0x6E,,true,2026-06-20T19:29:35.237666+02:00,33789282922827,33789285846455,2.923628,true,true,220247064,220251151,4.087000,true,matched_request_response
411,target_did_random_data,0x1234,943C,2E1234943C,052E1234943C0000,6E1234,positive,0x6E,,true,2026-06-20T19:29:35.253072+02:00,33789298327871,33789300528013,2.200142,true,true,220262458,220266539,4.081000,true,matched_request_response
412,target_did_random_data,0x1234,44CFB5E1,2E123444CFB5E1,072E123444CFB5E1,6E1234,positive,0x6E,,true,2026-06-20T19:29:35.267746+02:00,33789313019906,33789316309014,3.289108,true,true,220277295,220281367,4.072000,true,matched_request_response
413,target_did_random_data,0x1234,EB,2E1234EB,042E1234EB000000,6E1234,positive,0x6E,,true,2026-06-20T19:29:35.283846+02:00,33789329103459,33789331805690,2.702231,true,true,220293237,220297325,4.088000,true,matched_request_response
414,target_did_random_data,0x1234,509765,2E1234509765,062E123450976500,6E1234,positive,0x6E,,true,2026-06-20T19:29:35.298816+02:00,33789344072763,33789346459870,2.387107,true,true,220308157,220312236,4.079000,true,matched_request_response
415,target_did_random_data,0x1234,F566,2E1234F566,052E1234F5660000,6E1234,positive,0x6E,,true,2026-06-20T19:29:35.313815+02:00,33789359070842,33789362126680,3.055838,true,true,220323150,220327232,4.082000,true,matched_request_response
416,target_did_random_data,0x1234,7C326588,2E12347C326588,072E12347C326588,6E1234,positive,0x6E,,true,2026-06-20T19:29:35.329117+02:00,33789374372940,33789376727432,2.354492,true,true,220338436,220342509,4.073000,true,matched_request_response
417,target_did_random_data,0x1234,7F,2E12347F,042E12347F000000,6E1234,positive,0x6E,,true,2026-06-20T19:29:35.343745+02:00,33789389020974,33789391424285,2.403311,true,true,220353094,220357180,4.086000,true,matched_request_response
418,target_did_random_data,0x1234,179C,2E1234179C,052E1234179C0000,6E1234,positive,0x6E,,true,2026-06-20T19:29:35.358446+02:00,33789403701275,33789405986205,2.284930,true,true,220367765,220371847,4.082000,true,matched_request_response
419,target_did_random_data,0x1234,F2C7,2E1234F2C7,052E1234F2C70000,6E1234,positive,0x6E,,true,2026-06-20T19:29:35.372989+02:00,33789418243360,33789420654772,2.411412,true,true,220382282,220386366,4.084000,true,matched_request_response
420,unknown_did,0x3333,89A7,2E333389A7,052E333389A70000,7F2E31,negative,0x7F,0x31,false,2026-06-20T19:29:35.387663+02:00,33789432919750,33789435269841,2.350091,true,true,220396967,220401050,4.083000,true,matched_request_response
421,target_did_random_data,0x1234,CECAE1,2E1234CECAE1,062E1234CECAE100,6E1234,positive,0x6E,,true,2026-06-20T19:29:35.402487+02:00,33789447743016,33789450046314,2.303298,true,true,220411770,220415848,4.078000,true,matched_request_response
422,target_did_random_data,0x1234,3E,2E12343E,042E12343E000000,6E1234,positive,0x6E,,true,2026-06-20T19:29:35.417310+02:00,33789462567050,33789465562336,2.995286,true,true,220426629,220430716,4.087000,true,matched_request_response
423,target_did_random_data,0x1234,37,2E123437,042E123437000000,6E1234,positive,0x6E,,true,2026-06-20T19:29:35.432621+02:00,33789477879066,33789480310034,2.430968,true,true,220441935,220446022,4.087000,true,matched_request_response
424,target_did_random_data,0x1234,E7,2E1234E7,042E1234E7000000,6E1234,positive,0x6E,,true,2026-06-20T19:29:35.447351+02:00,33789492605951,33789495046836,2.440885,true,true,220456612,220460697,4.085000,true,matched_request_response
425,read_only_did,0x1001,4AE0B4,2E10014AE0B4,062E10014AE0B400,7F2E31,negative,0x7F,0x31,false,2026-06-20T19:29:35.462086+02:00,33789507342265,33789513178207,5.835942,true,true,220471360,220475441,4.081000,true,matched_request_response
426,target_did_random_data,0x1234,A2E6,2E1234A2E6,052E1234A2E60000,6E1234,positive,0x6E,,true,2026-06-20T19:29:35.480404+02:00,33789525658995,33789528147372,2.488377,true,true,220489647,220493730,4.083000,true,matched_request_response
427,target_did_random_data,0x1234,1F493486,2E12341F493486,072E12341F493486,6E1234,positive,0x6E,,true,2026-06-20T19:29:35.495162+02:00,33789540417797,33789542773406,2.355609,true,true,220504398,220508471,4.073000,true,matched_request_response
428,target_did_random_data,0x1234,D7DB40,2E1234D7DB40,062E1234D7DB4000,6E1234,positive,0x6E,,true,2026-06-20T19:29:35.509801+02:00,33789555055774,33789557397205,2.341431,true,true,220519022,220523101,4.079000,true,matched_request_response
429,target_did_random_data,0x1234,B6B30D,2E1234B6B30D,062E1234B6B30D00,6E1234,positive,0x6E,,true,2026-06-20T19:29:35.524408+02:00,33789569663091,33789572040909,2.377818,true,true,220533617,220537698,4.081000,true,matched_request_response
430,target_did_random_data,0x1234,73F8,2E123473F8,052E123473F80000,6E1234,positive,0x6E,,true,2026-06-20T19:29:35.539032+02:00,33789584287938,33789586673299,2.385361,true,true,220548251,220552335,4.084000,true,matched_request_response
431,target_did_random_data,0x1234,00,2E123400,042E123400000000,6E1234,positive,0x6E,,true,2026-06-20T19:29:35.553903+02:00,33789599158905,33789602311823,3.152918,true,true,220563127,220567218,4.091000,true,matched_request_response
432,target_did_random_data,0x1234,14,2E123414,042E123414000000,6E1234,positive,0x6E,,true,2026-06-20T19:29:35.569580+02:00,33789614836750,33789617919477,3.082727,true,true,220578873,220582960,4.087000,true,matched_request_response
433,target_did_random_data,0x1234,288A,2E1234288A,052E1234288A0000,6E1234,positive,0x6E,,true,2026-06-20T19:29:35.585308+02:00,33789630564322,33789633571969,3.007647,true,true,220594526,220598607,4.081000,true,matched_request_response
434,read_only_did,0x1001,8AA6,2E10018AA6,052E10018AA60000,7F2E31,negative,0x7F,0x31,false,2026-06-20T19:29:35.600622+02:00,33789645877036,33789648213299,2.336263,true,true,220609864,220613951,4.087000,true,matched_request_response
435,unknown_did,0x2222,F2,2E2222F2,042E2222F2000000,7F2E31,negative,0x7F,0x31,false,2026-06-20T19:29:35.615437+02:00,33789660694924,33789663842534,3.147610,true,true,220624642,220628728,4.086000,true,matched_request_response
436,target_did_random_data,0x1234,35AF3932,2E123435AF3932,072E123435AF3932,6E1234,positive,0x6E,,true,2026-06-20T19:29:35.630866+02:00,33789676122039,33789678434066,2.312027,true,true,220640004,220644079,4.075000,true,matched_request_response
437,target_did_random_data,0x1234,C0,2E1234C0,042E1234C0000000,6E1234,positive,0x6E,,true,2026-06-20T19:29:35.647193+02:00,33789692448081,33789695190192,2.742111,true,true,220656373,220660457,4.084000,true,matched_request_response
438,target_did_random_data,0x1234,D8,2E1234D8,042E1234D8000000,6E1234,positive,0x6E,,true,2026-06-20T19:29:35.662251+02:00,33789707506223,33789709792550,2.286327,true,true,220671394,220675478,4.084000,true,matched_request_response
439,target_did_random_data,0x1234,3FC96F92,2E12343FC96F92,072E12343FC96F92,6E1234,positive,0x6E,,true,2026-06-20T19:29:35.676904+02:00,33789722160124,33789728068003,5.907879,true,true,220686029,220690104,4.075000,true,matched_request_response
440,target_did_random_data,0x1234,369F,2E1234369F,052E1234369F0000,6E1234,positive,0x6E,,true,2026-06-20T19:29:35.695124+02:00,33789740380264,33789742896717,2.516453,true,true,220704235,220708321,4.086000,true,matched_request_response
441,unknown_did,0x2222,99,2E222299,042E222299000000,7F2E31,negative,0x7F,0x31,false,2026-06-20T19:29:35.709931+02:00,33789755186628,33789757607818,2.421190,true,true,220719046,220723133,4.087000,true,matched_request_response
442,target_did_random_data,0x1234,4E,2E12344E,042E12344E000000,6E1234,positive,0x6E,,true,2026-06-20T19:29:35.724614+02:00,33789769869373,33789772189573,2.320200,true,true,220733717,220737804,4.087000,true,matched_request_response
443,target_did_random_data,0x1234,4E9F,2E12344E9F,052E12344E9F0000,6E1234,positive,0x6E,,true,2026-06-20T19:29:35.739286+02:00,33789784541503,33789786902908,2.361405,true,true,220748377,220752457,4.080000,true,matched_request_response
444,target_did_random_data,0x1234,3988648D,2E12343988648D,072E12343988648D,6E1234,positive,0x6E,,true,2026-06-20T19:29:35.753961+02:00,33789799216216,33789801504777,2.288561,true,true,220763037,220767112,4.075000,true,matched_request_response
445,target_did_random_data,0x1234,C42C1A8D,2E1234C42C1A8D,072E1234C42C1A8D,6E1234,positive,0x6E,,true,2026-06-20T19:29:35.768502+02:00,33789813756485,33789816156583,2.400098,true,true,220777561,220781633,4.072000,true,matched_request_response
446,target_did_random_data,0x1234,5EE0,2E12345EE0,052E12345EE00000,6E1234,positive,0x6E,,true,2026-06-20T19:29:35.783110+02:00,33789828363662,33789830726395,2.362733,true,true,220792158,220796241,4.083000,true,matched_request_response
447,target_did_random_data,0x1234,2B,2E12342B,042E12342B000000,6E1234,positive,0x6E,,true,2026-06-20T19:29:35.797657+02:00,33789842911614,33789845396918,2.485304,true,true,220806727,220810814,4.087000,true,matched_request_response
448,unknown_did,0x3333,02E7CC,2E333302E7CC,062E333302E7CC00,7F2E31,negative,0x7F,0x31,false,2026-06-20T19:29:35.812345+02:00,33789857599737,33789860124362,2.524625,true,true,220821387,220825468,4.081000,true,matched_request_response
449,read_only_did,0x1001,87,2E100187,042E100187000000,7F2E31,negative,0x7F,0x31,false,2026-06-20T19:29:35.827113+02:00,33789872367968,33789874947558,2.579590,true,true,220836159,220840251,4.092000,true,matched_request_response
450,unknown_did,0xF187,A0D4,2EF187A0D4,052EF187A0D40000,7F2E31,negative,0x7F,0x31,false,2026-06-20T19:29:35.842007+02:00,33789887262682,33789890393390,3.130708,true,true,220851052,220855134,4.082000,true,matched_request_response
451,target_did_random_data,0x1234,760D,2E1234760D,052E1234760D0000,6E1234,positive,0x6E,,true,2026-06-20T19:29:35.857427+02:00,33789902681625,33789905053716,2.372091,true,true,220866452,220870537,4.085000,true,matched_request_response
452,target_did_random_data,0x1234,F1CB71,2E1234F1CB71,062E1234F1CB7100,6E1234,positive,0x6E,,true,2026-06-20T19:29:35.872316+02:00,33789917571869,33789920676945,3.105076,true,true,220881322,220885398,4.076000,true,matched_request_response
453,target_did_random_data,0x1234,E5,2E1234E5,042E1234E5000000,6E1234,positive,0x6E,,true,2026-06-20T19:29:35.887746+02:00,33789933029992,33789935343906,2.313914,true,true,220896796,220900883,4.087000,true,matched_request_response
454,target_did_random_data,0x1234,F485A913,2E1234F485A913,072E1234F485A913,6E1234,positive,0x6E,,true,2026-06-20T19:29:35.902347+02:00,33789947603576,33789949987819,2.384243,true,true,220911344,220915416,4.072000,true,matched_request_response
455,unknown_did,0xF187,A6B6,2EF187A6B6,052EF187A6B60000,7F2E31,negative,0x7F,0x31,false,2026-06-20T19:29:35.917409+02:00,33789962666467,33789965625226,2.958759,true,true,220926426,220930506,4.080000,true,matched_request_response
456,target_did_random_data,0x1234,EB90ECA7,2E1234EB90ECA7,072E1234EB90ECA7,6E1234,positive,0x6E,,true,2026-06-20T19:29:35.932629+02:00,33789977884128,33789980205025,2.320897,true,true,220941645,220945720,4.075000,true,matched_request_response
457,target_did_random_data,0x1234,2689,2E12342689,052E123426890000,6E1234,positive,0x6E,,true,2026-06-20T19:29:35.947218+02:00,33789992472936,33789994911377,2.438441,true,true,220956183,220960266,4.083000,true,matched_request_response
458,target_did_random_data,0x1234,95D3,2E123495D3,052E123495D30000,6E1234,positive,0x6E,,true,2026-06-20T19:29:35.961943+02:00,33790007197866,33790009526376,2.328510,true,true,220970892,220974975,4.083000,true,matched_request_response
459,target_did_random_data,0x1234,DB0B,2E1234DB0B,052E1234DB0B0000,6E1234,positive,0x6E,,true,2026-06-20T19:29:35.976558+02:00,33790021814401,33790024149686,2.335285,true,true,220985513,220989598,4.085000,true,matched_request_response
460,target_did_random_data,0x1234,27,2E123427,042E123427000000,6E1234,positive,0x6E,,true,2026-06-20T19:29:35.991147+02:00,33790036402093,33790038805333,2.403240,true,true,221000099,221004186,4.087000,true,matched_request_response
461,target_did_random_data,0x1234,97F2,2E123497F2,052E123497F20000,6E1234,positive,0x6E,,true,2026-06-20T19:29:36.005835+02:00,33790051090286,33790053449736,2.359450,true,true,221014776,221018859,4.083000,true,matched_request_response
462,missing_data,0x1234,,2E1234,032E123400000000,7F2E13,negative,0x7F,0x13,false,2026-06-20T19:29:36.020563+02:00,33790065818637,33790068148894,2.330257,true,true,221029516,221033605,4.089000,true,matched_request_response
463,target_did_random_data,0x1234,11,2E123411,042E123411000000,6E1234,positive,0x6E,,true,2026-06-20T19:29:36.035447+02:00,33790080704621,33790083745234,3.040613,true,true,221044418,221048502,4.084000,true,matched_request_response
464,target_did_random_data,0x1234,399AEC,2E1234399AEC,062E1234399AEC00,6E1234,positive,0x6E,,true,2026-06-20T19:29:36.051046+02:00,33790096301729,33790099384805,3.083076,true,true,221059967,221064046,4.079000,true,matched_request_response
465,target_did_random_data,0x1234,6936F615,2E12346936F615,072E12346936F615,6E1234,positive,0x6E,,true,2026-06-20T19:29:36.066374+02:00,33790111628970,33790114062312,2.433342,true,true,221075266,221079342,4.076000,true,matched_request_response
466,missing_data,0x1234,,2E1234,032E123400000000,7F2E13,negative,0x7F,0x13,false,2026-06-20T19:29:36.081123+02:00,33790126378135,33790128809661,2.431526,true,true,221090022,221094113,4.091000,true,matched_request_response
467,target_did_random_data,0x1234,BD,2E1234BD,042E1234BD000000,6E1234,positive,0x6E,,true,2026-06-20T19:29:36.095824+02:00,33790141080017,33790143308514,2.228497,true,true,221104719,221108806,4.087000,true,matched_request_response
468,target_did_random_data,0x1234,83AF,2E123483AF,052E123483AF0000,6E1234,positive,0x6E,,true,2026-06-20T19:29:36.110368+02:00,33790155623917,33790157937062,2.313145,true,true,221119274,221123358,4.084000,true,matched_request_response
469,target_did_random_data,0x1234,274BF6D2,2E1234274BF6D2,072E1234274BF6D2,6E1234,positive,0x6E,,true,2026-06-20T19:29:36.124945+02:00,33790170202739,33790172617643,2.414904,true,true,221133813,221137888,4.075000,true,matched_request_response
470,target_did_random_data,0x1234,8CAA8EBA,2E12348CAA8EBA,072E12348CAA8EBA,6E1234,positive,0x6E,,true,2026-06-20T19:29:36.139600+02:00,33790184854963,33790187245074,2.390111,true,true,221148433,221152506,4.073000,true,matched_request_response
471,target_did_random_data,0x1234,E6,2E1234E6,042E1234E6000000,6E1234,positive,0x6E,,true,2026-06-20T19:29:36.154269+02:00,33790199525137,33790201921463,2.396326,true,true,221163130,221167216,4.086000,true,matched_request_response
472,target_did_random_data,0x1234,822FFA45,2E1234822FFA45,072E1234822FFA45,6E1234,positive,0x6E,,true,2026-06-20T19:29:36.169178+02:00,33790214435565,33790217575353,3.139788,true,true,221178037,221182112,4.075000,true,matched_request_response
473,target_did_random_data,0x1234,DB80,2E1234DB80,052E1234DB800000,6E1234,positive,0x6E,,true,2026-06-20T19:29:36.184585+02:00,33790229840889,33790232200130,2.359241,true,true,221193419,221197500,4.081000,true,matched_request_response
474,target_did_random_data,0x1234,A67A9AA4,2E1234A67A9AA4,072E1234A67A9AA4,6E1234,positive,0x6E,,true,2026-06-20T19:29:36.199235+02:00,33790244492485,33790246836570,2.344085,true,true,221208062,221212137,4.075000,true,matched_request_response
475,target_did_random_data,0x1234,C085F0E3,2E1234C085F0E3,072E1234C085F0E3,6E1234,positive,0x6E,,true,2026-06-20T19:29:36.213890+02:00,33790259144919,33790261555214,2.410295,true,true,221222693,221226767,4.074000,true,matched_request_response
476,read_only_did,0x1001,2D2C2E,2E10012D2C2E,062E10012D2C2E00,7F2E31,negative,0x7F,0x31,false,2026-06-20T19:29:36.228588+02:00,33790273843798,33790276152962,2.309164,true,true,221237391,221241472,4.081000,true,matched_request_response
477,read_only_did,0x1001,41,2E100141,042E100141000000,7F2E31,negative,0x7F,0x31,false,2026-06-20T19:29:36.243149+02:00,33790288404740,33790290736952,2.332212,true,true,221251956,221256047,4.091000,true,matched_request_response
478,missing_data,0x1234,,2E1234,032E123400000000,7F2E13,negative,0x7F,0x13,false,2026-06-20T19:29:36.257814+02:00,33790303069466,33790305440580,2.371114,true,true,221266609,221270697,4.088000,true,matched_request_response
479,target_did_random_data,0x1234,8E,2E12348E,042E12348E000000,6E1234,positive,0x6E,,true,2026-06-20T19:29:36.272488+02:00,33790317743272,33790320165439,2.422167,true,true,221281273,221285359,4.086000,true,matched_request_response
480,target_did_random_data,0x1234,5E2738,2E12345E2738,062E12345E273800,6E1234,positive,0x6E,,true,2026-06-20T19:29:36.287208+02:00,33790332463243,33790334722400,2.259157,true,true,221295966,221300044,4.078000,true,matched_request_response
481,target_did_random_data,0x1234,F5AEA508,2E1234F5AEA508,072E1234F5AEA508,6E1234,positive,0x6E,,true,2026-06-20T19:29:36.301745+02:00,33790347018527,33790349595044,2.576517,true,true,221310505,221314582,4.077000,true,matched_request_response
482,unknown_did,0x2222,B3545CF5,2E2222B3545CF5,072E2222B3545CF5,7F2E31,negative,0x7F,0x31,false,2026-06-20T19:29:36.316594+02:00,33790361849616,33790364087961,2.238345,true,true,221325321,221329394,4.073000,true,matched_request_response
483,target_did_random_data,0x1234,A4F618,2E1234A4F618,062E1234A4F61800,6E1234,positive,0x6E,,true,2026-06-20T19:29:36.333838+02:00,33790379094351,33790381615763,2.521412,true,true,221342591,221346668,4.077000,true,matched_request_response
484,target_did_random_data,0x1234,47C5A2,2E123447C5A2,062E123447C5A200,6E1234,positive,0x6E,,true,2026-06-20T19:29:36.348615+02:00,33790393870265,33790396216934,2.346669,true,true,221357331,221361406,4.075000,true,matched_request_response
485,target_did_random_data,0x1234,E4CCA523,2E1234E4CCA523,072E1234E4CCA523,6E1234,positive,0x6E,,true,2026-06-20T19:29:36.363188+02:00,33790408443918,33790410940466,2.496548,true,true,221371890,221375965,4.075000,true,matched_request_response
486,unknown_did,0x2222,829738,2E2222829738,062E222282973800,7F2E31,negative,0x7F,0x31,false,2026-06-20T19:29:36.377954+02:00,33790423210193,33790425640951,2.430758,true,true,221386661,221390740,4.079000,true,matched_request_response
487,target_did_random_data,0x1234,D7BC9F38,2E1234D7BC9F38,072E1234D7BC9F38,6E1234,positive,0x6E,,true,2026-06-20T19:29:36.392710+02:00,33790437966621,33790440232833,2.266212,true,true,221401419,221405492,4.073000,true,matched_request_response
488,target_did_random_data,0x1234,3B3A1F09,2E12343B3A1F09,072E12343B3A1F09,6E1234,positive,0x6E,,true,2026-06-20T19:29:36.407262+02:00,33790452517646,33790454866899,2.349253,true,true,221415947,221420026,4.079000,true,matched_request_response
489,target_did_random_data,0x1234,0CA864,2E12340CA864,062E12340CA86400,6E1234,positive,0x6E,,true,2026-06-20T19:29:36.421966+02:00,33790467222321,33790469544616,2.322295,true,true,221430633,221434716,4.083000,true,matched_request_response
490,target_did_random_data,0x1234,DF,2E1234DF,042E1234DF000000,6E1234,positive,0x6E,,true,2026-06-20T19:29:36.436842+02:00,33790482098457,33790485164003,3.065546,true,true,221445542,221449627,4.085000,true,matched_request_response
491,target_did_random_data,0x1234,63037271,2E123463037271,072E123463037271,6E1234,positive,0x6E,,true,2026-06-20T19:29:36.452157+02:00,33790497412359,33790499743802,2.331443,true,true,221460801,221464880,4.079000,true,matched_request_response
492,read_only_did,0x1001,2E7451,2E10012E7451,062E10012E745100,7F2E31,negative,0x7F,0x31,false,2026-06-20T19:29:36.466768+02:00,33790512023098,33790514459094,2.435996,true,true,221475408,221479488,4.080000,true,matched_request_response
493,target_did_random_data,0x1234,D7E9E4,2E1234D7E9E4,062E1234D7E9E400,6E1234,positive,0x6E,,true,2026-06-20T19:29:36.481590+02:00,33790526845316,33790529090506,2.245190,true,true,221490220,221494301,4.081000,true,matched_request_response
494,target_did_random_data,0x1234,87184405,2E123487184405,072E123487184405,6E1234,positive,0x6E,,true,2026-06-20T19:29:36.496130+02:00,33790541386074,33790543759492,2.373418,true,true,221504740,221508819,4.079000,true,matched_request_response
495,target_did_random_data,0x1234,3C39CCD8,2E12343C39CCD8,072E12343C39CCD8,6E1234,positive,0x6E,,true,2026-06-20T19:29:36.510780+02:00,33790556036762,33790558385037,2.348275,true,true,221519409,221523481,4.072000,true,matched_request_response
496,target_did_random_data,0x1234,45A3A5,2E123445A3A5,062E123445A3A500,6E1234,positive,0x6E,,true,2026-06-20T19:29:36.525415+02:00,33790570672783,33790573040335,2.367552,true,true,221534044,221538122,4.078000,true,matched_request_response
497,target_did_random_data,0x1234,B02AB4,2E1234B02AB4,062E1234B02AB400,6E1234,positive,0x6E,,true,2026-06-20T19:29:36.540085+02:00,33790585339954,33790587703315,2.363361,true,true,221548672,221552751,4.079000,true,matched_request_response
498,target_did_random_data,0x1234,B1060BF4,2E1234B1060BF4,072E1234B1060BF4,6E1234,positive,0x6E,,true,2026-06-20T19:29:36.554981+02:00,33790600247938,33790603271439,3.023501,true,true,221563729,221567813,4.084000,true,matched_request_response
499,target_did_random_data,0x1234,14,2E123414,042E123414000000,6E1234,positive,0x6E,,true,2026-06-20T19:29:36.570514+02:00,33790615770735,33790618916179,3.145444,true,true,221579094,221583181,4.087000,true,matched_request_response
500,target_did_random_data,0x1234,BD,2E1234BD,042E1234BD000000,6E1234,positive,0x6E,,true,2026-06-20T19:29:36.586223+02:00,33790631479030,33790634530748,3.051718,true,true,221594791,221598878,4.087000,true,matched_request_response
501,target_did_random_data,0x1234,F9804A,2E1234F9804A,062E1234F9804A00,6E1234,positive,0x6E,,true,2026-06-20T19:29:36.601589+02:00,33790646846151,33790649218452,2.372301,true,true,221610149,221614227,4.078000,true,matched_request_response
502,missing_data,0x1234,,2E1234,032E123400000000,7F2E13,negative,0x7F,0x13,false,2026-06-20T19:29:36.616500+02:00,33790661755811,33790664823312,3.067501,true,true,221625048,221629138,4.090000,true,matched_request_response
503,target_did_random_data,0x1234,587DC508,2E1234587DC508,072E1234587DC508,6E1234,positive,0x6E,,true,2026-06-20T19:29:36.631824+02:00,33790677079350,33790679450464,2.371114,true,true,221640349,221644426,4.077000,true,matched_request_response
504,read_only_did,0x1001,29F0,2E100129F0,052E100129F00000,7F2E31,negative,0x7F,0x31,false,2026-06-20T19:29:36.646487+02:00,33790691742819,33790694471451,2.728632,true,true,221655017,221659104,4.087000,true,matched_request_response
505,target_did_random_data,0x1234,D1598C05,2E1234D1598C05,072E1234D1598C05,6E1234,positive,0x6E,,true,2026-06-20T19:29:36.661524+02:00,33790706779591,33790709918051,3.138460,true,true,221670032,221674111,4.079000,true,matched_request_response
506,target_did_random_data,0x1234,05,2E123405,042E123405000000,6E1234,positive,0x6E,,true,2026-06-20T19:29:36.677011+02:00,33790722267048,33790725408441,3.141393,true,true,221685542,221689630,4.088000,true,matched_request_response
507,unknown_did,0x3333,BA,2E3333BA,042E3333BA000000,7F2E31,negative,0x7F,0x31,false,2026-06-20T19:29:36.692449+02:00,33790737704638,33790739968196,2.263558,true,true,221700957,221705044,4.087000,true,matched_request_response
508,target_did_random_data,0x1234,E3F2D9,2E1234E3F2D9,062E1234E3F2D900,6E1234,positive,0x6E,,true,2026-06-20T19:29:36.706987+02:00,33790752242114,33790754627195,2.385081,true,true,221715459,221719534,4.075000,true,matched_request_response
509,target_did_random_data,0x1234,AA,2E1234AA,042E1234AA000000,6E1234,positive,0x6E,,true,2026-06-20T19:29:36.721624+02:00,33790766880160,33790769296461,2.416301,true,true,221730159,221734245,4.086000,true,matched_request_response
510,target_did_random_data,0x1234,A1FEDA,2E1234A1FEDA,062E1234A1FEDA00,6E1234,positive,0x6E,,true,2026-06-20T19:29:36.736299+02:00,33790781553477,33790783984584,2.431107,true,true,221744754,221748833,4.079000,true,matched_request_response
511,target_did_random_data,0x1234,6A9D1856,2E12346A9D1856,072E12346A9D1856,6E1234,positive,0x6E,,true,2026-06-20T19:29:36.751042+02:00,33790796296426,33790798622631,2.326205,true,true,221759474,221763546,4.072000,true,matched_request_response
512,unknown_did,0xF187,D762B6,2EF187D762B6,062EF187D762B600,7F2E31,negative,0x7F,0x31,false,2026-06-20T19:29:36.766835+02:00,33790812091534,33790815272947,3.181413,true,true,221775301,221779378,4.077000,true,matched_request_response
513,target_did_random_data,0x1234,01C0AF30,2E123401C0AF30,072E123401C0AF30,6E1234,positive,0x6E,,true,2026-06-20T19:29:36.782493+02:00,33790827749125,33790831200335,3.451210,true,true,221790933,221795012,4.079000,true,matched_request_response
514,target_did_random_data,0x1234,5EB5,2E12345EB5,052E12345EB50000,6E1234,positive,0x6E,,true,2026-06-20T19:29:36.798561+02:00,33790843817383,33790846456477,2.639094,true,true,221806994,221811077,4.083000,true,matched_request_response
515,missing_data,0x1234,,2E1234,032E123400000000,7F2E13,negative,0x7F,0x13,false,2026-06-20T19:29:36.813720+02:00,33790858976935,33790862412291,3.435356,true,true,221822201,221826295,4.094000,true,matched_request_response
516,unknown_did,0x3333,0C,2E33330C,042E33330C000000,7F2E31,negative,0x7F,0x31,false,2026-06-20T19:29:36.829482+02:00,33790874737751,33790877755386,3.017635,true,true,221837906,221841997,4.091000,true,matched_request_response
517,target_did_random_data,0x1234,8B0A,2E12348B0A,052E12348B0A0000,6E1234,positive,0x6E,,true,2026-06-20T19:29:36.844802+02:00,33790890059265,33790894178717,4.119452,true,true,221853217,221857307,4.090000,true,matched_request_response
518,target_did_random_data,0x1234,6ACD,2E12346ACD,052E12346ACD0000,6E1234,positive,0x6E,,true,2026-06-20T19:29:36.861276+02:00,33790906533720,33790908992764,2.459044,true,true,221869675,221873758,4.083000,true,matched_request_response
519,target_did_random_data,0x1234,5A8C1A,2E12345A8C1A,062E12345A8C1A00,6E1234,positive,0x6E,,true,2026-06-20T19:29:36.876056+02:00,33790921312009,33790923570189,2.258180,true,true,221884438,221888514,4.076000,true,matched_request_response
520,target_did_random_data,0x1234,BA034D,2E1234BA034D,062E1234BA034D00,6E1234,positive,0x6E,,true,2026-06-20T19:29:36.890555+02:00,33790935811211,33790938263690,2.452479,true,true,221898925,221903008,4.083000,true,matched_request_response
521,target_did_random_data,0x1234,5B5772,2E12345B5772,062E12345B577200,6E1234,positive,0x6E,,true,2026-06-20T19:29:36.905277+02:00,33790950533696,33790952875965,2.342269,true,true,221913654,221917733,4.079000,true,matched_request_response
522,target_did_random_data,0x1234,CD,2E1234CD,042E1234CD000000,6E1234,positive,0x6E,,true,2026-06-20T19:29:36.920173+02:00,33790965430156,33790968528108,3.097952,true,true,221928559,221932644,4.085000,true,matched_request_response
523,target_did_random_data,0x1234,11,2E123411,042E123411000000,6E1234,positive,0x6E,,true,2026-06-20T19:29:36.935835+02:00,33790981092356,33790984149521,3.057165,true,true,221944229,221948318,4.089000,true,matched_request_response
524,read_only_did,0x1001,6E,2E10016E,042E10016E000000,7F2E31,negative,0x7F,0x31,false,2026-06-20T19:29:36.951157+02:00,33790996412054,33790998769898,2.357844,true,true,221959508,221963597,4.089000,true,matched_request_response
525,target_did_random_data,0x1234,55729014,2E123455729014,072E123455729014,6E1234,positive,0x6E,,true,2026-06-20T19:29:36.966052+02:00,33791011307955,33791014429235,3.121280,true,true,221974381,221978454,4.073000,true,matched_request_response
526,target_did_random_data,0x1234,88,2E123488,042E123488000000,6E1234,positive,0x6E,,true,2026-06-20T19:29:36.981453+02:00,33791026709228,33791029128044,2.418816,true,true,221989795,221993882,4.087000,true,matched_request_response
527,target_did_random_data,0x1234,10C94F21,2E123410C94F21,072E123410C94F21,6E1234,positive,0x6E,,true,2026-06-20T19:29:36.996201+02:00,33791041456577,33791043684795,2.228218,true,true,222004506,222008579,4.073000,true,matched_request_response
528,target_did_random_data,0x1234,ED83C7,2E1234ED83C7,062E1234ED83C700,6E1234,positive,0x6E,,true,2026-06-20T19:29:37.010675+02:00,33791055930916,33791058363071,2.432155,true,true,222018983,222023062,4.079000,true,matched_request_response
529,target_did_random_data,0x1234,3E35D3AA,2E12343E35D3AA,072E12343E35D3AA,6E1234,positive,0x6E,,true,2026-06-20T19:29:37.025404+02:00,33791070660664,33791073027867,2.367203,true,true,222033709,222037783,4.074000,true,matched_request_response
530,target_did_random_data,0x1234,88E1,2E123488E1,052E123488E10000,6E1234,positive,0x6E,,true,2026-06-20T19:29:37.040023+02:00,33791085279156,33791087708796,2.429640,true,true,222048317,222052397,4.080000,true,matched_request_response
531,target_did_random_data,0x1234,9D7F,2E12349D7F,052E12349D7F0000,6E1234,positive,0x6E,,true,2026-06-20T19:29:37.054816+02:00,33791100070784,33791102295999,2.225215,true,true,222063100,222067183,4.083000,true,matched_request_response
532,unknown_did,0x3333,6DC465FD,2E33336DC465FD,072E33336DC465FD,7F2E31,negative,0x7F,0x31,false,2026-06-20T19:29:37.069331+02:00,33791114587306,33791116957233,2.369927,true,true,222077593,222081665,4.072000,true,matched_request_response
533,target_did_random_data,0x1234,83F37F,2E123483F37F,062E123483F37F00,6E1234,positive,0x6E,,true,2026-06-20T19:29:37.084261+02:00,33791129518547,33791132616150,3.097603,true,true,222092553,222096630,4.077000,true,matched_request_response
534,target_did_random_data,0x1234,3B7D,2E12343B7D,052E12343B7D0000,6E1234,positive,0x6E,,true,2026-06-20T19:29:37.099815+02:00,33791145070259,33791148298814,3.228555,true,true,222108069,222112152,4.083000,true,matched_request_response
535,target_did_random_data,0x1234,FE995D,2E1234FE995D,062E1234FE995D00,6E1234,positive,0x6E,,true,2026-06-20T19:29:37.115407+02:00,33791160664433,33791163834811,3.170378,true,true,222123672,222127751,4.079000,true,matched_request_response
536,target_did_random_data,0x1234,21,2E123421,042E123421000000,6E1234,positive,0x6E,,true,2026-06-20T19:29:37.131244+02:00,33791176501656,33791179460275,2.958619,true,true,222139497,222143582,4.085000,true,matched_request_response
537,target_did_random_data,0x1234,CCAD,2E1234CCAD,052E1234CCAD0000,6E1234,positive,0x6E,,true,2026-06-20T19:29:37.146476+02:00,33791191731678,33791194180106,2.448428,true,true,222154687,222158770,4.083000,true,matched_request_response
538,target_did_random_data,0x1234,64398966,2E123464398966,072E123464398966,6E1234,positive,0x6E,,true,2026-06-20T19:29:37.161366+02:00,33791206622411,33791209705208,3.082797,true,true,222169574,222173646,4.072000,true,matched_request_response
539,target_did_random_data,0x1234,CE9A8F,2E1234CE9A8F,062E1234CE9A8F00,6E1234,positive,0x6E,,true,2026-06-20T19:29:37.176798+02:00,33791222054274,33791224402340,2.348066,true,true,222185007,222189085,4.078000,true,matched_request_response
540,target_did_random_data,0x1234,89,2E123489,042E123489000000,6E1234,positive,0x6E,,true,2026-06-20T19:29:37.191599+02:00,33791236862595,33791239991906,3.129311,true,true,222199883,222203970,4.087000,true,matched_request_response
541,unknown_did,0x3333,EF,2E3333EF,042E3333EF000000,7F2E31,negative,0x7F,0x31,false,2026-06-20T19:29:37.207031+02:00,33791252285658,33791254741559,2.455901,true,true,222215207,222219296,4.089000,true,matched_request_response
542,target_did_random_data,0x1234,D0D634,2E1234D0D634,062E1234D0D63400,6E1234,positive,0x6E,,true,2026-06-20T19:29:37.221748+02:00,33791267023718,33791269276590,2.252872,true,true,222229920,222233999,4.079000,true,matched_request_response
543,target_did_random_data,0x1234,D1E4,2E1234D1E4,052E1234D1E40000,6E1234,positive,0x6E,,true,2026-06-20T19:29:37.236476+02:00,33791281732514,33791283933983,2.201469,true,true,222244639,222248722,4.083000,true,matched_request_response
544,target_did_random_data,0x1234,57F299,2E123457F299,062E123457F29900,6E1234,positive,0x6E,,true,2026-06-20T19:29:37.251303+02:00,33791296558853,33791299635364,3.076511,true,true,222259435,222263511,4.076000,true,matched_request_response
545,target_did_random_data,0x1234,901BDC,2E1234901BDC,062E1234901BDC00,6E1234,positive,0x6E,,true,2026-06-20T19:29:37.266666+02:00,33791311922202,33791314272713,2.350511,true,true,222274802,222278881,4.079000,true,matched_request_response
546,target_did_random_data,0x1234,8424,2E12348424,052E123484240000,6E1234,positive,0x6E,,true,2026-06-20T19:29:37.281361+02:00,33791326617868,33791328893997,2.276129,true,true,222289515,222293596,4.081000,true,matched_request_response
547,target_did_random_data,0x1234,C6DE99E6,2E1234C6DE99E6,072E1234C6DE99E6,6E1234,positive,0x6E,,true,2026-06-20T19:29:37.295940+02:00,33791341195293,33791343543917,2.348624,true,true,222304034,222308109,4.075000,true,matched_request_response
548,target_did_random_data,0x1234,FE,2E1234FE,042E1234FE000000,6E1234,positive,0x6E,,true,2026-06-20T19:29:37.310529+02:00,33791355784800,33791358150605,2.365805,true,true,222318643,222322729,4.086000,true,matched_request_response
549,target_did_random_data,0x1234,65,2E123465,042E123465000000,6E1234,positive,0x6E,,true,2026-06-20T19:29:37.325157+02:00,33791370413139,33791372899979,2.486840,true,true,222333266,222337353,4.087000,true,matched_request_response
550,read_only_did,0x1001,DA6EC6,2E1001DA6EC6,062E1001DA6EC600,7F2E31,negative,0x7F,0x31,false,2026-06-20T19:29:37.339914+02:00,33791385168589,33791387490604,2.322015,true,true,222347988,222352071,4.083000,true,matched_request_response
551,target_did_random_data,0x1234,EDE6EE,2E1234EDE6EE,062E1234EDE6EE00,6E1234,positive,0x6E,,true,2026-06-20T19:29:37.354522+02:00,33791399776883,33791402154283,2.377400,true,true,222362577,222366653,4.076000,true,matched_request_response
552,target_did_random_data,0x1234,94BC81CA,2E123494BC81CA,072E123494BC81CA,6E1234,positive,0x6E,,true,2026-06-20T19:29:37.369122+02:00,33791414377216,33791416744698,2.367482,true,true,222377167,222381242,4.075000,true,matched_request_response
553,target_did_random_data,0x1234,0CBD,2E12340CBD,052E12340CBD0000,6E1234,positive,0x6E,,true,2026-06-20T19:29:37.383846+02:00,33791429102844,33791431437221,2.334377,true,true,222391931,222396018,4.087000,true,matched_request_response
554,target_did_random_data,0x1234,5459,2E12345459,052E123454590000,6E1234,positive,0x6E,,true,2026-06-20T19:29:37.398427+02:00,33791443681875,33791446087769,2.405894,true,true,222406462,222410542,4.080000,true,matched_request_response
555,target_did_random_data,0x1234,1B,2E12341B,042E12341B000000,6E1234,positive,0x6E,,true,2026-06-20T19:29:37.413086+02:00,33791458341852,33791460728540,2.386688,true,true,222421127,222425214,4.087000,true,matched_request_response
556,unknown_did,0x3333,6F21,2E33336F21,052E33336F210000,7F2E31,negative,0x7F,0x31,false,2026-06-20T19:29:37.427954+02:00,33791473208629,33791476317686,3.109057,true,true,222435967,222440050,4.083000,true,matched_request_response
557,read_only_did,0x1001,75,2E100175,042E100175000000,7F2E31,negative,0x7F,0x31,false,2026-06-20T19:29:37.443285+02:00,33791488539292,33791490964742,2.425450,true,true,222451312,222455400,4.088000,true,matched_request_response
558,target_did_random_data,0x1234,573AE7,2E1234573AE7,062E1234573AE700,6E1234,positive,0x6E,,true,2026-06-20T19:29:37.458035+02:00,33791503294044,33791505628072,2.334028,true,true,222466058,222470137,4.079000,true,matched_request_response
559,target_did_random_data,0x1234,BA03B0C0,2E1234BA03B0C0,072E1234BA03B0C0,6E1234,positive,0x6E,,true,2026-06-20T19:29:37.472658+02:00,33791517914351,33791520299084,2.384733,true,true,222480653,222484732,4.079000,true,matched_request_response
560,target_did_random_data,0x1234,DF75BC,2E1234DF75BC,062E1234DF75BC00,6E1234,positive,0x6E,,true,2026-06-20T19:29:37.487356+02:00,33791532612811,33791534945512,2.332701,true,true,222495384,222499461,4.077000,true,matched_request_response
561,read_only_did,0x1001,4B5424,2E10014B5424,062E10014B542400,7F2E31,negative,0x7F,0x31,false,2026-06-20T19:29:37.502215+02:00,33791547472394,33791550621820,3.149426,true,true,222510231,222514317,4.086000,true,matched_request_response
562,target_did_random_data,0x1234,91F735,2E123491F735,062E123491F73500,6E1234,positive,0x6E,,true,2026-06-20T19:29:37.517649+02:00,33791562905445,33791565308965,2.403520,true,true,222525630,222529706,4.076000,true,matched_request_response
563,target_did_random_data,0x1234,7C76,2E12347C76,052E12347C760000,6E1234,positive,0x6E,,true,2026-06-20T19:29:37.532397+02:00,33791577654121,33791580884632,3.230511,true,true,222540392,222544473,4.081000,true,matched_request_response
564,target_did_random_data,0x1234,6E,2E12346E,042E12346E000000,6E1234,positive,0x6E,,true,2026-06-20T19:29:37.548024+02:00,33791593281470,33791596480972,3.199502,true,true,222556011,222560098,4.087000,true,matched_request_response
565,target_did_random_data,0x1234,FA,2E1234FA,042E1234FA000000,6E1234,positive,0x6E,,true,2026-06-20T19:29:37.563556+02:00,33791608811531,33791611140460,2.328929,true,true,222571517,222575601,4.084000,true,matched_request_response
566,unknown_did,0x3333,7D,2E33337D,042E33337D000000,7F2E31,negative,0x7F,0x31,false,2026-06-20T19:29:37.578184+02:00,33791623440638,33791625751897,2.311259,true,true,222586130,222590216,4.086000,true,matched_request_response
567,unknown_did,0x2222,6C,2E22226C,042E22226C000000,7F2E31,negative,0x7F,0x31,false,2026-06-20T19:29:37.592807+02:00,33791638064297,33791640426751,2.362454,true,true,222600745,222604831,4.086000,true,matched_request_response
568,target_did_random_data,0x1234,4D84,2E12344D84,052E12344D840000,6E1234,positive,0x6E,,true,2026-06-20T19:29:37.607476+02:00,33791652730211,33791655049013,2.318802,true,true,222615382,222619463,4.081000,true,matched_request_response
569,target_did_random_data,0x1234,39A70017,2E123439A70017,072E123439A70017,6E1234,positive,0x6E,,true,2026-06-20T19:29:37.622041+02:00,33791667295972,33791669687968,2.391996,true,true,222629918,222633997,4.079000,true,matched_request_response
570,target_did_random_data,0x1234,47,2E123447,042E123447000000,6E1234,positive,0x6E,,true,2026-06-20T19:29:37.636630+02:00,33791681884362,33791684345082,2.460720,true,true,222644564,222648649,4.085000,true,matched_request_response
571,target_did_random_data,0x1234,C7EBBA02,2E1234C7EBBA02,072E1234C7EBBA02,6E1234,positive,0x6E,,true,2026-06-20T19:29:37.651357+02:00,33791696612644,33791698972163,2.359519,true,true,222659224,222663306,4.082000,true,matched_request_response
572,target_did_random_data,0x1234,A6,2E1234A6,042E1234A6000000,6E1234,positive,0x6E,,true,2026-06-20T19:29:37.666182+02:00,33791711444710,33791714630942,3.186232,true,true,222674178,222678265,4.087000,true,matched_request_response
573,target_did_random_data,0x1234,DEA62F8D,2E1234DEA62F8D,072E1234DEA62F8D,6E1234,positive,0x6E,,true,2026-06-20T19:29:37.681811+02:00,33791727075202,33791730178812,3.103610,true,true,222689783,222693858,4.075000,true,matched_request_response
574,target_did_random_data,0x1234,E911E4,2E1234E911E4,062E1234E911E400,6E1234,positive,0x6E,,true,2026-06-20T19:29:37.697150+02:00,33791742404748,33791745337875,2.933127,true,true,222704976,222709055,4.079000,true,matched_request_response
575,target_did_random_data,0x1234,51FE44,2E123451FE44,062E123451FE4400,6E1234,positive,0x6E,,true,2026-06-20T19:29:37.712358+02:00,33791757614307,33791760487510,2.873203,true,true,222720190,222724269,4.079000,true,matched_request_response
576,target_did_random_data,0x1234,DFEA,2E1234DFEA,052E1234DFEA0000,6E1234,positive,0x6E,,true,2026-06-20T19:29:37.727537+02:00,33791772793414,33791776084548,3.291134,true,true,222735382,222739463,4.081000,true,matched_request_response
577,unknown_did,0x3333,644179,2E3333644179,062E333364417900,7F2E31,negative,0x7F,0x31,false,2026-06-20T19:29:37.743152+02:00,33791788408053,33791790791388,2.383335,true,true,222750973,222755052,4.079000,true,matched_request_response
578,missing_data,0x1234,,2E1234,032E123400000000,7F2E13,negative,0x7F,0x13,false,2026-06-20T19:29:37.757821+02:00,33791803076760,33791805414140,2.337380,true,true,222765631,222769721,4.090000,true,matched_request_response
579,target_did_random_data,0x1234,95218BEA,2E123495218BEA,072E123495218BEA,6E1234,positive,0x6E,,true,2026-06-20T19:29:37.772468+02:00,33791817723048,33791820125101,2.402053,true,true,222780257,222784333,4.076000,true,matched_request_response
580,target_did_random_data,0x1234,29,2E123429,042E123429000000,6E1234,positive,0x6E,,true,2026-06-20T19:29:37.787190+02:00,33791832445742,33791834720964,2.275222,true,true,222794969,222799056,4.087000,true,matched_request_response
581,target_did_random_data,0x1234,6D4816,2E12346D4816,062E12346D481600,6E1234,positive,0x6E,,true,2026-06-20T19:29:37.801851+02:00,33791847107256,33791849665754,2.558498,true,true,222809612,222813689,4.077000,true,matched_request_response
582,target_did_random_data,0x1234,7FA4,2E12347FA4,052E12347FA40000,6E1234,positive,0x6E,,true,2026-06-20T19:29:37.817191+02:00,33791862445323,33791864977909,2.532586,true,true,222824931,222829014,4.083000,true,matched_request_response
583,target_did_random_data,0x1234,1CCC1A99,2E12341CCC1A99,072E12341CCC1A99,6E1234,positive,0x6E,,true,2026-06-20T19:29:37.832147+02:00,33791877409948,33791880588776,3.178828,true,true,222840014,222844089,4.075000,true,matched_request_response
584,target_did_random_data,0x1234,A12A68AC,2E1234A12A68AC,072E1234A12A68AC,6E1234,positive,0x6E,,true,2026-06-20T19:29:37.847575+02:00,33791892830567,33791895249522,2.418955,true,true,222855300,222859372,4.072000,true,matched_request_response
585,target_did_random_data,0x1234,EA23,2E1234EA23,052E1234EA230000,6E1234,positive,0x6E,,true,2026-06-20T19:29:37.862381+02:00,33791907645103,33791910855150,3.210047,true,true,222870266,222874350,4.084000,true,matched_request_response
586,target_did_random_data,0x1234,ECCC,2E1234ECCC,052E1234ECCC0000,6E1234,positive,0x6E,,true,2026-06-20T19:29:37.877823+02:00,33791923077525,33791925529794,2.452269,true,true,222885533,222889614,4.081000,true,matched_request_response
587,read_only_did,0x1001,7321,2E10017321,052E100173210000,7F2E31,negative,0x7F,0x31,false,2026-06-20T19:29:37.892617+02:00,33791937872715,33791940261917,2.389202,true,true,222900387,222904472,4.085000,true,matched_request_response
588,target_did_random_data,0x1234,3CDA13,2E12343CDA13,062E12343CDA1300,6E1234,positive,0x6E,,true,2026-06-20T19:29:37.907267+02:00,33791952522146,33791954864624,2.342478,true,true,222914945,222919023,4.078000,true,matched_request_response
589,target_did_random_data,0x1234,3195,2E12343195,052E123431950000,6E1234,positive,0x6E,,true,2026-06-20T19:29:37.921841+02:00,33791967097615,33791969539687,2.442072,true,true,222929534,222933615,4.081000,true,matched_request_response
590,target_did_random_data,0x1234,2D,2E12342D,042E12342D000000,6E1234,positive,0x6E,,true,2026-06-20T19:29:37.936567+02:00,33791981824081,33791984117251,2.293170,true,true,222944262,222948349,4.087000,true,matched_request_response
591,missing_data,0x1234,,2E1234,032E123400000000,7F2E13,negative,0x7F,0x13,false,2026-06-20T19:29:37.951092+02:00,33791996346261,33791998816409,2.470148,true,true,222958748,222962839,4.091000,true,matched_request_response
592,target_did_random_data,0x1234,39BC1E,2E123439BC1E,062E123439BC1E00,6E1234,positive,0x6E,,true,2026-06-20T19:29:37.965937+02:00,33792011192784,33792015573512,4.380728,true,true,222973591,222977668,4.077000,true,matched_request_response
593,target_did_random_data,0x1234,8D83,2E12348D83,052E12348D830000,6E1234,positive,0x6E,,true,2026-06-20T19:29:37.982664+02:00,33792027920484,33792031204005,3.283521,true,true,222990316,222994396,4.080000,true,matched_request_response
594,read_only_did,0x1001,C4CE,2E1001C4CE,052E1001C4CE0000,7F2E31,negative,0x7F,0x31,false,2026-06-20T19:29:37.999609+02:00,33792044865670,33792047746485,2.880815,true,true,223007312,223011397,4.085000,true,matched_request_response
595,target_did_random_data,0x1234,B3053DDC,2E1234B3053DDC,072E1234B3053DDC,6E1234,positive,0x6E,,true,2026-06-20T19:29:38.015400+02:00,33792060668181,33792063218508,2.550327,true,true,223023155,223027234,4.079000,true,matched_request_response
596,target_did_random_data,0x1234,97,2E123497,042E123497000000,6E1234,positive,0x6E,,true,2026-06-20T19:29:38.030324+02:00,33792075587968,33792077837627,2.249659,true,true,223038063,223042150,4.087000,true,matched_request_response
597,target_did_random_data,0x1234,40390E,2E123440390E,062E123440390E00,6E1234,positive,0x6E,,true,2026-06-20T19:29:38.045037+02:00,33792090291736,33792092553617,2.261881,true,true,223052627,223056708,4.081000,true,matched_request_response
598,target_did_random_data,0x1234,9301C336,2E12349301C336,072E12349301C336,6E1234,positive,0x6E,,true,2026-06-20T19:29:38.059890+02:00,33792105160259,33792108502097,3.341838,true,true,223067691,223071770,4.079000,true,matched_request_response
599,target_did_random_data,0x1234,756BCF6C,2E1234756BCF6C,072E1234756BCF6C,6E1234,positive,0x6E,,true,2026-06-20T19:29:38.075665+02:00,33792120920516,33792123925859,3.005343,true,true,223083232,223087309,4.077000,true,matched_request_response
600,target_did_random_data,0x1234,65AB76,2E123465AB76,062E123465AB7600,6E1234,positive,0x6E,,true,2026-06-20T19:29:38.091306+02:00,33792136562602,33792139435736,2.873134,true,true,223098893,223102971,4.078000,true,matched_request_response
601,target_did_random_data,0x1234,2BA800C9,2E12342BA800C9,072E12342BA800C9,6E1234,positive,0x6E,,true,2026-06-20T19:29:38.106494+02:00,33792151748136,33792154132030,2.383894,true,true,223114039,223118118,4.079000,true,matched_request_response
602,unknown_did,0x2222,A1B81A,2E2222A1B81A,062E2222A1B81A00,7F2E31,negative,0x7F,0x31,false,2026-06-20T19:29:38.121092+02:00,33792166347281,33792168695137,2.347856,true,true,223128635,223132713,4.078000,true,matched_request_response
603,target_did_random_data,0x1234,B4E5,2E1234B4E5,052E1234B4E50000,6E1234,positive,0x6E,,true,2026-06-20T19:29:38.135671+02:00,33792180926591,33792183366359,2.439768,true,true,223143216,223147301,4.085000,true,matched_request_response
604,target_did_random_data,0x1234,888813F3,2E1234888813F3,072E1234888813F3,6E1234,positive,0x6E,,true,2026-06-20T19:29:38.150516+02:00,33792195782892,33792198926660,3.143768,true,true,223158190,223162265,4.075000,true,matched_request_response
605,target_did_random_data,0x1234,C587,2E1234C587,052E1234C5870000,6E1234,positive,0x6E,,true,2026-06-20T19:29:38.166054+02:00,33792211318680,33792213859717,2.541037,true,true,223173721,223177804,4.083000,true,matched_request_response
606,unknown_did,0x2222,EB18,2E2222EB18,052E2222EB180000,7F2E31,negative,0x7F,0x31,false,2026-06-20T19:29:38.180858+02:00,33792226114289,33792228280138,2.165849,true,true,223188371,223192452,4.081000,true,matched_request_response
607,target_did_random_data,0x1234,3A,2E12343A,042E12343A000000,6E1234,positive,0x6E,,true,2026-06-20T19:29:38.195288+02:00,33792240544837,33792243114300,2.569463,true,true,223202789,223206876,4.087000,true,matched_request_response
608,target_did_random_data,0x1234,B90E2A04,2E1234B90E2A04,072E1234B90E2A04,6E1234,positive,0x6E,,true,2026-06-20T19:29:38.210098+02:00,33792255353995,33792257593388,2.239393,true,true,223217573,223221654,4.081000,true,matched_request_response
609,target_did_random_data,0x1234,496B2E,2E1234496B2E,062E1234496B2E00,6E1234,positive,0x6E,,true,2026-06-20T19:29:38.224639+02:00,33792269896010,33792272202869,2.306859,true,true,223232134,223236212,4.078000,true,matched_request_response
610,unknown_did,0x2222,9EAB0DFE,2E22229EAB0DFE,072E22229EAB0DFE,7F2E31,negative,0x7F,0x31,false,2026-06-20T19:29:38.239259+02:00,33792284515898,33792286952104,2.436206,true,true,223246717,223250797,4.080000,true,matched_request_response
611,target_did_random_data,0x1234,6E09,2E12346E09,052E12346E090000,6E1234,positive,0x6E,,true,2026-06-20T19:29:38.254060+02:00,33792299317024,33792301506411,2.189387,true,true,223261533,223265617,4.084000,true,matched_request_response
612,target_did_random_data,0x1234,5FB148,2E12345FB148,062E12345FB14800,6E1234,positive,0x6E,,true,2026-06-20T19:29:38.268526+02:00,33792313781236,33792316175956,2.394720,true,true,223275970,223280049,4.079000,true,matched_request_response
613,target_did_random_data,0x1234,8EEE57DD,2E12348EEE57DD,072E12348EEE57DD,6E1234,positive,0x6E,,true,2026-06-20T19:29:38.283199+02:00,33792328454762,33792330885940,2.431178,true,true,223290616,223294689,4.073000,true,matched_request_response
614,target_did_random_data,0x1234,9D,2E12349D,042E12349D000000,6E1234,positive,0x6E,,true,2026-06-20T19:29:38.298113+02:00,33792343382372,33792346501765,3.119393,true,true,223305706,223309793,4.087000,true,matched_request_response
615,target_did_random_data,0x1234,ECCD45,2E1234ECCD45,062E1234ECCD4500,6E1234,positive,0x6E,,true,2026-06-20T19:29:38.313481+02:00,33792358737200,33792361446555,2.709355,true,true,223320883,223324962,4.079000,true,matched_request_response
616,target_did_random_data,0x1234,9B33F709,2E12349B33F709,072E12349B33F709,6E1234,positive,0x6E,,true,2026-06-20T19:29:38.329988+02:00,33792375243154,33792377828750,2.585596,true,true,223337380,223341457,4.077000,true,matched_request_response
617,target_did_random_data,0x1234,E7,2E1234E7,042E1234E7000000,6E1234,positive,0x6E,,true,2026-06-20T19:29:38.345280+02:00,33792390536033,33792393336880,2.800847,true,true,223352680,223356766,4.086000,true,matched_request_response
618,target_did_random_data,0x1234,BDEBE766,2E1234BDEBE766,072E1234BDEBE766,6E1234,positive,0x6E,,true,2026-06-20T19:29:38.360358+02:00,33792405613801,33792408182426,2.568625,true,true,223367733,223371808,4.075000,true,matched_request_response
619,target_did_random_data,0x1234,BBF4ED29,2E1234BBF4ED29,072E1234BBF4ED29,6E1234,positive,0x6E,,true,2026-06-20T19:29:38.375287+02:00,33792420543924,33792423965242,3.421318,true,true,223382673,223386748,4.075000,true,matched_request_response
620,read_only_did,0x1001,E5,2E1001E5,042E1001E5000000,7F2E31,negative,0x7F,0x31,false,2026-06-20T19:29:38.391023+02:00,33792436278759,33792439248064,2.969305,true,true,223398393,223402482,4.089000,true,matched_request_response
621,target_did_random_data,0x1234,C8C6D91A,2E1234C8C6D91A,072E1234C8C6D91A,6E1234,positive,0x6E,,true,2026-06-20T19:29:38.406309+02:00,33792451566890,33792453969432,2.402542,true,true,223413665,223417740,4.075000,true,matched_request_response
622,target_did_random_data,0x1234,39451D,2E123439451D,062E123439451D00,6E1234,positive,0x6E,,true,2026-06-20T19:29:38.421064+02:00,33792466320594,33792468519898,2.199304,true,true,223428414,223432490,4.076000,true,matched_request_response
623,read_only_did,0x1001,98A8,2E100198A8,052E100198A80000,7F2E31,negative,0x7F,0x31,false,2026-06-20T19:29:38.435509+02:00,33792480766018,33792483175335,2.409317,true,true,223442850,223446937,4.087000,true,matched_request_response
624,missing_data,0x1234,,2E1234,032E123400000000,7F2E13,negative,0x7F,0x13,false,2026-06-20T19:29:38.450248+02:00,33792495504287,33792497865344,2.361057,true,true,223457589,223461677,4.088000,true,matched_request_response
625,target_did_random_data,0x1234,E99A,2E1234E99A,052E1234E99A0000,6E1234,positive,0x6E,,true,2026-06-20T19:29:38.464906+02:00,33792510163147,33792512446540,2.283393,true,true,223472253,223476337,4.084000,true,matched_request_response
626,unknown_did,0x2222,130F,2E2222130F,052E2222130F0000,7F2E31,negative,0x7F,0x31,false,2026-06-20T19:29:38.479554+02:00,33792524810902,33792527171958,2.361056,true,true,223486888,223490975,4.087000,true,matched_request_response
627,target_did_random_data,0x1234,12C1,2E123412C1,052E123412C10000,6E1234,positive,0x6E,,true,2026-06-20T19:29:38.494216+02:00,33792539472136,33792541775503,2.303367,true,true,223501537,223505616,4.079000,true,matched_request_response
628,target_did_random_data,0x1234,76AD9593,2E123476AD9593,072E123476AD9593,6E1234,positive,0x6E,,true,2026-06-20T19:29:38.508824+02:00,33792554082176,33792556436528,2.354352,true,true,223516122,223520197,4.075000,true,matched_request_response
629,target_did_random_data,0x1234,FD,2E1234FD,042E1234FD000000,6E1234,positive,0x6E,,true,2026-06-20T19:29:38.523424+02:00,33792568680344,33792571199311,2.518967,true,true,223530725,223534811,4.086000,true,matched_request_response
630,target_did_random_data,0x1234,B62E,2E1234B62E,052E1234B62E0000,6E1234,positive,0x6E,,true,2026-06-20T19:29:38.538222+02:00,33792583477629,33792585681193,2.203564,true,true,223545497,223549578,4.081000,true,matched_request_response
631,target_did_random_data,0x1234,38D00E,2E123438D00E,062E123438D00E00,6E1234,positive,0x6E,,true,2026-06-20T19:29:38.552690+02:00,33792597945333,33792600363240,2.417907,true,true,223559966,223564049,4.083000,true,matched_request_response
632,target_did_random_data,0x1234,13,2E123413,042E123413000000,6E1234,positive,0x6E,,true,2026-06-20T19:29:38.567374+02:00,33792612630034,33792615065122,2.435088,true,true,223574644,223578731,4.087000,true,matched_request_response
633,target_did_random_data,0x1234,9CF7C8,2E12349CF7C8,062E12349CF7C800,6E1234,positive,0x6E,,true,2026-06-20T19:29:38.582101+02:00,33792627356919,33792629645969,2.289050,true,true,223589354,223593430,4.076000,true,matched_request_response
634,target_did_random_data,0x1234,1C1C,2E12341C1C,052E12341C1C0000,6E1234,positive,0x6E,,true,2026-06-20T19:29:38.596628+02:00,33792641884267,33792644308111,2.423844,true,true,223603925,223608008,4.083000,true,matched_request_response
635,target_did_random_data,0x1234,2C2D,2E12342C2D,052E12342C2D0000,6E1234,positive,0x6E,,true,2026-06-20T19:29:38.611337+02:00,33792656593901,33792661193373,4.599472,true,true,223618592,223622673,4.081000,true,matched_request_response
636,unknown_did,0xF187,20BE,2EF18720BE,052EF18720BE0000,7F2E31,negative,0x7F,0x31,false,2026-06-20T19:29:38.630654+02:00,33792675910620,33792678571226,2.660606,true,true,223637903,223641986,4.083000,true,matched_request_response
637,target_did_random_data,0x1234,DE,2E1234DE,042E1234DE000000,6E1234,positive,0x6E,,true,2026-06-20T19:29:38.645622+02:00,33792690877759,33792693170650,2.292891,true,true,223652902,223656988,4.086000,true,matched_request_response
638,target_did_random_data,0x1234,FF331C2E,2E1234FF331C2E,072E1234FF331C2E,6E1234,positive,0x6E,,true,2026-06-20T19:29:38.660342+02:00,33792705605063,33792708728926,3.123863,true,true,223667680,223671754,4.074000,true,matched_request_response
639,target_did_random_data,0x1234,CF7ECE,2E1234CF7ECE,062E1234CF7ECE00,6E1234,positive,0x6E,,true,2026-06-20T19:29:38.675746+02:00,33792721023866,33792723395888,2.372022,true,true,223682974,223687053,4.079000,true,matched_request_response
640,read_only_did,0x1001,AFF899,2E1001AFF899,062E1001AFF89900,7F2E31,negative,0x7F,0x31,false,2026-06-20T19:29:38.690391+02:00,33792735646338,33792738590081,2.943743,true,true,223697581,223701662,4.081000,true,matched_request_response
641,unknown_did,0xF187,578FEE,2EF187578FEE,062EF187578FEE00,7F2E31,negative,0x7F,0x31,false,2026-06-20T19:29:38.705678+02:00,33792750933840,33792753713595,2.779755,true,true,223712848,223716927,4.079000,true,matched_request_response
642,target_did_random_data,0x1234,9028,2E12349028,052E123490280000,6E1234,positive,0x6E,,true,2026-06-20T19:29:38.720849+02:00,33792766106662,33792768349896,2.243234,true,true,223728040,223732122,4.082000,true,matched_request_response
643,target_did_random_data,0x1234,15F6690E,2E123415F6690E,072E123415F6690E,6E1234,positive,0x6E,,true,2026-06-20T19:29:38.735712+02:00,33792780969039,33792783966909,2.997870,true,true,223742926,223747005,4.079000,true,matched_request_response
644,target_did_random_data,0x1234,21,2E123421,042E123421000000,6E1234,positive,0x6E,,true,2026-06-20T19:29:38.751198+02:00,33792796454122,33792799572957,3.118835,true,true,223758345,223762430,4.085000,true,matched_request_response
645,target_did_random_data,0x1234,E02E60,2E1234E02E60,062E1234E02E6000,6E1234,positive,0x6E,,true,2026-06-20T19:29:38.766871+02:00,33792812127078,33792815270357,3.143279,true,true,223774007,223778086,4.079000,true,matched_request_response
646,target_did_random_data,0x1234,FF,2E1234FF,042E1234FF000000,6E1234,positive,0x6E,,true,2026-06-20T19:29:38.782316+02:00,33792827572141,33792829908125,2.335984,true,true,223789443,223793528,4.085000,true,matched_request_response
647,target_did_random_data,0x1234,6705,2E12346705,052E123467050000,6E1234,positive,0x6E,,true,2026-06-20T19:29:38.797185+02:00,33792842441992,33792845500274,3.058282,true,true,223804318,223808402,4.084000,true,matched_request_response
648,target_did_random_data,0x1234,E582F03A,2E1234E582F03A,072E1234E582F03A,6E1234,positive,0x6E,,true,2026-06-20T19:29:38.812491+02:00,33792857746953,33792860122257,2.375304,true,true,223819579,223823652,4.073000,true,matched_request_response
649,target_did_random_data,0x1234,377F5455,2E1234377F5455,072E1234377F5455,6E1234,positive,0x6E,,true,2026-06-20T19:29:38.827143+02:00,33792872399667,33792874747384,2.347717,true,true,223834239,223838316,4.077000,true,matched_request_response
650,target_did_random_data,0x1234,332E,2E1234332E,052E1234332E0000,6E1234,positive,0x6E,,true,2026-06-20T19:29:38.841816+02:00,33792887071726,33792889441373,2.369647,true,true,223848889,223852972,4.083000,true,matched_request_response
651,target_did_random_data,0x1234,CE,2E1234CE,042E1234CE000000,6E1234,positive,0x6E,,true,2026-06-20T19:29:38.856548+02:00,33792901804688,33792904177198,2.372510,true,true,223863613,223867697,4.084000,true,matched_request_response
652,target_did_random_data,0x1234,D91EE2,2E1234D91EE2,062E1234D91EE200,6E1234,positive,0x6E,,true,2026-06-20T19:29:38.871205+02:00,33792916460265,33792918712089,2.251824,true,true,223878250,223882330,4.080000,true,matched_request_response
653,missing_data,0x1234,,2E1234,032E123400000000,7F2E13,negative,0x7F,0x13,false,2026-06-20T19:29:38.885952+02:00,33792931208172,33792934364582,3.156410,true,true,223893010,223897101,4.091000,true,matched_request_response
654,target_did_random_data,0x1234,11,2E123411,042E123411000000,6E1234,positive,0x6E,,true,2026-06-20T19:29:38.901679+02:00,33792946936442,33792949953518,3.017076,true,true,223908756,223912843,4.087000,true,matched_request_response
655,unknown_did,0xF187,F3E2,2EF187F3E2,052EF187F3E20000,7F2E31,negative,0x7F,0x31,false,2026-06-20T19:29:38.917221+02:00,33792962476281,33792965600563,3.124282,true,true,223924248,223928332,4.084000,true,matched_request_response
656,target_did_random_data,0x1234,5E,2E12345E,042E12345E000000,6E1234,positive,0x6E,,true,2026-06-20T19:29:38.932642+02:00,33792977897808,33792980293715,2.395907,true,true,223939696,223943783,4.087000,true,matched_request_response
657,target_did_random_data,0x1234,4D516B93,2E12344D516B93,072E12344D516B93,6E1234,positive,0x6E,,true,2026-06-20T19:29:38.947316+02:00,33792992572032,33792994940282,2.368250,true,true,223954299,223958372,4.073000,true,matched_request_response
658,target_did_random_data,0x1234,EE71,2E1234EE71,052E1234EE710000,6E1234,positive,0x6E,,true,2026-06-20T19:29:38.961960+02:00,33793007215806,33793009571205,2.355399,true,true,223968951,223973033,4.082000,true,matched_request_response
659,read_only_did,0x1001,2D,2E10012D,042E10012D000000,7F2E31,negative,0x7F,0x31,false,2026-06-20T19:29:38.976927+02:00,33793022184063,33793025333418,3.149355,true,true,223983933,223988024,4.091000,true,matched_request_response
660,target_did_random_data,0x1234,18D3E9,2E123418D3E9,062E123418D3E900,6E1234,positive,0x6E,,true,2026-06-20T19:29:38.992367+02:00,33793037623469,33793039821306,2.197837,true,true,223999336,224003413,4.077000,true,matched_request_response
661,target_did_random_data,0x1234,2A,2E12342A,042E12342A000000,6E1234,positive,0x6E,,true,2026-06-20T19:29:39.006823+02:00,33793052078322,33793054543722,2.465400,true,true,224013795,224017882,4.087000,true,matched_request_response
662,unknown_did,0x2222,8DAC,2E22228DAC,052E22228DAC0000,7F2E31,negative,0x7F,0x31,false,2026-06-20T19:29:39.021694+02:00,33793066950198,33793070144182,3.193984,true,true,224028664,224032746,4.082000,true,matched_request_response
663,target_did_random_data,0x1234,71,2E123471,042E123471000000,6E1234,positive,0x6E,,true,2026-06-20T19:29:39.037457+02:00,33793082725821,33793085954935,3.229114,true,true,224044638,224048725,4.087000,true,matched_request_response
664,missing_data,0x1234,,2E1234,032E123400000000,7F2E13,negative,0x7F,0x13,false,2026-06-20T19:29:39.053542+02:00,33793098798059,33793101328830,2.530771,true,true,224060493,224064582,4.089000,true,matched_request_response
665,unknown_did,0xF187,C4,2EF187C4,042EF187C4000000,7F2E31,negative,0x7F,0x31,false,2026-06-20T19:29:39.068395+02:00,33793113651218,33793116031201,2.379983,true,true,224075361,224079444,4.083000,true,matched_request_response
666,target_did_random_data,0x1234,9B270EF5,2E12349B270EF5,072E12349B270EF5,6E1234,positive,0x6E,,true,2026-06-20T19:29:39.083039+02:00,33793128294223,33793130676372,2.382149,true,true,224089939,224094018,4.079000,true,matched_request_response
667,target_did_random_data,0x1234,9B01,2E12349B01,052E12349B010000,6E1234,positive,0x6E,,true,2026-06-20T19:29:39.097693+02:00,33793142948403,33793145330761,2.382358,true,true,224104608,224108693,4.085000,true,matched_request_response
668,target_did_random_data,0x1234,FF,2E1234FF,042E1234FF000000,6E1234,positive,0x6E,,true,2026-06-20T19:29:39.112345+02:00,33793157601187,33793159962173,2.360986,true,true,224119246,224123333,4.087000,true,matched_request_response
669,target_did_random_data,0x1234,B945F7,2E1234B945F7,062E1234B945F700,6E1234,positive,0x6E,,true,2026-06-20T19:29:39.127012+02:00,33793172269685,33793174592677,2.322992,true,true,224133907,224137986,4.079000,true,matched_request_response
670,target_did_random_data,0x1234,C30577F5,2E1234C30577F5,072E1234C30577F5,6E1234,positive,0x6E,,true,2026-06-20T19:29:39.141604+02:00,33793186859750,33793189452890,2.593140,true,true,224148468,224152545,4.077000,true,matched_request_response
671,unknown_did,0x3333,2A53C0DA,2E33332A53C0DA,072E33332A53C0DA,7F2E31,negative,0x7F,0x31,false,2026-06-20T19:29:39.156487+02:00,33793201742382,33793204919394,3.177012,true,true,224163336,224167408,4.072000,true,matched_request_response
672,unknown_did,0x3333,FA,2E3333FA,042E3333FA000000,7F2E31,negative,0x7F,0x31,false,2026-06-20T19:29:39.172052+02:00,33793217307991,33793219534463,2.226472,true,true,224178924,224183011,4.087000,true,matched_request_response
673,unknown_did,0x3333,DB0667B1,2E3333DB0667B1,072E3333DB0667B1,7F2E31,negative,0x7F,0x31,false,2026-06-20T19:29:39.186745+02:00,33793232000514,33793235183324,3.182810,true,true,224193612,224197689,4.077000,true,matched_request_response
674,missing_data,0x1234,,2E1234,032E123400000000,7F2E13,negative,0x7F,0x13,false,2026-06-20T19:29:39.202485+02:00,33793247741496,33793250761715,3.020219,true,true,224209362,224213450,4.088000,true,matched_request_response
675,target_did_random_data,0x1234,6F24E7F9,2E12346F24E7F9,072E12346F24E7F9,6E1234,positive,0x6E,,true,2026-06-20T19:29:39.217817+02:00,33793263072020,33793265579114,2.507094,true,true,224224634,224228706,4.072000,true,matched_request_response
676,target_did_random_data,0x1234,89CBA81E,2E123489CBA81E,072E123489CBA81E,6E1234,positive,0x6E,,true,2026-06-20T19:29:39.232740+02:00,33793277997254,33793283169005,5.171751,true,true,224239600,224243673,4.073000,true,matched_request_response
677,unknown_did,0x3333,A6243F,2E3333A6243F,062E3333A6243F00,7F2E31,negative,0x7F,0x31,false,2026-06-20T19:29:39.250441+02:00,33793295697425,33793298661282,2.963857,true,true,224257249,224261329,4.080000,true,matched_request_response
678,target_did_random_data,0x1234,2A37,2E12342A37,052E12342A370000,6E1234,positive,0x6E,,true,2026-06-20T19:29:39.265834+02:00,33793311103447,33793314228987,3.125540,true,true,224272805,224276888,4.083000,true,matched_request_response
679,target_did_random_data,0x1234,05C461,2E123405C461,062E123405C46100,6E1234,positive,0x6E,,true,2026-06-20T19:29:39.281286+02:00,33793326541457,33793329202202,2.660745,true,true,224288073,224292157,4.084000,true,matched_request_response
680,unknown_did,0xF187,BF621BF4,2EF187BF621BF4,072EF187BF621BF4,7F2E31,negative,0x7F,0x31,false,2026-06-20T19:29:39.296194+02:00,33793341449859,33793344566739,3.116880,true,true,224302966,224307040,4.074000,true,matched_request_response
681,read_only_did,0x1001,0C,2E10010C,042E10010C000000,7F2E31,negative,0x7F,0x31,false,2026-06-20T19:29:39.311564+02:00,33793356819843,33793359443783,2.623940,true,true,224318342,224322435,4.093000,true,matched_request_response
682,target_did_random_data,0x1234,4F92FF,2E12344F92FF,062E12344F92FF00,6E1234,positive,0x6E,,true,2026-06-20T19:29:39.326519+02:00,33793371775738,33793374999475,3.223737,true,true,224333310,224337387,4.077000,true,matched_request_response
683,read_only_did,0x1001,206C01,2E1001206C01,062E1001206C0100,7F2E31,negative,0x7F,0x31,false,2026-06-20T19:29:39.342084+02:00,33793387340440,33793390444608,3.104168,true,true,224348869,224352956,4.087000,true,matched_request_response
684,target_did_random_data,0x1234,035E,2E1234035E,052E1234035E0000,6E1234,positive,0x6E,,true,2026-06-20T19:29:39.357671+02:00,33793402927351,33793406060085,3.132734,true,true,224364409,224368494,4.085000,true,matched_request_response
685,target_did_random_data,0x1234,522BCC,2E1234522BCC,062E1234522BCC00,6E1234,positive,0x6E,,true,2026-06-20T19:29:39.373086+02:00,33793418341894,33793420676690,2.334796,true,true,224379807,224383886,4.079000,true,matched_request_response
686,read_only_did,0x1001,03EF,2E100103EF,052E100103EF0000,7F2E31,negative,0x7F,0x31,false,2026-06-20T19:29:39.387721+02:00,33793432977078,33793435341905,2.364827,true,true,224394498,224398587,4.089000,true,matched_request_response
687,target_did_random_data,0x1234,47,2E123447,042E123447000000,6E1234,positive,0x6E,,true,2026-06-20T19:29:39.402559+02:00,33793447814522,33793450989579,3.175057,true,true,224409279,224413367,4.088000,true,matched_request_response
688,unknown_did,0x3333,3D37D9,2E33333D37D9,062E33333D37D900,7F2E31,negative,0x7F,0x31,false,2026-06-20T19:29:39.418043+02:00,33793463299115,33793466029353,2.730238,true,true,224424737,224428815,4.078000,true,matched_request_response
689,target_did_random_data,0x1234,11,2E123411,042E123411000000,6E1234,positive,0x6E,,true,2026-06-20T19:29:39.433253+02:00,33793478509512,33793481306867,2.797355,true,true,224439962,224444049,4.087000,true,matched_request_response
690,target_did_random_data,0x1234,F5,2E1234F5,042E1234F5000000,6E1234,positive,0x6E,,true,2026-06-20T19:29:39.448354+02:00,33793493610188,33793495999809,2.389621,true,true,224455049,224459136,4.087000,true,matched_request_response
691,target_did_random_data,0x1234,E3,2E1234E3,042E1234E3000000,6E1234,positive,0x6E,,true,2026-06-20T19:29:39.463073+02:00,33793508328622,33793510660555,2.331933,true,true,224469748,224473835,4.087000,true,matched_request_response
692,missing_data,0x1234,,2E1234,032E123400000000,7F2E13,negative,0x7F,0x13,false,2026-06-20T19:29:39.477650+02:00,33793522904859,33793525192652,2.287793,true,true,224484340,224488428,4.088000,true,matched_request_response
693,target_did_random_data,0x1234,0F46,2E12340F46,052E12340F460000,6E1234,positive,0x6E,,true,2026-06-20T19:29:39.492262+02:00,33793537519300,33793539862128,2.342828,true,true,224498940,224503027,4.087000,true,matched_request_response
694,target_did_random_data,0x1234,5C738C,2E12345C738C,062E12345C738C00,6E1234,positive,0x6E,,true,2026-06-20T19:29:39.506885+02:00,33793552140515,33793554501641,2.361126,true,true,224513527,224517604,4.077000,true,matched_request_response
695,target_did_random_data,0x1234,CFFDC819,2E1234CFFDC819,072E1234CFFDC819,6E1234,positive,0x6E,,true,2026-06-20T19:29:39.521530+02:00,33793566786244,33793569138710,2.352466,true,true,224528171,224532246,4.075000,true,matched_request_response
696,target_did_random_data,0x1234,B1,2E1234B1,042E1234B1000000,6E1234,positive,0x6E,,true,2026-06-20T19:29:39.536356+02:00,33793581612234,33793584749228,3.136994,true,true,224542991,224547078,4.087000,true,matched_request_response
697,target_did_random_data,0x1234,719D,2E1234719D,052E1234719D0000,6E1234,positive,0x6E,,true,2026-06-20T19:29:39.551792+02:00,33793597047380,33793599367510,2.320130,true,true,224558402,224562482,4.080000,true,matched_request_response
698,target_did_random_data,0x1234,73,2E123473,042E123473000000,6E1234,positive,0x6E,,true,2026-06-20T19:29:39.566380+02:00,33793611635421,33793614094255,2.458834,true,true,224572999,224577086,4.087000,true,matched_request_response
699,target_did_random_data,0x1234,9EB9,2E12349EB9,052E12349EB90000,6E1234,positive,0x6E,,true,2026-06-20T19:29:39.581180+02:00,33793626437106,33793628770715,2.333609,true,true,224587794,224591877,4.083000,true,matched_request_response
700,target_did_random_data,0x1234,84501867,2E123484501867,072E123484501867,6E1234,positive,0x6E,,true,2026-06-20T19:29:39.595789+02:00,33793641044493,33793643372724,2.328231,true,true,224602371,224606443,4.072000,true,matched_request_response
701,target_did_random_data,0x1234,587D,2E1234587D,052E1234587D0000,6E1234,positive,0x6E,,true,2026-06-20T19:29:39.610382+02:00,33793655637701,33793658050789,2.413088,true,true,224616988,224621071,4.083000,true,matched_request_response
702,missing_data,0x1234,,2E1234,032E123400000000,7F2E13,negative,0x7F,0x13,false,2026-06-20T19:29:39.625099+02:00,33793670356834,33793672656919,2.300085,true,true,224631689,224635779,4.090000,true,matched_request_response
703,target_did_random_data,0x1234,24,2E123424,042E123424000000,6E1234,positive,0x6E,,true,2026-06-20T19:29:39.639709+02:00,33793684965617,33793687280997,2.315380,true,true,224646276,224650363,4.087000,true,matched_request_response
704,target_did_random_data,0x1234,E3C812,2E1234E3C812,062E1234E3C81200,6E1234,positive,0x6E,,true,2026-06-20T19:29:39.654563+02:00,33793699829531,33793702945293,3.115762,true,true,224661252,224665331,4.079000,true,matched_request_response
705,target_did_random_data,0x1234,CE6D21ED,2E1234CE6D21ED,072E1234CE6D21ED,6E1234,positive,0x6E,,true,2026-06-20T19:29:39.670217+02:00,33793715474131,33793718540236,3.066105,true,true,224676779,224680854,4.075000,true,matched_request_response
706,unknown_did,0x2222,10C527,2E222210C527,062E222210C52700,7F2E31,negative,0x7F,0x31,false,2026-06-20T19:29:39.685732+02:00,33793730987430,33793733234366,2.246936,true,true,224692291,224696367,4.076000,true,matched_request_response
707,target_did_random_data,0x1234,C0,2E1234C0,042E1234C0000000,6E1234,positive,0x6E,,true,2026-06-20T19:29:39.700474+02:00,33793745730169,33793748811988,3.081819,true,true,224707014,224711101,4.087000,true,matched_request_response
708,target_did_random_data,0x1234,12,2E123412,042E123412000000,6E1234,positive,0x6E,,true,2026-06-20T19:29:39.715814+02:00,33793761070051,33793763509610,2.439559,true,true,224722340,224726424,4.084000,true,matched_request_response
709,unknown_did,0xF187,A9DB,2EF187A9DB,052EF187A9DB0000,7F2E31,negative,0x7F,0x31,false,2026-06-20T19:29:39.730515+02:00,33793775770606,33793778183066,2.412460,true,true,224737026,224741109,4.083000,true,matched_request_response
710,target_did_random_data,0x1234,98,2E123498,042E123498000000,6E1234,positive,0x6E,,true,2026-06-20T19:29:39.745177+02:00,33793790433028,33793792803443,2.370415,true,true,224751688,224755774,4.086000,true,matched_request_response
711,target_did_random_data,0x1234,5D99F7,2E12345D99F7,062E12345D99F700,6E1234,positive,0x6E,,true,2026-06-20T19:29:39.759868+02:00,33793805124783,33793807403915,2.279132,true,true,224766364,224770440,4.076000,true,matched_request_response
712,target_did_random_data,0x1234,47,2E123447,042E123447000000,6E1234,positive,0x6E,,true,2026-06-20T19:29:39.774658+02:00,33793819915433,33793823035874,3.120441,true,true,224781177,224785264,4.087000,true,matched_request_response
713,unknown_did,0x2222,AD9B,2E2222AD9B,052E2222AD9B0000,7F2E31,negative,0x7F,0x31,false,2026-06-20T19:29:39.790038+02:00,33793835294846,33793837724067,2.429221,true,true,224796512,224800593,4.081000,true,matched_request_response
714,target_did_random_data,0x1234,C6,2E1234C6,042E1234C6000000,6E1234,positive,0x6E,,true,2026-06-20T19:29:39.804728+02:00,33793849983458,33793852344374,2.360916,true,true,224811229,224815318,4.089000,true,matched_request_response
715,target_did_random_data,0x1234,16BBB025,2E123416BBB025,072E123416BBB025,6E1234,positive,0x6E,,true,2026-06-20T19:29:39.819443+02:00,33793864698190,33793866975856,2.277666,true,true,224825880,224829955,4.075000,true,matched_request_response
716,target_did_random_data,0x1234,01C3857B,2E123401C3857B,072E123401C3857B,6E1234,positive,0x6E,,true,2026-06-20T19:29:39.834032+02:00,33793879287837,33793881587573,2.299736,true,true,224840477,224844554,4.077000,true,matched_request_response
717,target_did_random_data,0x1234,39EE3C5C,2E123439EE3C5C,072E123439EE3C5C,6E1234,positive,0x6E,,true,2026-06-20T19:29:39.849583+02:00,33793894838710,33793897241741,2.403031,true,true,224855997,224860072,4.075000,true,matched_request_response
718,target_did_random_data,0x1234,B6A9,2E1234B6A9,052E1234B6A90000,6E1234,positive,0x6E,,true,2026-06-20T19:29:39.864237+02:00,33793909493938,33793911923718,2.429780,true,true,224870656,224874738,4.082000,true,matched_request_response
719,unknown_did,0xF187,A824FE,2EF187A824FE,062EF187A824FE00,7F2E31,negative,0x7F,0x31,false,2026-06-20T19:29:39.878925+02:00,33793924180525,33793926567073,2.386548,true,true,224885328,224889405,4.077000,true,matched_request_response
720,target_did_random_data,0x1234,97B2C9CE,2E123497B2C9CE,072E123497B2C9CE,6E1234,positive,0x6E,,true,2026-06-20T19:29:39.893639+02:00,33793938894489,33793941173971,2.279482,true,true,224900063,224904138,4.075000,true,matched_request_response
721,target_did_random_data,0x1234,E44053,2E1234E44053,062E1234E4405300,6E1234,positive,0x6E,,true,2026-06-20T19:29:39.908175+02:00,33793953430498,33793955869986,2.439488,true,true,224914553,224918629,4.076000,true,matched_request_response
722,target_did_random_data,0x1234,874F,2E1234874F,052E1234874F0000,6E1234,positive,0x6E,,true,2026-06-20T19:29:39.922824+02:00,33793968079580,33793970531290,2.451710,true,true,224929199,224933282,4.083000,true,matched_request_response
723,target_did_random_data,0x1234,021FE1EA,2E1234021FE1EA,072E1234021FE1EA,6E1234,positive,0x6E,,true,2026-06-20T19:29:39.937570+02:00,33793982826439,33793985134346,2.307907,true,true,224943943,224948022,4.079000,true,matched_request_response
724,target_did_random_data,0x1234,477844,2E1234477844,062E123447784400,6E1234,positive,0x6E,,true,2026-06-20T19:29:39.952330+02:00,33793997586080,33793999791041,2.204961,true,true,224958691,224962770,4.079000,true,matched_request_response
725,target_did_random_data,0x1234,E50D79,2E1234E50D79,062E1234E50D7900,6E1234,positive,0x6E,,true,2026-06-20T19:29:39.966818+02:00,33794012074946,33794014477907,2.402961,true,true,224973171,224977254,4.083000,true,matched_request_response
726,target_did_random_data,0x1234,E51E,2E1234E51E,052E1234E51E0000,6E1234,positive,0x6E,,true,2026-06-20T19:29:39.981631+02:00,33794026888783,33794030520882,3.632099,true,true,224988022,224992105,4.083000,true,matched_request_response
727,target_did_random_data,0x1234,89BA60,2E123489BA60,062E123489BA6000,6E1234,positive,0x6E,,true,2026-06-20T19:29:39.997528+02:00,33794042783415,33794045901063,3.117648,true,true,225003856,225007934,4.078000,true,matched_request_response
728,target_did_random_data,0x1234,85CC27,2E123485CC27,062E123485CC2700,6E1234,positive,0x6E,,true,2026-06-20T19:29:40.012945+02:00,33794058200682,33794061328247,3.127565,true,true,225019255,225023334,4.079000,true,matched_request_response
729,target_did_random_data,0x1234,6C91D9,2E12346C91D9,062E12346C91D900,6E1234,positive,0x6E,,true,2026-06-20T19:29:40.028323+02:00,33794073578768,33794075939545,2.360777,true,true,225034636,225038715,4.079000,true,matched_request_response
730,target_did_random_data,0x1234,395E33,2E1234395E33,062E1234395E3300,6E1234,positive,0x6E,,true,2026-06-20T19:29:40.042980+02:00,33794088235881,33794090587020,2.351139,true,true,225049274,225053353,4.079000,true,matched_request_response
731,target_did_random_data,0x1234,7E6CED61,2E12347E6CED61,072E12347E6CED61,6E1234,positive,0x6E,,true,2026-06-20T19:29:40.057667+02:00,33794102924214,33794105249721,2.325507,true,true,225063966,225068040,4.074000,true,matched_request_response
732,target_did_random_data,0x1234,19809F,2E123419809F,062E123419809F00,6E1234,positive,0x6E,,true,2026-06-20T19:29:40.072232+02:00,33794117486762,33794119888746,2.401984,true,true,225078501,225082578,4.077000,true,matched_request_response
733,missing_data,0x1234,,2E1234,032E123400000000,7F2E13,negative,0x7F,0x13,false,2026-06-20T19:29:40.086915+02:00,33794132171394,33794134585669,2.414275,true,true,225093219,225097312,4.093000,true,matched_request_response
734,missing_data,0x1234,,2E1234,032E123400000000,7F2E13,negative,0x7F,0x13,false,2026-06-20T19:29:40.101682+02:00,33794146939625,33794149235868,2.296243,true,true,225107982,225112073,4.091000,true,matched_request_response
735,target_did_random_data,0x1234,C3,2E1234C3,042E1234C3000000,6E1234,positive,0x6E,,true,2026-06-20T19:29:40.116448+02:00,33794161703735,33794164848202,3.144467,true,true,225122702,225126789,4.087000,true,matched_request_response
736,target_did_random_data,0x1234,CA46AB,2E1234CA46AB,062E1234CA46AB00,6E1234,positive,0x6E,,true,2026-06-20T19:29:40.132008+02:00,33794177265015,33794179654287,2.389272,true,true,225138273,225142353,4.080000,true,matched_request_response
737,target_did_random_data,0x1234,2873,2E12342873,052E123428730000,6E1234,positive,0x6E,,true,2026-06-20T19:29:40.146651+02:00,33794191906484,33794194237369,2.330885,true,true,225152893,225156975,4.082000,true,matched_request_response
738,target_did_random_data,0x1234,DF13,2E1234DF13,052E1234DF130000,6E1234,positive,0x6E,,true,2026-06-20T19:29:40.161277+02:00,33794206532378,33794208827225,2.294847,true,true,225167498,225171578,4.080000,true,matched_request_response
739,target_did_random_data,0x1234,5C,2E12345C,042E12345C000000,6E1234,positive,0x6E,,true,2026-06-20T19:29:40.175927+02:00,33794221183416,33794223441177,2.257761,true,true,225182134,225186220,4.086000,true,matched_request_response
740,read_only_did,0x1001,1E80,2E10011E80,052E10011E800000,7F2E31,negative,0x7F,0x31,false,2026-06-20T19:29:40.190648+02:00,33794235903247,33794239187745,3.284498,true,true,225196866,225200953,4.087000,true,matched_request_response
741,unknown_did,0x2222,0B29,2E22220B29,052E22220B290000,7F2E31,negative,0x7F,0x31,false,2026-06-20T19:29:40.206213+02:00,33794251469415,33794253785564,2.316149,true,true,225212384,225216469,4.085000,true,matched_request_response
742,target_did_random_data,0x1234,E3D46CA8,2E1234E3D46CA8,072E1234E3D46CA8,6E1234,positive,0x6E,,true,2026-06-20T19:29:40.220853+02:00,33794266108929,33794268386525,2.277596,true,true,225227003,225231078,4.075000,true,matched_request_response
743,target_did_random_data,0x1234,A5BE28F4,2E1234A5BE28F4,072E1234A5BE28F4,6E1234,positive,0x6E,,true,2026-06-20T19:29:40.235591+02:00,33794280846569,33794283982166,3.135597,true,true,225241741,225245815,4.074000,true,matched_request_response
744,target_did_random_data,0x1234,BA18,2E1234BA18,052E1234BA180000,6E1234,positive,0x6E,,true,2026-06-20T19:29:40.251020+02:00,33794296277106,33794298897972,2.620866,true,true,225257181,225261264,4.083000,true,matched_request_response
745,target_did_random_data,0x1234,94474420,2E123494474420,072E123494474420,6E1234,positive,0x6E,,true,2026-06-20T19:29:40.266682+02:00,33794311937770,33794314277385,2.339615,true,true,225272805,225276880,4.075000,true,matched_request_response
746,target_did_random_data,0x1234,043325,2E1234043325,062E123404332500,6E1234,positive,0x6E,,true,2026-06-20T19:29:40.281492+02:00,33794326748884,33794329903547,3.154663,true,true,225287639,225291722,4.083000,true,matched_request_response
747,target_did_random_data,0x1234,7E09,2E12347E09,052E12347E090000,6E1234,positive,0x6E,,true,2026-06-20T19:29:40.296921+02:00,33794342177255,33794344680019,2.502764,true,true,225303031,225307118,4.087000,true,matched_request_response
748,target_did_random_data,0x1234,50,2E123450,042E123450000000,6E1234,positive,0x6E,,true,2026-06-20T19:29:40.311666+02:00,33794356922159,33794359199685,2.277526,true,true,225317770,225321856,4.086000,true,matched_request_response
749,target_did_random_data,0x1234,C75B1E,2E1234C75B1E,062E1234C75B1E00,6E1234,positive,0x6E,,true,2026-06-20T19:29:40.326274+02:00,33794371530663,33794373962329,2.431666,true,true,225332373,225336449,4.076000,true,matched_request_response
750,target_did_random_data,0x1234,34AA0433,2E123434AA0433,072E123434AA0433,6E1234,positive,0x6E,,true,2026-06-20T19:29:40.340984+02:00,33794386240716,33794388497150,2.256434,true,true,225347051,225351130,4.079000,true,matched_request_response
751,unknown_did,0xF187,C3C3C1,2EF187C3C3C1,062EF187C3C3C100,7F2E31,negative,0x7F,0x31,false,2026-06-20T19:29:40.355537+02:00,33794400793068,33794403164810,2.371742,true,true,225361619,225365695,4.076000,true,matched_request_response
752,target_did_random_data,0x1234,4B4A7F7A,2E12344B4A7F7A,072E12344B4A7F7A,6E1234,positive,0x6E,,true,2026-06-20T19:29:40.370474+02:00,33794415731502,33794418721271,2.989769,true,true,225376544,225380616,4.072000,true,matched_request_response
753,target_did_random_data,0x1234,4EE4D205,2E12344EE4D205,072E12344EE4D205,6E1234,positive,0x6E,,true,2026-06-20T19:29:40.385972+02:00,33794431229087,33794434344290,3.115203,true,true,225392031,225396110,4.079000,true,matched_request_response
754,unknown_did,0xF187,F6,2EF187F6,042EF187F6000000,7F2E31,negative,0x7F,0x31,false,2026-06-20T19:29:40.401607+02:00,33794446864398,33794450041481,3.177083,true,true,225407715,225411802,4.087000,true,matched_request_response
755,target_did_random_data,0x1234,BE46D6,2E1234BE46D6,062E1234BE46D600,6E1234,positive,0x6E,,true,2026-06-20T19:29:40.417094+02:00,33794462349551,33794464857833,2.508282,true,true,225423106,225427185,4.079000,true,matched_request_response
756,target_did_random_data,0x1234,B2,2E1234B2,042E1234B2000000,6E1234,positive,0x6E,,true,2026-06-20T19:29:40.431879+02:00,33794477134544,33794480269652,3.135108,true,true,225437909,225441996,4.087000,true,matched_request_response
757,target_did_random_data,0x1234,F9,2E1234F9,042E1234F9000000,6E1234,positive,0x6E,,true,2026-06-20T19:29:40.447271+02:00,33794492527226,33794495090892,2.563666,true,true,225453298,225457383,4.085000,true,matched_request_response
758,unknown_did,0x2222,BD,2E2222BD,042E2222BD000000,7F2E31,negative,0x7F,0x31,false,2026-06-20T19:29:40.462417+02:00,33794507674137,33794512184351,4.510214,true,true,225468420,225472505,4.085000,true,matched_request_response
759,unknown_did,0x2222,4689,2E22224689,052E222246890000,7F2E31,negative,0x7F,0x31,false,2026-06-20T19:29:40.479264+02:00,33794524518891,33794527445523,2.926632,true,true,225485216,225489301,4.085000,true,matched_request_response
760,target_did_random_data,0x1234,40,2E123440,042E123440000000,6E1234,positive,0x6E,,true,2026-06-20T19:29:40.494444+02:00,33794539700024,33794543195723,3.495699,true,true,225500423,225504508,4.085000,true,matched_request_response
761,missing_data,0x1234,,2E1234,032E123400000000,7F2E13,negative,0x7F,0x13,false,2026-06-20T19:29:40.510213+02:00,33794555469082,33794558417085,2.948003,true,true,225516181,225520272,4.091000,true,matched_request_response
762,target_did_random_data,0x1234,DB,2E1234DB,042E1234DB000000,6E1234,positive,0x6E,,true,2026-06-20T19:29:40.525436+02:00,33794570691002,33794573031036,2.340034,true,true,225531380,225535464,4.084000,true,matched_request_response
763,target_did_random_data,0x1234,C0A1D3,2E1234C0A1D3,062E1234C0A1D300,6E1234,positive,0x6E,,true,2026-06-20T19:29:40.540139+02:00,33794585393862,33794587723420,2.329558,true,true,225546066,225550145,4.079000,true,matched_request_response
764,target_did_random_data,0x1234,E90D,2E1234E90D,052E1234E90D0000,6E1234,positive,0x6E,,true,2026-06-20T19:29:40.554812+02:00,33794600068645,33794602315162,2.246517,true,true,225560729,225564816,4.087000,true,matched_request_response
765,target_did_random_data,0x1234,8C36,2E12348C36,052E12348C360000,6E1234,positive,0x6E,,true,2026-06-20T19:29:40.569504+02:00,33794614759702,33794616960822,2.201120,true,true,225575428,225579509,4.081000,true,matched_request_response
766,target_did_random_data,0x1234,B40D,2E1234B40D,052E1234B40D0000,6E1234,positive,0x6E,,true,2026-06-20T19:29:40.584203+02:00,33794629458720,33794632575181,3.116461,true,true,225590116,225594203,4.087000,true,matched_request_response
767,unknown_did,0xF187,A6E7,2EF187A6E7,052EF187A6E70000,7F2E31,negative,0x7F,0x31,false,2026-06-20T19:29:40.599805+02:00,33794645060228,33794647289843,2.229615,true,true,225605701,225609784,4.083000,true,matched_request_response
768,target_did_random_data,0x1234,EE,2E1234EE,042E1234EE000000,6E1234,positive,0x6E,,true,2026-06-20T19:29:40.614325+02:00,33794659580523,33794662163744,2.583221,true,true,225620213,225624303,4.090000,true,matched_request_response
769,missing_data,0x1234,,2E1234,032E123400000000,7F2E13,negative,0x7F,0x13,false,2026-06-20T19:29:40.629176+02:00,33794674431865,33794677534008,3.102143,true,true,225635056,225639147,4.091000,true,matched_request_response
770,unknown_did,0xF187,87,2EF18787,042EF18787000000,7F2E31,negative,0x7F,0x31,false,2026-06-20T19:29:40.644587+02:00,33794689843056,33794692156131,2.313075,true,true,225650471,225654555,4.084000,true,matched_request_response
771,target_did_random_data,0x1234,FB,2E1234FB,042E1234FB000000,6E1234,positive,0x6E,,true,2026-06-20T19:29:40.659218+02:00,33794704473839,33794706831054,2.357215,true,true,225665084,225669171,4.087000,true,matched_request_response
772,target_did_random_data,0x1234,02A03692,2E123402A03692,072E123402A03692,6E1234,positive,0x6E,,true,2026-06-20T19:29:40.674002+02:00,33794719269937,33794722493115,3.223178,true,true,225680030,225684109,4.079000,true,matched_request_response
773,read_only_did,0x1001,5C22,2E10015C22,052E10015C220000,7F2E31,negative,0x7F,0x31,false,2026-06-20T19:29:40.689498+02:00,33794734754461,33794737151206,2.396745,true,true,225695338,225699423,4.085000,true,matched_request_response
774,target_did_random_data,0x1234,4DCF,2E12344DCF,052E12344DCF0000,6E1234,positive,0x6E,,true,2026-06-20T19:29:40.704163+02:00,33794749419466,33794751807901,2.388435,true,true,225709991,225714074,4.083000,true,matched_request_response
775,target_did_random_data,0x1234,ABF98F2C,2E1234ABF98F2C,072E1234ABF98F2C,6E1234,positive,0x6E,,true,2026-06-20T19:29:40.719087+02:00,33794764344352,33794767376583,3.032231,true,true,225724922,225728997,4.075000,true,matched_request_response
776,target_did_random_data,0x1234,1DB02F,2E12341DB02F,062E12341DB02F00,6E1234,positive,0x6E,,true,2026-06-20T19:29:40.734583+02:00,33794779838304,33794782059119,2.220815,true,true,225740383,225744460,4.077000,true,matched_request_response
777,target_did_random_data,0x1234,E19FB9D4,2E1234E19FB9D4,072E1234E19FB9D4,6E1234,positive,0x6E,,true,2026-06-20T19:29:40.749511+02:00,33794794766821,33794797701694,2.934873,true,true,225755306,225759379,4.073000,true,matched_request_response
778,unknown_did,0xF187,275AB024,2EF187275AB024,072EF187275AB024,7F2E31,negative,0x7F,0x31,false,2026-06-20T19:29:40.764788+02:00,33794810043916,33794812349100,2.305184,true,true,225770562,225774635,4.073000,true,matched_request_response
779,target_did_random_data,0x1234,9CAEC7E6,2E12349CAEC7E6,072E12349CAEC7E6,6E1234,positive,0x6E,,true,2026-06-20T19:29:40.779418+02:00,33794824673931,33794827066696,2.392765,true,true,225785177,225789252,4.075000,true,matched_request_response
780,target_did_random_data,0x1234,4835AFAB,2E12344835AFAB,072E12344835AFAB,6E1234,positive,0x6E,,true,2026-06-20T19:29:40.794103+02:00,33794839358143,33794841566038,2.207895,true,true,225799868,225803942,4.074000,true,matched_request_response
781,target_did_random_data,0x1234,E1E077EF,2E1234E1E077EF,072E1234E1E077EF,6E1234,positive,0x6E,,true,2026-06-20T19:29:40.808573+02:00,33794853829060,33794856314224,2.485164,true,true,225814324,225818396,4.072000,true,matched_request_response
782,target_did_random_data,0x1234,A6BB83,2E1234A6BB83,062E1234A6BB8300,6E1234,positive,0x6E,,true,2026-06-20T19:29:40.823539+02:00,33794868795501,33794871937523,3.142022,true,true,225829293,225833370,4.077000,true,matched_request_response
783,target_did_random_data,0x1234,5F6830,2E12345F6830,062E12345F683000,6E1234,positive,0x6E,,true,2026-06-20T19:29:40.838999+02:00,33794884254044,33794886521583,2.267539,true,true,225844745,225848824,4.079000,true,matched_request_response
784,target_did_random_data,0x1234,083B63BF,2E1234083B63BF,072E1234083B63BF,6E1234,positive,0x6E,,true,2026-06-20T19:29:40.853541+02:00,33794898797176,33794901186379,2.389203,true,true,225859276,225863356,4.080000,true,matched_request_response
785,target_did_random_data,0x1234,3624EE,2E12343624EE,062E12343624EE00,6E1234,positive,0x6E,,true,2026-06-20T19:29:40.868287+02:00,33794913545014,33794915803403,2.258389,true,true,225874025,225878104,4.079000,true,matched_request_response
786,read_only_did,0x1001,27,2E100127,042E100127000000,7F2E31,negative,0x7F,0x31,false,2026-06-20T19:29:40.882834+02:00,33794928089892,33794930448993,2.359101,true,true,225888553,225892642,4.089000,true,matched_request_response
787,read_only_did,0x1001,0A,2E10010A,042E10010A000000,7F2E31,negative,0x7F,0x31,false,2026-06-20T19:29:40.897573+02:00,33794942829139,33794945341123,2.511984,true,true,225903293,225907387,4.094000,true,matched_request_response
788,target_did_random_data,0x1234,4B,2E12344B,042E12344B000000,6E1234,positive,0x6E,,true,2026-06-20T19:29:40.912642+02:00,33794957897479,33794960771659,2.874180,true,true,225918368,225922453,4.085000,true,matched_request_response
789,read_only_did,0x1001,9A,2E10019A,042E10019A000000,7F2E31,negative,0x7F,0x31,false,2026-06-20T19:29:40.927820+02:00,33794973077005,33794975418367,2.341362,true,true,225933518,225937607,4.089000,true,matched_request_response
790,target_did_random_data,0x1234,28,2E123428,042E123428000000,6E1234,positive,0x6E,,true,2026-06-20T19:29:40.942497+02:00,33794987754163,33794990069823,2.315660,true,true,225948203,225952292,4.089000,true,matched_request_response
791,target_did_random_data,0x1234,8E60,2E12348E60,052E12348E600000,6E1234,positive,0x6E,,true,2026-06-20T19:29:40.957087+02:00,33795002343531,33795004711292,2.367761,true,true,225962742,225966825,4.083000,true,matched_request_response
792,target_did_random_data,0x1234,F226C3,2E1234F226C3,062E1234F226C300,6E1234,positive,0x6E,,true,2026-06-20T19:29:40.971823+02:00,33795017078308,33795019376926,2.298618,true,true,225977460,225981537,4.077000,true,matched_request_response
793,target_did_random_data,0x1234,C9C626,2E1234C9C626,062E1234C9C62600,6E1234,positive,0x6E,,true,2026-06-20T19:29:40.986424+02:00,33795031681364,33795033984383,2.303019,true,true,225992071,225996150,4.079000,true,matched_request_response
794,read_only_did,0x1001,6A,2E10016A,042E10016A000000,7F2E31,negative,0x7F,0x31,false,2026-06-20T19:29:41.000991+02:00,33795046247125,33795048671528,2.424403,true,true,226006639,226010730,4.091000,true,matched_request_response
795,target_did_random_data,0x1234,06356C4D,2E123406356C4D,072E123406356C4D,6E1234,positive,0x6E,,true,2026-06-20T19:29:41.015658+02:00,33795060912969,33795063280940,2.367971,true,true,226021283,226025363,4.080000,true,matched_request_response
796,target_did_random_data,0x1234,6D,2E12346D,042E12346D000000,6E1234,positive,0x6E,,true,2026-06-20T19:29:41.030283+02:00,33795075538724,33795077896638,2.357914,true,true,226035897,226039984,4.087000,true,matched_request_response
797,missing_data,0x1234,,2E1234,032E123400000000,7F2E13,negative,0x7F,0x13,false,2026-06-20T19:29:41.044923+02:00,33795090179634,33795095983590,5.803956,true,true,226050529,226054616,4.087000,true,matched_request_response
798,target_did_random_data,0x1234,FD2356,2E1234FD2356,062E1234FD235600,6E1234,positive,0x6E,,true,2026-06-20T19:29:41.063053+02:00,33795108308561,33795111115415,2.806854,true,true,226068632,226072708,4.076000,true,matched_request_response
799,target_did_random_data,0x1234,05E165,2E123405E165,062E123405E16500,6E1234,positive,0x6E,,true,2026-06-20T19:29:41.078095+02:00,33795123351827,33795125760097,2.408270,true,true,226083669,226087752,4.083000,true,matched_request_response
800,target_did_random_data,0x1234,DFFE6E04,2E1234DFFE6E04,072E1234DFFE6E04,6E1234,positive,0x6E,,true,2026-06-20T19:29:41.092997+02:00,33795138263233,33795141407840,3.144607,true,true,226098730,226102810,4.080000,true,matched_request_response
801,target_did_random_data,0x1234,E45034D2,2E1234E45034D2,072E1234E45034D2,6E1234,positive,0x6E,,true,2026-06-20T19:29:41.108444+02:00,33795153699986,33795156071728,2.371742,true,true,226113990,226118065,4.075000,true,matched_request_response
802,target_did_random_data,0x1234,5B95B4,2E12345B95B4,062E12345B95B400,6E1234,positive,0x6E,,true,2026-06-20T19:29:41.123074+02:00,33795168328953,33795170709007,2.380054,true,true,226128604,226132681,4.077000,true,matched_request_response
803,target_did_random_data,0x1234,CF85,2E1234CF85,052E1234CF850000,6E1234,positive,0x6E,,true,2026-06-20T19:29:41.137843+02:00,33795183099978,33795185353269,2.253291,true,true,226143406,226147485,4.079000,true,matched_request_response
804,target_did_random_data,0x1234,251CABA4,2E1234251CABA4,072E1234251CABA4,6E1234,positive,0x6E,,true,2026-06-20T19:29:41.152600+02:00,33795197855847,33795200983273,3.127426,true,true,226158109,226162183,4.074000,true,matched_request_response
805,target_did_random_data,0x1234,986CFE82,2E1234986CFE82,072E1234986CFE82,6E1234,positive,0x6E,,true,2026-06-20T19:29:41.168026+02:00,33795213281844,33795215635078,2.353234,true,true,226173529,226177602,4.073000,true,matched_request_response
806,target_did_random_data,0x1234,E7B3DBEE,2E1234E7B3DBEE,072E1234E7B3DBEE,6E1234,positive,0x6E,,true,2026-06-20T19:29:41.182634+02:00,33795227889370,33795230278573,2.389203,true,true,226188164,226192239,4.075000,true,matched_request_response
807,target_did_random_data,0x1234,FA,2E1234FA,042E1234FA000000,6E1234,positive,0x6E,,true,2026-06-20T19:29:41.197290+02:00,33795242546554,33795244953147,2.406593,true,true,226202793,226206880,4.087000,true,matched_request_response
808,target_did_random_data,0x1234,1FC3,2E12341FC3,052E12341FC30000,6E1234,positive,0x6E,,true,2026-06-20T19:29:41.212015+02:00,33795257270506,33795259520165,2.249659,true,true,226217498,226221578,4.080000,true,matched_request_response
809,missing_data,0x1234,,2E1234,032E123400000000,7F2E13,negative,0x7F,0x13,false,2026-06-20T19:29:41.226504+02:00,33795271759721,33795274249145,2.489424,true,true,226231982,226236072,4.090000,true,matched_request_response
810,target_did_random_data,0x1234,DAB7,2E1234DAB7,052E1234DAB70000,6E1234,positive,0x6E,,true,2026-06-20T19:29:41.241261+02:00,33795286516568,33795288834672,2.318104,true,true,226246724,226250807,4.083000,true,matched_request_response
811,target_did_random_data,0x1234,5D,2E12345D,042E12345D000000,6E1234,positive,0x6E,,true,2026-06-20T19:29:41.255991+02:00,33795301246176,33795303524261,2.278085,true,true,226261458,226265542,4.084000,true,matched_request_response
812,target_did_random_data,0x1234,87D9007C,2E123487D9007C,072E123487D9007C,6E1234,positive,0x6E,,true,2026-06-20T19:29:41.270794+02:00,33795316048490,33795319154195,3.105705,true,true,226276245,226280325,4.080000,true,matched_request_response
813,missing_data,0x1234,,2E1234,032E123400000000,7F2E13,negative,0x7F,0x13,false,2026-06-20T19:29:41.286442+02:00,33795331699935,33795334823170,3.123235,true,true,226291914,226296004,4.090000,true,matched_request_response
814,target_did_random_data,0x1234,85F011,2E123485F011,062E123485F01100,6E1234,positive,0x6E,,true,2026-06-20T19:29:41.301824+02:00,33795347080325,33795349433350,2.353025,true,true,226307258,226311337,4.079000,true,matched_request_response
815,target_did_random_data,0x1234,315BDA2F,2E1234315BDA2F,072E1234315BDA2F,6E1234,positive,0x6E,,true,2026-06-20T19:29:41.316391+02:00,33795361646226,33795364098705,2.452479,true,true,226321776,226325851,4.075000,true,matched_request_response
816,target_did_random_data,0x1234,E5E213DA,2E1234E5E213DA,072E1234E5E213DA,6E1234,positive,0x6E,,true,2026-06-20T19:29:41.331297+02:00,33795376553442,33795379732829,3.179387,true,true,226336722,226340796,4.074000,true,matched_request_response
817,target_did_random_data,0x1234,9D4BD3EA,2E12349D4BD3EA,072E12349D4BD3EA,6E1234,positive,0x6E,,true,2026-06-20T19:29:41.346975+02:00,33795392230728,33795395371493,3.140765,true,true,226352362,226356435,4.073000,true,matched_request_response
818,target_did_random_data,0x1234,FE7E9A,2E1234FE7E9A,062E1234FE7E9A00,6E1234,positive,0x6E,,true,2026-06-20T19:29:41.362403+02:00,33795407658610,33795410122613,2.464003,true,true,226367787,226371866,4.079000,true,matched_request_response
819,target_did_random_data,0x1234,F9A780,2E1234F9A780,062E1234F9A78000,6E1234,positive,0x6E,,true,2026-06-20T19:29:41.377138+02:00,33795422395064,33795424672799,2.277735,true,true,226382523,226386600,4.077000,true,matched_request_response
820,target_did_random_data,0x1234,BFB9B7,2E1234BFB9B7,062E1234BFB9B700,6E1234,positive,0x6E,,true,2026-06-20T19:29:41.391712+02:00,33795436968018,33795439258325,2.290307,true,true,226397094,226401173,4.079000,true,matched_request_response
821,target_did_random_data,0x1234,8E87EB35,2E12348E87EB35,072E12348E87EB35,6E1234,positive,0x6E,,true,2026-06-20T19:29:41.406277+02:00,33795451531824,33795453882544,2.350720,true,true,226411605,226415678,4.073000,true,matched_request_response
822,target_did_random_data,0x1234,323EA1B4,2E1234323EA1B4,072E1234323EA1B4,6E1234,positive,0x6E,,true,2026-06-20T19:29:41.420933+02:00,33795466190753,33795468543219,2.352466,true,true,226426301,226430374,4.073000,true,matched_request_response
823,target_did_random_data,0x1234,3BC636,2E12343BC636,062E12343BC63600,6E1234,positive,0x6E,,true,2026-06-20T19:29:41.435850+02:00,33795481107048,33795484222042,3.114994,true,true,226441206,226445285,4.079000,true,matched_request_response
824,target_did_random_data,0x1234,13B8,2E123413B8,052E123413B80000,6E1234,positive,0x6E,,true,2026-06-20T19:29:41.451562+02:00,33795496819534,33795499795474,2.975940,true,true,226456911,226460994,4.083000,true,matched_request_response
825,target_did_random_data,0x1234,2987F539,2E12342987F539,072E12342987F539,6E1234,positive,0x6E,,true,2026-06-20T19:29:41.466815+02:00,33795512070509,33795514431984,2.361475,true,true,226472112,226476187,4.075000,true,matched_request_response
826,target_did_random_data,0x1234,E2AD7B,2E1234E2AD7B,062E1234E2AD7B00,6E1234,positive,0x6E,,true,2026-06-20T19:29:41.481415+02:00,33795526670073,33795529115288,2.445215,true,true,226486697,226490776,4.079000,true,matched_request_response
827,target_did_random_data,0x1234,F61FF040,2E1234F61FF040,072E1234F61FF040,6E1234,positive,0x6E,,true,2026-06-20T19:29:41.496094+02:00,33795541347790,33795543721487,2.373697,true,true,226501372,226505444,4.072000,true,matched_request_response
828,target_did_random_data,0x1234,BE8F0052,2E1234BE8F0052,072E1234BE8F0052,6E1234,positive,0x6E,,true,2026-06-20T19:29:41.510793+02:00,33795556049741,33795558367496,2.317755,true,true,226516080,226520158,4.078000,true,matched_request_response
829,target_did_random_data,0x1234,4F,2E12344F,042E12344F000000,6E1234,positive,0x6E,,true,2026-06-20T19:29:41.525419+02:00,33795570674309,33795573052756,2.378447,true,true,226530697,226534784,4.087000,true,matched_request_response
830,unknown_did,0x2222,6F2DCB,2E22226F2DCB,062E22226F2DCB00,7F2E31,negative,0x7F,0x31,false,2026-06-20T19:29:41.540090+02:00,33795585345810,33795587697857,2.352047,true,true,226545346,226549423,4.077000,true,matched_request_response
831,target_did_random_data,0x1234,8E77,2E12348E77,052E12348E770000,6E1234,positive,0x6E,,true,2026-06-20T19:29:41.554887+02:00,33795600143654,33795603308374,3.164720,true,true,226560182,226564265,4.083000,true,matched_request_response
832,target_did_random_data,0x1234,BC60,2E1234BC60,052E1234BC600000,6E1234,positive,0x6E,,true,2026-06-20T19:29:41.570549+02:00,33795615805156,33795618923222,3.118066,true,true,226575806,226579888,4.082000,true,matched_request_response
833,read_only_did,0x1001,422B,2E1001422B,052E1001422B0000,7F2E31,negative,0x7F,0x31,false,2026-06-20T19:29:41.585912+02:00,33795631165991,33795633621333,2.455342,true,true,226591142,226595229,4.087000,true,matched_request_response
834,target_did_random_data,0x1234,0E,2E12340E,042E12340E000000,6E1234,positive,0x6E,,true,2026-06-20T19:29:41.600597+02:00,33795645851669,33795648262732,2.411063,true,true,226605813,226609904,4.091000,true,matched_request_response
835,missing_data,0x1234,,2E1234,032E123400000000,7F2E13,negative,0x7F,0x13,false,2026-06-20T19:29:41.615260+02:00,33795660514859,33795662940728,2.425869,true,true,226620471,226624560,4.089000,true,matched_request_response
836,target_did_random_data,0x1234,0F0703,2E12340F0703,062E12340F070300,6E1234,positive,0x6E,,true,2026-06-20T19:29:41.629997+02:00,33795675253198,33795677527931,2.274733,true,true,226635201,226639296,4.095000,true,matched_request_response
837,target_did_random_data,0x1234,AE,2E1234AE,042E1234AE000000,6E1234,positive,0x6E,,true,2026-06-20T19:29:41.644513+02:00,33795689767346,33795692184416,2.417070,true,true,226649695,226653782,4.087000,true,matched_request_response
838,target_did_random_data,0x1234,12B8,2E123412B8,052E123412B80000,6E1234,positive,0x6E,,true,2026-06-20T19:29:41.659166+02:00,33795704424949,33795706809751,2.384802,true,true,226664361,226668441,4.080000,true,matched_request_response
839,target_did_random_data,0x1234,B3B0,2E1234B3B0,052E1234B3B00000,6E1234,positive,0x6E,,true,2026-06-20T19:29:41.673791+02:00,33795719044837,33795721457227,2.412390,true,true,226678947,226683030,4.083000,true,matched_request_response
840,read_only_did,0x1001,29E1,2E100129E1,052E100129E10000,7F2E31,negative,0x7F,0x31,false,2026-06-20T19:29:41.688490+02:00,33795733745322,33795736138855,2.393533,true,true,226693659,226697746,4.087000,true,matched_request_response
841,unknown_did,0x3333,04EBC9D2,2E333304EBC9D2,072E333304EBC9D2,7F2E31,negative,0x7F,0x31,false,2026-06-20T19:29:41.703185+02:00,33795748440150,33795750792616,2.352466,true,true,226708319,226712396,4.077000,true,matched_request_response
842,target_did_random_data,0x1234,8FC8F4,2E12348FC8F4,062E12348FC8F400,6E1234,positive,0x6E,,true,2026-06-20T19:29:41.717804+02:00,33795763060248,33795765462999,2.402751,true,true,226722958,226727037,4.079000,true,matched_request_response
843,read_only_did,0x1001,62,2E100162,042E100162000000,7F2E31,negative,0x7F,0x31,false,2026-06-20T19:29:41.732425+02:00,33795777679158,33795780134989,2.455831,true,true,226737554,226741643,4.089000,true,matched_request_response
844,target_did_random_data,0x1234,8E1764F5,2E12348E1764F5,072E12348E1764F5,6E1234,positive,0x6E,,true,2026-06-20T19:29:41.747154+02:00,33795792410233,33795794817525,2.407292,true,true,226752257,226756333,4.076000,true,matched_request_response
845,target_did_random_data,0x1234,0109,2E12340109,052E123401090000,6E1234,positive,0x6E,,true,2026-06-20T19:29:41.761833+02:00,33795807089906,33795809705394,2.615488,true,true,226766963,226771055,4.092000,true,matched_request_response
846,target_did_random_data,0x1234,0E59D1,2E12340E59D1,062E12340E59D100,6E1234,positive,0x6E,,true,2026-06-20T19:29:41.778935+02:00,33795824191676,33795826964447,2.772771,true,true,226784052,226788135,4.083000,true,matched_request_response
847,target_did_random_data,0x1234,2AC6,2E12342AC6,052E12342AC60000,6E1234,positive,0x6E,,true,2026-06-20T19:29:41.794024+02:00,33795839278244,33795841642792,2.364548,true,true,226799096,226803179,4.083000,true,matched_request_response
848,read_only_did,0x1001,79DC0C,2E100179DC0C,062E100179DC0C00,7F2E31,negative,0x7F,0x31,false,2026-06-20T19:29:41.808672+02:00,33795853927465,33795856276299,2.348834,true,true,226813769,226817857,4.088000,true,matched_request_response
849,unknown_did,0x3333,DB7A,2E3333DB7A,052E3333DB7A0000,7F2E31,negative,0x7F,0x31,false,2026-06-20T19:29:41.823298+02:00,33795868552871,33795871104594,2.551723,true,true,226828368,226832448,4.080000,true,matched_request_response
850,target_did_random_data,0x1234,26E654,2E123426E654,062E123426E65400,6E1234,positive,0x6E,,true,2026-06-20T19:29:41.838135+02:00,33795883389966,33795885544082,2.154116,true,true,226843190,226847269,4.079000,true,matched_request_response
851,target_did_random_data,0x1234,4607,2E12344607,052E123446070000,6E1234,positive,0x6E,,true,2026-06-20T19:29:41.852556+02:00,33795897812273,33795900179475,2.367202,true,true,226857609,226861694,4.085000,true,matched_request_response
852,target_did_random_data,0x1234,1ECD90,2E12341ECD90,062E12341ECD9000,6E1234,positive,0x6E,,true,2026-06-20T19:29:41.867172+02:00,33795912429507,33795914817173,2.387666,true,true,226872236,226876317,4.081000,true,matched_request_response
853,target_did_random_data,0x1234,114192,2E1234114192,062E123411419200,6E1234,positive,0x6E,,true,2026-06-20T19:29:41.881826+02:00,33795927082290,33795929483366,2.401076,true,true,226886857,226890936,4.079000,true,matched_request_response
854,read_only_did,0x1001,0CD7A5,2E10010CD7A5,062E10010CD7A500,7F2E31,negative,0x7F,0x31,false,2026-06-20T19:29:41.896511+02:00,33795941767620,33795944906499,3.138879,true,true,226901543,226905628,4.085000,true,matched_request_response
855,target_did_random_data,0x1234,341D886F,2E1234341D886F,072E1234341D886F,6E1234,positive,0x6E,,true,2026-06-20T19:29:41.911992+02:00,33795957247813,33795962288682,5.040869,true,true,226916989,226921064,4.075000,true,matched_request_response
856,target_did_random_data,0x1234,FD30,2E1234FD30,052E1234FD300000,6E1234,positive,0x6E,,true,2026-06-20T19:29:41.929380+02:00,33795974634815,33795977333555,2.698740,true,true,226934378,226938459,4.081000,true,matched_request_response
857,target_did_random_data,0x1234,065497,2E1234065497,062E123406549700,6E1234,positive,0x6E,,true,2026-06-20T19:29:41.944297+02:00,33795989552367,33795991934795,2.382428,true,true,226949274,226953358,4.084000,true,matched_request_response
858,target_did_random_data,0x1234,445759,2E1234445759,062E123444575900,6E1234,positive,0x6E,,true,2026-06-20T19:29:41.959817+02:00,33796005070415,33796007804355,2.733940,true,true,226964766,226968845,4.079000,true,matched_request_response
859,target_did_random_data,0x1234,97B9,2E123497B9,052E123497B90000,6E1234,positive,0x6E,,true,2026-06-20T19:29:41.975327+02:00,33796020581968,33796023237545,2.655577,true,true,226980273,226984356,4.083000,true,matched_request_response
860,target_did_random_data,0x1234,63B510,2E123463B510,062E123463B51000,6E1234,positive,0x6E,,true,2026-06-20T19:29:41.990278+02:00,33796035532415,33796037871751,2.339336,true,true,226995211,226999292,4.081000,true,matched_request_response
861,unknown_did,0x2222,33,2E222233,042E222233000000,7F2E31,negative,0x7F,0x31,false,2026-06-20T19:29:42.004857+02:00,33796050113122,33796052576985,2.463863,true,true,227009804,227013891,4.087000,true,matched_request_response
862,target_did_random_data,0x1234,1D,2E12341D,042E12341D000000,6E1234,positive,0x6E,,true,2026-06-20T19:29:42.019831+02:00,33796065087036,33796068155795,3.068759,true,true,227024768,227028855,4.087000,true,matched_request_response
863,target_did_random_data,0x1234,2D9E98,2E12342D9E98,062E12342D9E9800,6E1234,positive,0x6E,,true,2026-06-20T19:29:42.035142+02:00,33796080397096,33796082815772,2.418676,true,true,227040041,227044120,4.079000,true,matched_request_response
864,target_did_random_data,0x1234,90EB5EE0,2E123490EB5EE0,072E123490EB5EE0,6E1234,positive,0x6E,,true,2026-06-20T19:29:42.049909+02:00,33796095164769,33796097460104,2.295335,true,true,227054794,227058869,4.075000,true,matched_request_response
865,unknown_did,0xF187,F980,2EF187F980,052EF187F9800000,7F2E31,negative,0x7F,0x31,false,2026-06-20T19:29:42.064456+02:00,33796109711742,33796112219047,2.507305,true,true,227069363,227073443,4.080000,true,matched_request_response
866,target_did_random_data,0x1234,756C3678,2E1234756C3678,072E1234756C3678,6E1234,positive,0x6E,,true,2026-06-20T19:29:42.079714+02:00,33796124969142,33796127712371,2.743229,true,true,227084593,227088665,4.072000,true,matched_request_response
867,target_did_random_data,0x1234,E4,2E1234E4,042E1234E4000000,6E1234,positive,0x6E,,true,2026-06-20T19:29:42.094798+02:00,33796140054034,33796142355725,2.301691,true,true,227099683,227103770,4.087000,true,matched_request_response
868,missing_data,0x1234,,2E1234,032E123400000000,7F2E13,negative,0x7F,0x13,false,2026-06-20T19:29:42.109412+02:00,33796154670151,33796157080236,2.410085,true,true,227114309,227118398,4.089000,true,matched_request_response
869,target_did_random_data,0x1234,19,2E123419,042E123419000000,6E1234,positive,0x6E,,true,2026-06-20T19:29:42.124105+02:00,33796169361138,33796172270588,2.909450,true,true,227128960,227133047,4.087000,true,matched_request_response
870,target_did_random_data,0x1234,B3,2E1234B3,042E1234B3000000,6E1234,positive,0x6E,,true,2026-06-20T19:29:42.139272+02:00,33796184527744,33796187293531,2.765787,true,true,227144114,227148201,4.087000,true,matched_request_response
871,missing_data,0x1234,,2E1234,032E123400000000,7F2E13,negative,0x7F,0x13,false,2026-06-20T19:29:42.154270+02:00,33796199525823,33796201935419,2.409596,true,true,227159089,227163180,4.091000,true,matched_request_response
872,target_did_random_data,0x1234,8C,2E12348C,042E12348C000000,6E1234,positive,0x6E,,true,2026-06-20T19:29:42.169176+02:00,33796214432340,33796216651269,2.218929,true,true,227173995,227178082,4.087000,true,matched_request_response
873,target_did_random_data,0x1234,1D69,2E12341D69,052E12341D690000,6E1234,positive,0x6E,,true,2026-06-20T19:29:42.183661+02:00,33796228916875,33796231297627,2.380752,true,true,227188475,227192555,4.080000,true,matched_request_response
874,target_did_random_data,0x1234,80D20925,2E123480D20925,072E123480D20925,6E1234,positive,0x6E,,true,2026-06-20T19:29:42.198265+02:00,33796243519722,33796247749034,4.229312,true,true,227203044,227207124,4.080000,true,matched_request_response
875,missing_data,0x1234,,2E1234,032E123400000000,7F2E13,negative,0x7F,0x13,false,2026-06-20T19:29:42.214784+02:00,33796260039434,33796262536472,2.497038,true,true,227219564,227223653,4.089000,true,matched_request_response
876,target_did_random_data,0x1234,A943F4,2E1234A943F4,062E1234A943F400,6E1234,positive,0x6E,,true,2026-06-20T19:29:42.229570+02:00,33796274825824,33796277111382,2.285558,true,true,227234332,227238409,4.077000,true,matched_request_response
877,target_did_random_data,0x1234,E6964AFA,2E1234E6964AFA,072E1234E6964AFA,6E1234,positive,0x6E,,true,2026-06-20T19:29:42.244120+02:00,33796289374335,33796291771359,2.397024,true,true,227248842,227252917,4.075000,true,matched_request_response
878,target_did_random_data,0x1234,87,2E123487,042E123487000000,6E1234,positive,0x6E,,true,2026-06-20T19:29:42.258789+02:00,33796304047372,33796306417508,2.370136,true,true,227263552,227267636,4.084000,true,matched_request_response
879,target_did_random_data,0x1234,B105EDAD,2E1234B105EDAD,072E1234B105EDAD,6E1234,positive,0x6E,,true,2026-06-20T19:29:42.273629+02:00,33796318884467,33796321198660,2.314193,true,true,227278389,227282466,4.077000,true,matched_request_response
880,target_did_random_data,0x1234,B5A8938B,2E1234B5A8938B,072E1234B5A8938B,6E1234,positive,0x6E,,true,2026-06-20T19:29:42.288294+02:00,33796333551568,33796335709316,2.157748,true,true,227293006,227297080,4.074000,true,matched_request_response
881,target_did_random_data,0x1234,D897,2E1234D897,052E1234D8970000,6E1234,positive,0x6E,,true,2026-06-20T19:29:42.303161+02:00,33796348416599,33796351367885,2.951286,true,true,227307867,227311949,4.082000,true,matched_request_response
882,target_did_random_data,0x1234,C5DA20,2E1234C5DA20,062E1234C5DA2000,6E1234,positive,0x6E,,true,2026-06-20T19:29:42.318381+02:00,33796363639078,33796366041620,2.402542,true,true,227323096,227327175,4.079000,true,matched_request_response
883,read_only_did,0x1001,50,2E100150,042E100150000000,7F2E31,negative,0x7F,0x31,false,2026-06-20T19:29:42.333052+02:00,33796378307227,33796380659064,2.351837,true,true,227337742,227341833,4.091000,true,matched_request_response
884,target_did_random_data,0x1234,D35D09D8,2E1234D35D09D8,072E1234D35D09D8,6E1234,positive,0x6E,,true,2026-06-20T19:29:42.347686+02:00,33796392943807,33796395304933,2.361126,true,true,227352350,227356427,4.077000,true,matched_request_response
885,read_only_did,0x1001,C8,2E1001C8,042E1001C8000000,7F2E31,negative,0x7F,0x31,false,2026-06-20T19:29:42.362276+02:00,33796407531289,33796409969939,2.438650,true,true,227366961,227371052,4.091000,true,matched_request_response
886,target_did_random_data,0x1234,17,2E123417,042E123417000000,6E1234,positive,0x6E,,true,2026-06-20T19:29:42.377017+02:00,33796422272282,33796424616297,2.344015,true,true,227381664,227385751,4.087000,true,matched_request_response
887,target_did_random_data,0x1234,28,2E123428,042E123428000000,6E1234,positive,0x6E,,true,2026-06-20T19:29:42.391797+02:00,33796437051059,33796439749030,2.697971,true,true,227396431,227400516,4.085000,true,matched_request_response
888,target_did_random_data,0x1234,259341B6,2E1234259341B6,072E1234259341B6,6E1234,positive,0x6E,,true,2026-06-20T19:29:42.406764+02:00,33796452020293,33796454860252,2.839959,true,true,227411362,227415435,4.073000,true,matched_request_response
889,unknown_did,0x3333,13B74A,2E333313B74A,062E333313B74A00,7F2E31,negative,0x7F,0x31,false,2026-06-20T19:29:42.421920+02:00,33796467177401,33796469534477,2.357076,true,true,227426540,227430617,4.077000,true,matched_request_response
890,target_did_random_data,0x1234,53,2E123453,042E123453000000,6E1234,positive,0x6E,,true,2026-06-20T19:29:42.436565+02:00,33796481821804,33796484205698,2.383894,true,true,227441184,227445271,4.087000,true,matched_request_response
891,target_did_random_data,0x1234,D0,2E1234D0,042E1234D0000000,6E1234,positive,0x6E,,true,2026-06-20T19:29:42.451221+02:00,33796496476193,33796498848704,2.372511,true,true,227455836,227459922,4.086000,true,matched_request_response
892,target_did_random_data,0x1234,3D5ED5F4,2E12343D5ED5F4,072E12343D5ED5F4,6E1234,positive,0x6E,,true,2026-06-20T19:29:42.465866+02:00,33796511121853,33796513726167,2.604314,true,true,227470427,227474500,4.073000,true,matched_request_response
893,unknown_did,0x2222,03,2E222203,042E222203000000,7F2E31,negative,0x7F,0x31,false,2026-06-20T19:29:42.480936+02:00,33796526191449,33796529504723,3.313274,true,true,227485481,227489570,4.089000,true,matched_request_response
894,read_only_did,0x1001,42C6,2E100142C6,052E100142C60000,7F2E31,negative,0x7F,0x31,false,2026-06-20T19:29:42.496516+02:00,33796541771028,33796546040568,4.269540,true,true,227501052,227505139,4.087000,true,matched_request_response
895,target_did_random_data,0x1234,8FDC,2E12348FDC,052E12348FDC0000,6E1234,positive,0x6E,,true,2026-06-20T19:29:42.513136+02:00,33796558391591,33796561338406,2.946815,true,true,227517658,227521741,4.083000,true,matched_request_response
896,target_did_random_data,0x1234,AE2A,2E1234AE2A,052E1234AE2A0000,6E1234,positive,0x6E,,true,2026-06-20T19:29:42.528426+02:00,33796573682514,33796575990701,2.308187,true,true,227532938,227537021,4.083000,true,matched_request_response
897,target_did_random_data,0x1234,39AF,2E123439AF,052E123439AF0000,6E1234,positive,0x6E,,true,2026-06-20T19:29:42.543050+02:00,33796588306453,33796591568812,3.262359,true,true,227547582,227551662,4.080000,true,matched_request_response
898,target_did_random_data,0x1234,7C53,2E12347C53,052E12347C530000,6E1234,positive,0x6E,,true,2026-06-20T19:29:42.558662+02:00,33796603916482,33796606214542,2.298060,true,true,227563175,227567257,4.082000,true,matched_request_response
899,target_did_random_data,0x1234,04E0,2E123404E0,052E123404E00000,6E1234,positive,0x6E,,true,2026-06-20T19:29:42.573245+02:00,33796618499354,33796620895890,2.396536,true,true,227577715,227581802,4.087000,true,matched_request_response
900,target_did_random_data,0x1234,52,2E123452,042E123452000000,6E1234,positive,0x6E,,true,2026-06-20T19:29:42.587848+02:00,33796633103249,33796635542598,2.439349,true,true,227592313,227596397,4.084000,true,matched_request_response
901,unknown_did,0x2222,59,2E222259,042E222259000000,7F2E31,negative,0x7F,0x31,false,2026-06-20T19:29:42.602729+02:00,33796647984414,33796650268435,2.284021,true,true,227607235,227611322,4.087000,true,matched_request_response
902,target_did_random_data,0x1234,F181,2E1234F181,052E1234F1810000,6E1234,positive,0x6E,,true,2026-06-20T19:29:42.617625+02:00,33796662880454,33796665837886,2.957432,true,true,227622132,227626215,4.083000,true,matched_request_response
903,target_did_random_data,0x1234,94B9,2E123494B9,052E123494B90000,6E1234,positive,0x6E,,true,2026-06-20T19:29:42.632864+02:00,33796678118089,33796681543178,3.425089,true,true,227637291,227641370,4.079000,true,matched_request_response
904,target_did_random_data,0x1234,BE1480,2E1234BE1480,062E1234BE148000,6E1234,positive,0x6E,,true,2026-06-20T19:29:42.648578+02:00,33796693831902,33796696192819,2.360917,true,true,227653038,227657117,4.079000,true,matched_request_response
905,target_did_random_data,0x1234,91ED,2E123491ED,052E123491ED0000,6E1234,positive,0x6E,,true,2026-06-20T19:29:42.663184+02:00,33796708439568,33796710755786,2.316218,true,true,227667594,227671674,4.080000,true,matched_request_response
906,target_did_random_data,0x1234,3D,2E12343D,042E12343D000000,6E1234,positive,0x6E,,true,2026-06-20T19:29:42.677739+02:00,33796722994783,33796725439510,2.444727,true,true,227682177,227686264,4.087000,true,matched_request_response
907,target_did_random_data,0x1234,A1E7B74E,2E1234A1E7B74E,072E1234A1E7B74E,6E1234,positive,0x6E,,true,2026-06-20T19:29:42.692504+02:00,33796737759732,33796740048642,2.288910,true,true,227696897,227700971,4.074000,true,matched_request_response
908,target_did_random_data,0x1234,C14AF1CA,2E1234C14AF1CA,072E1234C14AF1CA,6E1234,positive,0x6E,,true,2026-06-20T19:29:42.707259+02:00,33796752514693,33796754741514,2.226821,true,true,227711639,227715714,4.075000,true,matched_request_response
909,target_did_random_data,0x1234,B79C43,2E1234B79C43,062E1234B79C4300,6E1234,positive,0x6E,,true,2026-06-20T19:29:42.721800+02:00,33796767056359,33796769362590,2.306231,true,true,227726177,227730256,4.079000,true,matched_request_response
910,target_did_random_data,0x1234,D9,2E1234D9,042E1234D9000000,6E1234,positive,0x6E,,true,2026-06-20T19:29:42.736600+02:00,33796781857974,33796784999857,3.141883,true,true,227741052,227745138,4.086000,true,matched_request_response
911,target_did_random_data,0x1234,8CCFE2,2E12348CCFE2,062E12348CCFE200,6E1234,positive,0x6E,,true,2026-06-20T19:29:42.752014+02:00,33796797270422,33796799641047,2.370625,true,true,227756389,227760465,4.076000,true,matched_request_response
912,target_did_random_data,0x1234,05C0,2E123405C0,052E123405C00000,6E1234,positive,0x6E,,true,2026-06-20T19:29:42.766614+02:00,33796811869916,33796814324071,2.454155,true,true,227770954,227775041,4.087000,true,matched_request_response
913,target_did_random_data,0x1234,98D59A,2E123498D59A,062E123498D59A00,6E1234,positive,0x6E,,true,2026-06-20T19:29:42.781349+02:00,33796826604135,33796828966867,2.362732,true,true,227785676,227789755,4.079000,true,matched_request_response
914,unknown_did,0x2222,2E,2E22222E,042E22222E000000,7F2E31,negative,0x7F,0x31,false,2026-06-20T19:29:42.795982+02:00,33796841236944,33796843631105,2.394161,true,true,227800311,227804395,4.084000,true,matched_request_response
915,target_did_random_data,0x1234,1F599EBB,2E12341F599EBB,072E12341F599EBB,6E1234,positive,0x6E,,true,2026-06-20T19:29:42.810642+02:00,33796855898597,33796858253158,2.354561,true,true,227814986,227819061,4.075000,true,matched_request_response
916,missing_data,0x1234,,2E1234,032E123400000000,7F2E13,negative,0x7F,0x13,false,2026-06-20T19:29:42.825270+02:00,33796870525749,33796872898329,2.372580,true,true,227829572,227833660,4.088000,true,matched_request_response
917,missing_data,0x1234,,2E1234,032E123400000000,7F2E13,negative,0x7F,0x13,false,2026-06-20T19:29:42.839923+02:00,33796885177624,33796887515772,2.338148,true,true,227844203,227848296,4.093000,true,matched_request_response
918,missing_data,0x1234,,2E1234,032E123400000000,7F2E13,negative,0x7F,0x13,false,2026-06-20T19:29:42.854484+02:00,33796899742477,33796902193000,2.450523,true,true,227858796,227862887,4.091000,true,matched_request_response
919,read_only_did,0x1001,0E47,2E10010E47,052E10010E470000,7F2E31,negative,0x7F,0x31,false,2026-06-20T19:29:42.869441+02:00,33796914696626,33796917824959,3.128333,true,true,227873719,227877810,4.091000,true,matched_request_response
920,target_did_random_data,0x1234,99,2E123499,042E123499000000,6E1234,positive,0x6E,,true,2026-06-20T19:29:42.885266+02:00,33796930523163,33796933478499,2.955336,true,true,227889562,227893646,4.084000,true,matched_request_response
921,target_did_random_data,0x1234,65,2E123465,042E123465000000,6E1234,positive,0x6E,,true,2026-06-20T19:29:42.900566+02:00,33796945821490,33796948082324,2.260834,true,true,227904821,227908908,4.087000,true,matched_request_response
922,target_did_random_data,0x1234,07E8,2E123407E8,052E123407E80000,6E1234,positive,0x6E,,true,2026-06-20T19:29:42.915156+02:00,33796960411835,33796962754733,2.342898,true,true,227919396,227923481,4.085000,true,matched_request_response
923,read_only_did,0x1001,BE,2E1001BE,042E1001BE000000,7F2E31,negative,0x7F,0x31,false,2026-06-20T19:29:42.929779+02:00,33796975036053,33796977399973,2.363920,true,true,227934021,227938112,4.091000,true,matched_request_response
924,target_did_random_data,0x1234,5322732D,2E12345322732D,072E12345322732D,6E1234,positive,0x6E,,true,2026-06-20T19:29:42.944404+02:00,33796989660691,33796991967341,2.306650,true,true,227948612,227952685,4.073000,true,matched_request_response
925,target_did_random_data,0x1234,C8,2E1234C8,042E1234C8000000,6E1234,positive,0x6E,,true,2026-06-20T19:29:42.959085+02:00,33797004342179,33797006653858,2.311679,true,true,227963314,227967398,4.084000,true,matched_request_response
926,missing_data,0x1234,,2E1234,032E123400000000,7F2E13,negative,0x7F,0x13,false,2026-06-20T19:29:42.973686+02:00,33797018943908,33797021349384,2.405476,true,true,227977899,227981990,4.091000,true,matched_request_response
927,target_did_random_data,0x1234,322C52B8,2E1234322C52B8,072E1234322C52B8,6E1234,positive,0x6E,,true,2026-06-20T19:29:42.988374+02:00,33797033628260,33797035917729,2.289469,true,true,227992523,227996596,4.073000,true,matched_request_response
928,target_did_random_data,0x1234,338302,2E1234338302,062E123433830200,6E1234,positive,0x6E,,true,2026-06-20T19:29:43.003098+02:00,33797048353818,33797050645941,2.292123,true,true,228007265,228011348,4.083000,true,matched_request_response
929,target_did_random_data,0x1234,689BAD,2E1234689BAD,062E1234689BAD00,6E1234,positive,0x6E,,true,2026-06-20T19:29:43.017900+02:00,33797063156760,33797066238021,3.081261,true,true,228022079,228026158,4.079000,true,matched_request_response
930,target_did_random_data,0x1234,CC,2E1234CC,042E1234CC000000,6E1234,positive,0x6E,,true,2026-06-20T19:29:43.033297+02:00,33797078553215,33797080910569,2.357354,true,true,228037471,228041555,4.084000,true,matched_request_response
931,target_did_random_data,0x1234,2DEDE054,2E12342DEDE054,072E12342DEDE054,6E1234,positive,0x6E,,true,2026-06-20T19:29:43.047967+02:00,33797093222830,33797095551829,2.328999,true,true,228052101,228056175,4.074000,true,matched_request_response
932,target_did_random_data,0x1234,75531B7A,2E123475531B7A,072E123475531B7A,6E1234,positive,0x6E,,true,2026-06-20T19:29:43.062543+02:00,33797107798857,33797110162358,2.363501,true,true,228066647,228070722,4.075000,true,matched_request_response
933,target_did_random_data,0x1234,A148BE39,2E1234A148BE39,072E1234A148BE39,6E1234,positive,0x6E,,true,2026-06-20T19:29:43.077178+02:00,33797122433482,33797124838958,2.405476,true,true,228081300,228085372,4.072000,true,matched_request_response
934,target_did_random_data,0x1234,EB4D,2E1234EB4D,052E1234EB4D0000,6E1234,positive,0x6E,,true,2026-06-20T19:29:43.091956+02:00,33797137212678,33797139434541,2.221863,true,true,228096064,228100146,4.082000,true,matched_request_response
935,target_did_random_data,0x1234,2847F9,2E12342847F9,062E12342847F900,6E1234,positive,0x6E,,true,2026-06-20T19:29:43.106428+02:00,33797151682128,33797154187547,2.505419,true,true,228110494,228114571,4.077000,true,matched_request_response
936,unknown_did,0xF187,CE8C7F03,2EF187CE8C7F03,072EF187CE8C7F03,7F2E31,negative,0x7F,0x31,false,2026-06-20T19:29:43.121226+02:00,33797166481439,33797168755054,2.273615,true,true,228125305,228129382,4.077000,true,matched_request_response
937,target_did_random_data,0x1234,D1,2E1234D1,042E1234D1000000,6E1234,positive,0x6E,,true,2026-06-20T19:29:43.135809+02:00,33797181065149,33797183370333,2.305184,true,true,228139888,228143974,4.086000,true,matched_request_response
938,target_did_random_data,0x1234,E1D2C9A9,2E1234E1D2C9A9,072E1234E1D2C9A9,6E1234,positive,0x6E,,true,2026-06-20T19:29:43.150378+02:00,33797195633355,33797198274475,2.641120,true,true,228154418,228158489,4.071000,true,matched_request_response
939,target_did_random_data,0x1234,7729,2E12347729,052E123477290000,6E1234,positive,0x6E,,true,2026-06-20T19:29:43.166947+02:00,33797212204121,33797214658625,2.454504,true,true,228171020,228175103,4.083000,true,matched_request_response
940,target_did_random_data,0x1234,3B4F1E,2E12343B4F1E,062E12343B4F1E00,6E1234,positive,0x6E,,true,2026-06-20T19:29:43.181644+02:00,33797226898460,33797229319650,2.421190,true,true,228185704,228189783,4.079000,true,matched_request_response
941,target_did_random_data,0x1234,069FF8D6,2E1234069FF8D6,072E1234069FF8D6,6E1234,positive,0x6E,,true,2026-06-20T19:29:43.196550+02:00,33797241806025,33797244944834,3.138809,true,true,228200581,228204658,4.077000,true,matched_request_response
942,target_did_random_data,0x1234,F3C05467,2E1234F3C05467,072E1234F3C05467,6E1234,positive,0x6E,,true,2026-06-20T19:29:43.211956+02:00,33797257211209,33797259606837,2.395628,true,true,228215962,228220036,4.074000,true,matched_request_response
943,target_did_random_data,0x1234,2AAC6EF5,2E12342AAC6EF5,072E12342AAC6EF5,6E1234,positive,0x6E,,true,2026-06-20T19:29:43.226694+02:00,33797271950316,33797274212896,2.262580,true,true,228230694,228234769,4.075000,true,matched_request_response
944,read_only_did,0x1001,A36C,2E1001A36C,052E1001A36C0000,7F2E31,negative,0x7F,0x31,false,2026-06-20T19:29:43.241409+02:00,33797286665258,33797288886492,2.221234,true,true,228245415,228249500,4.085000,true,matched_request_response
945,unknown_did,0x3333,6D,2E33336D,042E33336D000000,7F2E31,negative,0x7F,0x31,false,2026-06-20T19:29:43.255917+02:00,33797301171934,33797303523492,2.351558,true,true,228259882,228263969,4.087000,true,matched_request_response
946,target_did_random_data,0x1234,1D4A6ACF,2E12341D4A6ACF,072E12341D4A6ACF,6E1234,positive,0x6E,,true,2026-06-20T19:29:43.270588+02:00,33797315842457,33797318168034,2.325577,true,true,228274537,228278609,4.072000,true,matched_request_response
947,target_did_random_data,0x1234,F8A5,2E1234F8A5,052E1234F8A50000,6E1234,positive,0x6E,,true,2026-06-20T19:29:43.285400+02:00,33797330656993,33797333813123,3.156130,true,true,228289394,228293474,4.080000,true,matched_request_response
948,read_only_did,0x1001,49A1,2E100149A1,052E100149A10000,7F2E31,negative,0x7F,0x31,false,2026-06-20T19:29:43.300809+02:00,33797346064552,33797348512630,2.448078,true,true,228304759,228308846,4.087000,true,matched_request_response
949,target_did_random_data,0x1234,2CFD,2E12342CFD,052E12342CFD0000,6E1234,positive,0x6E,,true,2026-06-20T19:29:43.315546+02:00,33797360802751,33797363155496,2.352745,true,true,228319504,228323584,4.080000,true,matched_request_response
950,target_did_random_data,0x1234,F3,2E1234F3,042E1234F3000000,6E1234,positive,0x6E,,true,2026-06-20T19:29:43.330417+02:00,33797375674976,33797378737658,3.062682,true,true,228334386,228338470,4.084000,true,matched_request_response
951,target_did_random_data,0x1234,B4,2E1234B4,042E1234B4000000,6E1234,positive,0x6E,,true,2026-06-20T19:29:43.345743+02:00,33797390997328,33797393375077,2.377749,true,true,228349677,228353763,4.086000,true,matched_request_response
952,target_did_random_data,0x1234,3097B424,2E12343097B424,072E12343097B424,6E1234,positive,0x6E,,true,2026-06-20T19:29:43.360395+02:00,33797405651299,33797408044273,2.392974,true,true,228364308,228368380,4.072000,true,matched_request_response
953,unknown_did,0x3333,D759,2E3333D759,052E3333D7590000,7F2E31,negative,0x7F,0x31,false,2026-06-20T19:29:43.375092+02:00,33797420347733,33797422667025,2.319292,true,true,228378982,228383065,4.083000,true,matched_request_response
954,target_did_random_data,0x1234,A6A9,2E1234A6A9,052E1234A6A90000,6E1234,positive,0x6E,,true,2026-06-20T19:29:43.389704+02:00,33797434962104,33797437380430,2.418326,true,true,228393615,228397695,4.080000,true,matched_request_response
955,missing_data,0x1234,,2E1234,032E123400000000,7F2E13,negative,0x7F,0x13,false,2026-06-20T19:29:43.404379+02:00,33797449633745,33797452020223,2.386478,true,true,228408249,228412340,4.091000,true,matched_request_response
956,target_did_random_data,0x1234,EC,2E1234EC,042E1234EC000000,6E1234,positive,0x6E,,true,2026-06-20T19:29:43.419318+02:00,33797464573995,33797467643243,3.069248,true,true,228423189,228427276,4.087000,true,matched_request_response
957,target_did_random_data,0x1234,D35A57,2E1234D35A57,062E1234D35A5700,6E1234,positive,0x6E,,true,2026-06-20T19:29:43.434664+02:00,33797479918138,33797482634896,2.716758,true,true,228438513,228442590,4.077000,true,matched_request_response
958,target_did_random_data,0x1234,59A31997,2E123459A31997,072E123459A31997,6E1234,positive,0x6E,,true,2026-06-20T19:29:43.449594+02:00,33797494851963,33797497918766,3.066803,true,true,228453447,228457520,4.073000,true,matched_request_response
959,target_did_random_data,0x1234,C4,2E1234C4,042E1234C4000000,6E1234,positive,0x6E,,true,2026-06-20T19:29:43.464949+02:00,33797510205325,33797512555486,2.350161,true,true,228468805,228472892,4.087000,true,matched_request_response
960,target_did_random_data,0x1234,C0,2E1234C0,042E1234C0000000,6E1234,positive,0x6E,,true,2026-06-20T19:29:43.479551+02:00,33797524807194,33797527182498,2.375304,true,true,228483386,228487470,4.084000,true,matched_request_response
961,target_did_random_data,0x1234,3B,2E12343B,042E12343B000000,6E1234,positive,0x6E,,true,2026-06-20T19:29:43.494174+02:00,33797539427990,33797541880119,2.452129,true,true,228497993,228502080,4.087000,true,matched_request_response
962,target_did_random_data,0x1234,74,2E123474,042E123474000000,6E1234,positive,0x6E,,true,2026-06-20T19:29:43.508970+02:00,33797554225973,33797556485760,2.259787,true,true,228512782,228516869,4.087000,true,matched_request_response
963,target_did_random_data,0x1234,4CB09F,2E12344CB09F,062E12344CB09F00,6E1234,positive,0x6E,,true,2026-06-20T19:29:43.523581+02:00,33797568836433,33797571143851,2.307418,true,true,228527374,228531451,4.077000,true,matched_request_response
964,missing_data,0x1234,,2E1234,032E123400000000,7F2E13,negative,0x7F,0x13,false,2026-06-20T19:29:43.538251+02:00,33797583508912,33797585769746,2.260834,true,true,228542075,228546166,4.091000,true,matched_request_response
965,target_did_random_data,0x1234,C6,2E1234C6,042E1234C6000000,6E1234,positive,0x6E,,true,2026-06-20T19:29:43.553023+02:00,33797598280216,33797601419375,3.139159,true,true,228556834,228560921,4.087000,true,matched_request_response
966,missing_data,0x1234,,2E1234,032E123400000000,7F2E13,negative,0x7F,0x13,false,2026-06-20T19:29:43.568456+02:00,33797613711102,33797616057352,2.346250,true,true,228572231,228576323,4.092000,true,matched_request_response
967,target_did_random_data,0x1234,D2C29580,2E1234D2C29580,072E1234D2C29580,6E1234,positive,0x6E,,true,2026-06-20T19:29:43.583078+02:00,33797628332945,33797630702592,2.369647,true,true,228586824,228590898,4.074000,true,matched_request_response
968,target_did_random_data,0x1234,85F646,2E123485F646,062E123485F64600,6E1234,positive,0x6E,,true,2026-06-20T19:29:43.599947+02:00,33797645203122,33797648321049,3.117927,true,true,228603704,228607783,4.079000,true,matched_request_response
969,target_did_random_data,0x1234,519117A0,2E1234519117A0,072E1234519117A0,6E1234,positive,0x6E,,true,2026-06-20T19:29:43.615297+02:00,33797660551176,33797662945965,2.394789,true,true,228619008,228623083,4.075000,true,matched_request_response
970,target_did_random_data,0x1234,54B24A41,2E123454B24A41,072E123454B24A41,6E1234,positive,0x6E,,true,2026-06-20T19:29:43.630191+02:00,33797675446727,33797678520166,3.073439,true,true,228633909,228637983,4.074000,true,matched_request_response
971,target_did_random_data,0x1234,3F514C,2E12343F514C,062E12343F514C00,6E1234,positive,0x6E,,true,2026-06-20T19:29:43.645503+02:00,33797690758185,33797693172181,2.413996,true,true,228649220,228653301,4.081000,true,matched_request_response
972,target_did_random_data,0x1234,866F,2E1234866F,052E1234866F0000,6E1234,positive,0x6E,,true,2026-06-20T19:29:43.660162+02:00,33797705417743,33797707845777,2.428034,true,true,228663886,228667969,4.083000,true,matched_request_response
973,target_did_random_data,0x1234,8F275C,2E12348F275C,062E12348F275C00,6E1234,positive,0x6E,,true,2026-06-20T19:29:43.675018+02:00,33797720274812,33797722441151,2.166339,true,true,228678739,228682818,4.079000,true,matched_request_response
974,target_did_random_data,0x1234,76AB22F1,2E123476AB22F1,072E123476AB22F1,6E1234,positive,0x6E,,true,2026-06-20T19:29:43.689505+02:00,33797734760325,33797737147083,2.386758,true,true,228693180,228697255,4.075000,true,matched_request_response
975,target_did_random_data,0x1234,2A10,2E12342A10,052E12342A100000,6E1234,positive,0x6E,,true,2026-06-20T19:29:43.704227+02:00,33797749484696,33797751790159,2.305463,true,true,228707927,228712010,4.083000,true,matched_request_response
976,read_only_did,0x1001,2C,2E10012C,042E10012C000000,7F2E31,negative,0x7F,0x31,false,2026-06-20T19:29:43.719039+02:00,33797764295950,33797767440486,3.144536,true,true,228722752,228726843,4.091000,true,matched_request_response
977,target_did_random_data,0x1234,9ED5758C,2E12349ED5758C,072E12349ED5758C,6E1234,positive,0x6E,,true,2026-06-20T19:29:43.734891+02:00,33797780147699,33797783102547,2.954848,true,true,228738561,228742633,4.072000,true,matched_request_response
978,target_did_random_data,0x1234,E8E1100E,2E1234E8E1100E,072E1234E8E1100E,6E1234,positive,0x6E,,true,2026-06-20T19:29:43.750361+02:00,33797795616579,33797798675979,3.059400,true,true,228753999,228758079,4.080000,true,matched_request_response
979,target_did_random_data,0x1234,2CD51B,2E12342CD51B,062E12342CD51B00,6E1234,positive,0x6E,,true,2026-06-20T19:29:43.765712+02:00,33797810969033,33797813402585,2.433552,true,true,228769380,228773455,4.075000,true,matched_request_response
980,target_did_random_data,0x1234,0A,2E12340A,042E12340A000000,6E1234,positive,0x6E,,true,2026-06-20T19:29:43.780392+02:00,33797825647797,33797827881882,2.234085,true,true,228784018,228788109,4.091000,true,matched_request_response
981,target_did_random_data,0x1234,6D255FCD,2E12346D255FCD,072E12346D255FCD,6E1234,positive,0x6E,,true,2026-06-20T19:29:43.795107+02:00,33797840362809,33797842561834,2.199025,true,true,228798715,228802790,4.075000,true,matched_request_response
982,target_did_random_data,0x1234,28F1,2E123428F1,052E123428F10000,6E1234,positive,0x6E,,true,2026-06-20T19:29:43.809574+02:00,33797854829535,33797857256941,2.427406,true,true,228813186,228817269,4.083000,true,matched_request_response
983,target_did_random_data,0x1234,5C,2E12345C,042E12345C000000,6E1234,positive,0x6E,,true,2026-06-20T19:29:43.824281+02:00,33797869534770,33797871906791,2.372021,true,true,228827872,228831959,4.087000,true,matched_request_response
984,target_did_random_data,0x1234,AB5B21,2E1234AB5B21,062E1234AB5B2100,6E1234,positive,0x6E,,true,2026-06-20T19:29:43.838967+02:00,33797884221985,33797886487149,2.265164,true,true,228842526,228846603,4.077000,true,matched_request_response
985,unknown_did,0xF187,276A,2EF187276A,052EF187276A0000,7F2E31,negative,0x7F,0x31,false,2026-06-20T19:29:43.853446+02:00,33797898702120,33797901184771,2.482651,true,true,228857013,228861096,4.083000,true,matched_request_response
986,target_did_random_data,0x1234,3C834F,2E12343C834F,062E12343C834F00,6E1234,positive,0x6E,,true,2026-06-20T19:29:43.868184+02:00,33797913440250,33797915895383,2.455133,true,true,228871742,228875821,4.079000,true,matched_request_response
987,target_did_random_data,0x1234,0D8E,2E12340D8E,052E12340D8E0000,6E1234,positive,0x6E,,true,2026-06-20T19:29:43.882915+02:00,33797928170976,33797930551030,2.380054,true,true,228886467,228890552,4.085000,true,matched_request_response
988,target_did_random_data,0x1234,C4766BA4,2E1234C4766BA4,072E1234C4766BA4,6E1234,positive,0x6E,,true,2026-06-20T19:29:43.897595+02:00,33797942850928,33797945185934,2.335006,true,true,228901126,228905201,4.075000,true,matched_request_response
989,unknown_did,0x3333,5EDA18A7,2E33335EDA18A7,072E33335EDA18A7,7F2E31,negative,0x7F,0x31,false,2026-06-20T19:29:43.912177+02:00,33797957432892,33797959850520,2.417628,true,true,228915701,228919775,4.074000,true,matched_request_response
990,target_did_random_data,0x1234,E7B841,2E1234E7B841,062E1234E7B84100,6E1234,positive,0x6E,,true,2026-06-20T19:29:43.926952+02:00,33797972208806,33797974611628,2.402822,true,true,228930477,228934554,4.077000,true,matched_request_response
991,target_did_random_data,0x1234,294AA8,2E1234294AA8,062E1234294AA800,6E1234,positive,0x6E,,true,2026-06-20T19:29:43.941615+02:00,33797986871018,33797989195547,2.324529,true,true,228945122,228949201,4.079000,true,matched_request_response
992,target_did_random_data,0x1234,3865,2E12343865,052E123438650000,6E1234,positive,0x6E,,true,2026-06-20T19:29:43.956281+02:00,33798001536792,33798003737074,2.200282,true,true,228959779,228963862,4.083000,true,matched_request_response
993,target_did_random_data,0x1234,CAE2F1C8,2E1234CAE2F1C8,072E1234CAE2F1C8,6E1234,positive,0x6E,,true,2026-06-20T19:29:43.970811+02:00,33798016066585,33798018319597,2.253012,true,true,228974294,228978366,4.072000,true,matched_request_response
994,target_did_random_data,0x1234,6017,2E12346017,052E123460170000,6E1234,positive,0x6E,,true,2026-06-20T19:29:43.985252+02:00,33798030507190,33798032950729,2.443539,true,true,228988715,228992798,4.083000,true,matched_request_response
995,target_did_random_data,0x1234,0B5CB7,2E12340B5CB7,062E12340B5CB700,6E1234,positive,0x6E,,true,2026-06-20T19:29:43.999872+02:00,33798045125891,33798047629563,2.503672,true,true,229003314,229007395,4.081000,true,matched_request_response
996,target_did_random_data,0x1234,5A37,2E12345A37,052E12345A370000,6E1234,positive,0x6E,,true,2026-06-20T19:29:44.014593+02:00,33798059848376,33798062337382,2.489006,true,true,229018076,229022158,4.082000,true,matched_request_response
997,missing_data,0x1234,,2E1234,032E123400000000,7F2E13,negative,0x7F,0x13,false,2026-06-20T19:29:44.029396+02:00,33798074651807,33798076989257,2.337450,true,true,229032849,229036940,4.091000,true,matched_request_response
998,target_did_random_data,0x1234,0FCD,2E12340FCD,052E12340FCD0000,6E1234,positive,0x6E,,true,2026-06-20T19:29:44.044034+02:00,33798089289994,33798092493477,3.203483,true,true,229047484,229051569,4.085000,true,matched_request_response
999,target_did_random_data,0x1234,51,2E123451,042E123451000000,6E1234,positive,0x6E,,true,2026-06-20T19:29:44.059558+02:00,33798104816004,33798107253257,2.437253,true,true,229063023,229067110,4.087000,true,matched_request_response
1000,target_did_random_data,0x1234,8AE2AF,2E12348AE2AF,062E12348AE2AF00,6E1234,positive,0x6E,,true,2026-06-20T19:29:44.074455+02:00,33798119711625,33798121948644,2.237019,true,true,229077869,229081947,4.078000,true,matched_request_response
