trial,source,event,elapsed_ms,payload_hex,response_class,attack_pass,observer_consistent
1,can0,request_send,0.000000,2E123451BFC797,positive,true,true
1,can0,response_recv,2.969933,6E1234,positive,true,true
1,nucleo,request_seen,0.000000,2E123451BFC797,positive,true,true
1,nucleo,response_seen,4.073000,6E1234,positive,true,true
2,can0,request_send,15.334365,2E1234A6884D,positive,true,true
2,can0,response_recv,17.574875,6E1234,positive,true,true
2,nucleo,request_seen,15.352000,2E1234A6884D,positive,true,true
2,nucleo,response_seen,19.431000,6E1234,positive,true,true
3,can0,request_send,30.040996,2E12343D47,positive,true,true
3,can0,response_recv,32.194134,6E1234,positive,true,true
3,nucleo,request_seen,30.026000,2E12343D47,positive,true,true
3,nucleo,response_seen,34.107000,6E1234,positive,true,true
4,can0,request_send,44.652503,2E1234DB0F,positive,true,true
4,can0,response_recv,46.926118,6E1234,positive,true,true
4,nucleo,request_seen,44.635000,2E1234DB0F,positive,true,true
4,nucleo,response_seen,48.723000,6E1234,positive,true,true
5,can0,request_send,59.278746,2EF187AA,negative,false,true
5,can0,response_recv,61.569123,7F2E31,negative,false,true
5,nucleo,request_seen,59.250000,2EF187AA,negative,false,true
5,nucleo,response_seen,63.335000,7F2E31,negative,false,true
6,can0,request_send,73.889555,2E1234DCD2,positive,true,true
6,can0,response_recv,76.125525,6E1234,positive,true,true
6,nucleo,request_seen,73.838000,2E1234DCD2,positive,true,true
6,nucleo,response_seen,77.920000,6E1234,positive,true,true
7,can0,request_send,88.356770,2E1001646EAA,negative,false,true
7,can0,response_recv,90.803172,7F2E31,negative,false,true
7,nucleo,request_seen,88.277000,2E1001646EAA,negative,false,true
7,nucleo,response_seen,92.358000,7F2E31,negative,false,true
8,can0,request_send,103.064798,2E1234A418,positive,true,true
8,can0,response_recv,105.438844,6E1234,positive,true,true
8,nucleo,request_seen,103.015000,2E1234A418,positive,true,true
8,nucleo,response_seen,107.095000,6E1234,positive,true,true
9,can0,request_send,117.809213,2E12349B,positive,true,true
9,can0,response_recv,120.069279,6E1234,positive,true,true
9,nucleo,request_seen,117.792000,2E12349B,positive,true,true
9,nucleo,response_seen,121.879000,6E1234,positive,true,true
10,can0,request_send,132.369247,2E123474F27A,positive,true,true
10,can0,response_recv,134.817465,6E1234,positive,true,true
10,nucleo,request_seen,132.271000,2E123474F27A,positive,true,true
10,nucleo,response_seen,136.348000,6E1234,positive,true,true
11,can0,request_send,147.268221,2E1234138003,positive,true,true
11,can0,response_recv,150.407589,6E1234,positive,true,true
11,nucleo,request_seen,147.168000,2E1234138003,positive,true,true
11,nucleo,response_seen,151.249000,6E1234,positive,true,true
12,can0,request_send,162.875526,2E12349B,positive,true,true
12,can0,response_recv,166.086551,6E1234,positive,true,true
12,nucleo,request_seen,162.770000,2E12349B,positive,true,true
12,nucleo,response_seen,166.857000,6E1234,positive,true,true
13,can0,request_send,178.441275,2E1234282D,positive,true,true
13,can0,response_recv,180.721735,6E1234,positive,true,true
13,nucleo,request_seen,178.345000,2E1234282D,positive,true,true
13,nucleo,response_seen,182.427000,6E1234,positive,true,true
14,can0,request_send,193.019608,2E1234914458,positive,true,true
14,can0,response_recv,195.324861,6E1234,positive,true,true
14,nucleo,request_seen,192.885000,2E1234914458,positive,true,true
14,nucleo,response_seen,196.967000,6E1234,positive,true,true
15,can0,request_send,207.566511,2E12349D4D3CD1,positive,true,true
15,can0,response_recv,209.970381,6E1234,positive,true,true
15,nucleo,request_seen,207.389000,2E12349D4D3CD1,positive,true,true
15,nucleo,response_seen,211.464000,6E1234,positive,true,true
16,can0,request_send,222.241365,2E12340A8F68,positive,true,true
16,can0,response_recv,226.108480,6E1234,positive,true,true
16,nucleo,request_seen,222.076000,2E12340A8F68,positive,true,true
16,nucleo,response_seen,226.156000,6E1234,positive,true,true
17,can0,request_send,238.713375,2EF187CC6DD733,negative,false,true
17,can0,response_recv,241.193162,7F2E31,negative,false,true
17,nucleo,request_seen,238.529000,2EF187CC6DD733,negative,false,true
17,nucleo,response_seen,242.604000,7F2E31,negative,false,true
18,can0,request_send,253.446057,2E1234CCD62A9A,positive,true,true
18,can0,response_recv,255.885126,6E1234,positive,true,true
18,nucleo,request_seen,253.267000,2E1234CCD62A9A,positive,true,true
18,nucleo,response_seen,257.339000,6E1234,positive,true,true
19,can0,request_send,268.269952,2E123422,positive,true,true
19,can0,response_recv,270.489370,6E1234,positive,true,true
19,nucleo,request_seen,268.092000,2E123422,positive,true,true
19,nucleo,response_seen,272.177000,6E1234,positive,true,true
20,can0,request_send,282.764893,2E1234E6743AE5,positive,true,true
20,can0,response_recv,285.131677,6E1234,positive,true,true
20,nucleo,request_seen,282.553000,2E1234E6743AE5,positive,true,true
20,nucleo,response_seen,286.628000,6E1234,positive,true,true
21,can0,request_send,297.474597,2E12344EBC,positive,true,true
21,can0,response_recv,299.745000,6E1234,positive,true,true
21,nucleo,request_seen,297.274000,2E12344EBC,positive,true,true
21,nucleo,response_seen,301.355000,6E1234,positive,true,true
22,can0,request_send,312.215102,2E1234C7772B85,positive,true,true
22,can0,response_recv,314.485015,6E1234,positive,true,true
22,nucleo,request_seen,311.984000,2E1234C7772B85,positive,true,true
22,nucleo,response_seen,316.056000,6E1234,positive,true,true
23,can0,request_send,326.991155,2E1234983A,positive,true,true
23,can0,response_recv,330.290250,6E1234,positive,true,true
23,nucleo,request_seen,326.765000,2E1234983A,positive,true,true
23,nucleo,response_seen,330.847000,6E1234,positive,true,true
24,can0,request_send,342.786263,2E123436,positive,true,true
24,can0,response_recv,345.708704,6E1234,positive,true,true
24,nucleo,request_seen,342.553000,2E123436,positive,true,true
24,nucleo,response_seen,346.640000,6E1234,positive,true,true
25,can0,request_send,357.999523,2E2222A479EC,negative,false,true
25,can0,response_recv,360.435659,7F2E31,negative,false,true
25,nucleo,request_seen,357.742000,2E2222A479EC,negative,false,true
25,nucleo,response_seen,361.821000,7F2E31,negative,false,true
26,can0,request_send,372.701056,2E1234D12259BA,positive,true,true
26,can0,response_recv,375.011826,6E1234,positive,true,true
26,nucleo,request_seen,372.416000,2E1234D12259BA,positive,true,true
26,nucleo,response_seen,376.491000,6E1234,positive,true,true
27,can0,request_send,387.272823,2E33337096,negative,false,true
27,can0,response_recv,390.088337,7F2E31,negative,false,true
27,nucleo,request_seen,386.985000,2E33337096,negative,false,true
27,nucleo,response_seen,391.065000,7F2E31,negative,false,true
28,can0,request_send,402.381182,2E12341C67C18C,positive,true,true
28,can0,response_recv,405.273870,6E1234,positive,true,true
28,nucleo,request_seen,402.091000,2E12341C67C18C,positive,true,true
28,nucleo,response_seen,406.164000,6E1234,positive,true,true
29,can0,request_send,417.541432,2E10019EA9FE,negative,false,true
29,can0,response_recv,419.894107,7F2E31,negative,false,true
29,nucleo,request_seen,417.235000,2E10019EA9FE,negative,false,true
29,nucleo,response_seen,421.316000,7F2E31,negative,false,true
30,can0,request_send,432.167326,2E1234,negative,false,true
30,can0,response_recv,434.587189,7F2E13,negative,false,true
30,nucleo,request_seen,431.863000,2E1234,negative,false,true
30,nucleo,response_seen,435.957000,7F2E13,negative,false,true
31,can0,request_send,446.876332,2E1234810E,positive,true,true
31,can0,response_recv,449.251077,6E1234,positive,true,true
31,nucleo,request_seen,446.570000,2E1234810E,positive,true,true
31,nucleo,response_seen,450.657000,6E1234,positive,true,true
32,can0,request_send,461.491960,2E1234C227,positive,true,true
32,can0,response_recv,463.821099,6E1234,positive,true,true
32,nucleo,request_seen,461.146000,2E1234C227,positive,true,true
32,nucleo,response_seen,465.226000,6E1234,positive,true,true
33,can0,request_send,476.274578,2E1234ED52,positive,true,true
33,can0,response_recv,478.559787,6E1234,positive,true,true
33,nucleo,request_seen,475.929000,2E1234ED52,positive,true,true
33,nucleo,response_seen,480.012000,6E1234,positive,true,true
34,can0,request_send,490.826720,2E1234427CA6A2,positive,true,true
34,can0,response_recv,493.212989,6E1234,positive,true,true
34,nucleo,request_seen,490.495000,2E1234427CA6A2,positive,true,true
34,nucleo,response_seen,494.570000,6E1234,positive,true,true
35,can0,request_send,505.454849,2E1234E4,positive,true,true
35,can0,response_recv,507.815068,6E1234,positive,true,true
35,nucleo,request_seen,505.098000,2E1234E4,positive,true,true
35,nucleo,response_seen,509.182000,6E1234,positive,true,true
36,can0,request_send,520.045544,2EF1870C,negative,false,true
36,can0,response_recv,522.443337,7F2E31,negative,false,true
36,nucleo,request_seen,519.689000,2EF1870C,negative,false,true
36,nucleo,response_seen,523.780000,7F2E31,negative,false,true
37,can0,request_send,534.667597,2E1234DB9A2D,positive,true,true
37,can0,response_recv,537.016431,6E1234,positive,true,true
37,nucleo,request_seen,534.268000,2E1234DB9A2D,positive,true,true
37,nucleo,response_seen,538.345000,6E1234,positive,true,true
38,can0,request_send,549.242926,2E1234C0,positive,true,true
38,can0,response_recv,551.684579,6E1234,positive,true,true
38,nucleo,request_seen,548.842000,2E1234C0,positive,true,true
38,nucleo,response_seen,552.929000,6E1234,positive,true,true
39,can0,request_send,563.890751,2E12343E,positive,true,true
39,can0,response_recv,566.336455,6E1234,positive,true,true
39,nucleo,request_seen,563.488000,2E12343E,positive,true,true
39,nucleo,response_seen,567.575000,6E1234,positive,true,true
40,can0,request_send,578.532150,2E33333112,negative,false,true
40,can0,response_recv,581.080521,7F2E31,negative,false,true
40,nucleo,request_seen,578.103000,2E33333112,negative,false,true
40,nucleo,response_seen,582.183000,7F2E31,negative,false,true
41,can0,request_send,593.395784,2E1234DC,positive,true,true
41,can0,response_recv,595.670866,6E1234,positive,true,true
41,nucleo,request_seen,592.996000,2E1234DC,positive,true,true
41,nucleo,response_seen,597.080000,6E1234,positive,true,true
42,can0,request_send,608.324371,2E1234AA,positive,true,true
42,can0,response_recv,611.337885,6E1234,positive,true,true
42,nucleo,request_seen,607.890000,2E1234AA,positive,true,true
42,nucleo,response_seen,611.979000,6E1234,positive,true,true
43,can0,request_send,623.626190,2E1234C2E73F,positive,true,true
43,can0,response_recv,625.971462,6E1234,positive,true,true
43,nucleo,request_seen,623.162000,2E1234C2E73F,positive,true,true
43,nucleo,response_seen,627.239000,6E1234,positive,true,true
44,can0,request_send,638.205779,2E222207,negative,false,true
44,can0,response_recv,640.579058,7F2E31,negative,false,true
44,nucleo,request_seen,637.756000,2E222207,negative,false,true
44,nucleo,response_seen,641.847000,7F2E31,negative,false,true
45,can0,request_send,653.032119,2E1234DA1B9E,positive,true,true
45,can0,response_recv,656.443100,6E1234,positive,true,true
45,nucleo,request_seen,652.724000,2E1234DA1B9E,positive,true,true
45,nucleo,response_seen,656.802000,6E1234,positive,true,true
46,can0,request_send,669.215056,2E1234DE4A,positive,true,true
46,can0,response_recv,671.818043,6E1234,positive,true,true
46,nucleo,request_seen,668.717000,2E1234DE4A,positive,true,true
46,nucleo,response_seen,672.799000,6E1234,positive,true,true
47,can0,request_send,684.002982,2E12343F,positive,true,true
47,can0,response_recv,686.485562,6E1234,positive,true,true
47,nucleo,request_seen,683.496000,2E12343F,positive,true,true
47,nucleo,response_seen,687.582000,6E1234,positive,true,true
48,can0,request_send,698.767442,2E1234AA,positive,true,true
48,can0,response_recv,701.656708,6E1234,positive,true,true
48,nucleo,request_seen,698.262000,2E1234AA,positive,true,true
48,nucleo,response_seen,702.346000,6E1234,positive,true,true
49,can0,request_send,713.874333,2E12342126FE,positive,true,true
49,can0,response_recv,716.781829,6E1234,positive,true,true
49,nucleo,request_seen,713.335000,2E12342126FE,positive,true,true
49,nucleo,response_seen,717.414000,6E1234,positive,true,true
50,can0,request_send,729.077048,2EF1872F79FD,negative,false,true
50,can0,response_recv,731.457171,7F2E31,negative,false,true
50,nucleo,request_seen,728.549000,2EF1872F79FD,negative,false,true
50,nucleo,response_seen,732.628000,7F2E31,negative,false,true
51,can0,request_send,743.758117,2E1234587580,positive,true,true
51,can0,response_recv,746.073148,6E1234,positive,true,true
51,nucleo,request_seen,743.224000,2E1234587580,positive,true,true
51,nucleo,response_seen,747.300000,6E1234,positive,true,true
52,can0,request_send,758.409224,2E2222143F89,negative,false,true
52,can0,response_recv,760.994401,7F2E31,negative,false,true
52,nucleo,request_seen,757.854000,2E2222143F89,negative,false,true
52,nucleo,response_seen,761.932000,7F2E31,negative,false,true
53,can0,request_send,773.348706,2E123463E3,positive,true,true
53,can0,response_recv,776.363128,6E1234,positive,true,true
53,nucleo,request_seen,772.779000,2E123463E3,positive,true,true
53,nucleo,response_seen,776.862000,6E1234,positive,true,true
54,can0,request_send,788.621820,2E1234E4,positive,true,true
54,can0,response_recv,791.121791,6E1234,positive,true,true
54,nucleo,request_seen,788.062000,2E1234E4,positive,true,true
54,nucleo,response_seen,792.146000,6E1234,positive,true,true
55,can0,request_send,803.485803,2E10013EF7EE,negative,false,true
55,can0,response_recv,806.690892,7F2E31,negative,false,true
55,nucleo,request_seen,802.922000,2E10013EF7EE,negative,false,true
55,nucleo,response_seen,807.006000,7F2E31,negative,false,true
56,can0,request_send,819.019286,2E12347D256E,positive,true,true
56,can0,response_recv,822.919715,6E1234,positive,true,true
56,nucleo,request_seen,818.426000,2E12347D256E,positive,true,true
56,nucleo,response_seen,822.505000,6E1234,positive,true,true
57,can0,request_send,835.266827,2E123498,positive,true,true
57,can0,response_recv,839.758463,6E1234,positive,true,true
57,nucleo,request_seen,834.661000,2E123498,positive,true,true
57,nucleo,response_seen,838.748000,6E1234,positive,true,true
58,can0,request_send,851.970571,2E123470,positive,true,true
58,can0,response_recv,854.431011,6E1234,positive,true,true
58,nucleo,request_seen,851.334000,2E123470,positive,true,true
58,nucleo,response_seen,855.421000,6E1234,positive,true,true
59,can0,request_send,866.728814,2E123470FABC,positive,true,true
59,can0,response_recv,869.119414,6E1234,positive,true,true
59,nucleo,request_seen,866.084000,2E123470FABC,positive,true,true
59,nucleo,response_seen,870.160000,6E1234,positive,true,true
60,can0,request_send,881.348702,2E123478,positive,true,true
60,can0,response_recv,883.751943,6E1234,positive,true,true
60,nucleo,request_seen,880.716000,2E123478,positive,true,true
60,nucleo,response_seen,884.802000,6E1234,positive,true,true
61,can0,request_send,897.704427,2E1234DEF78D,positive,true,true
61,can0,response_recv,900.390874,6E1234,positive,true,true
61,nucleo,request_seen,897.034000,2E1234DEF78D,positive,true,true
61,nucleo,response_seen,901.111000,6E1234,positive,true,true
62,can0,request_send,912.628684,2E1234BC,positive,true,true
62,can0,response_recv,915.092477,6E1234,positive,true,true
62,nucleo,request_seen,911.980000,2E1234BC,positive,true,true
62,nucleo,response_seen,916.064000,6E1234,positive,true,true
63,can0,request_send,927.339785,2E1234D2FDC477,positive,true,true
63,can0,response_recv,929.718162,6E1234,positive,true,true
63,nucleo,request_seen,926.660000,2E1234D2FDC477,positive,true,true
63,nucleo,response_seen,930.735000,6E1234,positive,true,true
64,can0,request_send,942.241133,2E12348A161503,positive,true,true
64,can0,response_recv,945.316597,6E1234,positive,true,true
64,nucleo,request_seen,941.544000,2E12348A161503,positive,true,true
64,nucleo,response_seen,945.624000,6E1234,positive,true,true
65,can0,request_send,957.650159,2E1234074CBE76,positive,true,true
65,can0,response_recv,959.996967,6E1234,positive,true,true
65,nucleo,request_seen,956.970000,2E1234074CBE76,positive,true,true
65,nucleo,response_seen,961.046000,6E1234,positive,true,true
66,can0,request_send,972.275006,2E123420D73E85,positive,true,true
66,can0,response_recv,974.575998,6E1234,positive,true,true
66,nucleo,request_seen,971.580000,2E123420D73E85,positive,true,true
66,nucleo,response_seen,975.655000,6E1234,positive,true,true
67,can0,request_send,986.836646,2E123408F7,positive,true,true
67,can0,response_recv,989.455836,6E1234,positive,true,true
67,nucleo,request_seen,986.143000,2E123408F7,positive,true,true
67,nucleo,response_seen,990.228000,6E1234,positive,true,true
68,can0,request_send,1001.701887,2E123436,positive,true,true
68,can0,response_recv,1003.926822,6E1234,positive,true,true
68,nucleo,request_seen,1000.979000,2E123436,positive,true,true
68,nucleo,response_seen,1005.063000,6E1234,positive,true,true
69,can0,request_send,1016.222670,2E123436,positive,true,true
69,can0,response_recv,1018.603491,6E1234,positive,true,true
69,nucleo,request_seen,1015.507000,2E123436,positive,true,true
69,nucleo,response_seen,1019.594000,6E1234,positive,true,true
70,can0,request_send,1030.851218,2E1234C47C39,positive,true,true
70,can0,response_recv,1033.205360,6E1234,positive,true,true
70,nucleo,request_seen,1030.105000,2E1234C47C39,positive,true,true
70,nucleo,response_seen,1034.182000,6E1234,positive,true,true
71,can0,request_send,1045.462446,2E10012479,negative,false,true
71,can0,response_recv,1047.838309,7F2E31,negative,false,true
71,nucleo,request_seen,1044.710000,2E10012479,negative,false,true
71,nucleo,response_seen,1048.797000,7F2E31,negative,false,true
72,can0,request_send,1060.121515,2E1234DB88,positive,true,true
72,can0,response_recv,1062.734349,6E1234,positive,true,true
72,nucleo,request_seen,1059.348000,2E1234DB88,positive,true,true
72,nucleo,response_seen,1063.430000,6E1234,positive,true,true
73,can0,request_send,1075.040603,2E123409,positive,true,true
73,can0,response_recv,1078.063616,6E1234,positive,true,true
73,nucleo,request_seen,1074.267000,2E123409,positive,true,true
73,nucleo,response_seen,1078.356000,6E1234,positive,true,true
74,can0,request_send,1092.043687,2E123463,positive,true,true
74,can0,response_recv,1094.733557,6E1234,positive,true,true
74,nucleo,request_seen,1091.269000,2E123463,positive,true,true
74,nucleo,response_seen,1095.353000,6E1234,positive,true,true
75,can0,request_send,1107.030173,2E12347B,positive,true,true
75,can0,response_recv,1109.382499,6E1234,positive,true,true
75,nucleo,request_seen,1106.253000,2E12347B,positive,true,true
75,nucleo,response_seen,1110.337000,6E1234,positive,true,true
76,can0,request_send,1121.609343,2E1234E9,positive,true,true
76,can0,response_recv,1124.070622,6E1234,positive,true,true
76,nucleo,request_seen,1120.789000,2E1234E9,positive,true,true
76,nucleo,response_seen,1124.876000,6E1234,positive,true,true
77,can0,request_send,1136.283777,2E10018594,negative,false,true
77,can0,response_recv,1141.604430,7F2E31,negative,false,true
77,nucleo,request_seen,1135.460000,2E10018594,negative,false,true
77,nucleo,response_seen,1139.547000,7F2E31,negative,false,true
78,can0,request_send,1154.681174,2E1234F8B1A97C,positive,true,true
78,can0,response_recv,1157.248612,6E1234,positive,true,true
78,nucleo,request_seen,1153.852000,2E1234F8B1A97C,positive,true,true
78,nucleo,response_seen,1157.927000,6E1234,positive,true,true
79,can0,request_send,1170.500727,2E12342468EC40,positive,true,true
79,can0,response_recv,1172.883713,6E1234,positive,true,true
79,nucleo,request_seen,1169.648000,2E12342468EC40,positive,true,true
79,nucleo,response_seen,1173.723000,6E1234,positive,true,true
80,can0,request_send,1185.129974,2E123464EB,positive,true,true
80,can0,response_recv,1187.482579,6E1234,positive,true,true
80,nucleo,request_seen,1184.262000,2E123464EB,positive,true,true
80,nucleo,response_seen,1188.342000,6E1234,positive,true,true
81,can0,request_send,1199.711659,2EF187B51A6240,negative,false,true
81,can0,response_recv,1202.153661,7F2E31,negative,false,true
81,nucleo,request_seen,1198.834000,2EF187B51A6240,negative,false,true
81,nucleo,response_seen,1202.908000,7F2E31,negative,false,true
82,can0,request_send,1214.455026,2E12344D,positive,true,true
82,can0,response_recv,1216.778019,6E1234,positive,true,true
82,nucleo,request_seen,1213.586000,2E12344D,positive,true,true
82,nucleo,response_seen,1217.673000,6E1234,positive,true,true
83,can0,request_send,1229.294844,2E1234D4,positive,true,true
83,can0,response_recv,1232.379876,6E1234,positive,true,true
83,nucleo,request_seen,1228.420000,2E1234D4,positive,true,true
83,nucleo,response_seen,1232.507000,6E1234,positive,true,true
84,can0,request_send,1244.685711,2E22224032,negative,false,true
84,can0,response_recv,1247.104317,7F2E31,negative,false,true
84,nucleo,request_seen,1243.816000,2E22224032,negative,false,true
84,nucleo,response_seen,1247.899000,7F2E31,negative,false,true
85,can0,request_send,1259.388920,2E123419,positive,true,true
85,can0,response_recv,1261.715544,6E1234,positive,true,true
85,nucleo,request_seen,1258.487000,2E123419,positive,true,true
85,nucleo,response_seen,1262.574000,6E1234,positive,true,true
86,can0,request_send,1273.997424,2E12340476,positive,true,true
86,can0,response_recv,1276.574779,6E1234,positive,true,true
86,nucleo,request_seen,1273.074000,2E12340476,positive,true,true
86,nucleo,response_seen,1277.159000,6E1234,positive,true,true
87,can0,request_send,1288.817268,2E1234241D8B,positive,true,true
87,can0,response_recv,1292.032484,6E1234,positive,true,true
87,nucleo,request_seen,1287.930000,2E1234241D8B,positive,true,true
87,nucleo,response_seen,1292.009000,6E1234,positive,true,true
88,can0,request_send,1304.459703,2E1234D3DF,positive,true,true
88,can0,response_recv,1307.617020,6E1234,positive,true,true
88,nucleo,request_seen,1303.536000,2E1234D3DF,positive,true,true
88,nucleo,response_seen,1307.618000,6E1234,positive,true,true
89,can0,request_send,1319.870334,2E222217C9,negative,false,true
89,can0,response_recv,1322.279861,7F2E31,negative,false,true
89,nucleo,request_seen,1318.934000,2E222217C9,negative,false,true
89,nucleo,response_seen,1323.017000,7F2E31,negative,false,true
90,can0,request_send,1334.585346,2E123436D1F8,positive,true,true
90,can0,response_recv,1336.899330,6E1234,positive,true,true
90,nucleo,request_seen,1333.635000,2E123436D1F8,positive,true,true
90,nucleo,response_seen,1337.714000,6E1234,positive,true,true
91,can0,request_send,1349.281222,2E1234FD,positive,true,true
91,can0,response_recv,1351.543313,6E1234,positive,true,true
91,nucleo,request_seen,1348.332000,2E1234FD,positive,true,true
91,nucleo,response_seen,1352.419000,6E1234,positive,true,true
92,can0,request_send,1364.074805,2E123403,positive,true,true
92,can0,response_recv,1367.151247,6E1234,positive,true,true
92,nucleo,request_seen,1363.139000,2E123403,positive,true,true
92,nucleo,response_seen,1367.228000,6E1234,positive,true,true
93,can0,request_send,1379.627634,2E123435,positive,true,true
93,can0,response_recv,1381.809198,6E1234,positive,true,true
93,nucleo,request_seen,1378.676000,2E123435,positive,true,true
93,nucleo,response_seen,1382.763000,6E1234,positive,true,true
94,can0,request_send,1394.096106,2E1234B8,positive,true,true
94,can0,response_recv,1396.661867,6E1234,positive,true,true
94,nucleo,request_seen,1393.123000,2E1234B8,positive,true,true
94,nucleo,response_seen,1397.207000,6E1234,positive,true,true
95,can0,request_send,1409.168007,2E123484,positive,true,true
95,can0,response_recv,1412.391814,6E1234,positive,true,true
95,nucleo,request_seen,1408.177000,2E123484,positive,true,true
95,nucleo,response_seen,1412.262000,6E1234,positive,true,true
96,can0,request_send,1424.998944,2E22226767,negative,false,true
96,can0,response_recv,1428.079716,7F2E31,negative,false,true
96,nucleo,request_seen,1423.983000,2E22226767,negative,false,true
96,nucleo,response_seen,1428.064000,7F2E31,negative,false,true
97,can0,request_send,1440.340154,2E1234F55C,positive,true,true
97,can0,response_recv,1443.392220,6E1234,positive,true,true
97,nucleo,request_seen,1439.315000,2E1234F55C,positive,true,true
97,nucleo,response_seen,1443.397000,6E1234,positive,true,true
98,can0,request_send,1455.638620,2E1234CD6876,positive,true,true
98,can0,response_recv,1458.087048,6E1234,positive,true,true
98,nucleo,request_seen,1454.600000,2E1234CD6876,positive,true,true
98,nucleo,response_seen,1458.679000,6E1234,positive,true,true
99,can0,request_send,1470.369765,2E33334BEB,negative,false,true
99,can0,response_recv,1472.676415,7F2E31,negative,false,true
99,nucleo,request_seen,1469.336000,2E33334BEB,negative,false,true
99,nucleo,response_seen,1473.419000,7F2E31,negative,false,true
100,can0,request_send,1484.920161,2E123439CA809D,positive,true,true
100,can0,response_recv,1487.290996,6E1234,positive,true,true
100,nucleo,request_seen,1483.866000,2E123439CA809D,positive,true,true
100,nucleo,response_seen,1487.941000,6E1234,positive,true,true
101,can0,request_send,1499.597319,2E123412,positive,true,true
101,can0,response_recv,1502.036947,6E1234,positive,true,true
101,nucleo,request_seen,1498.540000,2E123412,positive,true,true
101,nucleo,response_seen,1502.627000,6E1234,positive,true,true
102,can0,request_send,1514.397049,2E1234C7B444,positive,true,true
102,can0,response_recv,1516.604943,6E1234,positive,true,true
102,nucleo,request_seen,1513.329000,2E1234C7B444,positive,true,true
102,nucleo,response_seen,1517.408000,6E1234,positive,true,true
103,can0,request_send,1528.882842,2E123453,positive,true,true
103,can0,response_recv,1531.532133,6E1234,positive,true,true
103,nucleo,request_seen,1527.826000,2E123453,positive,true,true
103,nucleo,response_seen,1531.913000,6E1234,positive,true,true
104,can0,request_send,1544.174045,2E123414898FC8,positive,true,true
104,can0,response_recv,1546.849806,6E1234,positive,true,true
104,nucleo,request_seen,1543.082000,2E123414898FC8,positive,true,true
104,nucleo,response_seen,1547.155000,6E1234,positive,true,true
105,can0,request_send,1559.126238,2E12340CC5,positive,true,true
105,can0,response_recv,1561.556926,6E1234,positive,true,true
105,nucleo,request_seen,1558.013000,2E12340CC5,positive,true,true
105,nucleo,response_seen,1562.098000,6E1234,positive,true,true
106,can0,request_send,1574.139752,2E1234,negative,false,true
106,can0,response_recv,1577.330244,7F2E13,negative,false,true
106,nucleo,request_seen,1573.040000,2E1234,negative,false,true
106,nucleo,response_seen,1577.128000,7F2E13,negative,false,true
107,can0,request_send,1589.604650,2E1234,negative,false,true
107,can0,response_recv,1591.786284,7F2E13,negative,false,true
107,nucleo,request_seen,1588.470000,2E1234,negative,false,true
107,nucleo,response_seen,1592.561000,7F2E13,negative,false,true
108,can0,request_send,1604.021230,2E12345C9BF38D,positive,true,true
108,can0,response_recv,1606.476712,6E1234,positive,true,true
108,nucleo,request_seen,1602.860000,2E12345C9BF38D,positive,true,true
108,nucleo,response_seen,1606.935000,6E1234,positive,true,true
109,can0,request_send,1618.720597,2E33335173,negative,false,true
109,can0,response_recv,1621.087800,7F2E31,negative,false,true
109,nucleo,request_seen,1617.567000,2E33335173,negative,false,true
109,nucleo,response_seen,1621.650000,7F2E31,negative,false,true
110,can0,request_send,1633.337831,2E1234,negative,false,true
110,can0,response_recv,1635.731853,7F2E13,negative,false,true
110,nucleo,request_seen,1632.194000,2E1234,negative,false,true
110,nucleo,response_seen,1636.283000,7F2E13,negative,false,true
111,can0,request_send,1648.062202,2E12342272,positive,true,true
111,can0,response_recv,1650.375138,6E1234,positive,true,true
111,nucleo,request_seen,1646.895000,2E12342272,positive,true,true
111,nucleo,response_seen,1650.980000,6E1234,positive,true,true
112,can0,request_send,1662.648706,2E1001DD6E1C,negative,false,true
112,can0,response_recv,1665.092874,7F2E31,negative,false,true
112,nucleo,request_seen,1661.459000,2E1001DD6E1C,negative,false,true
112,nucleo,response_seen,1665.542000,7F2E31,negative,false,true
113,can0,request_send,1677.583858,2E1234F970,positive,true,true
113,can0,response_recv,1680.709118,6E1234,positive,true,true
113,nucleo,request_seen,1676.396000,2E1234F970,positive,true,true
113,nucleo,response_seen,1680.479000,6E1234,positive,true,true
114,can0,request_send,1692.986248,2E12340A,positive,true,true
114,can0,response_recv,1695.347584,6E1234,positive,true,true
114,nucleo,request_seen,1691.782000,2E12340A,positive,true,true
114,nucleo,response_seen,1695.874000,6E1234,positive,true,true
115,can0,request_send,1707.831305,2E1234D06F,positive,true,true
115,can0,response_recv,1711.134591,6E1234,positive,true,true
115,nucleo,request_seen,1706.649000,2E1234D06F,positive,true,true
115,nucleo,response_seen,1710.732000,6E1234,positive,true,true
116,can0,request_send,1723.386997,2E12341236A3,positive,true,true
116,can0,response_recv,1725.601666,6E1234,positive,true,true
116,nucleo,request_seen,1722.173000,2E12341236A3,positive,true,true
116,nucleo,response_seen,1726.250000,6E1234,positive,true,true
117,can0,request_send,1738.297285,2E1234E7723CE0,positive,true,true
117,can0,response_recv,1741.179149,6E1234,positive,true,true
117,nucleo,request_seen,1737.237000,2E1234E7723CE0,positive,true,true
117,nucleo,response_seen,1741.309000,6E1234,positive,true,true
118,can0,request_send,1753.483447,2E12342CC613,positive,true,true
118,can0,response_recv,1755.837310,6E1234,positive,true,true
118,nucleo,request_seen,1752.225000,2E12342CC613,positive,true,true
118,nucleo,response_seen,1756.302000,6E1234,positive,true,true
119,can0,request_send,1768.177367,2E1234B1D98B52,positive,true,true
119,can0,response_recv,1770.449515,6E1234,positive,true,true
119,nucleo,request_seen,1766.923000,2E1234B1D98B52,positive,true,true
119,nucleo,response_seen,1770.998000,6E1234,positive,true,true
120,can0,request_send,1782.686766,2E12342B,positive,true,true
120,can0,response_recv,1785.222216,6E1234,positive,true,true
120,nucleo,request_seen,1781.414000,2E12342B,positive,true,true
120,nucleo,response_seen,1785.501000,6E1234,positive,true,true
121,can0,request_send,1797.702655,2E2222813D4F,negative,false,true
121,can0,response_recv,1800.774835,7F2E31,negative,false,true
121,nucleo,request_seen,1796.429000,2E2222813D4F,negative,false,true
121,nucleo,response_seen,1800.507000,7F2E31,negative,false,true
122,can0,request_send,1813.288658,2E12341F,positive,true,true
122,can0,response_recv,1816.390591,6E1234,positive,true,true
122,nucleo,request_seen,1812.034000,2E12341F,positive,true,true
122,nucleo,response_seen,1816.118000,6E1234,positive,true,true
123,can0,request_send,1828.925576,2E1234FA8A1E,positive,true,true
123,can0,response_recv,1832.122214,6E1234,positive,true,true
123,nucleo,request_seen,1827.684000,2E1234FA8A1E,positive,true,true
123,nucleo,response_seen,1831.763000,6E1234,positive,true,true
124,can0,request_send,1844.649236,2E1234A8FE9590,positive,true,true
124,can0,response_recv,1847.641658,6E1234,positive,true,true
124,nucleo,request_seen,1843.346000,2E1234A8FE9590,positive,true,true
124,nucleo,response_seen,1847.421000,6E1234,positive,true,true
125,can0,request_send,1860.132503,2E123400196F92,positive,true,true
125,can0,response_recv,1862.597972,6E1234,positive,true,true
125,nucleo,request_seen,1858.793000,2E123400196F92,positive,true,true
125,nucleo,response_seen,1862.871000,6E1234,positive,true,true
126,can0,request_send,1874.943617,2E1234CA,positive,true,true
126,can0,response_recv,1878.114553,6E1234,positive,true,true
126,nucleo,request_seen,1873.664000,2E1234CA,positive,true,true
126,nucleo,response_seen,1877.751000,6E1234,positive,true,true
127,can0,request_send,1890.379112,2E1001DB,negative,false,true
127,can0,response_recv,1892.676473,7F2E31,negative,false,true
127,nucleo,request_seen,1889.024000,2E1001DB,negative,false,true
127,nucleo,response_seen,1893.112000,7F2E31,negative,false,true
128,can0,request_send,1904.990619,2E1234863343,positive,true,true
128,can0,response_recv,1907.222818,6E1234,positive,true,true
128,nucleo,request_seen,1903.606000,2E1234863343,positive,true,true
128,nucleo,response_seen,1907.684000,6E1234,positive,true,true
129,can0,request_send,1919.551351,2E1234EEEE,positive,true,true
129,can0,response_recv,1921.903328,6E1234,positive,true,true
129,nucleo,request_seen,1918.167000,2E1234EEEE,positive,true,true
129,nucleo,response_seen,1922.247000,6E1234,positive,true,true
130,can0,request_send,1934.201620,2E123444E0,positive,true,true
130,can0,response_recv,1936.561769,6E1234,positive,true,true
130,nucleo,request_seen,1932.810000,2E123444E0,positive,true,true
130,nucleo,response_seen,1936.893000,6E1234,positive,true,true
131,can0,request_send,1948.906156,2E12349A32,positive,true,true
131,can0,response_recv,1951.151835,6E1234,positive,true,true
131,nucleo,request_seen,1947.499000,2E12349A32,positive,true,true
131,nucleo,response_seen,1951.582000,6E1234,positive,true,true
132,can0,request_send,1963.624870,2E12346F99,positive,true,true
132,can0,response_recv,1967.070911,6E1234,positive,true,true
132,nucleo,request_seen,1962.357000,2E12346F99,positive,true,true
132,nucleo,response_seen,1966.440000,6E1234,positive,true,true
133,can0,request_send,1980.164277,2E2222CBF982,negative,false,true
133,can0,response_recv,1982.397314,7F2E31,negative,false,true
133,nucleo,request_seen,1978.777000,2E2222CBF982,negative,false,true
133,nucleo,response_seen,1982.856000,7F2E31,negative,false,true
134,can0,request_send,1994.919867,2E1234F8,positive,true,true
134,can0,response_recv,1998.141439,6E1234,positive,true,true
134,nucleo,request_seen,1993.547000,2E1234F8,positive,true,true
134,nucleo,response_seen,1997.634000,6E1234,positive,true,true
135,can0,request_send,2010.797388,2E1234,negative,false,true
135,can0,response_recv,2013.746369,7F2E13,negative,false,true
135,nucleo,request_seen,2009.368000,2E1234,negative,false,true
135,nucleo,response_seen,2013.459000,7F2E13,negative,false,true
136,can0,request_send,2026.285683,2E123423B8,positive,true,true
136,can0,response_recv,2029.311071,6E1234,positive,true,true
136,nucleo,request_seen,2024.831000,2E123423B8,positive,true,true
136,nucleo,response_seen,2028.914000,6E1234,positive,true,true
137,can0,request_send,2041.629267,2E123441FEEC,positive,true,true
137,can0,response_recv,2044.011625,6E1234,positive,true,true
137,nucleo,request_seen,2040.202000,2E123441FEEC,positive,true,true
137,nucleo,response_seen,2044.279000,6E1234,positive,true,true
138,can0,request_send,2056.341276,2E123414,positive,true,true
138,can0,response_recv,2058.580459,6E1234,positive,true,true
138,nucleo,request_seen,2054.880000,2E123414,positive,true,true
138,nucleo,response_seen,2058.970000,6E1234,positive,true,true
139,can0,request_send,2070.884967,2E1234,negative,false,true
139,can0,response_recv,2073.229681,7F2E13,negative,false,true
139,nucleo,request_seen,2069.414000,2E1234,negative,false,true
139,nucleo,response_seen,2073.505000,7F2E13,negative,false,true
140,can0,request_send,2085.514913,2E1234249F,positive,true,true
140,can0,response_recv,2087.882604,6E1234,positive,true,true
140,nucleo,request_seen,2084.055000,2E1234249F,positive,true,true
140,nucleo,response_seen,2088.136000,6E1234,positive,true,true
141,can0,request_send,2100.151353,2E123432B6DE,positive,true,true
141,can0,response_recv,2102.551032,6E1234,positive,true,true
141,nucleo,request_seen,2098.642000,2E123432B6DE,positive,true,true
141,nucleo,response_seen,2102.721000,6E1234,positive,true,true
142,can0,request_send,2114.848136,2E1234B3299B,positive,true,true
142,can0,response_recv,2117.190615,6E1234,positive,true,true
142,nucleo,request_seen,2113.350000,2E1234B3299B,positive,true,true
142,nucleo,response_seen,2117.429000,6E1234,positive,true,true
143,can0,request_send,2129.707091,2E1001FF17B3,negative,false,true
143,can0,response_recv,2132.798688,7F2E31,negative,false,true
143,nucleo,request_seen,2128.221000,2E1001FF17B3,negative,false,true
143,nucleo,response_seen,2132.302000,7F2E31,negative,false,true
144,can0,request_send,2145.095094,2E12341412A5C3,positive,true,true
144,can0,response_recv,2147.453357,6E1234,positive,true,true
144,nucleo,request_seen,2143.567000,2E12341412A5C3,positive,true,true
144,nucleo,response_seen,2147.642000,6E1234,positive,true,true
145,can0,request_send,2159.716868,2E2222CF8F,negative,false,true
145,can0,response_recv,2162.249874,7F2E31,negative,false,true
145,nucleo,request_seen,2158.181000,2E2222CF8F,negative,false,true
145,nucleo,response_seen,2162.261000,7F2E31,negative,false,true
146,can0,request_send,2176.035368,2E1234D1E4,positive,true,true
146,can0,response_recv,2178.761624,6E1234,positive,true,true
146,nucleo,request_seen,2174.511000,2E1234D1E4,positive,true,true
146,nucleo,response_seen,2178.594000,6E1234,positive,true,true
147,can0,request_send,2191.024158,2E1234351211,positive,true,true
147,can0,response_recv,2193.359512,6E1234,positive,true,true
147,nucleo,request_seen,2189.459000,2E1234351211,positive,true,true
147,nucleo,response_seen,2193.537000,6E1234,positive,true,true
148,can0,request_send,2205.588662,2E123488FD7C0F,positive,true,true
148,can0,response_recv,2208.090029,6E1234,positive,true,true
148,nucleo,request_seen,2204.020000,2E123488FD7C0F,positive,true,true
148,nucleo,response_seen,2208.096000,6E1234,positive,true,true
149,can0,request_send,2220.348442,2E12340607,positive,true,true
149,can0,response_recv,2222.668990,6E1234,positive,true,true
149,nucleo,request_seen,2218.776000,2E12340607,positive,true,true
149,nucleo,response_seen,2222.868000,6E1234,positive,true,true
150,can0,request_send,2234.972660,2E1234400F,positive,true,true
150,can0,response_recv,2237.326243,6E1234,positive,true,true
150,nucleo,request_seen,2233.418000,2E1234400F,positive,true,true
150,nucleo,response_seen,2237.506000,6E1234,positive,true,true
151,can0,request_send,2249.602396,2E1234900C,positive,true,true
151,can0,response_recv,2252.029941,6E1234,positive,true,true
151,nucleo,request_seen,2248.005000,2E1234900C,positive,true,true
151,nucleo,response_seen,2252.089000,6E1234,positive,true,true
152,can0,request_send,2264.348208,2E1234DF82CE,positive,true,true
152,can0,response_recv,2266.853417,6E1234,positive,true,true
152,nucleo,request_seen,2262.736000,2E1234DF82CE,positive,true,true
152,nucleo,response_seen,2266.815000,6E1234,positive,true,true
153,can0,request_send,2279.341956,2E123413123369,positive,true,true
153,can0,response_recv,2282.300226,6E1234,positive,true,true
153,nucleo,request_seen,2277.714000,2E123413123369,positive,true,true
153,nucleo,response_seen,2281.789000,6E1234,positive,true,true
154,can0,request_send,2294.822290,2E12343B485B6A,positive,true,true
154,can0,response_recv,2297.854941,6E1234,positive,true,true
154,nucleo,request_seen,2293.231000,2E12343B485B6A,positive,true,true
154,nucleo,response_seen,2297.304000,6E1234,positive,true,true
155,can0,request_send,2310.122502,2E1234A7B8B87F,positive,true,true
155,can0,response_recv,2312.583292,6E1234,positive,true,true
155,nucleo,request_seen,2308.478000,2E1234A7B8B87F,positive,true,true
155,nucleo,response_seen,2312.553000,6E1234,positive,true,true
156,can0,request_send,2324.841146,2E123472AD6B,positive,true,true
156,can0,response_recv,2327.209326,6E1234,positive,true,true
156,nucleo,request_seen,2323.210000,2E123472AD6B,positive,true,true
156,nucleo,response_seen,2327.286000,6E1234,positive,true,true
157,can0,request_send,2339.478215,2E123449,positive,true,true
157,can0,response_recv,2341.820833,6E1234,positive,true,true
157,nucleo,request_seen,2337.837000,2E123449,positive,true,true
157,nucleo,response_seen,2341.924000,6E1234,positive,true,true
158,can0,request_send,2354.133583,2E12342867,positive,true,true
158,can0,response_recv,2356.426753,6E1234,positive,true,true
158,nucleo,request_seen,2352.461000,2E12342867,positive,true,true
158,nucleo,response_seen,2356.544000,6E1234,positive,true,true
159,can0,request_send,2368.718131,2E12349F3D,positive,true,true
159,can0,response_recv,2371.139670,6E1234,positive,true,true
159,nucleo,request_seen,2367.054000,2E12349F3D,positive,true,true
159,nucleo,response_seen,2371.135000,6E1234,positive,true,true
160,can0,request_send,2383.513949,2E12340FAEDC,positive,true,true
160,can0,response_recv,2385.759209,6E1234,positive,true,true
160,nucleo,request_seen,2381.827000,2E12340FAEDC,positive,true,true
160,nucleo,response_seen,2385.910000,6E1234,positive,true,true
161,can0,request_send,2398.133139,2EF18796819DC9,negative,false,true
161,can0,response_recv,2401.624997,7F2E31,negative,false,true
161,nucleo,request_seen,2396.576000,2EF18796819DC9,negative,false,true
161,nucleo,response_seen,2400.651000,7F2E31,negative,false,true
162,can0,request_send,2414.386127,2E22224414,negative,false,true
162,can0,response_recv,2417.080536,7F2E31,negative,false,true
162,nucleo,request_seen,2412.706000,2E22224414,negative,false,true
162,nucleo,response_seen,2416.789000,7F2E31,negative,false,true
163,can0,request_send,2429.645203,2E1234ED49C8,positive,true,true
163,can0,response_recv,2432.607105,6E1234,positive,true,true
163,nucleo,request_seen,2427.952000,2E1234ED49C8,positive,true,true
163,nucleo,response_seen,2432.031000,6E1234,positive,true,true
164,can0,request_send,2445.061632,2E12341FF395,positive,true,true
164,can0,response_recv,2447.270015,6E1234,positive,true,true
164,nucleo,request_seen,2443.373000,2E12341FF395,positive,true,true
164,nucleo,response_seen,2447.451000,6E1234,positive,true,true
165,can0,request_send,2459.739837,2E1234,negative,false,true
165,can0,response_recv,2461.997249,7F2E13,negative,false,true
165,nucleo,request_seen,2458.018000,2E1234,negative,false,true
165,nucleo,response_seen,2462.107000,7F2E13,negative,false,true
166,can0,request_send,2474.305459,2EF18757F2,negative,false,true
166,can0,response_recv,2476.706115,7F2E31,negative,false,true
166,nucleo,request_seen,2472.568000,2EF18757F2,negative,false,true
166,nucleo,response_seen,2476.651000,7F2E31,negative,false,true
167,can0,request_send,2488.976401,2E1234705B6E,positive,true,true
167,can0,response_recv,2491.251622,6E1234,positive,true,true
167,nucleo,request_seen,2487.223000,2E1234705B6E,positive,true,true
167,nucleo,response_seen,2491.300000,6E1234,positive,true,true
168,can0,request_send,2503.543768,2E22229B35,negative,false,true
168,can0,response_recv,2505.878145,7F2E31,negative,false,true
168,nucleo,request_seen,2501.802000,2E22229B35,negative,false,true
168,nucleo,response_seen,2505.885000,7F2E31,negative,false,true
169,can0,request_send,2518.156532,2E123411,positive,true,true
169,can0,response_recv,2520.494681,6E1234,positive,true,true
169,nucleo,request_seen,2516.396000,2E123411,positive,true,true
169,nucleo,response_seen,2520.483000,6E1234,positive,true,true
170,can0,request_send,2532.748903,2EF1873E9D,negative,false,true
170,can0,response_recv,2535.154239,7F2E31,negative,false,true
170,nucleo,request_seen,2530.982000,2EF1873E9D,negative,false,true
170,nucleo,response_seen,2535.063000,7F2E31,negative,false,true
171,can0,request_send,2547.475159,2E1234,negative,false,true
171,can0,response_recv,2549.806952,7F2E13,negative,false,true
171,nucleo,request_seen,2545.715000,2E1234,negative,false,true
171,nucleo,response_seen,2549.806000,7F2E13,negative,false,true
172,can0,request_send,2562.084781,2E1234A7909A3A,positive,true,true
172,can0,response_recv,2564.421742,6E1234,positive,true,true
172,nucleo,request_seen,2560.288000,2E1234A7909A3A,positive,true,true
172,nucleo,response_seen,2564.361000,6E1234,positive,true,true
173,can0,request_send,2576.714237,2E2222E2,negative,false,true
173,can0,response_recv,2579.261490,7F2E31,negative,false,true
173,nucleo,request_seen,2574.914000,2E2222E2,negative,false,true
173,nucleo,response_seen,2579.001000,7F2E31,negative,false,true
174,can0,request_send,2591.571935,2E1001F3,negative,false,true
174,can0,response_recv,2594.982078,7F2E31,negative,false,true
174,nucleo,request_seen,2589.800000,2E1001F3,negative,false,true
174,nucleo,response_seen,2593.891000,7F2E31,negative,false,true
175,can0,request_send,2607.793634,2E123453,positive,true,true
175,can0,response_recv,2610.295630,6E1234,positive,true,true
175,nucleo,request_seen,2605.971000,2E123453,positive,true,true
175,nucleo,response_seen,2610.056000,6E1234,positive,true,true
176,can0,request_send,2622.547059,2E1234B6BABAC6,positive,true,true
176,can0,response_recv,2625.059811,6E1234,positive,true,true
176,nucleo,request_seen,2620.692000,2E1234B6BABAC6,positive,true,true
176,nucleo,response_seen,2624.766000,6E1234,positive,true,true
177,can0,request_send,2637.288680,2E10019582,negative,false,true
177,can0,response_recv,2639.859400,7F2E31,negative,false,true
177,nucleo,request_seen,2635.446000,2E10019582,negative,false,true
177,nucleo,response_seen,2639.533000,7F2E31,negative,false,true
178,can0,request_send,2652.197223,2E1234FA,positive,true,true
178,can0,response_recv,2655.277854,6E1234,positive,true,true
178,nucleo,request_seen,2650.353000,2E1234FA,positive,true,true
178,nucleo,response_seen,2654.440000,6E1234,positive,true,true
179,can0,request_send,2667.572585,2E333363E933EB,negative,false,true
179,can0,response_recv,2669.962416,7F2E31,negative,false,true
179,nucleo,request_seen,2665.699000,2E333363E933EB,negative,false,true
179,nucleo,response_seen,2669.774000,7F2E31,negative,false,true
180,can0,request_send,2682.271323,2E1234,negative,false,true
180,can0,response_recv,2684.772901,7F2E13,negative,false,true
180,nucleo,request_seen,2680.409000,2E1234,negative,false,true
180,nucleo,response_seen,2684.499000,7F2E13,negative,false,true
181,can0,request_send,2697.217091,2E100105E9E2,negative,false,true
181,can0,response_recv,2700.195266,7F2E31,negative,false,true
181,nucleo,request_seen,2695.365000,2E100105E9E2,negative,false,true
181,nucleo,response_seen,2699.453000,7F2E31,negative,false,true
182,can0,request_send,2712.721171,2E1234,negative,false,true
182,can0,response_recv,2715.875904,7F2E13,negative,false,true
182,nucleo,request_seen,2710.869000,2E1234,negative,false,true
182,nucleo,response_seen,2714.963000,7F2E13,negative,false,true
183,can0,request_send,2728.457333,2E1234AE7FDEB6,positive,true,true
183,can0,response_recv,2731.473920,6E1234,positive,true,true
183,nucleo,request_seen,2726.574000,2E1234AE7FDEB6,positive,true,true
183,nucleo,response_seen,2730.649000,6E1234,positive,true,true
184,can0,request_send,2743.980549,2E1234205F5B,positive,true,true
184,can0,response_recv,2747.253873,6E1234,positive,true,true
184,nucleo,request_seen,2742.074000,2E1234205F5B,positive,true,true
184,nucleo,response_seen,2746.151000,6E1234,positive,true,true
185,can0,request_send,2759.526952,2E1234,negative,false,true
185,can0,response_recv,2761.834510,7F2E13,negative,false,true
185,nucleo,request_seen,2757.622000,2E1234,negative,false,true
185,nucleo,response_seen,2761.712000,7F2E13,negative,false,true
186,can0,request_send,2774.135316,2E1234,negative,false,true
186,can0,response_recv,2776.517465,7F2E13,negative,false,true
186,nucleo,request_seen,2772.224000,2E1234,negative,false,true
186,nucleo,response_seen,2776.312000,7F2E13,negative,false,true
187,can0,request_send,2788.814989,2E1234A09E4407,positive,true,true
187,can0,response_recv,2791.095728,6E1234,positive,true,true
187,nucleo,request_seen,2786.928000,2E1234A09E4407,positive,true,true
187,nucleo,response_seen,2791.007000,6E1234,positive,true,true
188,can0,request_send,2803.378515,2E1234,negative,false,true
188,can0,response_recv,2805.711984,7F2E13,negative,false,true
188,nucleo,request_seen,2801.451000,2E1234,negative,false,true
188,nucleo,response_seen,2805.542000,7F2E13,negative,false,true
189,can0,request_send,2818.101000,2E1234CFE35457,positive,true,true
189,can0,response_recv,2821.322013,6E1234,positive,true,true
189,nucleo,request_seen,2816.245000,2E1234CFE35457,positive,true,true
189,nucleo,response_seen,2820.317000,6E1234,positive,true,true
190,can0,request_send,2833.623378,2E12344B,positive,true,true
190,can0,response_recv,2836.117831,6E1234,positive,true,true
190,nucleo,request_seen,2831.672000,2E12344B,positive,true,true
190,nucleo,response_seen,2835.759000,6E1234,positive,true,true
191,can0,request_send,2848.368282,2E123420B5,positive,true,true
191,can0,response_recv,2850.576665,6E1234,positive,true,true
191,nucleo,request_seen,2846.405000,2E123420B5,positive,true,true
191,nucleo,response_seen,2850.487000,6E1234,positive,true,true
192,can0,request_send,2862.853306,2E123430,positive,true,true
192,can0,response_recv,2865.214223,6E1234,positive,true,true
192,nucleo,request_seen,2860.894000,2E123430,positive,true,true
192,nucleo,response_seen,2864.984000,6E1234,positive,true,true
193,can0,request_send,2877.669798,2E1234DD,positive,true,true
193,can0,response_recv,2879.906746,6E1234,positive,true,true
193,nucleo,request_seen,2875.726000,2E1234DD,positive,true,true
193,nucleo,response_seen,2879.813000,6E1234,positive,true,true
194,can0,request_send,2892.478956,2E1234,negative,false,true
194,can0,response_recv,2895.809200,7F2E13,negative,false,true
194,nucleo,request_seen,2890.504000,2E1234,negative,false,true
194,nucleo,response_seen,2894.594000,7F2E13,negative,false,true
195,can0,request_send,2908.185435,2E1234BF,positive,true,true
195,can0,response_recv,2911.332486,6E1234,positive,true,true
195,nucleo,request_seen,2906.199000,2E1234BF,positive,true,true
195,nucleo,response_seen,2910.284000,6E1234,positive,true,true
196,can0,request_send,2923.614645,2E12341337,positive,true,true
196,can0,response_recv,2925.800958,6E1234,positive,true,true
196,nucleo,request_seen,2921.613000,2E12341337,positive,true,true
196,nucleo,response_seen,2925.695000,6E1234,positive,true,true
197,can0,request_send,2938.043447,2E123439B937,positive,true,true
197,can0,response_recv,2940.418681,6E1234,positive,true,true
197,nucleo,request_seen,2936.026000,2E123439B937,positive,true,true
197,nucleo,response_seen,2940.103000,6E1234,positive,true,true
198,can0,request_send,2952.701399,2E12349017,positive,true,true
198,can0,response_recv,2955.064969,6E1234,positive,true,true
198,nucleo,request_seen,2950.693000,2E12349017,positive,true,true
198,nucleo,response_seen,2954.776000,6E1234,positive,true,true
199,can0,request_send,2967.321496,2E12342176,positive,true,true
199,can0,response_recv,2969.702667,6E1234,positive,true,true
199,nucleo,request_seen,2965.275000,2E12342176,positive,true,true
199,nucleo,response_seen,2969.356000,6E1234,positive,true,true
200,can0,request_send,2981.926229,2E1234E3452369,positive,true,true
200,can0,response_recv,2984.377171,6E1234,positive,true,true
200,nucleo,request_seen,2979.875000,2E1234E3452369,positive,true,true
200,nucleo,response_seen,2983.950000,6E1234,positive,true,true
201,can0,request_send,2996.657723,2E1234B1BA63,positive,true,true
201,can0,response_recv,2999.102170,6E1234,positive,true,true
201,nucleo,request_seen,2994.588000,2E1234B1BA63,positive,true,true
201,nucleo,response_seen,2998.667000,6E1234,positive,true,true
202,can0,request_send,3011.725574,2E123452,positive,true,true
202,can0,response_recv,3014.636421,6E1234,positive,true,true
202,nucleo,request_seen,3009.661000,2E123452,positive,true,true
202,nucleo,response_seen,3013.748000,6E1234,positive,true,true
203,can0,request_send,3027.000224,2E123457,positive,true,true
203,can0,response_recv,3029.567802,6E1234,positive,true,true
203,nucleo,request_seen,3024.928000,2E123457,positive,true,true
203,nucleo,response_seen,3029.015000,6E1234,positive,true,true
204,can0,request_send,3042.283326,2E1234E3D3,positive,true,true
204,can0,response_recv,3044.990865,6E1234,positive,true,true
204,nucleo,request_seen,3040.182000,2E1234E3D3,positive,true,true
204,nucleo,response_seen,3044.263000,6E1234,positive,true,true
205,can0,request_send,3057.500916,2E123483B61093,positive,true,true
205,can0,response_recv,3060.859446,6E1234,positive,true,true
205,nucleo,request_seen,3055.402000,2E123483B61093,positive,true,true
205,nucleo,response_seen,3059.476000,6E1234,positive,true,true
206,can0,request_send,3073.132107,2E1234AA,positive,true,true
206,can0,response_recv,3076.201284,6E1234,positive,true,true
206,nucleo,request_seen,3071.020000,2E1234AA,positive,true,true
206,nucleo,response_seen,3075.103000,6E1234,positive,true,true
207,can0,request_send,3088.444332,2E1234,negative,false,true
207,can0,response_recv,3090.877395,7F2E13,negative,false,true
207,nucleo,request_seen,3086.321000,2E1234,negative,false,true
207,nucleo,response_seen,3090.412000,7F2E13,negative,false,true
208,can0,request_send,3103.199503,2E1234017E2F4B,positive,true,true
208,can0,response_recv,3105.472070,6E1234,positive,true,true
208,nucleo,request_seen,3101.063000,2E1234017E2F4B,positive,true,true
208,nucleo,response_seen,3105.140000,6E1234,positive,true,true
209,can0,request_send,3117.709251,2E12345C,positive,true,true
209,can0,response_recv,3120.118219,6E1234,positive,true,true
209,nucleo,request_seen,3115.562000,2E12345C,positive,true,true
209,nucleo,response_seen,3119.649000,6E1234,positive,true,true
210,can0,request_send,3132.364479,2E123445BA,positive,true,true
210,can0,response_recv,3134.758710,6E1234,positive,true,true
210,nucleo,request_seen,3130.194000,2E123445BA,positive,true,true
210,nucleo,response_seen,3134.275000,6E1234,positive,true,true
211,can0,request_send,3147.027808,2E12343464D997,positive,true,true
211,can0,response_recv,3149.434331,6E1234,positive,true,true
211,nucleo,request_seen,3144.831000,2E12343464D997,positive,true,true
211,nucleo,response_seen,3148.906000,6E1234,positive,true,true
212,can0,request_send,3162.056547,2E33330A,negative,false,true
212,can0,response_recv,3165.103795,7F2E31,negative,false,true
212,nucleo,request_seen,3159.905000,2E33330A,negative,false,true
212,nucleo,response_seen,3163.996000,7F2E31,negative,false,true
213,can0,request_send,3177.575503,2E12343B414F,positive,true,true
213,can0,response_recv,3180.694757,6E1234,positive,true,true
213,nucleo,request_seen,3175.377000,2E12343B414F,positive,true,true
213,nucleo,response_seen,3179.455000,6E1234,positive,true,true
214,can0,request_send,3193.010510,2E12346BD9,positive,true,true
214,can0,response_recv,3195.501191,6E1234,positive,true,true
214,nucleo,request_seen,3190.799000,2E12346BD9,positive,true,true
214,nucleo,response_seen,3194.882000,6E1234,positive,true,true
215,can0,request_send,3207.731807,2E1234B986946D,positive,true,true
215,can0,response_recv,3210.012756,6E1234,positive,true,true
215,nucleo,request_seen,3205.495000,2E1234B986946D,positive,true,true
215,nucleo,response_seen,3209.569000,6E1234,positive,true,true
216,can0,request_send,3222.376698,2E12340D1D97,positive,true,true
216,can0,response_recv,3224.604009,6E1234,positive,true,true
216,nucleo,request_seen,3220.136000,2E12340D1D97,positive,true,true
216,nucleo,response_seen,3224.217000,6E1234,positive,true,true
217,can0,request_send,3236.901952,2E222264DDA3,negative,false,true
217,can0,response_recv,3239.299954,7F2E31,negative,false,true
217,nucleo,request_seen,3234.684000,2E222264DDA3,negative,false,true
217,nucleo,response_seen,3238.762000,7F2E31,negative,false,true
218,can0,request_send,3251.560252,2E10011165,negative,false,true
218,can0,response_recv,3253.901893,7F2E31,negative,false,true
218,nucleo,request_seen,3249.295000,2E10011165,negative,false,true
218,nucleo,response_seen,3253.383000,7F2E31,negative,false,true
219,can0,request_send,3266.153182,2E33334B,negative,false,true
219,can0,response_recv,3268.609571,7F2E31,negative,false,true
219,nucleo,request_seen,3263.891000,2E33334B,negative,false,true
219,nucleo,response_seen,3267.981000,7F2E31,negative,false,true
220,can0,request_send,3281.047756,2E12341C8862,positive,true,true
220,can0,response_recv,3284.170083,6E1234,positive,true,true
220,nucleo,request_seen,3278.790000,2E12341C8862,positive,true,true
220,nucleo,response_seen,3282.869000,6E1234,positive,true,true
221,can0,request_send,3296.395530,2EF18777,negative,false,true
221,can0,response_recv,3298.786130,7F2E31,negative,false,true
221,nucleo,request_seen,3294.103000,2EF18777,negative,false,true
221,nucleo,response_seen,3298.188000,7F2E31,negative,false,true
222,can0,request_send,3311.426644,2E123410E1A816,positive,true,true
222,can0,response_recv,3314.438203,6E1234,positive,true,true
222,nucleo,request_seen,3309.164000,2E123410E1A816,positive,true,true
222,nucleo,response_seen,3313.236000,6E1234,positive,true,true
223,can0,request_send,3326.921784,2E1234CC1901,positive,true,true
223,can0,response_recv,3330.111159,6E1234,positive,true,true
223,nucleo,request_seen,3324.651000,2E1234CC1901,positive,true,true
223,nucleo,response_seen,3328.734000,6E1234,positive,true,true
224,can0,request_send,3342.378651,2E12342F,positive,true,true
224,can0,response_recv,3344.726437,6E1234,positive,true,true
224,nucleo,request_seen,3340.074000,2E12342F,positive,true,true
224,nucleo,response_seen,3344.159000,6E1234,positive,true,true
225,can0,request_send,3356.999377,2E1234C502,positive,true,true
225,can0,response_recv,3359.358338,6E1234,positive,true,true
225,nucleo,request_seen,3354.682000,2E1234C502,positive,true,true
225,nucleo,response_seen,3358.769000,6E1234,positive,true,true
226,can0,request_send,3371.591538,2E33336DA444AF,negative,false,true
226,can0,response_recv,3374.258290,7F2E31,negative,false,true
226,nucleo,request_seen,3369.252000,2E33336DA444AF,negative,false,true
226,nucleo,response_seen,3373.325000,7F2E31,negative,false,true
227,can0,request_send,3386.545896,2E1234A717,positive,true,true
227,can0,response_recv,3389.819220,6E1234,positive,true,true
227,nucleo,request_seen,3384.217000,2E1234A717,positive,true,true
227,nucleo,response_seen,3388.298000,6E1234,positive,true,true
228,can0,request_send,3402.029023,2E1234EC,positive,true,true
228,can0,response_recv,3404.351318,6E1234,positive,true,true
228,nucleo,request_seen,3399.687000,2E1234EC,positive,true,true
228,nucleo,response_seen,3403.773000,6E1234,positive,true,true
229,can0,request_send,3416.594086,2EF1871AE63E,negative,false,true
229,can0,response_recv,3418.994253,7F2E31,negative,false,true
229,nucleo,request_seen,3414.239000,2EF1871AE63E,negative,false,true
229,nucleo,response_seen,3418.316000,7F2E31,negative,false,true
230,can0,request_send,3431.316152,2E2222F2,negative,false,true
230,can0,response_recv,3433.656954,7F2E31,negative,false,true
230,nucleo,request_seen,3428.962000,2E2222F2,negative,false,true
230,nucleo,response_seen,3433.046000,7F2E31,negative,false,true
231,can0,request_send,3445.930522,2EF187AD26CE,negative,false,true
231,can0,response_recv,3448.404791,7F2E31,negative,false,true
231,nucleo,request_seen,3443.592000,2EF187AD26CE,negative,false,true
231,nucleo,response_seen,3447.671000,7F2E31,negative,false,true
232,can0,request_send,3461.027217,2E1234BA94AC54,positive,true,true
232,can0,response_recv,3463.888687,6E1234,positive,true,true
232,nucleo,request_seen,3458.631000,2E1234BA94AC54,positive,true,true
232,nucleo,response_seen,3462.706000,6E1234,positive,true,true
233,can0,request_send,3476.183207,2E1234522780,positive,true,true
233,can0,response_recv,3478.556207,6E1234,positive,true,true
233,nucleo,request_seen,3473.785000,2E1234522780,positive,true,true
233,nucleo,response_seen,3477.864000,6E1234,positive,true,true
234,can0,request_send,3490.804213,2E1234D5BF2D,positive,true,true
234,can0,response_recv,3493.212831,6E1234,positive,true,true
234,nucleo,request_seen,3488.397000,2E1234D5BF2D,positive,true,true
234,nucleo,response_seen,3492.476000,6E1234,positive,true,true
235,can0,request_send,3505.503231,2E3333752D,negative,false,true
235,can0,response_recv,3507.820427,7F2E31,negative,false,true
235,nucleo,request_seen,3503.088000,2E3333752D,negative,false,true
235,nucleo,response_seen,3507.169000,7F2E31,negative,false,true
236,can0,request_send,3520.105589,2E1234AFB9,positive,true,true
236,can0,response_recv,3522.902525,6E1234,positive,true,true
236,nucleo,request_seen,3517.692000,2E1234AFB9,positive,true,true
236,nucleo,response_seen,3521.775000,6E1234,positive,true,true
237,can0,request_send,3535.230081,2E1234D17912,positive,true,true
237,can0,response_recv,3538.158179,6E1234,positive,true,true
237,nucleo,request_seen,3532.803000,2E1234D17912,positive,true,true
237,nucleo,response_seen,3536.882000,6E1234,positive,true,true
238,can0,request_send,3550.692884,2E1234C7FB,positive,true,true
238,can0,response_recv,3553.761294,6E1234,positive,true,true
238,nucleo,request_seen,3548.245000,2E1234C7FB,positive,true,true
238,nucleo,response_seen,3552.325000,6E1234,positive,true,true
239,can0,request_send,3566.040240,2E1234A493267F,positive,true,true
239,can0,response_recv,3568.402344,6E1234,positive,true,true
239,nucleo,request_seen,3563.562000,2E1234A493267F,positive,true,true
239,nucleo,response_seen,3567.637000,6E1234,positive,true,true
240,can0,request_send,3580.643017,2E1234AC74CAA4,positive,true,true
240,can0,response_recv,3583.112816,6E1234,positive,true,true
240,nucleo,request_seen,3578.160000,2E1234AC74CAA4,positive,true,true
240,nucleo,response_seen,3582.232000,6E1234,positive,true,true
241,can0,request_send,3595.396022,2E100162,negative,false,true
241,can0,response_recv,3597.676621,7F2E31,negative,false,true
241,nucleo,request_seen,3592.930000,2E100162,negative,false,true
241,nucleo,response_seen,3597.020000,7F2E31,negative,false,true
242,can0,request_send,3609.971980,2E1234,negative,false,true
242,can0,response_recv,3612.330243,7F2E13,negative,false,true
242,nucleo,request_seen,3607.487000,2E1234,negative,false,true
242,nucleo,response_seen,3611.578000,7F2E13,negative,false,true
243,can0,request_send,3624.574408,2E1234A104,positive,true,true
243,can0,response_recv,3627.147153,6E1234,positive,true,true
243,nucleo,request_seen,3622.072000,2E1234A104,positive,true,true
243,nucleo,response_seen,3626.156000,6E1234,positive,true,true
244,can0,request_send,3642.037048,2E1234,negative,false,true
244,can0,response_recv,3644.591705,7F2E13,negative,false,true
244,nucleo,request_seen,3639.544000,2E1234,negative,false,true
244,nucleo,response_seen,3643.635000,7F2E13,negative,false,true
245,can0,request_send,3656.874073,2E12344559C774,positive,true,true
245,can0,response_recv,3659.181351,6E1234,positive,true,true
245,nucleo,request_seen,3654.343000,2E12344559C774,positive,true,true
245,nucleo,response_seen,3658.418000,6E1234,positive,true,true
246,can0,request_send,3671.412386,2E12349C3E0841,positive,true,true
246,can0,response_recv,3673.849151,6E1234,positive,true,true
246,nucleo,request_seen,3668.881000,2E12349C3E0841,positive,true,true
246,nucleo,response_seen,3672.963000,6E1234,positive,true,true
247,can0,request_send,3686.188300,2E1234EBEE077A,positive,true,true
247,can0,response_recv,3688.504448,6E1234,positive,true,true
247,nucleo,request_seen,3683.677000,2E1234EBEE077A,positive,true,true
247,nucleo,response_seen,3687.756000,6E1234,positive,true,true
248,can0,request_send,3700.745680,2E123413DB,positive,true,true
248,can0,response_recv,3703.211149,6E1234,positive,true,true
248,nucleo,request_seen,3698.200000,2E123413DB,positive,true,true
248,nucleo,response_seen,3702.280000,6E1234,positive,true,true
249,can0,request_send,3715.475778,2E1234CB,positive,true,true
249,can0,response_recv,3717.775653,6E1234,positive,true,true
249,nucleo,request_seen,3712.933000,2E1234CB,positive,true,true
249,nucleo,response_seen,3717.020000,6E1234,positive,true,true
250,can0,request_send,3730.215444,2E1234E75B,positive,true,true
250,can0,response_recv,3732.450506,6E1234,positive,true,true
250,nucleo,request_seen,3727.667000,2E1234E75B,positive,true,true
250,nucleo,response_seen,3731.749000,6E1234,positive,true,true
251,can0,request_send,3744.741116,2EF1874781E3E1,negative,false,true
251,can0,response_recv,3747.119632,7F2E31,negative,false,true
251,nucleo,request_seen,3742.170000,2EF1874781E3E1,negative,false,true
251,nucleo,response_seen,3746.243000,7F2E31,negative,false,true
252,can0,request_send,3759.403467,2E123481,positive,true,true
252,can0,response_recv,3761.786803,6E1234,positive,true,true
252,nucleo,request_seen,3756.833000,2E123481,positive,true,true
252,nucleo,response_seen,3760.920000,6E1234,positive,true,true
253,can0,request_send,3774.117851,2E12345BF4,positive,true,true
253,can0,response_recv,3776.439237,6E1234,positive,true,true
253,nucleo,request_seen,3771.530000,2E12345BF4,positive,true,true
253,nucleo,response_seen,3775.613000,6E1234,positive,true,true
254,can0,request_send,3788.682843,2E12341CC8,positive,true,true
254,can0,response_recv,3791.073443,6E1234,positive,true,true
254,nucleo,request_seen,3786.090000,2E12341CC8,positive,true,true
254,nucleo,response_seen,3790.170000,6E1234,positive,true,true
255,can0,request_send,3803.368592,2E1234CF9ED523,positive,true,true
255,can0,response_recv,3805.654569,6E1234,positive,true,true
255,nucleo,request_seen,3800.772000,2E1234CF9ED523,positive,true,true
255,nucleo,response_seen,3804.847000,6E1234,positive,true,true
256,can0,request_send,3817.927997,2E1234600043AE,positive,true,true
256,can0,response_recv,3820.332844,6E1234,positive,true,true
256,nucleo,request_seen,3815.319000,2E1234600043AE,positive,true,true
256,nucleo,response_seen,3819.397000,6E1234,positive,true,true
257,can0,request_send,3832.729054,2E123497ADEDDE,positive,true,true
257,can0,response_recv,3834.982345,6E1234,positive,true,true
257,nucleo,request_seen,3830.094000,2E123497ADEDDE,positive,true,true
257,nucleo,response_seen,3834.166000,6E1234,positive,true,true
258,can0,request_send,3847.298656,2E1234EF,positive,true,true
258,can0,response_recv,3849.615573,6E1234,positive,true,true
258,nucleo,request_seen,3844.678000,2E1234EF,positive,true,true
258,nucleo,response_seen,3848.765000,6E1234,positive,true,true
259,can0,request_send,3861.909325,2E12346AB4,positive,true,true
259,can0,response_recv,3864.777919,6E1234,positive,true,true
259,nucleo,request_seen,3859.310000,2E12346AB4,positive,true,true
259,nucleo,response_seen,3863.392000,6E1234,positive,true,true
260,can0,request_send,3878.103716,2E12347856,positive,true,true
260,can0,response_recv,3880.874602,6E1234,positive,true,true
260,nucleo,request_seen,3875.481000,2E12347856,positive,true,true
260,nucleo,response_seen,3879.564000,6E1234,positive,true,true
261,can0,request_send,3893.429281,2EF187FD81ECF9,negative,false,true
261,can0,response_recv,3896.581501,7F2E31,negative,false,true
261,nucleo,request_seen,3890.772000,2EF187FD81ECF9,negative,false,true
261,nucleo,response_seen,3894.847000,7F2E31,negative,false,true
262,can0,request_send,3908.839005,2E12349E8EDC,positive,true,true
262,can0,response_recv,3911.212424,6E1234,positive,true,true
262,nucleo,request_seen,3906.193000,2E12349E8EDC,positive,true,true
262,nucleo,response_seen,3910.270000,6E1234,positive,true,true
263,can0,request_send,3923.458335,2E1234FD,positive,true,true
263,can0,response_recv,3925.797461,6E1234,positive,true,true
263,nucleo,request_seen,3920.787000,2E1234FD,positive,true,true
263,nucleo,response_seen,3924.874000,6E1234,positive,true,true
264,can0,request_send,3938.040299,2E12340C1DAB7B,positive,true,true
264,can0,response_recv,3940.400657,6E1234,positive,true,true
264,nucleo,request_seen,3935.346000,2E12340C1DAB7B,positive,true,true
264,nucleo,response_seen,3939.425000,6E1234,positive,true,true
265,can0,request_send,3952.672130,2E1234D5,positive,true,true
265,can0,response_recv,3955.107148,6E1234,positive,true,true
265,nucleo,request_seen,3949.998000,2E1234D5,positive,true,true
265,nucleo,response_seen,3954.083000,6E1234,positive,true,true
266,can0,request_send,3967.336996,2E12341932,positive,true,true
266,can0,response_recv,3969.845208,6E1234,positive,true,true
266,nucleo,request_seen,3964.617000,2E12341932,positive,true,true
266,nucleo,response_seen,3968.700000,6E1234,positive,true,true
267,can0,request_send,3982.156700,2E12347BF6FD,positive,true,true
267,can0,response_recv,3984.359845,6E1234,positive,true,true
267,nucleo,request_seen,3979.430000,2E12347BF6FD,positive,true,true
267,nucleo,response_seen,3983.509000,6E1234,positive,true,true
268,can0,request_send,3996.873947,2E123414,positive,true,true
268,can0,response_recv,4000.101106,6E1234,positive,true,true
268,nucleo,request_seen,3994.177000,2E123414,positive,true,true
268,nucleo,response_seen,3998.262000,6E1234,positive,true,true
269,can0,request_send,4012.628407,2E12343D,positive,true,true
269,can0,response_recv,4015.634449,6E1234,positive,true,true
269,nucleo,request_seen,4009.896000,2E12343D,positive,true,true
269,nucleo,response_seen,4013.985000,6E1234,positive,true,true
270,can0,request_send,4028.239065,2E1001E78261,negative,false,true
270,can0,response_recv,4031.275906,7F2E31,negative,false,true
270,nucleo,request_seen,4025.524000,2E1001E78261,negative,false,true
270,nucleo,response_seen,4029.607000,7F2E31,negative,false,true
271,can0,request_send,4043.576992,2E123457,positive,true,true
271,can0,response_recv,4045.915000,6E1234,positive,true,true
271,nucleo,request_seen,4040.815000,2E123457,positive,true,true
271,nucleo,response_seen,4044.902000,6E1234,positive,true,true
272,can0,request_send,4058.172505,2E12349CC231,positive,true,true
272,can0,response_recv,4060.892476,6E1234,positive,true,true
272,nucleo,request_seen,4055.400000,2E12349CC231,positive,true,true
272,nucleo,response_seen,4059.479000,6E1234,positive,true,true
273,can0,request_send,4073.173657,2E1234,negative,false,true
273,can0,response_recv,4076.174670,7F2E13,negative,false,true
273,nucleo,request_seen,4070.411000,2E1234,negative,false,true
273,nucleo,response_seen,4074.502000,7F2E13,negative,false,true
274,can0,request_send,4088.508860,2E12349761,positive,true,true
274,can0,response_recv,4090.812507,6E1234,positive,true,true
274,nucleo,request_seen,4085.721000,2E12349761,positive,true,true
274,nucleo,response_seen,4089.804000,6E1234,positive,true,true
275,can0,request_send,4103.027269,2E1234AE7751B8,positive,true,true
275,can0,response_recv,4105.519836,6E1234,positive,true,true
275,nucleo,request_seen,4100.230000,2E1234AE7751B8,positive,true,true
275,nucleo,response_seen,4104.303000,6E1234,positive,true,true
276,can0,request_send,4117.802693,2E1234B6B8,positive,true,true
276,can0,response_recv,4120.340029,6E1234,positive,true,true
276,nucleo,request_seen,4114.988000,2E1234B6B8,positive,true,true
276,nucleo,response_seen,4119.068000,6E1234,positive,true,true
277,can0,request_send,4132.668633,2E123431227E18,positive,true,true
277,can0,response_recv,4135.769379,6E1234,positive,true,true
277,nucleo,request_seen,4129.850000,2E123431227E18,positive,true,true
277,nucleo,response_seen,4133.924000,6E1234,positive,true,true
278,can0,request_send,4148.346198,2E1234DE897A,positive,true,true
278,can0,response_recv,4151.721630,6E1234,positive,true,true
278,nucleo,request_seen,4145.691000,2E1234DE897A,positive,true,true
278,nucleo,response_seen,4149.770000,6E1234,positive,true,true
279,can0,request_send,4164.443580,2E12349EFA,positive,true,true
279,can0,response_recv,4167.176890,6E1234,positive,true,true
279,nucleo,request_seen,4161.605000,2E12349EFA,positive,true,true
279,nucleo,response_seen,4165.688000,6E1234,positive,true,true
280,can0,request_send,4179.688129,2E1234B9,positive,true,true
280,can0,response_recv,4182.625097,6E1234,positive,true,true
280,nucleo,request_seen,4176.868000,2E1234B9,positive,true,true
280,nucleo,response_seen,4180.957000,6E1234,positive,true,true
281,can0,request_send,4195.090449,2E1234A6FF6B,positive,true,true
281,can0,response_recv,4197.311334,6E1234,positive,true,true
281,nucleo,request_seen,4192.225000,2E1234A6FF6B,positive,true,true
281,nucleo,response_seen,4196.302000,6E1234,positive,true,true
282,can0,request_send,4209.788629,2EF1874804,negative,false,true
282,can0,response_recv,4212.977655,7F2E31,negative,false,true
282,nucleo,request_seen,4206.923000,2EF1874804,negative,false,true
282,nucleo,response_seen,4211.010000,7F2E31,negative,false,true
283,can0,request_send,4225.308353,2E12347EE94603,positive,true,true
283,can0,response_recv,4227.611442,6E1234,positive,true,true
283,nucleo,request_seen,4222.441000,2E12347EE94603,positive,true,true
283,nucleo,response_seen,4226.520000,6E1234,positive,true,true
284,can0,request_send,4240.111994,2E1234E9,positive,true,true
284,can0,response_recv,4243.204150,6E1234,positive,true,true
284,nucleo,request_seen,4237.250000,2E1234E9,positive,true,true
284,nucleo,response_seen,4241.335000,6E1234,positive,true,true
285,can0,request_send,4255.539667,2E1234E785FA,positive,true,true
285,can0,response_recv,4257.801688,6E1234,positive,true,true
285,nucleo,request_seen,4252.662000,2E1234E785FA,positive,true,true
285,nucleo,response_seen,4256.741000,6E1234,positive,true,true
286,can0,request_send,4270.053815,2E12344078,positive,true,true
286,can0,response_recv,4272.476821,6E1234,positive,true,true
286,nucleo,request_seen,4267.173000,2E12344078,positive,true,true
286,nucleo,response_seen,4271.254000,6E1234,positive,true,true
287,can0,request_send,4284.747665,2E1234BC233C,positive,true,true
287,can0,response_recv,4287.162500,6E1234,positive,true,true
287,nucleo,request_seen,4281.822000,2E1234BC233C,positive,true,true
287,nucleo,response_seen,4285.901000,6E1234,positive,true,true
288,can0,request_send,4299.475389,2E1234ADAF,positive,true,true
288,can0,response_recv,4301.758362,6E1234,positive,true,true
288,nucleo,request_seen,4296.551000,2E1234ADAF,positive,true,true
288,nucleo,response_seen,4300.634000,6E1234,positive,true,true
289,can0,request_send,4314.025924,2E1234EF,positive,true,true
289,can0,response_recv,4316.465273,6E1234,positive,true,true
289,nucleo,request_seen,4311.083000,2E1234EF,positive,true,true
289,nucleo,response_seen,4315.168000,6E1234,positive,true,true
290,can0,request_send,4328.739749,2E1234D51402D8,positive,true,true
290,can0,response_recv,4331.053104,6E1234,positive,true,true
290,nucleo,request_seen,4325.775000,2E1234D51402D8,positive,true,true
290,nucleo,response_seen,4329.854000,6E1234,positive,true,true
291,can0,request_send,4343.322831,2E1234AF65E897,positive,true,true
291,can0,response_recv,4345.755404,6E1234,positive,true,true
291,nucleo,request_seen,4340.354000,2E1234AF65E897,positive,true,true
291,nucleo,response_seen,4344.429000,6E1234,positive,true,true
292,can0,request_send,4358.046293,2E12345502,positive,true,true
292,can0,response_recv,4360.388772,6E1234,positive,true,true
292,nucleo,request_seen,4355.092000,2E12345502,positive,true,true
292,nucleo,response_seen,4359.177000,6E1234,positive,true,true
293,can0,request_send,4372.677705,2E12348C58,positive,true,true
293,can0,response_recv,4375.079339,6E1234,positive,true,true
293,nucleo,request_seen,4369.689000,2E12348C58,positive,true,true
293,nucleo,response_seen,4373.771000,6E1234,positive,true,true
294,can0,request_send,4387.328533,2E2222993B32,negative,false,true
294,can0,response_recv,4389.645729,7F2E31,negative,false,true
294,nucleo,request_seen,4384.333000,2E2222993B32,negative,false,true
294,nucleo,response_seen,4388.412000,7F2E31,negative,false,true
295,can0,request_send,4401.938504,2E12347F00,positive,true,true
295,can0,response_recv,4404.303331,6E1234,positive,true,true
295,nucleo,request_seen,4398.973000,2E12347F00,positive,true,true
295,nucleo,response_seen,4403.058000,6E1234,positive,true,true
296,can0,request_send,4416.548125,2E1234427557,positive,true,true
296,can0,response_recv,4418.999556,6E1234,positive,true,true
296,nucleo,request_seen,4413.524000,2E1234427557,positive,true,true
296,nucleo,response_seen,4417.603000,6E1234,positive,true,true
297,can0,request_send,4431.280108,2E123436,positive,true,true
297,can0,response_recv,4433.611901,6E1234,positive,true,true
297,nucleo,request_seen,4428.295000,2E123436,positive,true,true
297,nucleo,response_seen,4432.381000,6E1234,positive,true,true
298,can0,request_send,4445.898390,2EF187156D,negative,false,true
298,can0,response_recv,4448.302399,7F2E31,negative,false,true
298,nucleo,request_seen,4442.867000,2EF187156D,negative,false,true
298,nucleo,response_seen,4446.950000,7F2E31,negative,false,true
299,can0,request_send,4460.609561,2E1234D8A782BB,positive,true,true
299,can0,response_recv,4462.869557,6E1234,positive,true,true
299,nucleo,request_seen,4457.549000,2E1234D8A782BB,positive,true,true
299,nucleo,response_seen,4461.623000,6E1234,positive,true,true
300,can0,request_send,4475.127341,2E12349A,positive,true,true
300,can0,response_recv,4477.536588,6E1234,positive,true,true
300,nucleo,request_seen,4472.078000,2E12349A,positive,true,true
300,nucleo,response_seen,4476.162000,6E1234,positive,true,true
301,can0,request_send,4489.850315,2E123468FD5C,positive,true,true
301,can0,response_recv,4492.185111,6E1234,positive,true,true
301,nucleo,request_seen,4486.798000,2E123468FD5C,positive,true,true
301,nucleo,response_seen,4490.876000,6E1234,positive,true,true
302,can0,request_send,4504.456025,2E12348D8F,positive,true,true
302,can0,response_recv,4506.824694,6E1234,positive,true,true
302,nucleo,request_seen,4501.377000,2E12348D8F,positive,true,true
302,nucleo,response_seen,4505.459000,6E1234,positive,true,true
303,can0,request_send,4519.124104,2E123443B7779E,positive,true,true
303,can0,response_recv,4521.805243,6E1234,positive,true,true
303,nucleo,request_seen,4516.021000,2E123443B7779E,positive,true,true
303,nucleo,response_seen,4520.094000,6E1234,positive,true,true
304,can0,request_send,4534.084887,2E12340CF87C,positive,true,true
304,can0,response_recv,4537.145195,6E1234,positive,true,true
304,nucleo,request_seen,4530.997000,2E12340CF87C,positive,true,true
304,nucleo,response_seen,4535.078000,6E1234,positive,true,true
305,can0,request_send,4549.718034,2E123416F1,positive,true,true
305,can0,response_recv,4552.967193,6E1234,positive,true,true
305,nucleo,request_seen,4546.796000,2E123416F1,positive,true,true
305,nucleo,response_seen,4550.878000,6E1234,positive,true,true
306,can0,request_send,4565.774349,2E12345F3FD4,positive,true,true
306,can0,response_recv,4568.398288,6E1234,positive,true,true
306,nucleo,request_seen,4562.647000,2E12345F3FD4,positive,true,true
306,nucleo,response_seen,4566.726000,6E1234,positive,true,true
307,can0,request_send,4581.057450,2E123439,positive,true,true
307,can0,response_recv,4584.065377,6E1234,positive,true,true
307,nucleo,request_seen,4577.929000,2E123439,positive,true,true
307,nucleo,response_seen,4582.016000,6E1234,positive,true,true
308,can0,request_send,4596.507821,2E1234B49A,positive,true,true
308,can0,response_recv,4599.636364,6E1234,positive,true,true
308,nucleo,request_seen,4593.363000,2E1234B49A,positive,true,true
308,nucleo,response_seen,4597.446000,6E1234,positive,true,true
309,can0,request_send,4611.885907,2E33336E,negative,false,true
309,can0,response_recv,4614.257091,7F2E31,negative,false,true
309,nucleo,request_seen,4608.733000,2E33336E,negative,false,true
309,nucleo,response_seen,4612.819000,7F2E31,negative,false,true
310,can0,request_send,4626.709383,2E1234BC7FDD,positive,true,true
310,can0,response_recv,4629.839811,6E1234,positive,true,true
310,nucleo,request_seen,4623.701000,2E1234BC7FDD,positive,true,true
310,nucleo,response_seen,4627.780000,6E1234,positive,true,true
311,can0,request_send,4642.155494,2E1234CC0C85,positive,true,true
311,can0,response_recv,4644.490360,6E1234,positive,true,true
311,nucleo,request_seen,4639.064000,2E1234CC0C85,positive,true,true
311,nucleo,response_seen,4643.145000,6E1234,positive,true,true
312,can0,request_send,4656.699464,2E12345D,positive,true,true
312,can0,response_recv,4659.313905,6E1234,positive,true,true
312,nucleo,request_seen,4653.522000,2E12345D,positive,true,true
312,nucleo,response_seen,4657.609000,6E1234,positive,true,true
313,can0,request_send,4672.198445,2E12349076E296,positive,true,true
313,can0,response_recv,4674.812747,6E1234,positive,true,true
313,nucleo,request_seen,4668.972000,2E12349076E296,positive,true,true
313,nucleo,response_seen,4673.044000,6E1234,positive,true,true
314,can0,request_send,4687.046924,2E123442565B4F,positive,true,true
314,can0,response_recv,4689.434031,6E1234,positive,true,true
314,nucleo,request_seen,4683.831000,2E123442565B4F,positive,true,true
314,nucleo,response_seen,4687.906000,6E1234,positive,true,true
315,can0,request_send,4704.318688,2E1234454541E0,positive,true,true
315,can0,response_recv,4707.297351,6E1234,positive,true,true
315,nucleo,request_seen,4701.090000,2E1234454541E0,positive,true,true
315,nucleo,response_seen,4705.162000,6E1234,positive,true,true
316,can0,request_send,4719.546405,2E123445,positive,true,true
316,can0,response_recv,4722.683888,6E1234,positive,true,true
316,nucleo,request_seen,4716.318000,2E123445,positive,true,true
316,nucleo,response_seen,4720.405000,6E1234,positive,true,true
317,can0,request_send,4734.991678,2E1234,negative,false,true
317,can0,response_recv,4737.406862,7F2E13,negative,false,true
317,nucleo,request_seen,4731.759000,2E1234,negative,false,true
317,nucleo,response_seen,4735.850000,7F2E13,negative,false,true
318,can0,request_send,4749.875218,2E22229968,negative,false,true
318,can0,response_recv,4753.251208,7F2E31,negative,false,true
318,nucleo,request_seen,4746.800000,2E22229968,negative,false,true
318,nucleo,response_seen,4750.883000,7F2E31,negative,false,true
319,can0,request_send,4765.976161,2E1001440442,negative,false,true
319,can0,response_recv,4768.619446,7F2E31,negative,false,true
319,nucleo,request_seen,4762.724000,2E1001440442,negative,false,true
319,nucleo,response_seen,4766.811000,7F2E31,negative,false,true
320,can0,request_send,4780.915154,2E1001D6A5,negative,false,true
320,can0,response_recv,4783.204973,7F2E31,negative,false,true
320,nucleo,request_seen,4777.671000,2E1001D6A5,negative,false,true
320,nucleo,response_seen,4781.758000,7F2E31,negative,false,true
321,can0,request_send,4795.794922,2E1234,negative,false,true
321,can0,response_recv,4798.836093,7F2E13,negative,false,true
321,nucleo,request_seen,4792.685000,2E1234,negative,false,true
321,nucleo,response_seen,4796.776000,7F2E13,negative,false,true
322,can0,request_send,4811.032208,2E1234BD8C,positive,true,true
322,can0,response_recv,4813.698750,6E1234,positive,true,true
322,nucleo,request_seen,4807.749000,2E1234BD8C,positive,true,true
322,nucleo,response_seen,4811.831000,6E1234,positive,true,true
323,can0,request_send,4826.137214,2EF1870264,negative,false,true
323,can0,response_recv,4829.107217,7F2E31,negative,false,true
323,nucleo,request_seen,4823.014000,2EF1870264,negative,false,true
323,nucleo,response_seen,4827.099000,7F2E31,negative,false,true
324,can0,request_send,4841.347540,2E1234705CD1,positive,true,true
324,can0,response_recv,4844.041600,6E1234,positive,true,true
324,nucleo,request_seen,4838.058000,2E1234705CD1,positive,true,true
324,nucleo,response_seen,4842.135000,6E1234,positive,true,true
325,can0,request_send,4856.866147,2E2222521E,negative,false,true
325,can0,response_recv,4859.427857,7F2E31,negative,false,true
325,nucleo,request_seen,4853.566000,2E2222521E,negative,false,true
325,nucleo,response_seen,4857.649000,7F2E31,negative,false,true
326,can0,request_send,4871.719445,2E12346EC8A368,positive,true,true
326,can0,response_recv,4874.121498,6E1234,positive,true,true
326,nucleo,request_seen,4868.430000,2E12346EC8A368,positive,true,true
326,nucleo,response_seen,4872.505000,6E1234,positive,true,true
327,can0,request_send,4886.390387,2E1234D54A,positive,true,true
327,can0,response_recv,4888.689634,6E1234,positive,true,true
327,nucleo,request_seen,4883.089000,2E1234D54A,positive,true,true
327,nucleo,response_seen,4887.169000,6E1234,positive,true,true
328,can0,request_send,4901.016770,2E1234F2,positive,true,true
328,can0,response_recv,4903.383344,6E1234,positive,true,true
328,nucleo,request_seen,4897.709000,2E1234F2,positive,true,true
328,nucleo,response_seen,4901.796000,6E1234,positive,true,true
329,can0,request_send,4915.730734,2E1234992827,positive,true,true
329,can0,response_recv,4918.012591,6E1234,positive,true,true
329,nucleo,request_seen,4912.414000,2E1234992827,positive,true,true
329,nucleo,response_seen,4916.493000,6E1234,positive,true,true
330,can0,request_send,4930.301035,2E1234CAE7,positive,true,true
330,can0,response_recv,4932.611107,6E1234,positive,true,true
330,nucleo,request_seen,4926.959000,2E1234CAE7,positive,true,true
330,nucleo,response_seen,4931.038000,6E1234,positive,true,true
331,can0,request_send,4944.845215,2E1234,negative,false,true
331,can0,response_recv,4947.315015,7F2E13,negative,false,true
331,nucleo,request_seen,4941.511000,2E1234,negative,false,true
331,nucleo,response_seen,4945.602000,7F2E13,negative,false,true
332,can0,request_send,4959.698024,2E123416,positive,true,true
332,can0,response_recv,4963.113964,6E1234,positive,true,true
332,nucleo,request_seen,4956.512000,2E123416,positive,true,true
332,nucleo,response_seen,4960.599000,6E1234,positive,true,true
333,can0,request_send,4975.347094,2E333316,negative,false,true
333,can0,response_recv,4977.659401,7F2E31,negative,false,true
333,nucleo,request_seen,4971.973000,2E333316,negative,false,true
333,nucleo,response_seen,4976.058000,7F2E31,negative,false,true
334,can0,request_send,4989.962513,2E1234354BE0,positive,true,true
334,can0,response_recv,4992.395086,6E1234,positive,true,true
334,nucleo,request_seen,4986.564000,2E1234354BE0,positive,true,true
334,nucleo,response_seen,4990.642000,6E1234,positive,true,true
335,can0,request_send,5004.917010,2E12349E0E35,positive,true,true
335,can0,response_recv,5007.976271,6E1234,positive,true,true
335,nucleo,request_seen,5001.536000,2E12349E0E35,positive,true,true
335,nucleo,response_seen,5005.619000,6E1234,positive,true,true
336,can0,request_send,5020.414665,2E100167A08F,negative,false,true
336,can0,response_recv,5023.449131,7F2E31,negative,false,true
336,nucleo,request_seen,5017.004000,2E100167A08F,negative,false,true
336,nucleo,response_seen,5021.085000,7F2E31,negative,false,true
337,can0,request_send,5035.732896,2E123459123C,positive,true,true
337,can0,response_recv,5038.092486,6E1234,positive,true,true
337,nucleo,request_seen,5032.331000,2E123459123C,positive,true,true
337,nucleo,response_seen,5036.410000,6E1234,positive,true,true
338,can0,request_send,5050.572715,2E1234E747C1,positive,true,true
338,can0,response_recv,5053.728705,6E1234,positive,true,true
338,nucleo,request_seen,5047.297000,2E1234E747C1,positive,true,true
338,nucleo,response_seen,5051.374000,6E1234,positive,true,true
339,can0,request_send,5066.026508,2E1234,negative,false,true
339,can0,response_recv,5068.636200,7F2E13,negative,false,true
339,nucleo,request_seen,5062.622000,2E1234,negative,false,true
339,nucleo,response_seen,5066.712000,7F2E13,negative,false,true
340,can0,request_send,5081.249127,2E1234871BB88A,positive,true,true
340,can0,response_recv,5084.068413,6E1234,positive,true,true
340,nucleo,request_seen,5077.798000,2E1234871BB88A,positive,true,true
340,nucleo,response_seen,5081.872000,6E1234,positive,true,true
341,can0,request_send,5096.754743,2E123464,positive,true,true
341,can0,response_recv,5100.020454,6E1234,positive,true,true
341,nucleo,request_seen,5093.483000,2E123464,positive,true,true
341,nucleo,response_seen,5097.569000,6E1234,positive,true,true
342,can0,request_send,5113.051801,2E1234888808FC,positive,true,true
342,can0,response_recv,5115.238743,6E1234,positive,true,true
342,nucleo,request_seen,5109.596000,2E1234888808FC,positive,true,true
342,nucleo,response_seen,5113.675000,6E1234,positive,true,true
343,can0,request_send,5127.475575,2E1001257F,negative,false,true
343,can0,response_recv,5130.132339,7F2E31,negative,false,true
343,nucleo,request_seen,5124.017000,2E1001257F,negative,false,true
343,nucleo,response_seen,5128.102000,7F2E31,negative,false,true
344,can0,request_send,5142.367425,2E10015B1D32,negative,false,true
344,can0,response_recv,5144.522031,7F2E31,negative,false,true
344,nucleo,request_seen,5138.884000,2E10015B1D32,negative,false,true
344,nucleo,response_seen,5142.970000,7F2E31,negative,false,true
345,can0,request_send,5157.017834,2E1234A6,positive,true,true
345,can0,response_recv,5160.136320,6E1234,positive,true,true
345,nucleo,request_seen,5153.718000,2E1234A6,positive,true,true
345,nucleo,response_seen,5157.805000,6E1234,positive,true,true
346,can0,request_send,5172.340954,2E12348A,positive,true,true
346,can0,response_recv,5175.073637,6E1234,positive,true,true
346,nucleo,request_seen,5168.861000,2E12348A,positive,true,true
346,nucleo,response_seen,5172.948000,6E1234,positive,true,true
347,can0,request_send,5187.623357,2E12349024D609,positive,true,true
347,can0,response_recv,5190.623532,6E1234,positive,true,true
347,nucleo,request_seen,5184.095000,2E12349024D609,positive,true,true
347,nucleo,response_seen,5188.172000,6E1234,positive,true,true
348,can0,request_send,5202.892072,2E1234423B,positive,true,true
348,can0,response_recv,5205.119382,6E1234,positive,true,true
348,nucleo,request_seen,5199.384000,2E1234423B,positive,true,true
348,nucleo,response_seen,5203.467000,6E1234,positive,true,true
349,can0,request_send,5217.385128,2E123474E6733C,positive,true,true
349,can0,response_recv,5219.738432,6E1234,positive,true,true
349,nucleo,request_seen,5213.851000,2E123474E6733C,positive,true,true
349,nucleo,response_seen,5217.926000,6E1234,positive,true,true
350,can0,request_send,5232.169632,2E12341474C765,positive,true,true
350,can0,response_recv,5235.419978,6E1234,positive,true,true
350,nucleo,request_seen,5228.767000,2E12341474C765,positive,true,true
350,nucleo,response_seen,5232.842000,6E1234,positive,true,true
351,can0,request_send,5247.722880,2E1234CBB6F985,positive,true,true
351,can0,response_recv,5250.378806,6E1234,positive,true,true
351,nucleo,request_seen,5244.183000,2E1234CBB6F985,positive,true,true
351,nucleo,response_seen,5248.255000,6E1234,positive,true,true
352,can0,request_send,5263.296801,2E12346D21,positive,true,true
352,can0,response_recv,5265.891197,6E1234,positive,true,true
352,nucleo,request_seen,5259.855000,2E12346D21,positive,true,true
352,nucleo,response_seen,5263.938000,6E1234,positive,true,true
353,can0,request_send,5278.233000,2EF187AA6544,negative,false,true
353,can0,response_recv,5281.301410,7F2E31,negative,false,true
353,nucleo,request_seen,5274.666000,2EF187AA6544,negative,false,true
353,nucleo,response_seen,5278.744000,7F2E31,negative,false,true
354,can0,request_send,5293.818724,2E1234,negative,false,true
354,can0,response_recv,5296.897540,7F2E13,negative,false,true
354,nucleo,request_seen,5290.355000,2E1234,negative,false,true
354,nucleo,response_seen,5294.446000,7F2E13,negative,false,true
355,can0,request_send,5309.292003,2E12346DB3A2,positive,true,true
355,can0,response_recv,5311.769835,6E1234,positive,true,true
355,nucleo,request_seen,5305.693000,2E12346DB3A2,positive,true,true
355,nucleo,response_seen,5309.772000,6E1234,positive,true,true
356,can0,request_send,5324.673232,2E123439,positive,true,true
356,can0,response_recv,5327.131647,6E1234,positive,true,true
356,nucleo,request_seen,5321.220000,2E123439,positive,true,true
356,nucleo,response_seen,5325.304000,6E1234,positive,true,true
357,can0,request_send,5339.366663,2E1234BC,positive,true,true
357,can0,response_recv,5341.754608,6E1234,positive,true,true
357,nucleo,request_seen,5335.767000,2E1234BC,positive,true,true
357,nucleo,response_seen,5339.854000,6E1234,positive,true,true
358,can0,request_send,5354.015116,2E1234FD361111,positive,true,true
358,can0,response_recv,5356.459493,6E1234,positive,true,true
358,nucleo,request_seen,5350.399000,2E1234FD361111,positive,true,true
358,nucleo,response_seen,5354.474000,6E1234,positive,true,true
359,can0,request_send,5368.708547,2E1234CBCE77DC,positive,true,true
359,can0,response_recv,5371.108226,6E1234,positive,true,true
359,nucleo,request_seen,5365.080000,2E1234CBCE77DC,positive,true,true
359,nucleo,response_seen,5369.153000,6E1234,positive,true,true
360,can0,request_send,5383.381934,2E12344E24F8,positive,true,true
360,can0,response_recv,5385.882184,6E1234,positive,true,true
360,nucleo,request_seen,5379.760000,2E12344E24F8,positive,true,true
360,nucleo,response_seen,5383.839000,6E1234,positive,true,true
361,can0,request_send,5398.170209,2E123406DBE2,positive,true,true
361,can0,response_recv,5400.433418,6E1234,positive,true,true
361,nucleo,request_seen,5394.524000,2E123406DBE2,positive,true,true
361,nucleo,response_seen,5398.607000,6E1234,positive,true,true
362,can0,request_send,5412.841640,2E3333884ED6C5,negative,false,true
362,can0,response_recv,5416.094780,7F2E31,negative,false,true
362,nucleo,request_seen,5409.287000,2E3333884ED6C5,negative,false,true
362,nucleo,response_seen,5413.359000,7F2E31,negative,false,true
363,can0,request_send,5428.393072,2E123456086C,positive,true,true
363,can0,response_recv,5430.704891,6E1234,positive,true,true
363,nucleo,request_seen,5424.731000,2E123456086C,positive,true,true
363,nucleo,response_seen,5428.814000,6E1234,positive,true,true
364,can0,request_send,5443.158440,2E12346F,positive,true,true
364,can0,response_recv,5445.376741,6E1234,positive,true,true
364,nucleo,request_seen,5439.493000,2E12346F,positive,true,true
364,nucleo,response_seen,5443.580000,6E1234,positive,true,true
365,can0,request_send,5457.646887,2E1234EDC8,positive,true,true
365,can0,response_recv,5460.026241,6E1234,positive,true,true
365,nucleo,request_seen,5453.967000,2E1234EDC8,positive,true,true
365,nucleo,response_seen,5458.048000,6E1234,positive,true,true
366,can0,request_send,5472.324743,2E123418CE95B4,positive,true,true
366,can0,response_recv,5474.622034,6E1234,positive,true,true
366,nucleo,request_seen,5468.615000,2E123418CE95B4,positive,true,true
366,nucleo,response_seen,5472.690000,6E1234,positive,true,true
367,can0,request_send,5486.900142,2E123417857D48,positive,true,true
367,can0,response_recv,5489.297376,6E1234,positive,true,true
367,nucleo,request_seen,5483.196000,2E123417857D48,positive,true,true
367,nucleo,response_seen,5487.268000,6E1234,positive,true,true
368,can0,request_send,5501.584773,2E12341DD2CE39,positive,true,true
368,can0,response_recv,5503.983963,6E1234,positive,true,true
368,nucleo,request_seen,5497.881000,2E12341DD2CE39,positive,true,true
368,nucleo,response_seen,5501.959000,6E1234,positive,true,true
369,can0,request_send,5516.290566,2E1234BE6A62,positive,true,true
369,can0,response_recv,5518.605876,6E1234,positive,true,true
369,nucleo,request_seen,5512.549000,2E1234BE6A62,positive,true,true
369,nucleo,response_seen,5516.628000,6E1234,positive,true,true
370,can0,request_send,5531.181508,2E1234A7CC,positive,true,true
370,can0,response_recv,5534.449664,6E1234,positive,true,true
370,nucleo,request_seen,5527.651000,2E1234A7CC,positive,true,true
370,nucleo,response_seen,5531.734000,6E1234,positive,true,true
371,can0,request_send,5546.996591,2E100140830C,negative,false,true
371,can0,response_recv,5549.839343,7F2E31,negative,false,true
371,nucleo,request_seen,5543.266000,2E100140830C,negative,false,true
371,nucleo,response_seen,5547.351000,7F2E31,negative,false,true
372,can0,request_send,5562.228639,2E22221CED,negative,false,true
372,can0,response_recv,5564.516990,7F2E31,negative,false,true
372,nucleo,request_seen,5558.470000,2E22221CED,negative,false,true
372,nucleo,response_seen,5562.552000,7F2E31,negative,false,true
373,can0,request_send,5577.027460,2E12347C13,positive,true,true
373,can0,response_recv,5580.194486,6E1234,positive,true,true
373,nucleo,request_seen,5573.271000,2E12347C13,positive,true,true
373,nucleo,response_seen,5577.352000,6E1234,positive,true,true
374,can0,request_send,5592.485375,2E12341E93EE,positive,true,true
374,can0,response_recv,5594.800545,6E1234,positive,true,true
374,nucleo,request_seen,5588.729000,2E12341E93EE,positive,true,true
374,nucleo,response_seen,5592.808000,6E1234,positive,true,true
375,can0,request_send,5607.188164,2E12344675A40E,positive,true,true
375,can0,response_recv,5609.467157,6E1234,positive,true,true
375,nucleo,request_seen,5603.386000,2E12344675A40E,positive,true,true
375,nucleo,response_seen,5607.465000,6E1234,positive,true,true
376,can0,request_send,5621.706154,2E123496,positive,true,true
376,can0,response_recv,5624.378004,6E1234,positive,true,true
376,nucleo,request_seen,5617.906000,2E123496,positive,true,true
376,nucleo,response_seen,5621.994000,6E1234,positive,true,true
377,can0,request_send,5636.706677,2E1234B94771CD,positive,true,true
377,can0,response_recv,5639.685341,6E1234,positive,true,true
377,nucleo,request_seen,5632.882000,2E1234B94771CD,positive,true,true
377,nucleo,response_seen,5636.960000,6E1234,positive,true,true
378,can0,request_send,5652.064579,2E1234B3,positive,true,true
378,can0,response_recv,5654.411597,6E1234,positive,true,true
378,nucleo,request_seen,5648.278000,2E1234B3,positive,true,true
378,nucleo,response_seen,5652.363000,6E1234,positive,true,true
379,can0,request_send,5666.898670,2E1234,negative,false,true
379,can0,response_recv,5670.015620,7F2E13,negative,false,true
379,nucleo,request_seen,5663.076000,2E1234,negative,false,true
379,nucleo,response_seen,5667.165000,7F2E13,negative,false,true
380,can0,request_send,5682.347156,2E1001EA80,negative,false,true
380,can0,response_recv,5684.616581,7F2E31,negative,false,true
380,nucleo,request_seen,5678.517000,2E1001EA80,negative,false,true
380,nucleo,response_seen,5682.604000,7F2E31,negative,false,true
381,can0,request_send,5696.893431,2EF1875D2FF5E8,negative,false,true
381,can0,response_recv,5699.265942,7F2E31,negative,false,true
381,nucleo,request_seen,5693.037000,2EF1875D2FF5E8,negative,false,true
381,nucleo,response_seen,5697.109000,7F2E31,negative,false,true
382,can0,request_send,5711.564513,2E1001AF,negative,false,true
382,can0,response_recv,5713.923544,7F2E31,negative,false,true
382,nucleo,request_seen,5707.705000,2E1001AF,negative,false,true
382,nucleo,response_seen,5711.797000,7F2E31,negative,false,true
383,can0,request_send,5726.438694,2E222212F9,negative,false,true
383,can0,response_recv,5729.548519,7F2E31,negative,false,true
383,nucleo,request_seen,5722.583000,2E222212F9,negative,false,true
383,nucleo,response_seen,5726.666000,7F2E31,negative,false,true
384,can0,request_send,5742.052983,2E123405,positive,true,true
384,can0,response_recv,5745.212326,6E1234,positive,true,true
384,nucleo,request_seen,5738.215000,2E123405,positive,true,true
384,nucleo,response_seen,5742.304000,6E1234,positive,true,true
385,can0,request_send,5757.666573,2E1234DB0F,positive,true,true
385,can0,response_recv,5760.837999,6E1234,positive,true,true
385,nucleo,request_seen,5753.777000,2E1234DB0F,positive,true,true
385,nucleo,response_seen,5757.864000,6E1234,positive,true,true
386,can0,request_send,5773.101720,2E1234CE14566F,positive,true,true
386,can0,response_recv,5775.499443,6E1234,positive,true,true
386,nucleo,request_seen,5769.188000,2E1234CE14566F,positive,true,true
386,nucleo,response_seen,5773.260000,6E1234,positive,true,true
387,can0,request_send,5787.748706,2E12347D,positive,true,true
387,can0,response_recv,5790.115420,6E1234,positive,true,true
387,nucleo,request_seen,5783.862000,2E12347D,positive,true,true
387,nucleo,response_seen,5787.949000,6E1234,positive,true,true
388,can0,request_send,5802.480690,2E12348CA300,positive,true,true
388,can0,response_recv,5804.709885,6E1234,positive,true,true
388,nucleo,request_seen,5798.593000,2E12348CA300,positive,true,true
388,nucleo,response_seen,5802.676000,6E1234,positive,true,true
389,can0,request_send,5817.004825,2E1234BBA5A0,positive,true,true
389,can0,response_recv,5819.397729,6E1234,positive,true,true
389,nucleo,request_seen,5813.080000,2E1234BBA5A0,positive,true,true
389,nucleo,response_seen,5817.157000,6E1234,positive,true,true
390,can0,request_send,5831.706637,2E1234B7E17E,positive,true,true
390,can0,response_recv,5834.119306,6E1234,positive,true,true
390,nucleo,request_seen,5827.774000,2E1234B7E17E,positive,true,true
390,nucleo,response_seen,5831.853000,6E1234,positive,true,true
391,can0,request_send,5846.407052,2E1234F6,positive,true,true
391,can0,response_recv,5848.656642,6E1234,positive,true,true
391,nucleo,request_seen,5842.459000,2E1234F6,positive,true,true
391,nucleo,response_seen,5846.546000,6E1234,positive,true,true
392,can0,request_send,5860.992509,2E123406,positive,true,true
392,can0,response_recv,5863.326187,6E1234,positive,true,true
392,nucleo,request_seen,5857.046000,2E123406,positive,true,true
392,nucleo,response_seen,5861.135000,6E1234,positive,true,true
393,can0,request_send,5875.555616,2E12342FF2,positive,true,true
393,can0,response_recv,5878.006837,6E1234,positive,true,true
393,nucleo,request_seen,5871.590000,2E12342FF2,positive,true,true
393,nucleo,response_seen,5875.673000,6E1234,positive,true,true
394,can0,request_send,5890.534837,2E1234B2,positive,true,true
394,can0,response_recv,5893.633069,6E1234,positive,true,true
394,nucleo,request_seen,5886.595000,2E1234B2,positive,true,true
394,nucleo,response_seen,5890.682000,6E1234,positive,true,true
395,can0,request_send,5905.887221,2E1234488F,positive,true,true
395,can0,response_recv,5908.241713,6E1234,positive,true,true
395,nucleo,request_seen,5901.901000,2E1234488F,positive,true,true
395,nucleo,response_seen,5905.987000,6E1234,positive,true,true
396,can0,request_send,5920.523871,2E1234232165,positive,true,true
396,can0,response_recv,5922.880039,6E1234,positive,true,true
396,nucleo,request_seen,5916.538000,2E1234232165,positive,true,true
396,nucleo,response_seen,5920.617000,6E1234,positive,true,true
397,can0,request_send,5935.196699,2E1234A1F827D5,positive,true,true
397,can0,response_recv,5937.569140,6E1234,positive,true,true
397,nucleo,request_seen,5931.201000,2E1234A1F827D5,positive,true,true
397,nucleo,response_seen,5935.273000,6E1234,positive,true,true
398,can0,request_send,5949.833629,2E1234EAE4D5D2,positive,true,true
398,can0,response_recv,5954.730554,6E1234,positive,true,true
398,nucleo,request_seen,5945.830000,2E1234EAE4D5D2,positive,true,true
398,nucleo,response_seen,5949.905000,6E1234,positive,true,true
399,can0,request_send,5967.037926,2E123452,positive,true,true
399,can0,response_recv,5969.738271,6E1234,positive,true,true
399,nucleo,request_seen,5963.009000,2E123452,positive,true,true
399,nucleo,response_seen,5967.094000,6E1234,positive,true,true
400,can0,request_send,5981.981249,2E12348B8517,positive,true,true
400,can0,response_recv,5984.392521,6E1234,positive,true,true
400,nucleo,request_seen,5977.926000,2E12348B8517,positive,true,true
400,nucleo,response_seen,5982.005000,6E1234,positive,true,true
401,can0,request_send,5996.886858,2E12340B83,positive,true,true
401,can0,response_recv,5999.062067,6E1234,positive,true,true
401,nucleo,request_seen,5992.843000,2E12340B83,positive,true,true
401,nucleo,response_seen,5996.930000,6E1234,positive,true,true
402,can0,request_send,6011.346111,2E123436C1141E,positive,true,true
402,can0,response_recv,6013.717155,6E1234,positive,true,true
402,nucleo,request_seen,6007.293000,2E123436C1141E,positive,true,true
402,nucleo,response_seen,6011.366000,6E1234,positive,true,true
403,can0,request_send,6026.041428,2E1234667DA9FB,positive,true,true
403,can0,response_recv,6028.374827,6E1234,positive,true,true
403,nucleo,request_seen,6021.973000,2E1234667DA9FB,positive,true,true
403,nucleo,response_seen,6026.045000,6E1234,positive,true,true
404,can0,request_send,6040.899335,2E1234B1487A,positive,true,true
404,can0,response_recv,6044.323098,6E1234,positive,true,true
404,nucleo,request_seen,6036.866000,2E1234B1487A,positive,true,true
404,nucleo,response_seen,6040.945000,6E1234,positive,true,true
405,can0,request_send,6056.854450,2E1234DFC7,positive,true,true
405,can0,response_recv,6059.621424,6E1234,positive,true,true
405,nucleo,request_seen,6052.801000,2E1234DFC7,positive,true,true
405,nucleo,response_seen,6056.884000,6E1234,positive,true,true
406,can0,request_send,6071.876694,2E1234290B,positive,true,true
406,can0,response_recv,6074.261916,6E1234,positive,true,true
406,nucleo,request_seen,6067.772000,2E1234290B,positive,true,true
406,nucleo,response_seen,6071.859000,6E1234,positive,true,true
407,can0,request_send,6086.503566,2E3333D13B9B1D,negative,false,true
407,can0,response_recv,6088.897867,7F2E31,negative,false,true
407,nucleo,request_seen,6082.381000,2E3333D13B9B1D,negative,false,true
407,nucleo,response_seen,6086.456000,7F2E31,negative,false,true
408,can0,request_send,6101.180445,2E2222BA,negative,false,true
408,can0,response_recv,6103.571882,7F2E31,negative,false,true
408,nucleo,request_seen,6097.062000,2E2222BA,negative,false,true
408,nucleo,response_seen,6101.147000,7F2E31,negative,false,true
409,can0,request_send,6115.881279,2E12347DEC33,positive,true,true
409,can0,response_recv,6118.232209,6E1234,positive,true,true
409,nucleo,request_seen,6111.743000,2E12347DEC33,positive,true,true
409,nucleo,response_seen,6115.822000,6E1234,positive,true,true
410,can0,request_send,6130.868463,2E12342D,positive,true,true
410,can0,response_recv,6133.792091,6E1234,positive,true,true
410,nucleo,request_seen,6126.732000,2E12342D,positive,true,true
410,nucleo,response_seen,6130.819000,6E1234,positive,true,true
411,can0,request_send,6146.273507,2E1234943C,positive,true,true
411,can0,response_recv,6148.473649,6E1234,positive,true,true
411,nucleo,request_seen,6142.126000,2E1234943C,positive,true,true
411,nucleo,response_seen,6146.207000,6E1234,positive,true,true
412,can0,request_send,6160.965542,2E123444CFB5E1,positive,true,true
412,can0,response_recv,6164.254650,6E1234,positive,true,true
412,nucleo,request_seen,6156.963000,2E123444CFB5E1,positive,true,true
412,nucleo,response_seen,6161.035000,6E1234,positive,true,true
413,can0,request_send,6177.049095,2E1234EB,positive,true,true
413,can0,response_recv,6179.751326,6E1234,positive,true,true
413,nucleo,request_seen,6172.905000,2E1234EB,positive,true,true
413,nucleo,response_seen,6176.993000,6E1234,positive,true,true
414,can0,request_send,6192.018399,2E1234509765,positive,true,true
414,can0,response_recv,6194.405506,6E1234,positive,true,true
414,nucleo,request_seen,6187.825000,2E1234509765,positive,true,true
414,nucleo,response_seen,6191.904000,6E1234,positive,true,true
415,can0,request_send,6207.016478,2E1234F566,positive,true,true
415,can0,response_recv,6210.072316,6E1234,positive,true,true
415,nucleo,request_seen,6202.818000,2E1234F566,positive,true,true
415,nucleo,response_seen,6206.900000,6E1234,positive,true,true
416,can0,request_send,6222.318576,2E12347C326588,positive,true,true
416,can0,response_recv,6224.673068,6E1234,positive,true,true
416,nucleo,request_seen,6218.104000,2E12347C326588,positive,true,true
416,nucleo,response_seen,6222.177000,6E1234,positive,true,true
417,can0,request_send,6236.966610,2E12347F,positive,true,true
417,can0,response_recv,6239.369921,6E1234,positive,true,true
417,nucleo,request_seen,6232.762000,2E12347F,positive,true,true
417,nucleo,response_seen,6236.848000,6E1234,positive,true,true
418,can0,request_send,6251.646911,2E1234179C,positive,true,true
418,can0,response_recv,6253.931841,6E1234,positive,true,true
418,nucleo,request_seen,6247.433000,2E1234179C,positive,true,true
418,nucleo,response_seen,6251.515000,6E1234,positive,true,true
419,can0,request_send,6266.188996,2E1234F2C7,positive,true,true
419,can0,response_recv,6268.600408,6E1234,positive,true,true
419,nucleo,request_seen,6261.950000,2E1234F2C7,positive,true,true
419,nucleo,response_seen,6266.034000,6E1234,positive,true,true
420,can0,request_send,6280.865386,2E333389A7,negative,false,true
420,can0,response_recv,6283.215477,7F2E31,negative,false,true
420,nucleo,request_seen,6276.635000,2E333389A7,negative,false,true
420,nucleo,response_seen,6280.718000,7F2E31,negative,false,true
421,can0,request_send,6295.688652,2E1234CECAE1,positive,true,true
421,can0,response_recv,6297.991950,6E1234,positive,true,true
421,nucleo,request_seen,6291.438000,2E1234CECAE1,positive,true,true
421,nucleo,response_seen,6295.516000,6E1234,positive,true,true
422,can0,request_send,6310.512686,2E12343E,positive,true,true
422,can0,response_recv,6313.507972,6E1234,positive,true,true
422,nucleo,request_seen,6306.297000,2E12343E,positive,true,true
422,nucleo,response_seen,6310.384000,6E1234,positive,true,true
423,can0,request_send,6325.824702,2E123437,positive,true,true
423,can0,response_recv,6328.255670,6E1234,positive,true,true
423,nucleo,request_seen,6321.603000,2E123437,positive,true,true
423,nucleo,response_seen,6325.690000,6E1234,positive,true,true
424,can0,request_send,6340.551587,2E1234E7,positive,true,true
424,can0,response_recv,6342.992472,6E1234,positive,true,true
424,nucleo,request_seen,6336.280000,2E1234E7,positive,true,true
424,nucleo,response_seen,6340.365000,6E1234,positive,true,true
425,can0,request_send,6355.287901,2E10014AE0B4,negative,false,true
425,can0,response_recv,6361.123843,7F2E31,negative,false,true
425,nucleo,request_seen,6351.028000,2E10014AE0B4,negative,false,true
425,nucleo,response_seen,6355.109000,7F2E31,negative,false,true
426,can0,request_send,6373.604631,2E1234A2E6,positive,true,true
426,can0,response_recv,6376.093008,6E1234,positive,true,true
426,nucleo,request_seen,6369.315000,2E1234A2E6,positive,true,true
426,nucleo,response_seen,6373.398000,6E1234,positive,true,true
427,can0,request_send,6388.363433,2E12341F493486,positive,true,true
427,can0,response_recv,6390.719042,6E1234,positive,true,true
427,nucleo,request_seen,6384.066000,2E12341F493486,positive,true,true
427,nucleo,response_seen,6388.139000,6E1234,positive,true,true
428,can0,request_send,6403.001410,2E1234D7DB40,positive,true,true
428,can0,response_recv,6405.342841,6E1234,positive,true,true
428,nucleo,request_seen,6398.690000,2E1234D7DB40,positive,true,true
428,nucleo,response_seen,6402.769000,6E1234,positive,true,true
429,can0,request_send,6417.608727,2E1234B6B30D,positive,true,true
429,can0,response_recv,6419.986545,6E1234,positive,true,true
429,nucleo,request_seen,6413.285000,2E1234B6B30D,positive,true,true
429,nucleo,response_seen,6417.366000,6E1234,positive,true,true
430,can0,request_send,6432.233574,2E123473F8,positive,true,true
430,can0,response_recv,6434.618935,6E1234,positive,true,true
430,nucleo,request_seen,6427.919000,2E123473F8,positive,true,true
430,nucleo,response_seen,6432.003000,6E1234,positive,true,true
431,can0,request_send,6447.104541,2E123400,positive,true,true
431,can0,response_recv,6450.257459,6E1234,positive,true,true
431,nucleo,request_seen,6442.795000,2E123400,positive,true,true
431,nucleo,response_seen,6446.886000,6E1234,positive,true,true
432,can0,request_send,6462.782386,2E123414,positive,true,true
432,can0,response_recv,6465.865113,6E1234,positive,true,true
432,nucleo,request_seen,6458.541000,2E123414,positive,true,true
432,nucleo,response_seen,6462.628000,6E1234,positive,true,true
433,can0,request_send,6478.509958,2E1234288A,positive,true,true
433,can0,response_recv,6481.517605,6E1234,positive,true,true
433,nucleo,request_seen,6474.194000,2E1234288A,positive,true,true
433,nucleo,response_seen,6478.275000,6E1234,positive,true,true
434,can0,request_send,6493.822672,2E10018AA6,negative,false,true
434,can0,response_recv,6496.158935,7F2E31,negative,false,true
434,nucleo,request_seen,6489.532000,2E10018AA6,negative,false,true
434,nucleo,response_seen,6493.619000,7F2E31,negative,false,true
435,can0,request_send,6508.640560,2E2222F2,negative,false,true
435,can0,response_recv,6511.788170,7F2E31,negative,false,true
435,nucleo,request_seen,6504.310000,2E2222F2,negative,false,true
435,nucleo,response_seen,6508.396000,7F2E31,negative,false,true
436,can0,request_send,6524.067675,2E123435AF3932,positive,true,true
436,can0,response_recv,6526.379702,6E1234,positive,true,true
436,nucleo,request_seen,6519.672000,2E123435AF3932,positive,true,true
436,nucleo,response_seen,6523.747000,6E1234,positive,true,true
437,can0,request_send,6540.393717,2E1234C0,positive,true,true
437,can0,response_recv,6543.135828,6E1234,positive,true,true
437,nucleo,request_seen,6536.041000,2E1234C0,positive,true,true
437,nucleo,response_seen,6540.125000,6E1234,positive,true,true
438,can0,request_send,6555.451859,2E1234D8,positive,true,true
438,can0,response_recv,6557.738186,6E1234,positive,true,true
438,nucleo,request_seen,6551.062000,2E1234D8,positive,true,true
438,nucleo,response_seen,6555.146000,6E1234,positive,true,true
439,can0,request_send,6570.105760,2E12343FC96F92,positive,true,true
439,can0,response_recv,6576.013639,6E1234,positive,true,true
439,nucleo,request_seen,6565.697000,2E12343FC96F92,positive,true,true
439,nucleo,response_seen,6569.772000,6E1234,positive,true,true
440,can0,request_send,6588.325900,2E1234369F,positive,true,true
440,can0,response_recv,6590.842353,6E1234,positive,true,true
440,nucleo,request_seen,6583.903000,2E1234369F,positive,true,true
440,nucleo,response_seen,6587.989000,6E1234,positive,true,true
441,can0,request_send,6603.132264,2E222299,negative,false,true
441,can0,response_recv,6605.553454,7F2E31,negative,false,true
441,nucleo,request_seen,6598.714000,2E222299,negative,false,true
441,nucleo,response_seen,6602.801000,7F2E31,negative,false,true
442,can0,request_send,6617.815009,2E12344E,positive,true,true
442,can0,response_recv,6620.135209,6E1234,positive,true,true
442,nucleo,request_seen,6613.385000,2E12344E,positive,true,true
442,nucleo,response_seen,6617.472000,6E1234,positive,true,true
443,can0,request_send,6632.487139,2E12344E9F,positive,true,true
443,can0,response_recv,6634.848544,6E1234,positive,true,true
443,nucleo,request_seen,6628.045000,2E12344E9F,positive,true,true
443,nucleo,response_seen,6632.125000,6E1234,positive,true,true
444,can0,request_send,6647.161852,2E12343988648D,positive,true,true
444,can0,response_recv,6649.450413,6E1234,positive,true,true
444,nucleo,request_seen,6642.705000,2E12343988648D,positive,true,true
444,nucleo,response_seen,6646.780000,6E1234,positive,true,true
445,can0,request_send,6661.702121,2E1234C42C1A8D,positive,true,true
445,can0,response_recv,6664.102219,6E1234,positive,true,true
445,nucleo,request_seen,6657.229000,2E1234C42C1A8D,positive,true,true
445,nucleo,response_seen,6661.301000,6E1234,positive,true,true
446,can0,request_send,6676.309298,2E12345EE0,positive,true,true
446,can0,response_recv,6678.672031,6E1234,positive,true,true
446,nucleo,request_seen,6671.826000,2E12345EE0,positive,true,true
446,nucleo,response_seen,6675.909000,6E1234,positive,true,true
447,can0,request_send,6690.857250,2E12342B,positive,true,true
447,can0,response_recv,6693.342554,6E1234,positive,true,true
447,nucleo,request_seen,6686.395000,2E12342B,positive,true,true
447,nucleo,response_seen,6690.482000,6E1234,positive,true,true
448,can0,request_send,6705.545373,2E333302E7CC,negative,false,true
448,can0,response_recv,6708.069998,7F2E31,negative,false,true
448,nucleo,request_seen,6701.055000,2E333302E7CC,negative,false,true
448,nucleo,response_seen,6705.136000,7F2E31,negative,false,true
449,can0,request_send,6720.313604,2E100187,negative,false,true
449,can0,response_recv,6722.893194,7F2E31,negative,false,true
449,nucleo,request_seen,6715.827000,2E100187,negative,false,true
449,nucleo,response_seen,6719.919000,7F2E31,negative,false,true
450,can0,request_send,6735.208318,2EF187A0D4,negative,false,true
450,can0,response_recv,6738.339026,7F2E31,negative,false,true
450,nucleo,request_seen,6730.720000,2EF187A0D4,negative,false,true
450,nucleo,response_seen,6734.802000,7F2E31,negative,false,true
451,can0,request_send,6750.627261,2E1234760D,positive,true,true
451,can0,response_recv,6752.999352,6E1234,positive,true,true
451,nucleo,request_seen,6746.120000,2E1234760D,positive,true,true
451,nucleo,response_seen,6750.205000,6E1234,positive,true,true
452,can0,request_send,6765.517505,2E1234F1CB71,positive,true,true
452,can0,response_recv,6768.622581,6E1234,positive,true,true
452,nucleo,request_seen,6760.990000,2E1234F1CB71,positive,true,true
452,nucleo,response_seen,6765.066000,6E1234,positive,true,true
453,can0,request_send,6780.975628,2E1234E5,positive,true,true
453,can0,response_recv,6783.289542,6E1234,positive,true,true
453,nucleo,request_seen,6776.464000,2E1234E5,positive,true,true
453,nucleo,response_seen,6780.551000,6E1234,positive,true,true
454,can0,request_send,6795.549212,2E1234F485A913,positive,true,true
454,can0,response_recv,6797.933455,6E1234,positive,true,true
454,nucleo,request_seen,6791.012000,2E1234F485A913,positive,true,true
454,nucleo,response_seen,6795.084000,6E1234,positive,true,true
455,can0,request_send,6810.612103,2EF187A6B6,negative,false,true
455,can0,response_recv,6813.570862,7F2E31,negative,false,true
455,nucleo,request_seen,6806.094000,2EF187A6B6,negative,false,true
455,nucleo,response_seen,6810.174000,7F2E31,negative,false,true
456,can0,request_send,6825.829764,2E1234EB90ECA7,positive,true,true
456,can0,response_recv,6828.150661,6E1234,positive,true,true
456,nucleo,request_seen,6821.313000,2E1234EB90ECA7,positive,true,true
456,nucleo,response_seen,6825.388000,6E1234,positive,true,true
457,can0,request_send,6840.418572,2E12342689,positive,true,true
457,can0,response_recv,6842.857013,6E1234,positive,true,true
457,nucleo,request_seen,6835.851000,2E12342689,positive,true,true
457,nucleo,response_seen,6839.934000,6E1234,positive,true,true
458,can0,request_send,6855.143502,2E123495D3,positive,true,true
458,can0,response_recv,6857.472012,6E1234,positive,true,true
458,nucleo,request_seen,6850.560000,2E123495D3,positive,true,true
458,nucleo,response_seen,6854.643000,6E1234,positive,true,true
459,can0,request_send,6869.760037,2E1234DB0B,positive,true,true
459,can0,response_recv,6872.095322,6E1234,positive,true,true
459,nucleo,request_seen,6865.181000,2E1234DB0B,positive,true,true
459,nucleo,response_seen,6869.266000,6E1234,positive,true,true
460,can0,request_send,6884.347729,2E123427,positive,true,true
460,can0,response_recv,6886.750969,6E1234,positive,true,true
460,nucleo,request_seen,6879.767000,2E123427,positive,true,true
460,nucleo,response_seen,6883.854000,6E1234,positive,true,true
461,can0,request_send,6899.035922,2E123497F2,positive,true,true
461,can0,response_recv,6901.395372,6E1234,positive,true,true
461,nucleo,request_seen,6894.444000,2E123497F2,positive,true,true
461,nucleo,response_seen,6898.527000,6E1234,positive,true,true
462,can0,request_send,6913.764273,2E1234,negative,false,true
462,can0,response_recv,6916.094530,7F2E13,negative,false,true
462,nucleo,request_seen,6909.184000,2E1234,negative,false,true
462,nucleo,response_seen,6913.273000,7F2E13,negative,false,true
463,can0,request_send,6928.650257,2E123411,positive,true,true
463,can0,response_recv,6931.690870,6E1234,positive,true,true
463,nucleo,request_seen,6924.086000,2E123411,positive,true,true
463,nucleo,response_seen,6928.170000,6E1234,positive,true,true
464,can0,request_send,6944.247365,2E1234399AEC,positive,true,true
464,can0,response_recv,6947.330441,6E1234,positive,true,true
464,nucleo,request_seen,6939.635000,2E1234399AEC,positive,true,true
464,nucleo,response_seen,6943.714000,6E1234,positive,true,true
465,can0,request_send,6959.574606,2E12346936F615,positive,true,true
465,can0,response_recv,6962.007948,6E1234,positive,true,true
465,nucleo,request_seen,6954.934000,2E12346936F615,positive,true,true
465,nucleo,response_seen,6959.010000,6E1234,positive,true,true
466,can0,request_send,6974.323771,2E1234,negative,false,true
466,can0,response_recv,6976.755297,7F2E13,negative,false,true
466,nucleo,request_seen,6969.690000,2E1234,negative,false,true
466,nucleo,response_seen,6973.781000,7F2E13,negative,false,true
467,can0,request_send,6989.025653,2E1234BD,positive,true,true
467,can0,response_recv,6991.254150,6E1234,positive,true,true
467,nucleo,request_seen,6984.387000,2E1234BD,positive,true,true
467,nucleo,response_seen,6988.474000,6E1234,positive,true,true
468,can0,request_send,7003.569553,2E123483AF,positive,true,true
468,can0,response_recv,7005.882698,6E1234,positive,true,true
468,nucleo,request_seen,6998.942000,2E123483AF,positive,true,true
468,nucleo,response_seen,7003.026000,6E1234,positive,true,true
469,can0,request_send,7018.148375,2E1234274BF6D2,positive,true,true
469,can0,response_recv,7020.563279,6E1234,positive,true,true
469,nucleo,request_seen,7013.481000,2E1234274BF6D2,positive,true,true
469,nucleo,response_seen,7017.556000,6E1234,positive,true,true
470,can0,request_send,7032.800599,2E12348CAA8EBA,positive,true,true
470,can0,response_recv,7035.190710,6E1234,positive,true,true
470,nucleo,request_seen,7028.101000,2E12348CAA8EBA,positive,true,true
470,nucleo,response_seen,7032.174000,6E1234,positive,true,true
471,can0,request_send,7047.470773,2E1234E6,positive,true,true
471,can0,response_recv,7049.867099,6E1234,positive,true,true
471,nucleo,request_seen,7042.798000,2E1234E6,positive,true,true
471,nucleo,response_seen,7046.884000,6E1234,positive,true,true
472,can0,request_send,7062.381201,2E1234822FFA45,positive,true,true
472,can0,response_recv,7065.520989,6E1234,positive,true,true
472,nucleo,request_seen,7057.705000,2E1234822FFA45,positive,true,true
472,nucleo,response_seen,7061.780000,6E1234,positive,true,true
473,can0,request_send,7077.786525,2E1234DB80,positive,true,true
473,can0,response_recv,7080.145766,6E1234,positive,true,true
473,nucleo,request_seen,7073.087000,2E1234DB80,positive,true,true
473,nucleo,response_seen,7077.168000,6E1234,positive,true,true
474,can0,request_send,7092.438121,2E1234A67A9AA4,positive,true,true
474,can0,response_recv,7094.782206,6E1234,positive,true,true
474,nucleo,request_seen,7087.730000,2E1234A67A9AA4,positive,true,true
474,nucleo,response_seen,7091.805000,6E1234,positive,true,true
475,can0,request_send,7107.090555,2E1234C085F0E3,positive,true,true
475,can0,response_recv,7109.500850,6E1234,positive,true,true
475,nucleo,request_seen,7102.361000,2E1234C085F0E3,positive,true,true
475,nucleo,response_seen,7106.435000,6E1234,positive,true,true
476,can0,request_send,7121.789434,2E10012D2C2E,negative,false,true
476,can0,response_recv,7124.098598,7F2E31,negative,false,true
476,nucleo,request_seen,7117.059000,2E10012D2C2E,negative,false,true
476,nucleo,response_seen,7121.140000,7F2E31,negative,false,true
477,can0,request_send,7136.350376,2E100141,negative,false,true
477,can0,response_recv,7138.682588,7F2E31,negative,false,true
477,nucleo,request_seen,7131.624000,2E100141,negative,false,true
477,nucleo,response_seen,7135.715000,7F2E31,negative,false,true
478,can0,request_send,7151.015102,2E1234,negative,false,true
478,can0,response_recv,7153.386216,7F2E13,negative,false,true
478,nucleo,request_seen,7146.277000,2E1234,negative,false,true
478,nucleo,response_seen,7150.365000,7F2E13,negative,false,true
479,can0,request_send,7165.688908,2E12348E,positive,true,true
479,can0,response_recv,7168.111075,6E1234,positive,true,true
479,nucleo,request_seen,7160.941000,2E12348E,positive,true,true
479,nucleo,response_seen,7165.027000,6E1234,positive,true,true
480,can0,request_send,7180.408879,2E12345E2738,positive,true,true
480,can0,response_recv,7182.668036,6E1234,positive,true,true
480,nucleo,request_seen,7175.634000,2E12345E2738,positive,true,true
480,nucleo,response_seen,7179.712000,6E1234,positive,true,true
481,can0,request_send,7194.964163,2E1234F5AEA508,positive,true,true
481,can0,response_recv,7197.540680,6E1234,positive,true,true
481,nucleo,request_seen,7190.173000,2E1234F5AEA508,positive,true,true
481,nucleo,response_seen,7194.250000,6E1234,positive,true,true
482,can0,request_send,7209.795252,2E2222B3545CF5,negative,false,true
482,can0,response_recv,7212.033597,7F2E31,negative,false,true
482,nucleo,request_seen,7204.989000,2E2222B3545CF5,negative,false,true
482,nucleo,response_seen,7209.062000,7F2E31,negative,false,true
483,can0,request_send,7227.039987,2E1234A4F618,positive,true,true
483,can0,response_recv,7229.561399,6E1234,positive,true,true
483,nucleo,request_seen,7222.259000,2E1234A4F618,positive,true,true
483,nucleo,response_seen,7226.336000,6E1234,positive,true,true
484,can0,request_send,7241.815901,2E123447C5A2,positive,true,true
484,can0,response_recv,7244.162570,6E1234,positive,true,true
484,nucleo,request_seen,7236.999000,2E123447C5A2,positive,true,true
484,nucleo,response_seen,7241.074000,6E1234,positive,true,true
485,can0,request_send,7256.389554,2E1234E4CCA523,positive,true,true
485,can0,response_recv,7258.886102,6E1234,positive,true,true
485,nucleo,request_seen,7251.558000,2E1234E4CCA523,positive,true,true
485,nucleo,response_seen,7255.633000,6E1234,positive,true,true
486,can0,request_send,7271.155829,2E2222829738,negative,false,true
486,can0,response_recv,7273.586587,7F2E31,negative,false,true
486,nucleo,request_seen,7266.329000,2E2222829738,negative,false,true
486,nucleo,response_seen,7270.408000,7F2E31,negative,false,true
487,can0,request_send,7285.912257,2E1234D7BC9F38,positive,true,true
487,can0,response_recv,7288.178469,6E1234,positive,true,true
487,nucleo,request_seen,7281.087000,2E1234D7BC9F38,positive,true,true
487,nucleo,response_seen,7285.160000,6E1234,positive,true,true
488,can0,request_send,7300.463282,2E12343B3A1F09,positive,true,true
488,can0,response_recv,7302.812535,6E1234,positive,true,true
488,nucleo,request_seen,7295.615000,2E12343B3A1F09,positive,true,true
488,nucleo,response_seen,7299.694000,6E1234,positive,true,true
489,can0,request_send,7315.167957,2E12340CA864,positive,true,true
489,can0,response_recv,7317.490252,6E1234,positive,true,true
489,nucleo,request_seen,7310.301000,2E12340CA864,positive,true,true
489,nucleo,response_seen,7314.384000,6E1234,positive,true,true
490,can0,request_send,7330.044093,2E1234DF,positive,true,true
490,can0,response_recv,7333.109639,6E1234,positive,true,true
490,nucleo,request_seen,7325.210000,2E1234DF,positive,true,true
490,nucleo,response_seen,7329.295000,6E1234,positive,true,true
491,can0,request_send,7345.357995,2E123463037271,positive,true,true
491,can0,response_recv,7347.689438,6E1234,positive,true,true
491,nucleo,request_seen,7340.469000,2E123463037271,positive,true,true
491,nucleo,response_seen,7344.548000,6E1234,positive,true,true
492,can0,request_send,7359.968734,2E10012E7451,negative,false,true
492,can0,response_recv,7362.404730,7F2E31,negative,false,true
492,nucleo,request_seen,7355.076000,2E10012E7451,negative,false,true
492,nucleo,response_seen,7359.156000,7F2E31,negative,false,true
493,can0,request_send,7374.790952,2E1234D7E9E4,positive,true,true
493,can0,response_recv,7377.036142,6E1234,positive,true,true
493,nucleo,request_seen,7369.888000,2E1234D7E9E4,positive,true,true
493,nucleo,response_seen,7373.969000,6E1234,positive,true,true
494,can0,request_send,7389.331710,2E123487184405,positive,true,true
494,can0,response_recv,7391.705128,6E1234,positive,true,true
494,nucleo,request_seen,7384.408000,2E123487184405,positive,true,true
494,nucleo,response_seen,7388.487000,6E1234,positive,true,true
495,can0,request_send,7403.982398,2E12343C39CCD8,positive,true,true
495,can0,response_recv,7406.330673,6E1234,positive,true,true
495,nucleo,request_seen,7399.077000,2E12343C39CCD8,positive,true,true
495,nucleo,response_seen,7403.149000,6E1234,positive,true,true
496,can0,request_send,7418.618419,2E123445A3A5,positive,true,true
496,can0,response_recv,7420.985971,6E1234,positive,true,true
496,nucleo,request_seen,7413.712000,2E123445A3A5,positive,true,true
496,nucleo,response_seen,7417.790000,6E1234,positive,true,true
497,can0,request_send,7433.285590,2E1234B02AB4,positive,true,true
497,can0,response_recv,7435.648951,6E1234,positive,true,true
497,nucleo,request_seen,7428.340000,2E1234B02AB4,positive,true,true
497,nucleo,response_seen,7432.419000,6E1234,positive,true,true
498,can0,request_send,7448.193574,2E1234B1060BF4,positive,true,true
498,can0,response_recv,7451.217075,6E1234,positive,true,true
498,nucleo,request_seen,7443.397000,2E1234B1060BF4,positive,true,true
498,nucleo,response_seen,7447.481000,6E1234,positive,true,true
499,can0,request_send,7463.716371,2E123414,positive,true,true
499,can0,response_recv,7466.861815,6E1234,positive,true,true
499,nucleo,request_seen,7458.762000,2E123414,positive,true,true
499,nucleo,response_seen,7462.849000,6E1234,positive,true,true
500,can0,request_send,7479.424666,2E1234BD,positive,true,true
500,can0,response_recv,7482.476384,6E1234,positive,true,true
500,nucleo,request_seen,7474.459000,2E1234BD,positive,true,true
500,nucleo,response_seen,7478.546000,6E1234,positive,true,true
501,can0,request_send,7494.791787,2E1234F9804A,positive,true,true
501,can0,response_recv,7497.164088,6E1234,positive,true,true
501,nucleo,request_seen,7489.817000,2E1234F9804A,positive,true,true
501,nucleo,response_seen,7493.895000,6E1234,positive,true,true
502,can0,request_send,7509.701447,2E1234,negative,false,true
502,can0,response_recv,7512.768948,7F2E13,negative,false,true
502,nucleo,request_seen,7504.716000,2E1234,negative,false,true
502,nucleo,response_seen,7508.806000,7F2E13,negative,false,true
503,can0,request_send,7525.024986,2E1234587DC508,positive,true,true
503,can0,response_recv,7527.396100,6E1234,positive,true,true
503,nucleo,request_seen,7520.017000,2E1234587DC508,positive,true,true
503,nucleo,response_seen,7524.094000,6E1234,positive,true,true
504,can0,request_send,7539.688455,2E100129F0,negative,false,true
504,can0,response_recv,7542.417087,7F2E31,negative,false,true
504,nucleo,request_seen,7534.685000,2E100129F0,negative,false,true
504,nucleo,response_seen,7538.772000,7F2E31,negative,false,true
505,can0,request_send,7554.725227,2E1234D1598C05,positive,true,true
505,can0,response_recv,7557.863687,6E1234,positive,true,true
505,nucleo,request_seen,7549.700000,2E1234D1598C05,positive,true,true
505,nucleo,response_seen,7553.779000,6E1234,positive,true,true
506,can0,request_send,7570.212684,2E123405,positive,true,true
506,can0,response_recv,7573.354077,6E1234,positive,true,true
506,nucleo,request_seen,7565.210000,2E123405,positive,true,true
506,nucleo,response_seen,7569.298000,6E1234,positive,true,true
507,can0,request_send,7585.650274,2E3333BA,negative,false,true
507,can0,response_recv,7587.913832,7F2E31,negative,false,true
507,nucleo,request_seen,7580.625000,2E3333BA,negative,false,true
507,nucleo,response_seen,7584.712000,7F2E31,negative,false,true
508,can0,request_send,7600.187750,2E1234E3F2D9,positive,true,true
508,can0,response_recv,7602.572831,6E1234,positive,true,true
508,nucleo,request_seen,7595.127000,2E1234E3F2D9,positive,true,true
508,nucleo,response_seen,7599.202000,6E1234,positive,true,true
509,can0,request_send,7614.825796,2E1234AA,positive,true,true
509,can0,response_recv,7617.242097,6E1234,positive,true,true
509,nucleo,request_seen,7609.827000,2E1234AA,positive,true,true
509,nucleo,response_seen,7613.913000,6E1234,positive,true,true
510,can0,request_send,7629.499113,2E1234A1FEDA,positive,true,true
510,can0,response_recv,7631.930220,6E1234,positive,true,true
510,nucleo,request_seen,7624.422000,2E1234A1FEDA,positive,true,true
510,nucleo,response_seen,7628.501000,6E1234,positive,true,true
511,can0,request_send,7644.242062,2E12346A9D1856,positive,true,true
511,can0,response_recv,7646.568267,6E1234,positive,true,true
511,nucleo,request_seen,7639.142000,2E12346A9D1856,positive,true,true
511,nucleo,response_seen,7643.214000,6E1234,positive,true,true
512,can0,request_send,7660.037170,2EF187D762B6,negative,false,true
512,can0,response_recv,7663.218583,7F2E31,negative,false,true
512,nucleo,request_seen,7654.969000,2EF187D762B6,negative,false,true
512,nucleo,response_seen,7659.046000,7F2E31,negative,false,true
513,can0,request_send,7675.694761,2E123401C0AF30,positive,true,true
513,can0,response_recv,7679.145971,6E1234,positive,true,true
513,nucleo,request_seen,7670.601000,2E123401C0AF30,positive,true,true
513,nucleo,response_seen,7674.680000,6E1234,positive,true,true
514,can0,request_send,7691.763019,2E12345EB5,positive,true,true
514,can0,response_recv,7694.402113,6E1234,positive,true,true
514,nucleo,request_seen,7686.662000,2E12345EB5,positive,true,true
514,nucleo,response_seen,7690.745000,6E1234,positive,true,true
515,can0,request_send,7706.922571,2E1234,negative,false,true
515,can0,response_recv,7710.357927,7F2E13,negative,false,true
515,nucleo,request_seen,7701.869000,2E1234,negative,false,true
515,nucleo,response_seen,7705.963000,7F2E13,negative,false,true
516,can0,request_send,7722.683387,2E33330C,negative,false,true
516,can0,response_recv,7725.701022,7F2E31,negative,false,true
516,nucleo,request_seen,7717.574000,2E33330C,negative,false,true
516,nucleo,response_seen,7721.665000,7F2E31,negative,false,true
517,can0,request_send,7738.004901,2E12348B0A,positive,true,true
517,can0,response_recv,7742.124353,6E1234,positive,true,true
517,nucleo,request_seen,7732.885000,2E12348B0A,positive,true,true
517,nucleo,response_seen,7736.975000,6E1234,positive,true,true
518,can0,request_send,7754.479356,2E12346ACD,positive,true,true
518,can0,response_recv,7756.938400,6E1234,positive,true,true
518,nucleo,request_seen,7749.343000,2E12346ACD,positive,true,true
518,nucleo,response_seen,7753.426000,6E1234,positive,true,true
519,can0,request_send,7769.257645,2E12345A8C1A,positive,true,true
519,can0,response_recv,7771.515825,6E1234,positive,true,true
519,nucleo,request_seen,7764.106000,2E12345A8C1A,positive,true,true
519,nucleo,response_seen,7768.182000,6E1234,positive,true,true
520,can0,request_send,7783.756847,2E1234BA034D,positive,true,true
520,can0,response_recv,7786.209326,6E1234,positive,true,true
520,nucleo,request_seen,7778.593000,2E1234BA034D,positive,true,true
520,nucleo,response_seen,7782.676000,6E1234,positive,true,true
521,can0,request_send,7798.479332,2E12345B5772,positive,true,true
521,can0,response_recv,7800.821601,6E1234,positive,true,true
521,nucleo,request_seen,7793.322000,2E12345B5772,positive,true,true
521,nucleo,response_seen,7797.401000,6E1234,positive,true,true
522,can0,request_send,7813.375792,2E1234CD,positive,true,true
522,can0,response_recv,7816.473744,6E1234,positive,true,true
522,nucleo,request_seen,7808.227000,2E1234CD,positive,true,true
522,nucleo,response_seen,7812.312000,6E1234,positive,true,true
523,can0,request_send,7829.037992,2E123411,positive,true,true
523,can0,response_recv,7832.095157,6E1234,positive,true,true
523,nucleo,request_seen,7823.897000,2E123411,positive,true,true
523,nucleo,response_seen,7827.986000,6E1234,positive,true,true
524,can0,request_send,7844.357690,2E10016E,negative,false,true
524,can0,response_recv,7846.715534,7F2E31,negative,false,true
524,nucleo,request_seen,7839.176000,2E10016E,negative,false,true
524,nucleo,response_seen,7843.265000,7F2E31,negative,false,true
525,can0,request_send,7859.253591,2E123455729014,positive,true,true
525,can0,response_recv,7862.374871,6E1234,positive,true,true
525,nucleo,request_seen,7854.049000,2E123455729014,positive,true,true
525,nucleo,response_seen,7858.122000,6E1234,positive,true,true
526,can0,request_send,7874.654864,2E123488,positive,true,true
526,can0,response_recv,7877.073680,6E1234,positive,true,true
526,nucleo,request_seen,7869.463000,2E123488,positive,true,true
526,nucleo,response_seen,7873.550000,6E1234,positive,true,true
527,can0,request_send,7889.402213,2E123410C94F21,positive,true,true
527,can0,response_recv,7891.630431,6E1234,positive,true,true
527,nucleo,request_seen,7884.174000,2E123410C94F21,positive,true,true
527,nucleo,response_seen,7888.247000,6E1234,positive,true,true
528,can0,request_send,7903.876552,2E1234ED83C7,positive,true,true
528,can0,response_recv,7906.308707,6E1234,positive,true,true
528,nucleo,request_seen,7898.651000,2E1234ED83C7,positive,true,true
528,nucleo,response_seen,7902.730000,6E1234,positive,true,true
529,can0,request_send,7918.606300,2E12343E35D3AA,positive,true,true
529,can0,response_recv,7920.973503,6E1234,positive,true,true
529,nucleo,request_seen,7913.377000,2E12343E35D3AA,positive,true,true
529,nucleo,response_seen,7917.451000,6E1234,positive,true,true
530,can0,request_send,7933.224792,2E123488E1,positive,true,true
530,can0,response_recv,7935.654432,6E1234,positive,true,true
530,nucleo,request_seen,7927.985000,2E123488E1,positive,true,true
530,nucleo,response_seen,7932.065000,6E1234,positive,true,true
531,can0,request_send,7948.016420,2E12349D7F,positive,true,true
531,can0,response_recv,7950.241635,6E1234,positive,true,true
531,nucleo,request_seen,7942.768000,2E12349D7F,positive,true,true
531,nucleo,response_seen,7946.851000,6E1234,positive,true,true
532,can0,request_send,7962.532942,2E33336DC465FD,negative,false,true
532,can0,response_recv,7964.902869,7F2E31,negative,false,true
532,nucleo,request_seen,7957.261000,2E33336DC465FD,negative,false,true
532,nucleo,response_seen,7961.333000,7F2E31,negative,false,true
533,can0,request_send,7977.464183,2E123483F37F,positive,true,true
533,can0,response_recv,7980.561786,6E1234,positive,true,true
533,nucleo,request_seen,7972.221000,2E123483F37F,positive,true,true
533,nucleo,response_seen,7976.298000,6E1234,positive,true,true
534,can0,request_send,7993.015895,2E12343B7D,positive,true,true
534,can0,response_recv,7996.244450,6E1234,positive,true,true
534,nucleo,request_seen,7987.737000,2E12343B7D,positive,true,true
534,nucleo,response_seen,7991.820000,6E1234,positive,true,true
535,can0,request_send,8008.610069,2E1234FE995D,positive,true,true
535,can0,response_recv,8011.780447,6E1234,positive,true,true
535,nucleo,request_seen,8003.340000,2E1234FE995D,positive,true,true
535,nucleo,response_seen,8007.419000,6E1234,positive,true,true
536,can0,request_send,8024.447292,2E123421,positive,true,true
536,can0,response_recv,8027.405911,6E1234,positive,true,true
536,nucleo,request_seen,8019.165000,2E123421,positive,true,true
536,nucleo,response_seen,8023.250000,6E1234,positive,true,true
537,can0,request_send,8039.677314,2E1234CCAD,positive,true,true
537,can0,response_recv,8042.125742,6E1234,positive,true,true
537,nucleo,request_seen,8034.355000,2E1234CCAD,positive,true,true
537,nucleo,response_seen,8038.438000,6E1234,positive,true,true
538,can0,request_send,8054.568047,2E123464398966,positive,true,true
538,can0,response_recv,8057.650844,6E1234,positive,true,true
538,nucleo,request_seen,8049.242000,2E123464398966,positive,true,true
538,nucleo,response_seen,8053.314000,6E1234,positive,true,true
539,can0,request_send,8069.999910,2E1234CE9A8F,positive,true,true
539,can0,response_recv,8072.347976,6E1234,positive,true,true
539,nucleo,request_seen,8064.675000,2E1234CE9A8F,positive,true,true
539,nucleo,response_seen,8068.753000,6E1234,positive,true,true
540,can0,request_send,8084.808231,2E123489,positive,true,true
540,can0,response_recv,8087.937542,6E1234,positive,true,true
540,nucleo,request_seen,8079.551000,2E123489,positive,true,true
540,nucleo,response_seen,8083.638000,6E1234,positive,true,true
541,can0,request_send,8100.231294,2E3333EF,negative,false,true
541,can0,response_recv,8102.687195,7F2E31,negative,false,true
541,nucleo,request_seen,8094.875000,2E3333EF,negative,false,true
541,nucleo,response_seen,8098.964000,7F2E31,negative,false,true
542,can0,request_send,8114.969354,2E1234D0D634,positive,true,true
542,can0,response_recv,8117.222226,6E1234,positive,true,true
542,nucleo,request_seen,8109.588000,2E1234D0D634,positive,true,true
542,nucleo,response_seen,8113.667000,6E1234,positive,true,true
543,can0,request_send,8129.678150,2E1234D1E4,positive,true,true
543,can0,response_recv,8131.879619,6E1234,positive,true,true
543,nucleo,request_seen,8124.307000,2E1234D1E4,positive,true,true
543,nucleo,response_seen,8128.390000,6E1234,positive,true,true
544,can0,request_send,8144.504489,2E123457F299,positive,true,true
544,can0,response_recv,8147.581000,6E1234,positive,true,true
544,nucleo,request_seen,8139.103000,2E123457F299,positive,true,true
544,nucleo,response_seen,8143.179000,6E1234,positive,true,true
545,can0,request_send,8159.867838,2E1234901BDC,positive,true,true
545,can0,response_recv,8162.218349,6E1234,positive,true,true
545,nucleo,request_seen,8154.470000,2E1234901BDC,positive,true,true
545,nucleo,response_seen,8158.549000,6E1234,positive,true,true
546,can0,request_send,8174.563504,2E12348424,positive,true,true
546,can0,response_recv,8176.839633,6E1234,positive,true,true
546,nucleo,request_seen,8169.183000,2E12348424,positive,true,true
546,nucleo,response_seen,8173.264000,6E1234,positive,true,true
547,can0,request_send,8189.140929,2E1234C6DE99E6,positive,true,true
547,can0,response_recv,8191.489553,6E1234,positive,true,true
547,nucleo,request_seen,8183.702000,2E1234C6DE99E6,positive,true,true
547,nucleo,response_seen,8187.777000,6E1234,positive,true,true
548,can0,request_send,8203.730436,2E1234FE,positive,true,true
548,can0,response_recv,8206.096241,6E1234,positive,true,true
548,nucleo,request_seen,8198.311000,2E1234FE,positive,true,true
548,nucleo,response_seen,8202.397000,6E1234,positive,true,true
549,can0,request_send,8218.358775,2E123465,positive,true,true
549,can0,response_recv,8220.845615,6E1234,positive,true,true
549,nucleo,request_seen,8212.934000,2E123465,positive,true,true
549,nucleo,response_seen,8217.021000,6E1234,positive,true,true
550,can0,request_send,8233.114225,2E1001DA6EC6,negative,false,true
550,can0,response_recv,8235.436240,7F2E31,negative,false,true
550,nucleo,request_seen,8227.656000,2E1001DA6EC6,negative,false,true
550,nucleo,response_seen,8231.739000,7F2E31,negative,false,true
551,can0,request_send,8247.722519,2E1234EDE6EE,positive,true,true
551,can0,response_recv,8250.099919,6E1234,positive,true,true
551,nucleo,request_seen,8242.245000,2E1234EDE6EE,positive,true,true
551,nucleo,response_seen,8246.321000,6E1234,positive,true,true
552,can0,request_send,8262.322852,2E123494BC81CA,positive,true,true
552,can0,response_recv,8264.690334,6E1234,positive,true,true
552,nucleo,request_seen,8256.835000,2E123494BC81CA,positive,true,true
552,nucleo,response_seen,8260.910000,6E1234,positive,true,true
553,can0,request_send,8277.048480,2E12340CBD,positive,true,true
553,can0,response_recv,8279.382857,6E1234,positive,true,true
553,nucleo,request_seen,8271.599000,2E12340CBD,positive,true,true
553,nucleo,response_seen,8275.686000,6E1234,positive,true,true
554,can0,request_send,8291.627511,2E12345459,positive,true,true
554,can0,response_recv,8294.033405,6E1234,positive,true,true
554,nucleo,request_seen,8286.130000,2E12345459,positive,true,true
554,nucleo,response_seen,8290.210000,6E1234,positive,true,true
555,can0,request_send,8306.287488,2E12341B,positive,true,true
555,can0,response_recv,8308.674176,6E1234,positive,true,true
555,nucleo,request_seen,8300.795000,2E12341B,positive,true,true
555,nucleo,response_seen,8304.882000,6E1234,positive,true,true
556,can0,request_send,8321.154265,2E33336F21,negative,false,true
556,can0,response_recv,8324.263322,7F2E31,negative,false,true
556,nucleo,request_seen,8315.635000,2E33336F21,negative,false,true
556,nucleo,response_seen,8319.718000,7F2E31,negative,false,true
557,can0,request_send,8336.484928,2E100175,negative,false,true
557,can0,response_recv,8338.910378,7F2E31,negative,false,true
557,nucleo,request_seen,8330.980000,2E100175,negative,false,true
557,nucleo,response_seen,8335.068000,7F2E31,negative,false,true
558,can0,request_send,8351.239680,2E1234573AE7,positive,true,true
558,can0,response_recv,8353.573708,6E1234,positive,true,true
558,nucleo,request_seen,8345.726000,2E1234573AE7,positive,true,true
558,nucleo,response_seen,8349.805000,6E1234,positive,true,true
559,can0,request_send,8365.859987,2E1234BA03B0C0,positive,true,true
559,can0,response_recv,8368.244720,6E1234,positive,true,true
559,nucleo,request_seen,8360.321000,2E1234BA03B0C0,positive,true,true
559,nucleo,response_seen,8364.400000,6E1234,positive,true,true
560,can0,request_send,8380.558447,2E1234DF75BC,positive,true,true
560,can0,response_recv,8382.891148,6E1234,positive,true,true
560,nucleo,request_seen,8375.052000,2E1234DF75BC,positive,true,true
560,nucleo,response_seen,8379.129000,6E1234,positive,true,true
561,can0,request_send,8395.418030,2E10014B5424,negative,false,true
561,can0,response_recv,8398.567456,7F2E31,negative,false,true
561,nucleo,request_seen,8389.899000,2E10014B5424,negative,false,true
561,nucleo,response_seen,8393.985000,7F2E31,negative,false,true
562,can0,request_send,8410.851081,2E123491F735,positive,true,true
562,can0,response_recv,8413.254601,6E1234,positive,true,true
562,nucleo,request_seen,8405.298000,2E123491F735,positive,true,true
562,nucleo,response_seen,8409.374000,6E1234,positive,true,true
563,can0,request_send,8425.599757,2E12347C76,positive,true,true
563,can0,response_recv,8428.830268,6E1234,positive,true,true
563,nucleo,request_seen,8420.060000,2E12347C76,positive,true,true
563,nucleo,response_seen,8424.141000,6E1234,positive,true,true
564,can0,request_send,8441.227106,2E12346E,positive,true,true
564,can0,response_recv,8444.426608,6E1234,positive,true,true
564,nucleo,request_seen,8435.679000,2E12346E,positive,true,true
564,nucleo,response_seen,8439.766000,6E1234,positive,true,true
565,can0,request_send,8456.757167,2E1234FA,positive,true,true
565,can0,response_recv,8459.086096,6E1234,positive,true,true
565,nucleo,request_seen,8451.185000,2E1234FA,positive,true,true
565,nucleo,response_seen,8455.269000,6E1234,positive,true,true
566,can0,request_send,8471.386274,2E33337D,negative,false,true
566,can0,response_recv,8473.697533,7F2E31,negative,false,true
566,nucleo,request_seen,8465.798000,2E33337D,negative,false,true
566,nucleo,response_seen,8469.884000,7F2E31,negative,false,true
567,can0,request_send,8486.009933,2E22226C,negative,false,true
567,can0,response_recv,8488.372387,7F2E31,negative,false,true
567,nucleo,request_seen,8480.413000,2E22226C,negative,false,true
567,nucleo,response_seen,8484.499000,7F2E31,negative,false,true
568,can0,request_send,8500.675847,2E12344D84,positive,true,true
568,can0,response_recv,8502.994649,6E1234,positive,true,true
568,nucleo,request_seen,8495.050000,2E12344D84,positive,true,true
568,nucleo,response_seen,8499.131000,6E1234,positive,true,true
569,can0,request_send,8515.241608,2E123439A70017,positive,true,true
569,can0,response_recv,8517.633604,6E1234,positive,true,true
569,nucleo,request_seen,8509.586000,2E123439A70017,positive,true,true
569,nucleo,response_seen,8513.665000,6E1234,positive,true,true
570,can0,request_send,8529.829998,2E123447,positive,true,true
570,can0,response_recv,8532.290718,6E1234,positive,true,true
570,nucleo,request_seen,8524.232000,2E123447,positive,true,true
570,nucleo,response_seen,8528.317000,6E1234,positive,true,true
571,can0,request_send,8544.558280,2E1234C7EBBA02,positive,true,true
571,can0,response_recv,8546.917799,6E1234,positive,true,true
571,nucleo,request_seen,8538.892000,2E1234C7EBBA02,positive,true,true
571,nucleo,response_seen,8542.974000,6E1234,positive,true,true
572,can0,request_send,8559.390346,2E1234A6,positive,true,true
572,can0,response_recv,8562.576578,6E1234,positive,true,true
572,nucleo,request_seen,8553.846000,2E1234A6,positive,true,true
572,nucleo,response_seen,8557.933000,6E1234,positive,true,true
573,can0,request_send,8575.020838,2E1234DEA62F8D,positive,true,true
573,can0,response_recv,8578.124448,6E1234,positive,true,true
573,nucleo,request_seen,8569.451000,2E1234DEA62F8D,positive,true,true
573,nucleo,response_seen,8573.526000,6E1234,positive,true,true
574,can0,request_send,8590.350384,2E1234E911E4,positive,true,true
574,can0,response_recv,8593.283511,6E1234,positive,true,true
574,nucleo,request_seen,8584.644000,2E1234E911E4,positive,true,true
574,nucleo,response_seen,8588.723000,6E1234,positive,true,true
575,can0,request_send,8605.559943,2E123451FE44,positive,true,true
575,can0,response_recv,8608.433146,6E1234,positive,true,true
575,nucleo,request_seen,8599.858000,2E123451FE44,positive,true,true
575,nucleo,response_seen,8603.937000,6E1234,positive,true,true
576,can0,request_send,8620.739050,2E1234DFEA,positive,true,true
576,can0,response_recv,8624.030184,6E1234,positive,true,true
576,nucleo,request_seen,8615.050000,2E1234DFEA,positive,true,true
576,nucleo,response_seen,8619.131000,6E1234,positive,true,true
577,can0,request_send,8636.353689,2E3333644179,negative,false,true
577,can0,response_recv,8638.737024,7F2E31,negative,false,true
577,nucleo,request_seen,8630.641000,2E3333644179,negative,false,true
577,nucleo,response_seen,8634.720000,7F2E31,negative,false,true
578,can0,request_send,8651.022396,2E1234,negative,false,true
578,can0,response_recv,8653.359776,7F2E13,negative,false,true
578,nucleo,request_seen,8645.299000,2E1234,negative,false,true
578,nucleo,response_seen,8649.389000,7F2E13,negative,false,true
579,can0,request_send,8665.668684,2E123495218BEA,positive,true,true
579,can0,response_recv,8668.070737,6E1234,positive,true,true
579,nucleo,request_seen,8659.925000,2E123495218BEA,positive,true,true
579,nucleo,response_seen,8664.001000,6E1234,positive,true,true
580,can0,request_send,8680.391378,2E123429,positive,true,true
580,can0,response_recv,8682.666600,6E1234,positive,true,true
580,nucleo,request_seen,8674.637000,2E123429,positive,true,true
580,nucleo,response_seen,8678.724000,6E1234,positive,true,true
581,can0,request_send,8695.052892,2E12346D4816,positive,true,true
581,can0,response_recv,8697.611390,6E1234,positive,true,true
581,nucleo,request_seen,8689.280000,2E12346D4816,positive,true,true
581,nucleo,response_seen,8693.357000,6E1234,positive,true,true
582,can0,request_send,8710.390959,2E12347FA4,positive,true,true
582,can0,response_recv,8712.923545,6E1234,positive,true,true
582,nucleo,request_seen,8704.599000,2E12347FA4,positive,true,true
582,nucleo,response_seen,8708.682000,6E1234,positive,true,true
583,can0,request_send,8725.355584,2E12341CCC1A99,positive,true,true
583,can0,response_recv,8728.534412,6E1234,positive,true,true
583,nucleo,request_seen,8719.682000,2E12341CCC1A99,positive,true,true
583,nucleo,response_seen,8723.757000,6E1234,positive,true,true
584,can0,request_send,8740.776203,2E1234A12A68AC,positive,true,true
584,can0,response_recv,8743.195158,6E1234,positive,true,true
584,nucleo,request_seen,8734.968000,2E1234A12A68AC,positive,true,true
584,nucleo,response_seen,8739.040000,6E1234,positive,true,true
585,can0,request_send,8755.590739,2E1234EA23,positive,true,true
585,can0,response_recv,8758.800786,6E1234,positive,true,true
585,nucleo,request_seen,8749.934000,2E1234EA23,positive,true,true
585,nucleo,response_seen,8754.018000,6E1234,positive,true,true
586,can0,request_send,8771.023161,2E1234ECCC,positive,true,true
586,can0,response_recv,8773.475430,6E1234,positive,true,true
586,nucleo,request_seen,8765.201000,2E1234ECCC,positive,true,true
586,nucleo,response_seen,8769.282000,6E1234,positive,true,true
587,can0,request_send,8785.818351,2E10017321,negative,false,true
587,can0,response_recv,8788.207553,7F2E31,negative,false,true
587,nucleo,request_seen,8780.055000,2E10017321,negative,false,true
587,nucleo,response_seen,8784.140000,7F2E31,negative,false,true
588,can0,request_send,8800.467782,2E12343CDA13,positive,true,true
588,can0,response_recv,8802.810260,6E1234,positive,true,true
588,nucleo,request_seen,8794.613000,2E12343CDA13,positive,true,true
588,nucleo,response_seen,8798.691000,6E1234,positive,true,true
589,can0,request_send,8815.043251,2E12343195,positive,true,true
589,can0,response_recv,8817.485323,6E1234,positive,true,true
589,nucleo,request_seen,8809.202000,2E12343195,positive,true,true
589,nucleo,response_seen,8813.283000,6E1234,positive,true,true
590,can0,request_send,8829.769717,2E12342D,positive,true,true
590,can0,response_recv,8832.062887,6E1234,positive,true,true
590,nucleo,request_seen,8823.930000,2E12342D,positive,true,true
590,nucleo,response_seen,8828.017000,6E1234,positive,true,true
591,can0,request_send,8844.291897,2E1234,negative,false,true
591,can0,response_recv,8846.762045,7F2E13,negative,false,true
591,nucleo,request_seen,8838.416000,2E1234,negative,false,true
591,nucleo,response_seen,8842.507000,7F2E13,negative,false,true
592,can0,request_send,8859.138420,2E123439BC1E,positive,true,true
592,can0,response_recv,8863.519148,6E1234,positive,true,true
592,nucleo,request_seen,8853.259000,2E123439BC1E,positive,true,true
592,nucleo,response_seen,8857.336000,6E1234,positive,true,true
593,can0,request_send,8875.866120,2E12348D83,positive,true,true
593,can0,response_recv,8879.149641,6E1234,positive,true,true
593,nucleo,request_seen,8869.984000,2E12348D83,positive,true,true
593,nucleo,response_seen,8874.064000,6E1234,positive,true,true
594,can0,request_send,8892.811306,2E1001C4CE,negative,false,true
594,can0,response_recv,8895.692121,7F2E31,negative,false,true
594,nucleo,request_seen,8886.980000,2E1001C4CE,negative,false,true
594,nucleo,response_seen,8891.065000,7F2E31,negative,false,true
595,can0,request_send,8908.613817,2E1234B3053DDC,positive,true,true
595,can0,response_recv,8911.164144,6E1234,positive,true,true
595,nucleo,request_seen,8902.823000,2E1234B3053DDC,positive,true,true
595,nucleo,response_seen,8906.902000,6E1234,positive,true,true
596,can0,request_send,8923.533604,2E123497,positive,true,true
596,can0,response_recv,8925.783263,6E1234,positive,true,true
596,nucleo,request_seen,8917.731000,2E123497,positive,true,true
596,nucleo,response_seen,8921.818000,6E1234,positive,true,true
597,can0,request_send,8938.237372,2E123440390E,positive,true,true
597,can0,response_recv,8940.499253,6E1234,positive,true,true
597,nucleo,request_seen,8932.295000,2E123440390E,positive,true,true
597,nucleo,response_seen,8936.376000,6E1234,positive,true,true
598,can0,request_send,8953.105895,2E12349301C336,positive,true,true
598,can0,response_recv,8956.447733,6E1234,positive,true,true
598,nucleo,request_seen,8947.359000,2E12349301C336,positive,true,true
598,nucleo,response_seen,8951.438000,6E1234,positive,true,true
599,can0,request_send,8968.866152,2E1234756BCF6C,positive,true,true
599,can0,response_recv,8971.871495,6E1234,positive,true,true
599,nucleo,request_seen,8962.900000,2E1234756BCF6C,positive,true,true
599,nucleo,response_seen,8966.977000,6E1234,positive,true,true
600,can0,request_send,8984.508238,2E123465AB76,positive,true,true
600,can0,response_recv,8987.381372,6E1234,positive,true,true
600,nucleo,request_seen,8978.561000,2E123465AB76,positive,true,true
600,nucleo,response_seen,8982.639000,6E1234,positive,true,true
601,can0,request_send,8999.693772,2E12342BA800C9,positive,true,true
601,can0,response_recv,9002.077666,6E1234,positive,true,true
601,nucleo,request_seen,8993.707000,2E12342BA800C9,positive,true,true
601,nucleo,response_seen,8997.786000,6E1234,positive,true,true
602,can0,request_send,9014.292917,2E2222A1B81A,negative,false,true
602,can0,response_recv,9016.640773,7F2E31,negative,false,true
602,nucleo,request_seen,9008.303000,2E2222A1B81A,negative,false,true
602,nucleo,response_seen,9012.381000,7F2E31,negative,false,true
603,can0,request_send,9028.872227,2E1234B4E5,positive,true,true
603,can0,response_recv,9031.311995,6E1234,positive,true,true
603,nucleo,request_seen,9022.884000,2E1234B4E5,positive,true,true
603,nucleo,response_seen,9026.969000,6E1234,positive,true,true
604,can0,request_send,9043.728528,2E1234888813F3,positive,true,true
604,can0,response_recv,9046.872296,6E1234,positive,true,true
604,nucleo,request_seen,9037.858000,2E1234888813F3,positive,true,true
604,nucleo,response_seen,9041.933000,6E1234,positive,true,true
605,can0,request_send,9059.264316,2E1234C587,positive,true,true
605,can0,response_recv,9061.805353,6E1234,positive,true,true
605,nucleo,request_seen,9053.389000,2E1234C587,positive,true,true
605,nucleo,response_seen,9057.472000,6E1234,positive,true,true
606,can0,request_send,9074.059925,2E2222EB18,negative,false,true
606,can0,response_recv,9076.225774,7F2E31,negative,false,true
606,nucleo,request_seen,9068.039000,2E2222EB18,negative,false,true
606,nucleo,response_seen,9072.120000,7F2E31,negative,false,true
607,can0,request_send,9088.490473,2E12343A,positive,true,true
607,can0,response_recv,9091.059936,6E1234,positive,true,true
607,nucleo,request_seen,9082.457000,2E12343A,positive,true,true
607,nucleo,response_seen,9086.544000,6E1234,positive,true,true
608,can0,request_send,9103.299631,2E1234B90E2A04,positive,true,true
608,can0,response_recv,9105.539024,6E1234,positive,true,true
608,nucleo,request_seen,9097.241000,2E1234B90E2A04,positive,true,true
608,nucleo,response_seen,9101.322000,6E1234,positive,true,true
609,can0,request_send,9117.841646,2E1234496B2E,positive,true,true
609,can0,response_recv,9120.148505,6E1234,positive,true,true
609,nucleo,request_seen,9111.802000,2E1234496B2E,positive,true,true
609,nucleo,response_seen,9115.880000,6E1234,positive,true,true
610,can0,request_send,9132.461534,2E22229EAB0DFE,negative,false,true
610,can0,response_recv,9134.897740,7F2E31,negative,false,true
610,nucleo,request_seen,9126.385000,2E22229EAB0DFE,negative,false,true
610,nucleo,response_seen,9130.465000,7F2E31,negative,false,true
611,can0,request_send,9147.262660,2E12346E09,positive,true,true
611,can0,response_recv,9149.452047,6E1234,positive,true,true
611,nucleo,request_seen,9141.201000,2E12346E09,positive,true,true
611,nucleo,response_seen,9145.285000,6E1234,positive,true,true
612,can0,request_send,9161.726872,2E12345FB148,positive,true,true
612,can0,response_recv,9164.121592,6E1234,positive,true,true
612,nucleo,request_seen,9155.638000,2E12345FB148,positive,true,true
612,nucleo,response_seen,9159.717000,6E1234,positive,true,true
613,can0,request_send,9176.400398,2E12348EEE57DD,positive,true,true
613,can0,response_recv,9178.831576,6E1234,positive,true,true
613,nucleo,request_seen,9170.284000,2E12348EEE57DD,positive,true,true
613,nucleo,response_seen,9174.357000,6E1234,positive,true,true
614,can0,request_send,9191.328008,2E12349D,positive,true,true
614,can0,response_recv,9194.447401,6E1234,positive,true,true
614,nucleo,request_seen,9185.374000,2E12349D,positive,true,true
614,nucleo,response_seen,9189.461000,6E1234,positive,true,true
615,can0,request_send,9206.682836,2E1234ECCD45,positive,true,true
615,can0,response_recv,9209.392191,6E1234,positive,true,true
615,nucleo,request_seen,9200.551000,2E1234ECCD45,positive,true,true
615,nucleo,response_seen,9204.630000,6E1234,positive,true,true
616,can0,request_send,9223.188790,2E12349B33F709,positive,true,true
616,can0,response_recv,9225.774386,6E1234,positive,true,true
616,nucleo,request_seen,9217.048000,2E12349B33F709,positive,true,true
616,nucleo,response_seen,9221.125000,6E1234,positive,true,true
617,can0,request_send,9238.481669,2E1234E7,positive,true,true
617,can0,response_recv,9241.282516,6E1234,positive,true,true
617,nucleo,request_seen,9232.348000,2E1234E7,positive,true,true
617,nucleo,response_seen,9236.434000,6E1234,positive,true,true
618,can0,request_send,9253.559437,2E1234BDEBE766,positive,true,true
618,can0,response_recv,9256.128062,6E1234,positive,true,true
618,nucleo,request_seen,9247.401000,2E1234BDEBE766,positive,true,true
618,nucleo,response_seen,9251.476000,6E1234,positive,true,true
619,can0,request_send,9268.489560,2E1234BBF4ED29,positive,true,true
619,can0,response_recv,9271.910878,6E1234,positive,true,true
619,nucleo,request_seen,9262.341000,2E1234BBF4ED29,positive,true,true
619,nucleo,response_seen,9266.416000,6E1234,positive,true,true
620,can0,request_send,9284.224395,2E1001E5,negative,false,true
620,can0,response_recv,9287.193700,7F2E31,negative,false,true
620,nucleo,request_seen,9278.061000,2E1001E5,negative,false,true
620,nucleo,response_seen,9282.150000,7F2E31,negative,false,true
621,can0,request_send,9299.512526,2E1234C8C6D91A,positive,true,true
621,can0,response_recv,9301.915068,6E1234,positive,true,true
621,nucleo,request_seen,9293.333000,2E1234C8C6D91A,positive,true,true
621,nucleo,response_seen,9297.408000,6E1234,positive,true,true
622,can0,request_send,9314.266230,2E123439451D,positive,true,true
622,can0,response_recv,9316.465534,6E1234,positive,true,true
622,nucleo,request_seen,9308.082000,2E123439451D,positive,true,true
622,nucleo,response_seen,9312.158000,6E1234,positive,true,true
623,can0,request_send,9328.711654,2E100198A8,negative,false,true
623,can0,response_recv,9331.120971,7F2E31,negative,false,true
623,nucleo,request_seen,9322.518000,2E100198A8,negative,false,true
623,nucleo,response_seen,9326.605000,7F2E31,negative,false,true
624,can0,request_send,9343.449923,2E1234,negative,false,true
624,can0,response_recv,9345.810980,7F2E13,negative,false,true
624,nucleo,request_seen,9337.257000,2E1234,negative,false,true
624,nucleo,response_seen,9341.345000,7F2E13,negative,false,true
625,can0,request_send,9358.108783,2E1234E99A,positive,true,true
625,can0,response_recv,9360.392176,6E1234,positive,true,true
625,nucleo,request_seen,9351.921000,2E1234E99A,positive,true,true
625,nucleo,response_seen,9356.005000,6E1234,positive,true,true
626,can0,request_send,9372.756538,2E2222130F,negative,false,true
626,can0,response_recv,9375.117594,7F2E31,negative,false,true
626,nucleo,request_seen,9366.556000,2E2222130F,negative,false,true
626,nucleo,response_seen,9370.643000,7F2E31,negative,false,true
627,can0,request_send,9387.417772,2E123412C1,positive,true,true
627,can0,response_recv,9389.721139,6E1234,positive,true,true
627,nucleo,request_seen,9381.205000,2E123412C1,positive,true,true
627,nucleo,response_seen,9385.284000,6E1234,positive,true,true
628,can0,request_send,9402.027812,2E123476AD9593,positive,true,true
628,can0,response_recv,9404.382164,6E1234,positive,true,true
628,nucleo,request_seen,9395.790000,2E123476AD9593,positive,true,true
628,nucleo,response_seen,9399.865000,6E1234,positive,true,true
629,can0,request_send,9416.625980,2E1234FD,positive,true,true
629,can0,response_recv,9419.144947,6E1234,positive,true,true
629,nucleo,request_seen,9410.393000,2E1234FD,positive,true,true
629,nucleo,response_seen,9414.479000,6E1234,positive,true,true
630,can0,request_send,9431.423265,2E1234B62E,positive,true,true
630,can0,response_recv,9433.626829,6E1234,positive,true,true
630,nucleo,request_seen,9425.165000,2E1234B62E,positive,true,true
630,nucleo,response_seen,9429.246000,6E1234,positive,true,true
631,can0,request_send,9445.890969,2E123438D00E,positive,true,true
631,can0,response_recv,9448.308876,6E1234,positive,true,true
631,nucleo,request_seen,9439.634000,2E123438D00E,positive,true,true
631,nucleo,response_seen,9443.717000,6E1234,positive,true,true
632,can0,request_send,9460.575670,2E123413,positive,true,true
632,can0,response_recv,9463.010758,6E1234,positive,true,true
632,nucleo,request_seen,9454.312000,2E123413,positive,true,true
632,nucleo,response_seen,9458.399000,6E1234,positive,true,true
633,can0,request_send,9475.302555,2E12349CF7C8,positive,true,true
633,can0,response_recv,9477.591605,6E1234,positive,true,true
633,nucleo,request_seen,9469.022000,2E12349CF7C8,positive,true,true
633,nucleo,response_seen,9473.098000,6E1234,positive,true,true
634,can0,request_send,9489.829903,2E12341C1C,positive,true,true
634,can0,response_recv,9492.253747,6E1234,positive,true,true
634,nucleo,request_seen,9483.593000,2E12341C1C,positive,true,true
634,nucleo,response_seen,9487.676000,6E1234,positive,true,true
635,can0,request_send,9504.539537,2E12342C2D,positive,true,true
635,can0,response_recv,9509.139009,6E1234,positive,true,true
635,nucleo,request_seen,9498.260000,2E12342C2D,positive,true,true
635,nucleo,response_seen,9502.341000,6E1234,positive,true,true
636,can0,request_send,9523.856256,2EF18720BE,negative,false,true
636,can0,response_recv,9526.516862,7F2E31,negative,false,true
636,nucleo,request_seen,9517.571000,2EF18720BE,negative,false,true
636,nucleo,response_seen,9521.654000,7F2E31,negative,false,true
637,can0,request_send,9538.823395,2E1234DE,positive,true,true
637,can0,response_recv,9541.116286,6E1234,positive,true,true
637,nucleo,request_seen,9532.570000,2E1234DE,positive,true,true
637,nucleo,response_seen,9536.656000,6E1234,positive,true,true
638,can0,request_send,9553.550699,2E1234FF331C2E,positive,true,true
638,can0,response_recv,9556.674562,6E1234,positive,true,true
638,nucleo,request_seen,9547.348000,2E1234FF331C2E,positive,true,true
638,nucleo,response_seen,9551.422000,6E1234,positive,true,true
639,can0,request_send,9568.969502,2E1234CF7ECE,positive,true,true
639,can0,response_recv,9571.341524,6E1234,positive,true,true
639,nucleo,request_seen,9562.642000,2E1234CF7ECE,positive,true,true
639,nucleo,response_seen,9566.721000,6E1234,positive,true,true
640,can0,request_send,9583.591974,2E1001AFF899,negative,false,true
640,can0,response_recv,9586.535717,7F2E31,negative,false,true
640,nucleo,request_seen,9577.249000,2E1001AFF899,negative,false,true
640,nucleo,response_seen,9581.330000,7F2E31,negative,false,true
641,can0,request_send,9598.879476,2EF187578FEE,negative,false,true
641,can0,response_recv,9601.659231,7F2E31,negative,false,true
641,nucleo,request_seen,9592.516000,2EF187578FEE,negative,false,true
641,nucleo,response_seen,9596.595000,7F2E31,negative,false,true
642,can0,request_send,9614.052298,2E12349028,positive,true,true
642,can0,response_recv,9616.295532,6E1234,positive,true,true
642,nucleo,request_seen,9607.708000,2E12349028,positive,true,true
642,nucleo,response_seen,9611.790000,6E1234,positive,true,true
643,can0,request_send,9628.914675,2E123415F6690E,positive,true,true
643,can0,response_recv,9631.912545,6E1234,positive,true,true
643,nucleo,request_seen,9622.594000,2E123415F6690E,positive,true,true
643,nucleo,response_seen,9626.673000,6E1234,positive,true,true
644,can0,request_send,9644.399758,2E123421,positive,true,true
644,can0,response_recv,9647.518593,6E1234,positive,true,true
644,nucleo,request_seen,9638.013000,2E123421,positive,true,true
644,nucleo,response_seen,9642.098000,6E1234,positive,true,true
645,can0,request_send,9660.072714,2E1234E02E60,positive,true,true
645,can0,response_recv,9663.215993,6E1234,positive,true,true
645,nucleo,request_seen,9653.675000,2E1234E02E60,positive,true,true
645,nucleo,response_seen,9657.754000,6E1234,positive,true,true
646,can0,request_send,9675.517777,2E1234FF,positive,true,true
646,can0,response_recv,9677.853761,6E1234,positive,true,true
646,nucleo,request_seen,9669.111000,2E1234FF,positive,true,true
646,nucleo,response_seen,9673.196000,6E1234,positive,true,true
647,can0,request_send,9690.387628,2E12346705,positive,true,true
647,can0,response_recv,9693.445910,6E1234,positive,true,true
647,nucleo,request_seen,9683.986000,2E12346705,positive,true,true
647,nucleo,response_seen,9688.070000,6E1234,positive,true,true
648,can0,request_send,9705.692589,2E1234E582F03A,positive,true,true
648,can0,response_recv,9708.067893,6E1234,positive,true,true
648,nucleo,request_seen,9699.247000,2E1234E582F03A,positive,true,true
648,nucleo,response_seen,9703.320000,6E1234,positive,true,true
649,can0,request_send,9720.345303,2E1234377F5455,positive,true,true
649,can0,response_recv,9722.693020,6E1234,positive,true,true
649,nucleo,request_seen,9713.907000,2E1234377F5455,positive,true,true
649,nucleo,response_seen,9717.984000,6E1234,positive,true,true
650,can0,request_send,9735.017362,2E1234332E,positive,true,true
650,can0,response_recv,9737.387009,6E1234,positive,true,true
650,nucleo,request_seen,9728.557000,2E1234332E,positive,true,true
650,nucleo,response_seen,9732.640000,6E1234,positive,true,true
651,can0,request_send,9749.750324,2E1234CE,positive,true,true
651,can0,response_recv,9752.122834,6E1234,positive,true,true
651,nucleo,request_seen,9743.281000,2E1234CE,positive,true,true
651,nucleo,response_seen,9747.365000,6E1234,positive,true,true
652,can0,request_send,9764.405901,2E1234D91EE2,positive,true,true
652,can0,response_recv,9766.657725,6E1234,positive,true,true
652,nucleo,request_seen,9757.918000,2E1234D91EE2,positive,true,true
652,nucleo,response_seen,9761.998000,6E1234,positive,true,true
653,can0,request_send,9779.153808,2E1234,negative,false,true
653,can0,response_recv,9782.310218,7F2E13,negative,false,true
653,nucleo,request_seen,9772.678000,2E1234,negative,false,true
653,nucleo,response_seen,9776.769000,7F2E13,negative,false,true
654,can0,request_send,9794.882078,2E123411,positive,true,true
654,can0,response_recv,9797.899154,6E1234,positive,true,true
654,nucleo,request_seen,9788.424000,2E123411,positive,true,true
654,nucleo,response_seen,9792.511000,6E1234,positive,true,true
655,can0,request_send,9810.421917,2EF187F3E2,negative,false,true
655,can0,response_recv,9813.546199,7F2E31,negative,false,true
655,nucleo,request_seen,9803.916000,2EF187F3E2,negative,false,true
655,nucleo,response_seen,9808.000000,7F2E31,negative,false,true
656,can0,request_send,9825.843444,2E12345E,positive,true,true
656,can0,response_recv,9828.239351,6E1234,positive,true,true
656,nucleo,request_seen,9819.364000,2E12345E,positive,true,true
656,nucleo,response_seen,9823.451000,6E1234,positive,true,true
657,can0,request_send,9840.517668,2E12344D516B93,positive,true,true
657,can0,response_recv,9842.885918,6E1234,positive,true,true
657,nucleo,request_seen,9833.967000,2E12344D516B93,positive,true,true
657,nucleo,response_seen,9838.040000,6E1234,positive,true,true
658,can0,request_send,9855.161442,2E1234EE71,positive,true,true
658,can0,response_recv,9857.516841,6E1234,positive,true,true
658,nucleo,request_seen,9848.619000,2E1234EE71,positive,true,true
658,nucleo,response_seen,9852.701000,6E1234,positive,true,true
659,can0,request_send,9870.129699,2E10012D,negative,false,true
659,can0,response_recv,9873.279054,7F2E31,negative,false,true
659,nucleo,request_seen,9863.601000,2E10012D,negative,false,true
659,nucleo,response_seen,9867.692000,7F2E31,negative,false,true
660,can0,request_send,9885.569105,2E123418D3E9,positive,true,true
660,can0,response_recv,9887.766942,6E1234,positive,true,true
660,nucleo,request_seen,9879.004000,2E123418D3E9,positive,true,true
660,nucleo,response_seen,9883.081000,6E1234,positive,true,true
661,can0,request_send,9900.023958,2E12342A,positive,true,true
661,can0,response_recv,9902.489358,6E1234,positive,true,true
661,nucleo,request_seen,9893.463000,2E12342A,positive,true,true
661,nucleo,response_seen,9897.550000,6E1234,positive,true,true
662,can0,request_send,9914.895834,2E22228DAC,negative,false,true
662,can0,response_recv,9918.089818,7F2E31,negative,false,true
662,nucleo,request_seen,9908.332000,2E22228DAC,negative,false,true
662,nucleo,response_seen,9912.414000,7F2E31,negative,false,true
663,can0,request_send,9930.671457,2E123471,positive,true,true
663,can0,response_recv,9933.900571,6E1234,positive,true,true
663,nucleo,request_seen,9924.306000,2E123471,positive,true,true
663,nucleo,response_seen,9928.393000,6E1234,positive,true,true
664,can0,request_send,9946.743695,2E1234,negative,false,true
664,can0,response_recv,9949.274466,7F2E13,negative,false,true
664,nucleo,request_seen,9940.161000,2E1234,negative,false,true
664,nucleo,response_seen,9944.250000,7F2E13,negative,false,true
665,can0,request_send,9961.596854,2EF187C4,negative,false,true
665,can0,response_recv,9963.976837,7F2E31,negative,false,true
665,nucleo,request_seen,9955.029000,2EF187C4,negative,false,true
665,nucleo,response_seen,9959.112000,7F2E31,negative,false,true
666,can0,request_send,9976.239859,2E12349B270EF5,positive,true,true
666,can0,response_recv,9978.622008,6E1234,positive,true,true
666,nucleo,request_seen,9969.607000,2E12349B270EF5,positive,true,true
666,nucleo,response_seen,9973.686000,6E1234,positive,true,true
667,can0,request_send,9990.894039,2E12349B01,positive,true,true
667,can0,response_recv,9993.276397,6E1234,positive,true,true
667,nucleo,request_seen,9984.276000,2E12349B01,positive,true,true
667,nucleo,response_seen,9988.361000,6E1234,positive,true,true
668,can0,request_send,10005.546823,2E1234FF,positive,true,true
668,can0,response_recv,10007.907809,6E1234,positive,true,true
668,nucleo,request_seen,9998.914000,2E1234FF,positive,true,true
668,nucleo,response_seen,10003.001000,6E1234,positive,true,true
669,can0,request_send,10020.215321,2E1234B945F7,positive,true,true
669,can0,response_recv,10022.538313,6E1234,positive,true,true
669,nucleo,request_seen,10013.575000,2E1234B945F7,positive,true,true
669,nucleo,response_seen,10017.654000,6E1234,positive,true,true
670,can0,request_send,10034.805386,2E1234C30577F5,positive,true,true
670,can0,response_recv,10037.398526,6E1234,positive,true,true
670,nucleo,request_seen,10028.136000,2E1234C30577F5,positive,true,true
670,nucleo,response_seen,10032.213000,6E1234,positive,true,true
671,can0,request_send,10049.688018,2E33332A53C0DA,negative,false,true
671,can0,response_recv,10052.865030,7F2E31,negative,false,true
671,nucleo,request_seen,10043.004000,2E33332A53C0DA,negative,false,true
671,nucleo,response_seen,10047.076000,7F2E31,negative,false,true
672,can0,request_send,10065.253627,2E3333FA,negative,false,true
672,can0,response_recv,10067.480099,7F2E31,negative,false,true
672,nucleo,request_seen,10058.592000,2E3333FA,negative,false,true
672,nucleo,response_seen,10062.679000,7F2E31,negative,false,true
673,can0,request_send,10079.946150,2E3333DB0667B1,negative,false,true
673,can0,response_recv,10083.128960,7F2E31,negative,false,true
673,nucleo,request_seen,10073.280000,2E3333DB0667B1,negative,false,true
673,nucleo,response_seen,10077.357000,7F2E31,negative,false,true
674,can0,request_send,10095.687132,2E1234,negative,false,true
674,can0,response_recv,10098.707351,7F2E13,negative,false,true
674,nucleo,request_seen,10089.030000,2E1234,negative,false,true
674,nucleo,response_seen,10093.118000,7F2E13,negative,false,true
675,can0,request_send,10111.017656,2E12346F24E7F9,positive,true,true
675,can0,response_recv,10113.524750,6E1234,positive,true,true
675,nucleo,request_seen,10104.302000,2E12346F24E7F9,positive,true,true
675,nucleo,response_seen,10108.374000,6E1234,positive,true,true
676,can0,request_send,10125.942890,2E123489CBA81E,positive,true,true
676,can0,response_recv,10131.114641,6E1234,positive,true,true
676,nucleo,request_seen,10119.268000,2E123489CBA81E,positive,true,true
676,nucleo,response_seen,10123.341000,6E1234,positive,true,true
677,can0,request_send,10143.643061,2E3333A6243F,negative,false,true
677,can0,response_recv,10146.606918,7F2E31,negative,false,true
677,nucleo,request_seen,10136.917000,2E3333A6243F,negative,false,true
677,nucleo,response_seen,10140.997000,7F2E31,negative,false,true
678,can0,request_send,10159.049083,2E12342A37,positive,true,true
678,can0,response_recv,10162.174623,6E1234,positive,true,true
678,nucleo,request_seen,10152.473000,2E12342A37,positive,true,true
678,nucleo,response_seen,10156.556000,6E1234,positive,true,true
679,can0,request_send,10174.487093,2E123405C461,positive,true,true
679,can0,response_recv,10177.147838,6E1234,positive,true,true
679,nucleo,request_seen,10167.741000,2E123405C461,positive,true,true
679,nucleo,response_seen,10171.825000,6E1234,positive,true,true
680,can0,request_send,10189.395495,2EF187BF621BF4,negative,false,true
680,can0,response_recv,10192.512375,7F2E31,negative,false,true
680,nucleo,request_seen,10182.634000,2EF187BF621BF4,negative,false,true
680,nucleo,response_seen,10186.708000,7F2E31,negative,false,true
681,can0,request_send,10204.765479,2E10010C,negative,false,true
681,can0,response_recv,10207.389419,7F2E31,negative,false,true
681,nucleo,request_seen,10198.010000,2E10010C,negative,false,true
681,nucleo,response_seen,10202.103000,7F2E31,negative,false,true
682,can0,request_send,10219.721374,2E12344F92FF,positive,true,true
682,can0,response_recv,10222.945111,6E1234,positive,true,true
682,nucleo,request_seen,10212.978000,2E12344F92FF,positive,true,true
682,nucleo,response_seen,10217.055000,6E1234,positive,true,true
683,can0,request_send,10235.286076,2E1001206C01,negative,false,true
683,can0,response_recv,10238.390244,7F2E31,negative,false,true
683,nucleo,request_seen,10228.537000,2E1001206C01,negative,false,true
683,nucleo,response_seen,10232.624000,7F2E31,negative,false,true
684,can0,request_send,10250.872987,2E1234035E,positive,true,true
684,can0,response_recv,10254.005721,6E1234,positive,true,true
684,nucleo,request_seen,10244.077000,2E1234035E,positive,true,true
684,nucleo,response_seen,10248.162000,6E1234,positive,true,true
685,can0,request_send,10266.287530,2E1234522BCC,positive,true,true
685,can0,response_recv,10268.622326,6E1234,positive,true,true
685,nucleo,request_seen,10259.475000,2E1234522BCC,positive,true,true
685,nucleo,response_seen,10263.554000,6E1234,positive,true,true
686,can0,request_send,10280.922714,2E100103EF,negative,false,true
686,can0,response_recv,10283.287541,7F2E31,negative,false,true
686,nucleo,request_seen,10274.166000,2E100103EF,negative,false,true
686,nucleo,response_seen,10278.255000,7F2E31,negative,false,true
687,can0,request_send,10295.760158,2E123447,positive,true,true
687,can0,response_recv,10298.935215,6E1234,positive,true,true
687,nucleo,request_seen,10288.947000,2E123447,positive,true,true
687,nucleo,response_seen,10293.035000,6E1234,positive,true,true
688,can0,request_send,10311.244751,2E33333D37D9,negative,false,true
688,can0,response_recv,10313.974989,7F2E31,negative,false,true
688,nucleo,request_seen,10304.405000,2E33333D37D9,negative,false,true
688,nucleo,response_seen,10308.483000,7F2E31,negative,false,true
689,can0,request_send,10326.455148,2E123411,positive,true,true
689,can0,response_recv,10329.252503,6E1234,positive,true,true
689,nucleo,request_seen,10319.630000,2E123411,positive,true,true
689,nucleo,response_seen,10323.717000,6E1234,positive,true,true
690,can0,request_send,10341.555824,2E1234F5,positive,true,true
690,can0,response_recv,10343.945445,6E1234,positive,true,true
690,nucleo,request_seen,10334.717000,2E1234F5,positive,true,true
690,nucleo,response_seen,10338.804000,6E1234,positive,true,true
691,can0,request_send,10356.274258,2E1234E3,positive,true,true
691,can0,response_recv,10358.606191,6E1234,positive,true,true
691,nucleo,request_seen,10349.416000,2E1234E3,positive,true,true
691,nucleo,response_seen,10353.503000,6E1234,positive,true,true
692,can0,request_send,10370.850495,2E1234,negative,false,true
692,can0,response_recv,10373.138288,7F2E13,negative,false,true
692,nucleo,request_seen,10364.008000,2E1234,negative,false,true
692,nucleo,response_seen,10368.096000,7F2E13,negative,false,true
693,can0,request_send,10385.464936,2E12340F46,positive,true,true
693,can0,response_recv,10387.807764,6E1234,positive,true,true
693,nucleo,request_seen,10378.608000,2E12340F46,positive,true,true
693,nucleo,response_seen,10382.695000,6E1234,positive,true,true
694,can0,request_send,10400.086151,2E12345C738C,positive,true,true
694,can0,response_recv,10402.447277,6E1234,positive,true,true
694,nucleo,request_seen,10393.195000,2E12345C738C,positive,true,true
694,nucleo,response_seen,10397.272000,6E1234,positive,true,true
695,can0,request_send,10414.731880,2E1234CFFDC819,positive,true,true
695,can0,response_recv,10417.084346,6E1234,positive,true,true
695,nucleo,request_seen,10407.839000,2E1234CFFDC819,positive,true,true
695,nucleo,response_seen,10411.914000,6E1234,positive,true,true
696,can0,request_send,10429.557870,2E1234B1,positive,true,true
696,can0,response_recv,10432.694864,6E1234,positive,true,true
696,nucleo,request_seen,10422.659000,2E1234B1,positive,true,true
696,nucleo,response_seen,10426.746000,6E1234,positive,true,true
697,can0,request_send,10444.993016,2E1234719D,positive,true,true
697,can0,response_recv,10447.313146,6E1234,positive,true,true
697,nucleo,request_seen,10438.070000,2E1234719D,positive,true,true
697,nucleo,response_seen,10442.150000,6E1234,positive,true,true
698,can0,request_send,10459.581057,2E123473,positive,true,true
698,can0,response_recv,10462.039891,6E1234,positive,true,true
698,nucleo,request_seen,10452.667000,2E123473,positive,true,true
698,nucleo,response_seen,10456.754000,6E1234,positive,true,true
699,can0,request_send,10474.382742,2E12349EB9,positive,true,true
699,can0,response_recv,10476.716351,6E1234,positive,true,true
699,nucleo,request_seen,10467.462000,2E12349EB9,positive,true,true
699,nucleo,response_seen,10471.545000,6E1234,positive,true,true
700,can0,request_send,10488.990129,2E123484501867,positive,true,true
700,can0,response_recv,10491.318360,6E1234,positive,true,true
700,nucleo,request_seen,10482.039000,2E123484501867,positive,true,true
700,nucleo,response_seen,10486.111000,6E1234,positive,true,true
701,can0,request_send,10503.583337,2E1234587D,positive,true,true
701,can0,response_recv,10505.996425,6E1234,positive,true,true
701,nucleo,request_seen,10496.656000,2E1234587D,positive,true,true
701,nucleo,response_seen,10500.739000,6E1234,positive,true,true
702,can0,request_send,10518.302470,2E1234,negative,false,true
702,can0,response_recv,10520.602555,7F2E13,negative,false,true
702,nucleo,request_seen,10511.357000,2E1234,negative,false,true
702,nucleo,response_seen,10515.447000,7F2E13,negative,false,true
703,can0,request_send,10532.911253,2E123424,positive,true,true
703,can0,response_recv,10535.226633,6E1234,positive,true,true
703,nucleo,request_seen,10525.944000,2E123424,positive,true,true
703,nucleo,response_seen,10530.031000,6E1234,positive,true,true
704,can0,request_send,10547.775167,2E1234E3C812,positive,true,true
704,can0,response_recv,10550.890929,6E1234,positive,true,true
704,nucleo,request_seen,10540.920000,2E1234E3C812,positive,true,true
704,nucleo,response_seen,10544.999000,6E1234,positive,true,true
705,can0,request_send,10563.419767,2E1234CE6D21ED,positive,true,true
705,can0,response_recv,10566.485872,6E1234,positive,true,true
705,nucleo,request_seen,10556.447000,2E1234CE6D21ED,positive,true,true
705,nucleo,response_seen,10560.522000,6E1234,positive,true,true
706,can0,request_send,10578.933066,2E222210C527,negative,false,true
706,can0,response_recv,10581.180002,7F2E31,negative,false,true
706,nucleo,request_seen,10571.959000,2E222210C527,negative,false,true
706,nucleo,response_seen,10576.035000,7F2E31,negative,false,true
707,can0,request_send,10593.675805,2E1234C0,positive,true,true
707,can0,response_recv,10596.757624,6E1234,positive,true,true
707,nucleo,request_seen,10586.682000,2E1234C0,positive,true,true
707,nucleo,response_seen,10590.769000,6E1234,positive,true,true
708,can0,request_send,10609.015687,2E123412,positive,true,true
708,can0,response_recv,10611.455246,6E1234,positive,true,true
708,nucleo,request_seen,10602.008000,2E123412,positive,true,true
708,nucleo,response_seen,10606.092000,6E1234,positive,true,true
709,can0,request_send,10623.716242,2EF187A9DB,negative,false,true
709,can0,response_recv,10626.128702,7F2E31,negative,false,true
709,nucleo,request_seen,10616.694000,2EF187A9DB,negative,false,true
709,nucleo,response_seen,10620.777000,7F2E31,negative,false,true
710,can0,request_send,10638.378664,2E123498,positive,true,true
710,can0,response_recv,10640.749079,6E1234,positive,true,true
710,nucleo,request_seen,10631.356000,2E123498,positive,true,true
710,nucleo,response_seen,10635.442000,6E1234,positive,true,true
711,can0,request_send,10653.070419,2E12345D99F7,positive,true,true
711,can0,response_recv,10655.349551,6E1234,positive,true,true
711,nucleo,request_seen,10646.032000,2E12345D99F7,positive,true,true
711,nucleo,response_seen,10650.108000,6E1234,positive,true,true
712,can0,request_send,10667.861069,2E123447,positive,true,true
712,can0,response_recv,10670.981510,6E1234,positive,true,true
712,nucleo,request_seen,10660.845000,2E123447,positive,true,true
712,nucleo,response_seen,10664.932000,6E1234,positive,true,true
713,can0,request_send,10683.240482,2E2222AD9B,negative,false,true
713,can0,response_recv,10685.669703,7F2E31,negative,false,true
713,nucleo,request_seen,10676.180000,2E2222AD9B,negative,false,true
713,nucleo,response_seen,10680.261000,7F2E31,negative,false,true
714,can0,request_send,10697.929094,2E1234C6,positive,true,true
714,can0,response_recv,10700.290010,6E1234,positive,true,true
714,nucleo,request_seen,10690.897000,2E1234C6,positive,true,true
714,nucleo,response_seen,10694.986000,6E1234,positive,true,true
715,can0,request_send,10712.643826,2E123416BBB025,positive,true,true
715,can0,response_recv,10714.921492,6E1234,positive,true,true
715,nucleo,request_seen,10705.548000,2E123416BBB025,positive,true,true
715,nucleo,response_seen,10709.623000,6E1234,positive,true,true
716,can0,request_send,10727.233473,2E123401C3857B,positive,true,true
716,can0,response_recv,10729.533209,6E1234,positive,true,true
716,nucleo,request_seen,10720.145000,2E123401C3857B,positive,true,true
716,nucleo,response_seen,10724.222000,6E1234,positive,true,true
717,can0,request_send,10742.784346,2E123439EE3C5C,positive,true,true
717,can0,response_recv,10745.187377,6E1234,positive,true,true
717,nucleo,request_seen,10735.665000,2E123439EE3C5C,positive,true,true
717,nucleo,response_seen,10739.740000,6E1234,positive,true,true
718,can0,request_send,10757.439574,2E1234B6A9,positive,true,true
718,can0,response_recv,10759.869354,6E1234,positive,true,true
718,nucleo,request_seen,10750.324000,2E1234B6A9,positive,true,true
718,nucleo,response_seen,10754.406000,6E1234,positive,true,true
719,can0,request_send,10772.126161,2EF187A824FE,negative,false,true
719,can0,response_recv,10774.512709,7F2E31,negative,false,true
719,nucleo,request_seen,10764.996000,2EF187A824FE,negative,false,true
719,nucleo,response_seen,10769.073000,7F2E31,negative,false,true
720,can0,request_send,10786.840125,2E123497B2C9CE,positive,true,true
720,can0,response_recv,10789.119607,6E1234,positive,true,true
720,nucleo,request_seen,10779.731000,2E123497B2C9CE,positive,true,true
720,nucleo,response_seen,10783.806000,6E1234,positive,true,true
721,can0,request_send,10801.376134,2E1234E44053,positive,true,true
721,can0,response_recv,10803.815622,6E1234,positive,true,true
721,nucleo,request_seen,10794.221000,2E1234E44053,positive,true,true
721,nucleo,response_seen,10798.297000,6E1234,positive,true,true
722,can0,request_send,10816.025216,2E1234874F,positive,true,true
722,can0,response_recv,10818.476926,6E1234,positive,true,true
722,nucleo,request_seen,10808.867000,2E1234874F,positive,true,true
722,nucleo,response_seen,10812.950000,6E1234,positive,true,true
723,can0,request_send,10830.772075,2E1234021FE1EA,positive,true,true
723,can0,response_recv,10833.079982,6E1234,positive,true,true
723,nucleo,request_seen,10823.611000,2E1234021FE1EA,positive,true,true
723,nucleo,response_seen,10827.690000,6E1234,positive,true,true
724,can0,request_send,10845.531716,2E1234477844,positive,true,true
724,can0,response_recv,10847.736677,6E1234,positive,true,true
724,nucleo,request_seen,10838.359000,2E1234477844,positive,true,true
724,nucleo,response_seen,10842.438000,6E1234,positive,true,true
725,can0,request_send,10860.020582,2E1234E50D79,positive,true,true
725,can0,response_recv,10862.423543,6E1234,positive,true,true
725,nucleo,request_seen,10852.839000,2E1234E50D79,positive,true,true
725,nucleo,response_seen,10856.922000,6E1234,positive,true,true
726,can0,request_send,10874.834419,2E1234E51E,positive,true,true
726,can0,response_recv,10878.466518,6E1234,positive,true,true
726,nucleo,request_seen,10867.690000,2E1234E51E,positive,true,true
726,nucleo,response_seen,10871.773000,6E1234,positive,true,true
727,can0,request_send,10890.729051,2E123489BA60,positive,true,true
727,can0,response_recv,10893.846699,6E1234,positive,true,true
727,nucleo,request_seen,10883.524000,2E123489BA60,positive,true,true
727,nucleo,response_seen,10887.602000,6E1234,positive,true,true
728,can0,request_send,10906.146318,2E123485CC27,positive,true,true
728,can0,response_recv,10909.273883,6E1234,positive,true,true
728,nucleo,request_seen,10898.923000,2E123485CC27,positive,true,true
728,nucleo,response_seen,10903.002000,6E1234,positive,true,true
729,can0,request_send,10921.524404,2E12346C91D9,positive,true,true
729,can0,response_recv,10923.885181,6E1234,positive,true,true
729,nucleo,request_seen,10914.304000,2E12346C91D9,positive,true,true
729,nucleo,response_seen,10918.383000,6E1234,positive,true,true
730,can0,request_send,10936.181517,2E1234395E33,positive,true,true
730,can0,response_recv,10938.532656,6E1234,positive,true,true
730,nucleo,request_seen,10928.942000,2E1234395E33,positive,true,true
730,nucleo,response_seen,10933.021000,6E1234,positive,true,true
731,can0,request_send,10950.869850,2E12347E6CED61,positive,true,true
731,can0,response_recv,10953.195357,6E1234,positive,true,true
731,nucleo,request_seen,10943.634000,2E12347E6CED61,positive,true,true
731,nucleo,response_seen,10947.708000,6E1234,positive,true,true
732,can0,request_send,10965.432398,2E123419809F,positive,true,true
732,can0,response_recv,10967.834382,6E1234,positive,true,true
732,nucleo,request_seen,10958.169000,2E123419809F,positive,true,true
732,nucleo,response_seen,10962.246000,6E1234,positive,true,true
733,can0,request_send,10980.117030,2E1234,negative,false,true
733,can0,response_recv,10982.531305,7F2E13,negative,false,true
733,nucleo,request_seen,10972.887000,2E1234,negative,false,true
733,nucleo,response_seen,10976.980000,7F2E13,negative,false,true
734,can0,request_send,10994.885261,2E1234,negative,false,true
734,can0,response_recv,10997.181504,7F2E13,negative,false,true
734,nucleo,request_seen,10987.650000,2E1234,negative,false,true
734,nucleo,response_seen,10991.741000,7F2E13,negative,false,true
735,can0,request_send,11009.649371,2E1234C3,positive,true,true
735,can0,response_recv,11012.793838,6E1234,positive,true,true
735,nucleo,request_seen,11002.370000,2E1234C3,positive,true,true
735,nucleo,response_seen,11006.457000,6E1234,positive,true,true
736,can0,request_send,11025.210651,2E1234CA46AB,positive,true,true
736,can0,response_recv,11027.599923,6E1234,positive,true,true
736,nucleo,request_seen,11017.941000,2E1234CA46AB,positive,true,true
736,nucleo,response_seen,11022.021000,6E1234,positive,true,true
737,can0,request_send,11039.852120,2E12342873,positive,true,true
737,can0,response_recv,11042.183005,6E1234,positive,true,true
737,nucleo,request_seen,11032.561000,2E12342873,positive,true,true
737,nucleo,response_seen,11036.643000,6E1234,positive,true,true
738,can0,request_send,11054.478014,2E1234DF13,positive,true,true
738,can0,response_recv,11056.772861,6E1234,positive,true,true
738,nucleo,request_seen,11047.166000,2E1234DF13,positive,true,true
738,nucleo,response_seen,11051.246000,6E1234,positive,true,true
739,can0,request_send,11069.129052,2E12345C,positive,true,true
739,can0,response_recv,11071.386813,6E1234,positive,true,true
739,nucleo,request_seen,11061.802000,2E12345C,positive,true,true
739,nucleo,response_seen,11065.888000,6E1234,positive,true,true
740,can0,request_send,11083.848883,2E10011E80,negative,false,true
740,can0,response_recv,11087.133381,7F2E31,negative,false,true
740,nucleo,request_seen,11076.534000,2E10011E80,negative,false,true
740,nucleo,response_seen,11080.621000,7F2E31,negative,false,true
741,can0,request_send,11099.415051,2E22220B29,negative,false,true
741,can0,response_recv,11101.731200,7F2E31,negative,false,true
741,nucleo,request_seen,11092.052000,2E22220B29,negative,false,true
741,nucleo,response_seen,11096.137000,7F2E31,negative,false,true
742,can0,request_send,11114.054565,2E1234E3D46CA8,positive,true,true
742,can0,response_recv,11116.332161,6E1234,positive,true,true
742,nucleo,request_seen,11106.671000,2E1234E3D46CA8,positive,true,true
742,nucleo,response_seen,11110.746000,6E1234,positive,true,true
743,can0,request_send,11128.792205,2E1234A5BE28F4,positive,true,true
743,can0,response_recv,11131.927802,6E1234,positive,true,true
743,nucleo,request_seen,11121.409000,2E1234A5BE28F4,positive,true,true
743,nucleo,response_seen,11125.483000,6E1234,positive,true,true
744,can0,request_send,11144.222742,2E1234BA18,positive,true,true
744,can0,response_recv,11146.843608,6E1234,positive,true,true
744,nucleo,request_seen,11136.849000,2E1234BA18,positive,true,true
744,nucleo,response_seen,11140.932000,6E1234,positive,true,true
745,can0,request_send,11159.883406,2E123494474420,positive,true,true
745,can0,response_recv,11162.223021,6E1234,positive,true,true
745,nucleo,request_seen,11152.473000,2E123494474420,positive,true,true
745,nucleo,response_seen,11156.548000,6E1234,positive,true,true
746,can0,request_send,11174.694520,2E1234043325,positive,true,true
746,can0,response_recv,11177.849183,6E1234,positive,true,true
746,nucleo,request_seen,11167.307000,2E1234043325,positive,true,true
746,nucleo,response_seen,11171.390000,6E1234,positive,true,true
747,can0,request_send,11190.122891,2E12347E09,positive,true,true
747,can0,response_recv,11192.625655,6E1234,positive,true,true
747,nucleo,request_seen,11182.699000,2E12347E09,positive,true,true
747,nucleo,response_seen,11186.786000,6E1234,positive,true,true
748,can0,request_send,11204.867795,2E123450,positive,true,true
748,can0,response_recv,11207.145321,6E1234,positive,true,true
748,nucleo,request_seen,11197.438000,2E123450,positive,true,true
748,nucleo,response_seen,11201.524000,6E1234,positive,true,true
749,can0,request_send,11219.476299,2E1234C75B1E,positive,true,true
749,can0,response_recv,11221.907965,6E1234,positive,true,true
749,nucleo,request_seen,11212.041000,2E1234C75B1E,positive,true,true
749,nucleo,response_seen,11216.117000,6E1234,positive,true,true
750,can0,request_send,11234.186352,2E123434AA0433,positive,true,true
750,can0,response_recv,11236.442786,6E1234,positive,true,true
750,nucleo,request_seen,11226.719000,2E123434AA0433,positive,true,true
750,nucleo,response_seen,11230.798000,6E1234,positive,true,true
751,can0,request_send,11248.738704,2EF187C3C3C1,negative,false,true
751,can0,response_recv,11251.110446,7F2E31,negative,false,true
751,nucleo,request_seen,11241.287000,2EF187C3C3C1,negative,false,true
751,nucleo,response_seen,11245.363000,7F2E31,negative,false,true
752,can0,request_send,11263.677138,2E12344B4A7F7A,positive,true,true
752,can0,response_recv,11266.666907,6E1234,positive,true,true
752,nucleo,request_seen,11256.212000,2E12344B4A7F7A,positive,true,true
752,nucleo,response_seen,11260.284000,6E1234,positive,true,true
753,can0,request_send,11279.174723,2E12344EE4D205,positive,true,true
753,can0,response_recv,11282.289926,6E1234,positive,true,true
753,nucleo,request_seen,11271.699000,2E12344EE4D205,positive,true,true
753,nucleo,response_seen,11275.778000,6E1234,positive,true,true
754,can0,request_send,11294.810034,2EF187F6,negative,false,true
754,can0,response_recv,11297.987117,7F2E31,negative,false,true
754,nucleo,request_seen,11287.383000,2EF187F6,negative,false,true
754,nucleo,response_seen,11291.470000,7F2E31,negative,false,true
755,can0,request_send,11310.295187,2E1234BE46D6,positive,true,true
755,can0,response_recv,11312.803469,6E1234,positive,true,true
755,nucleo,request_seen,11302.774000,2E1234BE46D6,positive,true,true
755,nucleo,response_seen,11306.853000,6E1234,positive,true,true
756,can0,request_send,11325.080180,2E1234B2,positive,true,true
756,can0,response_recv,11328.215288,6E1234,positive,true,true
756,nucleo,request_seen,11317.577000,2E1234B2,positive,true,true
756,nucleo,response_seen,11321.664000,6E1234,positive,true,true
757,can0,request_send,11340.472862,2E1234F9,positive,true,true
757,can0,response_recv,11343.036528,6E1234,positive,true,true
757,nucleo,request_seen,11332.966000,2E1234F9,positive,true,true
757,nucleo,response_seen,11337.051000,6E1234,positive,true,true
758,can0,request_send,11355.619773,2E2222BD,negative,false,true
758,can0,response_recv,11360.129987,7F2E31,negative,false,true
758,nucleo,request_seen,11348.088000,2E2222BD,negative,false,true
758,nucleo,response_seen,11352.173000,7F2E31,negative,false,true
759,can0,request_send,11372.464527,2E22224689,negative,false,true
759,can0,response_recv,11375.391159,7F2E31,negative,false,true
759,nucleo,request_seen,11364.884000,2E22224689,negative,false,true
759,nucleo,response_seen,11368.969000,7F2E31,negative,false,true
760,can0,request_send,11387.645660,2E123440,positive,true,true
760,can0,response_recv,11391.141359,6E1234,positive,true,true
760,nucleo,request_seen,11380.091000,2E123440,positive,true,true
760,nucleo,response_seen,11384.176000,6E1234,positive,true,true
761,can0,request_send,11403.414718,2E1234,negative,false,true
761,can0,response_recv,11406.362721,7F2E13,negative,false,true
761,nucleo,request_seen,11395.849000,2E1234,negative,false,true
761,nucleo,response_seen,11399.940000,7F2E13,negative,false,true
762,can0,request_send,11418.636638,2E1234DB,positive,true,true
762,can0,response_recv,11420.976672,6E1234,positive,true,true
762,nucleo,request_seen,11411.048000,2E1234DB,positive,true,true
762,nucleo,response_seen,11415.132000,6E1234,positive,true,true
763,can0,request_send,11433.339498,2E1234C0A1D3,positive,true,true
763,can0,response_recv,11435.669056,6E1234,positive,true,true
763,nucleo,request_seen,11425.734000,2E1234C0A1D3,positive,true,true
763,nucleo,response_seen,11429.813000,6E1234,positive,true,true
764,can0,request_send,11448.014281,2E1234E90D,positive,true,true
764,can0,response_recv,11450.260798,6E1234,positive,true,true
764,nucleo,request_seen,11440.397000,2E1234E90D,positive,true,true
764,nucleo,response_seen,11444.484000,6E1234,positive,true,true
765,can0,request_send,11462.705338,2E12348C36,positive,true,true
765,can0,response_recv,11464.906458,6E1234,positive,true,true
765,nucleo,request_seen,11455.096000,2E12348C36,positive,true,true
765,nucleo,response_seen,11459.177000,6E1234,positive,true,true
766,can0,request_send,11477.404356,2E1234B40D,positive,true,true
766,can0,response_recv,11480.520817,6E1234,positive,true,true
766,nucleo,request_seen,11469.784000,2E1234B40D,positive,true,true
766,nucleo,response_seen,11473.871000,6E1234,positive,true,true
767,can0,request_send,11493.005864,2EF187A6E7,negative,false,true
767,can0,response_recv,11495.235479,7F2E31,negative,false,true
767,nucleo,request_seen,11485.369000,2EF187A6E7,negative,false,true
767,nucleo,response_seen,11489.452000,7F2E31,negative,false,true
768,can0,request_send,11507.526159,2E1234EE,positive,true,true
768,can0,response_recv,11510.109380,6E1234,positive,true,true
768,nucleo,request_seen,11499.881000,2E1234EE,positive,true,true
768,nucleo,response_seen,11503.971000,6E1234,positive,true,true
769,can0,request_send,11522.377501,2E1234,negative,false,true
769,can0,response_recv,11525.479644,7F2E13,negative,false,true
769,nucleo,request_seen,11514.724000,2E1234,negative,false,true
769,nucleo,response_seen,11518.815000,7F2E13,negative,false,true
770,can0,request_send,11537.788692,2EF18787,negative,false,true
770,can0,response_recv,11540.101767,7F2E31,negative,false,true
770,nucleo,request_seen,11530.139000,2EF18787,negative,false,true
770,nucleo,response_seen,11534.223000,7F2E31,negative,false,true
771,can0,request_send,11552.419475,2E1234FB,positive,true,true
771,can0,response_recv,11554.776690,6E1234,positive,true,true
771,nucleo,request_seen,11544.752000,2E1234FB,positive,true,true
771,nucleo,response_seen,11548.839000,6E1234,positive,true,true
772,can0,request_send,11567.215573,2E123402A03692,positive,true,true
772,can0,response_recv,11570.438751,6E1234,positive,true,true
772,nucleo,request_seen,11559.698000,2E123402A03692,positive,true,true
772,nucleo,response_seen,11563.777000,6E1234,positive,true,true
773,can0,request_send,11582.700097,2E10015C22,negative,false,true
773,can0,response_recv,11585.096842,7F2E31,negative,false,true
773,nucleo,request_seen,11575.006000,2E10015C22,negative,false,true
773,nucleo,response_seen,11579.091000,7F2E31,negative,false,true
774,can0,request_send,11597.365102,2E12344DCF,positive,true,true
774,can0,response_recv,11599.753537,6E1234,positive,true,true
774,nucleo,request_seen,11589.659000,2E12344DCF,positive,true,true
774,nucleo,response_seen,11593.742000,6E1234,positive,true,true
775,can0,request_send,11612.289988,2E1234ABF98F2C,positive,true,true
775,can0,response_recv,11615.322219,6E1234,positive,true,true
775,nucleo,request_seen,11604.590000,2E1234ABF98F2C,positive,true,true
775,nucleo,response_seen,11608.665000,6E1234,positive,true,true
776,can0,request_send,11627.783940,2E12341DB02F,positive,true,true
776,can0,response_recv,11630.004755,6E1234,positive,true,true
776,nucleo,request_seen,11620.051000,2E12341DB02F,positive,true,true
776,nucleo,response_seen,11624.128000,6E1234,positive,true,true
777,can0,request_send,11642.712457,2E1234E19FB9D4,positive,true,true
777,can0,response_recv,11645.647330,6E1234,positive,true,true
777,nucleo,request_seen,11634.974000,2E1234E19FB9D4,positive,true,true
777,nucleo,response_seen,11639.047000,6E1234,positive,true,true
778,can0,request_send,11657.989552,2EF187275AB024,negative,false,true
778,can0,response_recv,11660.294736,7F2E31,negative,false,true
778,nucleo,request_seen,11650.230000,2EF187275AB024,negative,false,true
778,nucleo,response_seen,11654.303000,7F2E31,negative,false,true
779,can0,request_send,11672.619567,2E12349CAEC7E6,positive,true,true
779,can0,response_recv,11675.012332,6E1234,positive,true,true
779,nucleo,request_seen,11664.845000,2E12349CAEC7E6,positive,true,true
779,nucleo,response_seen,11668.920000,6E1234,positive,true,true
780,can0,request_send,11687.303779,2E12344835AFAB,positive,true,true
780,can0,response_recv,11689.511674,6E1234,positive,true,true
780,nucleo,request_seen,11679.536000,2E12344835AFAB,positive,true,true
780,nucleo,response_seen,11683.610000,6E1234,positive,true,true
781,can0,request_send,11701.774696,2E1234E1E077EF,positive,true,true
781,can0,response_recv,11704.259860,6E1234,positive,true,true
781,nucleo,request_seen,11693.992000,2E1234E1E077EF,positive,true,true
781,nucleo,response_seen,11698.064000,6E1234,positive,true,true
782,can0,request_send,11716.741137,2E1234A6BB83,positive,true,true
782,can0,response_recv,11719.883159,6E1234,positive,true,true
782,nucleo,request_seen,11708.961000,2E1234A6BB83,positive,true,true
782,nucleo,response_seen,11713.038000,6E1234,positive,true,true
783,can0,request_send,11732.199680,2E12345F6830,positive,true,true
783,can0,response_recv,11734.467219,6E1234,positive,true,true
783,nucleo,request_seen,11724.413000,2E12345F6830,positive,true,true
783,nucleo,response_seen,11728.492000,6E1234,positive,true,true
784,can0,request_send,11746.742812,2E1234083B63BF,positive,true,true
784,can0,response_recv,11749.132015,6E1234,positive,true,true
784,nucleo,request_seen,11738.944000,2E1234083B63BF,positive,true,true
784,nucleo,response_seen,11743.024000,6E1234,positive,true,true
785,can0,request_send,11761.490650,2E12343624EE,positive,true,true
785,can0,response_recv,11763.749039,6E1234,positive,true,true
785,nucleo,request_seen,11753.693000,2E12343624EE,positive,true,true
785,nucleo,response_seen,11757.772000,6E1234,positive,true,true
786,can0,request_send,11776.035528,2E100127,negative,false,true
786,can0,response_recv,11778.394629,7F2E31,negative,false,true
786,nucleo,request_seen,11768.221000,2E100127,negative,false,true
786,nucleo,response_seen,11772.310000,7F2E31,negative,false,true
787,can0,request_send,11790.774775,2E10010A,negative,false,true
787,can0,response_recv,11793.286759,7F2E31,negative,false,true
787,nucleo,request_seen,11782.961000,2E10010A,negative,false,true
787,nucleo,response_seen,11787.055000,7F2E31,negative,false,true
788,can0,request_send,11805.843115,2E12344B,positive,true,true
788,can0,response_recv,11808.717295,6E1234,positive,true,true
788,nucleo,request_seen,11798.036000,2E12344B,positive,true,true
788,nucleo,response_seen,11802.121000,6E1234,positive,true,true
789,can0,request_send,11821.022641,2E10019A,negative,false,true
789,can0,response_recv,11823.364003,7F2E31,negative,false,true
789,nucleo,request_seen,11813.186000,2E10019A,negative,false,true
789,nucleo,response_seen,11817.275000,7F2E31,negative,false,true
790,can0,request_send,11835.699799,2E123428,positive,true,true
790,can0,response_recv,11838.015459,6E1234,positive,true,true
790,nucleo,request_seen,11827.871000,2E123428,positive,true,true
790,nucleo,response_seen,11831.960000,6E1234,positive,true,true
791,can0,request_send,11850.289167,2E12348E60,positive,true,true
791,can0,response_recv,11852.656928,6E1234,positive,true,true
791,nucleo,request_seen,11842.410000,2E12348E60,positive,true,true
791,nucleo,response_seen,11846.493000,6E1234,positive,true,true
792,can0,request_send,11865.023944,2E1234F226C3,positive,true,true
792,can0,response_recv,11867.322562,6E1234,positive,true,true
792,nucleo,request_seen,11857.128000,2E1234F226C3,positive,true,true
792,nucleo,response_seen,11861.205000,6E1234,positive,true,true
793,can0,request_send,11879.627000,2E1234C9C626,positive,true,true
793,can0,response_recv,11881.930019,6E1234,positive,true,true
793,nucleo,request_seen,11871.739000,2E1234C9C626,positive,true,true
793,nucleo,response_seen,11875.818000,6E1234,positive,true,true
794,can0,request_send,11894.192761,2E10016A,negative,false,true
794,can0,response_recv,11896.617164,7F2E31,negative,false,true
794,nucleo,request_seen,11886.307000,2E10016A,negative,false,true
794,nucleo,response_seen,11890.398000,7F2E31,negative,false,true
795,can0,request_send,11908.858605,2E123406356C4D,positive,true,true
795,can0,response_recv,11911.226576,6E1234,positive,true,true
795,nucleo,request_seen,11900.951000,2E123406356C4D,positive,true,true
795,nucleo,response_seen,11905.031000,6E1234,positive,true,true
796,can0,request_send,11923.484360,2E12346D,positive,true,true
796,can0,response_recv,11925.842274,6E1234,positive,true,true
796,nucleo,request_seen,11915.565000,2E12346D,positive,true,true
796,nucleo,response_seen,11919.652000,6E1234,positive,true,true
797,can0,request_send,11938.125270,2E1234,negative,false,true
797,can0,response_recv,11943.929226,7F2E13,negative,false,true
797,nucleo,request_seen,11930.197000,2E1234,negative,false,true
797,nucleo,response_seen,11934.284000,7F2E13,negative,false,true
798,can0,request_send,11956.254197,2E1234FD2356,positive,true,true
798,can0,response_recv,11959.061051,6E1234,positive,true,true
798,nucleo,request_seen,11948.300000,2E1234FD2356,positive,true,true
798,nucleo,response_seen,11952.376000,6E1234,positive,true,true
799,can0,request_send,11971.297463,2E123405E165,positive,true,true
799,can0,response_recv,11973.705733,6E1234,positive,true,true
799,nucleo,request_seen,11963.337000,2E123405E165,positive,true,true
799,nucleo,response_seen,11967.420000,6E1234,positive,true,true
800,can0,request_send,11986.208869,2E1234DFFE6E04,positive,true,true
800,can0,response_recv,11989.353476,6E1234,positive,true,true
800,nucleo,request_seen,11978.398000,2E1234DFFE6E04,positive,true,true
800,nucleo,response_seen,11982.478000,6E1234,positive,true,true
801,can0,request_send,12001.645622,2E1234E45034D2,positive,true,true
801,can0,response_recv,12004.017364,6E1234,positive,true,true
801,nucleo,request_seen,11993.658000,2E1234E45034D2,positive,true,true
801,nucleo,response_seen,11997.733000,6E1234,positive,true,true
802,can0,request_send,12016.274589,2E12345B95B4,positive,true,true
802,can0,response_recv,12018.654643,6E1234,positive,true,true
802,nucleo,request_seen,12008.272000,2E12345B95B4,positive,true,true
802,nucleo,response_seen,12012.349000,6E1234,positive,true,true
803,can0,request_send,12031.045614,2E1234CF85,positive,true,true
803,can0,response_recv,12033.298905,6E1234,positive,true,true
803,nucleo,request_seen,12023.074000,2E1234CF85,positive,true,true
803,nucleo,response_seen,12027.153000,6E1234,positive,true,true
804,can0,request_send,12045.801483,2E1234251CABA4,positive,true,true
804,can0,response_recv,12048.928909,6E1234,positive,true,true
804,nucleo,request_seen,12037.777000,2E1234251CABA4,positive,true,true
804,nucleo,response_seen,12041.851000,6E1234,positive,true,true
805,can0,request_send,12061.227480,2E1234986CFE82,positive,true,true
805,can0,response_recv,12063.580714,6E1234,positive,true,true
805,nucleo,request_seen,12053.197000,2E1234986CFE82,positive,true,true
805,nucleo,response_seen,12057.270000,6E1234,positive,true,true
806,can0,request_send,12075.835006,2E1234E7B3DBEE,positive,true,true
806,can0,response_recv,12078.224209,6E1234,positive,true,true
806,nucleo,request_seen,12067.832000,2E1234E7B3DBEE,positive,true,true
806,nucleo,response_seen,12071.907000,6E1234,positive,true,true
807,can0,request_send,12090.492190,2E1234FA,positive,true,true
807,can0,response_recv,12092.898783,6E1234,positive,true,true
807,nucleo,request_seen,12082.461000,2E1234FA,positive,true,true
807,nucleo,response_seen,12086.548000,6E1234,positive,true,true
808,can0,request_send,12105.216142,2E12341FC3,positive,true,true
808,can0,response_recv,12107.465801,6E1234,positive,true,true
808,nucleo,request_seen,12097.166000,2E12341FC3,positive,true,true
808,nucleo,response_seen,12101.246000,6E1234,positive,true,true
809,can0,request_send,12119.705357,2E1234,negative,false,true
809,can0,response_recv,12122.194781,7F2E13,negative,false,true
809,nucleo,request_seen,12111.650000,2E1234,negative,false,true
809,nucleo,response_seen,12115.740000,7F2E13,negative,false,true
810,can0,request_send,12134.462204,2E1234DAB7,positive,true,true
810,can0,response_recv,12136.780308,6E1234,positive,true,true
810,nucleo,request_seen,12126.392000,2E1234DAB7,positive,true,true
810,nucleo,response_seen,12130.475000,6E1234,positive,true,true
811,can0,request_send,12149.191812,2E12345D,positive,true,true
811,can0,response_recv,12151.469897,6E1234,positive,true,true
811,nucleo,request_seen,12141.126000,2E12345D,positive,true,true
811,nucleo,response_seen,12145.210000,6E1234,positive,true,true
812,can0,request_send,12163.994126,2E123487D9007C,positive,true,true
812,can0,response_recv,12167.099831,6E1234,positive,true,true
812,nucleo,request_seen,12155.913000,2E123487D9007C,positive,true,true
812,nucleo,response_seen,12159.993000,6E1234,positive,true,true
813,can0,request_send,12179.645571,2E1234,negative,false,true
813,can0,response_recv,12182.768806,7F2E13,negative,false,true
813,nucleo,request_seen,12171.582000,2E1234,negative,false,true
813,nucleo,response_seen,12175.672000,7F2E13,negative,false,true
814,can0,request_send,12195.025961,2E123485F011,positive,true,true
814,can0,response_recv,12197.378986,6E1234,positive,true,true
814,nucleo,request_seen,12186.926000,2E123485F011,positive,true,true
814,nucleo,response_seen,12191.005000,6E1234,positive,true,true
815,can0,request_send,12209.591862,2E1234315BDA2F,positive,true,true
815,can0,response_recv,12212.044341,6E1234,positive,true,true
815,nucleo,request_seen,12201.444000,2E1234315BDA2F,positive,true,true
815,nucleo,response_seen,12205.519000,6E1234,positive,true,true
816,can0,request_send,12224.499078,2E1234E5E213DA,positive,true,true
816,can0,response_recv,12227.678465,6E1234,positive,true,true
816,nucleo,request_seen,12216.390000,2E1234E5E213DA,positive,true,true
816,nucleo,response_seen,12220.464000,6E1234,positive,true,true
817,can0,request_send,12240.176364,2E12349D4BD3EA,positive,true,true
817,can0,response_recv,12243.317129,6E1234,positive,true,true
817,nucleo,request_seen,12232.030000,2E12349D4BD3EA,positive,true,true
817,nucleo,response_seen,12236.103000,6E1234,positive,true,true
818,can0,request_send,12255.604246,2E1234FE7E9A,positive,true,true
818,can0,response_recv,12258.068249,6E1234,positive,true,true
818,nucleo,request_seen,12247.455000,2E1234FE7E9A,positive,true,true
818,nucleo,response_seen,12251.534000,6E1234,positive,true,true
819,can0,request_send,12270.340700,2E1234F9A780,positive,true,true
819,can0,response_recv,12272.618435,6E1234,positive,true,true
819,nucleo,request_seen,12262.191000,2E1234F9A780,positive,true,true
819,nucleo,response_seen,12266.268000,6E1234,positive,true,true
820,can0,request_send,12284.913654,2E1234BFB9B7,positive,true,true
820,can0,response_recv,12287.203961,6E1234,positive,true,true
820,nucleo,request_seen,12276.762000,2E1234BFB9B7,positive,true,true
820,nucleo,response_seen,12280.841000,6E1234,positive,true,true
821,can0,request_send,12299.477460,2E12348E87EB35,positive,true,true
821,can0,response_recv,12301.828180,6E1234,positive,true,true
821,nucleo,request_seen,12291.273000,2E12348E87EB35,positive,true,true
821,nucleo,response_seen,12295.346000,6E1234,positive,true,true
822,can0,request_send,12314.136389,2E1234323EA1B4,positive,true,true
822,can0,response_recv,12316.488855,6E1234,positive,true,true
822,nucleo,request_seen,12305.969000,2E1234323EA1B4,positive,true,true
822,nucleo,response_seen,12310.042000,6E1234,positive,true,true
823,can0,request_send,12329.052684,2E12343BC636,positive,true,true
823,can0,response_recv,12332.167678,6E1234,positive,true,true
823,nucleo,request_seen,12320.874000,2E12343BC636,positive,true,true
823,nucleo,response_seen,12324.953000,6E1234,positive,true,true
824,can0,request_send,12344.765170,2E123413B8,positive,true,true
824,can0,response_recv,12347.741110,6E1234,positive,true,true
824,nucleo,request_seen,12336.579000,2E123413B8,positive,true,true
824,nucleo,response_seen,12340.662000,6E1234,positive,true,true
825,can0,request_send,12360.016145,2E12342987F539,positive,true,true
825,can0,response_recv,12362.377620,6E1234,positive,true,true
825,nucleo,request_seen,12351.780000,2E12342987F539,positive,true,true
825,nucleo,response_seen,12355.855000,6E1234,positive,true,true
826,can0,request_send,12374.615709,2E1234E2AD7B,positive,true,true
826,can0,response_recv,12377.060924,6E1234,positive,true,true
826,nucleo,request_seen,12366.365000,2E1234E2AD7B,positive,true,true
826,nucleo,response_seen,12370.444000,6E1234,positive,true,true
827,can0,request_send,12389.293426,2E1234F61FF040,positive,true,true
827,can0,response_recv,12391.667123,6E1234,positive,true,true
827,nucleo,request_seen,12381.040000,2E1234F61FF040,positive,true,true
827,nucleo,response_seen,12385.112000,6E1234,positive,true,true
828,can0,request_send,12403.995377,2E1234BE8F0052,positive,true,true
828,can0,response_recv,12406.313132,6E1234,positive,true,true
828,nucleo,request_seen,12395.748000,2E1234BE8F0052,positive,true,true
828,nucleo,response_seen,12399.826000,6E1234,positive,true,true
829,can0,request_send,12418.619945,2E12344F,positive,true,true
829,can0,response_recv,12420.998392,6E1234,positive,true,true
829,nucleo,request_seen,12410.365000,2E12344F,positive,true,true
829,nucleo,response_seen,12414.452000,6E1234,positive,true,true
830,can0,request_send,12433.291446,2E22226F2DCB,negative,false,true
830,can0,response_recv,12435.643493,7F2E31,negative,false,true
830,nucleo,request_seen,12425.014000,2E22226F2DCB,negative,false,true
830,nucleo,response_seen,12429.091000,7F2E31,negative,false,true
831,can0,request_send,12448.089290,2E12348E77,positive,true,true
831,can0,response_recv,12451.254010,6E1234,positive,true,true
831,nucleo,request_seen,12439.850000,2E12348E77,positive,true,true
831,nucleo,response_seen,12443.933000,6E1234,positive,true,true
832,can0,request_send,12463.750792,2E1234BC60,positive,true,true
832,can0,response_recv,12466.868858,6E1234,positive,true,true
832,nucleo,request_seen,12455.474000,2E1234BC60,positive,true,true
832,nucleo,response_seen,12459.556000,6E1234,positive,true,true
833,can0,request_send,12479.111627,2E1001422B,negative,false,true
833,can0,response_recv,12481.566969,7F2E31,negative,false,true
833,nucleo,request_seen,12470.810000,2E1001422B,negative,false,true
833,nucleo,response_seen,12474.897000,7F2E31,negative,false,true
834,can0,request_send,12493.797305,2E12340E,positive,true,true
834,can0,response_recv,12496.208368,6E1234,positive,true,true
834,nucleo,request_seen,12485.481000,2E12340E,positive,true,true
834,nucleo,response_seen,12489.572000,6E1234,positive,true,true
835,can0,request_send,12508.460495,2E1234,negative,false,true
835,can0,response_recv,12510.886364,7F2E13,negative,false,true
835,nucleo,request_seen,12500.139000,2E1234,negative,false,true
835,nucleo,response_seen,12504.228000,7F2E13,negative,false,true
836,can0,request_send,12523.198834,2E12340F0703,positive,true,true
836,can0,response_recv,12525.473567,6E1234,positive,true,true
836,nucleo,request_seen,12514.869000,2E12340F0703,positive,true,true
836,nucleo,response_seen,12518.964000,6E1234,positive,true,true
837,can0,request_send,12537.712982,2E1234AE,positive,true,true
837,can0,response_recv,12540.130052,6E1234,positive,true,true
837,nucleo,request_seen,12529.363000,2E1234AE,positive,true,true
837,nucleo,response_seen,12533.450000,6E1234,positive,true,true
838,can0,request_send,12552.370585,2E123412B8,positive,true,true
838,can0,response_recv,12554.755387,6E1234,positive,true,true
838,nucleo,request_seen,12544.029000,2E123412B8,positive,true,true
838,nucleo,response_seen,12548.109000,6E1234,positive,true,true
839,can0,request_send,12566.990473,2E1234B3B0,positive,true,true
839,can0,response_recv,12569.402863,6E1234,positive,true,true
839,nucleo,request_seen,12558.615000,2E1234B3B0,positive,true,true
839,nucleo,response_seen,12562.698000,6E1234,positive,true,true
840,can0,request_send,12581.690958,2E100129E1,negative,false,true
840,can0,response_recv,12584.084491,7F2E31,negative,false,true
840,nucleo,request_seen,12573.327000,2E100129E1,negative,false,true
840,nucleo,response_seen,12577.414000,7F2E31,negative,false,true
841,can0,request_send,12596.385786,2E333304EBC9D2,negative,false,true
841,can0,response_recv,12598.738252,7F2E31,negative,false,true
841,nucleo,request_seen,12587.987000,2E333304EBC9D2,negative,false,true
841,nucleo,response_seen,12592.064000,7F2E31,negative,false,true
842,can0,request_send,12611.005884,2E12348FC8F4,positive,true,true
842,can0,response_recv,12613.408635,6E1234,positive,true,true
842,nucleo,request_seen,12602.626000,2E12348FC8F4,positive,true,true
842,nucleo,response_seen,12606.705000,6E1234,positive,true,true
843,can0,request_send,12625.624794,2E100162,negative,false,true
843,can0,response_recv,12628.080625,7F2E31,negative,false,true
843,nucleo,request_seen,12617.222000,2E100162,negative,false,true
843,nucleo,response_seen,12621.311000,7F2E31,negative,false,true
844,can0,request_send,12640.355869,2E12348E1764F5,positive,true,true
844,can0,response_recv,12642.763161,6E1234,positive,true,true
844,nucleo,request_seen,12631.925000,2E12348E1764F5,positive,true,true
844,nucleo,response_seen,12636.001000,6E1234,positive,true,true
845,can0,request_send,12655.035542,2E12340109,positive,true,true
845,can0,response_recv,12657.651030,6E1234,positive,true,true
845,nucleo,request_seen,12646.631000,2E12340109,positive,true,true
845,nucleo,response_seen,12650.723000,6E1234,positive,true,true
846,can0,request_send,12672.137312,2E12340E59D1,positive,true,true
846,can0,response_recv,12674.910083,6E1234,positive,true,true
846,nucleo,request_seen,12663.720000,2E12340E59D1,positive,true,true
846,nucleo,response_seen,12667.803000,6E1234,positive,true,true
847,can0,request_send,12687.223880,2E12342AC6,positive,true,true
847,can0,response_recv,12689.588428,6E1234,positive,true,true
847,nucleo,request_seen,12678.764000,2E12342AC6,positive,true,true
847,nucleo,response_seen,12682.847000,6E1234,positive,true,true
848,can0,request_send,12701.873101,2E100179DC0C,negative,false,true
848,can0,response_recv,12704.221935,7F2E31,negative,false,true
848,nucleo,request_seen,12693.437000,2E100179DC0C,negative,false,true
848,nucleo,response_seen,12697.525000,7F2E31,negative,false,true
849,can0,request_send,12716.498507,2E3333DB7A,negative,false,true
849,can0,response_recv,12719.050230,7F2E31,negative,false,true
849,nucleo,request_seen,12708.036000,2E3333DB7A,negative,false,true
849,nucleo,response_seen,12712.116000,7F2E31,negative,false,true
850,can0,request_send,12731.335602,2E123426E654,positive,true,true
850,can0,response_recv,12733.489718,6E1234,positive,true,true
850,nucleo,request_seen,12722.858000,2E123426E654,positive,true,true
850,nucleo,response_seen,12726.937000,6E1234,positive,true,true
851,can0,request_send,12745.757909,2E12344607,positive,true,true
851,can0,response_recv,12748.125111,6E1234,positive,true,true
851,nucleo,request_seen,12737.277000,2E12344607,positive,true,true
851,nucleo,response_seen,12741.362000,6E1234,positive,true,true
852,can0,request_send,12760.375143,2E12341ECD90,positive,true,true
852,can0,response_recv,12762.762809,6E1234,positive,true,true
852,nucleo,request_seen,12751.904000,2E12341ECD90,positive,true,true
852,nucleo,response_seen,12755.985000,6E1234,positive,true,true
853,can0,request_send,12775.027926,2E1234114192,positive,true,true
853,can0,response_recv,12777.429002,6E1234,positive,true,true
853,nucleo,request_seen,12766.525000,2E1234114192,positive,true,true
853,nucleo,response_seen,12770.604000,6E1234,positive,true,true
854,can0,request_send,12789.713256,2E10010CD7A5,negative,false,true
854,can0,response_recv,12792.852135,7F2E31,negative,false,true
854,nucleo,request_seen,12781.211000,2E10010CD7A5,negative,false,true
854,nucleo,response_seen,12785.296000,7F2E31,negative,false,true
855,can0,request_send,12805.193449,2E1234341D886F,positive,true,true
855,can0,response_recv,12810.234318,6E1234,positive,true,true
855,nucleo,request_seen,12796.657000,2E1234341D886F,positive,true,true
855,nucleo,response_seen,12800.732000,6E1234,positive,true,true
856,can0,request_send,12822.580451,2E1234FD30,positive,true,true
856,can0,response_recv,12825.279191,6E1234,positive,true,true
856,nucleo,request_seen,12814.046000,2E1234FD30,positive,true,true
856,nucleo,response_seen,12818.127000,6E1234,positive,true,true
857,can0,request_send,12837.498003,2E1234065497,positive,true,true
857,can0,response_recv,12839.880431,6E1234,positive,true,true
857,nucleo,request_seen,12828.942000,2E1234065497,positive,true,true
857,nucleo,response_seen,12833.026000,6E1234,positive,true,true
858,can0,request_send,12853.016051,2E1234445759,positive,true,true
858,can0,response_recv,12855.749991,6E1234,positive,true,true
858,nucleo,request_seen,12844.434000,2E1234445759,positive,true,true
858,nucleo,response_seen,12848.513000,6E1234,positive,true,true
859,can0,request_send,12868.527604,2E123497B9,positive,true,true
859,can0,response_recv,12871.183181,6E1234,positive,true,true
859,nucleo,request_seen,12859.941000,2E123497B9,positive,true,true
859,nucleo,response_seen,12864.024000,6E1234,positive,true,true
860,can0,request_send,12883.478051,2E123463B510,positive,true,true
860,can0,response_recv,12885.817387,6E1234,positive,true,true
860,nucleo,request_seen,12874.879000,2E123463B510,positive,true,true
860,nucleo,response_seen,12878.960000,6E1234,positive,true,true
861,can0,request_send,12898.058758,2E222233,negative,false,true
861,can0,response_recv,12900.522621,7F2E31,negative,false,true
861,nucleo,request_seen,12889.472000,2E222233,negative,false,true
861,nucleo,response_seen,12893.559000,7F2E31,negative,false,true
862,can0,request_send,12913.032672,2E12341D,positive,true,true
862,can0,response_recv,12916.101431,6E1234,positive,true,true
862,nucleo,request_seen,12904.436000,2E12341D,positive,true,true
862,nucleo,response_seen,12908.523000,6E1234,positive,true,true
863,can0,request_send,12928.342732,2E12342D9E98,positive,true,true
863,can0,response_recv,12930.761408,6E1234,positive,true,true
863,nucleo,request_seen,12919.709000,2E12342D9E98,positive,true,true
863,nucleo,response_seen,12923.788000,6E1234,positive,true,true
864,can0,request_send,12943.110405,2E123490EB5EE0,positive,true,true
864,can0,response_recv,12945.405740,6E1234,positive,true,true
864,nucleo,request_seen,12934.462000,2E123490EB5EE0,positive,true,true
864,nucleo,response_seen,12938.537000,6E1234,positive,true,true
865,can0,request_send,12957.657378,2EF187F980,negative,false,true
865,can0,response_recv,12960.164683,7F2E31,negative,false,true
865,nucleo,request_seen,12949.031000,2EF187F980,negative,false,true
865,nucleo,response_seen,12953.111000,7F2E31,negative,false,true
866,can0,request_send,12972.914778,2E1234756C3678,positive,true,true
866,can0,response_recv,12975.658007,6E1234,positive,true,true
866,nucleo,request_seen,12964.261000,2E1234756C3678,positive,true,true
866,nucleo,response_seen,12968.333000,6E1234,positive,true,true
867,can0,request_send,12987.999670,2E1234E4,positive,true,true
867,can0,response_recv,12990.301361,6E1234,positive,true,true
867,nucleo,request_seen,12979.351000,2E1234E4,positive,true,true
867,nucleo,response_seen,12983.438000,6E1234,positive,true,true
868,can0,request_send,13002.615787,2E1234,negative,false,true
868,can0,response_recv,13005.025872,7F2E13,negative,false,true
868,nucleo,request_seen,12993.977000,2E1234,negative,false,true
868,nucleo,response_seen,12998.066000,7F2E13,negative,false,true
869,can0,request_send,13017.306774,2E123419,positive,true,true
869,can0,response_recv,13020.216224,6E1234,positive,true,true
869,nucleo,request_seen,13008.628000,2E123419,positive,true,true
869,nucleo,response_seen,13012.715000,6E1234,positive,true,true
870,can0,request_send,13032.473380,2E1234B3,positive,true,true
870,can0,response_recv,13035.239167,6E1234,positive,true,true
870,nucleo,request_seen,13023.782000,2E1234B3,positive,true,true
870,nucleo,response_seen,13027.869000,6E1234,positive,true,true
871,can0,request_send,13047.471459,2E1234,negative,false,true
871,can0,response_recv,13049.881055,7F2E13,negative,false,true
871,nucleo,request_seen,13038.757000,2E1234,negative,false,true
871,nucleo,response_seen,13042.848000,7F2E13,negative,false,true
872,can0,request_send,13062.377976,2E12348C,positive,true,true
872,can0,response_recv,13064.596905,6E1234,positive,true,true
872,nucleo,request_seen,13053.663000,2E12348C,positive,true,true
872,nucleo,response_seen,13057.750000,6E1234,positive,true,true
873,can0,request_send,13076.862511,2E12341D69,positive,true,true
873,can0,response_recv,13079.243263,6E1234,positive,true,true
873,nucleo,request_seen,13068.143000,2E12341D69,positive,true,true
873,nucleo,response_seen,13072.223000,6E1234,positive,true,true
874,can0,request_send,13091.465358,2E123480D20925,positive,true,true
874,can0,response_recv,13095.694670,6E1234,positive,true,true
874,nucleo,request_seen,13082.712000,2E123480D20925,positive,true,true
874,nucleo,response_seen,13086.792000,6E1234,positive,true,true
875,can0,request_send,13107.985070,2E1234,negative,false,true
875,can0,response_recv,13110.482108,7F2E13,negative,false,true
875,nucleo,request_seen,13099.232000,2E1234,negative,false,true
875,nucleo,response_seen,13103.321000,7F2E13,negative,false,true
876,can0,request_send,13122.771460,2E1234A943F4,positive,true,true
876,can0,response_recv,13125.057018,6E1234,positive,true,true
876,nucleo,request_seen,13114.000000,2E1234A943F4,positive,true,true
876,nucleo,response_seen,13118.077000,6E1234,positive,true,true
877,can0,request_send,13137.319971,2E1234E6964AFA,positive,true,true
877,can0,response_recv,13139.716995,6E1234,positive,true,true
877,nucleo,request_seen,13128.510000,2E1234E6964AFA,positive,true,true
877,nucleo,response_seen,13132.585000,6E1234,positive,true,true
878,can0,request_send,13151.993008,2E123487,positive,true,true
878,can0,response_recv,13154.363144,6E1234,positive,true,true
878,nucleo,request_seen,13143.220000,2E123487,positive,true,true
878,nucleo,response_seen,13147.304000,6E1234,positive,true,true
879,can0,request_send,13166.830103,2E1234B105EDAD,positive,true,true
879,can0,response_recv,13169.144296,6E1234,positive,true,true
879,nucleo,request_seen,13158.057000,2E1234B105EDAD,positive,true,true
879,nucleo,response_seen,13162.134000,6E1234,positive,true,true
880,can0,request_send,13181.497204,2E1234B5A8938B,positive,true,true
880,can0,response_recv,13183.654952,6E1234,positive,true,true
880,nucleo,request_seen,13172.674000,2E1234B5A8938B,positive,true,true
880,nucleo,response_seen,13176.748000,6E1234,positive,true,true
881,can0,request_send,13196.362235,2E1234D897,positive,true,true
881,can0,response_recv,13199.313521,6E1234,positive,true,true
881,nucleo,request_seen,13187.535000,2E1234D897,positive,true,true
881,nucleo,response_seen,13191.617000,6E1234,positive,true,true
882,can0,request_send,13211.584714,2E1234C5DA20,positive,true,true
882,can0,response_recv,13213.987256,6E1234,positive,true,true
882,nucleo,request_seen,13202.764000,2E1234C5DA20,positive,true,true
882,nucleo,response_seen,13206.843000,6E1234,positive,true,true
883,can0,request_send,13226.252863,2E100150,negative,false,true
883,can0,response_recv,13228.604700,7F2E31,negative,false,true
883,nucleo,request_seen,13217.410000,2E100150,negative,false,true
883,nucleo,response_seen,13221.501000,7F2E31,negative,false,true
884,can0,request_send,13240.889443,2E1234D35D09D8,positive,true,true
884,can0,response_recv,13243.250569,6E1234,positive,true,true
884,nucleo,request_seen,13232.018000,2E1234D35D09D8,positive,true,true
884,nucleo,response_seen,13236.095000,6E1234,positive,true,true
885,can0,request_send,13255.476925,2E1001C8,negative,false,true
885,can0,response_recv,13257.915575,7F2E31,negative,false,true
885,nucleo,request_seen,13246.629000,2E1001C8,negative,false,true
885,nucleo,response_seen,13250.720000,7F2E31,negative,false,true
886,can0,request_send,13270.217918,2E123417,positive,true,true
886,can0,response_recv,13272.561933,6E1234,positive,true,true
886,nucleo,request_seen,13261.332000,2E123417,positive,true,true
886,nucleo,response_seen,13265.419000,6E1234,positive,true,true
887,can0,request_send,13284.996695,2E123428,positive,true,true
887,can0,response_recv,13287.694666,6E1234,positive,true,true
887,nucleo,request_seen,13276.099000,2E123428,positive,true,true
887,nucleo,response_seen,13280.184000,6E1234,positive,true,true
888,can0,request_send,13299.965929,2E1234259341B6,positive,true,true
888,can0,response_recv,13302.805888,6E1234,positive,true,true
888,nucleo,request_seen,13291.030000,2E1234259341B6,positive,true,true
888,nucleo,response_seen,13295.103000,6E1234,positive,true,true
889,can0,request_send,13315.123037,2E333313B74A,negative,false,true
889,can0,response_recv,13317.480113,7F2E31,negative,false,true
889,nucleo,request_seen,13306.208000,2E333313B74A,negative,false,true
889,nucleo,response_seen,13310.285000,7F2E31,negative,false,true
890,can0,request_send,13329.767440,2E123453,positive,true,true
890,can0,response_recv,13332.151334,6E1234,positive,true,true
890,nucleo,request_seen,13320.852000,2E123453,positive,true,true
890,nucleo,response_seen,13324.939000,6E1234,positive,true,true
891,can0,request_send,13344.421829,2E1234D0,positive,true,true
891,can0,response_recv,13346.794340,6E1234,positive,true,true
891,nucleo,request_seen,13335.504000,2E1234D0,positive,true,true
891,nucleo,response_seen,13339.590000,6E1234,positive,true,true
892,can0,request_send,13359.067489,2E12343D5ED5F4,positive,true,true
892,can0,response_recv,13361.671803,6E1234,positive,true,true
892,nucleo,request_seen,13350.095000,2E12343D5ED5F4,positive,true,true
892,nucleo,response_seen,13354.168000,6E1234,positive,true,true
893,can0,request_send,13374.137085,2E222203,negative,false,true
893,can0,response_recv,13377.450359,7F2E31,negative,false,true
893,nucleo,request_seen,13365.149000,2E222203,negative,false,true
893,nucleo,response_seen,13369.238000,7F2E31,negative,false,true
894,can0,request_send,13389.716664,2E100142C6,negative,false,true
894,can0,response_recv,13393.986204,7F2E31,negative,false,true
894,nucleo,request_seen,13380.720000,2E100142C6,negative,false,true
894,nucleo,response_seen,13384.807000,7F2E31,negative,false,true
895,can0,request_send,13406.337227,2E12348FDC,positive,true,true
895,can0,response_recv,13409.284042,6E1234,positive,true,true
895,nucleo,request_seen,13397.326000,2E12348FDC,positive,true,true
895,nucleo,response_seen,13401.409000,6E1234,positive,true,true
896,can0,request_send,13421.628150,2E1234AE2A,positive,true,true
896,can0,response_recv,13423.936337,6E1234,positive,true,true
896,nucleo,request_seen,13412.606000,2E1234AE2A,positive,true,true
896,nucleo,response_seen,13416.689000,6E1234,positive,true,true
897,can0,request_send,13436.252089,2E123439AF,positive,true,true
897,can0,response_recv,13439.514448,6E1234,positive,true,true
897,nucleo,request_seen,13427.250000,2E123439AF,positive,true,true
897,nucleo,response_seen,13431.330000,6E1234,positive,true,true
898,can0,request_send,13451.862118,2E12347C53,positive,true,true
898,can0,response_recv,13454.160178,6E1234,positive,true,true
898,nucleo,request_seen,13442.843000,2E12347C53,positive,true,true
898,nucleo,response_seen,13446.925000,6E1234,positive,true,true
899,can0,request_send,13466.444990,2E123404E0,positive,true,true
899,can0,response_recv,13468.841526,6E1234,positive,true,true
899,nucleo,request_seen,13457.383000,2E123404E0,positive,true,true
899,nucleo,response_seen,13461.470000,6E1234,positive,true,true
900,can0,request_send,13481.048885,2E123452,positive,true,true
900,can0,response_recv,13483.488234,6E1234,positive,true,true
900,nucleo,request_seen,13471.981000,2E123452,positive,true,true
900,nucleo,response_seen,13476.065000,6E1234,positive,true,true
901,can0,request_send,13495.930050,2E222259,negative,false,true
901,can0,response_recv,13498.214071,7F2E31,negative,false,true
901,nucleo,request_seen,13486.903000,2E222259,negative,false,true
901,nucleo,response_seen,13490.990000,7F2E31,negative,false,true
902,can0,request_send,13510.826090,2E1234F181,positive,true,true
902,can0,response_recv,13513.783522,6E1234,positive,true,true
902,nucleo,request_seen,13501.800000,2E1234F181,positive,true,true
902,nucleo,response_seen,13505.883000,6E1234,positive,true,true
903,can0,request_send,13526.063725,2E123494B9,positive,true,true
903,can0,response_recv,13529.488814,6E1234,positive,true,true
903,nucleo,request_seen,13516.959000,2E123494B9,positive,true,true
903,nucleo,response_seen,13521.038000,6E1234,positive,true,true
904,can0,request_send,13541.777538,2E1234BE1480,positive,true,true
904,can0,response_recv,13544.138455,6E1234,positive,true,true
904,nucleo,request_seen,13532.706000,2E1234BE1480,positive,true,true
904,nucleo,response_seen,13536.785000,6E1234,positive,true,true
905,can0,request_send,13556.385204,2E123491ED,positive,true,true
905,can0,response_recv,13558.701422,6E1234,positive,true,true
905,nucleo,request_seen,13547.262000,2E123491ED,positive,true,true
905,nucleo,response_seen,13551.342000,6E1234,positive,true,true
906,can0,request_send,13570.940419,2E12343D,positive,true,true
906,can0,response_recv,13573.385146,6E1234,positive,true,true
906,nucleo,request_seen,13561.845000,2E12343D,positive,true,true
906,nucleo,response_seen,13565.932000,6E1234,positive,true,true
907,can0,request_send,13585.705368,2E1234A1E7B74E,positive,true,true
907,can0,response_recv,13587.994278,6E1234,positive,true,true
907,nucleo,request_seen,13576.565000,2E1234A1E7B74E,positive,true,true
907,nucleo,response_seen,13580.639000,6E1234,positive,true,true
908,can0,request_send,13600.460329,2E1234C14AF1CA,positive,true,true
908,can0,response_recv,13602.687150,6E1234,positive,true,true
908,nucleo,request_seen,13591.307000,2E1234C14AF1CA,positive,true,true
908,nucleo,response_seen,13595.382000,6E1234,positive,true,true
909,can0,request_send,13615.001995,2E1234B79C43,positive,true,true
909,can0,response_recv,13617.308226,6E1234,positive,true,true
909,nucleo,request_seen,13605.845000,2E1234B79C43,positive,true,true
909,nucleo,response_seen,13609.924000,6E1234,positive,true,true
910,can0,request_send,13629.803610,2E1234D9,positive,true,true
910,can0,response_recv,13632.945493,6E1234,positive,true,true
910,nucleo,request_seen,13620.720000,2E1234D9,positive,true,true
910,nucleo,response_seen,13624.806000,6E1234,positive,true,true
911,can0,request_send,13645.216058,2E12348CCFE2,positive,true,true
911,can0,response_recv,13647.586683,6E1234,positive,true,true
911,nucleo,request_seen,13636.057000,2E12348CCFE2,positive,true,true
911,nucleo,response_seen,13640.133000,6E1234,positive,true,true
912,can0,request_send,13659.815552,2E123405C0,positive,true,true
912,can0,response_recv,13662.269707,6E1234,positive,true,true
912,nucleo,request_seen,13650.622000,2E123405C0,positive,true,true
912,nucleo,response_seen,13654.709000,6E1234,positive,true,true
913,can0,request_send,13674.549771,2E123498D59A,positive,true,true
913,can0,response_recv,13676.912503,6E1234,positive,true,true
913,nucleo,request_seen,13665.344000,2E123498D59A,positive,true,true
913,nucleo,response_seen,13669.423000,6E1234,positive,true,true
914,can0,request_send,13689.182580,2E22222E,negative,false,true
914,can0,response_recv,13691.576741,7F2E31,negative,false,true
914,nucleo,request_seen,13679.979000,2E22222E,negative,false,true
914,nucleo,response_seen,13684.063000,7F2E31,negative,false,true
915,can0,request_send,13703.844233,2E12341F599EBB,positive,true,true
915,can0,response_recv,13706.198794,6E1234,positive,true,true
915,nucleo,request_seen,13694.654000,2E12341F599EBB,positive,true,true
915,nucleo,response_seen,13698.729000,6E1234,positive,true,true
916,can0,request_send,13718.471385,2E1234,negative,false,true
916,can0,response_recv,13720.843965,7F2E13,negative,false,true
916,nucleo,request_seen,13709.240000,2E1234,negative,false,true
916,nucleo,response_seen,13713.328000,7F2E13,negative,false,true
917,can0,request_send,13733.123260,2E1234,negative,false,true
917,can0,response_recv,13735.461408,7F2E13,negative,false,true
917,nucleo,request_seen,13723.871000,2E1234,negative,false,true
917,nucleo,response_seen,13727.964000,7F2E13,negative,false,true
918,can0,request_send,13747.688113,2E1234,negative,false,true
918,can0,response_recv,13750.138636,7F2E13,negative,false,true
918,nucleo,request_seen,13738.464000,2E1234,negative,false,true
918,nucleo,response_seen,13742.555000,7F2E13,negative,false,true
919,can0,request_send,13762.642262,2E10010E47,negative,false,true
919,can0,response_recv,13765.770595,7F2E31,negative,false,true
919,nucleo,request_seen,13753.387000,2E10010E47,negative,false,true
919,nucleo,response_seen,13757.478000,7F2E31,negative,false,true
920,can0,request_send,13778.468799,2E123499,positive,true,true
920,can0,response_recv,13781.424135,6E1234,positive,true,true
920,nucleo,request_seen,13769.230000,2E123499,positive,true,true
920,nucleo,response_seen,13773.314000,6E1234,positive,true,true
921,can0,request_send,13793.767126,2E123465,positive,true,true
921,can0,response_recv,13796.027960,6E1234,positive,true,true
921,nucleo,request_seen,13784.489000,2E123465,positive,true,true
921,nucleo,response_seen,13788.576000,6E1234,positive,true,true
922,can0,request_send,13808.357471,2E123407E8,positive,true,true
922,can0,response_recv,13810.700369,6E1234,positive,true,true
922,nucleo,request_seen,13799.064000,2E123407E8,positive,true,true
922,nucleo,response_seen,13803.149000,6E1234,positive,true,true
923,can0,request_send,13822.981689,2E1001BE,negative,false,true
923,can0,response_recv,13825.345609,7F2E31,negative,false,true
923,nucleo,request_seen,13813.689000,2E1001BE,negative,false,true
923,nucleo,response_seen,13817.780000,7F2E31,negative,false,true
924,can0,request_send,13837.606327,2E12345322732D,positive,true,true
924,can0,response_recv,13839.912977,6E1234,positive,true,true
924,nucleo,request_seen,13828.280000,2E12345322732D,positive,true,true
924,nucleo,response_seen,13832.353000,6E1234,positive,true,true
925,can0,request_send,13852.287815,2E1234C8,positive,true,true
925,can0,response_recv,13854.599494,6E1234,positive,true,true
925,nucleo,request_seen,13842.982000,2E1234C8,positive,true,true
925,nucleo,response_seen,13847.066000,6E1234,positive,true,true
926,can0,request_send,13866.889544,2E1234,negative,false,true
926,can0,response_recv,13869.295020,7F2E13,negative,false,true
926,nucleo,request_seen,13857.567000,2E1234,negative,false,true
926,nucleo,response_seen,13861.658000,7F2E13,negative,false,true
927,can0,request_send,13881.573896,2E1234322C52B8,positive,true,true
927,can0,response_recv,13883.863365,6E1234,positive,true,true
927,nucleo,request_seen,13872.191000,2E1234322C52B8,positive,true,true
927,nucleo,response_seen,13876.264000,6E1234,positive,true,true
928,can0,request_send,13896.299454,2E1234338302,positive,true,true
928,can0,response_recv,13898.591577,6E1234,positive,true,true
928,nucleo,request_seen,13886.933000,2E1234338302,positive,true,true
928,nucleo,response_seen,13891.016000,6E1234,positive,true,true
929,can0,request_send,13911.102396,2E1234689BAD,positive,true,true
929,can0,response_recv,13914.183657,6E1234,positive,true,true
929,nucleo,request_seen,13901.747000,2E1234689BAD,positive,true,true
929,nucleo,response_seen,13905.826000,6E1234,positive,true,true
930,can0,request_send,13926.498851,2E1234CC,positive,true,true
930,can0,response_recv,13928.856205,6E1234,positive,true,true
930,nucleo,request_seen,13917.139000,2E1234CC,positive,true,true
930,nucleo,response_seen,13921.223000,6E1234,positive,true,true
931,can0,request_send,13941.168466,2E12342DEDE054,positive,true,true
931,can0,response_recv,13943.497465,6E1234,positive,true,true
931,nucleo,request_seen,13931.769000,2E12342DEDE054,positive,true,true
931,nucleo,response_seen,13935.843000,6E1234,positive,true,true
932,can0,request_send,13955.744493,2E123475531B7A,positive,true,true
932,can0,response_recv,13958.107994,6E1234,positive,true,true
932,nucleo,request_seen,13946.315000,2E123475531B7A,positive,true,true
932,nucleo,response_seen,13950.390000,6E1234,positive,true,true
933,can0,request_send,13970.379118,2E1234A148BE39,positive,true,true
933,can0,response_recv,13972.784594,6E1234,positive,true,true
933,nucleo,request_seen,13960.968000,2E1234A148BE39,positive,true,true
933,nucleo,response_seen,13965.040000,6E1234,positive,true,true
934,can0,request_send,13985.158314,2E1234EB4D,positive,true,true
934,can0,response_recv,13987.380177,6E1234,positive,true,true
934,nucleo,request_seen,13975.732000,2E1234EB4D,positive,true,true
934,nucleo,response_seen,13979.814000,6E1234,positive,true,true
935,can0,request_send,13999.627764,2E12342847F9,positive,true,true
935,can0,response_recv,14002.133183,6E1234,positive,true,true
935,nucleo,request_seen,13990.162000,2E12342847F9,positive,true,true
935,nucleo,response_seen,13994.239000,6E1234,positive,true,true
936,can0,request_send,14014.427075,2EF187CE8C7F03,negative,false,true
936,can0,response_recv,14016.700690,7F2E31,negative,false,true
936,nucleo,request_seen,14004.973000,2EF187CE8C7F03,negative,false,true
936,nucleo,response_seen,14009.050000,7F2E31,negative,false,true
937,can0,request_send,14029.010785,2E1234D1,positive,true,true
937,can0,response_recv,14031.315969,6E1234,positive,true,true
937,nucleo,request_seen,14019.556000,2E1234D1,positive,true,true
937,nucleo,response_seen,14023.642000,6E1234,positive,true,true
938,can0,request_send,14043.578991,2E1234E1D2C9A9,positive,true,true
938,can0,response_recv,14046.220111,6E1234,positive,true,true
938,nucleo,request_seen,14034.086000,2E1234E1D2C9A9,positive,true,true
938,nucleo,response_seen,14038.157000,6E1234,positive,true,true
939,can0,request_send,14060.149757,2E12347729,positive,true,true
939,can0,response_recv,14062.604261,6E1234,positive,true,true
939,nucleo,request_seen,14050.688000,2E12347729,positive,true,true
939,nucleo,response_seen,14054.771000,6E1234,positive,true,true
940,can0,request_send,14074.844096,2E12343B4F1E,positive,true,true
940,can0,response_recv,14077.265286,6E1234,positive,true,true
940,nucleo,request_seen,14065.372000,2E12343B4F1E,positive,true,true
940,nucleo,response_seen,14069.451000,6E1234,positive,true,true
941,can0,request_send,14089.751661,2E1234069FF8D6,positive,true,true
941,can0,response_recv,14092.890470,6E1234,positive,true,true
941,nucleo,request_seen,14080.249000,2E1234069FF8D6,positive,true,true
941,nucleo,response_seen,14084.326000,6E1234,positive,true,true
942,can0,request_send,14105.156845,2E1234F3C05467,positive,true,true
942,can0,response_recv,14107.552473,6E1234,positive,true,true
942,nucleo,request_seen,14095.630000,2E1234F3C05467,positive,true,true
942,nucleo,response_seen,14099.704000,6E1234,positive,true,true
943,can0,request_send,14119.895952,2E12342AAC6EF5,positive,true,true
943,can0,response_recv,14122.158532,6E1234,positive,true,true
943,nucleo,request_seen,14110.362000,2E12342AAC6EF5,positive,true,true
943,nucleo,response_seen,14114.437000,6E1234,positive,true,true
944,can0,request_send,14134.610894,2E1001A36C,negative,false,true
944,can0,response_recv,14136.832128,7F2E31,negative,false,true
944,nucleo,request_seen,14125.083000,2E1001A36C,negative,false,true
944,nucleo,response_seen,14129.168000,7F2E31,negative,false,true
945,can0,request_send,14149.117570,2E33336D,negative,false,true
945,can0,response_recv,14151.469128,7F2E31,negative,false,true
945,nucleo,request_seen,14139.550000,2E33336D,negative,false,true
945,nucleo,response_seen,14143.637000,7F2E31,negative,false,true
946,can0,request_send,14163.788093,2E12341D4A6ACF,positive,true,true
946,can0,response_recv,14166.113670,6E1234,positive,true,true
946,nucleo,request_seen,14154.205000,2E12341D4A6ACF,positive,true,true
946,nucleo,response_seen,14158.277000,6E1234,positive,true,true
947,can0,request_send,14178.602629,2E1234F8A5,positive,true,true
947,can0,response_recv,14181.758759,6E1234,positive,true,true
947,nucleo,request_seen,14169.062000,2E1234F8A5,positive,true,true
947,nucleo,response_seen,14173.142000,6E1234,positive,true,true
948,can0,request_send,14194.010188,2E100149A1,negative,false,true
948,can0,response_recv,14196.458266,7F2E31,negative,false,true
948,nucleo,request_seen,14184.427000,2E100149A1,negative,false,true
948,nucleo,response_seen,14188.514000,7F2E31,negative,false,true
949,can0,request_send,14208.748387,2E12342CFD,positive,true,true
949,can0,response_recv,14211.101132,6E1234,positive,true,true
949,nucleo,request_seen,14199.172000,2E12342CFD,positive,true,true
949,nucleo,response_seen,14203.252000,6E1234,positive,true,true
950,can0,request_send,14223.620612,2E1234F3,positive,true,true
950,can0,response_recv,14226.683294,6E1234,positive,true,true
950,nucleo,request_seen,14214.054000,2E1234F3,positive,true,true
950,nucleo,response_seen,14218.138000,6E1234,positive,true,true
951,can0,request_send,14238.942964,2E1234B4,positive,true,true
951,can0,response_recv,14241.320713,6E1234,positive,true,true
951,nucleo,request_seen,14229.345000,2E1234B4,positive,true,true
951,nucleo,response_seen,14233.431000,6E1234,positive,true,true
952,can0,request_send,14253.596935,2E12343097B424,positive,true,true
952,can0,response_recv,14255.989909,6E1234,positive,true,true
952,nucleo,request_seen,14243.976000,2E12343097B424,positive,true,true
952,nucleo,response_seen,14248.048000,6E1234,positive,true,true
953,can0,request_send,14268.293369,2E3333D759,negative,false,true
953,can0,response_recv,14270.612661,7F2E31,negative,false,true
953,nucleo,request_seen,14258.650000,2E3333D759,negative,false,true
953,nucleo,response_seen,14262.733000,7F2E31,negative,false,true
954,can0,request_send,14282.907740,2E1234A6A9,positive,true,true
954,can0,response_recv,14285.326066,6E1234,positive,true,true
954,nucleo,request_seen,14273.283000,2E1234A6A9,positive,true,true
954,nucleo,response_seen,14277.363000,6E1234,positive,true,true
955,can0,request_send,14297.579381,2E1234,negative,false,true
955,can0,response_recv,14299.965859,7F2E13,negative,false,true
955,nucleo,request_seen,14287.917000,2E1234,negative,false,true
955,nucleo,response_seen,14292.008000,7F2E13,negative,false,true
956,can0,request_send,14312.519631,2E1234EC,positive,true,true
956,can0,response_recv,14315.588879,6E1234,positive,true,true
956,nucleo,request_seen,14302.857000,2E1234EC,positive,true,true
956,nucleo,response_seen,14306.944000,6E1234,positive,true,true
957,can0,request_send,14327.863774,2E1234D35A57,positive,true,true
957,can0,response_recv,14330.580532,6E1234,positive,true,true
957,nucleo,request_seen,14318.181000,2E1234D35A57,positive,true,true
957,nucleo,response_seen,14322.258000,6E1234,positive,true,true
958,can0,request_send,14342.797599,2E123459A31997,positive,true,true
958,can0,response_recv,14345.864402,6E1234,positive,true,true
958,nucleo,request_seen,14333.115000,2E123459A31997,positive,true,true
958,nucleo,response_seen,14337.188000,6E1234,positive,true,true
959,can0,request_send,14358.150961,2E1234C4,positive,true,true
959,can0,response_recv,14360.501122,6E1234,positive,true,true
959,nucleo,request_seen,14348.473000,2E1234C4,positive,true,true
959,nucleo,response_seen,14352.560000,6E1234,positive,true,true
960,can0,request_send,14372.752830,2E1234C0,positive,true,true
960,can0,response_recv,14375.128134,6E1234,positive,true,true
960,nucleo,request_seen,14363.054000,2E1234C0,positive,true,true
960,nucleo,response_seen,14367.138000,6E1234,positive,true,true
961,can0,request_send,14387.373626,2E12343B,positive,true,true
961,can0,response_recv,14389.825755,6E1234,positive,true,true
961,nucleo,request_seen,14377.661000,2E12343B,positive,true,true
961,nucleo,response_seen,14381.748000,6E1234,positive,true,true
962,can0,request_send,14402.171609,2E123474,positive,true,true
962,can0,response_recv,14404.431396,6E1234,positive,true,true
962,nucleo,request_seen,14392.450000,2E123474,positive,true,true
962,nucleo,response_seen,14396.537000,6E1234,positive,true,true
963,can0,request_send,14416.782069,2E12344CB09F,positive,true,true
963,can0,response_recv,14419.089487,6E1234,positive,true,true
963,nucleo,request_seen,14407.042000,2E12344CB09F,positive,true,true
963,nucleo,response_seen,14411.119000,6E1234,positive,true,true
964,can0,request_send,14431.454548,2E1234,negative,false,true
964,can0,response_recv,14433.715382,7F2E13,negative,false,true
964,nucleo,request_seen,14421.743000,2E1234,negative,false,true
964,nucleo,response_seen,14425.834000,7F2E13,negative,false,true
965,can0,request_send,14446.225852,2E1234C6,positive,true,true
965,can0,response_recv,14449.365011,6E1234,positive,true,true
965,nucleo,request_seen,14436.502000,2E1234C6,positive,true,true
965,nucleo,response_seen,14440.589000,6E1234,positive,true,true
966,can0,request_send,14461.656738,2E1234,negative,false,true
966,can0,response_recv,14464.002988,7F2E13,negative,false,true
966,nucleo,request_seen,14451.899000,2E1234,negative,false,true
966,nucleo,response_seen,14455.991000,7F2E13,negative,false,true
967,can0,request_send,14476.278581,2E1234D2C29580,positive,true,true
967,can0,response_recv,14478.648228,6E1234,positive,true,true
967,nucleo,request_seen,14466.492000,2E1234D2C29580,positive,true,true
967,nucleo,response_seen,14470.566000,6E1234,positive,true,true
968,can0,request_send,14493.148758,2E123485F646,positive,true,true
968,can0,response_recv,14496.266685,6E1234,positive,true,true
968,nucleo,request_seen,14483.372000,2E123485F646,positive,true,true
968,nucleo,response_seen,14487.451000,6E1234,positive,true,true
969,can0,request_send,14508.496812,2E1234519117A0,positive,true,true
969,can0,response_recv,14510.891601,6E1234,positive,true,true
969,nucleo,request_seen,14498.676000,2E1234519117A0,positive,true,true
969,nucleo,response_seen,14502.751000,6E1234,positive,true,true
970,can0,request_send,14523.392363,2E123454B24A41,positive,true,true
970,can0,response_recv,14526.465802,6E1234,positive,true,true
970,nucleo,request_seen,14513.577000,2E123454B24A41,positive,true,true
970,nucleo,response_seen,14517.651000,6E1234,positive,true,true
971,can0,request_send,14538.703821,2E12343F514C,positive,true,true
971,can0,response_recv,14541.117817,6E1234,positive,true,true
971,nucleo,request_seen,14528.888000,2E12343F514C,positive,true,true
971,nucleo,response_seen,14532.969000,6E1234,positive,true,true
972,can0,request_send,14553.363379,2E1234866F,positive,true,true
972,can0,response_recv,14555.791413,6E1234,positive,true,true
972,nucleo,request_seen,14543.554000,2E1234866F,positive,true,true
972,nucleo,response_seen,14547.637000,6E1234,positive,true,true
973,can0,request_send,14568.220448,2E12348F275C,positive,true,true
973,can0,response_recv,14570.386787,6E1234,positive,true,true
973,nucleo,request_seen,14558.407000,2E12348F275C,positive,true,true
973,nucleo,response_seen,14562.486000,6E1234,positive,true,true
974,can0,request_send,14582.705961,2E123476AB22F1,positive,true,true
974,can0,response_recv,14585.092719,6E1234,positive,true,true
974,nucleo,request_seen,14572.848000,2E123476AB22F1,positive,true,true
974,nucleo,response_seen,14576.923000,6E1234,positive,true,true
975,can0,request_send,14597.430332,2E12342A10,positive,true,true
975,can0,response_recv,14599.735795,6E1234,positive,true,true
975,nucleo,request_seen,14587.595000,2E12342A10,positive,true,true
975,nucleo,response_seen,14591.678000,6E1234,positive,true,true
976,can0,request_send,14612.241586,2E10012C,negative,false,true
976,can0,response_recv,14615.386122,7F2E31,negative,false,true
976,nucleo,request_seen,14602.420000,2E10012C,negative,false,true
976,nucleo,response_seen,14606.511000,7F2E31,negative,false,true
977,can0,request_send,14628.093335,2E12349ED5758C,positive,true,true
977,can0,response_recv,14631.048183,6E1234,positive,true,true
977,nucleo,request_seen,14618.229000,2E12349ED5758C,positive,true,true
977,nucleo,response_seen,14622.301000,6E1234,positive,true,true
978,can0,request_send,14643.562215,2E1234E8E1100E,positive,true,true
978,can0,response_recv,14646.621615,6E1234,positive,true,true
978,nucleo,request_seen,14633.667000,2E1234E8E1100E,positive,true,true
978,nucleo,response_seen,14637.747000,6E1234,positive,true,true
979,can0,request_send,14658.914669,2E12342CD51B,positive,true,true
979,can0,response_recv,14661.348221,6E1234,positive,true,true
979,nucleo,request_seen,14649.048000,2E12342CD51B,positive,true,true
979,nucleo,response_seen,14653.123000,6E1234,positive,true,true
980,can0,request_send,14673.593433,2E12340A,positive,true,true
980,can0,response_recv,14675.827518,6E1234,positive,true,true
980,nucleo,request_seen,14663.686000,2E12340A,positive,true,true
980,nucleo,response_seen,14667.777000,6E1234,positive,true,true
981,can0,request_send,14688.308445,2E12346D255FCD,positive,true,true
981,can0,response_recv,14690.507470,6E1234,positive,true,true
981,nucleo,request_seen,14678.383000,2E12346D255FCD,positive,true,true
981,nucleo,response_seen,14682.458000,6E1234,positive,true,true
982,can0,request_send,14702.775171,2E123428F1,positive,true,true
982,can0,response_recv,14705.202577,6E1234,positive,true,true
982,nucleo,request_seen,14692.854000,2E123428F1,positive,true,true
982,nucleo,response_seen,14696.937000,6E1234,positive,true,true
983,can0,request_send,14717.480406,2E12345C,positive,true,true
983,can0,response_recv,14719.852427,6E1234,positive,true,true
983,nucleo,request_seen,14707.540000,2E12345C,positive,true,true
983,nucleo,response_seen,14711.627000,6E1234,positive,true,true
984,can0,request_send,14732.167621,2E1234AB5B21,positive,true,true
984,can0,response_recv,14734.432785,6E1234,positive,true,true
984,nucleo,request_seen,14722.194000,2E1234AB5B21,positive,true,true
984,nucleo,response_seen,14726.271000,6E1234,positive,true,true
985,can0,request_send,14746.647756,2EF187276A,negative,false,true
985,can0,response_recv,14749.130407,7F2E31,negative,false,true
985,nucleo,request_seen,14736.681000,2EF187276A,negative,false,true
985,nucleo,response_seen,14740.764000,7F2E31,negative,false,true
986,can0,request_send,14761.385886,2E12343C834F,positive,true,true
986,can0,response_recv,14763.841019,6E1234,positive,true,true
986,nucleo,request_seen,14751.410000,2E12343C834F,positive,true,true
986,nucleo,response_seen,14755.489000,6E1234,positive,true,true
987,can0,request_send,14776.116612,2E12340D8E,positive,true,true
987,can0,response_recv,14778.496666,6E1234,positive,true,true
987,nucleo,request_seen,14766.135000,2E12340D8E,positive,true,true
987,nucleo,response_seen,14770.220000,6E1234,positive,true,true
988,can0,request_send,14790.796564,2E1234C4766BA4,positive,true,true
988,can0,response_recv,14793.131570,6E1234,positive,true,true
988,nucleo,request_seen,14780.794000,2E1234C4766BA4,positive,true,true
988,nucleo,response_seen,14784.869000,6E1234,positive,true,true
989,can0,request_send,14805.378528,2E33335EDA18A7,negative,false,true
989,can0,response_recv,14807.796156,7F2E31,negative,false,true
989,nucleo,request_seen,14795.369000,2E33335EDA18A7,negative,false,true
989,nucleo,response_seen,14799.443000,7F2E31,negative,false,true
990,can0,request_send,14820.154442,2E1234E7B841,positive,true,true
990,can0,response_recv,14822.557264,6E1234,positive,true,true
990,nucleo,request_seen,14810.145000,2E1234E7B841,positive,true,true
990,nucleo,response_seen,14814.222000,6E1234,positive,true,true
991,can0,request_send,14834.816654,2E1234294AA8,positive,true,true
991,can0,response_recv,14837.141183,6E1234,positive,true,true
991,nucleo,request_seen,14824.790000,2E1234294AA8,positive,true,true
991,nucleo,response_seen,14828.869000,6E1234,positive,true,true
992,can0,request_send,14849.482428,2E12343865,positive,true,true
992,can0,response_recv,14851.682710,6E1234,positive,true,true
992,nucleo,request_seen,14839.447000,2E12343865,positive,true,true
992,nucleo,response_seen,14843.530000,6E1234,positive,true,true
993,can0,request_send,14864.012221,2E1234CAE2F1C8,positive,true,true
993,can0,response_recv,14866.265233,6E1234,positive,true,true
993,nucleo,request_seen,14853.962000,2E1234CAE2F1C8,positive,true,true
993,nucleo,response_seen,14858.034000,6E1234,positive,true,true
994,can0,request_send,14878.452826,2E12346017,positive,true,true
994,can0,response_recv,14880.896365,6E1234,positive,true,true
994,nucleo,request_seen,14868.383000,2E12346017,positive,true,true
994,nucleo,response_seen,14872.466000,6E1234,positive,true,true
995,can0,request_send,14893.071527,2E12340B5CB7,positive,true,true
995,can0,response_recv,14895.575199,6E1234,positive,true,true
995,nucleo,request_seen,14882.982000,2E12340B5CB7,positive,true,true
995,nucleo,response_seen,14887.063000,6E1234,positive,true,true
996,can0,request_send,14907.794012,2E12345A37,positive,true,true
996,can0,response_recv,14910.283018,6E1234,positive,true,true
996,nucleo,request_seen,14897.744000,2E12345A37,positive,true,true
996,nucleo,response_seen,14901.826000,6E1234,positive,true,true
997,can0,request_send,14922.597443,2E1234,negative,false,true
997,can0,response_recv,14924.934893,7F2E13,negative,false,true
997,nucleo,request_seen,14912.517000,2E1234,negative,false,true
997,nucleo,response_seen,14916.608000,7F2E13,negative,false,true
998,can0,request_send,14937.235630,2E12340FCD,positive,true,true
998,can0,response_recv,14940.439113,6E1234,positive,true,true
998,nucleo,request_seen,14927.152000,2E12340FCD,positive,true,true
998,nucleo,response_seen,14931.237000,6E1234,positive,true,true
999,can0,request_send,14952.761640,2E123451,positive,true,true
999,can0,response_recv,14955.198893,6E1234,positive,true,true
999,nucleo,request_seen,14942.691000,2E123451,positive,true,true
999,nucleo,response_seen,14946.778000,6E1234,positive,true,true
1000,can0,request_send,14967.657261,2E12348AE2AF,positive,true,true
1000,can0,response_recv,14969.894280,6E1234,positive,true,true
1000,nucleo,request_seen,14957.537000,2E12348AE2AF,positive,true,true
1000,nucleo,response_seen,14961.615000,6E1234,positive,true,true
