profile,case_id,gateway_mode,operation,passed,responses,failure_reason
before_hotpatch,0,misconfigured,extended_read_sequence,true,5003 6210014210 621234,-
before_hotpatch,1,misconfigured,read_status_did,true,6210014210,-
before_hotpatch,2,misconfigured,security_unlock,true,5003 67011201 6702,-
before_hotpatch,3,misconfigured,default_session,true,5001,-
before_hotpatch,4,misconfigured,read_config_did,true,621234,-
before_hotpatch,5,misconfigured,read_config_did,true,621234,-
before_hotpatch,6,misconfigured,read_config_did,true,621234,-
before_hotpatch,7,misconfigured,read_config_did,true,621234,-
before_hotpatch,8,misconfigured,extended_session,true,5003,-
before_hotpatch,9,misconfigured,read_config_did,true,621234,-
before_hotpatch,10,misconfigured,read_config_did,true,621234,-
before_hotpatch,11,misconfigured,read_status_did,true,6210014210,-
before_hotpatch,12,restricted,read_config_did,true,621234,-
before_hotpatch,13,misconfigured,extended_session,true,5003,-
before_hotpatch,14,misconfigured,extended_read_sequence,true,5003 6210014210 621234,-
before_hotpatch,15,misconfigured,read_status_did,true,6210014210,-
before_hotpatch,16,misconfigured,extended_read_sequence,true,5003 6210014210 621234,-
before_hotpatch,17,misconfigured,read_config_did,true,621234,-
before_hotpatch,18,misconfigured,extended_read_sequence,true,5003 6210014210 621234,-
before_hotpatch,19,misconfigured,read_status_did,true,6210014210,-
before_hotpatch,20,misconfigured,read_status_did,true,6210014210,-
before_hotpatch,21,misconfigured,extended_read_sequence,true,5003 6210014210 621234,-
before_hotpatch,22,misconfigured,security_unlock,true,5003 67011201 6702,-
before_hotpatch,23,misconfigured,extended_session,true,5003,-
before_hotpatch,24,misconfigured,default_session,true,5001,-
before_hotpatch,25,misconfigured,read_config_did,true,621234,-
before_hotpatch,26,misconfigured,extended_read_sequence,true,5003 6210014210 621234,-
before_hotpatch,27,misconfigured,read_status_did,true,6210014210,-
before_hotpatch,28,misconfigured,read_config_did,true,621234,-
before_hotpatch,29,misconfigured,security_unlock,true,5003 67011201 6702,-
before_hotpatch,30,misconfigured,read_config_did,true,621234,-
before_hotpatch,31,misconfigured,extended_read_sequence,true,5003 6210014210 621234,-
before_hotpatch,32,misconfigured,extended_session,true,5003,-
before_hotpatch,33,misconfigured,extended_session,true,5003,-
before_hotpatch,34,misconfigured,read_config_did,true,621234,-
before_hotpatch,35,misconfigured,read_config_did,true,621234,-
before_hotpatch,36,misconfigured,read_config_did,true,621234,-
before_hotpatch,37,misconfigured,default_session,true,5001,-
before_hotpatch,38,misconfigured,security_unlock,true,5003 67011201 6702,-
before_hotpatch,39,misconfigured,security_unlock,true,5003 67011201 6702,-
before_hotpatch,40,misconfigured,extended_session,true,5003,-
before_hotpatch,41,misconfigured,extended_session,true,5003,-
before_hotpatch,42,misconfigured,read_status_did,true,6210014210,-
before_hotpatch,43,misconfigured,extended_session,true,5003,-
before_hotpatch,44,misconfigured,read_config_did,true,621234,-
before_hotpatch,45,misconfigured,read_config_did,true,621234,-
before_hotpatch,46,misconfigured,read_config_did,true,621234,-
before_hotpatch,47,misconfigured,read_status_did,true,6210014210,-
before_hotpatch,48,misconfigured,extended_session,true,5003,-
before_hotpatch,49,misconfigured,read_config_did,true,621234,-
before_hotpatch,50,misconfigured,security_unlock,true,5003 67011201 6702,-
before_hotpatch,51,misconfigured,extended_session,true,5003,-
before_hotpatch,52,misconfigured,extended_session,true,5003,-
before_hotpatch,53,restricted,extended_session,true,5003,-
before_hotpatch,54,misconfigured,default_session,true,5001,-
before_hotpatch,55,misconfigured,read_status_did,true,6210014210,-
before_hotpatch,56,restricted,read_status_did,true,6210014210,-
before_hotpatch,57,misconfigured,default_session,true,5001,-
before_hotpatch,58,misconfigured,security_unlock,true,5003 67011201 6702,-
before_hotpatch,59,misconfigured,read_status_did,true,6210014210,-
before_hotpatch,60,misconfigured,extended_session,true,5003,-
before_hotpatch,61,misconfigured,security_unlock,true,5003 67011201 6702,-
before_hotpatch,62,misconfigured,extended_session,true,5003,-
before_hotpatch,63,misconfigured,extended_read_sequence,true,5003 6210014210 621234,-
before_hotpatch,64,misconfigured,extended_read_sequence,true,5003 6210014210 621234,-
before_hotpatch,65,open,extended_session,true,5003,-
before_hotpatch,66,misconfigured,read_status_did,true,6210014210,-
before_hotpatch,67,misconfigured,read_status_did,true,6210014210,-
before_hotpatch,68,misconfigured,read_status_did,true,6210014210,-
before_hotpatch,69,restricted,read_config_did,true,621234,-
before_hotpatch,70,misconfigured,default_session,true,5001,-
before_hotpatch,71,restricted,extended_session,true,5003,-
before_hotpatch,72,misconfigured,extended_session,true,5003,-
before_hotpatch,73,misconfigured,extended_read_sequence,true,5003 6210014210 621234,-
before_hotpatch,74,misconfigured,default_session,true,5001,-
before_hotpatch,75,misconfigured,extended_session,true,5003,-
before_hotpatch,76,misconfigured,read_config_did,true,621234,-
before_hotpatch,77,misconfigured,extended_session,true,5003,-
before_hotpatch,78,misconfigured,extended_session,true,5003,-
before_hotpatch,79,misconfigured,security_unlock,true,5003 67011201 6702,-
before_hotpatch,80,misconfigured,extended_session,true,5003,-
before_hotpatch,81,misconfigured,default_session,true,5001,-
before_hotpatch,82,misconfigured,security_unlock,true,5003 67011201 6702,-
before_hotpatch,83,open,extended_session,true,5003,-
before_hotpatch,84,misconfigured,security_unlock,true,5003 67011201 6702,-
before_hotpatch,85,misconfigured,read_status_did,true,6210014210,-
before_hotpatch,86,misconfigured,read_status_did,true,6210014210,-
before_hotpatch,87,misconfigured,read_status_did,true,6210014210,-
before_hotpatch,88,misconfigured,read_status_did,true,6210014210,-
before_hotpatch,89,misconfigured,read_status_did,true,6210014210,-
before_hotpatch,90,misconfigured,security_unlock,true,5003 67011201 6702,-
before_hotpatch,91,misconfigured,read_status_did,true,6210014210,-
before_hotpatch,92,misconfigured,read_status_did,true,6210014210,-
before_hotpatch,93,misconfigured,security_unlock,true,5003 67011201 6702,-
before_hotpatch,94,misconfigured,extended_read_sequence,true,5003 6210014210 621234,-
before_hotpatch,95,open,default_session,true,5001,-
before_hotpatch,96,misconfigured,security_unlock,true,5003 67011201 6702,-
before_hotpatch,97,misconfigured,read_status_did,true,6210014210,-
before_hotpatch,98,misconfigured,security_unlock,true,5003 67011201 6702,-
before_hotpatch,99,misconfigured,security_unlock,true,5003 67011201 6702,-
before_hotpatch,100,misconfigured,security_unlock,true,5003 67011201 6702,-
before_hotpatch,101,misconfigured,read_status_did,true,6210014210,-
before_hotpatch,102,misconfigured,read_config_did,true,621234,-
before_hotpatch,103,misconfigured,read_config_did,true,621234,-
before_hotpatch,104,misconfigured,read_status_did,true,6210014210,-
before_hotpatch,105,restricted,default_session,true,5001,-
before_hotpatch,106,misconfigured,read_status_did,true,6210014210,-
before_hotpatch,107,misconfigured,security_unlock,true,5003 67011201 6702,-
before_hotpatch,108,misconfigured,extended_session,true,5003,-
before_hotpatch,109,misconfigured,extended_session,true,5003,-
before_hotpatch,110,misconfigured,extended_read_sequence,true,5003 6210014210 621234,-
before_hotpatch,111,misconfigured,extended_read_sequence,true,5003 6210014210 621234,-
before_hotpatch,112,misconfigured,extended_read_sequence,true,5003 6210014210 621234,-
before_hotpatch,113,misconfigured,security_unlock,true,5003 67011201 6702,-
before_hotpatch,114,misconfigured,default_session,true,5001,-
before_hotpatch,115,misconfigured,default_session,true,5001,-
before_hotpatch,116,restricted,extended_session,true,5003,-
before_hotpatch,117,misconfigured,security_unlock,true,5003 67011201 6702,-
before_hotpatch,118,misconfigured,read_status_did,true,6210014210,-
before_hotpatch,119,restricted,default_session,true,5001,-
before_hotpatch,120,misconfigured,security_unlock,true,5003 67011201 6702,-
before_hotpatch,121,misconfigured,security_unlock,true,5003 67011201 6702,-
before_hotpatch,122,misconfigured,read_status_did,true,6210014210,-
before_hotpatch,123,misconfigured,extended_session,true,5003,-
before_hotpatch,124,misconfigured,security_unlock,true,5003 67011201 6702,-
before_hotpatch,125,misconfigured,default_session,true,5001,-
before_hotpatch,126,misconfigured,read_status_did,true,6210014210,-
before_hotpatch,127,misconfigured,read_status_did,true,6210014210,-
before_hotpatch,128,misconfigured,extended_session,true,5003,-
before_hotpatch,129,misconfigured,read_config_did,true,621234,-
before_hotpatch,130,misconfigured,extended_read_sequence,true,5003 6210014210 621234,-
before_hotpatch,131,misconfigured,security_unlock,true,5003 67011201 6702,-
before_hotpatch,132,open,extended_session,true,5003,-
before_hotpatch,133,misconfigured,extended_session,true,5003,-
before_hotpatch,134,misconfigured,default_session,true,5001,-
before_hotpatch,135,misconfigured,extended_session,true,5003,-
before_hotpatch,136,misconfigured,read_config_did,true,621234,-
before_hotpatch,137,misconfigured,read_status_did,true,6210014210,-
before_hotpatch,138,misconfigured,security_unlock,true,5003 67011201 6702,-
before_hotpatch,139,misconfigured,security_unlock,true,5003 67011201 6702,-
before_hotpatch,140,misconfigured,extended_read_sequence,true,5003 6210014210 621234,-
before_hotpatch,141,misconfigured,default_session,true,5001,-
before_hotpatch,142,misconfigured,extended_session,true,5003,-
before_hotpatch,143,misconfigured,security_unlock,true,5003 67011201 6702,-
before_hotpatch,144,open,read_config_did,true,621234,-
before_hotpatch,145,misconfigured,read_config_did,true,621234,-
before_hotpatch,146,misconfigured,extended_session,true,5003,-
before_hotpatch,147,misconfigured,read_status_did,true,6210014210,-
before_hotpatch,148,misconfigured,default_session,true,5001,-
before_hotpatch,149,misconfigured,security_unlock,true,5003 67011201 6702,-
before_hotpatch,150,misconfigured,read_status_did,true,6210014210,-
before_hotpatch,151,misconfigured,read_config_did,true,621234,-
before_hotpatch,152,misconfigured,security_unlock,true,5003 67011201 6702,-
before_hotpatch,153,misconfigured,read_status_did,true,6210014210,-
before_hotpatch,154,misconfigured,extended_session,true,5003,-
before_hotpatch,155,misconfigured,security_unlock,true,5003 67011201 6702,-
before_hotpatch,156,misconfigured,extended_session,true,5003,-
before_hotpatch,157,misconfigured,security_unlock,true,5003 67011201 6702,-
before_hotpatch,158,misconfigured,read_status_did,true,6210014210,-
before_hotpatch,159,misconfigured,extended_read_sequence,true,5003 6210014210 621234,-
before_hotpatch,160,misconfigured,extended_session,true,5003,-
before_hotpatch,161,misconfigured,read_config_did,true,621234,-
before_hotpatch,162,misconfigured,default_session,true,5001,-
before_hotpatch,163,open,default_session,true,5001,-
before_hotpatch,164,misconfigured,default_session,true,5001,-
before_hotpatch,165,misconfigured,read_status_did,true,6210014210,-
before_hotpatch,166,misconfigured,extended_session,true,5003,-
before_hotpatch,167,misconfigured,extended_session,true,5003,-
before_hotpatch,168,misconfigured,default_session,true,5001,-
before_hotpatch,169,misconfigured,read_status_did,true,6210014210,-
before_hotpatch,170,misconfigured,extended_session,true,5003,-
before_hotpatch,171,misconfigured,security_unlock,true,5003 67011201 6702,-
before_hotpatch,172,misconfigured,read_status_did,true,6210014210,-
before_hotpatch,173,open,security_unlock,true,5003 67011201 6702,-
before_hotpatch,174,misconfigured,read_config_did,true,621234,-
before_hotpatch,175,misconfigured,read_config_did,true,621234,-
before_hotpatch,176,misconfigured,default_session,true,5001,-
before_hotpatch,177,misconfigured,extended_read_sequence,true,5003 6210014210 621234,-
before_hotpatch,178,restricted,security_unlock,true,5003 67011201 6702,-
before_hotpatch,179,misconfigured,read_status_did,true,6210014210,-
before_hotpatch,180,misconfigured,extended_read_sequence,true,5003 6210014210 621234,-
before_hotpatch,181,misconfigured,read_status_did,true,6210014210,-
before_hotpatch,182,misconfigured,read_config_did,true,621234,-
before_hotpatch,183,misconfigured,default_session,true,5001,-
before_hotpatch,184,open,security_unlock,true,5003 67011201 6702,-
before_hotpatch,185,misconfigured,extended_session,true,5003,-
before_hotpatch,186,misconfigured,read_status_did,true,6210014210,-
before_hotpatch,187,misconfigured,security_unlock,true,5003 67011201 6702,-
before_hotpatch,188,misconfigured,extended_session,true,5003,-
before_hotpatch,189,misconfigured,read_config_did,true,621234,-
before_hotpatch,190,misconfigured,read_status_did,true,6210014210,-
before_hotpatch,191,misconfigured,read_config_did,true,621234,-
before_hotpatch,192,misconfigured,extended_session,true,5003,-
before_hotpatch,193,misconfigured,read_config_did,true,621234,-
before_hotpatch,194,misconfigured,security_unlock,true,5003 67011201 6702,-
before_hotpatch,195,misconfigured,read_status_did,true,6210014210,-
before_hotpatch,196,misconfigured,read_config_did,true,621234,-
before_hotpatch,197,misconfigured,extended_read_sequence,true,5003 6210014210 621234,-
before_hotpatch,198,misconfigured,security_unlock,true,5003 67011201 6702,-
before_hotpatch,199,misconfigured,extended_read_sequence,true,5003 6210014210 621234,-
before_hotpatch,200,misconfigured,security_unlock,true,5003 67011201 6702,-
before_hotpatch,201,misconfigured,security_unlock,true,5003 67011201 6702,-
before_hotpatch,202,misconfigured,extended_read_sequence,true,5003 6210014210 621234,-
before_hotpatch,203,misconfigured,read_status_did,true,6210014210,-
before_hotpatch,204,misconfigured,security_unlock,true,5003 67011201 6702,-
before_hotpatch,205,misconfigured,read_status_did,true,6210014210,-
before_hotpatch,206,misconfigured,security_unlock,true,5003 67011201 6702,-
before_hotpatch,207,restricted,read_status_did,true,6210014210,-
before_hotpatch,208,misconfigured,extended_read_sequence,true,5003 6210014210 621234,-
before_hotpatch,209,misconfigured,default_session,true,5001,-
before_hotpatch,210,restricted,security_unlock,true,5003 67011201 6702,-
before_hotpatch,211,misconfigured,extended_session,true,5003,-
before_hotpatch,212,misconfigured,default_session,true,5001,-
before_hotpatch,213,restricted,extended_read_sequence,true,5003 6210014210 621234,-
before_hotpatch,214,misconfigured,read_status_did,true,6210014210,-
before_hotpatch,215,open,read_status_did,true,6210014210,-
before_hotpatch,216,misconfigured,extended_session,true,5003,-
before_hotpatch,217,misconfigured,extended_session,true,5003,-
before_hotpatch,218,misconfigured,default_session,true,5001,-
before_hotpatch,219,misconfigured,extended_read_sequence,true,5003 6210014210 621234,-
before_hotpatch,220,misconfigured,default_session,true,5001,-
before_hotpatch,221,misconfigured,security_unlock,true,5003 67011201 6702,-
before_hotpatch,222,misconfigured,read_status_did,true,6210014210,-
before_hotpatch,223,misconfigured,extended_read_sequence,true,5003 6210014210 621234,-
before_hotpatch,224,misconfigured,security_unlock,true,5003 67011201 6702,-
before_hotpatch,225,misconfigured,security_unlock,true,5003 67011201 6702,-
before_hotpatch,226,misconfigured,default_session,true,5001,-
before_hotpatch,227,open,extended_session,true,5003,-
before_hotpatch,228,misconfigured,read_status_did,true,6210014210,-
before_hotpatch,229,misconfigured,default_session,true,5001,-
before_hotpatch,230,misconfigured,security_unlock,true,5003 67011201 6702,-
before_hotpatch,231,misconfigured,extended_session,true,5003,-
before_hotpatch,232,misconfigured,security_unlock,true,5003 67011201 6702,-
before_hotpatch,233,misconfigured,read_config_did,true,621234,-
before_hotpatch,234,open,read_status_did,true,6210014210,-
before_hotpatch,235,misconfigured,extended_read_sequence,true,5003 6210014210 621234,-
before_hotpatch,236,misconfigured,read_status_did,true,6210014210,-
before_hotpatch,237,misconfigured,read_config_did,true,621234,-
before_hotpatch,238,misconfigured,read_config_did,true,621234,-
before_hotpatch,239,misconfigured,security_unlock,true,5003 67011201 6702,-
before_hotpatch,240,misconfigured,read_status_did,true,6210014210,-
before_hotpatch,241,misconfigured,extended_session,true,5003,-
before_hotpatch,242,misconfigured,read_status_did,true,6210014210,-
before_hotpatch,243,misconfigured,extended_session,true,5003,-
before_hotpatch,244,misconfigured,extended_read_sequence,true,5003 6210014210 621234,-
before_hotpatch,245,misconfigured,read_status_did,true,6210014210,-
before_hotpatch,246,misconfigured,security_unlock,true,5003 67011201 6702,-
before_hotpatch,247,misconfigured,extended_session,true,5003,-
before_hotpatch,248,misconfigured,read_status_did,true,6210014210,-
before_hotpatch,249,misconfigured,read_status_did,true,6210014210,-
before_hotpatch,250,misconfigured,default_session,true,5001,-
before_hotpatch,251,misconfigured,security_unlock,true,5003 67011201 6702,-
before_hotpatch,252,open,read_config_did,true,621234,-
before_hotpatch,253,misconfigured,extended_read_sequence,true,5003 6210014210 621234,-
before_hotpatch,254,misconfigured,security_unlock,true,5003 67011201 6702,-
before_hotpatch,255,misconfigured,extended_read_sequence,true,5003 6210014210 621234,-
before_hotpatch,256,misconfigured,extended_session,true,5003,-
before_hotpatch,257,misconfigured,security_unlock,true,5003 67011201 6702,-
before_hotpatch,258,misconfigured,security_unlock,true,5003 67011201 6702,-
before_hotpatch,259,restricted,default_session,true,5001,-
before_hotpatch,260,misconfigured,extended_session,true,5003,-
before_hotpatch,261,misconfigured,read_status_did,true,6210014210,-
before_hotpatch,262,misconfigured,extended_session,true,5003,-
before_hotpatch,263,misconfigured,extended_session,true,5003,-
before_hotpatch,264,misconfigured,security_unlock,true,5003 67011201 6702,-
before_hotpatch,265,misconfigured,read_config_did,true,621234,-
before_hotpatch,266,misconfigured,extended_session,true,5003,-
before_hotpatch,267,misconfigured,read_config_did,true,621234,-
before_hotpatch,268,misconfigured,extended_session,true,5003,-
before_hotpatch,269,misconfigured,extended_read_sequence,true,5003 6210014210 621234,-
before_hotpatch,270,misconfigured,security_unlock,true,5003 67011201 6702,-
before_hotpatch,271,misconfigured,read_config_did,true,621234,-
before_hotpatch,272,misconfigured,security_unlock,true,5003 67011201 6702,-
before_hotpatch,273,misconfigured,read_config_did,true,621234,-
before_hotpatch,274,misconfigured,read_config_did,true,621234,-
before_hotpatch,275,misconfigured,extended_session,true,5003,-
before_hotpatch,276,misconfigured,read_status_did,true,6210014210,-
before_hotpatch,277,restricted,read_status_did,true,6210014210,-
before_hotpatch,278,misconfigured,read_status_did,true,6210014210,-
before_hotpatch,279,misconfigured,read_status_did,true,6210014210,-
before_hotpatch,280,misconfigured,default_session,true,5001,-
before_hotpatch,281,misconfigured,default_session,true,5001,-
before_hotpatch,282,misconfigured,extended_session,true,5003,-
before_hotpatch,283,misconfigured,security_unlock,true,5003 67011201 6702,-
before_hotpatch,284,misconfigured,security_unlock,true,5003 67011201 6702,-
before_hotpatch,285,misconfigured,read_status_did,true,6210014210,-
before_hotpatch,286,restricted,read_config_did,true,621234,-
before_hotpatch,287,misconfigured,security_unlock,true,5003 67011201 6702,-
before_hotpatch,288,restricted,security_unlock,true,5003 67011201 6702,-
before_hotpatch,289,misconfigured,extended_session,true,5003,-
before_hotpatch,290,open,read_status_did,true,6210014210,-
before_hotpatch,291,misconfigured,read_status_did,true,6210014210,-
before_hotpatch,292,misconfigured,read_config_did,true,621234,-
before_hotpatch,293,misconfigured,default_session,true,5001,-
before_hotpatch,294,misconfigured,extended_session,true,5003,-
before_hotpatch,295,misconfigured,security_unlock,true,5003 67011201 6702,-
before_hotpatch,296,open,default_session,true,5001,-
before_hotpatch,297,misconfigured,extended_session,true,5003,-
before_hotpatch,298,misconfigured,security_unlock,true,5003 67011201 6702,-
before_hotpatch,299,misconfigured,extended_session,true,5003,-
before_hotpatch,300,misconfigured,read_config_did,true,621234,-
before_hotpatch,301,restricted,default_session,true,5001,-
before_hotpatch,302,misconfigured,read_config_did,true,621234,-
before_hotpatch,303,misconfigured,default_session,true,5001,-
before_hotpatch,304,misconfigured,default_session,true,5001,-
before_hotpatch,305,misconfigured,extended_session,true,5003,-
before_hotpatch,306,misconfigured,read_status_did,true,6210014210,-
before_hotpatch,307,misconfigured,read_status_did,true,6210014210,-
before_hotpatch,308,misconfigured,extended_read_sequence,true,5003 6210014210 621234,-
before_hotpatch,309,misconfigured,extended_session,true,5003,-
before_hotpatch,310,misconfigured,read_status_did,true,6210014210,-
before_hotpatch,311,misconfigured,security_unlock,true,5003 67011201 6702,-
before_hotpatch,312,misconfigured,security_unlock,true,5003 67011201 6702,-
before_hotpatch,313,misconfigured,extended_session,true,5003,-
before_hotpatch,314,misconfigured,security_unlock,true,5003 67011201 6702,-
before_hotpatch,315,misconfigured,read_status_did,true,6210014210,-
before_hotpatch,316,misconfigured,read_status_did,true,6210014210,-
before_hotpatch,317,misconfigured,extended_session,true,5003,-
before_hotpatch,318,restricted,read_config_did,true,621234,-
before_hotpatch,319,misconfigured,extended_session,true,5003,-
before_hotpatch,320,misconfigured,read_status_did,true,6210014210,-
before_hotpatch,321,misconfigured,default_session,true,5001,-
before_hotpatch,322,misconfigured,extended_session,true,5003,-
before_hotpatch,323,misconfigured,read_status_did,true,6210014210,-
before_hotpatch,324,misconfigured,extended_session,true,5003,-
before_hotpatch,325,misconfigured,read_status_did,true,6210014210,-
before_hotpatch,326,misconfigured,read_config_did,true,621234,-
before_hotpatch,327,misconfigured,read_config_did,true,621234,-
before_hotpatch,328,misconfigured,read_status_did,true,6210014210,-
before_hotpatch,329,misconfigured,security_unlock,true,5003 67011201 6702,-
before_hotpatch,330,misconfigured,security_unlock,true,5003 67011201 6702,-
before_hotpatch,331,misconfigured,default_session,true,5001,-
before_hotpatch,332,misconfigured,default_session,true,5001,-
before_hotpatch,333,restricted,extended_session,true,5003,-
before_hotpatch,334,misconfigured,read_config_did,true,621234,-
before_hotpatch,335,restricted,security_unlock,true,5003 67011201 6702,-
before_hotpatch,336,misconfigured,default_session,true,5001,-
before_hotpatch,337,misconfigured,extended_session,true,5003,-
before_hotpatch,338,misconfigured,read_status_did,true,6210014210,-
before_hotpatch,339,misconfigured,default_session,true,5001,-
before_hotpatch,340,misconfigured,read_config_did,true,621234,-
before_hotpatch,341,misconfigured,extended_read_sequence,true,5003 6210014210 621234,-
before_hotpatch,342,misconfigured,read_status_did,true,6210014210,-
before_hotpatch,343,misconfigured,read_status_did,true,6210014210,-
before_hotpatch,344,misconfigured,default_session,true,5001,-
before_hotpatch,345,misconfigured,read_status_did,true,6210014210,-
before_hotpatch,346,misconfigured,extended_session,true,5003,-
before_hotpatch,347,misconfigured,default_session,true,5001,-
before_hotpatch,348,misconfigured,extended_read_sequence,true,5003 6210014210 621234,-
before_hotpatch,349,misconfigured,extended_session,true,5003,-
before_hotpatch,350,misconfigured,read_status_did,true,6210014210,-
before_hotpatch,351,misconfigured,extended_session,true,5003,-
before_hotpatch,352,restricted,read_status_did,true,6210014210,-
before_hotpatch,353,misconfigured,read_status_did,true,6210014210,-
before_hotpatch,354,misconfigured,read_status_did,true,6210014210,-
before_hotpatch,355,restricted,default_session,true,5001,-
before_hotpatch,356,misconfigured,security_unlock,true,5003 67011201 6702,-
before_hotpatch,357,misconfigured,security_unlock,true,5003 67011201 6702,-
before_hotpatch,358,misconfigured,read_status_did,true,6210014210,-
before_hotpatch,359,misconfigured,security_unlock,true,5003 67011201 6702,-
before_hotpatch,360,misconfigured,read_config_did,true,621234,-
before_hotpatch,361,misconfigured,extended_session,true,5003,-
before_hotpatch,362,misconfigured,extended_session,true,5003,-
before_hotpatch,363,open,default_session,true,5001,-
before_hotpatch,364,misconfigured,read_config_did,true,621234,-
before_hotpatch,365,misconfigured,default_session,true,5001,-
before_hotpatch,366,misconfigured,security_unlock,true,5003 67011201 6702,-
before_hotpatch,367,misconfigured,extended_session,true,5003,-
before_hotpatch,368,misconfigured,security_unlock,true,5003 67011201 6702,-
before_hotpatch,369,misconfigured,read_config_did,true,621234,-
before_hotpatch,370,misconfigured,read_config_did,true,621234,-
before_hotpatch,371,misconfigured,default_session,true,5001,-
before_hotpatch,372,misconfigured,read_status_did,true,6210014210,-
before_hotpatch,373,misconfigured,extended_read_sequence,true,5003 6210014210 621234,-
before_hotpatch,374,misconfigured,security_unlock,true,5003 67011201 6702,-
before_hotpatch,375,misconfigured,security_unlock,true,5003 67011201 6702,-
before_hotpatch,376,misconfigured,read_status_did,true,6210014210,-
before_hotpatch,377,restricted,extended_read_sequence,true,5003 6210014210 621234,-
before_hotpatch,378,misconfigured,extended_read_sequence,true,5003 6210014210 621234,-
before_hotpatch,379,misconfigured,read_config_did,true,621234,-
before_hotpatch,380,misconfigured,security_unlock,true,5003 67011201 6702,-
before_hotpatch,381,misconfigured,extended_session,true,5003,-
before_hotpatch,382,open,read_config_did,true,621234,-
before_hotpatch,383,misconfigured,security_unlock,true,5003 67011201 6702,-
before_hotpatch,384,misconfigured,security_unlock,true,5003 67011201 6702,-
before_hotpatch,385,misconfigured,read_status_did,true,6210014210,-
before_hotpatch,386,misconfigured,read_status_did,true,6210014210,-
before_hotpatch,387,misconfigured,extended_session,true,5003,-
before_hotpatch,388,misconfigured,extended_session,true,5003,-
before_hotpatch,389,misconfigured,read_status_did,true,6210014210,-
before_hotpatch,390,misconfigured,default_session,true,5001,-
before_hotpatch,391,misconfigured,read_status_did,true,6210014210,-
before_hotpatch,392,restricted,read_config_did,true,621234,-
before_hotpatch,393,misconfigured,extended_session,true,5003,-
before_hotpatch,394,misconfigured,read_config_did,true,621234,-
before_hotpatch,395,misconfigured,read_config_did,true,621234,-
before_hotpatch,396,misconfigured,read_config_did,true,621234,-
before_hotpatch,397,misconfigured,security_unlock,true,5003 67011201 6702,-
before_hotpatch,398,misconfigured,default_session,true,5001,-
before_hotpatch,399,misconfigured,security_unlock,true,5003 67011201 6702,-
before_hotpatch,400,misconfigured,security_unlock,true,5003 67011201 6702,-
before_hotpatch,401,misconfigured,extended_session,true,5003,-
before_hotpatch,402,misconfigured,security_unlock,true,5003 67011201 6702,-
before_hotpatch,403,misconfigured,read_status_did,true,6210014210,-
before_hotpatch,404,misconfigured,extended_session,true,5003,-
before_hotpatch,405,misconfigured,default_session,true,5001,-
before_hotpatch,406,misconfigured,extended_read_sequence,true,5003 6210014210 621234,-
before_hotpatch,407,misconfigured,extended_read_sequence,true,5003 6210014210 621234,-
before_hotpatch,408,misconfigured,default_session,true,5001,-
before_hotpatch,409,misconfigured,default_session,true,5001,-
before_hotpatch,410,misconfigured,read_config_did,true,621234,-
before_hotpatch,411,misconfigured,default_session,true,5001,-
before_hotpatch,412,misconfigured,read_config_did,true,621234,-
before_hotpatch,413,misconfigured,extended_session,true,5003,-
before_hotpatch,414,misconfigured,security_unlock,true,5003 67011201 6702,-
before_hotpatch,415,misconfigured,read_config_did,true,621234,-
before_hotpatch,416,misconfigured,read_status_did,true,6210014210,-
before_hotpatch,417,misconfigured,read_status_did,true,6210014210,-
before_hotpatch,418,misconfigured,read_status_did,true,6210014210,-
before_hotpatch,419,misconfigured,read_config_did,true,621234,-
before_hotpatch,420,misconfigured,read_status_did,true,6210014210,-
before_hotpatch,421,misconfigured,read_status_did,true,6210014210,-
before_hotpatch,422,misconfigured,extended_session,true,5003,-
before_hotpatch,423,misconfigured,default_session,true,5001,-
before_hotpatch,424,misconfigured,extended_session,true,5003,-
before_hotpatch,425,misconfigured,read_status_did,true,6210014210,-
before_hotpatch,426,misconfigured,security_unlock,true,5003 67011201 6702,-
before_hotpatch,427,misconfigured,read_config_did,true,621234,-
before_hotpatch,428,misconfigured,security_unlock,true,5003 67011201 6702,-
before_hotpatch,429,misconfigured,extended_session,true,5003,-
before_hotpatch,430,misconfigured,read_status_did,true,6210014210,-
before_hotpatch,431,misconfigured,read_status_did,true,6210014210,-
before_hotpatch,432,misconfigured,extended_session,true,5003,-
before_hotpatch,433,misconfigured,security_unlock,true,5003 67011201 6702,-
before_hotpatch,434,restricted,read_status_did,true,6210014210,-
before_hotpatch,435,misconfigured,read_config_did,true,621234,-
before_hotpatch,436,misconfigured,extended_read_sequence,true,5003 6210014210 621234,-
before_hotpatch,437,misconfigured,extended_session,true,5003,-
before_hotpatch,438,misconfigured,extended_session,true,5003,-
before_hotpatch,439,misconfigured,read_status_did,true,6210014210,-
before_hotpatch,440,misconfigured,default_session,true,5001,-
before_hotpatch,441,misconfigured,extended_session,true,5003,-
before_hotpatch,442,misconfigured,extended_session,true,5003,-
before_hotpatch,443,open,default_session,true,5001,-
before_hotpatch,444,misconfigured,default_session,true,5001,-
before_hotpatch,445,misconfigured,read_config_did,true,621234,-
before_hotpatch,446,misconfigured,default_session,true,5001,-
before_hotpatch,447,misconfigured,default_session,true,5001,-
before_hotpatch,448,misconfigured,extended_session,true,5003,-
before_hotpatch,449,misconfigured,security_unlock,true,5003 67011201 6702,-
before_hotpatch,450,misconfigured,default_session,true,5001,-
before_hotpatch,451,misconfigured,security_unlock,true,5003 67011201 6702,-
before_hotpatch,452,misconfigured,read_config_did,true,621234,-
before_hotpatch,453,misconfigured,default_session,true,5001,-
before_hotpatch,454,misconfigured,read_status_did,true,6210014210,-
before_hotpatch,455,misconfigured,read_config_did,true,621234,-
before_hotpatch,456,misconfigured,security_unlock,true,5003 67011201 6702,-
before_hotpatch,457,misconfigured,read_status_did,true,6210014210,-
before_hotpatch,458,misconfigured,security_unlock,true,5003 67011201 6702,-
before_hotpatch,459,restricted,security_unlock,true,5003 67011201 6702,-
before_hotpatch,460,misconfigured,default_session,true,5001,-
before_hotpatch,461,misconfigured,security_unlock,true,5003 67011201 6702,-
before_hotpatch,462,misconfigured,extended_session,true,5003,-
before_hotpatch,463,misconfigured,read_config_did,true,621234,-
before_hotpatch,464,misconfigured,extended_session,true,5003,-
before_hotpatch,465,misconfigured,extended_session,true,5003,-
before_hotpatch,466,misconfigured,extended_read_sequence,true,5003 6210014210 621234,-
before_hotpatch,467,misconfigured,read_status_did,true,6210014210,-
before_hotpatch,468,misconfigured,extended_session,true,5003,-
before_hotpatch,469,misconfigured,read_status_did,true,6210014210,-
before_hotpatch,470,misconfigured,extended_read_sequence,true,5003 6210014210 621234,-
before_hotpatch,471,misconfigured,read_status_did,true,6210014210,-
before_hotpatch,472,misconfigured,security_unlock,true,5003 67011201 6702,-
before_hotpatch,473,misconfigured,default_session,true,5001,-
before_hotpatch,474,misconfigured,security_unlock,true,5003 67011201 6702,-
before_hotpatch,475,misconfigured,extended_session,true,5003,-
before_hotpatch,476,misconfigured,default_session,true,5001,-
before_hotpatch,477,misconfigured,extended_session,true,5003,-
before_hotpatch,478,misconfigured,extended_session,true,5003,-
before_hotpatch,479,open,read_config_did,true,621234,-
before_hotpatch,480,restricted,extended_session,true,5003,-
before_hotpatch,481,misconfigured,security_unlock,true,5003 67011201 6702,-
before_hotpatch,482,misconfigured,extended_session,true,5003,-
before_hotpatch,483,open,extended_session,true,5003,-
before_hotpatch,484,misconfigured,security_unlock,true,5003 67011201 6702,-
before_hotpatch,485,misconfigured,read_config_did,true,621234,-
before_hotpatch,486,misconfigured,extended_session,true,5003,-
before_hotpatch,487,misconfigured,default_session,true,5001,-
before_hotpatch,488,misconfigured,read_config_did,true,621234,-
before_hotpatch,489,misconfigured,extended_read_sequence,true,5003 6210014210 621234,-
before_hotpatch,490,misconfigured,read_status_did,true,6210014210,-
before_hotpatch,491,misconfigured,security_unlock,true,5003 67011201 6702,-
before_hotpatch,492,misconfigured,security_unlock,true,5003 67011201 6702,-
before_hotpatch,493,misconfigured,security_unlock,true,5003 67011201 6702,-
before_hotpatch,494,misconfigured,extended_session,true,5003,-
before_hotpatch,495,misconfigured,security_unlock,true,5003 67011201 6702,-
before_hotpatch,496,misconfigured,read_status_did,true,6210014210,-
before_hotpatch,497,misconfigured,security_unlock,true,5003 67011201 6702,-
before_hotpatch,498,misconfigured,read_status_did,true,6210014210,-
before_hotpatch,499,misconfigured,security_unlock,true,5003 67011201 6702,-
before_hotpatch,500,misconfigured,read_status_did,true,6210014210,-
before_hotpatch,501,misconfigured,security_unlock,true,5003 67011201 6702,-
before_hotpatch,502,misconfigured,extended_read_sequence,true,5003 6210014210 621234,-
before_hotpatch,503,misconfigured,read_config_did,true,621234,-
before_hotpatch,504,open,read_config_did,true,621234,-
before_hotpatch,505,restricted,default_session,true,5001,-
before_hotpatch,506,misconfigured,extended_session,true,5003,-
before_hotpatch,507,misconfigured,security_unlock,true,5003 67011201 6702,-
before_hotpatch,508,misconfigured,extended_read_sequence,true,5003 6210014210 621234,-
before_hotpatch,509,misconfigured,extended_session,true,5003,-
before_hotpatch,510,misconfigured,read_status_did,true,6210014210,-
before_hotpatch,511,misconfigured,security_unlock,true,5003 67011201 6702,-
before_hotpatch,512,misconfigured,default_session,true,5001,-
before_hotpatch,513,misconfigured,default_session,true,5001,-
before_hotpatch,514,misconfigured,extended_read_sequence,true,5003 6210014210 621234,-
before_hotpatch,515,misconfigured,extended_read_sequence,true,5003 6210014210 621234,-
before_hotpatch,516,misconfigured,default_session,true,5001,-
before_hotpatch,517,misconfigured,read_status_did,true,6210014210,-
before_hotpatch,518,misconfigured,extended_session,true,5003,-
before_hotpatch,519,misconfigured,security_unlock,true,5003 67011201 6702,-
before_hotpatch,520,misconfigured,security_unlock,true,5003 67011201 6702,-
before_hotpatch,521,misconfigured,extended_session,true,5003,-
before_hotpatch,522,misconfigured,default_session,true,5001,-
before_hotpatch,523,misconfigured,extended_session,true,5003,-
before_hotpatch,524,misconfigured,read_status_did,true,6210014210,-
before_hotpatch,525,misconfigured,security_unlock,true,5003 67011201 6702,-
before_hotpatch,526,misconfigured,read_config_did,true,621234,-
before_hotpatch,527,misconfigured,read_status_did,true,6210014210,-
before_hotpatch,528,misconfigured,extended_session,true,5003,-
before_hotpatch,529,misconfigured,default_session,true,5001,-
before_hotpatch,530,misconfigured,read_status_did,true,6210014210,-
before_hotpatch,531,misconfigured,read_status_did,true,6210014210,-
before_hotpatch,532,misconfigured,default_session,true,5001,-
before_hotpatch,533,misconfigured,extended_read_sequence,true,5003 6210014210 621234,-
before_hotpatch,534,misconfigured,read_status_did,true,6210014210,-
before_hotpatch,535,misconfigured,security_unlock,true,5003 67011201 6702,-
before_hotpatch,536,restricted,read_status_did,true,6210014210,-
before_hotpatch,537,misconfigured,read_status_did,true,6210014210,-
before_hotpatch,538,misconfigured,security_unlock,true,5003 67011201 6702,-
before_hotpatch,539,misconfigured,extended_session,true,5003,-
before_hotpatch,540,misconfigured,security_unlock,true,5003 67011201 6702,-
before_hotpatch,541,restricted,extended_session,true,5003,-
before_hotpatch,542,misconfigured,default_session,true,5001,-
before_hotpatch,543,misconfigured,read_status_did,true,6210014210,-
before_hotpatch,544,restricted,extended_session,true,5003,-
before_hotpatch,545,open,read_config_did,true,621234,-
before_hotpatch,546,misconfigured,read_status_did,true,6210014210,-
before_hotpatch,547,misconfigured,read_config_did,true,621234,-
before_hotpatch,548,misconfigured,read_config_did,true,621234,-
before_hotpatch,549,misconfigured,extended_session,true,5003,-
before_hotpatch,550,misconfigured,security_unlock,true,5003 67011201 6702,-
before_hotpatch,551,misconfigured,read_config_did,true,621234,-
before_hotpatch,552,misconfigured,read_config_did,true,621234,-
before_hotpatch,553,misconfigured,default_session,true,5001,-
before_hotpatch,554,misconfigured,extended_session,true,5003,-
before_hotpatch,555,misconfigured,read_status_did,true,6210014210,-
before_hotpatch,556,misconfigured,read_status_did,true,6210014210,-
before_hotpatch,557,misconfigured,read_status_did,true,6210014210,-
before_hotpatch,558,misconfigured,read_status_did,true,6210014210,-
before_hotpatch,559,restricted,extended_read_sequence,true,5003 6210014210 621234,-
before_hotpatch,560,misconfigured,security_unlock,true,5003 67011201 6702,-
before_hotpatch,561,misconfigured,security_unlock,true,5003 67011201 6702,-
before_hotpatch,562,misconfigured,extended_session,true,5003,-
before_hotpatch,563,misconfigured,read_status_did,true,6210014210,-
before_hotpatch,564,restricted,default_session,true,5001,-
before_hotpatch,565,misconfigured,security_unlock,true,5003 67011201 6702,-
before_hotpatch,566,misconfigured,security_unlock,true,5003 67011201 6702,-
before_hotpatch,567,misconfigured,security_unlock,true,5003 67011201 6702,-
before_hotpatch,568,misconfigured,default_session,true,5001,-
before_hotpatch,569,misconfigured,extended_session,true,5003,-
before_hotpatch,570,misconfigured,security_unlock,true,5003 67011201 6702,-
before_hotpatch,571,misconfigured,read_config_did,true,621234,-
before_hotpatch,572,misconfigured,read_status_did,true,6210014210,-
before_hotpatch,573,misconfigured,extended_session,true,5003,-
before_hotpatch,574,misconfigured,read_status_did,true,6210014210,-
before_hotpatch,575,misconfigured,default_session,true,5001,-
before_hotpatch,576,misconfigured,security_unlock,true,5003 67011201 6702,-
before_hotpatch,577,misconfigured,read_status_did,true,6210014210,-
before_hotpatch,578,misconfigured,read_status_did,true,6210014210,-
before_hotpatch,579,misconfigured,extended_session,true,5003,-
before_hotpatch,580,misconfigured,extended_session,true,5003,-
before_hotpatch,581,misconfigured,read_config_did,true,621234,-
before_hotpatch,582,misconfigured,default_session,true,5001,-
before_hotpatch,583,open,read_status_did,true,6210014210,-
before_hotpatch,584,misconfigured,read_status_did,true,6210014210,-
before_hotpatch,585,misconfigured,security_unlock,true,5003 67011201 6702,-
before_hotpatch,586,misconfigured,extended_session,true,5003,-
before_hotpatch,587,misconfigured,read_config_did,true,621234,-
before_hotpatch,588,misconfigured,extended_session,true,5003,-
before_hotpatch,589,open,read_config_did,true,621234,-
before_hotpatch,590,misconfigured,extended_session,true,5003,-
before_hotpatch,591,misconfigured,default_session,true,5001,-
before_hotpatch,592,misconfigured,default_session,true,5001,-
before_hotpatch,593,misconfigured,extended_read_sequence,true,5003 6210014210 621234,-
before_hotpatch,594,misconfigured,extended_read_sequence,true,5003 6210014210 621234,-
before_hotpatch,595,misconfigured,extended_session,true,5003,-
before_hotpatch,596,misconfigured,read_status_did,true,6210014210,-
before_hotpatch,597,misconfigured,read_config_did,true,621234,-
before_hotpatch,598,misconfigured,security_unlock,true,5003 67011201 6702,-
before_hotpatch,599,misconfigured,read_status_did,true,6210014210,-
before_hotpatch,600,misconfigured,read_config_did,true,621234,-
before_hotpatch,601,open,read_config_did,true,621234,-
before_hotpatch,602,open,extended_session,true,5003,-
before_hotpatch,603,misconfigured,default_session,true,5001,-
before_hotpatch,604,misconfigured,read_config_did,true,621234,-
before_hotpatch,605,open,extended_session,true,5003,-
before_hotpatch,606,misconfigured,extended_session,true,5003,-
before_hotpatch,607,misconfigured,read_config_did,true,621234,-
before_hotpatch,608,misconfigured,security_unlock,true,5003 67011201 6702,-
before_hotpatch,609,misconfigured,read_status_did,true,6210014210,-
before_hotpatch,610,misconfigured,default_session,true,5001,-
before_hotpatch,611,misconfigured,extended_read_sequence,true,5003 6210014210 621234,-
before_hotpatch,612,restricted,read_config_did,true,621234,-
before_hotpatch,613,misconfigured,extended_session,true,5003,-
before_hotpatch,614,misconfigured,extended_session,true,5003,-
before_hotpatch,615,misconfigured,read_status_did,true,6210014210,-
before_hotpatch,616,misconfigured,security_unlock,true,5003 67011201 6702,-
before_hotpatch,617,misconfigured,extended_read_sequence,true,5003 6210014210 621234,-
before_hotpatch,618,misconfigured,security_unlock,true,5003 67011201 6702,-
before_hotpatch,619,open,read_config_did,true,621234,-
before_hotpatch,620,open,default_session,true,5001,-
before_hotpatch,621,misconfigured,read_config_did,true,621234,-
before_hotpatch,622,misconfigured,security_unlock,true,5003 67011201 6702,-
before_hotpatch,623,misconfigured,security_unlock,true,5003 67011201 6702,-
before_hotpatch,624,misconfigured,read_status_did,true,6210014210,-
before_hotpatch,625,misconfigured,extended_read_sequence,true,5003 6210014210 621234,-
before_hotpatch,626,misconfigured,extended_read_sequence,true,5003 6210014210 621234,-
before_hotpatch,627,misconfigured,security_unlock,true,5003 67011201 6702,-
before_hotpatch,628,misconfigured,extended_session,true,5003,-
before_hotpatch,629,misconfigured,extended_read_sequence,true,5003 6210014210 621234,-
before_hotpatch,630,misconfigured,extended_read_sequence,true,5003 6210014210 621234,-
before_hotpatch,631,misconfigured,read_status_did,true,6210014210,-
before_hotpatch,632,misconfigured,default_session,true,5001,-
before_hotpatch,633,misconfigured,default_session,true,5001,-
before_hotpatch,634,misconfigured,extended_read_sequence,true,5003 6210014210 621234,-
before_hotpatch,635,misconfigured,extended_session,true,5003,-
before_hotpatch,636,open,read_config_did,true,621234,-
before_hotpatch,637,misconfigured,extended_session,true,5003,-
before_hotpatch,638,misconfigured,read_config_did,true,621234,-
before_hotpatch,639,misconfigured,extended_session,true,5003,-
before_hotpatch,640,misconfigured,read_status_did,true,6210014210,-
before_hotpatch,641,open,security_unlock,true,5003 67011201 6702,-
before_hotpatch,642,misconfigured,default_session,true,5001,-
before_hotpatch,643,misconfigured,default_session,true,5001,-
before_hotpatch,644,misconfigured,default_session,true,5001,-
before_hotpatch,645,misconfigured,security_unlock,true,5003 67011201 6702,-
before_hotpatch,646,misconfigured,security_unlock,true,5003 67011201 6702,-
before_hotpatch,647,misconfigured,extended_session,true,5003,-
before_hotpatch,648,misconfigured,read_config_did,true,621234,-
before_hotpatch,649,misconfigured,extended_read_sequence,true,5003 6210014210 621234,-
before_hotpatch,650,restricted,security_unlock,true,5003 67011201 6702,-
before_hotpatch,651,misconfigured,read_status_did,true,6210014210,-
before_hotpatch,652,misconfigured,security_unlock,true,5003 67011201 6702,-
before_hotpatch,653,misconfigured,default_session,true,5001,-
before_hotpatch,654,misconfigured,read_status_did,true,6210014210,-
before_hotpatch,655,misconfigured,extended_read_sequence,true,5003 6210014210 621234,-
before_hotpatch,656,misconfigured,extended_read_sequence,true,5003 6210014210 621234,-
before_hotpatch,657,misconfigured,read_status_did,true,6210014210,-
before_hotpatch,658,misconfigured,default_session,true,5001,-
before_hotpatch,659,misconfigured,security_unlock,true,5003 67011201 6702,-
before_hotpatch,660,misconfigured,read_status_did,true,6210014210,-
before_hotpatch,661,misconfigured,extended_session,true,5003,-
before_hotpatch,662,misconfigured,read_status_did,true,6210014210,-
before_hotpatch,663,misconfigured,read_status_did,true,6210014210,-
before_hotpatch,664,restricted,default_session,true,5001,-
before_hotpatch,665,misconfigured,default_session,true,5001,-
before_hotpatch,666,misconfigured,security_unlock,true,5003 67011201 6702,-
before_hotpatch,667,misconfigured,read_status_did,true,6210014210,-
before_hotpatch,668,misconfigured,read_status_did,true,6210014210,-
before_hotpatch,669,misconfigured,extended_session,true,5003,-
before_hotpatch,670,misconfigured,security_unlock,true,5003 67011201 6702,-
before_hotpatch,671,misconfigured,read_config_did,true,621234,-
before_hotpatch,672,misconfigured,read_config_did,true,621234,-
before_hotpatch,673,misconfigured,default_session,true,5001,-
before_hotpatch,674,open,default_session,true,5001,-
before_hotpatch,675,misconfigured,default_session,true,5001,-
before_hotpatch,676,misconfigured,default_session,true,5001,-
before_hotpatch,677,misconfigured,extended_read_sequence,true,5003 6210014210 621234,-
before_hotpatch,678,misconfigured,read_config_did,true,621234,-
before_hotpatch,679,misconfigured,security_unlock,true,5003 67011201 6702,-
before_hotpatch,680,misconfigured,read_status_did,true,6210014210,-
before_hotpatch,681,misconfigured,default_session,true,5001,-
before_hotpatch,682,misconfigured,extended_session,true,5003,-
before_hotpatch,683,misconfigured,read_config_did,true,621234,-
before_hotpatch,684,misconfigured,security_unlock,true,5003 67011201 6702,-
before_hotpatch,685,misconfigured,read_config_did,true,621234,-
before_hotpatch,686,misconfigured,read_status_did,true,6210014210,-
before_hotpatch,687,misconfigured,security_unlock,true,5003 67011201 6702,-
before_hotpatch,688,misconfigured,read_config_did,true,621234,-
before_hotpatch,689,misconfigured,read_status_did,true,6210014210,-
before_hotpatch,690,misconfigured,extended_read_sequence,true,5003 6210014210 621234,-
before_hotpatch,691,misconfigured,security_unlock,true,5003 67011201 6702,-
before_hotpatch,692,misconfigured,default_session,true,5001,-
before_hotpatch,693,misconfigured,read_status_did,true,6210014210,-
before_hotpatch,694,misconfigured,extended_session,true,5003,-
before_hotpatch,695,misconfigured,extended_session,true,5003,-
before_hotpatch,696,misconfigured,extended_session,true,5003,-
before_hotpatch,697,misconfigured,read_status_did,true,6210014210,-
before_hotpatch,698,misconfigured,extended_session,true,5003,-
before_hotpatch,699,misconfigured,extended_session,true,5003,-
before_hotpatch,700,misconfigured,read_config_did,true,621234,-
before_hotpatch,701,misconfigured,read_status_did,true,6210014210,-
before_hotpatch,702,misconfigured,read_config_did,true,621234,-
before_hotpatch,703,misconfigured,read_status_did,true,6210014210,-
before_hotpatch,704,misconfigured,extended_read_sequence,true,5003 6210014210 621234,-
before_hotpatch,705,misconfigured,security_unlock,true,5003 67011201 6702,-
before_hotpatch,706,misconfigured,extended_session,true,5003,-
before_hotpatch,707,misconfigured,extended_session,true,5003,-
before_hotpatch,708,misconfigured,read_status_did,true,6210014210,-
before_hotpatch,709,misconfigured,security_unlock,true,5003 67011201 6702,-
before_hotpatch,710,misconfigured,read_config_did,true,621234,-
before_hotpatch,711,misconfigured,default_session,true,5001,-
before_hotpatch,712,misconfigured,extended_read_sequence,true,5003 6210014210 621234,-
before_hotpatch,713,misconfigured,extended_session,true,5003,-
before_hotpatch,714,open,read_config_did,true,621234,-
before_hotpatch,715,misconfigured,security_unlock,true,5003 67011201 6702,-
before_hotpatch,716,misconfigured,security_unlock,true,5003 67011201 6702,-
before_hotpatch,717,misconfigured,security_unlock,true,5003 67011201 6702,-
before_hotpatch,718,misconfigured,security_unlock,true,5003 67011201 6702,-
before_hotpatch,719,misconfigured,read_config_did,true,621234,-
before_hotpatch,720,misconfigured,default_session,true,5001,-
before_hotpatch,721,misconfigured,default_session,true,5001,-
before_hotpatch,722,misconfigured,read_config_did,true,621234,-
before_hotpatch,723,misconfigured,extended_session,true,5003,-
before_hotpatch,724,misconfigured,read_status_did,true,6210014210,-
before_hotpatch,725,misconfigured,default_session,true,5001,-
before_hotpatch,726,misconfigured,default_session,true,5001,-
before_hotpatch,727,misconfigured,security_unlock,true,5003 67011201 6702,-
before_hotpatch,728,misconfigured,read_config_did,true,621234,-
before_hotpatch,729,misconfigured,security_unlock,true,5003 67011201 6702,-
before_hotpatch,730,misconfigured,read_status_did,true,6210014210,-
before_hotpatch,731,misconfigured,read_status_did,true,6210014210,-
before_hotpatch,732,open,extended_read_sequence,true,5003 6210014210 621234,-
before_hotpatch,733,misconfigured,security_unlock,true,5003 67011201 6702,-
before_hotpatch,734,open,extended_session,true,5003,-
before_hotpatch,735,misconfigured,security_unlock,true,5003 67011201 6702,-
before_hotpatch,736,open,read_config_did,true,621234,-
before_hotpatch,737,misconfigured,read_status_did,true,6210014210,-
before_hotpatch,738,misconfigured,read_config_did,true,621234,-
before_hotpatch,739,misconfigured,read_status_did,true,6210014210,-
before_hotpatch,740,misconfigured,extended_read_sequence,true,5003 6210014210 621234,-
before_hotpatch,741,misconfigured,default_session,true,5001,-
before_hotpatch,742,misconfigured,security_unlock,true,5003 67011201 6702,-
before_hotpatch,743,misconfigured,security_unlock,true,5003 67011201 6702,-
before_hotpatch,744,misconfigured,read_status_did,true,6210014210,-
before_hotpatch,745,misconfigured,extended_read_sequence,true,5003 6210014210 621234,-
before_hotpatch,746,misconfigured,read_status_did,true,6210014210,-
before_hotpatch,747,open,default_session,true,5001,-
before_hotpatch,748,misconfigured,security_unlock,true,5003 67011201 6702,-
before_hotpatch,749,misconfigured,read_status_did,true,6210014210,-
before_hotpatch,750,misconfigured,read_config_did,true,621234,-
before_hotpatch,751,misconfigured,read_status_did,true,6210014210,-
before_hotpatch,752,misconfigured,security_unlock,true,5003 67011201 6702,-
before_hotpatch,753,open,security_unlock,true,5003 67011201 6702,-
before_hotpatch,754,misconfigured,read_config_did,true,621234,-
before_hotpatch,755,misconfigured,read_config_did,true,621234,-
before_hotpatch,756,misconfigured,security_unlock,true,5003 67011201 6702,-
before_hotpatch,757,misconfigured,extended_read_sequence,true,5003 6210014210 621234,-
before_hotpatch,758,misconfigured,extended_session,true,5003,-
before_hotpatch,759,misconfigured,security_unlock,true,5003 67011201 6702,-
before_hotpatch,760,misconfigured,read_status_did,true,6210014210,-
before_hotpatch,761,misconfigured,read_config_did,true,621234,-
before_hotpatch,762,misconfigured,read_config_did,true,621234,-
before_hotpatch,763,misconfigured,read_status_did,true,6210014210,-
before_hotpatch,764,misconfigured,default_session,true,5001,-
before_hotpatch,765,misconfigured,read_status_did,true,6210014210,-
before_hotpatch,766,misconfigured,security_unlock,true,5003 67011201 6702,-
before_hotpatch,767,misconfigured,extended_session,true,5003,-
before_hotpatch,768,misconfigured,read_config_did,true,621234,-
before_hotpatch,769,misconfigured,extended_session,true,5003,-
before_hotpatch,770,misconfigured,read_config_did,true,621234,-
before_hotpatch,771,misconfigured,extended_read_sequence,true,5003 6210014210 621234,-
before_hotpatch,772,misconfigured,read_config_did,true,621234,-
before_hotpatch,773,misconfigured,default_session,true,5001,-
before_hotpatch,774,misconfigured,extended_session,true,5003,-
before_hotpatch,775,misconfigured,read_status_did,true,6210014210,-
before_hotpatch,776,misconfigured,read_status_did,true,6210014210,-
before_hotpatch,777,misconfigured,extended_session,true,5003,-
before_hotpatch,778,misconfigured,read_config_did,true,621234,-
before_hotpatch,779,misconfigured,default_session,true,5001,-
before_hotpatch,780,open,security_unlock,true,5003 67011201 6702,-
before_hotpatch,781,misconfigured,read_config_did,true,621234,-
before_hotpatch,782,misconfigured,security_unlock,true,5003 67011201 6702,-
before_hotpatch,783,misconfigured,extended_read_sequence,true,5003 6210014210 621234,-
before_hotpatch,784,misconfigured,security_unlock,true,5003 67011201 6702,-
before_hotpatch,785,misconfigured,extended_session,true,5003,-
before_hotpatch,786,misconfigured,extended_read_sequence,true,5003 6210014210 621234,-
before_hotpatch,787,misconfigured,read_config_did,true,621234,-
before_hotpatch,788,open,read_status_did,true,6210014210,-
before_hotpatch,789,misconfigured,extended_read_sequence,true,5003 6210014210 621234,-
before_hotpatch,790,misconfigured,read_config_did,true,621234,-
before_hotpatch,791,misconfigured,extended_read_sequence,true,5003 6210014210 621234,-
before_hotpatch,792,misconfigured,read_config_did,true,621234,-
before_hotpatch,793,open,security_unlock,true,5003 67011201 6702,-
before_hotpatch,794,misconfigured,read_status_did,true,6210014210,-
before_hotpatch,795,misconfigured,default_session,true,5001,-
before_hotpatch,796,misconfigured,extended_session,true,5003,-
before_hotpatch,797,misconfigured,read_status_did,true,6210014210,-
before_hotpatch,798,misconfigured,security_unlock,true,5003 67011201 6702,-
before_hotpatch,799,misconfigured,security_unlock,true,5003 67011201 6702,-
before_hotpatch,800,misconfigured,read_config_did,true,621234,-
before_hotpatch,801,misconfigured,read_status_did,true,6210014210,-
before_hotpatch,802,misconfigured,security_unlock,true,5003 67011201 6702,-
before_hotpatch,803,misconfigured,read_status_did,true,6210014210,-
before_hotpatch,804,misconfigured,read_status_did,true,6210014210,-
before_hotpatch,805,misconfigured,extended_read_sequence,true,5003 6210014210 621234,-
before_hotpatch,806,misconfigured,read_status_did,true,6210014210,-
before_hotpatch,807,misconfigured,security_unlock,true,5003 67011201 6702,-
before_hotpatch,808,misconfigured,security_unlock,true,5003 67011201 6702,-
before_hotpatch,809,misconfigured,read_status_did,true,6210014210,-
before_hotpatch,810,misconfigured,extended_session,true,5003,-
before_hotpatch,811,misconfigured,read_config_did,true,621234,-
before_hotpatch,812,misconfigured,default_session,true,5001,-
before_hotpatch,813,restricted,extended_session,true,5003,-
before_hotpatch,814,misconfigured,read_status_did,true,6210014210,-
before_hotpatch,815,misconfigured,extended_session,true,5003,-
before_hotpatch,816,misconfigured,extended_session,true,5003,-
before_hotpatch,817,misconfigured,read_config_did,true,621234,-
before_hotpatch,818,misconfigured,read_config_did,true,621234,-
before_hotpatch,819,misconfigured,extended_session,true,5003,-
before_hotpatch,820,misconfigured,security_unlock,true,5003 67011201 6702,-
before_hotpatch,821,misconfigured,default_session,true,5001,-
before_hotpatch,822,restricted,extended_session,true,5003,-
before_hotpatch,823,misconfigured,read_status_did,true,6210014210,-
before_hotpatch,824,misconfigured,extended_read_sequence,true,5003 6210014210 621234,-
before_hotpatch,825,misconfigured,read_config_did,true,621234,-
before_hotpatch,826,misconfigured,security_unlock,true,5003 67011201 6702,-
before_hotpatch,827,misconfigured,read_status_did,true,6210014210,-
before_hotpatch,828,misconfigured,default_session,true,5001,-
before_hotpatch,829,misconfigured,read_status_did,true,6210014210,-
before_hotpatch,830,misconfigured,extended_read_sequence,true,5003 6210014210 621234,-
before_hotpatch,831,misconfigured,read_status_did,true,6210014210,-
before_hotpatch,832,misconfigured,read_status_did,true,6210014210,-
before_hotpatch,833,misconfigured,extended_session,true,5003,-
before_hotpatch,834,misconfigured,read_status_did,true,6210014210,-
before_hotpatch,835,misconfigured,security_unlock,true,5003 67011201 6702,-
before_hotpatch,836,misconfigured,extended_read_sequence,true,5003 6210014210 621234,-
before_hotpatch,837,misconfigured,default_session,true,5001,-
before_hotpatch,838,open,security_unlock,true,5003 67011201 6702,-
before_hotpatch,839,misconfigured,read_config_did,true,621234,-
before_hotpatch,840,misconfigured,security_unlock,true,5003 67011201 6702,-
before_hotpatch,841,misconfigured,extended_read_sequence,true,5003 6210014210 621234,-
before_hotpatch,842,misconfigured,read_status_did,true,6210014210,-
before_hotpatch,843,misconfigured,extended_read_sequence,true,5003 6210014210 621234,-
before_hotpatch,844,misconfigured,security_unlock,true,5003 67011201 6702,-
before_hotpatch,845,misconfigured,read_config_did,true,621234,-
before_hotpatch,846,misconfigured,security_unlock,true,5003 67011201 6702,-
before_hotpatch,847,misconfigured,read_config_did,true,621234,-
before_hotpatch,848,restricted,extended_session,true,5003,-
before_hotpatch,849,misconfigured,security_unlock,true,5003 67011201 6702,-
before_hotpatch,850,misconfigured,read_config_did,true,621234,-
before_hotpatch,851,misconfigured,extended_session,true,5003,-
before_hotpatch,852,misconfigured,security_unlock,true,5003 67011201 6702,-
before_hotpatch,853,misconfigured,extended_session,true,5003,-
before_hotpatch,854,misconfigured,extended_session,true,5003,-
before_hotpatch,855,restricted,extended_read_sequence,true,5003 6210014210 621234,-
before_hotpatch,856,misconfigured,extended_read_sequence,true,5003 6210014210 621234,-
before_hotpatch,857,misconfigured,security_unlock,true,5003 67011201 6702,-
before_hotpatch,858,misconfigured,read_status_did,true,6210014210,-
before_hotpatch,859,misconfigured,extended_session,true,5003,-
before_hotpatch,860,misconfigured,extended_session,true,5003,-
before_hotpatch,861,misconfigured,extended_read_sequence,true,5003 6210014210 621234,-
before_hotpatch,862,misconfigured,read_status_did,true,6210014210,-
before_hotpatch,863,misconfigured,read_status_did,true,6210014210,-
before_hotpatch,864,misconfigured,default_session,true,5001,-
before_hotpatch,865,misconfigured,extended_read_sequence,true,5003 6210014210 621234,-
before_hotpatch,866,misconfigured,extended_session,true,5003,-
before_hotpatch,867,misconfigured,read_status_did,true,6210014210,-
before_hotpatch,868,misconfigured,read_status_did,true,6210014210,-
before_hotpatch,869,misconfigured,extended_session,true,5003,-
before_hotpatch,870,misconfigured,extended_read_sequence,true,5003 6210014210 621234,-
before_hotpatch,871,misconfigured,read_status_did,true,6210014210,-
before_hotpatch,872,misconfigured,read_config_did,true,621234,-
before_hotpatch,873,misconfigured,read_status_did,true,6210014210,-
before_hotpatch,874,misconfigured,extended_session,true,5003,-
before_hotpatch,875,misconfigured,security_unlock,true,5003 67011201 6702,-
before_hotpatch,876,open,read_config_did,true,621234,-
before_hotpatch,877,misconfigured,security_unlock,true,5003 67011201 6702,-
before_hotpatch,878,misconfigured,extended_read_sequence,true,5003 6210014210 621234,-
before_hotpatch,879,misconfigured,default_session,true,5001,-
before_hotpatch,880,misconfigured,security_unlock,true,5003 67011201 6702,-
before_hotpatch,881,misconfigured,default_session,true,5001,-
before_hotpatch,882,misconfigured,default_session,true,5001,-
before_hotpatch,883,misconfigured,read_status_did,true,6210014210,-
before_hotpatch,884,misconfigured,read_status_did,true,6210014210,-
before_hotpatch,885,misconfigured,extended_read_sequence,true,5003 6210014210 621234,-
before_hotpatch,886,misconfigured,security_unlock,true,5003 67011201 6702,-
before_hotpatch,887,misconfigured,read_config_did,true,621234,-
before_hotpatch,888,misconfigured,extended_read_sequence,true,5003 6210014210 621234,-
before_hotpatch,889,misconfigured,extended_session,true,5003,-
before_hotpatch,890,misconfigured,default_session,true,5001,-
before_hotpatch,891,restricted,read_config_did,true,621234,-
before_hotpatch,892,misconfigured,read_status_did,true,6210014210,-
before_hotpatch,893,misconfigured,security_unlock,true,5003 67011201 6702,-
before_hotpatch,894,misconfigured,read_status_did,true,6210014210,-
before_hotpatch,895,open,default_session,true,5001,-
before_hotpatch,896,misconfigured,default_session,true,5001,-
before_hotpatch,897,misconfigured,extended_read_sequence,true,5003 6210014210 621234,-
before_hotpatch,898,misconfigured,security_unlock,true,5003 67011201 6702,-
before_hotpatch,899,misconfigured,read_status_did,true,6210014210,-
before_hotpatch,900,misconfigured,extended_session,true,5003,-
before_hotpatch,901,misconfigured,extended_session,true,5003,-
before_hotpatch,902,misconfigured,read_status_did,true,6210014210,-
before_hotpatch,903,misconfigured,extended_session,true,5003,-
before_hotpatch,904,misconfigured,security_unlock,true,5003 67011201 6702,-
before_hotpatch,905,misconfigured,read_status_did,true,6210014210,-
before_hotpatch,906,misconfigured,security_unlock,true,5003 67011201 6702,-
before_hotpatch,907,misconfigured,read_config_did,true,621234,-
before_hotpatch,908,misconfigured,extended_session,true,5003,-
before_hotpatch,909,misconfigured,read_status_did,true,6210014210,-
before_hotpatch,910,misconfigured,extended_read_sequence,true,5003 6210014210 621234,-
before_hotpatch,911,misconfigured,default_session,true,5001,-
before_hotpatch,912,misconfigured,default_session,true,5001,-
before_hotpatch,913,misconfigured,read_status_did,true,6210014210,-
before_hotpatch,914,misconfigured,extended_session,true,5003,-
before_hotpatch,915,misconfigured,read_status_did,true,6210014210,-
before_hotpatch,916,misconfigured,extended_session,true,5003,-
before_hotpatch,917,misconfigured,read_config_did,true,621234,-
before_hotpatch,918,misconfigured,default_session,true,5001,-
before_hotpatch,919,misconfigured,extended_read_sequence,true,5003 6210014210 621234,-
before_hotpatch,920,misconfigured,extended_session,true,5003,-
before_hotpatch,921,misconfigured,security_unlock,true,5003 67011201 6702,-
before_hotpatch,922,misconfigured,extended_session,true,5003,-
before_hotpatch,923,misconfigured,extended_session,true,5003,-
before_hotpatch,924,misconfigured,extended_session,true,5003,-
before_hotpatch,925,misconfigured,extended_read_sequence,true,5003 6210014210 621234,-
before_hotpatch,926,misconfigured,security_unlock,true,5003 67011201 6702,-
before_hotpatch,927,misconfigured,extended_session,true,5003,-
before_hotpatch,928,misconfigured,default_session,true,5001,-
before_hotpatch,929,misconfigured,extended_session,true,5003,-
before_hotpatch,930,misconfigured,read_status_did,true,6210014210,-
before_hotpatch,931,misconfigured,read_status_did,true,6210014210,-
before_hotpatch,932,misconfigured,read_config_did,true,621234,-
before_hotpatch,933,misconfigured,read_status_did,true,6210014210,-
before_hotpatch,934,misconfigured,default_session,true,5001,-
before_hotpatch,935,misconfigured,default_session,true,5001,-
before_hotpatch,936,misconfigured,read_status_did,true,6210014210,-
before_hotpatch,937,misconfigured,extended_read_sequence,true,5003 6210014210 621234,-
before_hotpatch,938,open,default_session,true,5001,-
before_hotpatch,939,misconfigured,read_status_did,true,6210014210,-
before_hotpatch,940,misconfigured,read_status_did,true,6210014210,-
before_hotpatch,941,misconfigured,extended_session,true,5003,-
before_hotpatch,942,restricted,read_status_did,true,6210014210,-
before_hotpatch,943,misconfigured,default_session,true,5001,-
before_hotpatch,944,misconfigured,read_status_did,true,6210014210,-
before_hotpatch,945,misconfigured,security_unlock,true,5003 67011201 6702,-
before_hotpatch,946,misconfigured,default_session,true,5001,-
before_hotpatch,947,misconfigured,extended_session,true,5003,-
before_hotpatch,948,misconfigured,security_unlock,true,5003 67011201 6702,-
before_hotpatch,949,misconfigured,default_session,true,5001,-
before_hotpatch,950,misconfigured,extended_session,true,5003,-
before_hotpatch,951,misconfigured,security_unlock,true,5003 67011201 6702,-
before_hotpatch,952,restricted,security_unlock,true,5003 67011201 6702,-
before_hotpatch,953,misconfigured,read_config_did,true,621234,-
before_hotpatch,954,misconfigured,read_status_did,true,6210014210,-
before_hotpatch,955,misconfigured,read_status_did,true,6210014210,-
before_hotpatch,956,misconfigured,default_session,true,5001,-
before_hotpatch,957,misconfigured,default_session,true,5001,-
before_hotpatch,958,misconfigured,extended_session,true,5003,-
before_hotpatch,959,misconfigured,extended_read_sequence,true,5003 6210014210 621234,-
before_hotpatch,960,misconfigured,security_unlock,true,5003 67011201 6702,-
before_hotpatch,961,misconfigured,read_config_did,true,621234,-
before_hotpatch,962,misconfigured,security_unlock,true,5003 67011201 6702,-
before_hotpatch,963,open,read_status_did,true,6210014210,-
before_hotpatch,964,open,default_session,true,5001,-
before_hotpatch,965,misconfigured,default_session,true,5001,-
before_hotpatch,966,misconfigured,extended_read_sequence,true,5003 6210014210 621234,-
before_hotpatch,967,misconfigured,extended_read_sequence,true,5003 6210014210 621234,-
before_hotpatch,968,misconfigured,default_session,true,5001,-
before_hotpatch,969,misconfigured,extended_session,true,5003,-
before_hotpatch,970,misconfigured,read_status_did,true,6210014210,-
before_hotpatch,971,misconfigured,extended_read_sequence,true,5003 6210014210 621234,-
before_hotpatch,972,misconfigured,extended_read_sequence,true,5003 6210014210 621234,-
before_hotpatch,973,misconfigured,read_status_did,true,6210014210,-
before_hotpatch,974,misconfigured,read_status_did,true,6210014210,-
before_hotpatch,975,restricted,read_config_did,true,621234,-
before_hotpatch,976,misconfigured,default_session,true,5001,-
before_hotpatch,977,misconfigured,security_unlock,true,5003 67011201 6702,-
before_hotpatch,978,restricted,default_session,true,5001,-
before_hotpatch,979,misconfigured,security_unlock,true,5003 67011201 6702,-
before_hotpatch,980,misconfigured,extended_session,true,5003,-
before_hotpatch,981,misconfigured,security_unlock,true,5003 67011201 6702,-
before_hotpatch,982,misconfigured,security_unlock,true,5003 67011201 6702,-
before_hotpatch,983,misconfigured,read_config_did,true,621234,-
before_hotpatch,984,misconfigured,read_status_did,true,6210014210,-
before_hotpatch,985,restricted,security_unlock,true,5003 67011201 6702,-
before_hotpatch,986,misconfigured,security_unlock,true,5003 67011201 6702,-
before_hotpatch,987,misconfigured,extended_session,true,5003,-
before_hotpatch,988,misconfigured,read_status_did,true,6210014210,-
before_hotpatch,989,misconfigured,security_unlock,true,5003 67011201 6702,-
before_hotpatch,990,misconfigured,default_session,true,5001,-
before_hotpatch,991,misconfigured,read_status_did,true,6210014210,-
before_hotpatch,992,misconfigured,read_status_did,true,6210014210,-
before_hotpatch,993,misconfigured,read_status_did,true,6210014210,-
before_hotpatch,994,open,read_config_did,true,621234,-
before_hotpatch,995,open,read_config_did,true,621234,-
before_hotpatch,996,misconfigured,security_unlock,true,5003 67011201 6702,-
before_hotpatch,997,misconfigured,security_unlock,true,5003 67011201 6702,-
before_hotpatch,998,misconfigured,security_unlock,true,5003 67011201 6702,-
before_hotpatch,999,misconfigured,read_config_did,true,621234,-
after_hotpatch,0,misconfigured,extended_read_sequence,true,5003 6210014210 621234,-
after_hotpatch,1,misconfigured,read_status_did,true,6210014210,-
after_hotpatch,2,misconfigured,security_unlock,true,5003 67011201 6702,-
after_hotpatch,3,misconfigured,default_session,true,5001,-
after_hotpatch,4,misconfigured,read_config_did,true,621234,-
after_hotpatch,5,misconfigured,read_config_did,true,621234,-
after_hotpatch,6,misconfigured,read_config_did,true,621234,-
after_hotpatch,7,misconfigured,read_config_did,true,621234,-
after_hotpatch,8,misconfigured,extended_session,true,5003,-
after_hotpatch,9,misconfigured,read_config_did,true,621234,-
after_hotpatch,10,misconfigured,read_config_did,true,621234,-
after_hotpatch,11,misconfigured,read_status_did,true,6210014210,-
after_hotpatch,12,restricted,read_config_did,true,621234,-
after_hotpatch,13,misconfigured,extended_session,true,5003,-
after_hotpatch,14,misconfigured,extended_read_sequence,true,5003 6210014210 621234,-
after_hotpatch,15,misconfigured,read_status_did,true,6210014210,-
after_hotpatch,16,misconfigured,extended_read_sequence,true,5003 6210014210 621234,-
after_hotpatch,17,misconfigured,read_config_did,true,621234,-
after_hotpatch,18,misconfigured,extended_read_sequence,true,5003 6210014210 621234,-
after_hotpatch,19,misconfigured,read_status_did,true,6210014210,-
after_hotpatch,20,misconfigured,read_status_did,true,6210014210,-
after_hotpatch,21,misconfigured,extended_read_sequence,true,5003 6210014210 621234,-
after_hotpatch,22,misconfigured,security_unlock,true,5003 67011201 6702,-
after_hotpatch,23,misconfigured,extended_session,true,5003,-
after_hotpatch,24,misconfigured,default_session,true,5001,-
after_hotpatch,25,misconfigured,read_config_did,true,621234,-
after_hotpatch,26,misconfigured,extended_read_sequence,true,5003 6210014210 621234,-
after_hotpatch,27,misconfigured,read_status_did,true,6210014210,-
after_hotpatch,28,misconfigured,read_config_did,true,621234,-
after_hotpatch,29,misconfigured,security_unlock,true,5003 67011201 6702,-
after_hotpatch,30,misconfigured,read_config_did,true,621234,-
after_hotpatch,31,misconfigured,extended_read_sequence,true,5003 6210014210 621234,-
after_hotpatch,32,misconfigured,extended_session,true,5003,-
after_hotpatch,33,misconfigured,extended_session,true,5003,-
after_hotpatch,34,misconfigured,read_config_did,true,621234,-
after_hotpatch,35,misconfigured,read_config_did,true,621234,-
after_hotpatch,36,misconfigured,read_config_did,true,621234,-
after_hotpatch,37,misconfigured,default_session,true,5001,-
after_hotpatch,38,misconfigured,security_unlock,true,5003 67011201 6702,-
after_hotpatch,39,misconfigured,security_unlock,true,5003 67011201 6702,-
after_hotpatch,40,misconfigured,extended_session,true,5003,-
after_hotpatch,41,misconfigured,extended_session,true,5003,-
after_hotpatch,42,misconfigured,read_status_did,true,6210014210,-
after_hotpatch,43,misconfigured,extended_session,true,5003,-
after_hotpatch,44,misconfigured,read_config_did,true,621234,-
after_hotpatch,45,misconfigured,read_config_did,true,621234,-
after_hotpatch,46,misconfigured,read_config_did,true,621234,-
after_hotpatch,47,misconfigured,read_status_did,true,6210014210,-
after_hotpatch,48,misconfigured,extended_session,true,5003,-
after_hotpatch,49,misconfigured,read_config_did,true,621234,-
after_hotpatch,50,misconfigured,security_unlock,true,5003 67011201 6702,-
after_hotpatch,51,misconfigured,extended_session,true,5003,-
after_hotpatch,52,misconfigured,extended_session,true,5003,-
after_hotpatch,53,restricted,extended_session,true,5003,-
after_hotpatch,54,misconfigured,default_session,true,5001,-
after_hotpatch,55,misconfigured,read_status_did,true,6210014210,-
after_hotpatch,56,restricted,read_status_did,true,6210014210,-
after_hotpatch,57,misconfigured,default_session,true,5001,-
after_hotpatch,58,misconfigured,security_unlock,true,5003 67011201 6702,-
after_hotpatch,59,misconfigured,read_status_did,true,6210014210,-
after_hotpatch,60,misconfigured,extended_session,true,5003,-
after_hotpatch,61,misconfigured,security_unlock,true,5003 67011201 6702,-
after_hotpatch,62,misconfigured,extended_session,true,5003,-
after_hotpatch,63,misconfigured,extended_read_sequence,true,5003 6210014210 621234,-
after_hotpatch,64,misconfigured,extended_read_sequence,true,5003 6210014210 621234,-
after_hotpatch,65,open,extended_session,true,5003,-
after_hotpatch,66,misconfigured,read_status_did,true,6210014210,-
after_hotpatch,67,misconfigured,read_status_did,true,6210014210,-
after_hotpatch,68,misconfigured,read_status_did,true,6210014210,-
after_hotpatch,69,restricted,read_config_did,true,621234,-
after_hotpatch,70,misconfigured,default_session,true,5001,-
after_hotpatch,71,restricted,extended_session,true,5003,-
after_hotpatch,72,misconfigured,extended_session,true,5003,-
after_hotpatch,73,misconfigured,extended_read_sequence,true,5003 6210014210 621234,-
after_hotpatch,74,misconfigured,default_session,true,5001,-
after_hotpatch,75,misconfigured,extended_session,true,5003,-
after_hotpatch,76,misconfigured,read_config_did,true,621234,-
after_hotpatch,77,misconfigured,extended_session,true,5003,-
after_hotpatch,78,misconfigured,extended_session,true,5003,-
after_hotpatch,79,misconfigured,security_unlock,true,5003 67011201 6702,-
after_hotpatch,80,misconfigured,extended_session,true,5003,-
after_hotpatch,81,misconfigured,default_session,true,5001,-
after_hotpatch,82,misconfigured,security_unlock,true,5003 67011201 6702,-
after_hotpatch,83,open,extended_session,true,5003,-
after_hotpatch,84,misconfigured,security_unlock,true,5003 67011201 6702,-
after_hotpatch,85,misconfigured,read_status_did,true,6210014210,-
after_hotpatch,86,misconfigured,read_status_did,true,6210014210,-
after_hotpatch,87,misconfigured,read_status_did,true,6210014210,-
after_hotpatch,88,misconfigured,read_status_did,true,6210014210,-
after_hotpatch,89,misconfigured,read_status_did,true,6210014210,-
after_hotpatch,90,misconfigured,security_unlock,true,5003 67011201 6702,-
after_hotpatch,91,misconfigured,read_status_did,true,6210014210,-
after_hotpatch,92,misconfigured,read_status_did,true,6210014210,-
after_hotpatch,93,misconfigured,security_unlock,true,5003 67011201 6702,-
after_hotpatch,94,misconfigured,extended_read_sequence,true,5003 6210014210 621234,-
after_hotpatch,95,open,default_session,true,5001,-
after_hotpatch,96,misconfigured,security_unlock,true,5003 67011201 6702,-
after_hotpatch,97,misconfigured,read_status_did,true,6210014210,-
after_hotpatch,98,misconfigured,security_unlock,true,5003 67011201 6702,-
after_hotpatch,99,misconfigured,security_unlock,true,5003 67011201 6702,-
after_hotpatch,100,misconfigured,security_unlock,true,5003 67011201 6702,-
after_hotpatch,101,misconfigured,read_status_did,true,6210014210,-
after_hotpatch,102,misconfigured,read_config_did,true,621234,-
after_hotpatch,103,misconfigured,read_config_did,true,621234,-
after_hotpatch,104,misconfigured,read_status_did,true,6210014210,-
after_hotpatch,105,restricted,default_session,true,5001,-
after_hotpatch,106,misconfigured,read_status_did,true,6210014210,-
after_hotpatch,107,misconfigured,security_unlock,true,5003 67011201 6702,-
after_hotpatch,108,misconfigured,extended_session,true,5003,-
after_hotpatch,109,misconfigured,extended_session,true,5003,-
after_hotpatch,110,misconfigured,extended_read_sequence,true,5003 6210014210 621234,-
after_hotpatch,111,misconfigured,extended_read_sequence,true,5003 6210014210 621234,-
after_hotpatch,112,misconfigured,extended_read_sequence,true,5003 6210014210 621234,-
after_hotpatch,113,misconfigured,security_unlock,true,5003 67011201 6702,-
after_hotpatch,114,misconfigured,default_session,true,5001,-
after_hotpatch,115,misconfigured,default_session,true,5001,-
after_hotpatch,116,restricted,extended_session,true,5003,-
after_hotpatch,117,misconfigured,security_unlock,true,5003 67011201 6702,-
after_hotpatch,118,misconfigured,read_status_did,true,6210014210,-
after_hotpatch,119,restricted,default_session,true,5001,-
after_hotpatch,120,misconfigured,security_unlock,true,5003 67011201 6702,-
after_hotpatch,121,misconfigured,security_unlock,true,5003 67011201 6702,-
after_hotpatch,122,misconfigured,read_status_did,true,6210014210,-
after_hotpatch,123,misconfigured,extended_session,true,5003,-
after_hotpatch,124,misconfigured,security_unlock,true,5003 67011201 6702,-
after_hotpatch,125,misconfigured,default_session,true,5001,-
after_hotpatch,126,misconfigured,read_status_did,true,6210014210,-
after_hotpatch,127,misconfigured,read_status_did,true,6210014210,-
after_hotpatch,128,misconfigured,extended_session,true,5003,-
after_hotpatch,129,misconfigured,read_config_did,true,621234,-
after_hotpatch,130,misconfigured,extended_read_sequence,true,5003 6210014210 621234,-
after_hotpatch,131,misconfigured,security_unlock,true,5003 67011201 6702,-
after_hotpatch,132,open,extended_session,true,5003,-
after_hotpatch,133,misconfigured,extended_session,true,5003,-
after_hotpatch,134,misconfigured,default_session,true,5001,-
after_hotpatch,135,misconfigured,extended_session,true,5003,-
after_hotpatch,136,misconfigured,read_config_did,true,621234,-
after_hotpatch,137,misconfigured,read_status_did,true,6210014210,-
after_hotpatch,138,misconfigured,security_unlock,true,5003 67011201 6702,-
after_hotpatch,139,misconfigured,security_unlock,true,5003 67011201 6702,-
after_hotpatch,140,misconfigured,extended_read_sequence,true,5003 6210014210 621234,-
after_hotpatch,141,misconfigured,default_session,true,5001,-
after_hotpatch,142,misconfigured,extended_session,true,5003,-
after_hotpatch,143,misconfigured,security_unlock,true,5003 67011201 6702,-
after_hotpatch,144,open,read_config_did,true,621234,-
after_hotpatch,145,misconfigured,read_config_did,true,621234,-
after_hotpatch,146,misconfigured,extended_session,true,5003,-
after_hotpatch,147,misconfigured,read_status_did,true,6210014210,-
after_hotpatch,148,misconfigured,default_session,true,5001,-
after_hotpatch,149,misconfigured,security_unlock,true,5003 67011201 6702,-
after_hotpatch,150,misconfigured,read_status_did,true,6210014210,-
after_hotpatch,151,misconfigured,read_config_did,true,621234,-
after_hotpatch,152,misconfigured,security_unlock,true,5003 67011201 6702,-
after_hotpatch,153,misconfigured,read_status_did,true,6210014210,-
after_hotpatch,154,misconfigured,extended_session,true,5003,-
after_hotpatch,155,misconfigured,security_unlock,true,5003 67011201 6702,-
after_hotpatch,156,misconfigured,extended_session,true,5003,-
after_hotpatch,157,misconfigured,security_unlock,true,5003 67011201 6702,-
after_hotpatch,158,misconfigured,read_status_did,true,6210014210,-
after_hotpatch,159,misconfigured,extended_read_sequence,true,5003 6210014210 621234,-
after_hotpatch,160,misconfigured,extended_session,true,5003,-
after_hotpatch,161,misconfigured,read_config_did,true,621234,-
after_hotpatch,162,misconfigured,default_session,true,5001,-
after_hotpatch,163,open,default_session,true,5001,-
after_hotpatch,164,misconfigured,default_session,true,5001,-
after_hotpatch,165,misconfigured,read_status_did,true,6210014210,-
after_hotpatch,166,misconfigured,extended_session,true,5003,-
after_hotpatch,167,misconfigured,extended_session,true,5003,-
after_hotpatch,168,misconfigured,default_session,true,5001,-
after_hotpatch,169,misconfigured,read_status_did,true,6210014210,-
after_hotpatch,170,misconfigured,extended_session,true,5003,-
after_hotpatch,171,misconfigured,security_unlock,true,5003 67011201 6702,-
after_hotpatch,172,misconfigured,read_status_did,true,6210014210,-
after_hotpatch,173,open,security_unlock,true,5003 67011201 6702,-
after_hotpatch,174,misconfigured,read_config_did,true,621234,-
after_hotpatch,175,misconfigured,read_config_did,true,621234,-
after_hotpatch,176,misconfigured,default_session,true,5001,-
after_hotpatch,177,misconfigured,extended_read_sequence,true,5003 6210014210 621234,-
after_hotpatch,178,restricted,security_unlock,true,5003 67011201 6702,-
after_hotpatch,179,misconfigured,read_status_did,true,6210014210,-
after_hotpatch,180,misconfigured,extended_read_sequence,true,5003 6210014210 621234,-
after_hotpatch,181,misconfigured,read_status_did,true,6210014210,-
after_hotpatch,182,misconfigured,read_config_did,true,621234,-
after_hotpatch,183,misconfigured,default_session,true,5001,-
after_hotpatch,184,open,security_unlock,true,5003 67011201 6702,-
after_hotpatch,185,misconfigured,extended_session,true,5003,-
after_hotpatch,186,misconfigured,read_status_did,true,6210014210,-
after_hotpatch,187,misconfigured,security_unlock,true,5003 67011201 6702,-
after_hotpatch,188,misconfigured,extended_session,true,5003,-
after_hotpatch,189,misconfigured,read_config_did,true,621234,-
after_hotpatch,190,misconfigured,read_status_did,true,6210014210,-
after_hotpatch,191,misconfigured,read_config_did,true,621234,-
after_hotpatch,192,misconfigured,extended_session,true,5003,-
after_hotpatch,193,misconfigured,read_config_did,true,621234,-
after_hotpatch,194,misconfigured,security_unlock,true,5003 67011201 6702,-
after_hotpatch,195,misconfigured,read_status_did,true,6210014210,-
after_hotpatch,196,misconfigured,read_config_did,true,621234,-
after_hotpatch,197,misconfigured,extended_read_sequence,true,5003 6210014210 621234,-
after_hotpatch,198,misconfigured,security_unlock,true,5003 67011201 6702,-
after_hotpatch,199,misconfigured,extended_read_sequence,true,5003 6210014210 621234,-
after_hotpatch,200,misconfigured,security_unlock,true,5003 67011201 6702,-
after_hotpatch,201,misconfigured,security_unlock,true,5003 67011201 6702,-
after_hotpatch,202,misconfigured,extended_read_sequence,true,5003 6210014210 621234,-
after_hotpatch,203,misconfigured,read_status_did,true,6210014210,-
after_hotpatch,204,misconfigured,security_unlock,true,5003 67011201 6702,-
after_hotpatch,205,misconfigured,read_status_did,true,6210014210,-
after_hotpatch,206,misconfigured,security_unlock,true,5003 67011201 6702,-
after_hotpatch,207,restricted,read_status_did,true,6210014210,-
after_hotpatch,208,misconfigured,extended_read_sequence,true,5003 6210014210 621234,-
after_hotpatch,209,misconfigured,default_session,true,5001,-
after_hotpatch,210,restricted,security_unlock,true,5003 67011201 6702,-
after_hotpatch,211,misconfigured,extended_session,true,5003,-
after_hotpatch,212,misconfigured,default_session,true,5001,-
after_hotpatch,213,restricted,extended_read_sequence,true,5003 6210014210 621234,-
after_hotpatch,214,misconfigured,read_status_did,true,6210014210,-
after_hotpatch,215,open,read_status_did,true,6210014210,-
after_hotpatch,216,misconfigured,extended_session,true,5003,-
after_hotpatch,217,misconfigured,extended_session,true,5003,-
after_hotpatch,218,misconfigured,default_session,true,5001,-
after_hotpatch,219,misconfigured,extended_read_sequence,true,5003 6210014210 621234,-
after_hotpatch,220,misconfigured,default_session,true,5001,-
after_hotpatch,221,misconfigured,security_unlock,true,5003 67011201 6702,-
after_hotpatch,222,misconfigured,read_status_did,true,6210014210,-
after_hotpatch,223,misconfigured,extended_read_sequence,true,5003 6210014210 621234,-
after_hotpatch,224,misconfigured,security_unlock,true,5003 67011201 6702,-
after_hotpatch,225,misconfigured,security_unlock,true,5003 67011201 6702,-
after_hotpatch,226,misconfigured,default_session,true,5001,-
after_hotpatch,227,open,extended_session,true,5003,-
after_hotpatch,228,misconfigured,read_status_did,true,6210014210,-
after_hotpatch,229,misconfigured,default_session,true,5001,-
after_hotpatch,230,misconfigured,security_unlock,true,5003 67011201 6702,-
after_hotpatch,231,misconfigured,extended_session,true,5003,-
after_hotpatch,232,misconfigured,security_unlock,true,5003 67011201 6702,-
after_hotpatch,233,misconfigured,read_config_did,true,621234,-
after_hotpatch,234,open,read_status_did,true,6210014210,-
after_hotpatch,235,misconfigured,extended_read_sequence,true,5003 6210014210 621234,-
after_hotpatch,236,misconfigured,read_status_did,true,6210014210,-
after_hotpatch,237,misconfigured,read_config_did,true,621234,-
after_hotpatch,238,misconfigured,read_config_did,true,621234,-
after_hotpatch,239,misconfigured,security_unlock,true,5003 67011201 6702,-
after_hotpatch,240,misconfigured,read_status_did,true,6210014210,-
after_hotpatch,241,misconfigured,extended_session,true,5003,-
after_hotpatch,242,misconfigured,read_status_did,true,6210014210,-
after_hotpatch,243,misconfigured,extended_session,true,5003,-
after_hotpatch,244,misconfigured,extended_read_sequence,true,5003 6210014210 621234,-
after_hotpatch,245,misconfigured,read_status_did,true,6210014210,-
after_hotpatch,246,misconfigured,security_unlock,true,5003 67011201 6702,-
after_hotpatch,247,misconfigured,extended_session,true,5003,-
after_hotpatch,248,misconfigured,read_status_did,true,6210014210,-
after_hotpatch,249,misconfigured,read_status_did,true,6210014210,-
after_hotpatch,250,misconfigured,default_session,true,5001,-
after_hotpatch,251,misconfigured,security_unlock,true,5003 67011201 6702,-
after_hotpatch,252,open,read_config_did,true,621234,-
after_hotpatch,253,misconfigured,extended_read_sequence,true,5003 6210014210 621234,-
after_hotpatch,254,misconfigured,security_unlock,true,5003 67011201 6702,-
after_hotpatch,255,misconfigured,extended_read_sequence,true,5003 6210014210 621234,-
after_hotpatch,256,misconfigured,extended_session,true,5003,-
after_hotpatch,257,misconfigured,security_unlock,true,5003 67011201 6702,-
after_hotpatch,258,misconfigured,security_unlock,true,5003 67011201 6702,-
after_hotpatch,259,restricted,default_session,true,5001,-
after_hotpatch,260,misconfigured,extended_session,true,5003,-
after_hotpatch,261,misconfigured,read_status_did,true,6210014210,-
after_hotpatch,262,misconfigured,extended_session,true,5003,-
after_hotpatch,263,misconfigured,extended_session,true,5003,-
after_hotpatch,264,misconfigured,security_unlock,true,5003 67011201 6702,-
after_hotpatch,265,misconfigured,read_config_did,true,621234,-
after_hotpatch,266,misconfigured,extended_session,true,5003,-
after_hotpatch,267,misconfigured,read_config_did,true,621234,-
after_hotpatch,268,misconfigured,extended_session,true,5003,-
after_hotpatch,269,misconfigured,extended_read_sequence,true,5003 6210014210 621234,-
after_hotpatch,270,misconfigured,security_unlock,true,5003 67011201 6702,-
after_hotpatch,271,misconfigured,read_config_did,true,621234,-
after_hotpatch,272,misconfigured,security_unlock,true,5003 67011201 6702,-
after_hotpatch,273,misconfigured,read_config_did,true,621234,-
after_hotpatch,274,misconfigured,read_config_did,true,621234,-
after_hotpatch,275,misconfigured,extended_session,true,5003,-
after_hotpatch,276,misconfigured,read_status_did,true,6210014210,-
after_hotpatch,277,restricted,read_status_did,true,6210014210,-
after_hotpatch,278,misconfigured,read_status_did,true,6210014210,-
after_hotpatch,279,misconfigured,read_status_did,true,6210014210,-
after_hotpatch,280,misconfigured,default_session,true,5001,-
after_hotpatch,281,misconfigured,default_session,true,5001,-
after_hotpatch,282,misconfigured,extended_session,true,5003,-
after_hotpatch,283,misconfigured,security_unlock,true,5003 67011201 6702,-
after_hotpatch,284,misconfigured,security_unlock,true,5003 67011201 6702,-
after_hotpatch,285,misconfigured,read_status_did,true,6210014210,-
after_hotpatch,286,restricted,read_config_did,true,621234,-
after_hotpatch,287,misconfigured,security_unlock,true,5003 67011201 6702,-
after_hotpatch,288,restricted,security_unlock,true,5003 67011201 6702,-
after_hotpatch,289,misconfigured,extended_session,true,5003,-
after_hotpatch,290,open,read_status_did,true,6210014210,-
after_hotpatch,291,misconfigured,read_status_did,true,6210014210,-
after_hotpatch,292,misconfigured,read_config_did,true,621234,-
after_hotpatch,293,misconfigured,default_session,true,5001,-
after_hotpatch,294,misconfigured,extended_session,true,5003,-
after_hotpatch,295,misconfigured,security_unlock,true,5003 67011201 6702,-
after_hotpatch,296,open,default_session,true,5001,-
after_hotpatch,297,misconfigured,extended_session,true,5003,-
after_hotpatch,298,misconfigured,security_unlock,true,5003 67011201 6702,-
after_hotpatch,299,misconfigured,extended_session,true,5003,-
after_hotpatch,300,misconfigured,read_config_did,true,621234,-
after_hotpatch,301,restricted,default_session,true,5001,-
after_hotpatch,302,misconfigured,read_config_did,true,621234,-
after_hotpatch,303,misconfigured,default_session,true,5001,-
after_hotpatch,304,misconfigured,default_session,true,5001,-
after_hotpatch,305,misconfigured,extended_session,true,5003,-
after_hotpatch,306,misconfigured,read_status_did,true,6210014210,-
after_hotpatch,307,misconfigured,read_status_did,true,6210014210,-
after_hotpatch,308,misconfigured,extended_read_sequence,true,5003 6210014210 621234,-
after_hotpatch,309,misconfigured,extended_session,true,5003,-
after_hotpatch,310,misconfigured,read_status_did,true,6210014210,-
after_hotpatch,311,misconfigured,security_unlock,true,5003 67011201 6702,-
after_hotpatch,312,misconfigured,security_unlock,true,5003 67011201 6702,-
after_hotpatch,313,misconfigured,extended_session,true,5003,-
after_hotpatch,314,misconfigured,security_unlock,true,5003 67011201 6702,-
after_hotpatch,315,misconfigured,read_status_did,true,6210014210,-
after_hotpatch,316,misconfigured,read_status_did,true,6210014210,-
after_hotpatch,317,misconfigured,extended_session,true,5003,-
after_hotpatch,318,restricted,read_config_did,true,621234,-
after_hotpatch,319,misconfigured,extended_session,true,5003,-
after_hotpatch,320,misconfigured,read_status_did,true,6210014210,-
after_hotpatch,321,misconfigured,default_session,true,5001,-
after_hotpatch,322,misconfigured,extended_session,true,5003,-
after_hotpatch,323,misconfigured,read_status_did,true,6210014210,-
after_hotpatch,324,misconfigured,extended_session,true,5003,-
after_hotpatch,325,misconfigured,read_status_did,true,6210014210,-
after_hotpatch,326,misconfigured,read_config_did,true,621234,-
after_hotpatch,327,misconfigured,read_config_did,true,621234,-
after_hotpatch,328,misconfigured,read_status_did,true,6210014210,-
after_hotpatch,329,misconfigured,security_unlock,true,5003 67011201 6702,-
after_hotpatch,330,misconfigured,security_unlock,true,5003 67011201 6702,-
after_hotpatch,331,misconfigured,default_session,true,5001,-
after_hotpatch,332,misconfigured,default_session,true,5001,-
after_hotpatch,333,restricted,extended_session,true,5003,-
after_hotpatch,334,misconfigured,read_config_did,true,621234,-
after_hotpatch,335,restricted,security_unlock,true,5003 67011201 6702,-
after_hotpatch,336,misconfigured,default_session,true,5001,-
after_hotpatch,337,misconfigured,extended_session,true,5003,-
after_hotpatch,338,misconfigured,read_status_did,true,6210014210,-
after_hotpatch,339,misconfigured,default_session,true,5001,-
after_hotpatch,340,misconfigured,read_config_did,true,621234,-
after_hotpatch,341,misconfigured,extended_read_sequence,true,5003 6210014210 621234,-
after_hotpatch,342,misconfigured,read_status_did,true,6210014210,-
after_hotpatch,343,misconfigured,read_status_did,true,6210014210,-
after_hotpatch,344,misconfigured,default_session,true,5001,-
after_hotpatch,345,misconfigured,read_status_did,true,6210014210,-
after_hotpatch,346,misconfigured,extended_session,true,5003,-
after_hotpatch,347,misconfigured,default_session,true,5001,-
after_hotpatch,348,misconfigured,extended_read_sequence,true,5003 6210014210 621234,-
after_hotpatch,349,misconfigured,extended_session,true,5003,-
after_hotpatch,350,misconfigured,read_status_did,true,6210014210,-
after_hotpatch,351,misconfigured,extended_session,true,5003,-
after_hotpatch,352,restricted,read_status_did,true,6210014210,-
after_hotpatch,353,misconfigured,read_status_did,true,6210014210,-
after_hotpatch,354,misconfigured,read_status_did,true,6210014210,-
after_hotpatch,355,restricted,default_session,true,5001,-
after_hotpatch,356,misconfigured,security_unlock,true,5003 67011201 6702,-
after_hotpatch,357,misconfigured,security_unlock,true,5003 67011201 6702,-
after_hotpatch,358,misconfigured,read_status_did,true,6210014210,-
after_hotpatch,359,misconfigured,security_unlock,true,5003 67011201 6702,-
after_hotpatch,360,misconfigured,read_config_did,true,621234,-
after_hotpatch,361,misconfigured,extended_session,true,5003,-
after_hotpatch,362,misconfigured,extended_session,true,5003,-
after_hotpatch,363,open,default_session,true,5001,-
after_hotpatch,364,misconfigured,read_config_did,true,621234,-
after_hotpatch,365,misconfigured,default_session,true,5001,-
after_hotpatch,366,misconfigured,security_unlock,true,5003 67011201 6702,-
after_hotpatch,367,misconfigured,extended_session,true,5003,-
after_hotpatch,368,misconfigured,security_unlock,true,5003 67011201 6702,-
after_hotpatch,369,misconfigured,read_config_did,true,621234,-
after_hotpatch,370,misconfigured,read_config_did,true,621234,-
after_hotpatch,371,misconfigured,default_session,true,5001,-
after_hotpatch,372,misconfigured,read_status_did,true,6210014210,-
after_hotpatch,373,misconfigured,extended_read_sequence,true,5003 6210014210 621234,-
after_hotpatch,374,misconfigured,security_unlock,true,5003 67011201 6702,-
after_hotpatch,375,misconfigured,security_unlock,true,5003 67011201 6702,-
after_hotpatch,376,misconfigured,read_status_did,true,6210014210,-
after_hotpatch,377,restricted,extended_read_sequence,true,5003 6210014210 621234,-
after_hotpatch,378,misconfigured,extended_read_sequence,true,5003 6210014210 621234,-
after_hotpatch,379,misconfigured,read_config_did,true,621234,-
after_hotpatch,380,misconfigured,security_unlock,true,5003 67011201 6702,-
after_hotpatch,381,misconfigured,extended_session,true,5003,-
after_hotpatch,382,open,read_config_did,true,621234,-
after_hotpatch,383,misconfigured,security_unlock,true,5003 67011201 6702,-
after_hotpatch,384,misconfigured,security_unlock,true,5003 67011201 6702,-
after_hotpatch,385,misconfigured,read_status_did,true,6210014210,-
after_hotpatch,386,misconfigured,read_status_did,true,6210014210,-
after_hotpatch,387,misconfigured,extended_session,true,5003,-
after_hotpatch,388,misconfigured,extended_session,true,5003,-
after_hotpatch,389,misconfigured,read_status_did,true,6210014210,-
after_hotpatch,390,misconfigured,default_session,true,5001,-
after_hotpatch,391,misconfigured,read_status_did,true,6210014210,-
after_hotpatch,392,restricted,read_config_did,true,621234,-
after_hotpatch,393,misconfigured,extended_session,true,5003,-
after_hotpatch,394,misconfigured,read_config_did,true,621234,-
after_hotpatch,395,misconfigured,read_config_did,true,621234,-
after_hotpatch,396,misconfigured,read_config_did,true,621234,-
after_hotpatch,397,misconfigured,security_unlock,true,5003 67011201 6702,-
after_hotpatch,398,misconfigured,default_session,true,5001,-
after_hotpatch,399,misconfigured,security_unlock,true,5003 67011201 6702,-
after_hotpatch,400,misconfigured,security_unlock,true,5003 67011201 6702,-
after_hotpatch,401,misconfigured,extended_session,true,5003,-
after_hotpatch,402,misconfigured,security_unlock,true,5003 67011201 6702,-
after_hotpatch,403,misconfigured,read_status_did,true,6210014210,-
after_hotpatch,404,misconfigured,extended_session,true,5003,-
after_hotpatch,405,misconfigured,default_session,true,5001,-
after_hotpatch,406,misconfigured,extended_read_sequence,true,5003 6210014210 621234,-
after_hotpatch,407,misconfigured,extended_read_sequence,true,5003 6210014210 621234,-
after_hotpatch,408,misconfigured,default_session,true,5001,-
after_hotpatch,409,misconfigured,default_session,true,5001,-
after_hotpatch,410,misconfigured,read_config_did,true,621234,-
after_hotpatch,411,misconfigured,default_session,true,5001,-
after_hotpatch,412,misconfigured,read_config_did,true,621234,-
after_hotpatch,413,misconfigured,extended_session,true,5003,-
after_hotpatch,414,misconfigured,security_unlock,true,5003 67011201 6702,-
after_hotpatch,415,misconfigured,read_config_did,true,621234,-
after_hotpatch,416,misconfigured,read_status_did,true,6210014210,-
after_hotpatch,417,misconfigured,read_status_did,true,6210014210,-
after_hotpatch,418,misconfigured,read_status_did,true,6210014210,-
after_hotpatch,419,misconfigured,read_config_did,true,621234,-
after_hotpatch,420,misconfigured,read_status_did,true,6210014210,-
after_hotpatch,421,misconfigured,read_status_did,true,6210014210,-
after_hotpatch,422,misconfigured,extended_session,true,5003,-
after_hotpatch,423,misconfigured,default_session,true,5001,-
after_hotpatch,424,misconfigured,extended_session,true,5003,-
after_hotpatch,425,misconfigured,read_status_did,true,6210014210,-
after_hotpatch,426,misconfigured,security_unlock,true,5003 67011201 6702,-
after_hotpatch,427,misconfigured,read_config_did,true,621234,-
after_hotpatch,428,misconfigured,security_unlock,true,5003 67011201 6702,-
after_hotpatch,429,misconfigured,extended_session,true,5003,-
after_hotpatch,430,misconfigured,read_status_did,true,6210014210,-
after_hotpatch,431,misconfigured,read_status_did,true,6210014210,-
after_hotpatch,432,misconfigured,extended_session,true,5003,-
after_hotpatch,433,misconfigured,security_unlock,true,5003 67011201 6702,-
after_hotpatch,434,restricted,read_status_did,true,6210014210,-
after_hotpatch,435,misconfigured,read_config_did,true,621234,-
after_hotpatch,436,misconfigured,extended_read_sequence,true,5003 6210014210 621234,-
after_hotpatch,437,misconfigured,extended_session,true,5003,-
after_hotpatch,438,misconfigured,extended_session,true,5003,-
after_hotpatch,439,misconfigured,read_status_did,true,6210014210,-
after_hotpatch,440,misconfigured,default_session,true,5001,-
after_hotpatch,441,misconfigured,extended_session,true,5003,-
after_hotpatch,442,misconfigured,extended_session,true,5003,-
after_hotpatch,443,open,default_session,true,5001,-
after_hotpatch,444,misconfigured,default_session,true,5001,-
after_hotpatch,445,misconfigured,read_config_did,true,621234,-
after_hotpatch,446,misconfigured,default_session,true,5001,-
after_hotpatch,447,misconfigured,default_session,true,5001,-
after_hotpatch,448,misconfigured,extended_session,true,5003,-
after_hotpatch,449,misconfigured,security_unlock,true,5003 67011201 6702,-
after_hotpatch,450,misconfigured,default_session,true,5001,-
after_hotpatch,451,misconfigured,security_unlock,true,5003 67011201 6702,-
after_hotpatch,452,misconfigured,read_config_did,true,621234,-
after_hotpatch,453,misconfigured,default_session,true,5001,-
after_hotpatch,454,misconfigured,read_status_did,true,6210014210,-
after_hotpatch,455,misconfigured,read_config_did,true,621234,-
after_hotpatch,456,misconfigured,security_unlock,true,5003 67011201 6702,-
after_hotpatch,457,misconfigured,read_status_did,true,6210014210,-
after_hotpatch,458,misconfigured,security_unlock,true,5003 67011201 6702,-
after_hotpatch,459,restricted,security_unlock,true,5003 67011201 6702,-
after_hotpatch,460,misconfigured,default_session,true,5001,-
after_hotpatch,461,misconfigured,security_unlock,true,5003 67011201 6702,-
after_hotpatch,462,misconfigured,extended_session,true,5003,-
after_hotpatch,463,misconfigured,read_config_did,true,621234,-
after_hotpatch,464,misconfigured,extended_session,true,5003,-
after_hotpatch,465,misconfigured,extended_session,true,5003,-
after_hotpatch,466,misconfigured,extended_read_sequence,true,5003 6210014210 621234,-
after_hotpatch,467,misconfigured,read_status_did,true,6210014210,-
after_hotpatch,468,misconfigured,extended_session,true,5003,-
after_hotpatch,469,misconfigured,read_status_did,true,6210014210,-
after_hotpatch,470,misconfigured,extended_read_sequence,true,5003 6210014210 621234,-
after_hotpatch,471,misconfigured,read_status_did,true,6210014210,-
after_hotpatch,472,misconfigured,security_unlock,true,5003 67011201 6702,-
after_hotpatch,473,misconfigured,default_session,true,5001,-
after_hotpatch,474,misconfigured,security_unlock,true,5003 67011201 6702,-
after_hotpatch,475,misconfigured,extended_session,true,5003,-
after_hotpatch,476,misconfigured,default_session,true,5001,-
after_hotpatch,477,misconfigured,extended_session,true,5003,-
after_hotpatch,478,misconfigured,extended_session,true,5003,-
after_hotpatch,479,open,read_config_did,true,621234,-
after_hotpatch,480,restricted,extended_session,true,5003,-
after_hotpatch,481,misconfigured,security_unlock,true,5003 67011201 6702,-
after_hotpatch,482,misconfigured,extended_session,true,5003,-
after_hotpatch,483,open,extended_session,true,5003,-
after_hotpatch,484,misconfigured,security_unlock,true,5003 67011201 6702,-
after_hotpatch,485,misconfigured,read_config_did,true,621234,-
after_hotpatch,486,misconfigured,extended_session,true,5003,-
after_hotpatch,487,misconfigured,default_session,true,5001,-
after_hotpatch,488,misconfigured,read_config_did,true,621234,-
after_hotpatch,489,misconfigured,extended_read_sequence,true,5003 6210014210 621234,-
after_hotpatch,490,misconfigured,read_status_did,true,6210014210,-
after_hotpatch,491,misconfigured,security_unlock,true,5003 67011201 6702,-
after_hotpatch,492,misconfigured,security_unlock,true,5003 67011201 6702,-
after_hotpatch,493,misconfigured,security_unlock,true,5003 67011201 6702,-
after_hotpatch,494,misconfigured,extended_session,true,5003,-
after_hotpatch,495,misconfigured,security_unlock,true,5003 67011201 6702,-
after_hotpatch,496,misconfigured,read_status_did,true,6210014210,-
after_hotpatch,497,misconfigured,security_unlock,true,5003 67011201 6702,-
after_hotpatch,498,misconfigured,read_status_did,true,6210014210,-
after_hotpatch,499,misconfigured,security_unlock,true,5003 67011201 6702,-
after_hotpatch,500,misconfigured,read_status_did,true,6210014210,-
after_hotpatch,501,misconfigured,security_unlock,true,5003 67011201 6702,-
after_hotpatch,502,misconfigured,extended_read_sequence,true,5003 6210014210 621234,-
after_hotpatch,503,misconfigured,read_config_did,true,621234,-
after_hotpatch,504,open,read_config_did,true,621234,-
after_hotpatch,505,restricted,default_session,true,5001,-
after_hotpatch,506,misconfigured,extended_session,true,5003,-
after_hotpatch,507,misconfigured,security_unlock,true,5003 67011201 6702,-
after_hotpatch,508,misconfigured,extended_read_sequence,true,5003 6210014210 621234,-
after_hotpatch,509,misconfigured,extended_session,true,5003,-
after_hotpatch,510,misconfigured,read_status_did,true,6210014210,-
after_hotpatch,511,misconfigured,security_unlock,true,5003 67011201 6702,-
after_hotpatch,512,misconfigured,default_session,true,5001,-
after_hotpatch,513,misconfigured,default_session,true,5001,-
after_hotpatch,514,misconfigured,extended_read_sequence,true,5003 6210014210 621234,-
after_hotpatch,515,misconfigured,extended_read_sequence,true,5003 6210014210 621234,-
after_hotpatch,516,misconfigured,default_session,true,5001,-
after_hotpatch,517,misconfigured,read_status_did,true,6210014210,-
after_hotpatch,518,misconfigured,extended_session,true,5003,-
after_hotpatch,519,misconfigured,security_unlock,true,5003 67011201 6702,-
after_hotpatch,520,misconfigured,security_unlock,true,5003 67011201 6702,-
after_hotpatch,521,misconfigured,extended_session,true,5003,-
after_hotpatch,522,misconfigured,default_session,true,5001,-
after_hotpatch,523,misconfigured,extended_session,true,5003,-
after_hotpatch,524,misconfigured,read_status_did,true,6210014210,-
after_hotpatch,525,misconfigured,security_unlock,true,5003 67011201 6702,-
after_hotpatch,526,misconfigured,read_config_did,true,621234,-
after_hotpatch,527,misconfigured,read_status_did,true,6210014210,-
after_hotpatch,528,misconfigured,extended_session,true,5003,-
after_hotpatch,529,misconfigured,default_session,true,5001,-
after_hotpatch,530,misconfigured,read_status_did,true,6210014210,-
after_hotpatch,531,misconfigured,read_status_did,true,6210014210,-
after_hotpatch,532,misconfigured,default_session,true,5001,-
after_hotpatch,533,misconfigured,extended_read_sequence,true,5003 6210014210 621234,-
after_hotpatch,534,misconfigured,read_status_did,true,6210014210,-
after_hotpatch,535,misconfigured,security_unlock,true,5003 67011201 6702,-
after_hotpatch,536,restricted,read_status_did,true,6210014210,-
after_hotpatch,537,misconfigured,read_status_did,true,6210014210,-
after_hotpatch,538,misconfigured,security_unlock,true,5003 67011201 6702,-
after_hotpatch,539,misconfigured,extended_session,true,5003,-
after_hotpatch,540,misconfigured,security_unlock,true,5003 67011201 6702,-
after_hotpatch,541,restricted,extended_session,true,5003,-
after_hotpatch,542,misconfigured,default_session,true,5001,-
after_hotpatch,543,misconfigured,read_status_did,true,6210014210,-
after_hotpatch,544,restricted,extended_session,true,5003,-
after_hotpatch,545,open,read_config_did,true,621234,-
after_hotpatch,546,misconfigured,read_status_did,true,6210014210,-
after_hotpatch,547,misconfigured,read_config_did,true,621234,-
after_hotpatch,548,misconfigured,read_config_did,true,621234,-
after_hotpatch,549,misconfigured,extended_session,true,5003,-
after_hotpatch,550,misconfigured,security_unlock,true,5003 67011201 6702,-
after_hotpatch,551,misconfigured,read_config_did,true,621234,-
after_hotpatch,552,misconfigured,read_config_did,true,621234,-
after_hotpatch,553,misconfigured,default_session,true,5001,-
after_hotpatch,554,misconfigured,extended_session,true,5003,-
after_hotpatch,555,misconfigured,read_status_did,true,6210014210,-
after_hotpatch,556,misconfigured,read_status_did,true,6210014210,-
after_hotpatch,557,misconfigured,read_status_did,true,6210014210,-
after_hotpatch,558,misconfigured,read_status_did,true,6210014210,-
after_hotpatch,559,restricted,extended_read_sequence,true,5003 6210014210 621234,-
after_hotpatch,560,misconfigured,security_unlock,true,5003 67011201 6702,-
after_hotpatch,561,misconfigured,security_unlock,true,5003 67011201 6702,-
after_hotpatch,562,misconfigured,extended_session,true,5003,-
after_hotpatch,563,misconfigured,read_status_did,true,6210014210,-
after_hotpatch,564,restricted,default_session,true,5001,-
after_hotpatch,565,misconfigured,security_unlock,true,5003 67011201 6702,-
after_hotpatch,566,misconfigured,security_unlock,true,5003 67011201 6702,-
after_hotpatch,567,misconfigured,security_unlock,true,5003 67011201 6702,-
after_hotpatch,568,misconfigured,default_session,true,5001,-
after_hotpatch,569,misconfigured,extended_session,true,5003,-
after_hotpatch,570,misconfigured,security_unlock,true,5003 67011201 6702,-
after_hotpatch,571,misconfigured,read_config_did,true,621234,-
after_hotpatch,572,misconfigured,read_status_did,true,6210014210,-
after_hotpatch,573,misconfigured,extended_session,true,5003,-
after_hotpatch,574,misconfigured,read_status_did,true,6210014210,-
after_hotpatch,575,misconfigured,default_session,true,5001,-
after_hotpatch,576,misconfigured,security_unlock,true,5003 67011201 6702,-
after_hotpatch,577,misconfigured,read_status_did,true,6210014210,-
after_hotpatch,578,misconfigured,read_status_did,true,6210014210,-
after_hotpatch,579,misconfigured,extended_session,true,5003,-
after_hotpatch,580,misconfigured,extended_session,true,5003,-
after_hotpatch,581,misconfigured,read_config_did,true,621234,-
after_hotpatch,582,misconfigured,default_session,true,5001,-
after_hotpatch,583,open,read_status_did,true,6210014210,-
after_hotpatch,584,misconfigured,read_status_did,true,6210014210,-
after_hotpatch,585,misconfigured,security_unlock,true,5003 67011201 6702,-
after_hotpatch,586,misconfigured,extended_session,true,5003,-
after_hotpatch,587,misconfigured,read_config_did,true,621234,-
after_hotpatch,588,misconfigured,extended_session,true,5003,-
after_hotpatch,589,open,read_config_did,true,621234,-
after_hotpatch,590,misconfigured,extended_session,true,5003,-
after_hotpatch,591,misconfigured,default_session,true,5001,-
after_hotpatch,592,misconfigured,default_session,true,5001,-
after_hotpatch,593,misconfigured,extended_read_sequence,true,5003 6210014210 621234,-
after_hotpatch,594,misconfigured,extended_read_sequence,true,5003 6210014210 621234,-
after_hotpatch,595,misconfigured,extended_session,true,5003,-
after_hotpatch,596,misconfigured,read_status_did,true,6210014210,-
after_hotpatch,597,misconfigured,read_config_did,true,621234,-
after_hotpatch,598,misconfigured,security_unlock,true,5003 67011201 6702,-
after_hotpatch,599,misconfigured,read_status_did,true,6210014210,-
after_hotpatch,600,misconfigured,read_config_did,true,621234,-
after_hotpatch,601,open,read_config_did,true,621234,-
after_hotpatch,602,open,extended_session,true,5003,-
after_hotpatch,603,misconfigured,default_session,true,5001,-
after_hotpatch,604,misconfigured,read_config_did,true,621234,-
after_hotpatch,605,open,extended_session,true,5003,-
after_hotpatch,606,misconfigured,extended_session,true,5003,-
after_hotpatch,607,misconfigured,read_config_did,true,621234,-
after_hotpatch,608,misconfigured,security_unlock,true,5003 67011201 6702,-
after_hotpatch,609,misconfigured,read_status_did,true,6210014210,-
after_hotpatch,610,misconfigured,default_session,true,5001,-
after_hotpatch,611,misconfigured,extended_read_sequence,true,5003 6210014210 621234,-
after_hotpatch,612,restricted,read_config_did,true,621234,-
after_hotpatch,613,misconfigured,extended_session,true,5003,-
after_hotpatch,614,misconfigured,extended_session,true,5003,-
after_hotpatch,615,misconfigured,read_status_did,true,6210014210,-
after_hotpatch,616,misconfigured,security_unlock,true,5003 67011201 6702,-
after_hotpatch,617,misconfigured,extended_read_sequence,true,5003 6210014210 621234,-
after_hotpatch,618,misconfigured,security_unlock,true,5003 67011201 6702,-
after_hotpatch,619,open,read_config_did,true,621234,-
after_hotpatch,620,open,default_session,true,5001,-
after_hotpatch,621,misconfigured,read_config_did,true,621234,-
after_hotpatch,622,misconfigured,security_unlock,true,5003 67011201 6702,-
after_hotpatch,623,misconfigured,security_unlock,true,5003 67011201 6702,-
after_hotpatch,624,misconfigured,read_status_did,true,6210014210,-
after_hotpatch,625,misconfigured,extended_read_sequence,true,5003 6210014210 621234,-
after_hotpatch,626,misconfigured,extended_read_sequence,true,5003 6210014210 621234,-
after_hotpatch,627,misconfigured,security_unlock,true,5003 67011201 6702,-
after_hotpatch,628,misconfigured,extended_session,true,5003,-
after_hotpatch,629,misconfigured,extended_read_sequence,true,5003 6210014210 621234,-
after_hotpatch,630,misconfigured,extended_read_sequence,true,5003 6210014210 621234,-
after_hotpatch,631,misconfigured,read_status_did,true,6210014210,-
after_hotpatch,632,misconfigured,default_session,true,5001,-
after_hotpatch,633,misconfigured,default_session,true,5001,-
after_hotpatch,634,misconfigured,extended_read_sequence,true,5003 6210014210 621234,-
after_hotpatch,635,misconfigured,extended_session,true,5003,-
after_hotpatch,636,open,read_config_did,true,621234,-
after_hotpatch,637,misconfigured,extended_session,true,5003,-
after_hotpatch,638,misconfigured,read_config_did,true,621234,-
after_hotpatch,639,misconfigured,extended_session,true,5003,-
after_hotpatch,640,misconfigured,read_status_did,true,6210014210,-
after_hotpatch,641,open,security_unlock,true,5003 67011201 6702,-
after_hotpatch,642,misconfigured,default_session,true,5001,-
after_hotpatch,643,misconfigured,default_session,true,5001,-
after_hotpatch,644,misconfigured,default_session,true,5001,-
after_hotpatch,645,misconfigured,security_unlock,true,5003 67011201 6702,-
after_hotpatch,646,misconfigured,security_unlock,true,5003 67011201 6702,-
after_hotpatch,647,misconfigured,extended_session,true,5003,-
after_hotpatch,648,misconfigured,read_config_did,true,621234,-
after_hotpatch,649,misconfigured,extended_read_sequence,true,5003 6210014210 621234,-
after_hotpatch,650,restricted,security_unlock,true,5003 67011201 6702,-
after_hotpatch,651,misconfigured,read_status_did,true,6210014210,-
after_hotpatch,652,misconfigured,security_unlock,true,5003 67011201 6702,-
after_hotpatch,653,misconfigured,default_session,true,5001,-
after_hotpatch,654,misconfigured,read_status_did,true,6210014210,-
after_hotpatch,655,misconfigured,extended_read_sequence,true,5003 6210014210 621234,-
after_hotpatch,656,misconfigured,extended_read_sequence,true,5003 6210014210 621234,-
after_hotpatch,657,misconfigured,read_status_did,true,6210014210,-
after_hotpatch,658,misconfigured,default_session,true,5001,-
after_hotpatch,659,misconfigured,security_unlock,true,5003 67011201 6702,-
after_hotpatch,660,misconfigured,read_status_did,true,6210014210,-
after_hotpatch,661,misconfigured,extended_session,true,5003,-
after_hotpatch,662,misconfigured,read_status_did,true,6210014210,-
after_hotpatch,663,misconfigured,read_status_did,true,6210014210,-
after_hotpatch,664,restricted,default_session,true,5001,-
after_hotpatch,665,misconfigured,default_session,true,5001,-
after_hotpatch,666,misconfigured,security_unlock,true,5003 67011201 6702,-
after_hotpatch,667,misconfigured,read_status_did,true,6210014210,-
after_hotpatch,668,misconfigured,read_status_did,true,6210014210,-
after_hotpatch,669,misconfigured,extended_session,true,5003,-
after_hotpatch,670,misconfigured,security_unlock,true,5003 67011201 6702,-
after_hotpatch,671,misconfigured,read_config_did,true,621234,-
after_hotpatch,672,misconfigured,read_config_did,true,621234,-
after_hotpatch,673,misconfigured,default_session,true,5001,-
after_hotpatch,674,open,default_session,true,5001,-
after_hotpatch,675,misconfigured,default_session,true,5001,-
after_hotpatch,676,misconfigured,default_session,true,5001,-
after_hotpatch,677,misconfigured,extended_read_sequence,true,5003 6210014210 621234,-
after_hotpatch,678,misconfigured,read_config_did,true,621234,-
after_hotpatch,679,misconfigured,security_unlock,true,5003 67011201 6702,-
after_hotpatch,680,misconfigured,read_status_did,true,6210014210,-
after_hotpatch,681,misconfigured,default_session,true,5001,-
after_hotpatch,682,misconfigured,extended_session,true,5003,-
after_hotpatch,683,misconfigured,read_config_did,true,621234,-
after_hotpatch,684,misconfigured,security_unlock,true,5003 67011201 6702,-
after_hotpatch,685,misconfigured,read_config_did,true,621234,-
after_hotpatch,686,misconfigured,read_status_did,true,6210014210,-
after_hotpatch,687,misconfigured,security_unlock,true,5003 67011201 6702,-
after_hotpatch,688,misconfigured,read_config_did,true,621234,-
after_hotpatch,689,misconfigured,read_status_did,true,6210014210,-
after_hotpatch,690,misconfigured,extended_read_sequence,true,5003 6210014210 621234,-
after_hotpatch,691,misconfigured,security_unlock,true,5003 67011201 6702,-
after_hotpatch,692,misconfigured,default_session,true,5001,-
after_hotpatch,693,misconfigured,read_status_did,true,6210014210,-
after_hotpatch,694,misconfigured,extended_session,true,5003,-
after_hotpatch,695,misconfigured,extended_session,true,5003,-
after_hotpatch,696,misconfigured,extended_session,true,5003,-
after_hotpatch,697,misconfigured,read_status_did,true,6210014210,-
after_hotpatch,698,misconfigured,extended_session,true,5003,-
after_hotpatch,699,misconfigured,extended_session,true,5003,-
after_hotpatch,700,misconfigured,read_config_did,true,621234,-
after_hotpatch,701,misconfigured,read_status_did,true,6210014210,-
after_hotpatch,702,misconfigured,read_config_did,true,621234,-
after_hotpatch,703,misconfigured,read_status_did,true,6210014210,-
after_hotpatch,704,misconfigured,extended_read_sequence,true,5003 6210014210 621234,-
after_hotpatch,705,misconfigured,security_unlock,true,5003 67011201 6702,-
after_hotpatch,706,misconfigured,extended_session,true,5003,-
after_hotpatch,707,misconfigured,extended_session,true,5003,-
after_hotpatch,708,misconfigured,read_status_did,true,6210014210,-
after_hotpatch,709,misconfigured,security_unlock,true,5003 67011201 6702,-
after_hotpatch,710,misconfigured,read_config_did,true,621234,-
after_hotpatch,711,misconfigured,default_session,true,5001,-
after_hotpatch,712,misconfigured,extended_read_sequence,true,5003 6210014210 621234,-
after_hotpatch,713,misconfigured,extended_session,true,5003,-
after_hotpatch,714,open,read_config_did,true,621234,-
after_hotpatch,715,misconfigured,security_unlock,true,5003 67011201 6702,-
after_hotpatch,716,misconfigured,security_unlock,true,5003 67011201 6702,-
after_hotpatch,717,misconfigured,security_unlock,true,5003 67011201 6702,-
after_hotpatch,718,misconfigured,security_unlock,true,5003 67011201 6702,-
after_hotpatch,719,misconfigured,read_config_did,true,621234,-
after_hotpatch,720,misconfigured,default_session,true,5001,-
after_hotpatch,721,misconfigured,default_session,true,5001,-
after_hotpatch,722,misconfigured,read_config_did,true,621234,-
after_hotpatch,723,misconfigured,extended_session,true,5003,-
after_hotpatch,724,misconfigured,read_status_did,true,6210014210,-
after_hotpatch,725,misconfigured,default_session,true,5001,-
after_hotpatch,726,misconfigured,default_session,true,5001,-
after_hotpatch,727,misconfigured,security_unlock,true,5003 67011201 6702,-
after_hotpatch,728,misconfigured,read_config_did,true,621234,-
after_hotpatch,729,misconfigured,security_unlock,true,5003 67011201 6702,-
after_hotpatch,730,misconfigured,read_status_did,true,6210014210,-
after_hotpatch,731,misconfigured,read_status_did,true,6210014210,-
after_hotpatch,732,open,extended_read_sequence,true,5003 6210014210 621234,-
after_hotpatch,733,misconfigured,security_unlock,true,5003 67011201 6702,-
after_hotpatch,734,open,extended_session,true,5003,-
after_hotpatch,735,misconfigured,security_unlock,true,5003 67011201 6702,-
after_hotpatch,736,open,read_config_did,true,621234,-
after_hotpatch,737,misconfigured,read_status_did,true,6210014210,-
after_hotpatch,738,misconfigured,read_config_did,true,621234,-
after_hotpatch,739,misconfigured,read_status_did,true,6210014210,-
after_hotpatch,740,misconfigured,extended_read_sequence,true,5003 6210014210 621234,-
after_hotpatch,741,misconfigured,default_session,true,5001,-
after_hotpatch,742,misconfigured,security_unlock,true,5003 67011201 6702,-
after_hotpatch,743,misconfigured,security_unlock,true,5003 67011201 6702,-
after_hotpatch,744,misconfigured,read_status_did,true,6210014210,-
after_hotpatch,745,misconfigured,extended_read_sequence,true,5003 6210014210 621234,-
after_hotpatch,746,misconfigured,read_status_did,true,6210014210,-
after_hotpatch,747,open,default_session,true,5001,-
after_hotpatch,748,misconfigured,security_unlock,true,5003 67011201 6702,-
after_hotpatch,749,misconfigured,read_status_did,true,6210014210,-
after_hotpatch,750,misconfigured,read_config_did,true,621234,-
after_hotpatch,751,misconfigured,read_status_did,true,6210014210,-
after_hotpatch,752,misconfigured,security_unlock,true,5003 67011201 6702,-
after_hotpatch,753,open,security_unlock,true,5003 67011201 6702,-
after_hotpatch,754,misconfigured,read_config_did,true,621234,-
after_hotpatch,755,misconfigured,read_config_did,true,621234,-
after_hotpatch,756,misconfigured,security_unlock,true,5003 67011201 6702,-
after_hotpatch,757,misconfigured,extended_read_sequence,true,5003 6210014210 621234,-
after_hotpatch,758,misconfigured,extended_session,true,5003,-
after_hotpatch,759,misconfigured,security_unlock,true,5003 67011201 6702,-
after_hotpatch,760,misconfigured,read_status_did,true,6210014210,-
after_hotpatch,761,misconfigured,read_config_did,true,621234,-
after_hotpatch,762,misconfigured,read_config_did,true,621234,-
after_hotpatch,763,misconfigured,read_status_did,true,6210014210,-
after_hotpatch,764,misconfigured,default_session,true,5001,-
after_hotpatch,765,misconfigured,read_status_did,true,6210014210,-
after_hotpatch,766,misconfigured,security_unlock,true,5003 67011201 6702,-
after_hotpatch,767,misconfigured,extended_session,true,5003,-
after_hotpatch,768,misconfigured,read_config_did,true,621234,-
after_hotpatch,769,misconfigured,extended_session,true,5003,-
after_hotpatch,770,misconfigured,read_config_did,true,621234,-
after_hotpatch,771,misconfigured,extended_read_sequence,true,5003 6210014210 621234,-
after_hotpatch,772,misconfigured,read_config_did,true,621234,-
after_hotpatch,773,misconfigured,default_session,true,5001,-
after_hotpatch,774,misconfigured,extended_session,true,5003,-
after_hotpatch,775,misconfigured,read_status_did,true,6210014210,-
after_hotpatch,776,misconfigured,read_status_did,true,6210014210,-
after_hotpatch,777,misconfigured,extended_session,true,5003,-
after_hotpatch,778,misconfigured,read_config_did,true,621234,-
after_hotpatch,779,misconfigured,default_session,true,5001,-
after_hotpatch,780,open,security_unlock,true,5003 67011201 6702,-
after_hotpatch,781,misconfigured,read_config_did,true,621234,-
after_hotpatch,782,misconfigured,security_unlock,true,5003 67011201 6702,-
after_hotpatch,783,misconfigured,extended_read_sequence,true,5003 6210014210 621234,-
after_hotpatch,784,misconfigured,security_unlock,true,5003 67011201 6702,-
after_hotpatch,785,misconfigured,extended_session,true,5003,-
after_hotpatch,786,misconfigured,extended_read_sequence,true,5003 6210014210 621234,-
after_hotpatch,787,misconfigured,read_config_did,true,621234,-
after_hotpatch,788,open,read_status_did,true,6210014210,-
after_hotpatch,789,misconfigured,extended_read_sequence,true,5003 6210014210 621234,-
after_hotpatch,790,misconfigured,read_config_did,true,621234,-
after_hotpatch,791,misconfigured,extended_read_sequence,true,5003 6210014210 621234,-
after_hotpatch,792,misconfigured,read_config_did,true,621234,-
after_hotpatch,793,open,security_unlock,true,5003 67011201 6702,-
after_hotpatch,794,misconfigured,read_status_did,true,6210014210,-
after_hotpatch,795,misconfigured,default_session,true,5001,-
after_hotpatch,796,misconfigured,extended_session,true,5003,-
after_hotpatch,797,misconfigured,read_status_did,true,6210014210,-
after_hotpatch,798,misconfigured,security_unlock,true,5003 67011201 6702,-
after_hotpatch,799,misconfigured,security_unlock,true,5003 67011201 6702,-
after_hotpatch,800,misconfigured,read_config_did,true,621234,-
after_hotpatch,801,misconfigured,read_status_did,true,6210014210,-
after_hotpatch,802,misconfigured,security_unlock,true,5003 67011201 6702,-
after_hotpatch,803,misconfigured,read_status_did,true,6210014210,-
after_hotpatch,804,misconfigured,read_status_did,true,6210014210,-
after_hotpatch,805,misconfigured,extended_read_sequence,true,5003 6210014210 621234,-
after_hotpatch,806,misconfigured,read_status_did,true,6210014210,-
after_hotpatch,807,misconfigured,security_unlock,true,5003 67011201 6702,-
after_hotpatch,808,misconfigured,security_unlock,true,5003 67011201 6702,-
after_hotpatch,809,misconfigured,read_status_did,true,6210014210,-
after_hotpatch,810,misconfigured,extended_session,true,5003,-
after_hotpatch,811,misconfigured,read_config_did,true,621234,-
after_hotpatch,812,misconfigured,default_session,true,5001,-
after_hotpatch,813,restricted,extended_session,true,5003,-
after_hotpatch,814,misconfigured,read_status_did,true,6210014210,-
after_hotpatch,815,misconfigured,extended_session,true,5003,-
after_hotpatch,816,misconfigured,extended_session,true,5003,-
after_hotpatch,817,misconfigured,read_config_did,true,621234,-
after_hotpatch,818,misconfigured,read_config_did,true,621234,-
after_hotpatch,819,misconfigured,extended_session,true,5003,-
after_hotpatch,820,misconfigured,security_unlock,true,5003 67011201 6702,-
after_hotpatch,821,misconfigured,default_session,true,5001,-
after_hotpatch,822,restricted,extended_session,true,5003,-
after_hotpatch,823,misconfigured,read_status_did,true,6210014210,-
after_hotpatch,824,misconfigured,extended_read_sequence,true,5003 6210014210 621234,-
after_hotpatch,825,misconfigured,read_config_did,true,621234,-
after_hotpatch,826,misconfigured,security_unlock,true,5003 67011201 6702,-
after_hotpatch,827,misconfigured,read_status_did,true,6210014210,-
after_hotpatch,828,misconfigured,default_session,true,5001,-
after_hotpatch,829,misconfigured,read_status_did,true,6210014210,-
after_hotpatch,830,misconfigured,extended_read_sequence,true,5003 6210014210 621234,-
after_hotpatch,831,misconfigured,read_status_did,true,6210014210,-
after_hotpatch,832,misconfigured,read_status_did,true,6210014210,-
after_hotpatch,833,misconfigured,extended_session,true,5003,-
after_hotpatch,834,misconfigured,read_status_did,true,6210014210,-
after_hotpatch,835,misconfigured,security_unlock,true,5003 67011201 6702,-
after_hotpatch,836,misconfigured,extended_read_sequence,true,5003 6210014210 621234,-
after_hotpatch,837,misconfigured,default_session,true,5001,-
after_hotpatch,838,open,security_unlock,true,5003 67011201 6702,-
after_hotpatch,839,misconfigured,read_config_did,true,621234,-
after_hotpatch,840,misconfigured,security_unlock,true,5003 67011201 6702,-
after_hotpatch,841,misconfigured,extended_read_sequence,true,5003 6210014210 621234,-
after_hotpatch,842,misconfigured,read_status_did,true,6210014210,-
after_hotpatch,843,misconfigured,extended_read_sequence,true,5003 6210014210 621234,-
after_hotpatch,844,misconfigured,security_unlock,true,5003 67011201 6702,-
after_hotpatch,845,misconfigured,read_config_did,true,621234,-
after_hotpatch,846,misconfigured,security_unlock,true,5003 67011201 6702,-
after_hotpatch,847,misconfigured,read_config_did,true,621234,-
after_hotpatch,848,restricted,extended_session,true,5003,-
after_hotpatch,849,misconfigured,security_unlock,true,5003 67011201 6702,-
after_hotpatch,850,misconfigured,read_config_did,true,621234,-
after_hotpatch,851,misconfigured,extended_session,true,5003,-
after_hotpatch,852,misconfigured,security_unlock,true,5003 67011201 6702,-
after_hotpatch,853,misconfigured,extended_session,true,5003,-
after_hotpatch,854,misconfigured,extended_session,true,5003,-
after_hotpatch,855,restricted,extended_read_sequence,true,5003 6210014210 621234,-
after_hotpatch,856,misconfigured,extended_read_sequence,true,5003 6210014210 621234,-
after_hotpatch,857,misconfigured,security_unlock,true,5003 67011201 6702,-
after_hotpatch,858,misconfigured,read_status_did,true,6210014210,-
after_hotpatch,859,misconfigured,extended_session,true,5003,-
after_hotpatch,860,misconfigured,extended_session,true,5003,-
after_hotpatch,861,misconfigured,extended_read_sequence,true,5003 6210014210 621234,-
after_hotpatch,862,misconfigured,read_status_did,true,6210014210,-
after_hotpatch,863,misconfigured,read_status_did,true,6210014210,-
after_hotpatch,864,misconfigured,default_session,true,5001,-
after_hotpatch,865,misconfigured,extended_read_sequence,true,5003 6210014210 621234,-
after_hotpatch,866,misconfigured,extended_session,true,5003,-
after_hotpatch,867,misconfigured,read_status_did,true,6210014210,-
after_hotpatch,868,misconfigured,read_status_did,true,6210014210,-
after_hotpatch,869,misconfigured,extended_session,true,5003,-
after_hotpatch,870,misconfigured,extended_read_sequence,true,5003 6210014210 621234,-
after_hotpatch,871,misconfigured,read_status_did,true,6210014210,-
after_hotpatch,872,misconfigured,read_config_did,true,621234,-
after_hotpatch,873,misconfigured,read_status_did,true,6210014210,-
after_hotpatch,874,misconfigured,extended_session,true,5003,-
after_hotpatch,875,misconfigured,security_unlock,true,5003 67011201 6702,-
after_hotpatch,876,open,read_config_did,true,621234,-
after_hotpatch,877,misconfigured,security_unlock,true,5003 67011201 6702,-
after_hotpatch,878,misconfigured,extended_read_sequence,true,5003 6210014210 621234,-
after_hotpatch,879,misconfigured,default_session,true,5001,-
after_hotpatch,880,misconfigured,security_unlock,true,5003 67011201 6702,-
after_hotpatch,881,misconfigured,default_session,true,5001,-
after_hotpatch,882,misconfigured,default_session,true,5001,-
after_hotpatch,883,misconfigured,read_status_did,true,6210014210,-
after_hotpatch,884,misconfigured,read_status_did,true,6210014210,-
after_hotpatch,885,misconfigured,extended_read_sequence,true,5003 6210014210 621234,-
after_hotpatch,886,misconfigured,security_unlock,true,5003 67011201 6702,-
after_hotpatch,887,misconfigured,read_config_did,true,621234,-
after_hotpatch,888,misconfigured,extended_read_sequence,true,5003 6210014210 621234,-
after_hotpatch,889,misconfigured,extended_session,true,5003,-
after_hotpatch,890,misconfigured,default_session,true,5001,-
after_hotpatch,891,restricted,read_config_did,true,621234,-
after_hotpatch,892,misconfigured,read_status_did,true,6210014210,-
after_hotpatch,893,misconfigured,security_unlock,true,5003 67011201 6702,-
after_hotpatch,894,misconfigured,read_status_did,true,6210014210,-
after_hotpatch,895,open,default_session,true,5001,-
after_hotpatch,896,misconfigured,default_session,true,5001,-
after_hotpatch,897,misconfigured,extended_read_sequence,true,5003 6210014210 621234,-
after_hotpatch,898,misconfigured,security_unlock,true,5003 67011201 6702,-
after_hotpatch,899,misconfigured,read_status_did,true,6210014210,-
after_hotpatch,900,misconfigured,extended_session,true,5003,-
after_hotpatch,901,misconfigured,extended_session,true,5003,-
after_hotpatch,902,misconfigured,read_status_did,true,6210014210,-
after_hotpatch,903,misconfigured,extended_session,true,5003,-
after_hotpatch,904,misconfigured,security_unlock,true,5003 67011201 6702,-
after_hotpatch,905,misconfigured,read_status_did,true,6210014210,-
after_hotpatch,906,misconfigured,security_unlock,true,5003 67011201 6702,-
after_hotpatch,907,misconfigured,read_config_did,true,621234,-
after_hotpatch,908,misconfigured,extended_session,true,5003,-
after_hotpatch,909,misconfigured,read_status_did,true,6210014210,-
after_hotpatch,910,misconfigured,extended_read_sequence,true,5003 6210014210 621234,-
after_hotpatch,911,misconfigured,default_session,true,5001,-
after_hotpatch,912,misconfigured,default_session,true,5001,-
after_hotpatch,913,misconfigured,read_status_did,true,6210014210,-
after_hotpatch,914,misconfigured,extended_session,true,5003,-
after_hotpatch,915,misconfigured,read_status_did,true,6210014210,-
after_hotpatch,916,misconfigured,extended_session,true,5003,-
after_hotpatch,917,misconfigured,read_config_did,true,621234,-
after_hotpatch,918,misconfigured,default_session,true,5001,-
after_hotpatch,919,misconfigured,extended_read_sequence,true,5003 6210014210 621234,-
after_hotpatch,920,misconfigured,extended_session,true,5003,-
after_hotpatch,921,misconfigured,security_unlock,true,5003 67011201 6702,-
after_hotpatch,922,misconfigured,extended_session,true,5003,-
after_hotpatch,923,misconfigured,extended_session,true,5003,-
after_hotpatch,924,misconfigured,extended_session,true,5003,-
after_hotpatch,925,misconfigured,extended_read_sequence,true,5003 6210014210 621234,-
after_hotpatch,926,misconfigured,security_unlock,true,5003 67011201 6702,-
after_hotpatch,927,misconfigured,extended_session,true,5003,-
after_hotpatch,928,misconfigured,default_session,true,5001,-
after_hotpatch,929,misconfigured,extended_session,true,5003,-
after_hotpatch,930,misconfigured,read_status_did,true,6210014210,-
after_hotpatch,931,misconfigured,read_status_did,true,6210014210,-
after_hotpatch,932,misconfigured,read_config_did,true,621234,-
after_hotpatch,933,misconfigured,read_status_did,true,6210014210,-
after_hotpatch,934,misconfigured,default_session,true,5001,-
after_hotpatch,935,misconfigured,default_session,true,5001,-
after_hotpatch,936,misconfigured,read_status_did,true,6210014210,-
after_hotpatch,937,misconfigured,extended_read_sequence,true,5003 6210014210 621234,-
after_hotpatch,938,open,default_session,true,5001,-
after_hotpatch,939,misconfigured,read_status_did,true,6210014210,-
after_hotpatch,940,misconfigured,read_status_did,true,6210014210,-
after_hotpatch,941,misconfigured,extended_session,true,5003,-
after_hotpatch,942,restricted,read_status_did,true,6210014210,-
after_hotpatch,943,misconfigured,default_session,true,5001,-
after_hotpatch,944,misconfigured,read_status_did,true,6210014210,-
after_hotpatch,945,misconfigured,security_unlock,true,5003 67011201 6702,-
after_hotpatch,946,misconfigured,default_session,true,5001,-
after_hotpatch,947,misconfigured,extended_session,true,5003,-
after_hotpatch,948,misconfigured,security_unlock,true,5003 67011201 6702,-
after_hotpatch,949,misconfigured,default_session,true,5001,-
after_hotpatch,950,misconfigured,extended_session,true,5003,-
after_hotpatch,951,misconfigured,security_unlock,true,5003 67011201 6702,-
after_hotpatch,952,restricted,security_unlock,true,5003 67011201 6702,-
after_hotpatch,953,misconfigured,read_config_did,true,621234,-
after_hotpatch,954,misconfigured,read_status_did,true,6210014210,-
after_hotpatch,955,misconfigured,read_status_did,true,6210014210,-
after_hotpatch,956,misconfigured,default_session,true,5001,-
after_hotpatch,957,misconfigured,default_session,true,5001,-
after_hotpatch,958,misconfigured,extended_session,true,5003,-
after_hotpatch,959,misconfigured,extended_read_sequence,true,5003 6210014210 621234,-
after_hotpatch,960,misconfigured,security_unlock,true,5003 67011201 6702,-
after_hotpatch,961,misconfigured,read_config_did,true,621234,-
after_hotpatch,962,misconfigured,security_unlock,true,5003 67011201 6702,-
after_hotpatch,963,open,read_status_did,true,6210014210,-
after_hotpatch,964,open,default_session,true,5001,-
after_hotpatch,965,misconfigured,default_session,true,5001,-
after_hotpatch,966,misconfigured,extended_read_sequence,true,5003 6210014210 621234,-
after_hotpatch,967,misconfigured,extended_read_sequence,true,5003 6210014210 621234,-
after_hotpatch,968,misconfigured,default_session,true,5001,-
after_hotpatch,969,misconfigured,extended_session,true,5003,-
after_hotpatch,970,misconfigured,read_status_did,true,6210014210,-
after_hotpatch,971,misconfigured,extended_read_sequence,true,5003 6210014210 621234,-
after_hotpatch,972,misconfigured,extended_read_sequence,true,5003 6210014210 621234,-
after_hotpatch,973,misconfigured,read_status_did,true,6210014210,-
after_hotpatch,974,misconfigured,read_status_did,true,6210014210,-
after_hotpatch,975,restricted,read_config_did,true,621234,-
after_hotpatch,976,misconfigured,default_session,true,5001,-
after_hotpatch,977,misconfigured,security_unlock,true,5003 67011201 6702,-
after_hotpatch,978,restricted,default_session,true,5001,-
after_hotpatch,979,misconfigured,security_unlock,true,5003 67011201 6702,-
after_hotpatch,980,misconfigured,extended_session,true,5003,-
after_hotpatch,981,misconfigured,security_unlock,true,5003 67011201 6702,-
after_hotpatch,982,misconfigured,security_unlock,true,5003 67011201 6702,-
after_hotpatch,983,misconfigured,read_config_did,true,621234,-
after_hotpatch,984,misconfigured,read_status_did,true,6210014210,-
after_hotpatch,985,restricted,security_unlock,true,5003 67011201 6702,-
after_hotpatch,986,misconfigured,security_unlock,true,5003 67011201 6702,-
after_hotpatch,987,misconfigured,extended_session,true,5003,-
after_hotpatch,988,misconfigured,read_status_did,true,6210014210,-
after_hotpatch,989,misconfigured,security_unlock,true,5003 67011201 6702,-
after_hotpatch,990,misconfigured,default_session,true,5001,-
after_hotpatch,991,misconfigured,read_status_did,true,6210014210,-
after_hotpatch,992,misconfigured,read_status_did,true,6210014210,-
after_hotpatch,993,misconfigured,read_status_did,true,6210014210,-
after_hotpatch,994,open,read_config_did,true,621234,-
after_hotpatch,995,open,read_config_did,true,621234,-
after_hotpatch,996,misconfigured,security_unlock,true,5003 67011201 6702,-
after_hotpatch,997,misconfigured,security_unlock,true,5003 67011201 6702,-
after_hotpatch,998,misconfigured,security_unlock,true,5003 67011201 6702,-
after_hotpatch,999,misconfigured,read_config_did,true,621234,-
