trial,step,before_latency_ms,after_latency_ms,delta_after_minus_before_ms
21,enter_extended_session,2.941182,3.027437,0.086255
21,read_target_after,3.285853,2.843265,-0.442588
21,read_target_before,3.039520,3.081774,0.042254
21,request_security_seed,3.145679,3.070670,-0.075009
21,send_security_key,3.050694,3.083520,0.032826
21,session_reset,3.051393,2.949634,-0.101759
21,write_target,2.269862,3.254842,0.984980
22,enter_extended_session,3.082333,3.054676,-0.027657
22,read_target_after,3.059914,3.103845,0.043931
22,read_target_before,2.862471,3.029742,0.167271
22,request_security_seed,3.092041,3.097839,0.005798
22,send_security_key,3.070879,3.020104,-0.050775
22,session_reset,2.682558,2.908288,0.225730
22,write_target,3.135203,3.054955,-0.080248
23,enter_extended_session,3.066549,3.010605,-0.055944
23,read_target_after,3.010396,3.065432,0.055036
23,read_target_before,3.063894,3.014028,-0.049866
23,request_security_seed,3.063964,3.083870,0.019906
23,send_security_key,3.045038,3.075558,0.030520
23,session_reset,2.940205,2.960460,0.020255
23,write_target,3.061171,3.162791,0.101620
24,enter_extended_session,3.148893,3.065641,-0.083252
24,read_target_after,3.197083,3.032955,-0.164128
24,read_target_before,2.784108,2.999500,0.215392
24,request_security_seed,3.059774,3.028066,-0.031708
24,send_security_key,3.264690,3.094975,-0.169715
24,session_reset,2.855696,2.914713,0.059017
24,write_target,3.106708,3.092041,-0.014667
25,enter_extended_session,3.108733,3.062498,-0.046235
25,read_target_after,3.095184,3.117603,0.022419
25,read_target_before,3.036726,3.024225,-0.012501
25,request_security_seed,3.053349,3.051183,-0.002166
25,send_security_key,3.086035,3.122562,0.036527
25,session_reset,2.782013,2.957805,0.175792
25,write_target,3.069761,3.065850,-0.003911
26,enter_extended_session,3.088968,3.082334,-0.006634
26,read_target_after,3.084079,3.108943,0.024864
26,read_target_before,3.112086,2.955012,-0.157074
26,request_security_seed,3.102657,3.047971,-0.054686
26,send_security_key,3.164746,3.031348,-0.133398
26,session_reset,2.942789,2.891874,-0.050915
26,write_target,3.102657,3.088898,-0.013759
27,enter_extended_session,3.049856,3.079051,0.029195
27,read_target_after,3.032955,3.015634,-0.017321
27,read_target_before,3.054117,2.976732,-0.077385
27,request_security_seed,3.103216,3.117464,0.014248
27,send_security_key,2.830623,3.042174,0.211551
27,session_reset,3.043221,2.815327,-0.227894
27,write_target,3.185978,3.109083,-0.076895
28,enter_extended_session,3.104124,3.092320,-0.011804
28,read_target_after,2.396764,3.031558,0.634794
28,read_target_before,3.061380,3.102727,0.041347
28,request_security_seed,3.055584,3.128079,0.072495
28,send_security_key,3.066479,3.003761,-0.062718
28,session_reset,2.964790,3.058378,0.093588
28,write_target,3.164677,3.102936,-0.061741
29,enter_extended_session,2.897182,3.066060,0.168878
29,read_target_after,3.049088,2.976243,-0.072845
29,read_target_before,3.102797,3.252468,0.149671
29,request_security_seed,3.054327,3.072625,0.018298
29,send_security_key,2.824337,3.069133,0.244796
29,session_reset,3.198969,2.947609,-0.251360
29,write_target,3.094276,2.879233,-0.215043
30,enter_extended_session,3.245694,3.049577,-0.196117
30,read_target_after,3.035819,3.184862,0.149043
30,read_target_before,3.094486,3.073603,-0.020883
30,request_security_seed,2.806527,3.084289,0.277762
30,send_security_key,3.050415,2.978060,-0.072355
30,session_reset,2.931335,2.772375,-0.158960
30,write_target,3.081984,3.064663,-0.017321
31,enter_extended_session,3.111527,3.128079,0.016552
31,read_target_after,3.095184,3.051602,-0.043582
31,read_target_before,3.097349,3.259802,0.162453
31,request_security_seed,3.352133,3.088269,-0.263864
31,send_security_key,2.793188,3.026809,0.233621
31,session_reset,2.999640,2.688285,-0.311355
31,write_target,3.054327,2.884680,-0.169647
32,enter_extended_session,2.981411,3.119000,0.137589
32,read_target_after,2.985393,3.021710,0.036317
32,read_target_before,3.050905,2.798565,-0.252340
32,request_security_seed,3.074580,2.978199,-0.096381
32,send_security_key,3.059635,3.047901,-0.011734
32,session_reset,2.889569,2.926446,0.036877
32,write_target,3.115298,3.106009,-0.009289
33,enter_extended_session,3.005297,3.025901,0.020604
33,read_target_after,3.118790,2.870083,-0.248707
33,read_target_before,3.018707,3.045875,0.027168
33,request_security_seed,3.074022,3.073603,-0.000419
33,send_security_key,3.027228,3.058447,0.031219
33,session_reset,2.786064,2.913316,0.127252
33,write_target,2.876579,3.017450,0.140871
34,enter_extended_session,3.088270,3.069482,-0.018788
34,read_target_after,3.029393,3.038683,0.009290
34,read_target_before,3.012561,3.080238,0.067677
34,request_security_seed,3.008231,3.028067,0.019836
34,send_security_key,3.020802,3.023736,0.002934
34,session_reset,2.911849,2.914154,0.002305
34,write_target,3.070320,3.124238,0.053918
35,enter_extended_session,3.036587,3.124308,0.087721
35,read_target_after,3.174594,3.030790,-0.143804
35,read_target_before,3.046853,3.036308,-0.010545
35,request_security_seed,3.133247,3.086035,-0.047212
35,send_security_key,2.975615,3.025761,0.050146
35,session_reset,2.911849,2.936713,0.024864
35,write_target,3.087152,3.094905,0.007753
36,enter_extended_session,3.031908,3.393479,0.361571
36,read_target_after,3.132410,3.006974,-0.125436
36,read_target_before,3.062917,3.045526,-0.017391
36,request_security_seed,3.068504,2.710426,-0.358078
36,send_security_key,3.072555,3.057470,-0.015085
36,session_reset,2.934128,2.964300,0.030172
36,write_target,3.052580,3.090644,0.038064
37,enter_extended_session,3.100771,2.969609,-0.131162
37,read_target_after,3.078422,3.006415,-0.072007
37,read_target_before,3.115159,3.043571,-0.071588
37,request_security_seed,3.103215,3.073673,-0.029542
37,send_security_key,3.003132,3.091273,0.088141
37,session_reset,2.870433,2.931195,0.060762
37,write_target,3.055584,3.063685,0.008101
38,enter_extended_session,3.076955,3.226137,0.149182
38,read_target_after,3.023665,3.089387,0.065722
38,read_target_before,2.963253,3.095533,0.132280
38,request_security_seed,3.132758,2.990421,-0.142337
38,send_security_key,2.845080,3.085336,0.240256
38,session_reset,2.886217,2.897601,0.011384
38,write_target,3.133247,3.084987,-0.048260
39,enter_extended_session,3.020104,3.121654,0.101550
39,read_target_after,3.003900,3.084917,0.081017
39,read_target_before,2.787880,3.040149,0.252269
39,request_security_seed,3.120886,3.049717,-0.071169
39,send_security_key,3.258684,3.025482,-0.233202
39,session_reset,3.017101,2.888522,-0.128579
39,write_target,3.096371,3.058098,-0.038273
40,enter_extended_session,3.063895,3.026180,-0.037715
40,read_target_after,3.139394,3.021641,-0.117753
40,read_target_before,3.068435,3.085477,0.017042
40,request_security_seed,3.190518,3.140791,-0.049727
40,send_security_key,2.792140,2.924211,0.132071
40,session_reset,2.893201,2.887684,-0.005517
40,write_target,3.063127,3.059285,-0.003842
41,enter_extended_session,3.080587,3.134156,0.053569
41,read_target_after,3.033793,3.043711,0.009918
41,read_target_before,3.081775,3.063686,-0.018089
41,request_security_seed,3.313091,3.063965,-0.249126
41,send_security_key,2.811766,2.992167,0.180401
41,session_reset,2.844381,2.900465,0.056084
41,write_target,3.135273,3.062777,-0.072496
42,enter_extended_session,3.130664,3.042244,-0.088420
42,read_target_after,3.039869,3.043571,0.003702
42,read_target_before,3.063964,3.051603,-0.012361
42,request_security_seed,3.049926,3.034143,-0.015783
42,send_security_key,3.067526,3.075070,0.007544
42,session_reset,2.926446,2.898300,-0.028146
42,write_target,3.003970,3.076047,0.072077
43,enter_extended_session,3.100702,3.061381,-0.039321
43,read_target_after,2.810228,3.037844,0.227616
43,read_target_before,3.075628,2.851436,-0.224192
43,request_security_seed,3.036796,3.072206,0.035410
43,send_security_key,3.099375,3.036447,-0.062928
43,session_reset,2.989793,2.922954,-0.066839
43,write_target,3.003412,3.117464,0.114052
44,enter_extended_session,3.068295,3.087362,0.019067
44,read_target_after,3.105102,3.068085,-0.037017
44,read_target_before,3.093158,3.062149,-0.031009
44,request_security_seed,2.883214,2.979177,0.095963
44,send_security_key,3.056911,3.079121,0.022210
44,session_reset,2.988186,2.932313,-0.055873
44,write_target,3.039869,3.078352,0.038483
45,enter_extended_session,3.000549,3.055514,0.054965
45,read_target_after,3.091622,3.109501,0.017879
45,read_target_before,3.159020,3.041057,-0.117963
45,request_security_seed,3.076885,3.040428,-0.036457
45,send_security_key,3.088270,3.064454,-0.023816
45,session_reset,2.977152,2.894458,-0.082694
45,write_target,3.049298,3.132829,0.083531
46,enter_extended_session,3.072345,3.037076,-0.035269
46,read_target_after,3.017590,3.014028,-0.003562
46,read_target_before,3.092390,2.837537,-0.254853
46,request_security_seed,3.096860,3.078702,-0.018158
46,send_security_key,3.021640,2.970656,-0.050984
46,session_reset,3.024853,2.802127,-0.222726
46,write_target,3.081425,3.174175,0.092750
47,enter_extended_session,3.159019,3.072416,-0.086603
47,read_target_after,3.049508,3.026320,-0.023188
47,read_target_before,2.988046,3.063756,0.075710
47,request_security_seed,3.280544,3.056352,-0.224192
47,send_security_key,2.930636,3.097000,0.166364
47,session_reset,2.848921,3.040358,0.191437
47,write_target,3.025203,3.096371,0.071168
48,enter_extended_session,3.063197,3.115019,0.051822
48,read_target_after,3.090853,3.053000,-0.037853
48,read_target_before,3.035539,3.317281,0.281742
48,request_security_seed,3.123330,3.075558,-0.047772
48,send_security_key,2.993355,3.070739,0.077384
48,session_reset,2.900255,3.007253,0.106998
48,write_target,3.017310,2.723695,-0.293615
49,enter_extended_session,3.046225,3.120816,0.074591
49,read_target_after,3.096651,3.054955,-0.041696
49,read_target_before,3.036517,3.004110,-0.032407
49,request_security_seed,3.066340,3.064943,-0.001397
49,send_security_key,3.071787,3.147147,0.075360
49,session_reset,2.660348,2.905703,0.245355
49,write_target,3.058657,2.963811,-0.094846
50,enter_extended_session,2.890407,3.099165,0.208758
50,read_target_after,2.912128,3.037495,0.125367
50,read_target_before,3.009348,3.051882,0.042534
50,request_security_seed,3.099444,3.040358,-0.059086
50,send_security_key,2.976103,3.065222,0.089119
50,session_reset,2.823150,2.920579,0.097429
50,write_target,3.097070,3.103356,0.006286
51,enter_extended_session,3.033164,3.090086,0.056922
51,read_target_after,2.971703,2.843754,-0.127949
51,read_target_before,3.068854,3.070670,0.001816
51,request_security_seed,3.118791,3.101540,-0.017251
51,send_security_key,3.034002,2.994472,-0.039530
51,session_reset,2.923652,2.931544,0.007892
51,write_target,3.098397,3.267485,0.169088
52,enter_extended_session,3.048879,3.060473,0.011594
52,read_target_after,2.966186,3.042174,0.075988
52,read_target_before,3.051812,3.218176,0.166364
52,request_security_seed,2.796959,3.034212,0.237253
52,send_security_key,3.149940,3.028904,-0.121036
52,session_reset,2.862610,2.994891,0.132281
52,write_target,3.077864,2.891315,-0.186549
53,enter_extended_session,3.000478,3.069762,0.069284
53,read_target_after,3.197083,2.969539,-0.227544
53,read_target_before,3.008929,3.056002,0.047073
53,request_security_seed,3.067317,3.091134,0.023817
53,send_security_key,3.108594,3.015565,-0.093029
53,session_reset,2.975545,2.920510,-0.055035
53,write_target,3.033025,3.064035,0.031010
54,enter_extended_session,3.056422,3.091762,0.035340
54,read_target_after,3.145052,2.986370,-0.158682
54,read_target_before,3.077933,3.025622,-0.052311
54,request_security_seed,3.092809,3.135553,0.042744
54,send_security_key,3.007672,3.053000,0.045328
54,session_reset,2.728165,2.742623,0.014458
54,write_target,3.032745,3.205744,0.172999
55,enter_extended_session,3.166632,3.056421,-0.110211
55,read_target_after,2.206935,2.754635,0.547700
55,read_target_before,3.014028,3.056352,0.042324
55,request_security_seed,3.013050,3.029463,0.016413
55,send_security_key,3.078422,3.091832,0.013410
55,session_reset,2.860236,2.898021,0.037785
55,write_target,2.984485,3.305478,0.320993
56,enter_extended_session,3.076816,3.097629,0.020813
56,read_target_after,3.107406,3.039660,-0.067746
56,read_target_before,3.078632,2.945722,-0.132910
56,request_security_seed,3.105031,3.116067,0.011036
56,send_security_key,3.051463,3.085546,0.034083
56,session_reset,2.895576,2.900465,0.004889
56,write_target,2.995590,3.069203,0.073613
57,enter_extended_session,3.001735,3.055933,0.054198
57,read_target_after,3.004390,2.902351,-0.102039
57,read_target_before,3.034561,3.051463,0.016902
57,request_security_seed,3.071647,3.046225,-0.025422
57,send_security_key,3.060333,3.105731,0.045398
57,session_reset,2.957874,2.921138,-0.036736
57,write_target,3.055095,3.089457,0.034362
58,enter_extended_session,3.020663,3.092670,0.072007
58,read_target_after,3.045457,3.074651,0.029194
58,read_target_before,3.009208,3.115019,0.105811
58,request_security_seed,3.026250,3.104543,0.078293
58,send_security_key,3.052581,3.027997,-0.024584
58,session_reset,3.003831,2.954452,-0.049379
58,write_target,3.098327,3.020873,-0.077454
59,enter_extended_session,3.018777,3.103635,0.084858
59,read_target_after,3.040149,3.066549,0.026400
59,read_target_before,3.092320,3.020105,-0.072215
59,request_security_seed,3.072416,3.033165,-0.039251
59,send_security_key,3.042872,3.047272,0.004400
59,session_reset,2.890407,2.895716,0.005309
59,write_target,3.070809,3.053209,-0.017600
60,enter_extended_session,3.107965,3.109432,0.001467
60,read_target_after,3.066549,3.068854,0.002305
60,read_target_before,3.025831,3.050765,0.024934
60,request_security_seed,3.240944,3.231026,-0.009918
60,send_security_key,2.820356,2.785295,-0.035061
60,session_reset,2.914643,2.910452,-0.004191
60,write_target,2.842496,3.117603,0.275107
61,enter_extended_session,3.104682,2.910871,-0.193811
61,read_target_after,3.158950,3.037355,-0.121595
61,read_target_before,3.080797,3.025970,-0.054827
61,request_security_seed,3.082473,3.012422,-0.070051
61,send_security_key,2.824337,3.122771,0.298434
61,session_reset,2.870851,3.007463,0.136612
61,write_target,3.071647,3.084149,0.012502
62,enter_extended_session,3.079330,3.145401,0.066071
62,read_target_after,3.047901,3.057889,0.009988
62,read_target_before,2.913036,2.851436,-0.061600
62,request_security_seed,3.105032,3.282989,0.177957
62,send_security_key,3.151826,2.800661,-0.351165
62,session_reset,2.866801,2.859049,-0.007752
62,write_target,3.054187,3.049228,-0.004959
63,enter_extended_session,3.094206,3.081216,-0.012990
63,read_target_after,3.010186,3.083381,0.073195
63,read_target_before,3.105101,3.051114,-0.053987
63,request_security_seed,3.104124,3.038123,-0.066001
63,send_security_key,2.928541,3.075279,0.146738
63,session_reset,2.908427,2.865963,-0.042464
63,write_target,3.056980,3.091831,0.034851
64,enter_extended_session,3.049787,3.060054,0.010267
64,read_target_after,3.031767,2.998802,-0.032965
64,read_target_before,3.036238,3.096721,0.060483
64,request_security_seed,3.098955,3.108454,0.009499
64,send_security_key,3.018288,2.953545,-0.064743
64,session_reset,2.956409,2.793956,-0.162453
64,write_target,3.035539,3.129267,0.093728
65,enter_extended_session,3.032955,3.013749,-0.019206
65,read_target_after,2.980155,2.759454,-0.220701
65,read_target_before,3.063964,3.089736,0.025772
65,request_security_seed,3.047552,3.152384,0.104832
65,send_security_key,3.121444,3.011164,-0.110280
65,session_reset,2.918833,2.983926,0.065093
65,write_target,3.092669,3.097000,0.004331
66,enter_extended_session,3.019895,3.044618,0.024723
66,read_target_after,3.047342,3.176061,0.128719
66,read_target_before,3.046365,3.032675,-0.013690
66,request_security_seed,2.964440,3.068434,0.103994
66,send_security_key,3.038821,3.044968,0.006147
66,session_reset,3.062987,2.995310,-0.067677
66,write_target,3.075698,3.108873,0.033175
67,enter_extended_session,3.091412,3.053139,-0.038273
67,read_target_after,3.054536,3.031139,-0.023397
67,read_target_before,3.075558,3.068505,-0.007053
67,request_security_seed,3.050835,2.985881,-0.064954
67,send_security_key,3.078771,3.042593,-0.036178
67,session_reset,2.871899,2.727815,-0.144084
67,write_target,3.001665,3.069692,0.068027
68,enter_extended_session,3.036377,3.188353,0.151976
68,read_target_after,3.033444,2.805131,-0.228313
68,read_target_before,3.090854,3.104683,0.013829
68,request_security_seed,3.050694,2.995799,-0.054895
68,send_security_key,3.051114,3.011513,-0.039601
68,session_reset,2.744997,2.838026,0.093029
68,write_target,3.060892,3.279008,0.218116
69,enter_extended_session,3.008301,3.073254,0.064953
69,read_target_after,3.098886,2.840191,-0.258695
69,read_target_before,2.995939,3.109712,0.113773
69,request_security_seed,3.031698,2.974078,-0.057620
69,send_security_key,3.043570,3.000339,-0.043231
69,session_reset,2.875601,2.918623,0.043022
69,write_target,3.017590,3.024295,0.006705
70,enter_extended_session,3.082123,3.021990,-0.060133
70,read_target_after,3.019196,3.056771,0.037575
70,read_target_before,3.064523,3.072206,0.007683
70,request_security_seed,3.050765,3.006904,-0.043861
70,send_security_key,3.064453,3.082753,0.018300
70,session_reset,2.921277,2.974218,0.052941
70,write_target,3.084848,3.063197,-0.021651
71,enter_extended_session,3.012840,3.023038,0.010198
71,read_target_after,3.071926,3.219014,0.147088
71,read_target_before,3.045386,2.987768,-0.057618
71,request_security_seed,3.050066,3.058028,0.007962
71,send_security_key,3.064733,3.162791,0.098058
71,session_reset,2.989374,2.826782,-0.162592
71,write_target,3.039171,3.038822,-0.000349
72,enter_extended_session,2.975196,3.033723,0.058527
72,read_target_after,3.010186,3.013329,0.003143
72,read_target_before,2.810648,3.034073,0.223425
72,request_security_seed,3.029184,2.783061,-0.246123
72,send_security_key,3.092600,3.052371,-0.040229
72,session_reset,3.016891,2.731517,-0.285374
72,write_target,3.058587,3.029603,-0.028984
73,enter_extended_session,3.079819,2.995171,-0.084648
73,read_target_after,3.085476,3.050485,-0.034991
73,read_target_before,3.027438,3.030581,0.003143
73,request_security_seed,3.107057,3.018568,-0.088489
73,send_security_key,3.053628,3.092670,0.039042
73,session_reset,2.877068,2.950821,0.073753
73,write_target,3.080657,3.059355,-0.021302
74,enter_extended_session,2.966046,3.056072,0.090026
74,read_target_after,3.069413,3.045945,-0.023468
74,read_target_before,2.890268,2.767067,-0.123201
74,request_security_seed,3.068853,3.037984,-0.030869
74,send_security_key,3.108384,3.314697,0.206313
74,session_reset,2.930916,2.870782,-0.060134
74,write_target,3.062288,3.117952,0.055664
75,enter_extended_session,3.052650,2.971354,-0.081296
75,read_target_after,3.067526,3.227884,0.160358
75,read_target_before,3.074511,3.086524,0.012013
75,request_security_seed,3.089946,3.632268,0.542322
75,send_security_key,3.000967,2.540919,-0.460048
75,session_reset,2.576678,2.982390,0.405712
75,write_target,3.064035,3.062010,-0.002025
76,enter_extended_session,3.058517,3.091622,0.033105
76,read_target_after,2.988745,3.139953,0.151208
76,read_target_before,3.029673,3.051812,0.022139
76,request_security_seed,3.133876,3.057818,-0.076058
76,send_security_key,3.021570,2.982040,-0.039530
76,session_reset,2.964999,2.725092,-0.239907
76,write_target,3.097349,3.084778,-0.012571
77,enter_extended_session,3.122492,3.186188,0.063696
77,read_target_after,2.981900,2.999501,0.017601
77,read_target_before,3.030860,3.040777,0.009917
77,request_security_seed,3.028694,2.959412,-0.069282
77,send_security_key,3.038263,3.048110,0.009847
77,session_reset,2.963043,2.893341,-0.069702
77,write_target,3.182067,3.101330,-0.080737
78,enter_extended_session,3.058517,3.144283,0.085766
78,read_target_after,3.066479,2.990491,-0.075988
78,read_target_before,3.052301,3.014447,-0.037854
78,request_security_seed,3.054675,2.788578,-0.266097
78,send_security_key,3.093787,2.995869,-0.097918
78,session_reset,2.871131,3.026390,0.155259
78,write_target,3.010186,3.172709,0.162523
79,enter_extended_session,3.158181,3.067037,-0.091144
79,read_target_after,3.042174,2.948865,-0.093309
79,read_target_before,2.998244,3.001456,0.003212
79,request_security_seed,2.893062,3.075139,0.182077
79,send_security_key,3.076048,3.035818,-0.040230
79,session_reset,2.951030,2.904656,-0.046374
79,write_target,2.258548,3.107616,0.849068
80,enter_extended_session,3.093787,3.039381,-0.054406
80,read_target_after,3.057400,3.007742,-0.049658
80,read_target_before,3.036866,3.099933,0.063067
80,request_security_seed,3.056980,3.056073,-0.000907
80,send_security_key,3.087990,3.025831,-0.062159
80,session_reset,3.012840,3.017730,0.004890
80,write_target,3.062359,3.083520,0.021161
81,enter_extended_session,3.086384,2.936573,-0.149811
81,read_target_after,3.067876,3.267135,0.199259
81,read_target_before,3.142816,3.131712,-0.011104
81,request_security_seed,3.057889,3.024993,-0.032896
81,send_security_key,3.042104,2.889081,-0.153023
81,session_reset,2.944046,3.056352,0.112306
81,write_target,3.047342,2.959831,-0.087511
82,enter_extended_session,3.078282,2.783759,-0.294523
82,read_target_after,3.108454,3.050904,-0.057550
82,read_target_before,3.066479,3.141839,0.075360
82,request_security_seed,3.067666,3.181019,0.113353
82,send_security_key,3.057539,2.836490,-0.221049
82,session_reset,2.877975,2.809670,-0.068305
82,write_target,2.987348,3.074581,0.087233
83,enter_extended_session,2.990141,3.116835,0.126694
83,read_target_after,3.013749,3.047273,0.033524
83,read_target_before,3.020453,3.128988,0.108535
83,request_security_seed,3.098047,3.041546,-0.056501
83,send_security_key,3.076257,3.065781,-0.010476
83,session_reset,2.975266,2.858001,-0.117265
83,write_target,3.092251,3.021152,-0.071099
84,enter_extended_session,3.066619,3.091133,0.024514
84,read_target_after,3.010745,3.215033,0.204288
84,read_target_before,2.911360,2.934269,0.022909
84,request_security_seed,3.107336,3.009837,-0.097499
84,send_security_key,3.158949,3.270837,0.111888
84,session_reset,2.903608,2.924211,0.020603
84,write_target,3.087641,3.079400,-0.008241
85,enter_extended_session,3.096441,3.102587,0.006146
85,read_target_after,3.152384,3.135134,-0.017250
85,read_target_before,3.037355,3.006275,-0.031080
85,request_security_seed,3.051533,3.062149,0.010616
85,send_security_key,3.043152,3.100283,0.057131
85,session_reset,2.991539,2.830414,-0.161125
85,write_target,3.008860,2.985113,-0.023747
86,enter_extended_session,3.047413,3.055794,0.008381
86,read_target_after,3.142257,3.093229,-0.049028
86,read_target_before,3.040148,3.098258,0.058110
86,request_security_seed,3.056073,3.081635,0.025562
86,send_security_key,3.007323,3.074511,0.067188
86,session_reset,2.855277,2.950751,0.095474
86,write_target,2.978408,3.126962,0.148554
87,enter_extended_session,3.121793,3.151198,0.029405
87,read_target_after,3.026180,3.054187,0.028007
87,read_target_before,3.041685,2.985323,-0.056362
87,request_security_seed,3.042174,3.047412,0.005238
87,send_security_key,3.024504,3.061660,0.037156
87,session_reset,2.894249,2.843684,-0.050565
87,write_target,3.075069,3.117952,0.042883
88,enter_extended_session,3.135134,3.139394,0.004260
88,read_target_after,2.972052,3.091692,0.119640
88,read_target_before,3.148473,3.028206,-0.120267
88,request_security_seed,3.114600,3.491258,0.376658
88,send_security_key,3.014028,2.635764,-0.378264
88,session_reset,2.950471,2.844382,-0.106089
88,write_target,3.010187,3.059914,0.049727
89,enter_extended_session,3.078282,3.120048,0.041766
89,read_target_after,2.879163,3.045946,0.166783
89,read_target_before,2.992796,3.150289,0.157493
89,request_security_seed,3.104613,3.110270,0.005657
89,send_security_key,3.156295,3.072905,-0.083390
89,session_reset,2.898021,2.819658,-0.078363
89,write_target,3.275516,2.861214,-0.414302
90,enter_extended_session,3.156645,3.087781,-0.068864
90,read_target_after,2.988046,2.979037,-0.009009
90,read_target_before,2.660628,2.998523,0.337895
90,request_security_seed,3.008999,3.005787,-0.003212
90,send_security_key,3.468419,3.088410,-0.380009
90,session_reset,2.934269,2.925608,-0.008661
90,write_target,3.156156,3.104613,-0.051543
91,enter_extended_session,3.134645,3.127032,-0.007613
91,read_target_after,3.027507,3.029742,0.002235
91,read_target_before,3.044060,3.213147,0.169087
91,request_security_seed,3.074092,3.046015,-0.028077
91,send_security_key,3.097000,3.036447,-0.060553
91,session_reset,3.028765,2.885868,-0.142897
91,write_target,3.045178,2.879442,-0.165736
92,enter_extended_session,3.027298,3.071648,0.044350
92,read_target_after,3.028485,2.884960,-0.143525
92,read_target_before,3.012072,3.058866,0.046794
92,request_security_seed,3.057330,3.033794,-0.023536
92,send_security_key,3.064105,3.141419,0.077314
92,session_reset,2.860236,2.721251,-0.138985
92,write_target,3.033165,3.233192,0.200027
93,enter_extended_session,3.084637,2.826922,-0.257715
93,read_target_after,3.032746,3.077933,0.045187
93,read_target_before,3.212309,2.963253,-0.249056
93,request_security_seed,3.030022,3.076956,0.046934
93,send_security_key,3.072416,3.102727,0.030311
93,session_reset,2.922116,3.004390,0.082274
93,write_target,2.931404,3.204137,0.272733
94,enter_extended_session,3.057888,3.167541,0.109653
94,read_target_after,3.124797,3.039869,-0.084928
94,read_target_before,3.016333,3.080447,0.064114
94,request_security_seed,3.136531,2.989932,-0.146599
94,send_security_key,2.962904,3.080028,0.117124
94,session_reset,2.861074,2.859119,-0.001955
94,write_target,3.053837,3.042523,-0.011314
95,enter_extended_session,3.081495,3.063476,-0.018019
95,read_target_after,3.124029,3.041056,-0.082973
95,read_target_before,3.066759,2.990142,-0.076617
95,request_security_seed,3.031977,3.084149,0.052172
95,send_security_key,3.003551,3.110410,0.106859
95,session_reset,2.986789,2.950123,-0.036666
95,write_target,2.987417,3.088061,0.100644
96,enter_extended_session,3.020872,3.275795,0.254923
96,read_target_after,2.624170,2.827480,0.203310
96,read_target_before,3.079260,3.024714,-0.054546
96,request_security_seed,3.139325,2.863309,-0.276016
96,send_security_key,2.996637,2.762736,-0.233901
96,session_reset,3.003621,2.834813,-0.168808
96,write_target,3.095672,3.233751,0.138079
97,enter_extended_session,3.115997,3.072695,-0.043302
97,read_target_after,2.896135,2.922326,0.026191
97,read_target_before,2.999850,3.087851,0.088001
97,request_security_seed,3.076885,3.063895,-0.012990
97,send_security_key,3.056840,3.037495,-0.019345
97,session_reset,2.912827,2.948027,0.035200
97,write_target,3.176619,3.144633,-0.031986
98,enter_extended_session,3.076955,2.988117,-0.088838
98,read_target_after,3.226696,3.052511,-0.174185
98,read_target_before,2.810997,2.987279,0.176282
98,request_security_seed,3.075908,3.132341,0.056433
98,send_security_key,3.299402,3.044549,-0.254853
98,session_reset,2.888732,3.062777,0.174045
98,write_target,3.062707,3.024015,-0.038692
99,enter_extended_session,3.063057,3.145051,0.081994
99,read_target_after,3.077095,3.068015,-0.009080
99,read_target_before,3.039939,2.961856,-0.078083
99,request_security_seed,3.178575,3.048809,-0.129766
99,send_security_key,3.052091,3.096791,0.044700
99,session_reset,2.807505,2.906960,0.099455
99,write_target,3.032466,3.072905,0.040439
100,enter_extended_session,3.138276,2.997685,-0.140591
100,read_target_after,2.995380,3.138905,0.143525
100,read_target_before,3.062917,3.023875,-0.039042
100,request_security_seed,3.050974,3.097070,0.046096
100,send_security_key,3.021222,3.070810,0.049588
100,session_reset,2.925747,2.774331,-0.151416
100,write_target,3.125286,3.024993,-0.100293
101,enter_extended_session,3.077444,3.051533,-0.025911
101,read_target_after,2.920370,3.053349,0.132979
101,read_target_before,2.993075,3.101679,0.108604
101,request_security_seed,3.152664,3.038263,-0.114401
101,send_security_key,3.002015,3.006765,0.004750
101,session_reset,2.659161,2.797169,0.138008
101,write_target,3.251211,3.036238,-0.214973
102,enter_extended_session,3.081774,3.126962,0.045188
102,read_target_after,3.164258,3.154061,-0.010197
102,read_target_before,3.026879,3.380209,0.353330
102,request_security_seed,3.029253,3.100353,0.071100
102,send_security_key,3.071228,3.071647,0.000419
102,session_reset,2.951798,2.803454,-0.148344
102,write_target,3.199946,2.789975,-0.409971
103,enter_extended_session,3.084079,3.033444,-0.050635
103,read_target_after,3.009418,2.998732,-0.010686
103,read_target_before,3.064524,3.091343,0.026819
103,request_security_seed,3.051184,3.031069,-0.020115
103,send_security_key,3.061031,3.080308,0.019277
103,session_reset,2.689053,2.894319,0.205266
103,write_target,3.097978,3.053628,-0.044350
104,enter_extended_session,3.367428,3.129407,-0.238021
104,read_target_after,3.069483,3.045946,-0.023537
104,read_target_before,3.090784,3.244297,0.153513
104,request_security_seed,2.735987,3.019685,0.283698
104,send_security_key,3.066410,3.071229,0.004819
104,session_reset,2.991539,2.955151,-0.036388
104,write_target,3.039101,2.943278,-0.095823
105,enter_extended_session,3.031000,3.071927,0.040927
105,read_target_after,3.048180,3.277751,0.229571
105,read_target_before,3.039171,3.019476,-0.019695
105,request_security_seed,3.081774,2.983856,-0.097918
105,send_security_key,3.065082,3.118162,0.053080
105,session_reset,3.029952,2.906820,-0.123132
105,write_target,3.066898,3.067806,0.000908
106,enter_extended_session,3.083172,3.118651,0.035479
106,read_target_after,3.041615,3.030650,-0.010965
106,read_target_before,3.081845,3.093159,0.011314
106,request_security_seed,3.086523,3.055444,-0.031079
106,send_security_key,3.035539,3.015216,-0.020323
106,session_reset,2.865194,2.575770,-0.289424
106,write_target,3.051882,3.070739,0.018857
107,enter_extended_session,3.091203,3.101679,0.010476
107,read_target_after,2.809391,2.966605,0.157214
107,read_target_before,3.106010,3.044409,-0.061601
107,request_security_seed,3.116416,3.032675,-0.083741
107,send_security_key,2.986161,3.145959,0.159798
107,session_reset,2.918972,2.849340,-0.069632
107,write_target,3.111736,3.078423,-0.033313
108,enter_extended_session,2.973799,3.131712,0.157913
108,read_target_after,3.021570,3.078911,0.057341
108,read_target_before,2.882725,3.152245,0.269520
108,request_security_seed,3.046016,2.851017,-0.194999
108,send_security_key,3.078841,2.936573,-0.142268
108,session_reset,3.006275,3.055933,0.049658
108,write_target,3.001945,3.038822,0.036877
109,enter_extended_session,3.087362,3.075558,-0.011804
109,read_target_after,3.097838,3.215591,0.117753
109,read_target_before,2.959831,3.122632,0.162801
109,request_security_seed,3.040288,2.998313,-0.041975
109,send_security_key,3.114112,3.069761,-0.044351
109,session_reset,2.964021,2.921837,-0.042184
109,write_target,3.076466,3.028415,-0.048051
110,enter_extended_session,3.092111,3.083381,-0.008730
110,read_target_after,3.074371,3.050555,-0.023816
110,read_target_before,3.117673,3.056701,-0.060972
110,request_security_seed,3.048181,3.068644,0.020463
110,send_security_key,3.039869,3.002783,-0.037086
110,session_reset,2.912548,2.800451,-0.112097
110,write_target,3.075279,3.118931,0.043652
111,enter_extended_session,3.088200,3.046713,-0.041487
111,read_target_after,3.032046,2.816515,-0.215531
111,read_target_before,3.052301,3.010745,-0.041556
111,request_security_seed,3.093996,3.120955,0.026959
111,send_security_key,3.046714,3.088619,0.041905
111,session_reset,2.926306,2.965138,0.038832
111,write_target,2.668729,3.252328,0.583599
112,enter_extended_session,3.112295,3.026035,-0.086260
112,read_target_after,2.980015,3.024429,0.044414
112,read_target_before,3.037075,3.010531,-0.026544
112,request_security_seed,3.083660,3.108937,0.025277
112,send_security_key,2.816654,3.056696,0.240042
112,session_reset,2.899976,2.998169,0.098193
112,write_target,3.098466,3.083725,-0.014741
113,enter_extended_session,3.096441,3.056721,-0.039720
113,read_target_after,3.032047,3.176498,0.144451
113,read_target_before,3.010605,3.075508,0.064903
113,request_security_seed,3.063196,3.136549,0.073353
113,send_security_key,3.003342,3.001198,-0.002144
113,session_reset,2.931474,2.837043,-0.094431
113,write_target,3.120327,3.021661,-0.098666
114,enter_extended_session,3.086454,3.054835,-0.031619
114,read_target_after,2.945234,3.061471,0.116237
114,read_target_before,3.058866,3.121813,0.062947
114,request_security_seed,3.073603,3.036887,-0.036716
114,send_security_key,3.066060,2.997217,-0.068843
114,session_reset,2.930776,2.886590,-0.044186
114,write_target,3.108873,3.046385,-0.062488
115,enter_extended_session,3.153572,2.989605,-0.163967
115,read_target_after,2.994333,3.058188,0.063855
115,read_target_before,3.096581,3.084029,-0.012552
115,request_security_seed,3.633107,3.117483,-0.515624
115,send_security_key,2.514029,2.836304,0.322275
115,session_reset,2.931056,3.012652,0.081596
115,write_target,2.973659,3.037445,0.063786
116,enter_extended_session,2.942300,3.012373,0.070073
116,read_target_after,3.000967,3.092969,0.092002
116,read_target_before,3.009907,3.068384,0.058477
116,request_security_seed,3.074930,3.071528,-0.003402
116,send_security_key,3.101051,3.021033,-0.080018
116,session_reset,3.186607,2.934291,-0.252316
116,write_target,3.146657,2.776381,-0.370276
117,enter_extended_session,3.089876,3.101909,0.012033
117,read_target_after,3.257915,3.081794,-0.176121
117,read_target_before,3.022758,3.068594,0.045836
117,request_security_seed,3.038054,3.010486,-0.027568
117,send_security_key,3.025552,3.057839,0.032287
117,session_reset,2.975266,2.842659,-0.132607
117,write_target,3.094136,3.049248,-0.044888
118,enter_extended_session,3.143724,3.102188,-0.041536
118,read_target_after,3.072276,3.072576,0.000300
118,read_target_before,3.076606,3.036188,-0.040418
118,request_security_seed,3.012072,3.085496,0.073424
118,send_security_key,3.171312,3.097230,-0.074082
118,session_reset,2.777543,2.918925,0.141382
118,write_target,3.038263,3.098765,0.060502
119,enter_extended_session,3.033164,3.197101,0.163937
119,read_target_after,3.041266,3.084588,0.043322
119,read_target_before,3.085057,3.065033,-0.020024
119,request_security_seed,3.294513,2.983668,-0.310845
119,send_security_key,2.847664,3.024036,0.176372
119,session_reset,2.974358,2.906633,-0.067725
119,write_target,3.094555,3.070690,-0.023865
120,enter_extended_session,3.085616,3.054976,-0.030640
120,read_target_after,3.055304,2.950285,-0.105019
120,read_target_before,3.024923,3.083052,0.058129
120,request_security_seed,3.042244,3.601130,0.558886
120,send_security_key,3.029812,2.511544,-0.518268
120,session_reset,2.935945,2.868012,-0.067933
120,write_target,3.049577,3.070689,0.021112
121,enter_extended_session,3.051742,3.063775,0.012033
121,read_target_after,3.099235,3.014259,-0.084976
121,read_target_before,3.066130,3.106448,0.040318
121,request_security_seed,3.238988,3.047502,-0.191486
121,send_security_key,2.827340,3.063846,0.236506
121,session_reset,2.982528,2.870037,-0.112491
121,write_target,3.053837,3.045617,-0.008220
122,enter_extended_session,3.037495,3.129845,0.092350
122,read_target_after,2.874693,3.062938,0.188245
122,read_target_before,2.991888,3.086334,0.094446
122,request_security_seed,3.052441,3.245641,0.193200
122,send_security_key,3.072835,2.797403,-0.275432
122,session_reset,2.929658,2.827783,-0.101875
122,write_target,3.127101,3.097928,-0.029173
123,enter_extended_session,3.163210,3.036608,-0.126602
123,read_target_after,3.164258,3.023058,-0.141200
123,read_target_before,3.131781,3.028855,-0.102926
123,request_security_seed,2.832509,3.080747,0.248238
123,send_security_key,2.949494,3.070410,0.120916
123,session_reset,2.919951,2.948538,0.028587
123,write_target,3.084009,3.143114,0.059105
124,enter_extended_session,2.489864,3.117414,0.627550
124,read_target_after,3.075069,3.030322,-0.044747
124,read_target_before,3.065571,2.933313,-0.132258
124,request_security_seed,2.928611,3.040169,0.111558
124,send_security_key,3.069762,3.186137,0.116375
124,session_reset,2.692615,2.887078,0.194463
124,write_target,3.054047,3.138366,0.084319
125,enter_extended_session,3.077933,3.009160,-0.068773
125,read_target_after,2.967723,2.960342,-0.007381
125,read_target_before,2.884821,3.010906,0.126085
125,request_security_seed,3.142258,3.065591,-0.076667
125,send_security_key,3.073114,3.029764,-0.043350
125,session_reset,2.814838,2.917389,0.102551
125,write_target,3.092251,3.160435,0.068184
126,enter_extended_session,3.100771,3.105750,0.004979
126,read_target_after,3.077723,2.831695,-0.246028
126,read_target_before,3.038402,3.075579,0.037177
126,request_security_seed,3.119838,3.138924,0.019086
126,send_security_key,3.002295,3.007554,0.005259
126,session_reset,3.164746,2.898463,-0.266283
126,write_target,3.082403,3.341393,0.258990
127,enter_extended_session,2.994402,3.095623,0.101221
127,read_target_after,2.534773,2.975706,0.440933
127,read_target_before,3.062009,2.984157,-0.077852
127,request_security_seed,3.023037,3.039890,0.016853
127,send_security_key,3.046923,3.000989,-0.045934
127,session_reset,2.902421,2.994842,0.092421
127,write_target,3.507670,3.169445,-0.338225
128,enter_extended_session,2.918065,2.790978,-0.127087
128,read_target_after,3.086105,3.089197,0.003092
128,read_target_before,3.042803,3.079071,0.036268
128,request_security_seed,2.995589,3.167001,0.171412
128,send_security_key,3.027787,3.025224,-0.002563
128,session_reset,2.933291,3.239426,0.306135
128,write_target,3.128988,3.066500,-0.062488
129,enter_extended_session,3.000548,3.061331,0.060783
129,read_target_after,2.839423,2.976125,0.136702
129,read_target_before,3.058726,2.904050,-0.154676
129,request_security_seed,2.941881,3.061192,0.119311
129,send_security_key,3.084009,3.261216,0.177207
129,session_reset,3.053069,2.937154,-0.115915
129,write_target,3.244297,3.156385,-0.087912
130,enter_extended_session,3.032676,3.045478,0.012802
130,read_target_after,3.086454,3.053858,-0.032596
130,read_target_before,2.931754,3.063985,0.132231
130,request_security_seed,3.031698,3.074532,0.042834
130,send_security_key,3.032745,3.063426,0.030681
130,session_reset,2.903049,2.924374,0.021325
130,write_target,3.111807,3.023477,-0.088330
131,enter_extended_session,3.131781,3.096531,-0.035250
131,read_target_after,3.041545,3.030532,-0.011013
131,read_target_before,3.050764,3.172238,0.121474
131,request_security_seed,3.014446,3.049039,0.034593
131,send_security_key,3.065571,3.048131,-0.017440
131,session_reset,2.917017,2.893993,-0.023024
131,write_target,3.007463,2.658490,-0.348973
132,enter_extended_session,3.076466,3.112245,0.035779
132,read_target_after,3.054117,3.054976,0.000859
132,read_target_before,3.003342,3.048061,0.044719
132,request_security_seed,3.045946,3.029972,-0.015974
132,send_security_key,2.998523,3.070551,0.072028
132,session_reset,2.655180,2.952799,0.297619
132,write_target,3.071298,3.050926,-0.020372
133,enter_extended_session,3.027228,3.068245,0.041017
133,read_target_after,3.088549,3.041637,-0.046912
133,read_target_before,2.990630,3.179921,0.189291
133,request_security_seed,3.076536,3.090804,0.014268
133,send_security_key,3.105101,3.056722,-0.048379
133,session_reset,2.952288,2.951402,-0.000886
133,write_target,3.046993,3.008601,-0.038392
134,enter_extended_session,3.069971,3.028576,-0.041395
134,read_target_after,3.078561,3.071598,-0.006963
134,read_target_before,2.993005,3.042055,0.049050
134,request_security_seed,3.010885,3.028227,0.017342
134,send_security_key,3.197083,3.011744,-0.185339
134,session_reset,2.958084,2.984297,0.026213
134,write_target,3.091762,3.112175,0.020413
135,enter_extended_session,3.039240,3.087033,0.047793
135,read_target_after,3.111317,3.050785,-0.060532
135,read_target_before,2.999570,2.984856,-0.014714
135,request_security_seed,3.079749,3.078233,-0.001516
135,send_security_key,3.055793,3.133128,0.077335
135,session_reset,2.908287,2.930240,0.021953
135,write_target,3.075978,3.128867,0.052889
136,enter_extended_session,3.068924,3.092061,0.023137
136,read_target_after,3.040707,3.020405,-0.020302
136,read_target_before,3.082123,3.217635,0.135512
136,request_security_seed,3.029882,3.067687,0.037805
136,send_security_key,3.024993,3.072087,0.047094
136,session_reset,2.997895,3.032906,0.035011
136,write_target,3.037355,2.899091,-0.138264
137,enter_extended_session,3.020244,3.081306,0.061062
137,read_target_after,3.064453,2.088938,-0.975515
137,read_target_before,3.003342,2.944208,-0.059134
137,request_security_seed,3.081215,3.047992,-0.033223
137,send_security_key,3.039799,2.937573,-0.102226
137,session_reset,2.957944,2.739016,-0.218928
137,write_target,3.123260,3.014957,-0.108303
138,enter_extended_session,3.035818,3.073204,0.037386
138,read_target_after,3.025971,3.149540,0.123569
138,read_target_before,3.064384,3.044570,-0.019814
138,request_security_seed,3.168029,3.099814,-0.068215
138,send_security_key,2.951310,3.075928,0.124618
138,session_reset,2.791511,3.038423,0.246912
138,write_target,3.063894,3.092061,0.028167
139,enter_extended_session,3.032746,3.058747,0.026001
139,read_target_after,3.084009,3.027598,-0.056411
139,read_target_before,3.035120,3.037655,0.002535
139,request_security_seed,2.921348,3.071109,0.149761
139,send_security_key,3.020383,3.097020,0.076637
139,session_reset,2.956548,2.893923,-0.062625
139,write_target,3.115019,3.138016,0.022997
140,enter_extended_session,3.241293,3.096811,-0.144482
140,read_target_after,3.014936,3.029484,0.014548
140,read_target_before,3.051114,3.081376,0.030262
140,request_security_seed,2.853670,3.065382,0.211712
140,send_security_key,3.130734,2.997497,-0.133237
140,session_reset,2.892153,2.911034,0.018881
140,write_target,3.064244,3.091642,0.027398
141,enter_extended_session,3.141698,3.035490,-0.106208
141,read_target_after,3.076955,3.022779,-0.054176
141,read_target_before,2.870991,3.018729,0.147738
141,request_security_seed,3.012491,3.057211,0.044720
141,send_security_key,3.256449,3.043033,-0.213416
141,session_reset,2.943557,2.733289,-0.210268
141,write_target,3.056073,3.023687,-0.032386
142,enter_extended_session,3.015355,3.098836,0.083481
142,read_target_after,3.028276,3.048760,0.020484
142,read_target_before,3.062847,3.028646,-0.034201
142,request_security_seed,3.027158,3.019777,-0.007381
142,send_security_key,3.076466,3.006506,-0.069960
142,session_reset,2.933709,2.910406,-0.023303
142,write_target,3.046923,3.129915,0.082992
143,enter_extended_session,3.026739,2.959783,-0.066956
143,read_target_after,3.095603,3.020684,-0.074919
143,read_target_before,3.006275,2.995960,-0.010315
143,request_security_seed,3.078283,3.099674,0.021391
143,send_security_key,3.034072,3.063637,0.029565
143,session_reset,2.947329,2.934221,-0.013108
143,write_target,3.071647,3.081655,0.010008
144,enter_extended_session,3.273071,3.183134,-0.089937
144,read_target_after,3.050345,3.017751,-0.032594
144,read_target_before,3.294862,3.057350,-0.237512
144,request_security_seed,2.879442,2.859003,-0.020439
144,send_security_key,3.123749,3.044988,-0.078761
144,session_reset,2.867359,2.902235,0.034876
144,write_target,2.762806,3.188721,0.425915
145,enter_extended_session,2.983298,3.061052,0.077754
145,read_target_after,3.016332,3.013770,-0.002562
145,read_target_before,3.053279,3.036957,-0.016322
145,request_security_seed,3.104542,3.067268,-0.037274
145,send_security_key,3.043431,3.001408,-0.042023
145,session_reset,2.926027,2.805575,-0.120452
145,write_target,3.083101,3.079630,-0.003471
146,enter_extended_session,3.152664,3.035979,-0.116685
146,read_target_after,3.038822,2.850692,-0.188130
146,read_target_before,2.967722,2.893644,-0.074078
146,request_security_seed,2.952288,3.069573,0.117285
146,send_security_key,3.219921,3.166093,-0.053828
146,session_reset,3.027367,3.004761,-0.022606
146,write_target,3.027507,3.089338,0.061831
147,enter_extended_session,3.086105,3.341743,0.255638
147,read_target_after,3.022479,3.073135,0.050656
147,read_target_before,2.990351,3.039332,0.048981
147,request_security_seed,3.045456,2.856558,-0.188898
147,send_security_key,3.077025,3.029345,-0.047680
147,session_reset,2.928402,2.919416,-0.008986
147,write_target,3.106010,3.050296,-0.055714
148,enter_extended_session,2.845010,2.918508,0.073498
148,read_target_after,3.078072,3.000221,-0.077851
148,read_target_before,3.063825,2.956360,-0.107465
148,request_security_seed,3.155527,3.094436,-0.061091
148,send_security_key,2.993285,3.087522,0.094237
148,session_reset,3.140651,3.091573,-0.049078
148,write_target,3.054815,3.090316,0.035501
149,enter_extended_session,3.088200,3.092760,0.004560
149,read_target_after,3.321541,3.043872,-0.277669
149,read_target_before,3.018568,2.939250,-0.079318
149,request_security_seed,2.980922,3.131312,0.150390
149,send_security_key,3.077654,3.157502,0.079848
149,session_reset,2.948865,2.947142,-0.001723
149,write_target,2.830623,3.025642,0.195019
150,enter_extended_session,3.079120,3.099465,0.020345
150,read_target_after,3.038961,3.115179,0.076218
150,read_target_before,3.034212,2.876393,-0.157819
150,request_security_seed,3.053000,3.055186,0.002186
150,send_security_key,3.066270,3.252416,0.186146
150,session_reset,2.609992,2.988697,0.378705
150,write_target,3.070111,3.034233,-0.035878
151,enter_extended_session,3.039171,3.093249,0.054078
151,read_target_after,2.996288,3.041078,0.044790
151,read_target_before,3.055095,3.075161,0.020066
151,request_security_seed,3.292208,3.110779,-0.181429
151,send_security_key,2.813093,3.004272,0.191179
151,session_reset,2.905144,2.907962,0.002818
151,write_target,3.130454,3.070830,-0.059624
152,enter_extended_session,2.954174,3.049389,0.095215
152,read_target_after,2.934198,2.978710,0.044512
152,read_target_before,3.006555,3.033605,0.027050
152,request_security_seed,3.019685,3.042195,0.022510
152,send_security_key,3.055514,3.096531,0.041017
152,session_reset,2.924700,2.658490,-0.266210
152,write_target,3.137020,3.047783,-0.089237
153,enter_extended_session,3.038961,3.107915,0.068954
153,read_target_after,3.106568,3.061192,-0.045376
153,read_target_before,3.091831,3.091293,-0.000538
153,request_security_seed,3.117534,3.196124,0.078590
153,send_security_key,3.053070,3.008672,-0.044398
153,session_reset,2.799333,2.987231,0.187898
153,write_target,3.006764,3.087453,0.080689
154,enter_extended_session,3.132270,3.050925,-0.081345
154,read_target_after,3.058727,2.976964,-0.081763
154,read_target_before,3.053139,3.079350,0.026211
154,request_security_seed,3.010884,3.127611,0.116727
154,send_security_key,3.086314,3.132709,0.046395
154,session_reset,2.873645,2.908660,0.035015
154,write_target,3.070181,3.040659,-0.029522
155,enter_extended_session,3.140791,3.126912,-0.013879
155,read_target_after,3.058447,3.061960,0.003513
155,read_target_before,3.061870,2.985135,-0.076735
155,request_security_seed,3.024714,3.058050,0.033336
155,send_security_key,3.102727,3.068805,-0.033922
155,session_reset,3.006345,2.993307,-0.013038
155,write_target,3.038123,3.159738,0.121615
156,enter_extended_session,3.124448,3.094087,-0.030361
156,read_target_after,3.106079,3.076278,-0.029801
156,read_target_before,3.182696,3.057351,-0.125345
156,request_security_seed,3.035260,3.073065,0.037805
156,send_security_key,3.079400,3.076277,-0.003123
156,session_reset,2.920300,2.850063,-0.070237
156,write_target,2.885798,3.137458,0.251660
157,enter_extended_session,3.081355,3.258073,0.176718
157,read_target_after,2.999361,3.044989,0.045628
157,read_target_before,3.059914,3.114341,0.054427
157,request_security_seed,3.023177,2.788882,-0.234295
157,send_security_key,3.084149,3.044290,-0.039859
157,session_reset,2.938948,2.959853,0.020905
157,write_target,3.082193,3.084589,0.002396
158,enter_extended_session,3.002434,3.110639,0.108205
158,read_target_after,3.134645,3.056792,-0.077853
158,read_target_before,3.039171,3.094018,0.054847
158,request_security_seed,3.012142,3.052672,0.040530
158,send_security_key,3.087152,3.025574,-0.061578
158,session_reset,3.121934,2.911802,-0.210132
158,write_target,2.131017,3.069223,0.938206
159,enter_extended_session,3.092670,2.861797,-0.230873
159,read_target_after,3.109361,3.085986,-0.023375
159,read_target_before,3.014028,3.091783,0.077755
159,request_security_seed,3.072415,3.059795,-0.012620
159,send_security_key,3.181438,2.872343,-0.309095
159,session_reset,2.952567,3.046316,0.093749
159,write_target,3.088060,3.029065,-0.058995
160,enter_extended_session,3.057330,3.084449,0.027119
160,read_target_after,3.069761,3.241382,0.171621
160,read_target_before,3.018847,2.816889,-0.201958
160,request_security_seed,2.786902,3.071668,0.284766
160,send_security_key,3.078143,3.269527,0.191384
160,session_reset,2.940205,2.913689,-0.026516
160,write_target,3.100143,3.157502,0.057359
161,enter_extended_session,3.018567,3.067966,0.049399
161,read_target_after,3.064594,3.048201,-0.016393
161,read_target_before,3.029672,3.235655,0.205983
161,request_security_seed,3.105940,3.082843,-0.023097
161,send_security_key,3.143515,2.896158,-0.247357
161,session_reset,3.005437,2.655557,-0.349880
161,write_target,3.079400,2.937224,-0.142176
162,enter_extended_session,3.076676,3.047224,-0.029452
162,read_target_after,2.995240,3.060774,0.065534
162,read_target_before,3.052651,3.024246,-0.028405
162,request_security_seed,2.928261,3.062729,0.134468
162,send_security_key,3.057819,3.102887,0.045068
162,session_reset,2.928262,2.935548,0.007286
162,write_target,2.949494,3.077046,0.127552
163,enter_extended_session,3.115648,3.112176,-0.003472
163,read_target_after,3.016612,3.132081,0.115469
163,read_target_before,3.063406,3.065312,0.001906
163,request_security_seed,3.113273,3.035980,-0.077293
163,send_security_key,2.991748,3.029764,0.038016
163,session_reset,3.072625,2.916552,-0.156073
163,write_target,3.142816,3.018868,-0.123948
164,enter_extended_session,3.088410,3.276861,0.188451
164,read_target_after,3.030790,3.088291,0.057501
164,read_target_before,3.169007,3.119789,-0.049218
164,request_security_seed,3.152315,2.838749,-0.313566
164,send_security_key,3.024853,3.043453,0.018600
164,session_reset,2.925468,2.849086,-0.076382
164,write_target,3.085407,3.004062,-0.081345
165,enter_extended_session,3.129756,3.121814,-0.007942
165,read_target_after,3.048739,3.042265,-0.006474
165,read_target_before,3.049856,3.034303,-0.015553
165,request_security_seed,3.050625,2.884984,-0.165641
165,send_security_key,3.076886,3.063497,-0.013389
165,session_reset,2.945722,2.853137,-0.092585
165,write_target,3.065641,3.022430,-0.043211
166,enter_extended_session,3.138277,3.062938,-0.075339
166,read_target_after,3.086035,2.996590,-0.089445
166,read_target_before,2.854160,3.115249,0.261089
166,request_security_seed,3.064664,3.082633,0.017969
166,send_security_key,3.232842,2.943301,-0.289541
166,session_reset,3.002922,2.743556,-0.259366
166,write_target,3.073743,3.112735,0.038992
167,enter_extended_session,3.094276,2.791118,-0.303158
167,read_target_after,3.153571,3.023059,-0.130512
167,read_target_before,3.068714,3.067199,-0.001515
167,request_security_seed,3.030370,3.037936,0.007566
167,send_security_key,3.100212,3.103376,0.003164
167,session_reset,2.939576,2.889942,-0.049634
167,write_target,2.994403,3.140532,0.146129
168,enter_extended_session,3.051882,3.090037,0.038155
168,read_target_after,3.066898,3.023409,-0.043489
168,read_target_before,3.006764,3.078443,0.071679
168,request_security_seed,3.111667,2.976265,-0.135402
168,send_security_key,3.123609,3.109871,-0.013738
168,session_reset,3.029114,2.963206,-0.065908
168,write_target,3.041686,3.039052,-0.002634
169,enter_extended_session,3.102797,3.218404,0.115607
169,read_target_after,3.051183,3.019776,-0.031407
169,read_target_before,3.092111,3.130823,0.038712
169,request_security_seed,3.007323,2.917530,-0.089793
169,send_security_key,3.133597,3.044989,-0.088608
169,session_reset,2.888801,2.474180,-0.414621
169,write_target,3.066339,3.044780,-0.021559
170,enter_extended_session,3.057539,3.220359,0.162820
170,read_target_after,3.037774,3.045408,0.007634
170,read_target_before,3.074510,3.042196,-0.032314
170,request_security_seed,3.047831,2.810255,-0.237576
170,send_security_key,2.969538,3.086545,0.117007
170,session_reset,2.985113,2.870108,-0.115005
170,write_target,3.131293,3.021453,-0.109840
171,enter_extended_session,2.991609,3.080678,0.089069
171,read_target_after,3.067317,3.060564,-0.006753
171,read_target_before,3.085057,3.024944,-0.060113
171,request_security_seed,3.132829,3.056513,-0.076316
171,send_security_key,3.081495,3.011116,-0.070379
171,session_reset,2.895995,2.901746,0.005751
171,write_target,3.155108,3.027249,-0.127859
172,enter_extended_session,3.205604,3.100094,-0.105510
172,read_target_after,3.058308,3.025434,-0.032874
172,read_target_before,3.012980,3.048063,0.035083
172,request_security_seed,3.036098,3.078443,0.042345
172,send_security_key,3.018497,3.097090,0.078593
172,session_reset,3.001457,2.846293,-0.155164
172,write_target,3.088619,3.070132,-0.018487
173,enter_extended_session,3.038193,2.927028,-0.111165
173,read_target_after,3.125495,3.033465,-0.092030
173,read_target_before,3.282710,3.059237,-0.223473
173,request_security_seed,3.093019,3.070621,-0.022398
173,send_security_key,3.093508,3.031231,-0.062277
173,session_reset,2.885589,2.979549,0.093960
173,write_target,2.821194,3.086614,0.265420
174,enter_extended_session,3.097070,2.786368,-0.310702
174,read_target_after,3.113622,2.775823,-0.337799
174,read_target_before,3.099444,2.939180,-0.160264
174,request_security_seed,3.031069,3.110849,0.079780
174,send_security_key,2.999920,3.151287,0.151367
174,session_reset,2.933081,3.090595,0.157514
174,write_target,3.068365,3.057980,-0.010385
175,enter_extended_session,3.063545,3.066850,0.003305
175,read_target_after,3.040148,3.062939,0.022791
175,read_target_before,3.019755,2.950075,-0.069680
175,request_security_seed,2.916668,3.088919,0.172251
175,send_security_key,3.092111,3.055047,-0.037064
175,session_reset,2.936154,2.969002,0.032848
175,write_target,3.087012,2.883029,-0.203983
176,enter_extended_session,3.061310,3.089268,0.027958
176,read_target_after,3.436222,2.771423,-0.664799
176,read_target_before,3.110410,3.083263,-0.027147
176,request_security_seed,3.079958,3.061332,-0.018626
176,send_security_key,3.005367,3.052602,0.047235
176,session_reset,3.067038,2.831975,-0.235063
176,write_target,3.040847,3.388816,0.347969
177,enter_extended_session,3.117534,3.047084,-0.070450
177,read_target_after,3.086942,3.167979,0.081037
177,read_target_before,3.063127,3.055745,-0.007382
177,request_security_seed,3.125495,3.027529,-0.097966
177,send_security_key,3.043152,3.039402,-0.003750
177,session_reset,2.441604,2.872831,0.431227
177,write_target,3.070879,3.029624,-0.041255
178,enter_extended_session,3.238709,2.812000,-0.426709
178,read_target_after,3.115369,3.029485,-0.085884
178,read_target_before,3.000967,3.001409,0.000442
178,request_security_seed,2.863239,3.114341,0.251102
178,send_security_key,3.074790,3.007415,-0.067375
178,session_reset,2.881328,3.082075,0.200747
178,write_target,3.129197,3.064894,-0.064303
179,enter_extended_session,3.087083,3.109592,0.022509
179,read_target_after,3.039730,2.937086,-0.102644
179,read_target_before,2.959690,3.077395,0.117705
179,request_security_seed,2.991888,3.018590,0.026702
179,send_security_key,3.146238,2.994844,-0.151394
179,session_reset,2.802407,2.919206,0.116799
179,write_target,3.059844,2.934083,-0.125761
180,enter_extended_session,3.048809,3.039612,-0.009197
180,read_target_after,2.810369,3.011676,0.201307
180,read_target_before,2.998942,3.057491,0.058549
180,request_security_seed,3.029882,3.074183,0.044301
180,send_security_key,3.050904,3.082145,0.031241
180,session_reset,2.902700,2.938482,0.035782
180,write_target,3.272303,3.026482,-0.245821
181,enter_extended_session,3.117882,3.083192,-0.034690
181,read_target_after,3.037006,3.061752,0.024746
181,read_target_before,3.023526,3.066500,0.042974
181,request_security_seed,3.056491,3.026412,-0.030079
181,send_security_key,3.040637,3.030672,-0.009965
181,session_reset,2.927074,2.938063,0.010989
181,write_target,3.079749,3.070271,-0.009478
182,enter_extended_session,3.033374,3.120417,0.087043
182,read_target_after,3.018777,3.063637,0.044860
182,read_target_before,2.886008,3.049460,0.163452
182,request_security_seed,3.106010,3.016773,-0.089237
182,send_security_key,3.064244,3.014050,-0.050194
182,session_reset,2.890408,2.917461,0.027053
182,write_target,3.178994,3.033187,-0.145807
183,enter_extended_session,3.058727,3.064964,0.006237
183,read_target_after,3.066339,3.047713,-0.018626
183,read_target_before,3.070670,3.128100,0.057430
183,request_security_seed,3.056701,3.042824,-0.013877
183,send_security_key,3.055305,3.072786,0.017481
183,session_reset,3.098117,2.934571,-0.163546
183,write_target,3.103076,2.960342,-0.142734
184,enter_extended_session,3.050974,3.064894,0.013920
184,read_target_after,3.091343,3.054628,-0.036715
184,read_target_before,3.300729,3.100793,-0.199936
184,request_security_seed,3.072835,2.878419,-0.194416
184,send_security_key,3.128777,3.080329,-0.048448
184,session_reset,2.877696,2.895740,0.018044
184,write_target,2.777962,3.093668,0.315706
185,enter_extended_session,3.094626,3.046945,-0.047681
185,read_target_after,3.029114,3.006647,-0.022467
185,read_target_before,2.992377,3.062170,0.069793
185,request_security_seed,3.040568,3.031789,-0.008779
185,send_security_key,3.106499,3.073554,-0.032945
185,session_reset,2.909055,2.892596,-0.016459
185,write_target,3.109851,3.091992,-0.017859
186,enter_extended_session,3.083520,3.074043,-0.009477
186,read_target_after,3.071228,3.056443,-0.014785
186,read_target_before,3.046435,3.097929,0.051494
186,request_security_seed,3.059704,3.096532,0.036828
186,send_security_key,3.050695,3.062729,0.012034
186,session_reset,3.104194,2.882190,-0.222004
186,write_target,3.018288,3.025085,0.006797
187,enter_extended_session,3.088899,3.027320,-0.061579
187,read_target_after,3.024434,3.212887,0.188453
187,read_target_before,3.004180,3.027250,0.023070
187,request_security_seed,3.317630,2.981993,-0.335637
187,send_security_key,2.819658,3.070761,0.251103
187,session_reset,2.892293,2.970469,0.078176
187,write_target,3.100282,3.072088,-0.028194
188,enter_extended_session,3.022548,3.106170,0.083622
188,read_target_after,3.051952,2.931708,-0.120244
188,read_target_before,3.073882,3.022361,-0.051521
188,request_security_seed,3.146098,3.064406,-0.081692
188,send_security_key,2.985043,2.997917,0.012874
188,session_reset,2.883004,2.836934,-0.046070
188,write_target,3.096302,2.915085,-0.181217
189,enter_extended_session,3.142118,3.007695,-0.134423
189,read_target_after,2.962414,2.753823,-0.208591
189,read_target_before,3.153432,3.060354,-0.093078
189,request_security_seed,3.040637,3.096742,0.056105
189,send_security_key,3.065851,3.017821,-0.048030
189,session_reset,3.043292,2.832324,-0.210968
189,write_target,3.116625,3.307730,0.191105
190,enter_extended_session,3.136601,3.091852,-0.044749
190,read_target_after,3.096441,3.103237,0.006796
190,read_target_before,3.067037,3.082005,0.014968
190,request_security_seed,3.095952,3.063917,-0.032035
190,send_security_key,2.989094,3.009650,0.020556
190,session_reset,2.852204,2.985695,0.133491
190,write_target,3.041127,3.111269,0.070142
191,enter_extended_session,3.052511,3.027390,-0.025121
191,read_target_after,3.040707,2.878210,-0.162497
191,read_target_before,3.066060,3.035841,-0.030219
191,request_security_seed,3.202880,3.084379,-0.118501
191,send_security_key,3.020383,3.023060,0.002677
191,session_reset,2.902210,2.889315,-0.012895
191,write_target,3.106009,3.279096,0.173087
192,enter_extended_session,3.105032,3.105541,0.000509
192,read_target_after,3.091343,3.020616,-0.070727
192,read_target_before,3.015774,3.013492,-0.002282
192,request_security_seed,3.044479,3.059237,0.014758
192,send_security_key,3.010256,3.097440,0.087184
192,session_reset,2.826502,2.941765,0.115263
192,write_target,3.109571,3.107008,-0.002563
193,enter_extended_session,3.015006,3.067269,0.052263
193,read_target_after,3.291999,3.051415,-0.240584
193,read_target_before,3.029812,3.027320,-0.002492
193,request_security_seed,2.982948,3.101770,0.118822
193,send_security_key,3.148124,3.006228,-0.141896
193,session_reset,2.931475,2.875416,-0.056059
193,write_target,3.062568,3.124887,0.062319
194,enter_extended_session,3.079888,3.135503,0.055615
194,read_target_after,3.046853,3.061891,0.015038
194,read_target_before,3.030371,3.072228,0.041857
194,request_security_seed,2.777682,2.992330,0.214648
194,send_security_key,3.057120,3.017263,-0.039857
194,session_reset,2.756939,2.924235,0.167296
194,write_target,3.085616,3.096253,0.010637
195,enter_extended_session,3.089038,3.040381,-0.048657
195,read_target_after,3.041056,2.079580,-0.961476
195,read_target_before,3.043571,3.038495,-0.005076
195,request_security_seed,3.102378,3.117554,0.015176
195,send_security_key,2.863589,3.005250,0.141661
195,session_reset,3.023316,2.887010,-0.136306
195,write_target,3.134086,3.040310,-0.093776
196,enter_extended_session,2.946211,3.040101,0.093890
196,read_target_after,3.092041,3.086545,-0.005496
196,read_target_before,3.088898,2.981016,-0.107882
196,request_security_seed,3.157763,3.070761,-0.087002
196,send_security_key,2.985602,3.121536,0.135934
196,session_reset,2.946561,2.983809,0.037248
196,write_target,3.035329,3.111757,0.076428
197,enter_extended_session,3.238779,2.769188,-0.469591
197,read_target_after,3.132829,3.173637,0.040808
197,read_target_before,2.991539,3.041568,0.050029
197,request_security_seed,2.881817,3.055535,0.173718
197,send_security_key,3.133736,3.119231,-0.014505
197,session_reset,3.035260,3.198988,0.163728
197,write_target,3.098466,2.995892,-0.102574
198,enter_extended_session,3.081774,3.025784,-0.055990
198,read_target_after,3.094416,3.031720,-0.062696
198,read_target_before,2.855417,3.049669,0.194252
198,request_security_seed,3.030580,3.072647,0.042067
198,send_security_key,3.358697,3.014958,-0.343739
198,session_reset,3.028904,2.917251,-0.111653
198,write_target,3.081914,3.117414,0.035500
199,enter_extended_session,3.020454,2.880096,-0.140358
199,read_target_after,2.889150,3.020057,0.130907
199,read_target_before,3.026180,2.948120,-0.078060
199,request_security_seed,3.056911,2.900629,-0.156282
199,send_security_key,3.064803,3.075999,0.011196
199,session_reset,2.875112,3.008672,0.133560
199,write_target,3.297726,3.064615,-0.233111
200,enter_extended_session,3.116905,3.077885,-0.039020
200,read_target_after,3.010605,2.982692,-0.027913
200,read_target_before,3.171800,3.058469,-0.113331
200,request_security_seed,3.199039,3.037447,-0.161592
200,send_security_key,2.822591,3.064685,0.242094
200,session_reset,3.006694,2.931288,-0.075406
200,write_target,3.029393,3.106938,0.077545
201,enter_extended_session,3.084707,3.072577,-0.012130
201,read_target_after,3.022130,3.124608,0.102478
201,read_target_before,3.113692,3.382390,0.268698
201,request_security_seed,3.126683,3.058889,-0.067794
201,send_security_key,3.055374,3.001968,-0.053406
201,session_reset,2.756171,2.764300,0.008129
201,write_target,3.066968,2.702212,-0.364756
202,enter_extended_session,3.150359,3.047504,-0.102855
202,read_target_after,3.096581,3.011536,-0.085045
202,read_target_before,3.018218,3.045827,0.027609
202,request_security_seed,3.023107,2.998126,-0.024981
202,send_security_key,3.083241,3.130754,0.047513
202,session_reset,2.923792,2.926261,0.002469
202,write_target,3.151756,3.069644,-0.082112
203,enter_extended_session,3.091832,3.116856,0.025024
203,read_target_after,3.051324,2.803620,-0.247704
203,read_target_before,3.059285,3.154780,0.095495
203,request_security_seed,3.044758,3.110780,0.066022
203,send_security_key,3.100841,3.062800,-0.038041
203,session_reset,2.887683,2.805226,-0.082457
203,write_target,2.165518,2.942743,0.777225
204,enter_extended_session,2.205468,3.318975,1.113507
204,read_target_after,3.075628,2.891619,-0.184009
204,read_target_before,3.059914,3.074253,0.014339
204,request_security_seed,3.086384,2.815982,-0.270402
204,send_security_key,3.072625,2.858096,-0.214529
204,session_reset,2.990701,2.917600,-0.073101
204,write_target,3.126613,3.320581,0.193968
205,enter_extended_session,3.077374,3.092481,0.015107
205,read_target_after,3.061380,2.973961,-0.087419
205,read_target_before,3.083172,2.999034,-0.084138
205,request_security_seed,3.075559,2.997359,-0.078200
205,send_security_key,3.118302,3.083123,-0.035179
205,session_reset,2.931475,2.879886,-0.051589
205,write_target,3.026459,3.023409,-0.003050
206,enter_extended_session,3.087361,3.093599,0.006238
206,read_target_after,3.062079,3.087314,0.025235
206,read_target_before,3.090435,3.121675,0.031240
206,request_security_seed,3.043571,3.008254,-0.035317
206,send_security_key,3.113204,3.052114,-0.061090
206,session_reset,3.104613,2.960064,-0.144549
206,write_target,2.181582,3.106380,0.924798
207,enter_extended_session,3.014936,3.118183,0.103247
207,read_target_after,3.077654,3.085428,0.007774
207,read_target_before,3.130873,3.041637,-0.089236
207,request_security_seed,2.131645,3.005251,0.873606
207,send_security_key,2.190173,3.088850,0.898677
207,session_reset,3.082613,2.793493,-0.289120
207,write_target,2.571858,3.076837,0.504979
208,enter_extended_session,3.066340,3.107079,0.040739
208,read_target_after,3.147426,3.014959,-0.132467
208,read_target_before,3.083660,3.145631,0.061971
208,request_security_seed,3.067945,3.035771,-0.032174
208,send_security_key,3.144562,3.051066,-0.093496
208,session_reset,2.994193,2.956921,-0.037272
208,write_target,3.102867,3.066012,-0.036855
209,enter_extended_session,3.055165,3.092691,0.037526
209,read_target_after,3.087292,3.109313,0.022021
209,read_target_before,2.958643,2.963905,0.005262
209,request_security_seed,3.106498,3.085567,-0.020931
209,send_security_key,3.159159,3.071250,-0.087909
209,session_reset,2.991189,2.927657,-0.063532
209,write_target,3.144073,3.110780,-0.033293
210,enter_extended_session,3.050834,3.003994,-0.046840
210,read_target_after,3.080936,3.020615,-0.060321
210,read_target_before,3.071787,3.020127,-0.051660
210,request_security_seed,3.346754,3.068736,-0.278018
210,send_security_key,2.856045,3.070203,0.214158
210,session_reset,2.979107,2.898533,-0.080574
210,write_target,3.225230,3.077326,-0.147904
211,enter_extended_session,3.018707,3.089060,0.070353
211,read_target_after,3.799889,3.078724,-0.721165
211,read_target_before,3.054955,2.994425,-0.060530
211,request_security_seed,3.046854,3.147377,0.100523
211,send_security_key,2.966465,2.992889,0.026424
211,session_reset,2.825036,2.898604,0.073568
211,write_target,3.070739,3.125307,0.054568
212,enter_extended_session,3.025273,3.044152,0.018879
212,read_target_after,3.032047,3.042895,0.010848
212,read_target_before,3.038822,2.979968,-0.058854
212,request_security_seed,3.038822,3.023828,-0.014994
212,send_security_key,3.018777,2.891549,-0.127228
212,session_reset,2.216153,2.890153,0.674000
212,write_target,2.738711,3.088222,0.349511
213,enter_extended_session,3.021920,3.097021,0.075101
213,read_target_after,3.018777,3.091783,0.073006
213,read_target_before,3.086594,3.076069,-0.010525
213,request_security_seed,3.112505,3.389655,0.277150
213,send_security_key,3.050067,2.718065,-0.332002
213,session_reset,2.976033,2.955873,-0.020160
213,write_target,3.049577,3.142348,0.092771
214,enter_extended_session,3.124727,3.065104,-0.059623
214,read_target_after,2.985392,2.980387,-0.005005
214,read_target_before,2.846058,3.065802,0.219744
214,request_security_seed,3.201413,3.073066,-0.128347
214,send_security_key,2.876090,3.094158,0.218068
214,session_reset,2.941881,2.843080,-0.098801
214,write_target,3.102238,3.139275,0.037037
215,enter_extended_session,3.088479,3.079770,-0.008709
215,read_target_after,3.031279,3.041149,0.009870
215,read_target_before,3.014517,3.050717,0.036200
215,request_security_seed,3.094485,3.214144,0.119659
215,send_security_key,3.058936,2.905098,-0.153838
215,session_reset,2.953196,2.918020,-0.035176
215,write_target,3.070739,3.116158,0.045419
216,enter_extended_session,3.154270,3.024037,-0.130233
216,read_target_after,3.070670,3.084240,0.013570
216,read_target_before,2.958224,3.063079,0.104855
216,request_security_seed,2.981970,3.060076,0.078106
216,send_security_key,3.049298,3.131173,0.081875
216,session_reset,2.990840,2.989257,-0.001583
216,write_target,3.073603,3.066012,-0.007591
217,enter_extended_session,3.023107,3.132222,0.109115
217,read_target_after,3.053000,3.075510,0.022510
217,read_target_before,3.025343,3.075371,0.050028
217,request_security_seed,3.056003,3.008673,-0.047330
217,send_security_key,3.104683,3.148284,0.043601
217,session_reset,2.888312,2.993867,0.105555
217,write_target,3.079329,3.148494,0.069165
218,enter_extended_session,3.092740,3.025365,-0.067375
218,read_target_after,3.065851,3.062031,-0.003820
218,read_target_before,3.059914,3.232861,0.172947
218,request_security_seed,3.067317,3.062520,-0.004797
218,send_security_key,3.059705,3.043943,-0.015762
218,session_reset,2.973589,2.934153,-0.039436
218,write_target,3.084009,2.933734,-0.150275
219,enter_extended_session,2.885448,3.095555,0.210107
219,read_target_after,3.009138,3.019009,0.009871
219,read_target_before,3.069692,3.069155,-0.000537
219,request_security_seed,3.019965,3.032000,0.012035
219,send_security_key,3.040149,3.008323,-0.031826
219,session_reset,3.025482,2.970331,-0.055151
219,write_target,3.122841,3.104494,-0.018347
220,enter_extended_session,3.271535,3.092621,-0.178914
220,read_target_after,3.007463,3.067758,0.060295
220,read_target_before,2.978688,3.164208,0.185520
220,request_security_seed,2.833417,3.124120,0.290703
220,send_security_key,3.117184,3.033536,-0.083648
220,session_reset,3.055654,2.874718,-0.180936
220,write_target,3.143654,3.017542,-0.126112
221,enter_extended_session,3.075209,3.064126,-0.011083
221,read_target_after,3.111317,3.043453,-0.067864
221,read_target_before,3.007742,3.031720,0.023978
221,request_security_seed,3.030091,3.086964,0.056873
221,send_security_key,3.090505,3.073066,-0.017439
221,session_reset,2.959621,2.892179,-0.067442
221,write_target,3.063127,3.038705,-0.024422
222,enter_extended_session,3.086593,3.053930,-0.032663
222,read_target_after,2.994332,3.410886,0.416554
222,read_target_before,3.065082,3.022781,-0.042301
222,request_security_seed,3.115648,3.108685,-0.006963
222,send_security_key,3.044549,3.082285,0.037736
222,session_reset,2.891874,2.917042,0.025168
222,write_target,3.088759,3.137739,0.048980
223,enter_extended_session,3.044548,2.949029,-0.095519
223,read_target_after,3.134644,3.054209,-0.080435
223,read_target_before,2.782153,3.055466,0.273313
223,request_security_seed,3.082264,3.098698,0.016434
223,send_security_key,3.282710,3.049111,-0.233599
223,session_reset,2.980643,2.628460,-0.352183
223,write_target,3.128988,3.064895,-0.064093
224,enter_extended_session,3.041336,3.150939,0.109603
224,read_target_after,3.032047,3.132710,0.100663
224,read_target_before,3.045247,3.050508,0.005261
224,request_security_seed,3.069971,3.007625,-0.062346
224,send_security_key,3.060054,3.103796,0.043742
224,session_reset,2.858769,2.988698,0.129929
224,write_target,3.051952,3.054419,0.002467
225,enter_extended_session,3.095254,3.072088,-0.023166
225,read_target_after,2.908217,3.021244,0.113027
225,read_target_before,3.119140,3.051485,-0.067655
225,request_security_seed,3.083101,3.029556,-0.053545
225,send_security_key,2.926026,3.140393,0.214367
225,session_reset,2.967304,2.935061,-0.032243
225,write_target,3.081984,3.089688,0.007704
226,enter_extended_session,3.167052,2.144393,-1.022659
226,read_target_after,2.930986,3.054838,0.123852
226,read_target_before,3.074232,3.011397,-0.062835
226,request_security_seed,2.991539,3.118323,0.126784
226,send_security_key,3.038473,3.199409,0.160936
226,session_reset,3.030580,2.998267,-0.032313
226,write_target,3.158112,3.128310,-0.029802
227,enter_extended_session,3.021850,3.077816,0.055966
227,read_target_after,3.007113,2.997568,-0.009545
227,read_target_before,3.056072,3.093949,0.037877
227,request_security_seed,3.158042,3.101701,-0.056341
227,send_security_key,3.071787,3.062660,-0.009127
227,session_reset,2.986161,2.911105,-0.075056
227,write_target,3.174804,3.181319,0.006515
228,enter_extended_session,3.044060,3.139834,0.095774
228,read_target_after,3.039241,2.953219,-0.086022
228,read_target_before,3.072137,3.029975,-0.042162
228,request_security_seed,3.025971,3.036399,0.010428
228,send_security_key,3.074580,3.063987,-0.010593
228,session_reset,2.911360,2.896998,-0.014362
228,write_target,3.064104,3.092622,0.028518
229,enter_extended_session,3.162791,3.086615,-0.076176
229,read_target_after,3.015774,2.959715,-0.056059
229,read_target_before,3.026320,3.034444,0.008124
229,request_security_seed,3.292557,3.002177,-0.290380
229,send_security_key,2.863448,3.105962,0.242514
229,session_reset,2.954452,2.902235,-0.052217
229,write_target,3.101749,3.116019,0.014270
230,enter_extended_session,3.073603,3.136761,0.063158
230,read_target_after,3.428749,3.010070,-0.418679
230,read_target_before,3.109851,3.038146,-0.071705
230,request_security_seed,3.042803,3.042267,-0.000536
230,send_security_key,3.075978,3.047504,-0.028474
230,session_reset,2.958503,2.964674,0.006171
230,write_target,2.936223,3.028229,0.092006
231,enter_extended_session,3.095603,2.924305,-0.171298
231,read_target_after,3.038123,3.006718,-0.031405
231,read_target_before,2.966116,3.021385,0.055269
231,request_security_seed,3.198759,2.989536,-0.209223
231,send_security_key,3.077095,2.830788,-0.246307
231,session_reset,2.550836,3.209605,0.658769
231,write_target,3.070041,3.053860,-0.016181
232,enter_extended_session,3.059006,3.047714,-0.011292
232,read_target_after,3.137089,3.054907,-0.082182
232,read_target_before,3.367917,3.101212,-0.266705
232,request_security_seed,3.077375,3.039124,-0.038251
232,send_security_key,3.083520,3.111688,0.028168
232,session_reset,2.886427,2.900699,0.014272
232,write_target,2.634507,3.068457,0.433950
233,enter_extended_session,3.214823,2.972635,-0.242188
233,read_target_after,3.221458,2.975848,-0.245610
233,read_target_before,3.018288,3.138018,0.119730
233,request_security_seed,2.994402,2.918019,-0.076383
233,send_security_key,3.056981,3.077396,0.020415
233,session_reset,3.004878,2.992889,-0.011989
233,write_target,3.177039,3.019079,-0.157960
234,enter_extended_session,3.088480,3.134177,0.045697
234,read_target_after,3.049996,3.017543,-0.032453
234,read_target_before,3.019196,3.072648,0.053452
234,request_security_seed,3.102727,3.064825,-0.037902
234,send_security_key,3.092251,2.991981,-0.100270
234,session_reset,2.723346,2.977454,0.254108
234,write_target,2.976942,3.056374,0.079432
235,enter_extended_session,3.142258,2.918369,-0.223889
235,read_target_after,3.123750,2.970679,-0.153071
235,read_target_before,3.041545,3.031442,-0.010103
235,request_security_seed,3.052580,3.128869,0.076289
235,send_security_key,3.022618,2.984019,-0.038599
235,session_reset,2.941323,3.072088,0.130765
235,write_target,3.093997,3.131453,0.037456
236,enter_extended_session,3.161395,3.093110,-0.068285
236,read_target_after,3.071718,2.951264,-0.120454
236,read_target_before,3.045247,2.969981,-0.075266
236,request_security_seed,3.037355,3.236145,0.198790
236,send_security_key,3.098537,2.933036,-0.165501
236,session_reset,2.887893,2.931430,0.043537
236,write_target,2.996218,3.143745,0.147527
237,enter_extended_session,3.125147,2.984368,-0.140779
237,read_target_after,3.052231,3.002877,-0.049354
237,read_target_before,3.099933,3.037448,-0.062485
237,request_security_seed,3.086593,3.082635,-0.003958
237,send_security_key,3.047412,3.059169,0.011757
237,session_reset,3.021850,3.014470,-0.007380
237,write_target,3.027926,3.074883,0.046957
238,enter_extended_session,3.124518,3.087942,-0.036576
238,read_target_after,3.133248,2.925213,-0.208035
238,read_target_before,3.045457,3.051765,0.006308
238,request_security_seed,3.122143,3.146399,0.024256
238,send_security_key,3.079190,3.091225,0.012035
238,session_reset,2.935595,3.032489,0.096894
238,write_target,2.184446,3.209396,1.024950
239,enter_extended_session,3.090715,3.113504,0.022789
239,read_target_after,3.081565,3.082774,0.001209
239,read_target_before,3.011164,3.057422,0.046258
239,request_security_seed,3.038263,3.058819,0.020556
239,send_security_key,3.119000,3.033467,-0.085533
239,session_reset,2.999990,2.817379,-0.182611
239,write_target,2.138350,3.036400,0.898050
240,enter_extended_session,3.016262,3.067060,0.050798
240,read_target_after,3.134645,3.028858,-0.105787
240,read_target_before,3.104613,3.069086,-0.035527
240,request_security_seed,3.069272,3.212748,0.143476
240,send_security_key,3.141280,2.913061,-0.228219
240,session_reset,3.024434,2.893715,-0.130719
240,write_target,3.041336,3.101771,0.060435
241,enter_extended_session,3.137019,3.106381,-0.030638
241,read_target_after,3.087990,2.897068,-0.190922
241,read_target_before,3.115508,3.150590,0.035082
241,request_security_seed,2.995799,2.782040,-0.213759
241,send_security_key,3.082752,3.005460,-0.077292
241,session_reset,2.869664,2.866896,-0.002768
241,write_target,3.092321,3.168957,0.076636
242,enter_extended_session,3.305688,3.071181,-0.234507
242,read_target_after,2.974846,3.094158,0.119312
242,read_target_before,3.087571,3.047714,-0.039857
242,request_security_seed,2.838934,3.067689,0.228755
242,send_security_key,3.139394,3.109314,-0.030080
242,session_reset,2.992237,2.960204,-0.032033
242,write_target,3.051603,3.094158,0.042555
243,enter_extended_session,3.090853,3.132710,0.041857
243,read_target_after,3.219922,2.992680,-0.227242
243,read_target_before,3.113273,3.016914,-0.096359
243,request_security_seed,3.035120,3.043593,0.008473
243,send_security_key,3.097279,3.051695,-0.045584
243,session_reset,3.006764,2.907544,-0.099220
243,write_target,3.075558,3.088850,0.013292
244,enter_extended_session,3.075838,3.123073,0.047235
244,read_target_after,3.114739,3.039752,-0.074987
244,read_target_before,3.125774,3.080330,-0.045444
244,request_security_seed,3.050275,3.003156,-0.047119
244,send_security_key,3.048041,3.076349,0.028308
244,session_reset,2.663701,2.995753,0.332052
244,write_target,3.027298,3.080330,0.053032
245,enter_extended_session,3.231865,3.145003,-0.086862
245,read_target_after,3.035189,2.998826,-0.036363
245,read_target_before,3.048669,2.856420,-0.192249
245,request_security_seed,2.899347,3.057003,0.157656
245,send_security_key,3.105242,3.291529,0.186287
245,session_reset,2.956129,2.928566,-0.027563
245,write_target,3.083031,3.048832,-0.034199
246,enter_extended_session,2.128851,3.051136,0.922285
246,read_target_after,3.140162,2.993448,-0.146714
246,read_target_before,3.065571,3.013283,-0.052288
246,request_security_seed,2.201556,2.974242,0.772686
246,send_security_key,3.099584,3.053022,-0.046562
246,session_reset,3.037983,2.934223,-0.103760
246,write_target,3.062987,3.098558,0.035571
247,enter_extended_session,3.128010,2.839449,-0.288561
247,read_target_after,3.044479,3.108895,0.064416
247,read_target_before,3.055374,3.044013,-0.011361
247,request_security_seed,2.951868,3.079562,0.127694
247,send_security_key,3.131013,3.047085,-0.083928
247,session_reset,3.020384,2.882471,-0.137913
247,write_target,3.075977,3.063638,-0.012339
248,enter_extended_session,2.955640,3.009790,0.054150
248,read_target_after,3.079818,3.033606,-0.046212
248,read_target_before,3.092181,3.010838,-0.081343
248,request_security_seed,3.133737,3.019499,-0.114238
248,send_security_key,3.091622,3.059796,-0.031826
248,session_reset,2.860934,3.038635,0.177701
248,write_target,3.020872,3.069784,0.048912
249,enter_extended_session,3.110131,3.062102,-0.048029
249,read_target_after,3.060822,3.102609,0.041787
249,read_target_before,3.064664,2.991981,-0.072683
249,request_security_seed,3.058168,3.105473,0.047305
249,send_security_key,2.999361,3.118812,0.119451
249,session_reset,2.914224,2.913620,-0.000604
249,write_target,3.054816,3.098349,0.043533
250,enter_extended_session,3.064873,3.055746,-0.009127
250,read_target_after,2.891804,2.787348,-0.104456
250,read_target_before,2.946840,3.055885,0.109045
250,request_security_seed,3.069831,3.082215,0.012384
250,send_security_key,3.152804,3.054000,-0.098804
250,session_reset,2.922535,2.845595,-0.076940
250,write_target,3.112575,3.344957,0.232382
251,enter_extended_session,2.984066,3.118324,0.134258
251,read_target_after,3.007812,3.080959,0.073147
251,read_target_before,3.042663,3.048343,0.005680
251,request_security_seed,3.064174,3.107847,0.043673
251,send_security_key,3.053209,3.012096,-0.041113
251,session_reset,3.023735,2.815005,-0.208730
251,write_target,3.120816,3.050159,-0.070657
252,enter_extended_session,3.052162,3.051416,-0.000746
252,read_target_after,3.049997,2.980877,-0.069120
252,read_target_before,3.017589,3.051137,0.033548
252,request_security_seed,3.052650,3.055886,0.003236
252,send_security_key,3.055094,3.095695,0.040601
252,session_reset,2.912338,2.883169,-0.029169
252,write_target,3.058656,3.064755,0.006099
253,enter_extended_session,3.087361,3.053651,-0.033710
253,read_target_after,3.074790,3.057352,-0.017438
253,read_target_before,3.022618,3.125238,0.102620
253,request_security_seed,3.061869,3.075790,0.013921
253,send_security_key,3.025133,2.995124,-0.030009
253,session_reset,2.953684,2.665126,-0.288558
253,write_target,3.066479,3.039822,-0.026657
254,enter_extended_session,3.087781,3.029276,-0.058505
254,read_target_after,3.114880,3.065524,-0.049356
254,read_target_before,3.098816,3.311154,0.212338
254,request_security_seed,3.087291,3.062870,-0.024421
254,send_security_key,3.046085,3.002807,-0.043278
254,session_reset,2.876509,2.940439,0.063930
254,write_target,3.023107,2.830370,-0.192737
255,enter_extended_session,3.117045,3.085498,-0.031547
255,read_target_after,3.073114,3.005321,-0.067793
255,read_target_before,3.048809,3.080679,0.031870
255,request_security_seed,3.047971,2.994566,-0.053405
255,send_security_key,3.069902,2.172120,-0.897782
255,session_reset,2.948726,2.963347,0.014621
255,write_target,3.102168,3.135504,0.033336
256,enter_extended_session,3.184163,2.585857,-0.598306
256,read_target_after,3.112296,2.949798,-0.162498
256,read_target_before,2.964300,3.096324,0.132024
256,request_security_seed,3.132759,2.955734,-0.177025
256,send_security_key,3.056492,3.099746,0.043254
256,session_reset,2.926795,3.455654,0.528859
256,write_target,3.109990,3.119720,0.009730
257,enter_extended_session,3.059285,3.066292,0.007007
257,read_target_after,2.996358,3.116438,0.120080
257,read_target_before,3.052092,2.991353,-0.060739
257,request_security_seed,3.085196,2.995055,-0.090141
257,send_security_key,3.025901,3.070622,0.044721
257,session_reset,2.902839,2.989467,0.086628
257,write_target,3.088758,3.053930,-0.034828
258,enter_extended_session,3.095533,3.059727,-0.035806
258,read_target_after,3.015145,3.019918,0.004773
258,read_target_before,3.003342,3.099397,0.096055
258,request_security_seed,3.046924,3.033886,-0.013038
258,send_security_key,3.055933,3.059308,0.003375
258,session_reset,2.948725,2.925283,-0.023442
258,write_target,3.051603,3.049670,-0.001933
259,enter_extended_session,3.000548,3.025785,0.025237
259,read_target_after,3.062917,3.024248,-0.038669
259,read_target_before,2.966675,2.865080,-0.101595
259,request_security_seed,3.061660,3.053581,-0.008079
259,send_security_key,3.039869,3.055607,0.015738
259,session_reset,2.962834,2.804668,-0.158166
259,write_target,3.019546,3.070902,0.051356
260,enter_extended_session,3.103006,3.001480,-0.101526
260,read_target_after,3.086244,3.037937,-0.048307
260,read_target_before,3.024644,3.010560,-0.014084
260,request_security_seed,3.053489,3.046597,-0.006892
260,send_security_key,3.072905,2.997429,-0.075476
260,session_reset,2.853810,2.962299,0.108489
260,write_target,3.029253,3.030464,0.001211
261,enter_extended_session,3.028764,3.035214,0.006450
261,read_target_after,3.029812,3.355363,0.325551
261,read_target_before,3.062218,2.951055,-0.111163
261,request_security_seed,3.048320,3.108896,0.060576
261,send_security_key,3.065850,3.125447,0.059597
261,session_reset,2.896972,2.914389,0.017417
261,write_target,3.014028,3.085638,0.071610
262,enter_extended_session,3.056981,3.078793,0.021812
262,read_target_after,3.044060,3.106940,0.062880
262,read_target_before,3.016193,2.969772,-0.046421
262,request_security_seed,3.130454,3.032769,-0.097685
262,send_security_key,3.039450,3.047505,0.008055
262,session_reset,2.958992,2.605413,-0.353579
262,write_target,2.897392,3.078305,0.180913
263,enter_extended_session,3.051463,3.238660,0.187197
263,read_target_after,3.006974,2.918789,-0.088185
263,read_target_before,3.071158,3.008814,-0.062344
263,request_security_seed,3.076466,2.823875,-0.252591
263,send_security_key,3.034491,3.103169,0.068678
263,session_reset,2.917017,2.952242,0.035225
263,write_target,3.061101,3.107010,0.045909
264,enter_extended_session,3.027926,3.051835,0.023909
264,read_target_after,3.035819,3.057143,0.021324
264,read_target_before,2.914223,3.047156,0.132933
264,request_security_seed,3.188562,3.087035,-0.101527
264,send_security_key,2.867639,3.011188,0.143549
264,session_reset,2.948307,3.004972,0.056665
264,write_target,3.159997,3.050857,-0.109140
265,enter_extended_session,3.108454,2.874230,-0.234224
265,read_target_after,3.059355,2.997150,-0.062205
265,read_target_before,3.035609,3.048134,0.012525
265,request_security_seed,2.791931,3.022293,0.230362
265,send_security_key,3.055793,3.021176,-0.034617
265,session_reset,2.919112,3.077746,0.158634
265,write_target,3.066758,3.092972,0.026214
266,enter_extended_session,3.133737,2.718275,-0.415462
266,read_target_after,3.053698,2.933315,-0.120383
266,read_target_before,3.032745,2.896859,-0.135886
266,request_security_seed,3.050905,2.996731,-0.054174
266,send_security_key,2.998592,3.252767,0.254175
266,session_reset,2.898579,2.941557,0.042978
266,write_target,3.114041,3.174197,0.060156
267,enter_extended_session,3.053558,3.047295,-0.006263
267,read_target_after,3.020174,3.051207,0.031033
267,read_target_before,2.986510,3.013982,0.027472
267,request_security_seed,3.080727,3.105542,0.024815
267,send_security_key,3.093298,3.010280,-0.083018
267,session_reset,2.907519,2.877861,-0.029658
267,write_target,3.031558,3.146540,0.114982
268,enter_extended_session,3.099445,3.084940,-0.014505
268,read_target_after,3.050276,3.007765,-0.042511
268,read_target_before,3.074092,3.073486,-0.000606
268,request_security_seed,3.024993,3.052185,0.027192
268,send_security_key,3.033443,3.028578,-0.004865
268,session_reset,2.955501,2.985068,0.029567
268,write_target,3.082682,3.077327,-0.005355
269,enter_extended_session,2.836210,2.760180,-0.076030
269,read_target_after,3.044060,2.959156,-0.084904
269,read_target_before,3.012841,3.063499,0.050658
269,request_security_seed,3.049298,2.982762,-0.066536
269,send_security_key,3.040218,3.051626,0.011408
269,session_reset,2.950192,3.304240,0.354048
269,write_target,3.062498,3.081657,0.019159
270,enter_extended_session,3.057819,3.064267,0.006448
270,read_target_after,2.975754,2.980807,0.005053
270,read_target_before,2.998383,3.165117,0.166734
270,request_security_seed,3.015774,3.266735,0.250961
270,send_security_key,3.099095,2.848878,-0.250217
270,session_reset,2.947817,2.971798,0.023981
270,write_target,3.090296,2.970960,-0.119336
271,enter_extended_session,3.079400,3.149054,0.069654
271,read_target_after,3.051812,3.091505,0.039693
271,read_target_before,2.999989,3.073696,0.073707
271,request_security_seed,3.009139,3.021036,0.011897
271,send_security_key,3.064453,3.087035,0.022582
271,session_reset,2.946630,2.958948,0.012318
271,write_target,3.082822,3.067061,-0.015761
272,enter_extended_session,3.087990,3.274907,0.186917
272,read_target_after,3.025622,3.043314,0.017692
272,read_target_before,3.043082,3.085359,0.042277
272,request_security_seed,3.006974,2.814028,-0.192946
272,send_security_key,3.070250,3.032280,-0.037970
272,session_reset,2.938109,2.900420,-0.037689
272,write_target,3.083241,3.008394,-0.074847
273,enter_extended_session,2.903817,3.051765,0.147948
273,read_target_after,3.018777,3.005251,-0.013526
273,read_target_before,2.992586,3.054420,0.061834
273,request_security_seed,3.065361,3.033886,-0.031475
273,send_security_key,3.041755,3.073067,0.031312
273,session_reset,2.844591,2.926610,0.082019
273,write_target,3.075559,3.091784,0.016225
274,enter_extended_session,3.045527,3.333085,0.287558
274,read_target_after,3.022269,3.013003,-0.009266
274,read_target_before,3.038402,2.983391,-0.055011
274,request_security_seed,3.119000,2.694320,-0.424680
274,send_security_key,2.981062,3.135994,0.154932
274,session_reset,2.981133,2.993169,0.012036
274,write_target,3.085197,3.075930,-0.009267
275,enter_extended_session,3.047132,3.066083,0.018951
275,read_target_after,2.957526,3.168888,0.211362
275,read_target_before,2.975475,3.017054,0.041579
275,request_security_seed,3.081774,3.035841,-0.045933
275,send_security_key,3.099235,3.066292,-0.032943
275,session_reset,2.926376,2.815424,-0.110952
275,write_target,3.164258,3.099956,-0.064302
276,enter_extended_session,2.140236,3.151219,1.010983
276,read_target_after,3.011094,3.099118,0.088024
276,read_target_before,3.024016,3.072788,0.048772
276,request_security_seed,3.107965,2.933106,-0.174859
276,send_security_key,3.112225,3.109035,-0.003190
276,session_reset,3.014447,2.824014,-0.190433
276,write_target,3.124728,3.025226,-0.099502
277,enter_extended_session,3.044828,3.049740,0.004912
277,read_target_after,3.029323,3.061474,0.032151
277,read_target_before,2.961018,2.943303,-0.017715
277,request_security_seed,3.112016,3.031023,-0.080993
277,send_security_key,3.100352,3.072020,-0.028332
277,session_reset,2.943767,2.878840,-0.064927
277,write_target,3.069273,2.184482,-0.884791
278,enter_extended_session,3.076396,3.240406,0.164010
278,read_target_after,2.802197,2.942604,0.140407
278,read_target_before,3.028205,3.025366,-0.002839
278,request_security_seed,3.040498,3.087315,0.046817
278,send_security_key,2.892992,2.794122,-0.098870
278,session_reset,2.933360,2.748167,-0.185193
278,write_target,3.299821,3.225809,-0.074012
279,enter_extended_session,3.085755,3.069785,-0.015970
279,read_target_after,3.037495,2.764370,-0.273125
279,read_target_before,3.039451,3.082146,0.042695
279,request_security_seed,3.028834,2.869201,-0.159633
279,send_security_key,3.094555,3.037867,-0.056688
279,session_reset,2.976872,2.871296,-0.105576
279,write_target,3.034212,3.082287,0.048075
280,enter_extended_session,3.030860,3.084521,0.053661
280,read_target_after,2.996777,2.989607,-0.007170
280,read_target_before,3.057469,3.096882,0.039413
280,request_security_seed,3.067945,3.043175,-0.024770
280,send_security_key,3.024573,2.962159,-0.062414
280,session_reset,2.988605,2.956712,-0.031893
280,write_target,3.108803,3.053930,-0.054873
281,enter_extended_session,2.993913,3.103099,0.109186
281,read_target_after,3.145261,2.845666,-0.299595
281,read_target_before,3.044270,2.977805,-0.066465
281,request_security_seed,3.048390,2.860821,-0.187569
281,send_security_key,3.045876,3.121328,0.075452
281,session_reset,2.810159,2.912294,0.102135
281,write_target,3.070251,3.047436,-0.022815
282,enter_extended_session,3.017380,3.040661,0.023281
282,read_target_after,3.076816,3.047366,-0.029450
282,read_target_before,2.967583,3.210374,0.242791
282,request_security_seed,3.148613,2.985556,-0.163057
282,send_security_key,3.024714,3.036750,0.012036
282,session_reset,2.835930,2.954827,0.118897
282,write_target,3.120607,2.927728,-0.192879
283,enter_extended_session,3.089946,3.107149,0.017203
283,read_target_after,3.067318,2.912014,-0.155304
283,read_target_before,3.081495,2.857398,-0.224097
283,request_security_seed,3.087362,3.028928,-0.058434
283,send_security_key,3.127102,3.275675,0.148573
283,session_reset,3.019196,2.868503,-0.150693
283,write_target,3.028625,2.997150,-0.031475
284,enter_extended_session,3.156436,3.235796,0.079360
284,read_target_after,3.031139,3.096952,0.065813
284,read_target_before,2.764622,3.073556,0.308934
284,request_security_seed,3.017380,2.825342,-0.192038
284,send_security_key,3.058517,3.031233,-0.027284
284,session_reset,3.030231,2.908453,-0.121778
284,write_target,3.049298,2.148654,-0.900644
285,enter_extended_session,3.063546,2.142019,-0.921527
285,read_target_after,3.005857,2.955176,-0.050681
285,read_target_before,3.162721,2.991843,-0.170878
285,request_security_seed,3.097699,2.168558,-0.929141
285,send_security_key,2.984764,3.211981,0.227217
285,session_reset,2.931684,3.003087,0.071403
285,write_target,3.033025,3.297257,0.264232
286,enter_extended_session,3.102169,3.045410,-0.056759
286,read_target_after,3.015983,3.042547,0.026564
286,read_target_before,3.028345,3.000363,-0.027982
286,request_security_seed,3.089387,3.311294,0.221907
286,send_security_key,3.068434,2.838402,-0.230032
286,session_reset,2.961017,2.947912,-0.013105
286,write_target,3.142677,3.080819,-0.061858
287,enter_extended_session,3.015494,2.968656,-0.046838
287,read_target_after,3.058937,2.944979,-0.113958
287,read_target_before,2.991119,2.979062,-0.012057
287,request_security_seed,3.172778,3.044014,-0.128764
287,send_security_key,3.061799,3.070273,0.008474
287,session_reset,3.042175,2.933945,-0.108230
287,write_target,3.090924,3.243828,0.152904
288,enter_extended_session,3.055165,3.132851,0.077686
288,read_target_after,2.979246,3.075861,0.096615
288,read_target_before,3.050205,2.998128,-0.052077
288,request_security_seed,3.027926,3.082356,0.054430
288,send_security_key,3.058447,3.040801,-0.017646
288,session_reset,3.046016,2.951963,-0.094053
288,write_target,3.009069,3.078095,0.069026
289,enter_extended_session,3.043292,2.986605,-0.056687
289,read_target_after,3.042524,3.078654,0.036130
289,read_target_before,2.977081,3.061264,0.084183
289,request_security_seed,3.094765,3.117906,0.023141
289,send_security_key,3.053209,3.066293,0.013084
289,session_reset,2.929519,2.962998,0.033479
289,write_target,3.100492,3.126495,0.026003
290,enter_extended_session,3.115368,3.090597,-0.024771
290,read_target_after,3.072067,2.991354,-0.080713
290,read_target_before,3.036517,3.064407,0.027890
290,request_security_seed,2.996358,3.125029,0.128671
290,send_security_key,3.010605,3.022642,0.012037
290,session_reset,2.941672,2.955665,0.013993
290,write_target,3.079121,3.093112,0.013991
291,enter_extended_session,3.089527,3.060705,-0.028822
291,read_target_after,3.037215,2.994845,-0.042370
291,read_target_before,3.075977,3.024318,-0.051659
291,request_security_seed,3.044479,3.126425,0.081946
291,send_security_key,2.966256,3.123213,0.156957
291,session_reset,2.994402,2.879399,-0.115003
291,write_target,3.127870,3.083195,-0.044675
292,enter_extended_session,3.075978,3.058470,-0.017508
292,read_target_after,3.223693,2.985347,-0.238346
292,read_target_before,3.096581,3.031861,-0.064720
292,request_security_seed,3.036866,3.016636,-0.020230
292,send_security_key,3.032815,3.078306,0.045491
292,session_reset,2.609713,2.723444,0.113731
292,write_target,3.030091,3.127963,0.097872
293,enter_extended_session,3.064523,3.085639,0.021116
293,read_target_after,3.210423,3.006230,-0.204193
293,read_target_before,3.069203,3.056655,-0.012548
293,request_security_seed,3.047901,3.050229,0.002328
293,send_security_key,3.077933,3.075162,-0.002771
293,session_reset,2.724882,2.877932,0.153050
293,write_target,2.999291,3.055118,0.055827
294,enter_extended_session,3.052231,3.112528,0.060297
294,read_target_after,3.001317,3.174267,0.172950
294,read_target_before,3.056771,3.137950,0.081179
294,request_security_seed,2.980364,2.984229,0.003865
294,send_security_key,3.090365,3.069645,-0.020720
294,session_reset,2.869036,2.816332,-0.052704
294,write_target,3.049438,2.955176,-0.094262
295,enter_extended_session,3.073603,3.081239,0.007636
295,read_target_after,3.004319,3.004972,0.000653
295,read_target_before,3.067107,3.119721,0.052614
295,request_security_seed,2.993494,3.060216,0.066722
295,send_security_key,3.063546,3.106521,0.042975
295,session_reset,2.892573,2.806065,-0.086508
295,write_target,3.108104,3.057912,-0.050192
296,enter_extended_session,3.125077,3.078794,-0.046283
296,read_target_after,3.039659,3.048344,0.008685
296,read_target_before,3.090296,3.134598,0.044302
296,request_security_seed,3.066828,3.086337,0.019509
296,send_security_key,3.098606,3.025785,-0.072821
296,session_reset,2.878883,3.016147,0.137264
296,write_target,2.993214,3.106452,0.113238
297,enter_extended_session,3.111108,3.087454,-0.023654
297,read_target_after,3.175712,2.834421,-0.341291
297,read_target_before,3.022548,2.738530,-0.284018
297,request_security_seed,3.036098,3.007277,-0.028821
297,send_security_key,3.011862,3.336158,0.324296
297,session_reset,2.902210,2.941837,0.039627
297,write_target,3.042174,3.139835,0.097661
298,enter_extended_session,3.052092,2.933316,-0.118776
298,read_target_after,3.034003,2.986116,-0.047887
298,read_target_before,3.043012,3.045201,0.002189
298,request_security_seed,3.048740,2.992191,-0.056549
298,send_security_key,3.087920,3.073067,-0.014853
298,session_reset,2.848852,3.196057,0.347205
298,write_target,3.004180,3.069854,0.065674
299,enter_extended_session,3.041686,3.056376,0.014690
299,read_target_after,3.032746,3.154083,0.121337
299,read_target_before,2.890966,3.070344,0.179378
299,request_security_seed,3.069413,3.038217,-0.031196
299,send_security_key,3.174175,3.038566,-0.135609
299,session_reset,2.932522,2.945887,0.013365
299,write_target,3.105520,2.904960,-0.200560
300,enter_extended_session,3.015216,3.010280,-0.004936
300,read_target_after,3.037285,3.040522,0.003237
300,read_target_before,3.049228,3.087175,0.037947
300,request_security_seed,3.169007,3.110293,-0.058714
300,send_security_key,3.065711,3.011468,-0.054243
300,session_reset,2.918205,2.828554,-0.089651
300,write_target,3.012491,3.076490,0.063999
301,enter_extended_session,3.057539,3.121398,0.063859
301,read_target_after,3.047203,3.064128,0.016925
301,read_target_before,3.027787,2.987722,-0.040065
301,request_security_seed,3.027228,3.080331,0.053103
301,send_security_key,2.980923,3.028160,0.047237
301,session_reset,2.843124,2.743139,-0.099985
301,write_target,3.095184,3.139346,0.044162
302,enter_extended_session,3.060682,3.064268,0.003586
302,read_target_after,2.864357,3.056795,0.192438
302,read_target_before,3.029602,3.128033,0.098431
302,request_security_seed,3.080168,2.179174,-0.900994
302,send_security_key,3.065361,2.139714,-0.925647
302,session_reset,2.862820,3.044432,0.181612
302,write_target,3.266856,3.118045,-0.148811
303,enter_extended_session,3.092740,3.110991,0.018251
303,read_target_after,3.041127,3.057843,0.016716
303,read_target_before,3.064733,3.010700,-0.054033
303,request_security_seed,3.008930,3.029557,0.020627
303,send_security_key,3.017938,3.085988,0.068050
303,session_reset,2.960879,2.917671,-0.043208
303,write_target,3.088828,3.149054,0.060226
304,enter_extended_session,3.024364,3.119931,0.095567
304,read_target_after,3.084079,3.119722,0.035643
304,read_target_before,2.984694,3.064128,0.079434
304,request_security_seed,3.046435,3.072788,0.026353
304,send_security_key,3.036586,3.053303,0.016717
304,session_reset,3.001666,2.900770,-0.100896
304,write_target,3.093927,3.115601,0.021674
305,enter_extended_session,3.068085,3.078864,0.010779
305,read_target_after,3.063616,3.081867,0.018251
305,read_target_before,3.087082,3.156109,0.069027
305,request_security_seed,3.088060,2.912014,-0.176046
305,send_security_key,3.042733,3.047087,0.004354
305,session_reset,2.919322,2.775825,-0.143497
305,write_target,3.007323,3.063220,0.055897
306,enter_extended_session,2.169639,3.122305,0.952666
306,read_target_after,3.000199,3.092204,0.092005
306,read_target_before,3.328806,3.074884,-0.253922
306,request_security_seed,3.168029,2.135174,-1.032855
306,send_security_key,2.924840,2.163949,-0.760891
306,session_reset,2.926586,2.996242,0.069656
306,write_target,2.883703,3.067969,0.184266
307,enter_extended_session,3.107477,3.159391,0.051914
307,read_target_after,3.038892,3.074464,0.035572
307,read_target_before,3.069273,3.097302,0.028029
307,request_security_seed,3.132690,3.082217,-0.050473
307,send_security_key,2.926865,3.093600,0.166735
307,session_reset,2.986440,3.003366,0.016926
307,write_target,3.117952,3.051556,-0.066396
308,enter_extended_session,3.052161,3.021456,-0.030705
308,read_target_after,3.034840,3.065106,0.030266
308,read_target_before,3.199528,3.111271,-0.088257
308,request_security_seed,3.099235,3.083474,-0.015761
308,send_security_key,3.107477,3.077817,-0.029660
308,session_reset,2.881748,3.017334,0.135586
308,write_target,2.847455,3.128311,0.280856
309,enter_extended_session,3.126892,3.115810,-0.011082
309,read_target_after,3.065152,3.083055,0.017903
309,read_target_before,3.048321,3.024877,-0.023444
309,request_security_seed,3.005297,3.094439,0.089142
309,send_security_key,3.064803,3.135086,0.070283
309,session_reset,2.919741,2.947215,0.027474
309,write_target,3.100003,2.141531,-0.958472
310,enter_extended_session,3.002714,3.087175,0.084461
310,read_target_after,3.113133,3.001900,-0.111233
310,read_target_before,3.006345,2.117645,-0.888700
310,request_security_seed,3.063685,3.074255,0.010570
310,send_security_key,3.081495,3.035633,-0.045862
310,session_reset,3.003341,3.018732,0.015391
310,write_target,3.044968,3.224762,0.179794
311,enter_extended_session,3.095184,3.121677,0.026493
311,read_target_after,2.999082,3.044293,0.045211
311,read_target_before,3.052650,3.064478,0.011828
311,request_security_seed,3.074580,3.094998,0.020418
311,send_security_key,3.014935,3.155689,0.140754
311,session_reset,3.018148,2.873952,-0.144196
311,write_target,3.068924,3.068389,-0.000535
312,enter_extended_session,3.066479,3.054630,-0.011849
312,read_target_after,3.118582,3.108896,-0.009686
312,read_target_before,3.219363,2.219124,-1.000239
312,request_security_seed,3.041685,3.157575,0.115890
312,send_security_key,3.075000,2.981995,-0.093005
312,session_reset,2.906681,2.952453,0.045772
312,write_target,2.863868,3.048693,0.184825
313,enter_extended_session,3.336069,3.065595,-0.270474
313,read_target_after,3.186677,2.829812,-0.356865
313,read_target_before,3.062079,3.072090,0.010011
313,request_security_seed,2.762596,2.151028,-0.611568
313,send_security_key,3.049508,2.131612,-0.917896
313,session_reset,2.829785,2.931081,0.101296
313,write_target,3.143654,2.402106,-0.741548
314,enter_extended_session,3.090086,2.160527,-0.929559
314,read_target_after,3.067596,2.114432,-0.953164
314,read_target_before,3.006973,3.078795,0.071822
314,request_security_seed,3.053837,2.175892,-0.877945
314,send_security_key,3.030650,3.093462,0.062812
314,session_reset,2.705396,3.024249,0.318853
314,write_target,3.053278,2.138807,-0.914471
315,enter_extended_session,3.105172,3.074674,-0.030498
315,read_target_after,2.804362,2.111498,-0.692864
315,read_target_before,3.051742,3.037938,-0.013804
315,request_security_seed,2.995310,3.099537,0.104227
315,send_security_key,2.799893,2.189511,-0.610382
315,session_reset,2.941462,2.842104,-0.099358
315,write_target,3.314418,2.139644,-1.174774
316,enter_extended_session,3.184652,3.084172,-0.100480
316,read_target_after,3.015844,2.964814,-0.051030
316,read_target_before,3.028136,3.048833,0.020697
316,request_security_seed,3.064174,3.098350,0.034176
316,send_security_key,3.035679,3.087176,0.051497
316,session_reset,2.955570,3.005182,0.049612
316,write_target,3.085616,3.152058,0.066442
317,enter_extended_session,2.988605,3.034096,0.045491
317,read_target_after,3.082194,3.048553,-0.033641
317,read_target_before,3.143584,3.082985,-0.060599
317,request_security_seed,3.069413,3.072649,0.003236
317,send_security_key,3.031069,3.093461,0.062392
317,session_reset,2.943767,2.929195,-0.014572
317,write_target,3.008300,3.101772,0.093472
318,enter_extended_session,3.071159,3.070205,-0.000954
318,read_target_after,3.103845,3.025786,-0.078059
318,read_target_before,2.982878,3.076001,0.093123
318,request_security_seed,3.195756,3.050230,-0.145526
318,send_security_key,2.910871,3.094998,0.184127
318,session_reset,2.839283,2.877932,0.038649
318,write_target,3.074860,3.074464,-0.000396
319,enter_extended_session,2.801568,3.088224,0.286656
319,read_target_after,3.060752,3.078795,0.018043
319,read_target_before,3.024644,3.043036,0.018392
319,request_security_seed,2.986999,3.054071,0.067072
319,send_security_key,3.061590,3.136972,0.075382
319,session_reset,3.188493,3.076420,-0.112073
319,write_target,3.026669,3.084522,0.057853
320,enter_extended_session,3.076536,2.975221,-0.101315
320,read_target_after,2.985602,3.040242,0.054640
320,read_target_before,3.042733,2.995614,-0.047119
320,request_security_seed,3.030580,3.126566,0.095986
320,send_security_key,3.050346,3.081797,0.031451
320,session_reset,2.961367,2.937576,-0.023791
320,write_target,3.067596,3.073417,0.005821
321,enter_extended_session,2.939996,3.043875,0.103879
321,read_target_after,3.009278,3.095836,0.086558
321,read_target_before,3.046365,3.040592,-0.005773
321,request_security_seed,3.141838,3.172312,0.030474
321,send_security_key,3.053209,2.977875,-0.075334
321,session_reset,2.961297,2.956643,-0.004654
321,write_target,3.060403,3.065316,0.004913
322,enter_extended_session,3.168030,3.074884,-0.093146
322,read_target_after,3.310227,3.103589,-0.206638
322,read_target_before,2.954872,2.991633,0.036761
322,request_security_seed,2.952846,3.080820,0.127974
322,send_security_key,3.123609,3.029138,-0.094471
322,session_reset,2.908497,2.934503,0.026006
322,write_target,3.094695,3.077398,-0.017297
323,enter_extended_session,3.197084,3.257658,0.060574
323,read_target_after,3.062568,3.043037,-0.019531
323,read_target_before,3.054536,3.024877,-0.029659
323,request_security_seed,2.972053,2.799641,-0.172412
323,send_security_key,2.878464,3.138858,0.260394
323,session_reset,2.661815,2.845456,0.183641
323,write_target,3.058168,3.150870,0.092702
324,enter_extended_session,3.064733,3.122725,0.057992
324,read_target_after,3.081006,3.067900,-0.013106
324,read_target_before,3.115089,2.818288,-0.296801
324,request_security_seed,3.119768,3.068737,-0.051031
324,send_security_key,2.982808,3.294883,0.312075
324,session_reset,2.928542,2.939951,0.011409
324,write_target,3.051184,3.094579,0.043395
325,enter_extended_session,3.029393,3.158344,0.128951
325,read_target_after,3.022199,2.990027,-0.032172
325,read_target_before,2.974847,3.092344,0.117497
325,request_security_seed,3.126892,3.193683,0.066791
325,send_security_key,2.991888,2.861729,-0.130159
325,session_reset,2.917925,2.926262,0.008337
325,write_target,3.134714,3.134598,-0.000116
326,enter_extended_session,3.611805,3.108827,-0.502978
326,read_target_after,2.994611,3.019011,0.024400
326,read_target_before,3.010606,3.028998,0.018392
326,request_security_seed,2.571510,3.129011,0.557501
326,send_security_key,3.112295,3.035074,-0.077221
326,session_reset,2.867430,2.941139,0.073709
326,write_target,3.156925,3.205137,0.048212
327,enter_extended_session,3.029393,2.864663,-0.164730
327,read_target_after,3.078352,3.075163,-0.003189
327,read_target_before,3.247858,3.025157,-0.222701
327,request_security_seed,3.037215,3.068179,0.030964
327,send_security_key,3.070879,3.024319,-0.046560
327,session_reset,2.919881,3.141372,0.221491
327,write_target,2.860236,3.050440,0.190204
328,enter_extended_session,3.077026,3.141303,0.064277
328,read_target_after,2.906611,3.062801,0.156190
328,read_target_before,2.935595,3.085081,0.149486
328,request_security_seed,2.978828,3.036681,0.057853
328,send_security_key,3.091413,3.036262,-0.055151
328,session_reset,2.979736,2.918929,-0.060807
328,write_target,3.252468,3.086757,-0.165711
329,enter_extended_session,3.091273,3.052814,-0.038459
329,read_target_after,3.102169,3.014401,-0.087768
329,read_target_before,3.008440,3.049112,0.040672
329,request_security_seed,3.035260,3.008815,-0.026445
329,send_security_key,3.107755,3.108478,0.000723
329,session_reset,2.929030,3.007138,0.078108
329,write_target,3.095394,3.081658,-0.013736
330,enter_extended_session,3.135622,3.025296,-0.110326
330,read_target_after,3.294024,3.063151,-0.230873
330,read_target_before,3.091832,3.044503,-0.047329
330,request_security_seed,3.032396,3.139417,0.107021
330,send_security_key,3.035888,3.098839,0.062951
330,session_reset,2.935595,2.982484,0.046889
330,write_target,3.177598,3.046389,-0.131209
331,enter_extended_session,3.112575,3.008046,-0.104529
331,read_target_after,3.013050,2.893856,-0.119194
331,read_target_before,3.021570,3.091785,0.070215
331,request_security_seed,3.000200,3.114973,0.114773
331,send_security_key,3.098117,3.024877,-0.073240
331,session_reset,2.525414,2.925844,0.400430
331,write_target,2.888522,3.111690,0.223168
332,enter_extended_session,3.282919,3.115461,-0.167458
332,read_target_after,3.030510,3.079493,0.048983
332,read_target_before,2.860934,3.118604,0.257670
332,request_security_seed,2.825525,3.019221,0.193696
332,send_security_key,3.063406,3.060706,-0.002700
332,session_reset,2.987139,2.748797,-0.238342
332,write_target,3.098956,3.067062,-0.031894
333,enter_extended_session,2.903607,3.080331,0.176724
333,read_target_after,3.023317,3.132572,0.109255
333,read_target_before,3.073115,3.127614,0.054499
333,request_security_seed,3.143794,3.007069,-0.136725
333,send_security_key,3.109362,2.741324,-0.368038
333,session_reset,2.936433,2.878422,-0.058011
333,write_target,2.952846,3.012586,0.059740
334,enter_extended_session,3.036098,3.127335,0.091237
334,read_target_after,2.859957,3.013983,0.154026
334,read_target_before,3.125007,3.125518,0.000511
334,request_security_seed,3.031558,3.103658,0.072100
334,send_security_key,3.092460,2.981717,-0.110743
334,session_reset,2.945303,2.996871,0.051568
334,write_target,3.136600,3.071602,-0.064998
335,enter_extended_session,2.822032,3.017684,0.195652
335,read_target_after,3.105521,3.057354,-0.048167
335,read_target_before,3.130454,3.040731,-0.089723
335,request_security_seed,3.034421,2.163879,-0.870542
335,send_security_key,3.004319,3.086896,0.082577
335,session_reset,2.968560,2.894974,-0.073586
335,write_target,3.112784,2.211232,-0.901552
336,enter_extended_session,3.172709,3.089760,-0.082949
336,read_target_after,3.082543,3.047576,-0.034967
336,read_target_before,2.978618,3.046459,0.067841
336,request_security_seed,3.096372,3.066294,-0.030078
336,send_security_key,3.089317,3.008465,-0.080852
336,session_reset,2.769301,2.896370,0.127069
336,write_target,3.125775,3.180484,0.054709
337,enter_extended_session,3.060123,3.056656,-0.003467
337,read_target_after,3.126474,3.050649,-0.075825
337,read_target_before,2.936503,3.051488,0.114985
337,request_security_seed,3.085476,3.015659,-0.069817
337,send_security_key,2.997964,3.033398,0.035434
337,session_reset,2.914223,2.949030,0.034807
337,write_target,3.065921,3.073068,0.007147
338,enter_extended_session,2.845080,3.030954,0.185874
338,read_target_after,3.043012,2.898676,-0.144336
338,read_target_before,2.992097,2.969285,-0.022812
338,request_security_seed,3.067387,3.057843,-0.009544
338,send_security_key,2.868058,3.223365,0.355307
338,session_reset,3.120955,2.958879,-0.162076
338,write_target,3.102308,2.234140,-0.868168
339,enter_extended_session,3.028206,3.092484,0.064278
339,read_target_after,3.144772,2.973545,-0.171227
339,read_target_before,3.001806,3.093951,0.092145
339,request_security_seed,3.040637,3.030674,-0.009963
339,send_security_key,3.018219,3.038288,0.020069
339,session_reset,2.930846,2.880307,-0.050539
339,write_target,3.138905,3.100795,-0.038110
340,enter_extended_session,3.012142,3.065036,0.052894
340,read_target_after,3.017031,3.086826,0.069795
340,read_target_before,2.998243,3.045481,0.047238
340,request_security_seed,3.105031,3.038357,-0.066674
340,send_security_key,3.028625,2.969913,-0.058712
340,session_reset,2.820286,2.876745,0.056459
340,write_target,3.135134,3.060637,-0.074497
341,enter_extended_session,3.029812,3.091506,0.061694
341,read_target_after,3.147566,3.057494,-0.090072
341,read_target_before,2.839633,3.031373,0.191740
341,request_security_seed,3.232912,3.008186,-0.224726
341,send_security_key,2.852902,3.051697,0.198795
341,session_reset,2.966116,2.894695,-0.071421
341,write_target,2.856255,3.135576,0.279321
342,enter_extended_session,3.088340,2.839869,-0.248471
342,read_target_after,3.080378,3.064338,-0.016040
342,read_target_before,3.047133,3.000294,-0.046839
342,request_security_seed,3.119768,3.038986,-0.080782
342,send_security_key,3.049787,3.140813,0.091026
342,session_reset,2.788509,2.917533,0.129024
342,write_target,3.045806,3.002109,-0.043697
343,enter_extended_session,3.074720,2.997709,-0.077011
343,read_target_after,3.057749,2.942535,-0.115214
343,read_target_before,3.076955,3.055888,-0.021067
343,request_security_seed,3.047482,3.100656,0.053174
343,send_security_key,3.111317,3.109665,-0.001652
343,session_reset,2.969818,2.848739,-0.121079
343,write_target,3.007463,3.239429,0.231966
344,enter_extended_session,3.007812,3.150451,0.142639
344,read_target_after,2.860306,3.131734,0.271428
344,read_target_before,3.015006,3.017196,0.002190
344,request_security_seed,3.092042,2.833165,-0.258877
344,send_security_key,3.023597,3.115042,0.091445
344,session_reset,2.992516,2.505821,-0.486695
344,write_target,3.138416,3.063151,-0.075265
345,enter_extended_session,3.046435,2.866548,-0.179887
345,read_target_after,2.936852,3.082706,0.145854
345,read_target_before,2.973868,3.057842,0.083974
345,request_security_seed,3.008511,3.104496,0.095985
345,send_security_key,3.128498,2.957552,-0.170946
345,session_reset,2.965977,3.085569,0.119592
345,write_target,3.308202,3.109735,-0.198467
346,enter_extended_session,3.157623,3.117906,-0.039717
346,read_target_after,3.093787,3.131735,0.037948
346,read_target_before,3.111527,2.950498,-0.161029
346,request_security_seed,2.922605,3.096395,0.173790
346,send_security_key,3.136321,3.045900,-0.090421
346,session_reset,2.838027,2.871367,0.033340
346,write_target,2.972891,3.033468,0.060577
347,enter_extended_session,3.153642,3.013704,-0.139938
347,read_target_after,3.092111,2.831349,-0.260762
347,read_target_before,3.135343,2.940301,-0.195042
347,request_security_seed,2.963812,3.065804,0.101992
347,send_security_key,3.068504,3.135506,0.067002
347,session_reset,2.936154,2.933107,-0.003047
347,write_target,3.051952,2.396660,-0.655292
348,enter_extended_session,3.054745,3.024808,-0.029937
348,read_target_after,3.031278,3.128522,0.097244
348,read_target_before,2.811836,3.051278,0.239442
348,request_security_seed,3.082264,3.024040,-0.058224
348,send_security_key,3.255192,3.034865,-0.220327
348,session_reset,2.876788,2.901678,0.024890
348,write_target,3.106918,3.101913,-0.005005
349,enter_extended_session,3.061800,2.927519,-0.134281
349,read_target_after,2.804153,2.970402,0.166249
349,read_target_before,3.027857,3.061335,0.033478
349,request_security_seed,3.061660,3.041710,-0.019950
349,send_security_key,3.061381,3.049671,-0.011710
349,session_reset,2.983298,3.075582,0.092284
349,write_target,3.253306,3.110852,-0.142454
350,enter_extended_session,3.088270,3.076212,-0.012058
350,read_target_after,3.060263,3.037170,-0.023093
350,read_target_before,3.087851,3.100167,0.012316
350,request_security_seed,3.053488,3.087805,0.034317
350,send_security_key,3.042174,3.014192,-0.027982
350,session_reset,2.907659,2.944002,0.036343
350,write_target,3.032117,3.099608,0.067491
351,enter_extended_session,2.757079,3.047437,0.290358
351,read_target_after,3.081915,3.049183,-0.032732
351,read_target_before,3.033584,3.062452,0.028868
351,request_security_seed,3.071787,3.073418,0.001631
351,send_security_key,2.875462,3.012376,0.136914
351,session_reset,3.172219,2.768212,-0.404007
351,write_target,3.051673,3.037938,-0.013735
352,enter_extended_session,3.104612,3.049741,-0.054871
352,read_target_after,3.055863,3.060287,0.004424
352,read_target_before,2.897043,2.837076,-0.059967
352,request_security_seed,3.022828,3.265201,0.242373
352,send_security_key,3.273980,2.836517,-0.437463
352,session_reset,2.778940,2.946587,0.167647
352,write_target,3.093019,3.066294,-0.026725
353,enter_extended_session,3.123820,3.151220,0.027400
353,read_target_after,3.040288,3.082567,0.042279
353,read_target_before,3.057330,3.105614,0.048284
353,request_security_seed,3.018777,3.024599,0.005822
353,send_security_key,3.068435,3.101144,0.032709
353,session_reset,2.939227,2.923120,-0.016107
353,write_target,3.100771,3.037938,-0.062833
354,enter_extended_session,3.078282,3.096465,0.018183
354,read_target_after,3.056981,3.284686,0.227705
354,read_target_before,3.086594,3.098071,0.011477
354,request_security_seed,3.070530,3.020828,-0.049702
354,send_security_key,2.938947,3.110154,0.171207
354,session_reset,2.938040,2.947215,0.009175
354,write_target,3.082124,3.096046,0.013922
355,enter_extended_session,3.060263,3.037240,-0.023023
355,read_target_after,2.977221,3.105963,0.128742
355,read_target_before,3.075000,3.207512,0.132512
355,request_security_seed,3.095184,3.210375,0.115191
355,send_security_key,3.014447,2.913203,-0.101244
355,session_reset,2.945164,2.726378,-0.218786
355,write_target,3.118930,2.859914,-0.259016
356,enter_extended_session,3.057470,3.013075,-0.044395
356,read_target_after,3.244227,2.846435,-0.397792
356,read_target_before,3.015914,3.015729,-0.000185
356,request_security_seed,3.122143,3.000503,-0.121640
356,send_security_key,3.080866,3.111970,0.031104
356,session_reset,2.951728,2.914600,-0.037128
356,write_target,3.103844,3.251511,0.147667
357,enter_extended_session,3.056702,3.035425,-0.021277
357,read_target_after,3.025342,3.145144,0.119802
357,read_target_before,3.043780,2.943025,-0.100755
357,request_security_seed,3.141559,3.086059,-0.055500
357,send_security_key,3.077933,3.045272,-0.032661
357,session_reset,2.808553,2.908383,0.099830
357,write_target,2.968979,3.092624,0.123645
358,enter_extended_session,3.102028,3.025437,-0.076591
358,read_target_after,3.118372,3.139347,0.020975
358,read_target_before,3.011374,3.103588,0.092214
358,request_security_seed,3.317351,3.122236,-0.195115
358,send_security_key,2.856535,3.025227,0.168692
358,session_reset,3.014936,2.900492,-0.114444
358,write_target,3.035819,3.040593,0.004774
359,enter_extended_session,3.131851,2.889387,-0.242464
359,read_target_after,3.074580,3.011050,-0.063530
359,read_target_before,3.246532,3.114903,-0.131629
359,request_security_seed,3.057819,3.064548,0.006729
359,send_security_key,3.064872,2.962021,-0.102851
359,session_reset,2.896064,2.797546,-0.098518
359,write_target,2.858140,3.167005,0.308865
360,enter_extended_session,3.196385,2.984231,-0.212154
360,read_target_after,3.068784,2.930314,-0.138470
360,read_target_before,3.056492,3.042059,-0.014433
360,request_security_seed,2.880630,3.091157,0.210527
360,send_security_key,3.091762,3.166097,0.074335
360,session_reset,2.901233,2.901050,-0.000183
360,write_target,3.065361,3.173360,0.107999
361,enter_extended_session,3.043990,3.121957,0.077967
361,read_target_after,3.087013,3.014472,-0.072541
361,read_target_before,2.983856,3.029488,0.045632
361,request_security_seed,2.883702,2.979971,0.096269
361,send_security_key,3.191356,3.064339,-0.127017
361,session_reset,2.934268,2.975710,0.041442
361,write_target,3.121445,2.820663,-0.300782
362,enter_extended_session,3.076676,2.905939,-0.170737
362,read_target_after,2.817074,2.967819,0.150745
362,read_target_before,3.034911,3.067482,0.032571
362,request_security_seed,3.078841,2.976898,-0.101943
362,send_security_key,3.060961,2.666944,-0.394017
362,session_reset,2.848782,3.065036,0.216254
362,write_target,3.325452,3.092763,-0.232689
363,enter_extended_session,2.895017,3.055748,0.160731
363,read_target_after,3.050066,3.011539,-0.038527
363,read_target_before,3.019336,3.120351,0.101015
363,request_security_seed,3.071648,3.279308,0.207660
363,send_security_key,3.085197,2.835120,-0.250077
363,session_reset,2.930986,2.956574,0.025588
363,write_target,3.147217,3.068878,-0.078339
364,enter_extended_session,3.095393,3.052535,-0.042858
364,read_target_after,3.014936,2.634817,-0.380119
364,read_target_before,3.055654,2.960834,-0.094820
364,request_security_seed,3.052860,3.061964,0.009104
364,send_security_key,3.093508,3.075932,-0.017576
364,session_reset,2.921976,2.794264,-0.127712
364,write_target,3.049508,3.488133,0.438625
365,enter_extended_session,3.123330,3.096395,-0.026935
365,read_target_after,3.087012,3.031513,-0.055499
365,read_target_before,2.998034,2.874232,-0.123802
365,request_security_seed,3.096651,3.031653,-0.064998
365,send_security_key,2.997755,3.033468,0.035713
365,session_reset,3.016053,2.913482,-0.102571
365,write_target,3.148404,3.058751,-0.089653
366,enter_extended_session,3.004110,3.075513,0.071403
366,read_target_after,3.194150,3.019152,-0.174998
366,read_target_before,3.030720,3.095627,0.064907
366,request_security_seed,3.159928,3.011050,-0.148878
366,send_security_key,3.065082,3.095557,0.030475
366,session_reset,2.951379,2.861800,-0.089579
366,write_target,3.063476,2.989888,-0.073588
367,enter_extended_session,3.010536,2.991774,-0.018762
367,read_target_after,3.073952,2.994149,-0.079803
367,read_target_before,3.161743,3.010771,-0.150972
367,request_security_seed,3.122702,3.059450,-0.063252
367,send_security_key,3.045247,3.093043,0.047796
367,session_reset,2.803454,2.991634,0.188180
367,write_target,3.011653,3.118605,0.106952
368,enter_extended_session,3.062568,2.841267,-0.221301
368,read_target_after,2.778172,3.172312,0.394140
368,read_target_before,2.982809,3.009094,0.026285
368,request_security_seed,3.077375,3.110713,0.033338
368,send_security_key,3.127312,3.141373,0.014061
368,session_reset,2.983157,3.107431,0.124274
368,write_target,3.297726,3.055818,-0.241908
369,enter_extended_session,3.211820,3.108338,-0.103482
369,read_target_after,3.052022,2.982205,-0.069817
369,read_target_before,2.773493,3.068879,0.295386
369,request_security_seed,2.920300,3.166026,0.245726
369,send_security_key,3.075489,2.998339,-0.077150
369,session_reset,2.944815,2.649204,-0.295611
369,write_target,3.096441,3.082148,-0.014293
370,enter_extended_session,2.647568,3.061684,0.414116
370,read_target_after,2.939297,3.119932,0.180635
370,read_target_before,3.022129,3.338464,0.316335
370,request_security_seed,3.036447,3.111691,0.075244
370,send_security_key,3.018009,3.000993,-0.017016
370,session_reset,3.342634,2.897419,-0.445215
370,write_target,3.259173,2.728613,-0.530560
371,enter_extended_session,3.090784,3.061824,-0.028960
371,read_target_after,3.074581,3.258007,0.183426
371,read_target_before,3.041196,3.118396,0.077200
371,request_security_seed,3.012072,3.104637,0.092565
371,send_security_key,3.072136,3.003786,-0.068350
371,session_reset,3.035050,2.876187,-0.158863
371,write_target,3.090574,3.098351,0.007777
372,enter_extended_session,3.155737,3.130827,-0.024910
372,read_target_after,3.101190,3.016358,-0.084832
372,read_target_before,3.176969,3.087595,-0.089374
372,request_security_seed,2.813163,3.066503,0.253340
372,send_security_key,3.068923,3.046808,-0.022115
372,session_reset,2.777753,2.672252,-0.105501
372,write_target,2.999221,3.122446,0.123225
373,enter_extended_session,3.082613,3.228535,0.145922
373,read_target_after,3.037774,3.042478,0.004704
373,read_target_before,3.138486,3.062872,-0.075614
373,request_security_seed,3.056492,2.945609,-0.110883
373,send_security_key,3.042593,2.999736,-0.042857
373,session_reset,2.919742,2.965234,0.045492
373,write_target,3.001038,3.110294,0.109256
374,enter_extended_session,3.074302,3.140395,0.066093
374,read_target_after,3.095673,3.036472,-0.059201
374,read_target_before,3.036307,3.096954,0.060647
374,request_security_seed,3.246322,3.007628,-0.238694
374,send_security_key,2.927703,3.037799,0.110096
374,session_reset,2.932383,2.847134,-0.085249
374,write_target,3.054816,3.026973,-0.027843
375,enter_extended_session,3.006694,2.851463,-0.155231
375,read_target_after,3.034911,3.065316,0.030405
375,read_target_before,3.021640,3.199341,0.177701
375,request_security_seed,3.078702,3.055329,-0.023373
375,send_security_key,3.082263,3.051069,-0.031194
375,session_reset,2.936503,3.120560,0.184057
375,write_target,3.086803,2.983952,-0.102851
376,enter_extended_session,3.014447,3.035494,0.021047
376,read_target_after,3.024155,2.969914,-0.054241
376,read_target_before,3.083591,3.007418,-0.076173
376,request_security_seed,3.149801,3.166586,0.016785
376,send_security_key,3.263294,3.063920,-0.199374
376,session_reset,2.937132,2.900771,-0.036361
376,write_target,2.876509,3.062453,0.185944
377,enter_extended_session,3.032466,3.172313,0.139847
377,read_target_after,2.995380,2.788887,-0.206493
377,read_target_before,3.028625,3.053444,0.024819
377,request_security_seed,3.075978,2.935901,-0.140077
377,send_security_key,3.086943,3.059730,-0.027213
377,session_reset,2.830902,2.924726,0.093824
377,write_target,3.123750,3.286293,0.162543
378,enter_extended_session,3.161324,2.959019,-0.202305
378,read_target_after,3.019266,3.044783,0.025517
378,read_target_before,2.878883,2.899514,0.020631
378,request_security_seed,3.043501,3.045831,0.002330
378,send_security_key,3.214264,3.223785,0.009521
378,session_reset,2.915830,2.859775,-0.056055
378,write_target,3.102867,3.062523,-0.040344
379,enter_extended_session,3.292488,2.841755,-0.450733
379,read_target_after,2.949913,3.074046,0.124133
379,read_target_before,3.108943,2.949660,-0.159283
379,request_security_seed,2.919323,3.117907,0.198584
379,send_security_key,3.066898,3.185373,0.118475
379,session_reset,2.992726,3.064967,0.072241
379,write_target,3.166074,3.057704,-0.108370
380,enter_extended_session,2.869455,3.137951,0.268496
380,read_target_after,2.862052,3.020758,0.158706
380,read_target_before,2.843334,2.997920,0.154586
380,request_security_seed,3.115019,3.065526,-0.049493
380,send_security_key,3.275236,3.045482,-0.229754
380,session_reset,2.789556,2.702074,-0.087482
380,write_target,3.074162,3.095557,0.021395
381,enter_extended_session,3.060403,3.042059,-0.018344
381,read_target_after,2.868058,3.082986,0.214928
381,read_target_before,3.092530,3.030675,-0.061855
381,request_security_seed,3.026809,3.059869,0.033060
381,send_security_key,3.047412,3.076910,0.029498
381,session_reset,2.927004,2.907895,-0.019109
381,write_target,3.266437,3.060986,-0.205451
382,enter_extended_session,3.049368,2.949730,-0.099638
382,read_target_after,3.104124,3.015101,-0.089023
382,read_target_before,3.041685,3.016777,-0.024908
382,request_security_seed,3.309669,3.259544,-0.050125
382,send_security_key,2.766368,2.891203,0.124835
382,session_reset,3.005088,2.861591,-0.143497
382,write_target,3.005298,3.124262,0.118964
383,enter_extended_session,3.060193,3.087805,0.027612
383,read_target_after,2.973310,3.075723,0.102413
383,read_target_before,2.942510,3.115881,0.173371
383,request_security_seed,3.019824,3.178947,0.159123
383,send_security_key,3.084149,2.990098,-0.094051
383,session_reset,2.909894,2.892321,-0.017573
383,write_target,3.177597,2.968517,-0.209080
384,enter_extended_session,2.933081,3.031374,0.098293
384,read_target_after,3.101470,2.934086,-0.167384
384,read_target_before,3.050555,3.082148,0.031593
384,request_security_seed,3.354438,3.314229,-0.040209
384,send_security_key,2.710984,2.764442,0.053458
384,session_reset,2.963463,2.956295,-0.007168
384,write_target,3.075070,3.190122,0.115052
385,enter_extended_session,2.867220,3.095627,0.228407
385,read_target_after,3.064594,3.160370,0.095776
385,read_target_before,3.052930,3.089411,0.036481
385,request_security_seed,3.064174,3.040243,-0.023931
385,send_security_key,3.066828,3.008675,-0.058153
385,session_reset,3.102238,2.798385,-0.303853
385,write_target,3.084359,3.020199,-0.064160
386,enter_extended_session,2.993215,3.029768,0.036553
386,read_target_after,3.263992,3.033330,-0.230662
386,read_target_before,3.034213,3.101774,0.067561
386,request_security_seed,3.330272,3.043526,-0.286746
386,send_security_key,2.870922,2.973615,0.102693
386,session_reset,3.012351,2.925076,-0.087275
386,write_target,3.092251,3.057425,-0.034826
387,enter_extended_session,3.140931,3.213728,0.072797
387,read_target_after,3.074581,3.029069,-0.045512
387,read_target_before,3.051324,2.957902,-0.093422
387,request_security_seed,3.135133,2.909641,-0.225492
387,send_security_key,3.022339,3.092834,0.070495
387,session_reset,2.705675,2.840498,0.134823
387,write_target,3.042104,3.140117,0.098013
388,enter_extended_session,3.081215,3.097304,0.016089
388,read_target_after,2.904097,3.168961,0.264864
388,read_target_before,3.056911,3.171335,0.114424
388,request_security_seed,3.080937,2.976130,-0.104807
388,send_security_key,2.956688,3.046041,0.089353
388,session_reset,2.943767,2.837356,-0.106411
388,write_target,3.200924,2.985558,-0.215366
389,enter_extended_session,2.997824,2.817381,-0.180443
389,read_target_after,3.044339,2.904054,-0.140285
389,read_target_before,3.017729,2.807255,-0.210474
389,request_security_seed,3.041196,3.048765,0.007569
389,send_security_key,3.062987,3.357880,0.294893
389,session_reset,3.024085,2.797058,-0.227027
389,write_target,3.089597,3.055539,-0.034058
390,enter_extended_session,3.029044,3.109665,0.080621
390,read_target_after,3.127660,2.969705,-0.157955
390,read_target_before,3.080169,3.065317,-0.014852
390,request_security_seed,3.075279,3.008117,-0.067162
390,send_security_key,2.990142,3.068320,0.078178
390,session_reset,2.708260,2.892321,0.184061
390,write_target,3.023386,3.069857,0.046471
391,enter_extended_session,3.139464,3.038777,-0.100687
391,read_target_after,3.091902,2.975013,-0.116889
391,read_target_before,3.028555,3.105545,0.076990
391,request_security_seed,2.873715,3.064339,0.190624
391,send_security_key,3.083660,3.032910,-0.050750
391,session_reset,2.736337,2.952943,0.216606
391,write_target,3.074511,3.118535,0.044024
392,enter_extended_session,3.083800,3.224973,0.141173
392,read_target_after,3.058167,2.942606,-0.115561
392,read_target_before,3.146239,2.992542,-0.153697
392,request_security_seed,3.059006,3.020200,-0.038806
392,send_security_key,3.038822,3.101285,0.062463
392,session_reset,2.903538,2.874861,-0.028677
392,write_target,3.003830,3.106034,0.102204
393,enter_extended_session,3.044548,3.084453,0.039905
393,read_target_after,3.090784,3.123285,0.032501
393,read_target_before,3.053070,2.821223,-0.231847
393,request_security_seed,3.033374,3.073279,0.039905
393,send_security_key,3.030999,3.221970,0.190971
393,session_reset,2.931823,2.995825,0.064002
393,write_target,3.088829,3.141583,0.052754
394,enter_extended_session,3.195686,3.024459,-0.171227
394,read_target_after,2.928053,3.111132,0.183079
394,read_target_before,3.071228,3.109805,0.038577
394,request_security_seed,2.958643,3.077260,0.118617
394,send_security_key,3.072346,3.029558,-0.042788
394,session_reset,2.933360,2.897838,-0.035522
394,write_target,3.183674,3.039196,-0.144478
395,enter_extended_session,3.139603,2.996454,-0.143149
395,read_target_after,3.062638,2.888340,-0.174298
395,read_target_before,3.026669,3.050301,0.023632
395,request_security_seed,3.076955,3.038567,-0.038388
395,send_security_key,3.036307,3.019570,-0.016737
395,session_reset,2.929170,2.978155,0.048985
395,write_target,3.072625,2.974454,-0.098171
396,enter_extended_session,2.988116,3.033539,0.045423
396,read_target_after,3.260150,3.070206,-0.189944
396,read_target_before,3.026600,3.280566,0.253966
396,request_security_seed,2.210077,3.103171,0.893094
396,send_security_key,3.074511,2.998688,-0.075823
396,session_reset,2.922465,2.958530,0.036065
396,write_target,3.029463,2.850276,-0.179187
397,enter_extended_session,3.075838,3.058891,-0.016947
397,read_target_after,3.092879,2.977806,-0.115073
397,read_target_before,3.087153,3.100936,0.013783
397,request_security_seed,3.080936,3.138440,0.057504
397,send_security_key,3.038613,2.922073,-0.116540
397,session_reset,2.657834,2.902587,0.244753
397,write_target,3.116696,3.133691,0.016995
398,enter_extended_session,3.227675,2.696836,-0.530839
398,read_target_after,2.911360,3.075723,0.164363
398,read_target_before,2.838445,2.975921,0.137476
398,request_security_seed,2.803175,3.088155,0.284980
398,send_security_key,3.111527,3.053583,-0.057944
398,session_reset,2.917018,3.337557,0.420539
398,write_target,3.201902,3.074815,-0.127087
399,enter_extended_session,3.061031,3.148498,0.087467
399,read_target_after,3.095603,3.016847,-0.078756
399,read_target_before,2.941043,3.066504,0.125461
399,request_security_seed,3.202391,3.158415,-0.043976
399,send_security_key,3.008650,2.812981,-0.195669
399,session_reset,2.893411,2.903426,0.010015
399,write_target,3.087013,3.024739,-0.062274
400,enter_extended_session,3.048180,3.093322,0.045142
400,read_target_after,2.826921,3.072720,0.245799
400,read_target_before,3.047901,2.974733,-0.073168
400,request_security_seed,3.084987,3.050930,-0.034057
400,send_security_key,3.022269,2.981508,-0.040761
400,session_reset,2.932313,2.891762,-0.040551
400,write_target,3.273490,3.094161,-0.179329
401,enter_extended_session,3.082053,3.263525,0.181472
401,read_target_after,2.900605,2.964117,0.063512
401,read_target_before,2.986790,3.135577,0.148787
401,request_security_seed,3.085546,2.841128,-0.244418
401,send_security_key,3.085896,3.035494,-0.050402
401,session_reset,2.833766,2.749496,-0.084270
401,write_target,3.062777,2.999946,-0.062831
402,enter_extended_session,3.092250,3.129780,0.037530
402,read_target_after,3.039590,3.093672,0.054082
402,read_target_before,3.063755,2.988701,-0.075054
402,request_security_seed,3.074790,3.075514,0.000724
402,send_security_key,2.963183,3.255633,0.292450
402,session_reset,2.942160,2.915159,-0.027001
402,write_target,3.064943,2.916555,-0.148388
403,enter_extended_session,2.758266,2.836379,0.078113
403,read_target_after,3.093159,3.263385,0.170226
403,read_target_before,2.899487,3.131316,0.231829
403,request_security_seed,3.027018,3.040104,0.013086
403,send_security_key,3.099375,3.013495,-0.085880
403,session_reset,3.001107,3.205138,0.204031
403,write_target,2.874763,2.982066,0.107303
404,enter_extended_session,2.991050,2.917464,-0.073586
404,read_target_after,2.965558,3.033400,0.067842
404,read_target_before,3.237243,2.908244,-0.328999
404,request_security_seed,3.043641,3.047787,0.004146
404,send_security_key,3.116207,3.151710,0.035503
404,session_reset,2.873785,2.687827,-0.185958
404,write_target,2.926586,3.111481,0.184895
405,enter_extended_session,3.085406,3.120770,0.035364
405,read_target_after,3.051673,2.971870,-0.079803
405,read_target_before,3.106988,3.007559,-0.099429
405,request_security_seed,3.037984,3.037241,-0.000743
405,send_security_key,2.941113,3.108967,0.167854
405,session_reset,2.711123,2.935203,0.224080
405,write_target,3.136041,3.118466,-0.017575
406,enter_extended_session,2.880979,3.070136,0.189157
406,read_target_after,2.983647,2.814378,-0.169269
406,read_target_before,3.063196,2.850765,-0.212431
406,request_security_seed,3.167540,3.125031,-0.042509
406,send_security_key,2.879861,3.253678,0.373817
406,session_reset,3.062289,3.013495,-0.048794
406,write_target,3.037285,3.066504,0.029219
407,enter_extended_session,3.045456,3.009514,-0.035942
407,read_target_after,3.174176,3.017686,-0.156490
407,read_target_before,3.044060,2.991216,-0.052844
407,request_security_seed,3.376088,3.060777,-0.315311
407,send_security_key,2.744229,3.144168,0.399939
407,session_reset,3.013539,2.871229,-0.142310
407,write_target,3.098886,3.105545,0.006659
408,enter_extended_session,2.805690,3.070275,0.264585
408,read_target_after,3.017659,3.080682,0.063023
408,read_target_before,2.915621,2.814379,-0.101242
408,request_security_seed,3.003342,3.301589,0.298247
408,send_security_key,3.170893,2.935762,-0.235131
408,session_reset,3.076676,2.990796,-0.085880
408,write_target,3.077165,3.106942,0.029777
409,enter_extended_session,3.284875,3.122796,-0.162079
409,read_target_after,3.075559,2.906149,-0.169410
409,read_target_before,3.044549,2.974035,-0.070514
409,request_security_seed,2.786552,3.039406,0.252854
409,send_security_key,3.028625,3.088784,0.060159
409,session_reset,2.925050,2.869344,-0.055706
409,write_target,3.136600,3.248020,0.111420
410,enter_extended_session,3.093717,3.035984,-0.057733
410,read_target_after,3.066479,3.013285,-0.053194
410,read_target_before,3.039659,3.123844,0.084185
410,request_security_seed,3.121724,3.077749,-0.043975
410,send_security_key,3.078911,3.066714,-0.012197
410,session_reset,2.931824,2.940860,0.009036
410,write_target,3.043222,3.044575,0.001353
411,enter_extended_session,3.044549,3.044644,0.000095
411,read_target_after,3.213636,3.019432,-0.194204
411,read_target_before,3.083241,3.020479,-0.062762
411,request_security_seed,3.046923,3.109805,0.062882
411,send_security_key,3.044968,2.737973,-0.306995
411,session_reset,2.896763,2.918931,0.022168
411,write_target,3.124728,3.081171,-0.043557
412,enter_extended_session,3.067945,3.127406,0.059461
412,read_target_after,2.955570,3.023483,0.067913
412,read_target_before,3.028345,3.099889,0.071544
412,request_security_seed,3.106009,3.030467,-0.075542
412,send_security_key,3.020174,2.922562,-0.097612
412,session_reset,2.699669,2.926054,0.226385
412,write_target,2.923653,2.894207,-0.029446
413,enter_extended_session,3.194779,3.083057,-0.111722
413,read_target_after,2.744648,3.001203,0.256555
413,read_target_before,3.032606,3.242433,0.209827
413,request_security_seed,2.865963,3.036752,0.170789
413,send_security_key,3.139394,2.953292,-0.186102
413,session_reset,2.983018,2.831908,-0.151110
413,write_target,3.383422,2.780646,-0.602776
414,enter_extended_session,3.083172,3.171685,0.088513
414,read_target_after,3.041895,2.938067,-0.103828
414,read_target_before,3.018358,3.050650,0.032292
414,request_security_seed,3.078143,2.995896,-0.082247
414,send_security_key,3.118721,3.031375,-0.087346
414,session_reset,2.956687,2.953851,-0.002836
414,write_target,3.077025,3.183767,0.106742
415,enter_extended_session,3.108454,2.831560,-0.276894
415,read_target_after,3.139534,2.858378,-0.281156
415,read_target_before,3.119140,3.267646,0.148506
415,request_security_seed,3.095045,3.020828,-0.074217
415,send_security_key,2.980714,3.048765,0.068051
415,session_reset,2.990212,3.037450,0.047238
415,write_target,3.046085,2.870600,-0.175485
416,enter_extended_session,3.015983,2.986677,-0.029306
416,read_target_after,3.027857,3.066574,0.038717
416,read_target_before,2.832439,3.110853,0.278414
416,request_security_seed,3.161883,3.111901,-0.049982
416,send_security_key,3.305059,2.992962,-0.312097
416,session_reset,2.822382,2.986048,0.163666
416,write_target,3.132201,3.023063,-0.109138
417,enter_extended_session,3.292558,3.040314,-0.252244
417,read_target_after,3.068435,2.907058,-0.161377
417,read_target_before,3.369383,3.020549,-0.348834
417,request_security_seed,2.933360,3.077888,0.144528
417,send_security_key,3.067946,3.087946,0.020000
417,session_reset,2.981971,2.878911,-0.103060
417,write_target,2.750375,3.187608,0.437233
418,enter_extended_session,3.040219,3.082707,0.042488
418,read_target_after,3.079120,3.077819,-0.001301
418,read_target_before,2.799683,2.906359,0.106676
418,request_security_seed,3.031349,3.280357,0.249008
418,send_security_key,3.294723,2.836379,-0.458344
418,session_reset,2.972612,2.939673,-0.032939
418,write_target,3.082892,3.063641,-0.019251
419,enter_extended_session,2.998174,3.022574,0.024400
419,read_target_after,3.084638,3.068321,-0.016317
419,read_target_before,3.046644,3.042548,-0.004096
419,request_security_seed,2.933500,2.739579,-0.193921
419,send_security_key,3.023317,3.065527,0.042210
419,session_reset,2.990072,2.818779,-0.171293
419,write_target,3.075279,3.053445,-0.021834
420,enter_extended_session,3.049019,3.042060,-0.006959
420,read_target_after,3.046853,2.765630,-0.281223
420,read_target_before,3.013749,2.869204,-0.144545
420,request_security_seed,3.090645,3.052257,-0.038388
420,send_security_key,2.993215,3.026067,0.032852
420,session_reset,2.932941,2.917464,-0.015477
420,write_target,3.086593,3.343982,0.257389
421,enter_extended_session,3.039660,3.038638,-0.001022
421,read_target_after,3.083660,3.034028,-0.049632
421,read_target_before,3.223833,2.706614,-0.517219
421,request_security_seed,2.844033,3.096536,0.252503
421,send_security_key,3.075000,3.184326,0.109326
421,session_reset,2.987278,2.917464,-0.069814
421,write_target,2.831670,3.020619,0.188949
422,enter_extended_session,3.620535,3.141863,-0.478672
422,read_target_after,3.111317,2.671344,-0.439973
422,read_target_before,3.076955,3.029628,-0.047327
422,request_security_seed,2.510537,3.016149,0.505612
422,send_security_key,3.062289,3.062733,0.000444
422,session_reset,2.970167,2.835820,-0.134347
422,write_target,3.030231,3.426115,0.395884
423,enter_extended_session,3.054606,3.090390,0.035784
423,read_target_after,2.898858,3.011609,0.112751
423,read_target_before,2.819867,3.064409,0.244542
423,request_security_seed,3.094136,2.911807,-0.182329
423,send_security_key,3.299332,3.031723,-0.267609
423,session_reset,2.851296,2.966982,0.115686
423,write_target,3.070320,2.826391,-0.243929
424,enter_extended_session,3.047692,2.900492,-0.147200
424,read_target_after,3.123191,3.053933,-0.069258
424,read_target_before,3.057330,3.305430,0.248100
424,request_security_seed,3.188493,2.993311,-0.195182
424,send_security_key,2.892223,3.093672,0.201449
424,session_reset,2.893690,3.154364,0.260674
424,write_target,2.933290,2.785674,-0.147616
425,enter_extended_session,2.853601,3.054282,0.200681
425,read_target_after,3.056422,3.163723,0.107301
425,read_target_before,3.019894,2.644316,-0.375578
425,request_security_seed,3.028276,3.101285,0.073009
425,send_security_key,3.078632,3.209119,0.130487
425,session_reset,2.901513,2.893649,-0.007864
425,write_target,3.093997,3.097863,0.003866
426,enter_extended_session,3.035539,2.837357,-0.198182
426,read_target_after,3.025343,3.024949,-0.000394
426,read_target_before,2.882446,3.133622,0.251176
426,request_security_seed,2.468842,3.052047,0.583205
426,send_security_key,2.828877,2.861731,0.032854
426,session_reset,2.966884,2.973895,0.007011
426,write_target,2.881817,2.972778,0.090961
427,enter_extended_session,3.020733,2.990098,-0.030635
427,read_target_after,2.970027,3.016498,0.046471
427,read_target_before,3.098537,3.077399,-0.021138
427,request_security_seed,3.037145,3.184117,0.146972
427,send_security_key,3.052371,2.824296,-0.228075
427,session_reset,2.989933,2.948613,-0.041320
427,write_target,3.029323,3.090809,0.061486
428,enter_extended_session,3.141349,2.928918,-0.212431
428,read_target_after,3.036516,2.970963,-0.065553
428,read_target_before,3.053908,3.013006,-0.040902
428,request_security_seed,3.225649,3.036473,-0.189176
428,send_security_key,2.826572,3.069298,0.242726
428,session_reset,2.735638,2.994708,0.259070
428,write_target,2.699390,3.146962,0.447572
429,enter_extended_session,3.097070,3.115463,0.018393
429,read_target_after,2.999362,3.066505,0.067143
429,read_target_before,3.104124,3.010283,-0.093841
429,request_security_seed,2.863798,3.009235,0.145437
429,send_security_key,3.059844,3.136974,0.077130
429,session_reset,2.980923,2.736926,-0.243997
429,write_target,2.828946,2.975851,0.146905
430,enter_extended_session,3.179134,2.986257,-0.192877
430,read_target_after,3.263433,3.022295,-0.241138
430,read_target_before,3.016053,3.193754,0.177701
430,request_security_seed,2.995799,3.081591,0.085792
430,send_security_key,3.082124,3.019781,-0.062343
430,session_reset,2.959062,3.005953,0.046891
430,write_target,3.105171,2.908245,-0.196926
431,enter_extended_session,2.985672,2.997012,0.011340
431,read_target_after,3.061521,3.102194,0.040673
431,read_target_before,3.050136,2.993241,-0.056895
431,request_security_seed,3.090225,3.064060,-0.026165
431,send_security_key,3.061241,3.138581,0.077340
431,session_reset,2.691917,2.935832,0.243915
431,write_target,2.986859,3.124263,0.137404
432,enter_extended_session,3.438387,3.113159,-0.325228
432,read_target_after,3.379511,3.015241,-0.364270
432,read_target_before,2.967513,3.025299,0.057786
432,request_security_seed,2.661116,2.887223,0.226107
432,send_security_key,2.962485,2.979203,0.016718
432,session_reset,2.988745,2.802785,-0.185960
432,write_target,3.048600,3.133413,0.084813
433,enter_extended_session,3.023666,3.079775,0.056109
433,read_target_after,3.031139,3.044016,0.012877
433,read_target_before,2.747162,3.057146,0.309984
433,request_security_seed,2.887265,3.145145,0.257880
433,send_security_key,3.349967,2.988003,-0.361964
433,session_reset,2.567947,2.890645,0.322698
433,write_target,2.932382,3.118955,0.186573
434,enter_extended_session,3.054885,3.101216,0.046331
434,read_target_after,2.809391,3.025019,0.215628
434,read_target_before,3.002853,3.078378,0.075525
434,request_security_seed,3.005367,3.112600,0.107233
434,send_security_key,3.081146,3.115672,0.034526
434,session_reset,3.004529,2.985908,-0.018621
434,write_target,3.280684,3.176504,-0.104180
435,enter_extended_session,3.070460,3.109806,0.039346
435,read_target_after,3.069762,3.166097,0.096335
435,read_target_before,2.880839,2.180642,-0.700197
435,request_security_seed,3.030022,3.129221,0.099199
435,send_security_key,3.015005,2.143487,-0.871518
435,session_reset,2.994681,2.947216,-0.047465
435,write_target,3.058867,3.086549,0.027682
436,enter_extended_session,2.925189,3.201438,0.276249
436,read_target_after,3.044060,3.066365,0.022305
436,read_target_before,3.079819,3.102613,0.022794
436,request_security_seed,3.181439,3.044365,-0.137074
436,send_security_key,2.897252,3.104079,0.206827
436,session_reset,2.879862,2.969984,0.090122
436,write_target,2.970027,3.114974,0.144947
437,enter_extended_session,2.882026,3.187538,0.305512
437,read_target_after,3.219154,3.092486,-0.126668
437,read_target_before,3.030860,2.115761,-0.915099
437,request_security_seed,3.074302,3.039337,-0.034965
437,send_security_key,3.100911,2.316622,-0.784289
437,session_reset,2.995310,3.058612,0.063302
437,write_target,2.896204,2.214655,-0.681549
438,enter_extended_session,3.036866,3.139419,0.102553
438,read_target_after,2.929309,3.556997,0.627688
438,read_target_before,3.025482,3.052047,0.026565
438,request_security_seed,2.859049,3.102682,0.243633
438,send_security_key,3.057959,3.048765,-0.009194
438,session_reset,2.707143,3.029558,0.322415
438,write_target,3.197154,2.159551,-1.037603
439,enter_extended_session,3.099375,3.076981,-0.022394
439,read_target_after,3.099305,3.102682,0.003377
439,read_target_before,3.075977,3.072581,-0.003396
439,request_security_seed,3.029673,3.127475,0.097802
439,send_security_key,3.081774,3.114067,0.032293
439,session_reset,2.950053,2.551707,-0.398346
439,write_target,2.952078,3.072650,0.120572
440,enter_extended_session,2.742972,3.212053,0.469081
440,read_target_after,3.093508,2.807185,-0.286323
440,read_target_before,3.041406,3.098283,0.056877
440,request_security_seed,3.042174,2.651719,-0.390455
440,send_security_key,3.049229,3.086898,0.037669
440,session_reset,2.926865,3.142631,0.215766
440,write_target,3.033933,3.258357,0.224424
441,enter_extended_session,3.081704,3.051559,-0.030145
441,read_target_after,3.068016,3.054422,-0.013594
441,read_target_before,3.026879,3.036333,0.009454
441,request_security_seed,3.013050,3.107361,0.094311
441,send_security_key,3.080308,3.096047,0.015739
441,session_reset,2.960878,2.936810,-0.024068
441,write_target,3.097070,3.046810,-0.050260
442,enter_extended_session,3.034631,2.976410,-0.058221
442,read_target_after,3.013329,2.874582,-0.138747
442,read_target_before,2.679485,3.057914,0.378429
442,request_security_seed,3.026739,3.010772,-0.015967
442,send_security_key,3.402768,2.916068,-0.486700
442,session_reset,2.878464,3.012029,0.133565
442,write_target,3.076606,3.284687,0.208081
443,enter_extended_session,3.045526,3.208422,0.162896
443,read_target_after,2.853392,3.051419,0.198027
443,read_target_before,3.043991,2.877236,-0.166755
443,request_security_seed,3.022967,3.188796,0.165829
443,send_security_key,3.075139,3.101914,0.026775
443,session_reset,2.914712,2.799223,-0.115489
443,write_target,3.267763,3.035496,-0.232267
444,enter_extended_session,3.036936,3.055400,0.018464
444,read_target_after,3.102238,2.756062,-0.346176
444,read_target_before,2.801779,3.053514,0.251735
444,request_security_seed,3.081705,3.046041,-0.035664
444,send_security_key,3.258404,2.900074,-0.358330
444,session_reset,3.001456,2.902658,-0.098798
444,write_target,3.073324,3.272256,0.198932
445,enter_extended_session,3.242341,3.089972,-0.152369
445,read_target_after,3.398437,2.999527,-0.398910
445,read_target_before,2.916808,2.983254,0.066446
445,request_security_seed,2.861563,3.049114,0.187551
445,send_security_key,3.036447,3.098003,0.061556
445,session_reset,2.958713,2.870182,-0.088531
445,write_target,3.128499,3.109876,-0.018623
446,enter_extended_session,3.094975,3.066994,-0.027981
446,read_target_after,2.886148,3.026207,0.140059
446,read_target_before,3.044060,2.943585,-0.100475
446,request_security_seed,3.116346,3.054353,-0.061993
446,send_security_key,3.043920,3.085990,0.042070
446,session_reset,2.421140,2.874861,0.453721
446,write_target,3.111178,3.115952,0.004774
447,enter_extended_session,3.253865,3.352853,0.098988
447,read_target_after,3.133667,3.371081,0.237414
447,read_target_before,2.850458,2.989470,0.139012
447,request_security_seed,2.822242,2.799224,-0.023018
447,send_security_key,3.099724,3.096746,-0.002978
447,session_reset,2.941671,2.839313,-0.102358
447,write_target,3.095673,2.692716,-0.402957
448,enter_extended_session,3.015843,2.965515,-0.050328
448,read_target_after,3.103775,3.053375,-0.050400
448,read_target_before,3.085127,3.151711,0.066584
448,request_security_seed,3.345428,3.022436,-0.322992
448,send_security_key,2.723695,3.053515,0.329820
448,session_reset,2.737803,2.759904,0.022101
448,write_target,3.088479,3.033889,-0.054590
449,enter_extended_session,2.992657,3.100238,0.107581
449,read_target_after,2.762667,3.349571,0.586904
449,read_target_before,3.022339,3.125102,0.102763
449,request_security_seed,3.210004,3.054213,-0.155791
449,send_security_key,2.986859,3.047369,0.060510
449,session_reset,2.868896,2.906569,0.037673
449,write_target,3.289694,2.974734,-0.314960
450,enter_extended_session,3.107896,3.028511,-0.079385
450,read_target_after,3.035050,3.107362,0.072312
450,read_target_before,2.968910,3.580465,0.611555
450,request_security_seed,3.052022,3.133482,0.081460
450,send_security_key,3.081076,2.908734,-0.172342
450,session_reset,2.957176,2.623434,-0.333742
450,write_target,3.108314,2.600247,-0.508067
451,enter_extended_session,3.095533,3.099260,0.003727
451,read_target_after,2.657974,2.659402,0.001428
451,read_target_before,3.229071,3.063152,-0.165919
451,request_security_seed,2.970517,3.071743,0.101226
451,send_security_key,2.995520,2.946588,-0.048932
451,session_reset,2.860026,2.932900,0.072874
451,write_target,3.153362,3.446928,0.293566
452,enter_extended_session,3.052790,3.028581,-0.024209
452,read_target_after,3.214265,2.990099,-0.224166
452,read_target_before,2.950402,3.041083,0.090681
452,request_security_seed,3.090504,3.046880,-0.043624
452,send_security_key,3.066618,3.067413,0.000795
452,session_reset,2.992516,2.937090,-0.055426
452,write_target,3.116137,3.058193,-0.057944
453,enter_extended_session,2.836210,3.123216,0.287006
453,read_target_after,3.028345,3.288669,0.260324
453,read_target_before,3.061870,3.020130,-0.041740
453,request_security_seed,2.956129,3.021039,0.064910
453,send_security_key,3.024295,3.162745,0.138450
453,session_reset,3.031488,3.019712,-0.011776
453,write_target,3.099794,3.046880,-0.052914
454,enter_extended_session,3.054187,3.043039,-0.011148
454,read_target_after,3.043571,2.995546,-0.048025
454,read_target_before,3.040707,3.024810,-0.015897
454,request_security_seed,3.077793,3.105197,0.027404
454,send_security_key,3.036727,3.124682,0.087955
454,session_reset,3.013330,2.709548,-0.303782
454,write_target,3.144214,3.032353,-0.111861
455,enter_extended_session,3.044059,3.138929,0.094870
455,read_target_after,3.059286,3.112111,0.052825
455,read_target_before,3.230049,2.950778,-0.279271
455,request_security_seed,3.157623,3.082917,-0.074706
455,send_security_key,3.023875,2.836798,-0.187077
455,session_reset,2.929798,2.919490,-0.010308
455,write_target,2.896135,3.021387,0.125252
456,enter_extended_session,3.077025,3.124403,0.047378
456,read_target_after,3.045666,3.197596,0.151930
456,read_target_before,3.037285,2.914811,-0.122474
456,request_security_seed,3.050066,2.959998,-0.090068
456,send_security_key,3.056562,3.242085,0.185523
456,session_reset,2.931125,2.949661,0.018536
456,write_target,2.931614,3.057216,0.125602
457,enter_extended_session,2.900116,3.128803,0.228687
457,read_target_after,3.062009,2.764792,-0.297217
457,read_target_before,2.947539,2.982905,0.035366
457,request_security_seed,3.089177,3.078448,-0.010729
457,send_security_key,3.221318,3.012867,-0.208451
457,session_reset,3.084498,2.705287,-0.379211
457,write_target,2.988117,3.459220,0.471103
458,enter_extended_session,3.054047,3.103660,0.049613
458,read_target_after,3.116346,2.953013,-0.163333
458,read_target_before,3.119280,3.036404,-0.082876
458,request_security_seed,3.112155,3.044994,-0.067161
458,send_security_key,3.039660,3.073978,0.034318
458,session_reset,2.878884,2.714018,-0.164866
458,write_target,2.983786,2.941350,-0.042436
459,enter_extended_session,3.069901,3.128034,0.058133
459,read_target_after,3.067317,3.030677,-0.036640
459,read_target_before,3.039380,3.181393,0.142013
459,request_security_seed,2.877556,3.042130,0.164574
459,send_security_key,3.068015,3.093044,0.025029
459,session_reset,2.825944,2.901960,0.076016
459,write_target,3.101679,2.918931,-0.182748
460,enter_extended_session,3.060822,2.673650,-0.387172
460,read_target_after,3.116626,3.220854,0.104228
460,read_target_before,2.863519,2.992404,0.128885
460,request_security_seed,2.968630,3.305221,0.336591
460,send_security_key,2.825454,2.897420,0.071966
460,session_reset,2.952008,2.755015,-0.196993
460,write_target,3.063197,3.132505,0.069308
461,enter_extended_session,3.102308,3.087178,-0.015130
461,read_target_after,3.005996,3.016569,0.010573
461,read_target_before,2.991399,3.032702,0.041303
461,request_security_seed,3.015913,3.013356,-0.002557
461,send_security_key,3.091832,3.086690,-0.005142
461,session_reset,2.831321,2.741535,-0.089786
461,write_target,3.140861,3.089972,-0.050889
462,enter_extended_session,3.007393,3.010213,0.002820
462,read_target_after,3.026180,3.100587,0.074407
462,read_target_before,3.052791,3.102682,0.049891
462,request_security_seed,3.058028,3.081311,0.023283
462,send_security_key,3.002574,3.065388,0.062814
462,session_reset,3.053488,2.980391,-0.073097
462,write_target,3.138416,2.804113,-0.334303
463,enter_extended_session,3.098816,3.057915,-0.040901
463,read_target_after,2.992307,3.076632,0.084325
463,read_target_before,2.865125,3.158206,0.293081
463,request_security_seed,3.072346,3.032213,-0.040133
463,send_security_key,3.179902,2.994918,-0.184984
463,session_reset,2.884681,2.926124,0.041443
463,write_target,3.220341,3.094581,-0.125760
464,enter_extended_session,3.058028,3.066296,0.008268
464,read_target_after,3.066549,3.029419,-0.037130
464,read_target_before,2.987209,3.020340,0.033131
464,request_security_seed,3.072136,3.084105,0.011969
464,send_security_key,3.099933,3.135508,0.035575
464,session_reset,2.899836,2.914252,0.014416
464,write_target,3.044200,3.073279,0.029079
465,enter_extended_session,3.051812,3.055261,0.003449
465,read_target_after,2.946211,3.034588,0.088377
465,read_target_before,2.836280,2.646203,-0.190077
465,request_security_seed,3.067946,2.986258,-0.081688
465,send_security_key,3.269719,3.405862,0.136143
465,session_reset,2.939716,3.011401,0.071685
465,write_target,3.088340,3.097444,0.009104
466,enter_extended_session,3.085615,3.063013,-0.022602
466,read_target_after,3.037565,2.991146,-0.046419
466,read_target_before,2.999291,2.983115,-0.016176
466,request_security_seed,3.154131,3.064060,-0.090071
466,send_security_key,3.046015,3.178810,0.132795
466,session_reset,2.864985,2.971591,0.106606
466,write_target,3.103705,3.017546,-0.086159
467,enter_extended_session,3.030999,3.033470,0.002471
467,read_target_after,2.978338,3.050652,0.072314
467,read_target_before,3.016892,2.997293,-0.019599
467,request_security_seed,3.014936,3.297678,0.282742
467,send_security_key,3.120327,2.846925,-0.273402
467,session_reset,2.975475,2.981578,0.006103
467,write_target,3.084498,3.187609,0.103111
468,enter_extended_session,3.065361,3.145496,0.080135
468,read_target_after,2.938669,3.043807,0.105138
468,read_target_before,2.990421,3.029001,0.038580
468,request_security_seed,3.053558,2.920468,-0.133090
468,send_security_key,3.098466,2.711364,-0.387102
468,session_reset,2.987558,2.929478,-0.058080
468,write_target,3.152176,3.104080,-0.048096
469,enter_extended_session,3.434407,2.858169,-0.576238
469,read_target_after,3.004809,2.979693,-0.025116
469,read_target_before,3.040708,2.811027,-0.229681
469,request_security_seed,2.732775,3.081660,0.348885
469,send_security_key,3.095673,3.262409,0.166736
469,session_reset,2.904656,2.743211,-0.161445
469,write_target,3.071507,3.164631,0.093124
470,enter_extended_session,3.109153,2.996245,-0.112908
470,read_target_after,3.073533,3.045693,-0.027840
470,read_target_before,3.264900,3.012937,-0.251963
470,request_security_seed,3.015215,3.174339,0.159124
470,send_security_key,3.043431,3.005534,-0.037897
470,session_reset,2.960809,2.889878,-0.070931
470,write_target,2.864217,3.080543,0.216326
471,enter_extended_session,3.097489,3.070625,-0.026864
471,read_target_after,3.226976,3.001484,-0.225492
471,read_target_before,3.053139,2.763047,-0.290092
471,request_security_seed,3.191985,3.364168,0.172183
471,send_security_key,2.937621,3.019991,0.082370
471,session_reset,2.930078,2.926055,-0.004023
471,write_target,3.060333,2.984861,-0.075472
472,enter_extended_session,3.093787,2.908315,-0.185472
472,read_target_after,3.108384,2.804602,-0.303782
472,read_target_before,2.968980,3.086340,0.117360
472,request_security_seed,2.861842,3.012518,0.150676
472,send_security_key,3.100352,3.153318,0.052966
472,session_reset,2.852693,3.103520,0.250827
472,write_target,3.046924,3.247114,0.200190
473,enter_extended_session,3.058936,3.478496,0.419560
473,read_target_after,2.761479,3.008188,0.246709
473,read_target_before,3.028624,2.984093,-0.044531
473,request_security_seed,3.089038,2.863757,-0.225281
473,send_security_key,2.965138,2.849300,-0.115838
473,session_reset,2.905215,2.784417,-0.120798
473,write_target,3.324754,3.129851,-0.194903
474,enter_extended_session,3.100701,2.824367,-0.276334
474,read_target_after,3.111527,3.043178,-0.068349
474,read_target_before,3.015355,3.000575,-0.014780
474,request_security_seed,2.859468,3.092696,0.233228
474,send_security_key,2.930288,3.084594,0.154306
474,session_reset,2.919322,3.036194,0.116872
474,write_target,3.106079,3.117559,0.011480
475,enter_extended_session,3.281872,3.088575,-0.193297
475,read_target_after,2.931893,3.225114,0.293221
475,read_target_before,2.862960,2.739440,-0.123520
475,request_security_seed,2.844522,3.264295,0.419773
475,send_security_key,3.022479,2.793148,-0.229331
475,session_reset,2.855278,2.988842,0.133564
475,write_target,3.191356,3.045134,-0.146222
476,enter_extended_session,3.039241,2.973826,-0.065415
476,read_target_after,3.060682,3.114206,0.053524
476,read_target_before,2.809321,3.016430,0.207109
476,request_security_seed,3.112156,3.079914,-0.032242
476,send_security_key,3.226418,3.086899,-0.139519
476,session_reset,2.938109,2.810748,-0.127361
476,write_target,3.154270,3.086829,-0.067441
477,enter_extended_session,2.846477,3.319539,0.473062
477,read_target_after,3.004460,3.097235,0.092775
477,read_target_before,3.075908,3.000227,-0.075681
477,request_security_seed,3.024155,2.912296,-0.111859
477,send_security_key,3.054187,2.987515,-0.066672
477,session_reset,3.117044,2.837916,-0.279128
477,write_target,3.084149,2.212700,-0.871449
478,enter_extended_session,3.180531,3.047089,-0.133442
478,read_target_after,3.094137,3.099819,0.005682
478,read_target_before,3.038263,3.025369,-0.012894
478,request_security_seed,2.952497,3.088226,0.135729
478,send_security_key,3.048321,3.151292,0.102971
478,session_reset,2.972681,2.966702,-0.005979
478,write_target,3.080028,2.921236,-0.158792
479,enter_extended_session,2.993006,3.087527,0.094521
479,read_target_after,3.051184,3.036892,-0.014292
479,read_target_before,3.021152,3.027673,0.006521
479,request_security_seed,3.054327,3.218828,0.164501
479,send_security_key,3.090575,2.869484,-0.221091
479,session_reset,2.886148,2.958671,0.072523
479,write_target,3.093019,3.004277,-0.088742
480,enter_extended_session,3.143864,3.007909,-0.135955
480,read_target_after,3.143864,3.084595,-0.059269
480,read_target_before,2.859957,3.048276,0.188319
480,request_security_seed,3.043501,3.081731,0.038230
480,send_security_key,3.199947,3.023483,-0.176464
480,session_reset,2.946840,3.017407,0.070567
480,write_target,3.070530,3.107921,0.037391
481,enter_extended_session,3.111667,3.088295,-0.023372
481,read_target_after,3.043571,3.052397,0.008826
481,read_target_before,3.062289,3.073769,0.011480
481,request_security_seed,3.061241,3.020829,-0.040412
481,send_security_key,3.106988,3.068670,-0.038318
481,session_reset,2.807505,2.720932,-0.086573
481,write_target,3.049158,3.082569,0.033411
482,enter_extended_session,3.050346,3.007420,-0.042926
482,read_target_after,2.987837,3.127057,0.139220
482,read_target_before,2.778171,2.991776,0.213605
482,request_security_seed,3.000479,3.139838,0.139359
482,send_security_key,3.335999,2.907408,-0.428591
482,session_reset,3.001526,2.949243,-0.052283
482,write_target,3.077304,3.022296,-0.055008
483,enter_extended_session,3.132270,3.089413,-0.042857
483,read_target_after,3.049717,3.298657,0.248940
483,read_target_before,3.163769,3.112042,-0.051727
483,request_security_seed,3.063476,3.034588,-0.028888
483,send_security_key,2.894389,3.074956,0.180567
483,session_reset,2.978898,2.896373,-0.082525
483,write_target,2.882795,3.059940,0.177145
484,enter_extended_session,3.188423,3.075446,-0.112977
484,read_target_after,3.050555,3.105547,0.054992
484,read_target_before,2.983717,3.047788,0.064071
484,request_security_seed,3.064175,3.385399,0.321224
484,send_security_key,3.077514,2.743701,-0.333813
484,session_reset,2.845150,2.533759,-0.311391
484,write_target,3.069134,3.110855,0.041721
485,enter_extended_session,2.769931,3.269254,0.499323
485,read_target_after,2.959551,3.286016,0.326465
485,read_target_before,3.314837,3.126359,-0.188478
485,request_security_seed,3.112296,2.755853,-0.356443
485,send_security_key,2.903399,3.021598,0.118199
485,session_reset,3.226138,2.976411,-0.249727
485,write_target,2.923583,3.053585,0.130002
486,enter_extended_session,2.969259,3.116861,0.147602
486,read_target_after,2.924630,3.021528,0.096898
486,read_target_before,3.115647,3.011610,-0.104037
486,request_security_seed,3.198132,2.995198,-0.202934
486,send_security_key,2.937551,3.012029,0.074478
486,session_reset,2.918414,2.736367,-0.182047
486,write_target,3.186258,3.147031,-0.039227
487,enter_extended_session,2.865544,2.877935,0.012391
487,read_target_after,3.016333,3.091788,0.075455
487,read_target_before,3.102168,3.024880,-0.077288
487,request_security_seed,3.181858,3.053096,-0.128762
487,send_security_key,3.093997,3.091229,-0.002768
487,session_reset,3.148055,3.154993,0.006938
487,write_target,2.896903,3.119235,0.222332
488,enter_extended_session,3.092740,2.942329,-0.150411
488,read_target_after,3.006345,2.868716,-0.137629
488,read_target_before,2.513191,3.056797,0.543606
488,request_security_seed,3.145121,3.074676,-0.070445
488,send_security_key,2.982110,3.044296,0.062186
488,session_reset,2.646240,2.855097,0.208857
488,write_target,3.181439,3.073978,-0.107461
489,enter_extended_session,3.047622,3.408307,0.360685
489,read_target_after,3.059984,3.024601,-0.035383
489,read_target_before,3.022549,3.022785,0.000236
489,request_security_seed,2.926237,2.548147,-0.378090
489,send_security_key,3.103636,3.097795,-0.005841
489,session_reset,2.951519,2.915160,-0.036359
489,write_target,3.041546,3.085083,0.043537
490,enter_extended_session,3.061660,3.066366,0.004706
490,read_target_after,2.889010,3.036823,0.147813
490,read_target_before,3.088898,2.923611,-0.165287
490,request_security_seed,3.096371,3.033331,-0.063040
490,send_security_key,3.070600,3.236917,0.166317
490,session_reset,2.927005,2.963560,0.036555
490,write_target,3.274259,3.071115,-0.203144
491,enter_extended_session,3.102867,3.080753,-0.022114
491,read_target_after,3.071927,3.095071,0.023144
491,read_target_before,2.987767,2.973896,-0.013871
491,request_security_seed,3.064873,3.020550,-0.044323
491,send_security_key,3.050066,2.995268,-0.054798
491,session_reset,2.908985,2.957204,0.048219
491,write_target,3.145191,3.044505,-0.100686
492,enter_extended_session,3.049787,3.086829,0.037042
492,read_target_after,3.035539,3.333787,0.298248
492,read_target_before,3.094067,3.020061,-0.074006
492,request_security_seed,3.064943,3.073560,0.008617
492,send_security_key,3.110340,3.000226,-0.110114
492,session_reset,2.942301,2.857611,-0.084690
492,write_target,3.070251,2.890227,-0.180024
493,enter_extended_session,3.079330,3.063502,-0.015828
493,read_target_after,2.740248,3.067973,0.327725
493,read_target_before,2.802267,3.045413,0.243146
493,request_security_seed,3.049228,3.081033,0.031805
493,send_security_key,3.250792,3.030956,-0.219836
493,session_reset,2.961786,2.619314,-0.342472
493,write_target,3.075070,3.060988,-0.014082
494,enter_extended_session,3.044060,3.287203,0.243143
494,read_target_after,3.067318,3.021319,-0.045999
494,read_target_before,3.036447,2.839662,-0.196785
494,request_security_seed,3.094066,2.869275,-0.224791
494,send_security_key,2.688285,3.056519,0.368234
494,session_reset,2.966954,2.913693,-0.053261
494,write_target,3.065222,3.134531,0.069309
495,enter_extended_session,3.082962,2.978575,-0.104387
495,read_target_after,3.027158,3.053654,0.026496
495,read_target_before,3.055164,2.861941,-0.193223
495,request_security_seed,3.266716,3.086061,-0.180655
495,send_security_key,2.782990,3.216105,0.433115
495,session_reset,3.000758,3.008258,0.007500
495,write_target,3.059006,3.076981,0.017975
496,enter_extended_session,3.032745,2.997852,-0.034893
496,read_target_after,2.857791,3.272117,0.414326
496,read_target_before,3.070181,3.102195,0.032014
496,request_security_seed,3.159159,3.318352,0.159193
496,send_security_key,3.037285,2.917116,-0.120169
496,session_reset,2.996777,2.768424,-0.228353
496,write_target,3.236265,3.090322,-0.145943
497,enter_extended_session,2.833277,2.887992,0.054715
497,read_target_after,3.109013,3.055890,-0.053123
497,read_target_before,3.047622,2.987585,-0.060037
497,request_security_seed,3.096371,3.058753,-0.037618
497,send_security_key,3.046994,3.059242,0.012248
497,session_reset,2.915621,2.684057,-0.231564
497,write_target,3.069901,3.100797,0.030896
498,enter_extended_session,3.075000,3.028233,-0.046767
498,read_target_after,3.054117,2.996525,-0.057592
498,read_target_before,3.057539,3.110156,0.052617
498,request_security_seed,3.064174,3.059870,-0.004304
498,send_security_key,3.082682,3.000436,-0.082246
498,session_reset,2.892293,2.934017,0.041724
498,write_target,3.062987,3.130829,0.067842
499,enter_extended_session,3.088479,3.010912,-0.077567
499,read_target_after,3.025063,3.066785,0.041722
499,read_target_before,2.919042,3.053026,0.133984
499,request_security_seed,3.275027,3.051070,-0.223957
499,send_security_key,2.924840,3.062664,0.137824
499,session_reset,2.953056,2.997852,0.044796
499,write_target,2.923233,3.040805,0.117572
500,enter_extended_session,3.109292,3.082709,-0.026583
500,read_target_after,2.935176,2.763117,-0.172059
500,read_target_before,3.192963,3.031655,-0.161308
500,request_security_seed,3.026111,3.074956,0.048845
500,send_security_key,3.052092,3.093744,0.041652
500,session_reset,2.944396,2.956297,0.011901
500,write_target,3.022269,3.292371,0.270102
501,enter_extended_session,3.073114,3.062874,-0.010240
501,read_target_after,3.016053,3.025649,0.009596
501,read_target_before,3.000967,2.677352,-0.323615
501,request_security_seed,3.018568,3.056937,0.038369
501,send_security_key,3.069692,4.368620,1.298928
501,session_reset,2.536239,2.800621,0.264382
501,write_target,3.184652,3.028093,-0.156559
502,enter_extended_session,2.980434,3.097096,0.116662
502,read_target_after,3.056841,2.671485,-0.385356
502,read_target_before,2.997265,3.107223,0.109958
502,request_security_seed,3.081006,3.056868,-0.024138
502,send_security_key,3.055444,3.046181,-0.009263
502,session_reset,3.023596,2.872347,-0.151249
502,write_target,3.130944,3.491348,0.360404
503,enter_extended_session,3.153572,3.108131,-0.045441
503,read_target_after,3.236265,3.123286,-0.112979
503,read_target_before,3.060543,2.731897,-0.328646
503,request_security_seed,2.988605,3.064620,0.076015
503,send_security_key,3.018358,3.371501,0.353143
503,session_reset,2.910382,2.942328,0.031946
503,write_target,3.113622,3.078937,-0.034685
504,enter_extended_session,3.034073,3.069718,0.035645
504,read_target_after,3.051114,2.989750,-0.061364
504,read_target_before,3.040358,3.313464,0.273106
504,request_security_seed,3.149522,2.867808,-0.281714
504,send_security_key,3.082123,2.918304,-0.163819
504,session_reset,2.743530,2.850278,0.106748
504,write_target,3.037984,2.746215,-0.291769
505,enter_extended_session,3.098816,3.279172,0.180356
505,read_target_after,3.125146,3.108410,-0.016736
505,read_target_before,3.086384,3.052677,-0.033707
505,request_security_seed,2.896624,2.865574,-0.031050
505,send_security_key,3.075209,3.043458,-0.031751
505,session_reset,2.720133,2.728824,0.008691
505,write_target,3.075769,3.085433,0.009664
506,enter_extended_session,2.171176,2.878144,0.706968
506,read_target_after,3.021221,3.053794,0.032573
506,read_target_before,3.004530,3.161210,0.156680
506,request_security_seed,3.107546,3.138861,0.031315
506,send_security_key,3.123680,3.029769,-0.093911
506,session_reset,2.888801,2.983953,0.095152
506,write_target,3.082193,2.976341,-0.105852
507,enter_extended_session,3.079959,2.922494,-0.157465
507,read_target_after,2.974078,3.075865,0.101787
507,read_target_before,3.101400,3.036334,-0.065066
507,request_security_seed,3.051743,3.086201,0.034458
507,send_security_key,3.050974,3.047090,-0.003884
507,session_reset,2.972891,2.985840,0.012949
507,write_target,2.848991,3.121750,0.272759
508,enter_extended_session,3.177598,3.015801,-0.161797
508,read_target_after,3.103635,3.035985,-0.067650
508,read_target_before,2.995310,3.010983,0.015673
508,request_security_seed,3.032047,2.938417,-0.093630
508,send_security_key,3.121305,3.035566,-0.085739
508,session_reset,2.894319,2.894068,-0.000251
508,write_target,3.080308,3.051420,-0.028888
509,enter_extended_session,3.197642,3.261501,0.063859
509,read_target_after,2.974846,3.094931,0.120085
509,read_target_before,3.083451,3.046671,-0.036780
509,request_security_seed,2.861005,2.837986,-0.023019
509,send_security_key,3.024435,3.049186,0.024751
509,session_reset,3.067596,2.882195,-0.185401
509,write_target,3.088410,3.120213,0.031803
510,enter_extended_session,3.040219,3.070207,0.029988
510,read_target_after,3.051114,2.886456,-0.164658
510,read_target_before,3.180112,3.287272,0.107160
510,request_security_seed,3.101749,3.082569,-0.019180
510,send_security_key,3.098327,2.986189,-0.112138
510,session_reset,2.979945,2.852025,-0.127920
510,write_target,2.835651,2.865923,0.030272
511,enter_extended_session,3.103215,3.106524,0.003309
511,read_target_after,3.257078,3.234194,-0.022884
511,read_target_before,3.041196,2.897491,-0.143705
511,request_security_seed,3.088270,2.989052,-0.099218
511,send_security_key,3.049228,3.062175,0.012947
511,session_reset,2.874204,2.965167,0.090963
511,write_target,3.031977,3.058194,0.026217
512,enter_extended_session,3.108873,3.085363,-0.023510
512,read_target_after,3.095114,3.052398,-0.042716
512,read_target_before,2.828946,2.771567,-0.057379
512,request_security_seed,3.107476,3.085153,-0.022323
512,send_security_key,3.271535,3.341609,0.070074
512,session_reset,2.761619,2.665968,-0.095651
512,write_target,3.111388,3.113788,0.002400
513,enter_extended_session,3.012072,2.784767,-0.227305
513,read_target_after,2.973869,3.006931,0.033062
513,read_target_before,3.086384,3.108830,0.022446
513,request_security_seed,2.141004,3.058754,0.917750
513,send_security_key,2.234941,3.096328,0.861387
513,session_reset,2.890408,3.192359,0.301951
513,write_target,3.133667,3.131458,-0.002209
514,enter_extended_session,3.102168,2.871859,-0.230309
514,read_target_after,3.126962,3.073280,-0.053682
514,read_target_before,3.045456,3.065668,0.020212
514,request_security_seed,3.051812,3.119027,0.067215
514,send_security_key,3.048809,2.948754,-0.100055
514,session_reset,2.974776,2.937999,-0.036777
514,write_target,3.045038,3.116651,0.071613
515,enter_extended_session,3.058517,3.213871,0.155354
515,read_target_after,3.105521,3.019433,-0.086088
515,read_target_before,3.054745,3.253400,0.198655
515,request_security_seed,3.061590,2.793916,-0.267674
515,send_security_key,3.045876,3.125871,0.079995
515,session_reset,2.956059,2.927382,-0.028677
515,write_target,3.122282,2.909364,-0.212918
516,enter_extended_session,3.116765,3.107851,-0.008914
516,read_target_after,3.050136,2.970126,-0.080010
516,read_target_before,3.384609,3.004418,-0.380191
516,request_security_seed,2.148546,3.023274,0.874728
516,send_security_key,3.121305,3.107921,-0.013384
516,session_reset,2.815817,2.908037,0.092220
516,write_target,2.781733,3.116931,0.335198
517,enter_extended_session,2.990352,2.861313,-0.129039
517,read_target_after,3.042523,2.910202,-0.132321
517,read_target_before,3.104613,3.008608,-0.096005
517,request_security_seed,3.037774,3.060150,0.022376
517,send_security_key,3.055164,3.056658,0.001494
517,session_reset,2.991260,3.203534,0.212274
517,write_target,3.070740,3.344403,0.273663
518,enter_extended_session,3.057330,3.006233,-0.051097
518,read_target_after,3.070460,3.136627,0.066167
518,read_target_before,3.073114,3.047719,-0.025395
518,request_security_seed,3.077654,3.108970,0.031316
518,send_security_key,3.060194,3.097585,0.037391
518,session_reset,2.942650,2.858869,-0.083781
518,write_target,3.017171,3.126639,0.109468
519,enter_extended_session,3.091273,3.070696,-0.020577
519,read_target_after,2.100635,2.980950,0.880315
519,read_target_before,3.018986,3.189286,0.170300
519,request_security_seed,3.017240,3.022296,0.005056
519,send_security_key,3.091692,3.071814,-0.019878
519,session_reset,2.990211,2.945682,-0.044529
519,write_target,3.097420,2.948545,-0.148875
520,enter_extended_session,3.083450,2.805022,-0.278428
520,read_target_after,3.112295,3.001903,-0.110392
520,read_target_before,3.062568,3.034798,-0.027770
520,request_security_seed,3.128568,3.193407,0.064839
520,send_security_key,3.094975,2.933668,-0.161307
520,session_reset,2.992796,2.896723,-0.096073
520,write_target,3.124448,3.114417,-0.010031
